ISO-10303-21;
HEADER;
FILE_DESCRIPTION(('Open CASCADE Model'),'2;1');
FILE_NAME('Open CASCADE Shape Model','2026-08-16T23:33:06',('Author'),(
    'Open CASCADE'),'Open CASCADE STEP processor 7.8','Open CASCADE 7.8'
  ,'Unknown');
FILE_SCHEMA(('AUTOMOTIVE_DESIGN { 1 0 10303 214 1 1 1 1 }'));
ENDSEC;
DATA;
#1 = APPLICATION_PROTOCOL_DEFINITION('international standard',
  'automotive_design',2000,#2);
#2 = APPLICATION_CONTEXT(
  'core data for automotive mechanical design processes');
#3 = SHAPE_DEFINITION_REPRESENTATION(#4,#10);
#4 = PRODUCT_DEFINITION_SHAPE('','',#5);
#5 = PRODUCT_DEFINITION('design','',#6,#9);
#6 = PRODUCT_DEFINITION_FORMATION('','',#7);
#7 = PRODUCT('Open CASCADE STEP translator 7.8 55',
  'Open CASCADE STEP translator 7.8 55','',(#8));
#8 = PRODUCT_CONTEXT('',#2,'mechanical');
#9 = PRODUCT_DEFINITION_CONTEXT('part definition',#2,'design');
#10 = ADVANCED_BREP_SHAPE_REPRESENTATION('',(#11,#15),#2167);
#11 = AXIS2_PLACEMENT_3D('',#12,#13,#14);
#12 = CARTESIAN_POINT('',(0.,0.,0.));
#13 = DIRECTION('',(0.,0.,1.));
#14 = DIRECTION('',(1.,0.,-0.));
#15 = MANIFOLD_SOLID_BREP('',#16);
#16 = CLOSED_SHELL('',(#17,#1073,#1574,#2160));
#17 = ADVANCED_FACE('',(#18,#503),#179,.F.);
#18 = FACE_BOUND('',#19,.F.);
#19 = EDGE_LOOP('',(#20));
#20 = ORIENTED_EDGE('',*,*,#21,.T.);
#21 = EDGE_CURVE('',#22,#22,#24,.T.);
#22 = VERTEX_POINT('',#23);
#23 = CARTESIAN_POINT('',(55.,0.,107.5572809));
#24 = SURFACE_CURVE('',#25,(#178,#339),.PCURVE_S1.);
#25 = B_SPLINE_CURVE_WITH_KNOTS('',7,(#26,#27,#28,#29,#30,#31,#32,#33,
    #34,#35,#36,#37,#38,#39,#40,#41,#42,#43,#44,#45,#46,#47,#48,#49,#50,
    #51,#52,#53,#54,#55,#56,#57,#58,#59,#60,#61,#62,#63,#64,#65,#66,#67,
    #68,#69,#70,#71,#72,#73,#74,#75,#76,#77,#78,#79,#80,#81,#82,#83,#84,
    #85,#86,#87,#88,#89,#90,#91,#92,#93,#94,#95,#96,#97,#98,#99,#100,
    #101,#102,#103,#104,#105,#106,#107,#108,#109,#110,#111,#112,#113,
    #114,#115,#116,#117,#118,#119,#120,#121,#122,#123,#124,#125,#126,
    #127,#128,#129,#130,#131,#132,#133,#134,#135,#136,#137,#138,#139,
    #140,#141,#142,#143,#144,#145,#146,#147,#148,#149,#150,#151,#152,
    #153,#154,#155,#156,#157,#158,#159,#160,#161,#162,#163,#164,#165,
    #166,#167,#168,#169,#170,#171,#172,#173,#174,#175,#176,#177),
  .UNSPECIFIED.,.T.,.F.,(8,6,6,6,6,6,6,6,6,6,6,6,6,6,6,6,6,6,6,6,6,6,6,6
    ,6,8),(0.,5.247992936868E-02,0.106972455992,0.164436251018,
    0.188880363248,0.210640134728,0.250449654281,0.288849029701,
    0.311190536008,0.336404782771,0.392762589645,0.447711902433,
    0.465679237409,0.499878725671,0.552082740856,0.607623163412,
    0.664061750497,0.68852024987,0.710291493973,0.750121821443,
    0.777063077485,0.811161782585,0.83637542087,0.892733057824,
    0.947684186262,1.),.UNSPECIFIED.);
#26 = CARTESIAN_POINT('',(55.,-1.42108547152E-14,107.5572809));
#27 = CARTESIAN_POINT('',(55.,-2.044861726429,107.5572809));
#28 = CARTESIAN_POINT('',(54.867501041418,-4.09005149974,107.47580486863
    ));
#29 = CARTESIAN_POINT('',(54.60242688587,-6.125744504408,107.312805536)
  );
#30 = CARTESIAN_POINT('',(54.206508579844,-8.143281327655,
    107.07105280061));
#31 = CARTESIAN_POINT('',(53.682531685613,-10.13504090702,
    106.75567069666));
#32 = CARTESIAN_POINT('',(53.033935429813,-12.09431188235,
    106.37335495752));
#33 = CARTESIAN_POINT('',(51.465484124431,-16.00973086805,
    105.47321391799));
#34 = CARTESIAN_POINT('',(50.536112402782,-17.96304722039,
    104.95071507263));
#35 = CARTESIAN_POINT('',(49.480013500994,-19.86973060261,
    104.37251615416));
#36 = CARTESIAN_POINT('',(48.300670304416,-21.72531799636,
    103.74771565601));
#37 = CARTESIAN_POINT('',(47.000954641728,-23.52593936064,
    103.08558809003));
#38 = CARTESIAN_POINT('',(45.582900437138,-25.26813206915,
    102.39523390567));
#39 = CARTESIAN_POINT('',(42.427458089045,-28.72068710711,
    100.93703074606));
#40 = CARTESIAN_POINT('',(40.677533431529,-30.42341283446,
    100.16731351931));
#41 = CARTESIAN_POINT('',(38.797724770814,-32.0534140587,99.386540959263
    ));
#42 = CARTESIAN_POINT('',(36.788095763605,-33.60565911596,
    98.605280384875));
#43 = CARTESIAN_POINT('',(34.648745972733,-35.07376705069,
    97.834606848465));
#44 = CARTESIAN_POINT('',(32.380007494218,-36.45011219395,
    97.086065343589));
#45 = CARTESIAN_POINT('',(28.962395799353,-38.26834766574,
    96.067783935865));
#46 = CARTESIAN_POINT('',(27.919289039481,-38.79265978688,
    95.770120318573));
#47 = CARTESIAN_POINT('',(26.853147116517,-39.29793067827,
    95.479632258307));
#48 = CARTESIAN_POINT('',(25.764205331959,-39.78335531937,
    95.197303342661));
#49 = CARTESIAN_POINT('',(24.652809526857,-40.24806656289,
    94.924144959314));
#50 = CARTESIAN_POINT('',(23.51943478696,-40.69115001691,94.661185517911
    ));
#51 = CARTESIAN_POINT('',(21.336787795449,-41.48599302449,
    94.185369130096));
#52 = CARTESIAN_POINT('',(20.291956502457,-41.84243483708,
    93.970183208726));
#53 = CARTESIAN_POINT('',(19.230673852423,-42.18031400314,
    93.764627948068));
#54 = CARTESIAN_POINT('',(18.153514099385,-42.49893535755,
    93.569437437175));
#55 = CARTESIAN_POINT('',(17.06117782736,-42.797594418,93.3853386815));
#56 = CARTESIAN_POINT('',(15.954507163095,-43.07559454883,
    93.213037157965));
#57 = CARTESIAN_POINT('',(12.785458063716,-43.80185139112,
    92.760774348145));
#58 = CARTESIAN_POINT('',(10.691176393022,-44.20019302769,
    92.509977629945));
#59 = CARTESIAN_POINT('',(8.558640891074,-44.52291711691,92.30505862584)
  );
#60 = CARTESIAN_POINT('',(6.395885030112,-44.76636195714,92.149598130856
    ));
#61 = CARTESIAN_POINT('',(4.212066120619,-44.92774827808,92.046255337036
    ));
#62 = CARTESIAN_POINT('',(2.017571729912,-45.00550756057,91.996474008958
    ));
#63 = CARTESIAN_POINT('',(-2.29155505745,-44.9942357152,92.003690348809)
  );
#64 = CARTESIAN_POINT('',(-4.407081554503,-44.91101310073,
    92.056969489394));
#65 = CARTESIAN_POINT('',(-6.51194177251,-44.75011773848,92.159958212224
    ));
#66 = CARTESIAN_POINT('',(-8.596850811415,-44.51301415452,92.31130230079
    ));
#67 = CARTESIAN_POINT('',(-10.65360088807,-44.20221026652,
    92.508601670991));
#68 = CARTESIAN_POINT('',(-12.67497304564,-43.82097944147,
    92.748658801989));
#69 = CARTESIAN_POINT('',(-15.80650544322,-43.11268928744,
    93.190041642633));
#70 = CARTESIAN_POINT('',(-16.94440198057,-42.82960495719,93.36560844945
    ));
#71 = CARTESIAN_POINT('',(-18.0672651413,-42.52467728686,93.553677381603
    ));
#72 = CARTESIAN_POINT('',(-19.17417362614,-42.19865977715,
    93.753486323485));
#73 = CARTESIAN_POINT('',(-20.26436389384,-41.85231549145,
    93.964248535228));
#74 = CARTESIAN_POINT('',(-21.33721282347,-41.48639740432,
    94.185169207985));
#75 = CARTESIAN_POINT('',(-23.58289224214,-40.66739426808,
    94.675357651312));
#76 = CARTESIAN_POINT('',(-24.75082763129,-40.2091556298,94.947186623863
    ));
#77 = CARTESIAN_POINT('',(-25.89534703028,-39.7279530176,95.229814247131
    ));
#78 = CARTESIAN_POINT('',(-27.01593717514,-39.2247877969,95.52211236351)
  );
#79 = CARTESIAN_POINT('',(-28.11222896839,-38.70060749317,
    95.822972496391));
#80 = CARTESIAN_POINT('',(-29.1839759389,-38.15628873897,96.131318137979
    ));
#81 = CARTESIAN_POINT('',(-32.57138338591,-36.33273943419,97.14972570165
    ));
#82 = CARTESIAN_POINT('',(-34.78761368932,-34.97662126473,
    97.885317420083));
#83 = CARTESIAN_POINT('',(-36.87935880437,-33.53264289759,
    98.641583852455));
#84 = CARTESIAN_POINT('',(-38.84633200755,-32.00793880613,
    99.407658879796));
#85 = CARTESIAN_POINT('',(-40.68844046525,-30.40849392475,
    100.17310730198));
#86 = CARTESIAN_POINT('',(-42.40561070756,-28.73905024425,
    100.92795585484));
#87 = CARTESIAN_POINT('',(-45.54943775088,-25.30998026084,
    102.37880522366));
#88 = CARTESIAN_POINT('',(-46.98169777063,-23.5542880993,103.07553544427
    ));
#89 = CARTESIAN_POINT('',(-48.29366080826,-21.73912855423,
    103.74370042849));
#90 = CARTESIAN_POINT('',(-49.48324555265,-19.86804975753,
    104.37396895393));
#91 = CARTESIAN_POINT('',(-50.54750665092,-17.94501893381,
    104.95682785387));
#92 = CARTESIAN_POINT('',(-51.48286763982,-15.97461453481,
    105.48294630014));
#93 = CARTESIAN_POINT('',(-52.54803675194,-13.3044366712,106.09457971689
    ));
#94 = CARTESIAN_POINT('',(-52.79630525758,-12.64204827236,
    106.23831225986));
#95 = CARTESIAN_POINT('',(-53.03023885473,-11.97544216083,106.3747668199
    ));
#96 = CARTESIAN_POINT('',(-53.24970031912,-11.30484825431,
    106.50365522381));
#97 = CARTESIAN_POINT('',(-53.45455408291,-10.63051334448,
    106.62470317439));
#98 = CARTESIAN_POINT('',(-53.64466920131,-9.952702270166,
    106.73765389247));
#99 = CARTESIAN_POINT('',(-54.15350361838,-7.975460094009,
    107.04140410151));
#100 = CARTESIAN_POINT('',(-54.43325800281,-6.667584430124,
    107.21035725678));
#101 = CARTESIAN_POINT('',(-54.65829863393,-5.350129296513,
    107.34748612217));
#102 = CARTESIAN_POINT('',(-54.82789996219,-4.025281074774,
    107.4514571382));
#103 = CARTESIAN_POINT('',(-54.94152852003,-2.695363257973,
    107.52132585831));
#104 = CARTESIAN_POINT('',(-54.99888926816,-1.362844246722,
    107.55659789045));
#105 = CARTESIAN_POINT('',(-55.00166389006,2.003656479792,
    107.55830405679));
#106 = CARTESIAN_POINT('',(-54.87224524611,4.038076488141,
    107.47872223929));
#107 = CARTESIAN_POINT('',(-54.61164354424,6.063248696178,
    107.31845905576));
#108 = CARTESIAN_POINT('',(-54.22153985671,8.070638862594,
    107.08020339409));
#109 = CARTESIAN_POINT('',(-53.70465596985,10.05272381795,
    106.76895623148));
#110 = CARTESIAN_POINT('',(-53.06436424371,12.002868244204,
    106.39127247272));
#111 = CARTESIAN_POINT('',(-51.4957629091,15.949801786044,
    105.49013169529));
#112 = CARTESIAN_POINT('',(-50.55160249592,17.941754339522,
    104.95886704237));
#113 = CARTESIAN_POINT('',(-49.47575104087,19.885338632725,
    104.36957816271));
#114 = CARTESIAN_POINT('',(-48.27190371667,21.775830674829,
    103.73190167458));
#115 = CARTESIAN_POINT('',(-46.94309698646,23.609139183623,
    103.05566304608));
#116 = CARTESIAN_POINT('',(-45.49146822045,25.381605249007,
    102.35049461747));
#117 = CARTESIAN_POINT('',(-42.31814382339,28.825480031628,
    100.88925580752));
#118 = CARTESIAN_POINT('',(-40.59308761556,30.494110603195,
    100.13283546366));
#119 = CARTESIAN_POINT('',(-38.74276231052,32.092389022903,
    99.366156374758));
#120 = CARTESIAN_POINT('',(-36.767222455,33.61552460575,98.599238209337)
  );
#121 = CARTESIAN_POINT('',(-34.66655980339,35.057465133763,
    97.842573940116));
#122 = CARTESIAN_POINT('',(-32.44108336909,36.410993514429,
    97.107097063906));
#123 = CARTESIAN_POINT('',(-29.07287167578,38.212228582037,
    96.099564133752));
#124 = CARTESIAN_POINT('',(-28.03131223729,38.738541147514,
    95.801105744171));
#125 = CARTESIAN_POINT('',(-26.96667692588,39.245852027403,
    95.509756487775));
#126 = CARTESIAN_POINT('',(-25.87919555816,39.733358630402,
    95.226499887626));
#127 = CARTESIAN_POINT('',(-24.76920731154,40.200195853594,
    94.952347525455));
#128 = CARTESIAN_POINT('',(-23.63717929036,40.645450793188,
    94.688328434393));
#129 = CARTESIAN_POINT('',(-21.45700784324,41.444462577146,
    94.210401167442));
#130 = CARTESIAN_POINT('',(-20.41332231279,41.802894163297,
    93.994176368377));
#131 = CARTESIAN_POINT('',(-19.35312506455,42.142802454723,
    93.787530900805));
#132 = CARTESIAN_POINT('',(-18.27698289613,42.463492213409,
    93.591200125705));
#133 = CARTESIAN_POINT('',(-17.18558845766,42.764258081105,
    93.405912961117));
#134 = CARTESIAN_POINT('',(-16.07977548428,43.044401647688,
    93.232377533881));
#135 = CARTESIAN_POINT('',(-12.91289949216,43.776816908992,
    92.776505867121));
#136 = CARTESIAN_POINT('',(-10.81971980511,44.179253871173,
    92.523235082262));
#137 = CARTESIAN_POINT('',(-8.687919654422,44.506170439044,
    92.315721987645));
#138 = CARTESIAN_POINT('',(-6.525484699284,44.753873078394,
    92.157580187712));
#139 = CARTESIAN_POINT('',(-4.341539275779,44.919539167023,
    92.051511424374));
#140 = CARTESIAN_POINT('',(-2.146456347407,45.00154971655,
    91.999007853701));
#141 = CARTESIAN_POINT('',(1.532326508336,44.998923045623,
    92.000689478539));
#142 = CARTESIAN_POINT('',(3.016665770173,44.959625191693,
    92.025848374636));
#143 = CARTESIAN_POINT('',(4.497516442213,44.882087322537,92.07548732152
    ));
#144 = CARTESIAN_POINT('',(5.971593147101,44.766642619166,
    92.149295782995));
#145 = CARTESIAN_POINT('',(7.435812579827,44.613906517452,
    92.246688356289));
#146 = CARTESIAN_POINT('',(8.887284780796,44.424738480381,
    92.366838641812));
#147 = CARTESIAN_POINT('',(12.140834475139,43.916050468544,
    92.68827587861));
#148 = CARTESIAN_POINT('',(13.933772272747,43.575225942864,
    92.902654107898));
#149 = CARTESIAN_POINT('',(15.696870540415,43.17988133707,
    93.149781601697));
#150 = CARTESIAN_POINT('',(17.425959187281,42.732567709532,
    93.427148988316));
#151 = CARTESIAN_POINT('',(19.117768915603,42.236014940631,
    93.732005655628));
#152 = CARTESIAN_POINT('',(20.769796088638,41.692956215776,
    94.061511396893));
#153 = CARTESIAN_POINT('',(23.571001686915,40.672008601494,
    94.672616823278));
#154 = CARTESIAN_POINT('',(24.739067656473,40.213999918511,
    94.944333184864));
#155 = CARTESIAN_POINT('',(25.883724549957,39.73302275401,
    95.226855074122));
#156 = CARTESIAN_POINT('',(27.004458234104,39.230078614905,
    95.519054429416));
#157 = CARTESIAN_POINT('',(28.100898887938,38.706115232666,
    95.819822820975));
#158 = CARTESIAN_POINT('',(29.172799447029,38.162009491048,
    96.128083758227));
#159 = CARTESIAN_POINT('',(32.560766976107,36.339110993331,
    97.146254919442));
#160 = CARTESIAN_POINT('',(34.777415300221,34.983411975342,
    97.881724444821));
#161 = CARTESIAN_POINT('',(36.869589464016,33.539834243774,
    98.637904529304));
#162 = CARTESIAN_POINT('',(38.83700104873,32.015515890632,
    99.403928470757));
#163 = CARTESIAN_POINT('',(40.679557409877,30.416444814606,
    100.16936107023));
#164 = CARTESIAN_POINT('',(42.397186811307,28.747365098631,
    100.92422975811));
#165 = CARTESIAN_POINT('',(45.542004636031,25.318935049451,
    102.37521826869));
#166 = CARTESIAN_POINT('',(46.974786527179,23.563514905658,
    103.07206411963));
#167 = CARTESIAN_POINT('',(48.287278763302,21.74861510111,
    103.74037890883));
#168 = CARTESIAN_POINT('',(49.477402889915,19.877783327762,
    104.37083194441));
#169 = CARTESIAN_POINT('',(50.542216209809,17.954985177386,
    104.95391038265));
#170 = CARTESIAN_POINT('',(51.478144401126,15.984796064497,
    105.48028284862));
#171 = CARTESIAN_POINT('',(53.046190095633,12.057231151427,
    106.38057948105));
#172 = CARTESIAN_POINT('',(53.690781281394,10.103630937867,
    106.76063647431));
#173 = CARTESIAN_POINT('',(54.211495168992,8.117829501563,107.0740977423
    ));
#174 = CARTESIAN_POINT('',(54.604930822598,6.106484412843,
    107.31434525607));
#175 = CARTESIAN_POINT('',(54.868335541444,4.077151436681,
    107.47631801804));
#176 = CARTESIAN_POINT('',(55.,2.038412116789,107.5572809));
#177 = CARTESIAN_POINT('',(55.,0.,107.5572809));
#178 = PCURVE('',#179,#184);
#179 = CYLINDRICAL_SURFACE('',#180,105.);
#180 = AXIS2_PLACEMENT_3D('',#181,#182,#183);
#181 = CARTESIAN_POINT('',(0.,-120.,197.));
#182 = DIRECTION('',(0.,1.,0.));
#183 = DIRECTION('',(0.,-0.,1.));
#184 = DEFINITIONAL_REPRESENTATION('',(#185),#338);
#185 = B_SPLINE_CURVE_WITH_KNOTS('',7,(#186,#187,#188,#189,#190,#191,
    #192,#193,#194,#195,#196,#197,#198,#199,#200,#201,#202,#203,#204,
    #205,#206,#207,#208,#209,#210,#211,#212,#213,#214,#215,#216,#217,
    #218,#219,#220,#221,#222,#223,#224,#225,#226,#227,#228,#229,#230,
    #231,#232,#233,#234,#235,#236,#237,#238,#239,#240,#241,#242,#243,
    #244,#245,#246,#247,#248,#249,#250,#251,#252,#253,#254,#255,#256,
    #257,#258,#259,#260,#261,#262,#263,#264,#265,#266,#267,#268,#269,
    #270,#271,#272,#273,#274,#275,#276,#277,#278,#279,#280,#281,#282,
    #283,#284,#285,#286,#287,#288,#289,#290,#291,#292,#293,#294,#295,
    #296,#297,#298,#299,#300,#301,#302,#303,#304,#305,#306,#307,#308,
    #309,#310,#311,#312,#313,#314,#315,#316,#317,#318,#319,#320,#321,
    #322,#323,#324,#325,#326,#327,#328,#329,#330,#331,#332,#333,#334,
    #335,#336,#337),.UNSPECIFIED.,.F.,.F.,(8,6,6,6,6,6,6,6,6,6,6,6,6,6,6
    ,6,6,6,6,6,6,6,6,6,6,8),(0.,5.247992936868E-02,0.106972455992,
    0.164436251018,0.188880363248,0.210640134728,0.250449654281,
    0.288849029701,0.311190536008,0.336404782771,0.392762589645,
    0.447711902433,0.465679237409,0.499878725671,0.552082740856,
    0.607623163412,0.664061750497,0.68852024987,0.710291493973,
    0.750121821443,0.777063077485,0.811161782585,0.83637542087,
    0.892733057824,0.947684186262,1.),.UNSPECIFIED.);
#186 = CARTESIAN_POINT('',(2.590275684458,120.));
#187 = CARTESIAN_POINT('',(2.590275684458,117.95513827357));
#188 = CARTESIAN_POINT('',(2.591757067744,115.90994850026));
#189 = CARTESIAN_POINT('',(2.594720687226,113.87425549559));
#190 = CARTESIAN_POINT('',(2.599138687458,111.85671867234));
#191 = CARTESIAN_POINT('',(2.604962886772,109.86495909297));
#192 = CARTESIAN_POINT('',(2.612132778068,107.90568811764));
#193 = CARTESIAN_POINT('',(2.629355589995,103.99026913194));
#194 = CARTESIAN_POINT('',(2.639509274269,102.03695277961));
#195 = CARTESIAN_POINT('',(2.65097490095,100.13026939738));
#196 = CARTESIAN_POINT('',(2.663683215648,98.274682003635));
#197 = CARTESIAN_POINT('',(2.677571817678,96.474060639357));
#198 = CARTESIAN_POINT('',(2.692589434549,94.731867930847));
#199 = CARTESIAN_POINT('',(2.725695014114,91.279312892888));
#200 = CARTESIAN_POINT('',(2.743898823123,89.576587165535));
#201 = CARTESIAN_POINT('',(2.763277703437,87.946585941292));
#202 = CARTESIAN_POINT('',(2.783802032363,86.394340884034));
#203 = CARTESIAN_POINT('',(2.805446417484,84.926232949305));
#204 = CARTESIAN_POINT('',(2.828189490162,83.549887806047));
#205 = CARTESIAN_POINT('',(2.86215221045,81.731652334253));
#206 = CARTESIAN_POINT('',(2.872482435798,81.207340213112));
#207 = CARTESIAN_POINT('',(2.883005096907,80.70206932173));
#208 = CARTESIAN_POINT('',(2.893717364783,80.216644680623));
#209 = CARTESIAN_POINT('',(2.904615640517,79.751933437106));
#210 = CARTESIAN_POINT('',(2.915695417571,79.308849983084));
#211 = CARTESIAN_POINT('',(2.93697074075,78.514006975508));
#212 = CARTESIAN_POINT('',(2.947129686866,78.157565162911));
#213 = CARTESIAN_POINT('',(2.957423824249,77.819685996859));
#214 = CARTESIAN_POINT('',(2.967848167929,77.501064642443));
#215 = CARTESIAN_POINT('',(2.978396775924,77.202405581991));
#216 = CARTESIAN_POINT('',(2.989062615613,76.924405451169));
#217 = CARTESIAN_POINT('',(3.019549836598,76.198148608871));
#218 = CARTESIAN_POINT('',(3.039632767933,75.799806972309));
#219 = CARTESIAN_POINT('',(3.060027151525,75.47708288309));
#220 = CARTESIAN_POINT('',(3.080667044884,75.233638042854));
#221 = CARTESIAN_POINT('',(3.101478533393,75.072251721913));
#222 = CARTESIAN_POINT('',(3.122377656224,74.994492439422));
#223 = CARTESIAN_POINT('',(3.163417016508,75.005764284792));
#224 = CARTESIAN_POINT('',(3.183565709035,75.088986899261));
#225 = CARTESIAN_POINT('',(3.203626974773,75.24988226152));
#226 = CARTESIAN_POINT('',(3.223525717078,75.486985845471));
#227 = CARTESIAN_POINT('',(3.243195625282,75.797789733478));
#228 = CARTESIAN_POINT('',(3.262577455534,76.179020558523));
#229 = CARTESIAN_POINT('',(3.292696364201,76.887310712556));
#230 = CARTESIAN_POINT('',(3.303660772469,77.170395042802));
#231 = CARTESIAN_POINT('',(3.314502246174,77.475322713135));
#232 = CARTESIAN_POINT('',(3.325213098248,77.801340222844));
#233 = CARTESIAN_POINT('',(3.3357868574,78.147684508543));
#234 = CARTESIAN_POINT('',(3.34621811551,78.513602595673));
#235 = CARTESIAN_POINT('',(3.368109127264,79.332605731913));
#236 = CARTESIAN_POINT('',(3.379528535104,79.790844370192));
#237 = CARTESIAN_POINT('',(3.390754550527,80.272046982399));
#238 = CARTESIAN_POINT('',(3.4017822881,80.775212203091));
#239 = CARTESIAN_POINT('',(3.412607871007,81.299392506823));
#240 = CARTESIAN_POINT('',(3.423228273028,81.843711261022));
#241 = CARTESIAN_POINT('',(3.45691575656,83.667260565801));
#242 = CARTESIAN_POINT('',(3.479145985839,85.023378735269));
#243 = CARTESIAN_POINT('',(3.500318125506,86.467357102409));
#244 = CARTESIAN_POINT('',(3.520412051782,87.992061193867));
#245 = CARTESIAN_POINT('',(3.53940375192,89.591506075241));
#246 = CARTESIAN_POINT('',(3.557265157461,91.260949755743));
#247 = CARTESIAN_POINT('',(3.590240943767,94.690019739156));
#248 = CARTESIAN_POINT('',(3.605406688914,96.445711900694));
#249 = CARTESIAN_POINT('',(3.619425226338,98.260871445769));
#250 = CARTESIAN_POINT('',(3.632244048685,100.13195024246));
#251 = CARTESIAN_POINT('',(3.643799149647,102.05498106618));
#252 = CARTESIAN_POINT('',(3.6540194443,104.02538546518));
#253 = CARTESIAN_POINT('',(3.665717383626,106.69556332879));
#254 = CARTESIAN_POINT('',(3.668449493179,107.35795172763));
#255 = CARTESIAN_POINT('',(3.671028733462,108.02455783916));
#256 = CARTESIAN_POINT('',(3.67345262525,108.69515174569));
#257 = CARTESIAN_POINT('',(3.675718754393,109.36948665551));
#258 = CARTESIAN_POINT('',(3.677824817516,110.04729772983));
#259 = CARTESIAN_POINT('',(3.683468642255,112.02453990599));
#260 = CARTESIAN_POINT('',(3.686581119618,113.33241556987));
#261 = CARTESIAN_POINT('',(3.689090900862,114.64987070348));
#262 = CARTESIAN_POINT('',(3.69098550416,115.97471892522));
#263 = CARTESIAN_POINT('',(3.692255892712,117.30463674202));
#264 = CARTESIAN_POINT('',(3.692897204363,118.63715575327));
#265 = CARTESIAN_POINT('',(3.692928225577,122.00365647979));
#266 = CARTESIAN_POINT('',(3.691481281608,124.03807648814));
#267 = CARTESIAN_POINT('',(3.688567595603,126.06324869617));
#268 = CARTESIAN_POINT('',(3.684214213487,128.07063886259));
#269 = CARTESIAN_POINT('',(3.678468188222,130.05272381795));
#270 = CARTESIAN_POINT('',(3.671388815468,132.0028682442));
#271 = CARTESIAN_POINT('',(3.654160023325,135.94980178604));
#272 = CARTESIAN_POINT('',(3.64384266687,137.94175433952));
#273 = CARTESIAN_POINT('',(3.6321613698,139.88533863272));
#274 = CARTESIAN_POINT('',(3.619189576549,141.77583067482));
#275 = CARTESIAN_POINT('',(3.60499333329,143.60913918362));
#276 = CARTESIAN_POINT('',(3.589626685503,145.381605249));
#277 = CARTESIAN_POINT('',(3.5563543514,148.82548003162));
#278 = CARTESIAN_POINT('',(3.538418199171,150.49411060319));
#279 = CARTESIAN_POINT('',(3.519349808126,152.0923890229));
#280 = CARTESIAN_POINT('',(3.499177046587,153.61552460575));
#281 = CARTESIAN_POINT('',(3.477923863919,155.05746513376));
#282 = CARTESIAN_POINT('',(3.455610483335,156.41099351442));
#283 = CARTESIAN_POINT('',(3.422127861699,158.21222858203));
#284 = CARTESIAN_POINT('',(3.411809721178,158.73854114751));
#285 = CARTESIAN_POINT('',(3.401298737216,159.2458520274));
#286 = CARTESIAN_POINT('',(3.390597704011,159.7333586304));
#287 = CARTESIAN_POINT('',(3.379710175536,160.20019585359));
#288 = CARTESIAN_POINT('',(3.36864060185,160.64545079318));
#289 = CARTESIAN_POINT('',(3.347384017945,161.44446257714));
#290 = CARTESIAN_POINT('',(3.337233754862,161.80289416329));
#291 = CARTESIAN_POINT('',(3.326947781595,162.14280245472));
#292 = CARTESIAN_POINT('',(3.316531027095,162.46349221341));
#293 = CARTESIAN_POINT('',(3.305989373174,162.7642580811));
#294 = CARTESIAN_POINT('',(3.29532978787,163.04440164768));
#295 = CARTESIAN_POINT('',(3.264858177312,163.77681690899));
#296 = CARTESIAN_POINT('',(3.244782841313,164.17925387117));
#297 = CARTESIAN_POINT('',(3.224393040161,164.50617043904));
#298 = CARTESIAN_POINT('',(3.203754345834,164.75387307839));
#299 = CARTESIAN_POINT('',(3.182940417567,164.91953916702));
#300 = CARTESIAN_POINT('',(3.162035097161,165.00154971655));
#301 = CARTESIAN_POINT('',(3.126999066303,164.99892304562));
#302 = CARTESIAN_POINT('',(3.112862393823,164.95962519169));
#303 = CARTESIAN_POINT('',(3.09875422536,164.88208732253));
#304 = CARTESIAN_POINT('',(3.084701236301,164.76664261916));
#305 = CARTESIAN_POINT('',(3.070728417405,164.61390651745));
#306 = CARTESIAN_POINT('',(3.056859342686,164.42473848038));
#307 = CARTESIAN_POINT('',(3.025722300108,163.91605046854));
#308 = CARTESIAN_POINT('',(3.008528698454,163.57522594286));
#309 = CARTESIAN_POINT('',(2.991578639441,163.17988133707));
#310 = CARTESIAN_POINT('',(2.97490630897,162.73256770953));
#311 = CARTESIAN_POINT('',(2.958538922718,162.23601494063));
#312 = CARTESIAN_POINT('',(2.942497999886,161.69295621577));
#313 = CARTESIAN_POINT('',(2.915192384862,160.67200860149));
#314 = CARTESIAN_POINT('',(2.903772009054,160.21399991851));
#315 = CARTESIAN_POINT('',(2.892544964109,159.73302275401));
#316 = CARTESIAN_POINT('',(2.881516141575,159.2300786149));
#317 = CARTESIAN_POINT('',(2.870689423097,158.70611523266));
#318 = CARTESIAN_POINT('',(2.860067838602,158.16200949104));
#319 = CARTESIAN_POINT('',(2.826375894845,156.33911099333));
#320 = CARTESIAN_POINT('',(2.804142257192,154.98341197534));
#321 = CARTESIAN_POINT('',(2.782966559781,153.53983424377));
#322 = CARTESIAN_POINT('',(2.762868925043,152.01551589063));
#323 = CARTESIAN_POINT('',(2.743873347803,150.4164448146));
#324 = CARTESIAN_POINT('',(2.726007864183,148.74736509863));
#325 = CARTESIAN_POINT('',(2.69302295482,145.31893504945));
#326 = CARTESIAN_POINT('',(2.67785226115,143.56351490565));
#327 = CARTESIAN_POINT('',(2.663828588676,141.74861510111));
#328 = CARTESIAN_POINT('',(2.651004407655,139.87778332776));
#329 = CARTESIAN_POINT('',(2.639443691726,137.95498517738));
#330 = CARTESIAN_POINT('',(2.629217503699,135.98479606449));
#331 = CARTESIAN_POINT('',(2.611997304289,132.05723115142));
#332 = CARTESIAN_POINT('',(2.60487118773,130.10363093786));
#333 = CARTESIAN_POINT('',(2.599083042433,128.11782950156));
#334 = CARTESIAN_POINT('',(2.594692692358,126.10648441283));
#335 = CARTESIAN_POINT('',(2.591747737751,124.07715143668));
#336 = CARTESIAN_POINT('',(2.590275684458,122.03841211678));
#337 = CARTESIAN_POINT('',(2.590275684458,120.));
#338 = ( GEOMETRIC_REPRESENTATION_CONTEXT(2) 
PARAMETRIC_REPRESENTATION_CONTEXT() REPRESENTATION_CONTEXT('2D SPACE',''
  ) );
#339 = PCURVE('',#340,#348);
#340 = SURFACE_OF_LINEAR_EXTRUSION('',#341,#346);
#341 = ELLIPSE('',#342,55.,45.);
#342 = AXIS2_PLACEMENT_3D('',#343,#344,#345);
#343 = CARTESIAN_POINT('',(0.,0.,-150.));
#344 = DIRECTION('',(0.,0.,1.));
#345 = DIRECTION('',(1.,0.,0.));
#346 = VECTOR('',#347,1.);
#347 = DIRECTION('',(-0.,-0.,-1.));
#348 = DEFINITIONAL_REPRESENTATION('',(#349),#502);
#349 = B_SPLINE_CURVE_WITH_KNOTS('',7,(#350,#351,#352,#353,#354,#355,
    #356,#357,#358,#359,#360,#361,#362,#363,#364,#365,#366,#367,#368,
    #369,#370,#371,#372,#373,#374,#375,#376,#377,#378,#379,#380,#381,
    #382,#383,#384,#385,#386,#387,#388,#389,#390,#391,#392,#393,#394,
    #395,#396,#397,#398,#399,#400,#401,#402,#403,#404,#405,#406,#407,
    #408,#409,#410,#411,#412,#413,#414,#415,#416,#417,#418,#419,#420,
    #421,#422,#423,#424,#425,#426,#427,#428,#429,#430,#431,#432,#433,
    #434,#435,#436,#437,#438,#439,#440,#441,#442,#443,#444,#445,#446,
    #447,#448,#449,#450,#451,#452,#453,#454,#455,#456,#457,#458,#459,
    #460,#461,#462,#463,#464,#465,#466,#467,#468,#469,#470,#471,#472,
    #473,#474,#475,#476,#477,#478,#479,#480,#481,#482,#483,#484,#485,
    #486,#487,#488,#489,#490,#491,#492,#493,#494,#495,#496,#497,#498,
    #499,#500,#501),.UNSPECIFIED.,.F.,.F.,(8,6,6,6,6,6,6,6,6,6,6,6,6,6,6
    ,6,6,6,6,6,6,6,6,6,6,8),(0.,5.247992936868E-02,0.106972455992,
    0.164436251018,0.188880363248,0.210640134728,0.250449654281,
    0.288849029701,0.311190536008,0.336404782771,0.392762589645,
    0.447711902433,0.465679237409,0.499878725671,0.552082740856,
    0.607623163412,0.664061750497,0.68852024987,0.710291493973,
    0.750121821443,0.777063077485,0.811161782585,0.83637542087,
    0.892733057824,0.947684186262,1.),.UNSPECIFIED.);
#350 = CARTESIAN_POINT('',(6.28318530718,-257.5572809));
#351 = CARTESIAN_POINT('',(6.237743935481,-257.5572809));
#352 = CARTESIAN_POINT('',(6.192295275674,-257.4758048686));
#353 = CARTESIAN_POINT('',(6.146904383216,-257.312805536));
#354 = CARTESIAN_POINT('',(6.101610259277,-257.0710528006));
#355 = CARTESIAN_POINT('',(6.056435197907,-256.7556706966));
#356 = CARTESIAN_POINT('',(6.011388550734,-256.3733549575));
#357 = CARTESIAN_POINT('',(5.919825149955,-255.4732139179));
#358 = CARTESIAN_POINT('',(5.873314305004,-254.9507150726));
#359 = CARTESIAN_POINT('',(5.826904815053,-254.3725161541));
#360 = CARTESIAN_POINT('',(5.780549258436,-253.747715656));
#361 = CARTESIAN_POINT('',(5.734186683389,-253.08558809));
#362 = CARTESIAN_POINT('',(5.687741014341,-252.3952339056));
#363 = CARTESIAN_POINT('',(5.591939153114,-250.937030746));
#364 = CARTESIAN_POINT('',(5.542582363345,-250.1673135193));
#365 = CARTESIAN_POINT('',(5.492911416556,-249.3865409592));
#366 = CARTESIAN_POINT('',(5.442815824001,-248.6052803848));
#367 = CARTESIAN_POINT('',(5.392191899212,-247.8346068484));
#368 = CARTESIAN_POINT('',(5.340937016812,-247.0860653435));
#369 = CARTESIAN_POINT('',(5.266817094421,-246.0677839358));
#370 = CARTESIAN_POINT('',(5.244565758994,-245.7701203185));
#371 = CARTESIAN_POINT('',(5.22217629326,-245.4796322583));
#372 = CARTESIAN_POINT('',(5.199643415662,-245.1973033426));
#373 = CARTESIAN_POINT('',(5.176963204779,-244.9241449593));
#374 = CARTESIAN_POINT('',(5.154133164602,-244.6611855179));
#375 = CARTESIAN_POINT('',(5.110695316341,-244.18536913));
#376 = CARTESIAN_POINT('',(5.090118966436,-243.9701832087));
#377 = CARTESIAN_POINT('',(5.069423098921,-243.764627948));
#378 = CARTESIAN_POINT('',(5.048608821033,-243.5694374371));
#379 = CARTESIAN_POINT('',(5.027678679308,-243.3853386815));
#380 = CARTESIAN_POINT('',(5.00663684377,-243.2130371579));
#381 = CARTESIAN_POINT('',(4.946800179486,-242.7607743481));
#382 = CARTESIAN_POINT('',(4.907745987033,-242.5099776299));
#383 = CARTESIAN_POINT('',(4.868380602508,-242.3050586258));
#384 = CARTESIAN_POINT('',(4.82876424327,-242.1495981308));
#385 = CARTESIAN_POINT('',(4.788966453725,-242.046255337));
#386 = CARTESIAN_POINT('',(4.749072301116,-241.9964740089));
#387 = CARTESIAN_POINT('',(4.670724140934,-242.0036903488));
#388 = CARTESIAN_POINT('',(4.632254319735,-242.0569694893));
#389 = CARTESIAN_POINT('',(4.593879876393,-242.1599582122));
#390 = CARTESIAN_POINT('',(4.555676891525,-242.3113023007));
#391 = CARTESIAN_POINT('',(4.517707900825,-242.5086016709));
#392 = CARTESIAN_POINT('',(4.480027021666,-242.7486588019));
#393 = CARTESIAN_POINT('',(4.420954546746,-243.1900416426));
#394 = CARTESIAN_POINT('',(4.399337280487,-243.3656084494));
#395 = CARTESIAN_POINT('',(4.377837375232,-243.5536773816));
#396 = CARTESIAN_POINT('',(4.356459455303,-243.7534863234));
#397 = CARTESIAN_POINT('',(4.335206337295,-243.9642485352));
#398 = CARTESIAN_POINT('',(4.314079241583,-244.1851692079));
#399 = CARTESIAN_POINT('',(4.269376052481,-244.6753576513));
#400 = CARTESIAN_POINT('',(4.245834624821,-244.9471866238));
#401 = CARTESIAN_POINT('',(4.222452547521,-245.2298142471));
#402 = CARTESIAN_POINT('',(4.199226983609,-245.5221123635));
#403 = CARTESIAN_POINT('',(4.176153512217,-245.8229724963));
#404 = CARTESIAN_POINT('',(4.153226199526,-246.1313181379));
#405 = CARTESIAN_POINT('',(4.079501223502,-247.1497257016));
#406 = CARTESIAN_POINT('',(4.029274650421,-247.88531742));
#407 = CARTESIAN_POINT('',(3.979649852442,-248.6415838524));
#408 = CARTESIAN_POINT('',(3.930529523131,-249.4076588797));
#409 = CARTESIAN_POINT('',(3.881815525508,-250.1731073019));
#410 = CARTESIAN_POINT('',(3.833403549054,-250.9279558548));
#411 = CARTESIAN_POINT('',(3.738146009594,-252.3788052236));
#412 = CARTESIAN_POINT('',(3.69130924694,-253.0755354442));
#413 = CARTESIAN_POINT('',(3.644557987076,-253.7437004284));
#414 = CARTESIAN_POINT('',(3.597814171927,-254.3739689539));
#415 = CARTESIAN_POINT('',(3.551015315626,-254.9568278538));
#416 = CARTESIAN_POINT('',(3.504112858622,-255.4829463001));
#417 = CARTESIAN_POINT('',(3.44169504872,-256.0945797168));
#418 = CARTESIAN_POINT('',(3.426301198721,-256.2383122598));
#419 = CARTESIAN_POINT('',(3.410893175526,-256.3747668199));
#420 = CARTESIAN_POINT('',(3.395470617571,-256.5036552238));
#421 = CARTESIAN_POINT('',(3.380033465739,-256.6247031743));
#422 = CARTESIAN_POINT('',(3.364581979749,-256.7376538924));
#423 = CARTESIAN_POINT('',(3.319679846444,-257.0414041015));
#424 = CARTESIAN_POINT('',(3.290191538437,-257.2103572567));
#425 = CARTESIAN_POINT('',(3.260658218147,-257.3474861221));
#426 = CARTESIAN_POINT('',(3.231087843705,-257.4514571382));
#427 = CARTESIAN_POINT('',(3.201490317161,-257.5213258583));
#428 = CARTESIAN_POINT('',(3.171878088078,-257.5565978904));
#429 = CARTESIAN_POINT('',(3.097066943813,-257.5583040567));
#430 = CARTESIAN_POINT('',(3.05185920905,-257.4787222392));
#431 = CARTESIAN_POINT('',(3.006707746805,-257.3184590557));
#432 = CARTESIAN_POINT('',(2.961651172416,-257.080203394));
#433 = CARTESIAN_POINT('',(2.916711804386,-256.7689562314));
#434 = CARTESIAN_POINT('',(2.871899341819,-256.3912724727));
#435 = CARTESIAN_POINT('',(2.779669348179,-255.4901316952));
#436 = CARTESIAN_POINT('',(2.732264913922,-254.9588670423));
#437 = CARTESIAN_POINT('',(2.684966683472,-254.3695781627));
#438 = CARTESIAN_POINT('',(2.63772449106,-253.7319016745));
#439 = CARTESIAN_POINT('',(2.590473747792,-253.055663046));
#440 = CARTESIAN_POINT('',(2.543133714798,-252.3504946174));
#441 = CARTESIAN_POINT('',(2.447290891605,-250.8892558075));
#442 = CARTESIAN_POINT('',(2.398800611507,-250.1328354636));
#443 = CARTESIAN_POINT('',(2.350003464202,-249.3661563747));
#444 = CARTESIAN_POINT('',(2.300794639206,-248.5992382093));
#445 = CARTESIAN_POINT('',(2.251075728164,-247.8425739401));
#446 = CARTESIAN_POINT('',(2.200749356736,-247.1070970639));
#447 = CARTESIAN_POINT('',(2.127588164365,-246.0995641337));
#448 = CARTESIAN_POINT('',(2.105337467746,-245.8011057441));
#449 = CARTESIAN_POINT('',(2.082948919523,-245.5097564877));
#450 = CARTESIAN_POINT('',(2.060417158186,-245.2264998876));
#451 = CARTESIAN_POINT('',(2.037738170672,-244.9523475254));
#452 = CARTESIAN_POINT('',(2.01490935428,-244.6883284343));
#453 = CARTESIAN_POINT('',(1.971474834657,-244.2104011674));
#454 = CARTESIAN_POINT('',(1.950900635741,-243.9941763683));
#455 = CARTESIAN_POINT('',(1.930206746417,-243.7875309008));
#456 = CARTESIAN_POINT('',(1.909394178425,-243.5912001257));
#457 = CARTESIAN_POINT('',(1.888465378491,-243.4059129611));
#458 = CARTESIAN_POINT('',(1.86742441059,-243.2323775338));
#459 = CARTESIAN_POINT('',(1.807588711545,-242.7765058671));
#460 = CARTESIAN_POINT('',(1.768533312789,-242.5232350822));
#461 = CARTESIAN_POINT('',(1.729164023285,-242.3157219876));
#462 = CARTESIAN_POINT('',(1.689540474495,-242.1575801877));
#463 = CARTESIAN_POINT('',(1.649731796879,-242.0515114243));
#464 = CARTESIAN_POINT('',(1.609822820921,-241.9990078537));
#465 = CARTESIAN_POINT('',(1.542935834438,-242.0006894785));
#466 = CARTESIAN_POINT('',(1.51594709709,-242.0258483746));
#467 = CARTESIAN_POINT('',(1.488988936835,-242.0754873215));
#468 = CARTESIAN_POINT('',(1.462088993173,-242.1492957829));
#469 = CARTESIAN_POINT('',(1.435272225686,-242.2466883562));
#470 = CARTESIAN_POINT('',(1.408561831687,-242.3668386418));
#471 = CARTESIAN_POINT('',(1.348335993493,-242.6882758786));
#472 = CARTESIAN_POINT('',(1.314894917548,-242.9026541078));
#473 = CARTESIAN_POINT('',(1.281697101131,-243.1497816016));
#474 = CARTESIAN_POINT('',(1.24876892139,-243.4271489883));
#475 = CARTESIAN_POINT('',(1.216126615545,-243.7320056556));
#476 = CARTESIAN_POINT('',(1.18377833258,-244.0615113968));
#477 = CARTESIAN_POINT('',(1.128022608893,-244.6726168232));
#478 = CARTESIAN_POINT('',(1.10448124926,-244.9443331848));
#479 = CARTESIAN_POINT('',(1.081099237525,-245.2268550741));
#480 = CARTESIAN_POINT('',(1.057873748576,-245.5190544294));
#481 = CARTESIAN_POINT('',(1.034800371738,-245.8198228209));
#482 = CARTESIAN_POINT('',(1.011873182111,-246.1280837582));
#483 = CARTESIAN_POINT('',(0.938147646238,-247.1462549194));
#484 = CARTESIAN_POINT('',(0.887920568042,-247.8817244448));
#485 = CARTESIAN_POINT('',(0.838295551567,-248.6379045293));
#486 = CARTESIAN_POINT('',(0.789175329233,-249.4039284707));
#487 = CARTESIAN_POINT('',(0.740461785426,-250.1693610702));
#488 = CARTESIAN_POINT('',(0.692050614461,-250.9242297581));
#489 = CARTESIAN_POINT('',(0.596793638526,-252.3752182686));
#490 = CARTESIAN_POINT('',(0.549956637813,-253.0720641196));
#491 = CARTESIAN_POINT('',(0.503205447835,-253.7403789088));
#492 = CARTESIAN_POINT('',(0.456461972459,-254.3708319444));
#493 = CARTESIAN_POINT('',(0.409663677854,-254.9539103826));
#494 = CARTESIAN_POINT('',(0.362761941687,-255.4802828486));
#495 = CARTESIAN_POINT('',(0.270944307592,-256.380579481));
#496 = CARTESIAN_POINT('',(0.226037746611,-256.7606364743));
#497 = CARTESIAN_POINT('',(0.181003667838,-257.0740977423));
#498 = CARTESIAN_POINT('',(0.135851476188,-257.314345256));
#499 = CARTESIAN_POINT('',(9.060336345541E-02,-257.476318018));
#500 = CARTESIAN_POINT('',(4.529804703975E-02,-257.5572809));
#501 = CARTESIAN_POINT('',(0.,-257.5572809));
#502 = ( GEOMETRIC_REPRESENTATION_CONTEXT(2) 
PARAMETRIC_REPRESENTATION_CONTEXT() REPRESENTATION_CONTEXT('2D SPACE',''
  ) );
#503 = FACE_BOUND('',#504,.F.);
#504 = EDGE_LOOP('',(#505));
#505 = ORIENTED_EDGE('',*,*,#506,.F.);
#506 = EDGE_CURVE('',#507,#507,#509,.T.);
#507 = VERTEX_POINT('',#508);
#508 = CARTESIAN_POINT('',(35.,0.,98.005050633883));
#509 = SURFACE_CURVE('',#510,(#693,#879),.PCURVE_S1.);
#510 = B_SPLINE_CURVE_WITH_KNOTS('',7,(#511,#512,#513,#514,#515,#516,
    #517,#518,#519,#520,#521,#522,#523,#524,#525,#526,#527,#528,#529,
    #530,#531,#532,#533,#534,#535,#536,#537,#538,#539,#540,#541,#542,
    #543,#544,#545,#546,#547,#548,#549,#550,#551,#552,#553,#554,#555,
    #556,#557,#558,#559,#560,#561,#562,#563,#564,#565,#566,#567,#568,
    #569,#570,#571,#572,#573,#574,#575,#576,#577,#578,#579,#580,#581,
    #582,#583,#584,#585,#586,#587,#588,#589,#590,#591,#592,#593,#594,
    #595,#596,#597,#598,#599,#600,#601,#602,#603,#604,#605,#606,#607,
    #608,#609,#610,#611,#612,#613,#614,#615,#616,#617,#618,#619,#620,
    #621,#622,#623,#624,#625,#626,#627,#628,#629,#630,#631,#632,#633,
    #634,#635,#636,#637,#638,#639,#640,#641,#642,#643,#644,#645,#646,
    #647,#648,#649,#650,#651,#652,#653,#654,#655,#656,#657,#658,#659,
    #660,#661,#662,#663,#664,#665,#666,#667,#668,#669,#670,#671,#672,
    #673,#674,#675,#676,#677,#678,#679,#680,#681,#682,#683,#684,#685,
    #686,#687,#688,#689,#690,#691,#692),.UNSPECIFIED.,.T.,.F.,(8,6,6,6,6
    ,6,6,6,6,6,6,6,6,6,6,6,6,6,6,6,6,6,6,6,6,6,6,6,6,6,8),(0.,
    5.760474339104E-02,7.761651043286E-02,0.120064527766,0.164613230725,
    0.186734332692,0.207736976442,0.249601870587,0.292355118047,
    0.314034727122,0.335963773995,0.380385208948,0.42198669994,
    0.442206561691,0.461359520773,0.499629381508,0.538378715814,
    0.55820803789,0.578225020771,0.619664490304,0.664215509891,
    0.686339036258,0.708341674409,0.750195562652,0.791783642453,
    0.81345629885,0.83537903052,0.879792929999,0.921395521511,
    0.94161743946,1.),.UNSPECIFIED.);
#511 = CARTESIAN_POINT('',(35.,-7.105427357601E-15,98.005050633883));
#512 = CARTESIAN_POINT('',(35.,-1.304782696835,98.005050633883));
#513 = CARTESIAN_POINT('',(34.888772642913,-2.609772942729,
    97.965725866536));
#514 = CARTESIAN_POINT('',(34.666255056686,-3.907390437081,
    97.887053790997));
#515 = CARTESIAN_POINT('',(34.334030669601,-5.190737580023,
    97.770481123749));
#516 = CARTESIAN_POINT('',(33.894759050499,-6.453516414697,
    97.618719349732));
#517 = CARTESIAN_POINT('',(33.351939666704,-7.689972298788,
    97.435423735192));
#518 = CARTESIAN_POINT('',(32.486659414702,-9.313423730691,
    97.151754746377));
#519 = CARTESIAN_POINT('',(32.251554767095,-9.728219857447,
    97.075323766903));
#520 = CARTESIAN_POINT('',(32.004602317932,-10.13903534241,
    96.99577613938));
#521 = CARTESIAN_POINT('',(31.745969260476,-10.5456768223,
    96.913295907314));
#522 = CARTESIAN_POINT('',(31.475825589826,-10.94796107598,
    96.82807333192));
#523 = CARTESIAN_POINT('',(31.194342440945,-11.3457141975,
    96.740303379957));
#524 = CARTESIAN_POINT('',(30.280930763218,-12.5725038488,96.4590276778)
  );
#525 = CARTESIAN_POINT('',(29.609941611681,-13.38507555071,
    96.257308328715));
#526 = CARTESIAN_POINT('',(28.890325496176,-14.17495505018,
    96.046909041496));
#527 = CARTESIAN_POINT('',(28.123698948669,-14.94072224838,
    95.829788344859));
#528 = CARTESIAN_POINT('',(27.311670151048,-15.68104420432,
    95.60793461624));
#529 = CARTESIAN_POINT('',(26.455816193931,-16.39465409036,
    95.383331695009));
#530 = CARTESIAN_POINT('',(24.615055370525,-17.79994440718,
    94.921385645514));
#531 = CARTESIAN_POINT('',(23.625916051323,-18.48874753111,
    94.683976674856));
#532 = CARTESIAN_POINT('',(22.592007880684,-19.14534173552,
    94.447969630849));
#533 = CARTESIAN_POINT('',(21.515183191703,-19.76826655235,
    94.215629212732));
#534 = CARTESIAN_POINT('',(20.397417776046,-20.35602218004,
    93.989196336233));
#535 = CARTESIAN_POINT('',(19.240849180654,-20.90709025152,
    93.770854980822));
#536 = CARTESIAN_POINT('',(17.455403930083,-21.67462241344,
    93.459329197319));
#537 = CARTESIAN_POINT('',(16.854012921609,-21.91986497478,
    93.358476967645));
#538 = CARTESIAN_POINT('',(16.243939536863,-22.15549347617,
    93.260394096874));
#539 = CARTESIAN_POINT('',(15.625498556187,-22.38131779362,
    93.165332651304));
#540 = CARTESIAN_POINT('',(14.999025206285,-22.59714836478,
    93.073537933957));
#541 = CARTESIAN_POINT('',(14.364877098931,-22.8027981233,
    92.985246705036));
#542 = CARTESIAN_POINT('',(13.114426937498,-23.18349693234,
    92.820399577655));
#543 = CARTESIAN_POINT('',(12.498843016086,-23.35956766015,
    92.743475942999));
#544 = CARTESIAN_POINT('',(11.877013313205,-23.52613981525,
    92.670108468175));
#545 = CARTESIAN_POINT('',(11.249285265616,-23.68306076289,
    92.600482453353));
#546 = CARTESIAN_POINT('',(10.61602612638,-23.83018390597,
    92.534772843078));
#547 = CARTESIAN_POINT('',(9.977624252167,-23.96737055594,
    92.473142540228));
#548 = CARTESIAN_POINT('',(8.052521731821,-24.34788455015,
    92.301320785208));
#549 = CARTESIAN_POINT('',(6.751653773739,-24.56130384708,
    92.203693143899));
#550 = CARTESIAN_POINT('',(5.435269877157,-24.73369143346,
    92.124055594859));
#551 = CARTESIAN_POINT('',(4.106933653927,-24.86420995611,
    92.063361040651));
#552 = CARTESIAN_POINT('',(2.770394254467,-24.95225514958,
    92.022280709931));
#553 = CARTESIAN_POINT('',(1.429595645182,-24.99749269181,
    92.001170073869));
#554 = CARTESIAN_POINT('',(-1.280669281904,-25.0023982802,
    91.998880805818));
#555 = CARTESIAN_POINT('',(-2.650314607712,-24.96023052343,
    92.018558868809));
#556 = CARTESIAN_POINT('',(-4.015818137151,-24.87339397573,
    92.059090131551));
#557 = CARTESIAN_POINT('',(-5.37297302629,-24.74222860711,
    92.120114572105));
#558 = CARTESIAN_POINT('',(-6.71778006401,-24.56736901334,
    92.200927525638));
#559 = CARTESIAN_POINT('',(-8.046438287986,-24.34970431531,
    92.300516891855));
#560 = CARTESIAN_POINT('',(-10.01906638518,-23.95885864003,
    92.476976856534));
#561 = CARTESIAN_POINT('',(-10.67774108201,-23.81662995975,92.540851804)
  );
#562 = CARTESIAN_POINT('',(-11.33091238182,-23.66382176178,
    92.609064163212));
#563 = CARTESIAN_POINT('',(-11.97815435088,-23.5005871042,
    92.681434024939));
#564 = CARTESIAN_POINT('',(-12.61906501814,-23.32708790525,
    92.757767906783));
#565 = CARTESIAN_POINT('',(-13.25326485854,-23.14349275616,
    92.83786072519));
#566 = CARTESIAN_POINT('',(-14.51474123164,-22.75423016296,
    93.006097107486));
#567 = CARTESIAN_POINT('',(-15.14185498044,-22.54833282103,
    93.094322811814));
#568 = CARTESIAN_POINT('',(-15.76136782593,-22.33246122441,
    93.185952882955));
#569 = CARTESIAN_POINT('',(-16.37293433626,-22.1067979469,
    93.280755557522));
#570 = CARTESIAN_POINT('',(-16.97623049041,-21.87152778948,
    93.378490992805));
#571 = CARTESIAN_POINT('',(-17.570951824,-21.62683594987,93.478912953346
    ));
#572 = CARTESIAN_POINT('',(-19.34358138655,-20.85852340638,
    93.790127921099));
#573 = CARTESIAN_POINT('',(-20.493938525,-20.30625518525,94.00847113532)
  );
#574 = CARTESIAN_POINT('',(-21.60557935789,-19.71760367276,
    94.234723589725));
#575 = CARTESIAN_POINT('',(-22.67639431146,-19.09407243233,
    94.466719075839));
#576 = CARTESIAN_POINT('',(-23.70443074431,-18.43714656157,
    94.702234192418));
#577 = CARTESIAN_POINT('',(-24.6878558212,-17.74827280711,
    94.939020810702));
#578 = CARTESIAN_POINT('',(-26.50249665363,-16.35507732102,
    95.395686180832));
#579 = CARTESIAN_POINT('',(-27.33936253008,-15.65455019827,
    95.61567130188));
#580 = CARTESIAN_POINT('',(-28.13408213407,-14.92840753738,
    95.832951381139));
#581 = CARTESIAN_POINT('',(-28.88517085916,-14.17784309581,
    96.045659156499));
#582 = CARTESIAN_POINT('',(-29.59111537462,-13.40411198404,
    96.251923596968));
#583 = CARTESIAN_POINT('',(-30.25039427263,-12.60854973732,
    96.449901010931));
#584 = CARTESIAN_POINT('',(-31.15851752986,-11.39600882456,
    96.729150060528));
#585 = CARTESIAN_POINT('',(-31.4441514439,-10.99461278568,
    96.818105332878));
#586 = CARTESIAN_POINT('',(-31.71822413734,-10.58857548376,
    96.904477435033));
#587 = CARTESIAN_POINT('',(-31.98055901809,-10.17807566902,
    96.988064942582));
#588 = CARTESIAN_POINT('',(-32.23098060952,-9.7633017493,97.068671265196
    ));
#589 = CARTESIAN_POINT('',(-32.46931629071,-9.344452660076,
    97.146106232007));
#590 = CARTESIAN_POINT('',(-32.90955056091,-8.521329344251,
    97.290360208422));
#591 = CARTESIAN_POINT('',(-33.11270833907,-8.117451936429,
    97.357523835153));
#592 = CARTESIAN_POINT('',(-33.30472816501,-7.710286222652,
    97.421523639311));
#593 = CARTESIAN_POINT('',(-33.48547096454,-7.3000205835,97.482211333815
    ));
#594 = CARTESIAN_POINT('',(-33.65480345085,-6.886852639637,97.5394467104
    ));
#595 = CARTESIAN_POINT('',(-33.81259977986,-6.47098982277,
    97.593099087653));
#596 = CARTESIAN_POINT('',(-34.25075492684,-5.216757762518,
    97.742854066391));
#597 = CARTESIAN_POINT('',(-34.49625880496,-4.370930385644,
    97.827881858332));
#598 = CARTESIAN_POINT('',(-34.69429263027,-3.516966788043,
    97.897167103627));
#599 = CARTESIAN_POINT('',(-34.84409397876,-2.656749874385,
    97.949936573013));
#600 = CARTESIAN_POINT('',(-34.94511432753,-1.792249811202,
    97.985645838455));
#601 = CARTESIAN_POINT('',(-34.99705191908,-0.925528386797,
    98.004008333064));
#602 = CARTESIAN_POINT('',(-35.00279055515,0.818899304173,
    98.006037241004));
#603 = CARTESIAN_POINT('',(-34.95535418097,1.696687131006,
    97.989266167947));
#604 = CARTESIAN_POINT('',(-34.85757489261,2.572376389764,
    97.954689165125));
#605 = CARTESIAN_POINT('',(-34.70974821281,3.443823252121,
    97.902585827816));
#606 = CARTESIAN_POINT('',(-34.51243048213,4.30897759253,97.833508091215
    ));
#607 = CARTESIAN_POINT('',(-34.26640478828,5.165878815115,
    97.748250024057));
#608 = CARTESIAN_POINT('',(-33.82235144419,6.445974984163,97.59640962526
    ));
#609 = CARTESIAN_POINT('',(-33.65953704505,6.87665814752,97.54103292415)
  );
#610 = CARTESIAN_POINT('',(-33.48435268974,7.304459825787,
    97.481810828429));
#611 = CARTESIAN_POINT('',(-33.29693790483,7.729149642079,
    97.418888187331));
#612 = CARTESIAN_POINT('',(-33.09744077858,8.150508493247,
    97.352420804958));
#613 = CARTESIAN_POINT('',(-32.88601599457,8.568327871011,
    97.282573719037));
#614 = CARTESIAN_POINT('',(-32.43751747996,9.400409279272,
    97.135773869376));
#615 = CARTESIAN_POINT('',(-32.20021975799,9.814600588456,
    97.058760043734));
#616 = CARTESIAN_POINT('',(-31.95109308217,10.224779968457,
    96.978655379996));
#617 = CARTESIAN_POINT('',(-31.69030513551,10.630755166196,
    96.895644840281));
#618 = CARTESIAN_POINT('',(-31.41802625583,11.032343990598,
    96.809919471177));
#619 = CARTESIAN_POINT('',(-31.1344277903,11.429373485505,
    96.721674903329));
#620 = CARTESIAN_POINT('',(-30.22948991849,12.633836297466,
    96.443620670066));
#621 = CARTESIAN_POINT('',(-29.57153773397,13.425721125014,
    96.246192618243));
#622 = CARTESIAN_POINT('',(-28.86731550915,14.195915727948,
    96.040581421296));
#623 = CARTESIAN_POINT('',(-28.11832652731,14.943101746559,
    95.828609708759));
#624 = CARTESIAN_POINT('',(-27.32606603379,15.666039515241,
    95.612126726364));
#625 = CARTESIAN_POINT('',(-26.49200114243,16.363549434657,
    95.39297791585));
#626 = CARTESIAN_POINT('',(-24.67744001029,17.755820683849,
    94.936472234256));
#627 = CARTESIAN_POINT('',(-23.69070765599,18.446399710781,
    94.698998350937));
#628 = CARTESIAN_POINT('',(-22.65911870308,19.104832132367,
    94.462822619564));
#629 = CARTESIAN_POINT('',(-21.58452252669,19.72965825126,
    94.230212807546));
#630 = CARTESIAN_POINT('',(-20.4688902618,20.319379447086,
    94.003411550446));
#631 = CARTESIAN_POINT('',(-19.31435259688,20.87247848279,
    93.784603360082));
#632 = CARTESIAN_POINT('',(-17.53174347828,21.643163711971,
    93.472232811929));
#633 = CARTESIAN_POINT('',(-16.93124188443,21.889477460343,
    93.371073416793));
#634 = CARTESIAN_POINT('',(-16.32202783284,22.126192323218,
    93.272660957015));
#635 = CARTESIAN_POINT('',(-15.70441476459,22.35311811433,
    93.177248035283));
#636 = CARTESIAN_POINT('',(-15.07873645331,22.570065115922,
    93.085080577304));
#637 = CARTESIAN_POINT('',(-14.44534894353,22.776846000641,
    92.996396061924));
#638 = CARTESIAN_POINT('',(-13.16741706172,23.168636156365,
    92.826911760466));
#639 = CARTESIAN_POINT('',(-12.52295162895,23.35375849501,
    92.746071410448));
#640 = CARTESIAN_POINT('',(-11.87161279633,23.52846410203,
    92.669124483646));
#641 = CARTESIAN_POINT('',(-11.2137993587,23.692577218381,
    92.596284428069));
#642 = CARTESIAN_POINT('',(-10.54993391706,23.845929351216,
    92.527752230953));
#643 = CARTESIAN_POINT('',(-9.880464495597,23.988361631772,
    92.463714292412));
#644 = CARTESIAN_POINT('',(-7.922630793424,24.36961351212,
    92.291397820824));
#645 = CARTESIAN_POINT('',(-6.620738061984,24.579474857852,
    92.195322837093));
#646 = CARTESIAN_POINT('',(-5.303588145792,24.74826328894,
    92.117299485342));
#647 = CARTESIAN_POINT('',(-3.974757497643,24.875154925283,
    92.058264559767));
#648 = CARTESIAN_POINT('',(-2.638003732799,24.95956122632,
    92.018871345888));
#649 = CARTESIAN_POINT('',(-1.297274379712,25.001164966155,91.9994563495
    ));
#650 = CARTESIAN_POINT('',(1.375321714361,24.998804325144,
    92.000557981223));
#651 = CARTESIAN_POINT('',(2.70735143114,24.955381557721,92.020821858449
    ));
#652 = CARTESIAN_POINT('',(4.035300813501,24.869709582203,92.06079872017
    ));
#653 = CARTESIAN_POINT('',(5.355300626613,24.742108170685,
    92.120148713334));
#654 = CARTESIAN_POINT('',(6.663668793659,24.573160921744,
    92.198223820607));
#655 = CARTESIAN_POINT('',(7.956901705116,24.363680051703,
    92.294100418933));
#656 = CARTESIAN_POINT('',(9.895984643072,23.984942140314,
    92.465248645298));
#657 = CARTESIAN_POINT('',(10.555311205748,23.844455960696,
    92.528403352252));
#658 = CARTESIAN_POINT('',(11.209195522957,23.693377012861,
    92.595916144986));
#659 = CARTESIAN_POINT('',(11.857209568069,23.531857169443,
    92.667608806709));
#660 = CARTESIAN_POINT('',(12.498949244456,23.360057360227,
    92.743289391604));
#661 = CARTESIAN_POINT('',(13.134032886053,23.178145384389,
    92.82275419726));
#662 = CARTESIAN_POINT('',(14.39741373376,22.792228333565,
    92.989783402962));
#663 = CARTESIAN_POINT('',(15.025548973521,22.587992287331,
    93.077430804562));
#664 = CARTESIAN_POINT('',(15.646134543495,22.373763501479,
    93.168511193405));
#665 = CARTESIAN_POINT('',(16.258822925359,22.149724114156,
    93.262793912165));
#666 = CARTESIAN_POINT('',(16.863288162486,21.916058637436,
    93.360040093751));
#667 = CARTESIAN_POINT('',(17.459224006263,21.672952110533,
    93.46000436035));
#668 = CARTESIAN_POINT('',(19.235801602406,20.909316976777,
    93.769956817876));
#669 = CARTESIAN_POINT('',(20.389019944952,20.360071308101,
    93.987597612609));
#670 = CARTESIAN_POINT('',(21.503678563475,19.774353930332,
    94.213289208317));
#671 = CARTESIAN_POINT('',(22.577658310312,19.153669641544,
    94.444867663001));
#672 = CARTESIAN_POINT('',(23.609000307466,18.4995048405,94.680112718541
    ));
#673 = CARTESIAN_POINT('',(24.595868128117,17.81330696655,
    94.916780487877));
#674 = CARTESIAN_POINT('',(26.417613644515,16.424995504136,
    95.37355247247));
#675 = CARTESIAN_POINT('',(27.258108588753,15.726676317709,
    95.593744506997));
#676 = CARTESIAN_POINT('',(28.056560632292,15.002655087247,
    95.811365049068));
#677 = CARTESIAN_POINT('',(28.811485947765,14.254123552608,
    96.024546882123));
#678 = CARTESIAN_POINT('',(29.521372732042,13.482332996795,
    96.23141827835));
#679 = CARTESIAN_POINT('',(30.184701071846,12.688612942391,
    96.430133709115));
#680 = CARTESIAN_POINT('',(31.099024477804,11.478620745674,
    96.710675867942));
#681 = CARTESIAN_POINT('',(31.386725076016,11.078012288694,
    96.80008847431));
#682 = CARTESIAN_POINT('',(31.662888108411,10.672735624111,
    96.886947200945));
#683 = CARTESIAN_POINT('',(31.927336856377,10.262968457538,
    96.971050047692));
#684 = CARTESIAN_POINT('',(32.179895583113,9.848898062668,
    97.052199721101));
#685 = CARTESIAN_POINT('',(32.420391255131,9.430722150726,
    97.130205206252));
#686 = CARTESIAN_POINT('',(33.307674716706,7.790087379033,
    97.420486061943));
#687 = CARTESIAN_POINT('',(33.864903147074,6.538744003279,
    97.608407946659));
#688 = CARTESIAN_POINT('',(34.315962220164,5.260050085215,
    97.764141848579));
#689 = CARTESIAN_POINT('',(34.657177331177,3.959965461642,
    97.883844305963));
#690 = CARTESIAN_POINT('',(34.88574814067,2.645025711034,97.964656549002
    ));
#691 = CARTESIAN_POINT('',(35.,1.322403530327,98.005050633883));
#692 = CARTESIAN_POINT('',(35.,0.,98.005050633883));
#693 = PCURVE('',#179,#694);
#694 = DEFINITIONAL_REPRESENTATION('',(#695),#878);
#695 = B_SPLINE_CURVE_WITH_KNOTS('',7,(#696,#697,#698,#699,#700,#701,
    #702,#703,#704,#705,#706,#707,#708,#709,#710,#711,#712,#713,#714,
    #715,#716,#717,#718,#719,#720,#721,#722,#723,#724,#725,#726,#727,
    #728,#729,#730,#731,#732,#733,#734,#735,#736,#737,#738,#739,#740,
    #741,#742,#743,#744,#745,#746,#747,#748,#749,#750,#751,#752,#753,
    #754,#755,#756,#757,#758,#759,#760,#761,#762,#763,#764,#765,#766,
    #767,#768,#769,#770,#771,#772,#773,#774,#775,#776,#777,#778,#779,
    #780,#781,#782,#783,#784,#785,#786,#787,#788,#789,#790,#791,#792,
    #793,#794,#795,#796,#797,#798,#799,#800,#801,#802,#803,#804,#805,
    #806,#807,#808,#809,#810,#811,#812,#813,#814,#815,#816,#817,#818,
    #819,#820,#821,#822,#823,#824,#825,#826,#827,#828,#829,#830,#831,
    #832,#833,#834,#835,#836,#837,#838,#839,#840,#841,#842,#843,#844,
    #845,#846,#847,#848,#849,#850,#851,#852,#853,#854,#855,#856,#857,
    #858,#859,#860,#861,#862,#863,#864,#865,#866,#867,#868,#869,#870,
    #871,#872,#873,#874,#875,#876,#877),.UNSPECIFIED.,.T.,.F.,(8,6,6,6,6
    ,6,6,6,6,6,6,6,6,6,6,6,6,6,6,6,6,6,6,6,6,6,6,6,6,6,8),(0.,
    5.760474339104E-02,7.761651043286E-02,0.120064527766,0.164613230725,
    0.186734332692,0.207736976442,0.249601870587,0.292355118047,
    0.314034727122,0.335963773995,0.380385208948,0.42198669994,
    0.442206561691,0.461359520773,0.499629381508,0.538378715814,
    0.55820803789,0.578225020771,0.619664490304,0.664215509891,
    0.686339036258,0.708341674409,0.750195562652,0.791783642453,
    0.81345629885,0.83537903052,0.879792929999,0.921395521511,
    0.94161743946,1.),.UNSPECIFIED.);
#696 = CARTESIAN_POINT('',(2.801755744136,120.));
#697 = CARTESIAN_POINT('',(2.801755744136,118.69521730316));
#698 = CARTESIAN_POINT('',(2.802879310092,117.39022705727));
#699 = CARTESIAN_POINT('',(2.805127077226,116.09260956291));
#700 = CARTESIAN_POINT('',(2.80848023849,114.80926241997));
#701 = CARTESIAN_POINT('',(2.812906294562,113.5464835853));
#702 = CARTESIAN_POINT('',(2.818362568109,112.31002770121));
#703 = CARTESIAN_POINT('',(2.827034874018,110.6865762693));
#704 = CARTESIAN_POINT('',(2.82938930758,110.27178014255));
#705 = CARTESIAN_POINT('',(2.831860227446,109.86096465758));
#706 = CARTESIAN_POINT('',(2.834445601502,109.45432317769));
#707 = CARTESIAN_POINT('',(2.837143364415,109.05203892401));
#708 = CARTESIAN_POINT('',(2.839951438963,108.65428580249));
#709 = CARTESIAN_POINT('',(2.849053714543,107.42749615119));
#710 = CARTESIAN_POINT('',(2.855726467983,106.61492444928));
#711 = CARTESIAN_POINT('',(2.86286654063,105.82504494981));
#712 = CARTESIAN_POINT('',(2.870454389625,105.05927775161));
#713 = CARTESIAN_POINT('',(2.878470816111,104.31895579567));
#714 = CARTESIAN_POINT('',(2.886897324844,103.60534590963));
#715 = CARTESIAN_POINT('',(2.904971986232,102.20005559281));
#716 = CARTESIAN_POINT('',(2.914659388131,101.51125246888));
#717 = CARTESIAN_POINT('',(2.924758382578,100.85465826447));
#718 = CARTESIAN_POINT('',(2.935248445789,100.23173344764));
#719 = CARTESIAN_POINT('',(2.946108572613,99.643977819957));
#720 = CARTESIAN_POINT('',(2.957317001009,99.09290974848));
#721 = CARTESIAN_POINT('',(2.974578135459,98.325377586552));
#722 = CARTESIAN_POINT('',(2.980385521382,98.080135025219));
#723 = CARTESIAN_POINT('',(2.986270139038,97.84450652383));
#724 = CARTESIAN_POINT('',(2.99222896854,97.618682206375));
#725 = CARTESIAN_POINT('',(2.998258846151,97.402851635219));
#726 = CARTESIAN_POINT('',(3.004356446246,97.197201876695));
#727 = CARTESIAN_POINT('',(3.01636853457,96.816503067654));
#728 = CARTESIAN_POINT('',(3.022276699838,96.640432339845));
#729 = CARTESIAN_POINT('',(3.028239738676,96.473860184749));
#730 = CARTESIAN_POINT('',(3.034254496556,96.316939237107));
#731 = CARTESIAN_POINT('',(3.040317670564,96.169816094025));
#732 = CARTESIAN_POINT('',(3.046425795139,96.032629444055));
#733 = CARTESIAN_POINT('',(3.064832986944,95.652115449841));
#734 = CARTESIAN_POINT('',(3.077255809387,95.438696152919));
#735 = CARTESIAN_POINT('',(3.089813593661,95.26630856654));
#736 = CARTESIAN_POINT('',(3.102475102485,95.135790043885));
#737 = CARTESIAN_POINT('',(3.11520777635,95.047744850416));
#738 = CARTESIAN_POINT('',(3.127977452313,95.002507308188));
#739 = CARTESIAN_POINT('',(3.153789508446,94.997601719794));
#740 = CARTESIAN_POINT('',(3.166833586847,95.039769476561));
#741 = CARTESIAN_POINT('',(3.179841674037,95.126606024267));
#742 = CARTESIAN_POINT('',(3.192777339223,95.257771392882));
#743 = CARTESIAN_POINT('',(3.205605862725,95.432630986658));
#744 = CARTESIAN_POINT('',(3.218293931199,95.65029568469));
#745 = CARTESIAN_POINT('',(3.237155882796,96.041141359968));
#746 = CARTESIAN_POINT('',(3.243458227341,96.183370040247));
#747 = CARTESIAN_POINT('',(3.249712465454,96.336178238213));
#748 = CARTESIAN_POINT('',(3.255914794881,96.499412895792));
#749 = CARTESIAN_POINT('',(3.262061597935,96.672912094745));
#750 = CARTESIAN_POINT('',(3.268149424776,96.856507243837));
#751 = CARTESIAN_POINT('',(3.280269856432,97.245769837036));
#752 = CARTESIAN_POINT('',(3.28630102796,97.451667178965));
#753 = CARTESIAN_POINT('',(3.292265101439,97.667538775585));
#754 = CARTESIAN_POINT('',(3.298158858587,97.893202053092));
#755 = CARTESIAN_POINT('',(3.303979235496,98.128472210512));
#756 = CARTESIAN_POINT('',(3.309723305452,98.373164050125));
#757 = CARTESIAN_POINT('',(3.326863702954,99.141476593614));
#758 = CARTESIAN_POINT('',(3.338014021918,99.693744814743));
#759 = CARTESIAN_POINT('',(3.348816675355,100.28239632723));
#760 = CARTESIAN_POINT('',(3.359250124272,100.90592756766));
#761 = CARTESIAN_POINT('',(3.369293569153,101.56285343842));
#762 = CARTESIAN_POINT('',(3.378926685131,102.25172719288));
#763 = CARTESIAN_POINT('',(3.396747828809,103.64492267898));
#764 = CARTESIAN_POINT('',(3.404988291767,104.34544980172));
#765 = CARTESIAN_POINT('',(3.412834256721,105.07159246262));
#766 = CARTESIAN_POINT('',(3.420268305213,105.82215690418));
#767 = CARTESIAN_POINT('',(3.427272371258,106.59588801595));
#768 = CARTESIAN_POINT('',(3.433828067363,107.39145026267));
#769 = CARTESIAN_POINT('',(3.442876527885,108.60399117543));
#770 = CARTESIAN_POINT('',(3.445725701237,109.00538721431));
#771 = CARTESIAN_POINT('',(3.448462442601,109.41142451623));
#772 = CARTESIAN_POINT('',(3.45108460867,109.82192433097));
#773 = CARTESIAN_POINT('',(3.45359006758,110.2366982507));
#774 = CARTESIAN_POINT('',(3.45597672125,110.65554733992));
#775 = CARTESIAN_POINT('',(3.460388778759,111.47867065574));
#776 = CARTESIAN_POINT('',(3.462426600664,111.88254806357));
#777 = CARTESIAN_POINT('',(3.464354254113,112.28971377734));
#778 = CARTESIAN_POINT('',(3.466170049491,112.6999794165));
#779 = CARTESIAN_POINT('',(3.467872367717,113.11314736036));
#780 = CARTESIAN_POINT('',(3.469459681043,113.52901017723));
#781 = CARTESIAN_POINT('',(3.47386959038,114.78324223748));
#782 = CARTESIAN_POINT('',(3.476343962499,115.62906961435));
#783 = CARTESIAN_POINT('',(3.478342088437,116.48303321195));
#784 = CARTESIAN_POINT('',(3.479854696547,117.34325012561));
#785 = CARTESIAN_POINT('',(3.480875134815,118.20775018879));
#786 = CARTESIAN_POINT('',(3.48139978294,119.0744716132));
#787 = CARTESIAN_POINT('',(3.481457751898,120.81889930417));
#788 = CARTESIAN_POINT('',(3.480978572943,121.696687131));
#789 = CARTESIAN_POINT('',(3.479990831057,122.57237638976));
#790 = CARTESIAN_POINT('',(3.478498068485,123.44382325212));
#791 = CARTESIAN_POINT('',(3.476507032303,124.30897759253));
#792 = CARTESIAN_POINT('',(3.474027246869,125.16587881511));
#793 = CARTESIAN_POINT('',(3.469557759699,126.44597498416));
#794 = CARTESIAN_POINT('',(3.467919912852,126.87665814752));
#795 = CARTESIAN_POINT('',(3.46615873874,127.30445982578));
#796 = CARTESIAN_POINT('',(3.464275931226,127.72914964207));
#797 = CARTESIAN_POINT('',(3.462273289242,128.15050849324));
#798 = CARTESIAN_POINT('',(3.460152692071,128.56832787101));
#799 = CARTESIAN_POINT('',(3.455658290277,129.40040927927));
#800 = CARTESIAN_POINT('',(3.453282277329,129.81460058845));
#801 = CARTESIAN_POINT('',(3.450790021347,130.22477996845));
#802 = CARTESIAN_POINT('',(3.448183560353,130.63075516619));
#803 = CARTESIAN_POINT('',(3.445464963686,131.03234399059));
#804 = CARTESIAN_POINT('',(3.442636310863,131.4293734855));
#805 = CARTESIAN_POINT('',(3.43362019172,132.63383629746));
#806 = CARTESIAN_POINT('',(3.427078101144,133.42572112501));
#807 = CARTESIAN_POINT('',(3.420091522186,134.19591572794));
#808 = CARTESIAN_POINT('',(3.412678620438,134.94310174655));
#809 = CARTESIAN_POINT('',(3.404857242741,135.66603951524));
#810 = CARTESIAN_POINT('',(3.396644599245,136.36354943465));
#811 = CARTESIAN_POINT('',(3.378824562776,137.75582068384));
#812 = CARTESIAN_POINT('',(3.369159296619,138.44639971078));
#813 = CARTESIAN_POINT('',(3.359081477918,139.10483213236));
#814 = CARTESIAN_POINT('',(3.348611609503,139.72965825126));
#815 = CARTESIAN_POINT('',(3.337770679091,140.31937944708));
#816 = CARTESIAN_POINT('',(3.326580429352,140.87247848279));
#817 = CARTESIAN_POINT('',(3.309344516232,141.64316371197));
#818 = CARTESIAN_POINT('',(3.303544998316,141.88947746034));
#819 = CARTESIAN_POINT('',(3.297667960253,142.12619232321));
#820 = CARTESIAN_POINT('',(3.291716412881,142.35311811433));
#821 = CARTESIAN_POINT('',(3.285693509829,142.57006511592));
#822 = CARTESIAN_POINT('',(3.279602565503,142.77684600064));
#823 = CARTESIAN_POINT('',(3.267325215737,143.16863615636));
#824 = CARTESIAN_POINT('',(3.26113950476,143.35375849501));
#825 = CARTESIAN_POINT('',(3.25489340175,143.52846410203));
#826 = CARTESIAN_POINT('',(3.248590528482,143.69257721838));
#827 = CARTESIAN_POINT('',(3.24223468485,143.84592935121));
#828 = CARTESIAN_POINT('',(3.235829866806,143.98836163177));
#829 = CARTESIAN_POINT('',(3.217111750703,144.36961351212));
#830 = CARTESIAN_POINT('',(3.204680296378,144.57947485785));
#831 = CARTESIAN_POINT('',(3.192116152593,144.74826328894));
#832 = CARTESIAN_POINT('',(3.179450653669,144.87515492528));
#833 = CARTESIAN_POINT('',(3.166716422571,144.95956122632));
#834 = CARTESIAN_POINT('',(3.153947648755,145.00116496615));
#835 = CARTESIAN_POINT('',(3.128494350459,144.99880432514));
#836 = CARTESIAN_POINT('',(3.115808274557,144.95538155772));
#837 = CARTESIAN_POINT('',(3.103157647456,144.8697095822));
#838 = CARTESIAN_POINT('',(3.090575983939,144.74210817068));
#839 = CARTESIAN_POINT('',(3.078095256834,144.57316092174));
#840 = CARTESIAN_POINT('',(3.065746167424,144.3636800517));
#841 = CARTESIAN_POINT('',(3.047206917265,143.98494214031));
#842 = CARTESIAN_POINT('',(3.040899051571,143.84445596069));
#843 = CARTESIAN_POINT('',(3.034638748018,143.69337701286));
#844 = CARTESIAN_POINT('',(3.028429824431,143.53185716944));
#845 = CARTESIAN_POINT('',(3.022275914104,143.36005736022));
#846 = CARTESIAN_POINT('',(3.016180482435,143.17814538438));
#847 = CARTESIAN_POINT('',(3.004043584096,142.79222833356));
#848 = CARTESIAN_POINT('',(2.99800354303,142.58799228733));
#849 = CARTESIAN_POINT('',(2.992030126388,142.37376350147));
#850 = CARTESIAN_POINT('',(2.986126567077,142.14972411415));
#851 = CARTESIAN_POINT('',(2.980295942144,141.91605863743));
#852 = CARTESIAN_POINT('',(2.974541190008,141.67295211053));
#853 = CARTESIAN_POINT('',(2.957365828017,140.90931697677));
#854 = CARTESIAN_POINT('',(2.946189980929,140.3600713081));
#855 = CARTESIAN_POINT('',(2.935360242411,139.77435393033));
#856 = CARTESIAN_POINT('',(2.924898183591,139.15366964154));
#857 = CARTESIAN_POINT('',(2.914824623535,138.4995048405));
#858 = CARTESIAN_POINT('',(2.905159901664,137.81330696655));
#859 = CARTESIAN_POINT('',(2.887272885705,136.42499550413));
#860 = CARTESIAN_POINT('',(2.878998497014,135.7266763177));
#861 = CARTESIAN_POINT('',(2.871117393308,135.00265508724));
#862 = CARTESIAN_POINT('',(2.863646963627,134.2541235526));
#863 = CARTESIAN_POINT('',(2.856605241754,133.48233299679));
#864 = CARTESIAN_POINT('',(2.850010589002,132.68861294239));
#865 = CARTESIAN_POINT('',(2.8409020662,131.47862074567));
#866 = CARTESIAN_POINT('',(2.838032805148,131.07801228869));
#867 = CARTESIAN_POINT('',(2.83527568343,130.67273562411));
#868 = CARTESIAN_POINT('',(2.83263284559,130.26296845753));
#869 = CARTESIAN_POINT('',(2.830106426487,129.84889806266));
#870 = CARTESIAN_POINT('',(2.827698529167,129.43072215072));
#871 = CARTESIAN_POINT('',(2.81880747827,127.79008737903));
#872 = CARTESIAN_POINT('',(2.813207108902,126.53874400327));
#873 = CARTESIAN_POINT('',(2.808662602334,125.26005008521));
#874 = CARTESIAN_POINT('',(2.805218776134,123.95996546164));
#875 = CARTESIAN_POINT('',(2.80290986217,122.64502571103));
#876 = CARTESIAN_POINT('',(2.801755744136,121.32240353032));
#877 = CARTESIAN_POINT('',(2.801755744136,120.));
#878 = ( GEOMETRIC_REPRESENTATION_CONTEXT(2) 
PARAMETRIC_REPRESENTATION_CONTEXT() REPRESENTATION_CONTEXT('2D SPACE',''
  ) );
#879 = PCURVE('',#880,#888);
#880 = SURFACE_OF_LINEAR_EXTRUSION('',#881,#886);
#881 = ELLIPSE('',#882,35.,25.);
#882 = AXIS2_PLACEMENT_3D('',#883,#884,#885);
#883 = CARTESIAN_POINT('',(0.,0.,-150.));
#884 = DIRECTION('',(0.,0.,1.));
#885 = DIRECTION('',(1.,0.,0.));
#886 = VECTOR('',#887,1.);
#887 = DIRECTION('',(-0.,-0.,-1.));
#888 = DEFINITIONAL_REPRESENTATION('',(#889),#1072);
#889 = B_SPLINE_CURVE_WITH_KNOTS('',7,(#890,#891,#892,#893,#894,#895,
    #896,#897,#898,#899,#900,#901,#902,#903,#904,#905,#906,#907,#908,
    #909,#910,#911,#912,#913,#914,#915,#916,#917,#918,#919,#920,#921,
    #922,#923,#924,#925,#926,#927,#928,#929,#930,#931,#932,#933,#934,
    #935,#936,#937,#938,#939,#940,#941,#942,#943,#944,#945,#946,#947,
    #948,#949,#950,#951,#952,#953,#954,#955,#956,#957,#958,#959,#960,
    #961,#962,#963,#964,#965,#966,#967,#968,#969,#970,#971,#972,#973,
    #974,#975,#976,#977,#978,#979,#980,#981,#982,#983,#984,#985,#986,
    #987,#988,#989,#990,#991,#992,#993,#994,#995,#996,#997,#998,#999,
    #1000,#1001,#1002,#1003,#1004,#1005,#1006,#1007,#1008,#1009,#1010,
    #1011,#1012,#1013,#1014,#1015,#1016,#1017,#1018,#1019,#1020,#1021,
    #1022,#1023,#1024,#1025,#1026,#1027,#1028,#1029,#1030,#1031,#1032,
    #1033,#1034,#1035,#1036,#1037,#1038,#1039,#1040,#1041,#1042,#1043,
    #1044,#1045,#1046,#1047,#1048,#1049,#1050,#1051,#1052,#1053,#1054,
    #1055,#1056,#1057,#1058,#1059,#1060,#1061,#1062,#1063,#1064,#1065,
    #1066,#1067,#1068,#1069,#1070,#1071),.UNSPECIFIED.,.F.,.F.,(8,6,6,6,
    6,6,6,6,6,6,6,6,6,6,6,6,6,6,6,6,6,6,6,6,6,6,6,6,6,6,8),(0.,
    5.760474339104E-02,7.761651043286E-02,0.120064527766,0.164613230725,
    0.186734332692,0.207736976442,0.249601870587,0.292355118047,
    0.314034727122,0.335963773995,0.380385208948,0.42198669994,
    0.442206561691,0.461359520773,0.499629381508,0.538378715814,
    0.55820803789,0.578225020771,0.619664490304,0.664215509891,
    0.686339036258,0.708341674409,0.750195562652,0.791783642453,
    0.81345629885,0.83537903052,0.879792929999,0.921395521511,
    0.94161743946,1.),.UNSPECIFIED.);
#890 = CARTESIAN_POINT('',(6.28318530718,-248.0050506338));
#891 = CARTESIAN_POINT('',(6.230993999306,-248.0050506338));
#892 = CARTESIAN_POINT('',(6.178794392191,-247.9657258665));
#893 = CARTESIAN_POINT('',(6.126657473266,-247.8870537909));
#894 = CARTESIAN_POINT('',(6.074626690546,-247.7704811237));
#895 = CARTESIAN_POINT('',(6.022731342918,-247.6187193497));
#896 = CARTESIAN_POINT('',(5.970991379703,-247.4354237351));
#897 = CARTESIAN_POINT('',(5.901506539272,-247.1517547463));
#898 = CARTESIAN_POINT('',(5.883610425787,-247.0753237669));
#899 = CARTESIAN_POINT('',(5.865733285867,-246.9957761393));
#900 = CARTESIAN_POINT('',(5.84787474955,-246.9132959073));
#901 = CARTESIAN_POINT('',(5.830034192881,-246.8280733319));
#902 = CARTESIAN_POINT('',(5.812210752118,-246.7403033799));
#903 = CARTESIAN_POINT('',(5.756631090032,-246.4590276778));
#904 = CARTESIAN_POINT('',(5.718932315893,-246.2573083287));
#905 = CARTESIAN_POINT('',(5.681294556917,-246.0469090414));
#906 = CARTESIAN_POINT('',(5.643703168741,-245.8297883448));
#907 = CARTESIAN_POINT('',(5.606141628091,-245.6079346162));
#908 = CARTESIAN_POINT('',(5.568591377687,-245.383331695));
#909 = CARTESIAN_POINT('',(5.491612247077,-244.9213856455));
#910 = CARTESIAN_POINT('',(5.452184790125,-244.6839766748));
#911 = CARTESIAN_POINT('',(5.412724168184,-244.4479696308));
#912 = CARTESIAN_POINT('',(5.373208953687,-244.2156292127));
#913 = CARTESIAN_POINT('',(5.333620177076,-243.9891963362));
#914 = CARTESIAN_POINT('',(5.293941065462,-243.7708549808));
#915 = CARTESIAN_POINT('',(5.234402281962,-243.4593291973));
#916 = CARTESIAN_POINT('',(5.214621868265,-243.3584769676));
#917 = CARTESIAN_POINT('',(5.194814622349,-243.2603940968));
#918 = CARTESIAN_POINT('',(5.174979427147,-243.1653326513));
#919 = CARTESIAN_POINT('',(5.155115510959,-243.0735379339));
#920 = CARTESIAN_POINT('',(5.135222468816,-242.985246705));
#921 = CARTESIAN_POINT('',(5.096385378304,-242.8203995776));
#922 = CARTESIAN_POINT('',(5.077444181208,-242.7434759429));
#923 = CARTESIAN_POINT('',(5.058476748098,-242.6701084681));
#924 = CARTESIAN_POINT('',(5.039483407864,-242.6004824533));
#925 = CARTESIAN_POINT('',(5.020464798156,-242.534772843));
#926 = CARTESIAN_POINT('',(5.001421900802,-242.4731425402));
#927 = CARTESIAN_POINT('',(4.944351876665,-242.3013207852));
#928 = CARTESIAN_POINT('',(4.906253695934,-242.2036931438));
#929 = CARTESIAN_POINT('',(4.868076308119,-242.1240555948));
#930 = CARTESIAN_POINT('',(4.829835192113,-242.0633610406));
#931 = CARTESIAN_POINT('',(4.791547685102,-242.0222807099));
#932 = CARTESIAN_POINT('',(4.753234695962,-242.0011700738));
#933 = CARTESIAN_POINT('',(4.675798306572,-241.9988808058));
#934 = CARTESIAN_POINT('',(4.636669988249,-242.0185588688));
#935 = CARTESIAN_POINT('',(4.597566688934,-242.0590901315));
#936 = CARTESIAN_POINT('',(4.558510743118,-242.1201145721));
#937 = CARTESIAN_POINT('',(4.519520661299,-242.2009275256));
#938 = CARTESIAN_POINT('',(4.480613021843,-242.3005168918));
#939 = CARTESIAN_POINT('',(4.422124077275,-242.4769768565));
#940 = CARTESIAN_POINT('',(4.402468864944,-242.540851804));
#941 = CARTESIAN_POINT('',(4.382839604194,-242.6090641632));
#942 = CARTESIAN_POINT('',(4.363237355499,-242.6814340249));
#943 = CARTESIAN_POINT('',(4.343662788481,-242.7577679067));
#944 = CARTESIAN_POINT('',(4.324116222948,-242.8378607251));
#945 = CARTESIAN_POINT('',(4.284854543462,-243.0060971074));
#946 = CARTESIAN_POINT('',(4.265140051946,-243.0943228118));
#947 = CARTESIAN_POINT('',(4.245454123099,-243.1859528829));
#948 = CARTESIAN_POINT('',(4.225796313882,-243.2807555575));
#949 = CARTESIAN_POINT('',(4.206165830222,-243.3784909928));
#950 = CARTESIAN_POINT('',(4.186561546732,-243.4789129533));
#951 = CARTESIAN_POINT('',(4.127320002233,-243.790127921));
#952 = CARTESIAN_POINT('',(4.08776128843,-244.0084711353));
#953 = CARTESIAN_POINT('',(4.048291284638,-244.2347235897));
#954 = CARTESIAN_POINT('',(4.00889336322,-244.4667190758));
#955 = CARTESIAN_POINT('',(3.969548600899,-244.7022341924));
#956 = CARTESIAN_POINT('',(3.930235510376,-244.9390208107));
#957 = CARTESIAN_POINT('',(3.854119224854,-245.3956861808));
#958 = CARTESIAN_POINT('',(3.817317160983,-245.6156713018));
#959 = CARTESIAN_POINT('',(3.780503692572,-245.8329513811));
#960 = CARTESIAN_POINT('',(3.743661369996,-246.0456591564));
#961 = CARTESIAN_POINT('',(3.706774630395,-246.2519235969));
#962 = CARTESIAN_POINT('',(3.669829657349,-246.4499010109));
#963 = CARTESIAN_POINT('',(3.614823991133,-246.7291500605));
#964 = CARTESIAN_POINT('',(3.596817078454,-246.8181053328));
#965 = CARTESIAN_POINT('',(3.578792772102,-246.904477435));
#966 = CARTESIAN_POINT('',(3.560750164783,-246.9880649425));
#967 = CARTESIAN_POINT('',(3.542688598107,-247.0686712651));
#968 = CARTESIAN_POINT('',(3.524607677332,-247.146106232));
#969 = CARTESIAN_POINT('',(3.489361963521,-247.2903602084));
#970 = CARTESIAN_POINT('',(3.472199159138,-247.3575238351));
#971 = CARTESIAN_POINT('',(3.455018818788,-247.4215236393));
#972 = CARTESIAN_POINT('',(3.437821088777,-247.4822113338));
#973 = CARTESIAN_POINT('',(3.420606337826,-247.5394467104));
#974 = CARTESIAN_POINT('',(3.403375179004,-247.5930990876));
#975 = CARTESIAN_POINT('',(3.351667585654,-247.7428540663));
#976 = CARTESIAN_POINT('',(3.317142806804,-247.8278818583));
#977 = CARTESIAN_POINT('',(3.282563772383,-247.8971671036));
#978 = CARTESIAN_POINT('',(3.247940905983,-247.949936573));
#979 = CARTESIAN_POINT('',(3.213286132749,-247.9856458384));
#980 = CARTESIAN_POINT('',(3.178613886942,-248.004008333));
#981 = CARTESIAN_POINT('',(3.108836586668,-248.006037241));
#982 = CARTESIAN_POINT('',(3.073728357776,-247.9892661679));
#983 = CARTESIAN_POINT('',(3.038636773106,-247.9546891651));
#984 = CARTESIAN_POINT('',(3.00357689082,-247.9025858278));
#985 = CARTESIAN_POINT('',(2.968561189872,-247.8335080912));
#986 = CARTESIAN_POINT('',(2.933600636256,-247.748250024));
#987 = CARTESIAN_POINT('',(2.880848385673,-247.5964096252));
#988 = CARTESIAN_POINT('',(2.863007926974,-247.5410329241));
#989 = CARTESIAN_POINT('',(2.845185040332,-247.4818108284));
#990 = CARTESIAN_POINT('',(2.827380410382,-247.4188881873));
#991 = CARTESIAN_POINT('',(2.80959444092,-247.3524208049));
#992 = CARTESIAN_POINT('',(2.791827280922,-247.282573719));
#993 = CARTESIAN_POINT('',(2.756162452552,-247.1357738693));
#994 = CARTESIAN_POINT('',(2.738265124604,-247.0587600437));
#995 = CARTESIAN_POINT('',(2.720386730678,-246.9786553799));
#996 = CARTESIAN_POINT('',(2.702526868813,-246.8956448402));
#997 = CARTESIAN_POINT('',(2.684684884939,-246.8099194711));
#998 = CARTESIAN_POINT('',(2.666859886675,-246.7216749033));
#999 = CARTESIAN_POINT('',(2.612182019974,-246.44362067));
#1000 = CARTESIAN_POINT('',(2.575382505775,-246.2461926182));
#1001 = CARTESIAN_POINT('',(2.538640485584,-246.0405814212));
#1002 = CARTESIAN_POINT('',(2.501942260783,-245.8286097087));
#1003 = CARTESIAN_POINT('',(2.46527242297,-245.6121267263));
#1004 = CARTESIAN_POINT('',(2.428613714236,-245.3929779158));
#1005 = CARTESIAN_POINT('',(2.352526043022,-244.9364722342));
#1006 = CARTESIAN_POINT('',(2.313098084874,-244.6989983509));
#1007 = CARTESIAN_POINT('',(2.273638072565,-244.4628226195));
#1008 = CARTESIAN_POINT('',(2.234124340209,-244.2302128075));
#1009 = CARTESIAN_POINT('',(2.194537826659,-244.0034115504));
#1010 = CARTESIAN_POINT('',(2.15486180531,-243.78460336));
#1011 = CARTESIAN_POINT('',(2.095327226191,-243.4722328119));
#1012 = CARTESIAN_POINT('',(2.075547574198,-243.3710734167));
#1013 = CARTESIAN_POINT('',(2.055741192934,-243.272660957));
#1014 = CARTESIAN_POINT('',(2.035906940557,-243.1772480352));
#1015 = CARTESIAN_POINT('',(2.016044019275,-243.0850805773));
#1016 = CARTESIAN_POINT('',(1.996151996261,-242.9963960619));
#1017 = CARTESIAN_POINT('',(1.956418506909,-242.8269117604));
#1018 = CARTESIAN_POINT('',(1.936577329028,-242.7460714104));
#1019 = CARTESIAN_POINT('',(1.916707332961,-242.6691244836));
#1020 = CARTESIAN_POINT('',(1.896808886106,-242.596284428));
#1021 = CARTESIAN_POINT('',(1.876882725956,-242.5277522309));
#1022 = CARTESIAN_POINT('',(1.856930004835,-242.4637142924));
#1023 = CARTESIAN_POINT('',(1.798950383658,-242.2913978208));
#1024 = CARTESIAN_POINT('',(1.760855242665,-242.195322837));
#1025 = CARTESIAN_POINT('',(1.722681997583,-242.1172994853));
#1026 = CARTESIAN_POINT('',(1.684446352103,-242.0582645597));
#1027 = CARTESIAN_POINT('',(1.646165799001,-242.0188713458));
#1028 = CARTESIAN_POINT('',(1.607861338042,-241.9994563495));
#1029 = CARTESIAN_POINT('',(1.531501391257,-242.0005579812));
#1030 = CARTESIAN_POINT('',(1.493441285227,-242.0208218584));
#1031 = CARTESIAN_POINT('',(1.455405611308,-242.0607987201));
#1032 = CARTESIAN_POINT('',(1.417414922719,-242.1201487133));
#1033 = CARTESIAN_POINT('',(1.379486330221,-242.1982238206));
#1034 = CARTESIAN_POINT('',(1.341635163532,-242.2941004189));
#1035 = CARTESIAN_POINT('',(1.284198847387,-242.4652486452));
#1036 = CARTESIAN_POINT('',(1.264545842071,-242.5284033522));
#1037 = CARTESIAN_POINT('',(1.24491861612,-242.5959161449));
#1038 = CARTESIAN_POINT('',(1.225318268733,-242.6676088067));
#1039 = CARTESIAN_POINT('',(1.205745508701,-242.7432893916));
#1040 = CARTESIAN_POINT('',(1.186200695937,-242.8227541972));
#1041 = CARTESIAN_POINT('',(1.146941870565,-242.9897834029));
#1042 = CARTESIAN_POINT('',(1.127228479881,-243.0774308045));
#1043 = CARTESIAN_POINT('',(1.107543681292,-243.1685111934));
#1044 = CARTESIAN_POINT('',(1.087887071449,-243.2627939121));
#1045 = CARTESIAN_POINT('',(1.068257893653,-243.3600400937));
#1046 = CARTESIAN_POINT('',(1.04865505818,-243.4600043603));
#1047 = CARTESIAN_POINT('',(0.989413734727,-243.7699568178));
#1048 = CARTESIAN_POINT('',(0.949854316346,-243.9875976126));
#1049 = CARTESIAN_POINT('',(0.910384744979,-244.2132892083));
#1050 = CARTESIAN_POINT('',(0.870988417547,-244.444867663));
#1051 = CARTESIAN_POINT('',(0.831646550104,-244.6801127185));
#1052 = CARTESIAN_POINT('',(0.792337921552,-244.9167804878));
#1053 = CARTESIAN_POINT('',(0.716225878411,-245.3735524724));
#1054 = CARTESIAN_POINT('',(0.679423447249,-245.5937445069));
#1055 = CARTESIAN_POINT('',(0.642610901579,-245.811365049));
#1056 = CARTESIAN_POINT('',(0.60577072634,-246.0245468821));
#1057 = CARTESIAN_POINT('',(0.568887247599,-246.2314182783));
#1058 = CARTESIAN_POINT('',(0.531946483259,-246.4301337091));
#1059 = CARTESIAN_POINT('',(0.47694677062,-246.7106758679));
#1060 = CARTESIAN_POINT('',(0.458941061178,-246.8000884743));
#1061 = CARTESIAN_POINT('',(0.440918097421,-246.8869472009));
#1062 = CARTESIAN_POINT('',(0.422876943414,-246.9710500476));
#1063 = CARTESIAN_POINT('',(0.404816910427,-247.0521997211));
#1064 = CARTESIAN_POINT('',(0.386737571254,-247.1302052062));
#1065 = CARTESIAN_POINT('',(0.316385862682,-247.4204860619));
#1066 = CARTESIAN_POINT('',(0.263957796985,-247.6084079466));
#1067 = CARTESIAN_POINT('',(0.211369280763,-247.7641418485));
#1068 = CARTESIAN_POINT('',(0.158640371692,-247.8838443059));
#1069 = CARTESIAN_POINT('',(0.105801025378,-247.964656549));
#1070 = CARTESIAN_POINT('',(5.28961412131E-02,-248.0050506338));
#1071 = CARTESIAN_POINT('',(0.,-248.0050506338));
#1072 = ( GEOMETRIC_REPRESENTATION_CONTEXT(2) 
PARAMETRIC_REPRESENTATION_CONTEXT() REPRESENTATION_CONTEXT('2D SPACE',''
  ) );
#1073 = ADVANCED_FACE('',(#1074),#340,.F.);
#1074 = FACE_BOUND('',#1075,.F.);
#1075 = EDGE_LOOP('',(#1076,#1551,#1572,#1573));
#1076 = ORIENTED_EDGE('',*,*,#1077,.T.);
#1077 = EDGE_CURVE('',#1078,#1078,#1080,.T.);
#1078 = VERTEX_POINT('',#1079);
#1079 = CARTESIAN_POINT('',(55.,0.,77.557280900008));
#1080 = SURFACE_CURVE('',#1081,(#1234,#1390),.PCURVE_S1.);
#1081 = B_SPLINE_CURVE_WITH_KNOTS('',7,(#1082,#1083,#1084,#1085,#1086,
    #1087,#1088,#1089,#1090,#1091,#1092,#1093,#1094,#1095,#1096,#1097,
    #1098,#1099,#1100,#1101,#1102,#1103,#1104,#1105,#1106,#1107,#1108,
    #1109,#1110,#1111,#1112,#1113,#1114,#1115,#1116,#1117,#1118,#1119,
    #1120,#1121,#1122,#1123,#1124,#1125,#1126,#1127,#1128,#1129,#1130,
    #1131,#1132,#1133,#1134,#1135,#1136,#1137,#1138,#1139,#1140,#1141,
    #1142,#1143,#1144,#1145,#1146,#1147,#1148,#1149,#1150,#1151,#1152,
    #1153,#1154,#1155,#1156,#1157,#1158,#1159,#1160,#1161,#1162,#1163,
    #1164,#1165,#1166,#1167,#1168,#1169,#1170,#1171,#1172,#1173,#1174,
    #1175,#1176,#1177,#1178,#1179,#1180,#1181,#1182,#1183,#1184,#1185,
    #1186,#1187,#1188,#1189,#1190,#1191,#1192,#1193,#1194,#1195,#1196,
    #1197,#1198,#1199,#1200,#1201,#1202,#1203,#1204,#1205,#1206,#1207,
    #1208,#1209,#1210,#1211,#1212,#1213,#1214,#1215,#1216,#1217,#1218,
    #1219,#1220,#1221,#1222,#1223,#1224,#1225,#1226,#1227,#1228,#1229,
    #1230,#1231,#1232,#1233),.UNSPECIFIED.,.T.,.F.,(8,6,6,6,6,6,6,6,6,6,
    6,6,6,6,6,6,6,6,6,6,6,6,6,6,6,8),(0.,5.247992936876E-02,
    0.106972455992,0.164436251018,0.188880363248,0.210640134728,
    0.250449654282,0.2888490297,0.311190536007,0.33640478277,
    0.392762589644,0.447711902432,0.465679237408,0.49987872567,
    0.55208274085,0.607623163406,0.664061750491,0.688520249865,
    0.710291493967,0.750121821438,0.777063077473,0.811161782572,
    0.836375420857,0.892733057811,0.947684186248,1.),.UNSPECIFIED.);
#1082 = CARTESIAN_POINT('',(55.,-1.42108547152E-14,77.557280900008));
#1083 = CARTESIAN_POINT('',(55.,-2.044861726431,77.557280900008));
#1084 = CARTESIAN_POINT('',(54.867501041419,-4.090051499729,
    77.475804868634));
#1085 = CARTESIAN_POINT('',(54.602426885866,-6.125744504424,
    77.312805535999));
#1086 = CARTESIAN_POINT('',(54.206508579848,-8.143281327635,
    77.071052800615));
#1087 = CARTESIAN_POINT('',(53.682531685612,-10.13504090703,
    76.755670696663));
#1088 = CARTESIAN_POINT('',(53.033935429816,-12.09431188235,
    76.373354957524));
#1089 = CARTESIAN_POINT('',(51.465484124431,-16.00973086805,
    75.473213917998));
#1090 = CARTESIAN_POINT('',(50.536112402794,-17.96304722037,
    74.950715072634));
#1091 = CARTESIAN_POINT('',(49.48001350098,-19.86973060263,
    74.372516154165));
#1092 = CARTESIAN_POINT('',(48.300670304432,-21.72531799634,
    73.747715656015));
#1093 = CARTESIAN_POINT('',(47.000954641728,-23.52593936064,
    73.085588090034));
#1094 = CARTESIAN_POINT('',(45.58290043714,-25.26813206914,
    72.395233905671));
#1095 = CARTESIAN_POINT('',(42.427458089056,-28.7206871071,
    70.937030746069));
#1096 = CARTESIAN_POINT('',(40.677533431507,-30.42341283448,
    70.167313519309));
#1097 = CARTESIAN_POINT('',(38.79772477087,-32.05341405866,
    69.386540959284));
#1098 = CARTESIAN_POINT('',(36.788095763552,-33.605659116,
    68.605280384858));
#1099 = CARTESIAN_POINT('',(34.648745972773,-35.07376705067,
    67.834606848478));
#1100 = CARTESIAN_POINT('',(32.380007494214,-36.45011219395,
    67.086065343587));
#1101 = CARTESIAN_POINT('',(28.962395799358,-38.26834766574,
    66.067783935866));
#1102 = CARTESIAN_POINT('',(27.919289039489,-38.79265978688,
    65.770120318575));
#1103 = CARTESIAN_POINT('',(26.853147116523,-39.29793067826,
    65.479632258308));
#1104 = CARTESIAN_POINT('',(25.764205331964,-39.78335531937,
    65.197303342662));
#1105 = CARTESIAN_POINT('',(24.652809526864,-40.24806656289,
    64.924144959316));
#1106 = CARTESIAN_POINT('',(23.519434786967,-40.69115001691,
    64.661185517912));
#1107 = CARTESIAN_POINT('',(21.336787795458,-41.48599302448,
    64.185369130097));
#1108 = CARTESIAN_POINT('',(20.29195650246,-41.84243483708,
    63.970183208726));
#1109 = CARTESIAN_POINT('',(19.230673852433,-42.18031400313,
    63.76462794807));
#1110 = CARTESIAN_POINT('',(18.153514099394,-42.49893535755,
    63.569437437176));
#1111 = CARTESIAN_POINT('',(17.061177827362,-42.797594418,
    63.385338681501));
#1112 = CARTESIAN_POINT('',(15.954507163104,-43.07559454882,
    63.213037157967));
#1113 = CARTESIAN_POINT('',(12.785458063725,-43.80185139112,
    62.760774348146));
#1114 = CARTESIAN_POINT('',(10.691176393028,-44.20019302769,
    62.509977629946));
#1115 = CARTESIAN_POINT('',(8.558640891083,-44.5229171169,62.30505862584
    ));
#1116 = CARTESIAN_POINT('',(6.395885030122,-44.76636195714,
    62.149598130856));
#1117 = CARTESIAN_POINT('',(4.212066120625,-44.92774827808,
    62.046255337036));
#1118 = CARTESIAN_POINT('',(2.01757172992,-45.00550756057,
    61.996474008958));
#1119 = CARTESIAN_POINT('',(-2.291555057367,-44.9942357152,
    62.003690348808));
#1120 = CARTESIAN_POINT('',(-4.407081554342,-44.91101310074,
    62.05696948939));
#1121 = CARTESIAN_POINT('',(-6.511941772279,-44.75011773849,
    62.159958212213));
#1122 = CARTESIAN_POINT('',(-8.59685081111,-44.51301415456,
    62.311302300768));
#1123 = CARTESIAN_POINT('',(-10.6536008877,-44.20221026657,
    62.508601670955));
#1124 = CARTESIAN_POINT('',(-12.6749730452,-43.82097944155,
    62.748658801937));
#1125 = CARTESIAN_POINT('',(-15.80650544273,-43.11268928756,
    63.190041642557));
#1126 = CARTESIAN_POINT('',(-16.94440198007,-42.82960495733,
    63.365608449369));
#1127 = CARTESIAN_POINT('',(-18.06726514081,-42.524677287,
    63.553677381517));
#1128 = CARTESIAN_POINT('',(-19.17417362565,-42.1986597773,
    63.753486323394));
#1129 = CARTESIAN_POINT('',(-20.26436389335,-41.85231549161,
    63.964248535133));
#1130 = CARTESIAN_POINT('',(-21.33721282299,-41.48639740449,
    64.185169207885));
#1131 = CARTESIAN_POINT('',(-23.58289224166,-40.66739426827,
    64.675357651203));
#1132 = CARTESIAN_POINT('',(-24.75082763083,-40.20915562999,
    64.94718662375));
#1133 = CARTESIAN_POINT('',(-25.89534702982,-39.7279530178,
    65.229814247013));
#1134 = CARTESIAN_POINT('',(-27.01593717468,-39.22478779712,
    65.522112363388));
#1135 = CARTESIAN_POINT('',(-28.11222896795,-38.70060749339,
    65.822972496266));
#1136 = CARTESIAN_POINT('',(-29.18397593845,-38.1562887392,
    66.13131813785));
#1137 = CARTESIAN_POINT('',(-32.57138338549,-36.33273943445,
    67.149725701511));
#1138 = CARTESIAN_POINT('',(-34.78761368892,-34.97662126499,
    67.885317419941));
#1139 = CARTESIAN_POINT('',(-36.87935880396,-33.53264289788,
    68.641583852306));
#1140 = CARTESIAN_POINT('',(-38.8463320072,-32.00793880642,
    69.407658879651));
#1141 = CARTESIAN_POINT('',(-40.68844046489,-30.40849392508,
    70.173107301832));
#1142 = CARTESIAN_POINT('',(-42.40561070723,-28.73905024458,
    70.927955854696));
#1143 = CARTESIAN_POINT('',(-45.54943775058,-25.3099802612,
    72.378805223518));
#1144 = CARTESIAN_POINT('',(-46.98169777037,-23.55428809966,
    73.075535444139));
#1145 = CARTESIAN_POINT('',(-48.293660808,-21.73912855463,
    73.743700428353));
#1146 = CARTESIAN_POINT('',(-49.48324555243,-19.86804975789,
    74.373968953814));
#1147 = CARTESIAN_POINT('',(-50.54750665071,-17.94501893422,
    74.956827853749));
#1148 = CARTESIAN_POINT('',(-51.48286763963,-15.97461453521,
    75.482946300041));
#1149 = CARTESIAN_POINT('',(-52.54803675178,-13.30443667161,
    76.094579716805));
#1150 = CARTESIAN_POINT('',(-52.79630525743,-12.64204827278,
    76.238312259774));
#1151 = CARTESIAN_POINT('',(-53.03023885459,-11.97544216125,
    76.374766819818));
#1152 = CARTESIAN_POINT('',(-53.24970031899,-11.30484825473,
    76.503655223739));
#1153 = CARTESIAN_POINT('',(-53.45455408279,-10.6305133449,
    76.624703174317));
#1154 = CARTESIAN_POINT('',(-53.64466920119,-9.952702270592,
    76.737653892405));
#1155 = CARTESIAN_POINT('',(-54.15350361829,-7.975460094437,
    77.041404101463));
#1156 = CARTESIAN_POINT('',(-54.43325800273,-6.667584430553,
    77.210357256736));
#1157 = CARTESIAN_POINT('',(-54.65829863387,-5.350129296942,
    77.347486122138));
#1158 = CARTESIAN_POINT('',(-54.82789996214,-4.025281075203,
    77.451457138178));
#1159 = CARTESIAN_POINT('',(-54.94152852,-2.695363258402,77.521325858298
    ));
#1160 = CARTESIAN_POINT('',(-54.99888926815,-1.362844247148,
    77.556597890444));
#1161 = CARTESIAN_POINT('',(-55.00166389009,2.003656479175,
    77.558304056809));
#1162 = CARTESIAN_POINT('',(-54.87224524618,4.038076487344,
    77.478722239343));
#1163 = CARTESIAN_POINT('',(-54.61164354438,6.06324869518,
    77.318459055845));
#1164 = CARTESIAN_POINT('',(-54.22153985694,8.070638861437,
    77.080203394241));
#1165 = CARTESIAN_POINT('',(-53.7046559702,10.052723816606,
    76.768956231694));
#1166 = CARTESIAN_POINT('',(-53.06436424421,12.002868242707,
    76.391272473018));
#1167 = CARTESIAN_POINT('',(-51.49576290985,15.949801784409,
    75.490131695718));
#1168 = CARTESIAN_POINT('',(-50.55160249675,17.941754337977,
    74.958867042828));
#1169 = CARTESIAN_POINT('',(-49.47575104185,19.885338631086,
    74.369578163238));
#1170 = CARTESIAN_POINT('',(-48.27190371764,21.775830673393,
    73.731901675092));
#1171 = CARTESIAN_POINT('',(-46.9430969876,23.609139182097,
    73.055663046658));
#1172 = CARTESIAN_POINT('',(-45.49146822163,25.38160524758,
    72.350494618047));
#1173 = CARTESIAN_POINT('',(-42.31814382476,28.825480030289,
    70.88925580813));
#1174 = CARTESIAN_POINT('',(-40.59308761701,30.494110601912,
    70.13283546427));
#1175 = CARTESIAN_POINT('',(-38.74276231203,32.092389021684,
    69.366156375356));
#1176 = CARTESIAN_POINT('',(-36.7672224566,33.615524604583,
    68.599238209938));
#1177 = CARTESIAN_POINT('',(-34.66655980504,35.057465132669,
    67.842573940696));
#1178 = CARTESIAN_POINT('',(-32.44108337082,36.410993513397,
    67.107097064469));
#1179 = CARTESIAN_POINT('',(-29.0728716776,38.212228581108,
    66.099564134277));
#1180 = CARTESIAN_POINT('',(-28.03131223914,38.738541146622,
    65.801105744682));
#1181 = CARTESIAN_POINT('',(-26.96667692775,39.24585202654,
    65.509756488274));
#1182 = CARTESIAN_POINT('',(-25.87919556006,39.733358629574,
    65.226499888109));
#1183 = CARTESIAN_POINT('',(-24.76920731346,40.200195852804,
    64.95234752592));
#1184 = CARTESIAN_POINT('',(-23.6371792923,40.645450792431,
    64.688328434843));
#1185 = CARTESIAN_POINT('',(-21.45700784523,41.444462576459,
    64.210401167856));
#1186 = CARTESIAN_POINT('',(-20.41332231479,41.802894162643,
    63.994176368774));
#1187 = CARTESIAN_POINT('',(-19.35312506657,42.142802454102,
    63.787530901184));
#1188 = CARTESIAN_POINT('',(-18.27698289817,42.463492212823,
    63.591200126065));
#1189 = CARTESIAN_POINT('',(-17.18558845971,42.764258080553,
    63.405912961457));
#1190 = CARTESIAN_POINT('',(-16.07977548635,43.044401647172,
    63.232377534201));
#1191 = CARTESIAN_POINT('',(-12.91289949426,43.776816908576,
    62.776505867382));
#1192 = CARTESIAN_POINT('',(-10.81971980723,44.179253870825,
    62.523235082482));
#1193 = CARTESIAN_POINT('',(-8.687919656559,44.506170438766,
    62.315721987822));
#1194 = CARTESIAN_POINT('',(-6.525484701428,44.753873078186,
    62.157580187846));
#1195 = CARTESIAN_POINT('',(-4.341539277921,44.919539166885,
    62.051511424462));
#1196 = CARTESIAN_POINT('',(-2.146456349542,45.001549716482,
    61.999007853745));
#1197 = CARTESIAN_POINT('',(1.532326505854,44.998923045672,
    62.000689478508));
#1198 = CARTESIAN_POINT('',(3.01666576734,44.959625191807,
    62.025848374563));
#1199 = CARTESIAN_POINT('',(4.497516439018,44.882087322736,
    62.075487321393));
#1200 = CARTESIAN_POINT('',(5.971593143563,44.766642619466,
    62.149295782803));
#1201 = CARTESIAN_POINT('',(7.435812575965,44.613906517871,
    62.246688356022));
#1202 = CARTESIAN_POINT('',(8.887284776603,44.424738480935,
    62.36683864146));
#1203 = CARTESIAN_POINT('',(12.140834470655,43.916050469373,
    62.688275878088));
#1204 = CARTESIAN_POINT('',(13.933772268283,43.575225943818,
    62.902654107301));
#1205 = CARTESIAN_POINT('',(15.696870535989,43.179881338148,
    63.149781601027));
#1206 = CARTESIAN_POINT('',(17.425959182896,42.732567710729,
    63.427148987577));
#1207 = CARTESIAN_POINT('',(19.117768911262,42.236014941945,
    63.732005654824));
#1208 = CARTESIAN_POINT('',(20.769796084356,41.692956217204,
    64.061511396029));
#1209 = CARTESIAN_POINT('',(23.571001682737,40.672008603115,
    64.672616822315));
#1210 = CARTESIAN_POINT('',(24.739067652332,40.213999920216,
    64.94433318386));
#1211 = CARTESIAN_POINT('',(25.883724545875,39.73302275579,
    65.226855073082));
#1212 = CARTESIAN_POINT('',(27.004458230072,39.230078616763,
    65.519054428342));
#1213 = CARTESIAN_POINT('',(28.100898883948,38.706115234605,
    65.819822819867));
#1214 = CARTESIAN_POINT('',(29.172799443102,38.162009493057,
    66.128083757091));
#1215 = CARTESIAN_POINT('',(32.560766972389,36.339110995563,
    67.146254918226));
#1216 = CARTESIAN_POINT('',(34.77741529659,34.983411977759,
    67.881724443543));
#1217 = CARTESIAN_POINT('',(36.869589460656,33.539834246245,
    68.637904528036));
#1218 = CARTESIAN_POINT('',(38.83700104538,32.015515893355,
    69.40392846942));
#1219 = CARTESIAN_POINT('',(40.67955740679,30.416444817367,
    70.169361068931));
#1220 = CARTESIAN_POINT('',(42.397186808337,28.747365101563,
    70.924229756797));
#1221 = CARTESIAN_POINT('',(45.542004633409,25.318935052607,
    72.375218267429));
#1222 = CARTESIAN_POINT('',(46.974786524776,23.563514908868,
    73.072064118428));
#1223 = CARTESIAN_POINT('',(48.287278761017,21.748615104503,
    73.740378907649));
#1224 = CARTESIAN_POINT('',(49.477402887895,19.87778333113,
    74.370831943331));
#1225 = CARTESIAN_POINT('',(50.542216207934,17.954985180916,
    74.953910381618));
#1226 = CARTESIAN_POINT('',(51.478144399468,15.98479606807,
    75.480282847691));
#1227 = CARTESIAN_POINT('',(53.046190094584,12.057231154609,
    76.380579480438));
#1228 = CARTESIAN_POINT('',(53.690781280681,10.103630940587,
    76.760636473884));
#1229 = CARTESIAN_POINT('',(54.211495168569,8.117829503716,
    77.074097742045));
#1230 = CARTESIAN_POINT('',(54.604930822381,6.106484414531,
    77.314345255943));
#1231 = CARTESIAN_POINT('',(54.868335541372,4.077151437774,
    77.476318017999));
#1232 = CARTESIAN_POINT('',(55.,2.038412117348,77.557280900008));
#1233 = CARTESIAN_POINT('',(55.,0.,77.557280900008));
#1234 = PCURVE('',#340,#1235);
#1235 = DEFINITIONAL_REPRESENTATION('',(#1236),#1389);
#1236 = B_SPLINE_CURVE_WITH_KNOTS('',7,(#1237,#1238,#1239,#1240,#1241,
    #1242,#1243,#1244,#1245,#1246,#1247,#1248,#1249,#1250,#1251,#1252,
    #1253,#1254,#1255,#1256,#1257,#1258,#1259,#1260,#1261,#1262,#1263,
    #1264,#1265,#1266,#1267,#1268,#1269,#1270,#1271,#1272,#1273,#1274,
    #1275,#1276,#1277,#1278,#1279,#1280,#1281,#1282,#1283,#1284,#1285,
    #1286,#1287,#1288,#1289,#1290,#1291,#1292,#1293,#1294,#1295,#1296,
    #1297,#1298,#1299,#1300,#1301,#1302,#1303,#1304,#1305,#1306,#1307,
    #1308,#1309,#1310,#1311,#1312,#1313,#1314,#1315,#1316,#1317,#1318,
    #1319,#1320,#1321,#1322,#1323,#1324,#1325,#1326,#1327,#1328,#1329,
    #1330,#1331,#1332,#1333,#1334,#1335,#1336,#1337,#1338,#1339,#1340,
    #1341,#1342,#1343,#1344,#1345,#1346,#1347,#1348,#1349,#1350,#1351,
    #1352,#1353,#1354,#1355,#1356,#1357,#1358,#1359,#1360,#1361,#1362,
    #1363,#1364,#1365,#1366,#1367,#1368,#1369,#1370,#1371,#1372,#1373,
    #1374,#1375,#1376,#1377,#1378,#1379,#1380,#1381,#1382,#1383,#1384,
    #1385,#1386,#1387,#1388),.UNSPECIFIED.,.F.,.F.,(8,6,6,6,6,6,6,6,6,6,
    6,6,6,6,6,6,6,6,6,6,6,6,6,6,6,8),(0.,5.247992936876E-02,
    0.106972455992,0.164436251018,0.188880363248,0.210640134728,
    0.250449654282,0.2888490297,0.311190536007,0.33640478277,
    0.392762589644,0.447711902432,0.465679237408,0.49987872567,
    0.55208274085,0.607623163406,0.664061750491,0.688520249865,
    0.710291493967,0.750121821438,0.777063077473,0.811161782572,
    0.836375420857,0.892733057811,0.947684186248,1.),.UNSPECIFIED.);
#1237 = CARTESIAN_POINT('',(6.28318530718,-227.5572809));
#1238 = CARTESIAN_POINT('',(6.237743935481,-227.5572809));
#1239 = CARTESIAN_POINT('',(6.192295275674,-227.4758048686));
#1240 = CARTESIAN_POINT('',(6.146904383216,-227.312805536));
#1241 = CARTESIAN_POINT('',(6.101610259277,-227.0710528006));
#1242 = CARTESIAN_POINT('',(6.056435197907,-226.7556706966));
#1243 = CARTESIAN_POINT('',(6.011388550734,-226.3733549575));
#1244 = CARTESIAN_POINT('',(5.919825149955,-225.4732139179));
#1245 = CARTESIAN_POINT('',(5.873314305004,-224.9507150726));
#1246 = CARTESIAN_POINT('',(5.826904815052,-224.3725161541));
#1247 = CARTESIAN_POINT('',(5.780549258437,-223.747715656));
#1248 = CARTESIAN_POINT('',(5.734186683389,-223.08558809));
#1249 = CARTESIAN_POINT('',(5.687741014342,-222.3952339056));
#1250 = CARTESIAN_POINT('',(5.591939153115,-220.937030746));
#1251 = CARTESIAN_POINT('',(5.542582363345,-220.1673135193));
#1252 = CARTESIAN_POINT('',(5.492911416558,-219.3865409592));
#1253 = CARTESIAN_POINT('',(5.442815823999,-218.6052803848));
#1254 = CARTESIAN_POINT('',(5.392191899214,-217.8346068484));
#1255 = CARTESIAN_POINT('',(5.340937016812,-217.0860653435));
#1256 = CARTESIAN_POINT('',(5.266817094422,-216.0677839358));
#1257 = CARTESIAN_POINT('',(5.244565758994,-215.7701203185));
#1258 = CARTESIAN_POINT('',(5.22217629326,-215.4796322583));
#1259 = CARTESIAN_POINT('',(5.199643415662,-215.1973033426));
#1260 = CARTESIAN_POINT('',(5.176963204779,-214.9241449593));
#1261 = CARTESIAN_POINT('',(5.154133164603,-214.6611855179));
#1262 = CARTESIAN_POINT('',(5.110695316341,-214.18536913));
#1263 = CARTESIAN_POINT('',(5.090118966436,-213.9701832087));
#1264 = CARTESIAN_POINT('',(5.069423098921,-213.764627948));
#1265 = CARTESIAN_POINT('',(5.048608821033,-213.5694374371));
#1266 = CARTESIAN_POINT('',(5.027678679308,-213.3853386815));
#1267 = CARTESIAN_POINT('',(5.00663684377,-213.2130371579));
#1268 = CARTESIAN_POINT('',(4.946800179486,-212.7607743481));
#1269 = CARTESIAN_POINT('',(4.907745987033,-212.5099776299));
#1270 = CARTESIAN_POINT('',(4.868380602509,-212.3050586258));
#1271 = CARTESIAN_POINT('',(4.82876424327,-212.1495981308));
#1272 = CARTESIAN_POINT('',(4.788966453725,-212.046255337));
#1273 = CARTESIAN_POINT('',(4.749072301116,-211.9964740089));
#1274 = CARTESIAN_POINT('',(4.670724140935,-212.0036903488));
#1275 = CARTESIAN_POINT('',(4.632254319738,-212.0569694893));
#1276 = CARTESIAN_POINT('',(4.593879876397,-212.1599582122));
#1277 = CARTESIAN_POINT('',(4.55567689153,-212.3113023007));
#1278 = CARTESIAN_POINT('',(4.517707900832,-212.5086016709));
#1279 = CARTESIAN_POINT('',(4.480027021674,-212.7486588019));
#1280 = CARTESIAN_POINT('',(4.420954546756,-213.1900416425));
#1281 = CARTESIAN_POINT('',(4.399337280497,-213.3656084493));
#1282 = CARTESIAN_POINT('',(4.377837375242,-213.5536773815));
#1283 = CARTESIAN_POINT('',(4.356459455312,-213.7534863233));
#1284 = CARTESIAN_POINT('',(4.335206337305,-213.9642485351));
#1285 = CARTESIAN_POINT('',(4.314079241592,-214.1851692078));
#1286 = CARTESIAN_POINT('',(4.269376052491,-214.6753576512));
#1287 = CARTESIAN_POINT('',(4.245834624831,-214.9471866237));
#1288 = CARTESIAN_POINT('',(4.222452547531,-215.229814247));
#1289 = CARTESIAN_POINT('',(4.199226983618,-215.5221123633));
#1290 = CARTESIAN_POINT('',(4.176153512226,-215.8229724962));
#1291 = CARTESIAN_POINT('',(4.153226199535,-216.1313181378));
#1292 = CARTESIAN_POINT('',(4.079501223512,-217.1497257015));
#1293 = CARTESIAN_POINT('',(4.029274650431,-217.8853174199));
#1294 = CARTESIAN_POINT('',(3.979649852452,-218.6415838523));
#1295 = CARTESIAN_POINT('',(3.930529523141,-219.4076588796));
#1296 = CARTESIAN_POINT('',(3.881815525518,-220.1731073018));
#1297 = CARTESIAN_POINT('',(3.833403549063,-220.9279558546));
#1298 = CARTESIAN_POINT('',(3.738146009603,-222.3788052235));
#1299 = CARTESIAN_POINT('',(3.691309246949,-223.0755354441));
#1300 = CARTESIAN_POINT('',(3.644557987086,-223.7437004283));
#1301 = CARTESIAN_POINT('',(3.597814171936,-224.3739689538));
#1302 = CARTESIAN_POINT('',(3.551015315636,-224.9568278537));
#1303 = CARTESIAN_POINT('',(3.504112858632,-225.4829463));
#1304 = CARTESIAN_POINT('',(3.44169504873,-226.0945797168));
#1305 = CARTESIAN_POINT('',(3.426301198731,-226.2383122597));
#1306 = CARTESIAN_POINT('',(3.410893175535,-226.3747668198));
#1307 = CARTESIAN_POINT('',(3.39547061758,-226.5036552237));
#1308 = CARTESIAN_POINT('',(3.380033465749,-226.6247031743));
#1309 = CARTESIAN_POINT('',(3.364581979758,-226.7376538924));
#1310 = CARTESIAN_POINT('',(3.319679846454,-227.0414041014));
#1311 = CARTESIAN_POINT('',(3.290191538447,-227.2103572567));
#1312 = CARTESIAN_POINT('',(3.260658218157,-227.3474861221));
#1313 = CARTESIAN_POINT('',(3.231087843714,-227.4514571381));
#1314 = CARTESIAN_POINT('',(3.201490317171,-227.5213258582));
#1315 = CARTESIAN_POINT('',(3.171878088088,-227.5565978904));
#1316 = CARTESIAN_POINT('',(3.097066943827,-227.5583040568));
#1317 = CARTESIAN_POINT('',(3.051859209068,-227.4787222393));
#1318 = CARTESIAN_POINT('',(3.006707746827,-227.3184590558));
#1319 = CARTESIAN_POINT('',(2.961651172442,-227.0802033942));
#1320 = CARTESIAN_POINT('',(2.916711804416,-226.7689562316));
#1321 = CARTESIAN_POINT('',(2.871899341853,-226.391272473));
#1322 = CARTESIAN_POINT('',(2.779669348218,-225.4901316957));
#1323 = CARTESIAN_POINT('',(2.73226491396,-224.9588670428));
#1324 = CARTESIAN_POINT('',(2.684966683512,-224.3695781632));
#1325 = CARTESIAN_POINT('',(2.637724491097,-223.731901675));
#1326 = CARTESIAN_POINT('',(2.590473747831,-223.0556630466));
#1327 = CARTESIAN_POINT('',(2.543133714836,-222.350494618));
#1328 = CARTESIAN_POINT('',(2.447290891644,-220.8892558081));
#1329 = CARTESIAN_POINT('',(2.398800611546,-220.1328354642));
#1330 = CARTESIAN_POINT('',(2.35000346424,-219.3661563753));
#1331 = CARTESIAN_POINT('',(2.300794639246,-218.5992382099));
#1332 = CARTESIAN_POINT('',(2.251075728202,-217.8425739406));
#1333 = CARTESIAN_POINT('',(2.200749356774,-217.1070970644));
#1334 = CARTESIAN_POINT('',(2.127588164404,-216.0995641342));
#1335 = CARTESIAN_POINT('',(2.105337467785,-215.8011057446));
#1336 = CARTESIAN_POINT('',(2.082948919562,-215.5097564882));
#1337 = CARTESIAN_POINT('',(2.060417158226,-215.2264998881));
#1338 = CARTESIAN_POINT('',(2.037738170711,-214.9523475259));
#1339 = CARTESIAN_POINT('',(2.014909354319,-214.6883284348));
#1340 = CARTESIAN_POINT('',(1.971474834696,-214.2104011678));
#1341 = CARTESIAN_POINT('',(1.95090063578,-213.9941763687));
#1342 = CARTESIAN_POINT('',(1.930206746456,-213.7875309011));
#1343 = CARTESIAN_POINT('',(1.909394178464,-213.591200126));
#1344 = CARTESIAN_POINT('',(1.888465378531,-213.4059129614));
#1345 = CARTESIAN_POINT('',(1.867424410629,-213.2323775342));
#1346 = CARTESIAN_POINT('',(1.807588711584,-212.7765058673));
#1347 = CARTESIAN_POINT('',(1.768533312828,-212.5232350824));
#1348 = CARTESIAN_POINT('',(1.729164023324,-212.3157219878));
#1349 = CARTESIAN_POINT('',(1.689540474534,-212.1575801878));
#1350 = CARTESIAN_POINT('',(1.649731796918,-212.0515114244));
#1351 = CARTESIAN_POINT('',(1.609822820959,-211.9990078537));
#1352 = CARTESIAN_POINT('',(1.542935834483,-212.0006894785));
#1353 = CARTESIAN_POINT('',(1.515947097141,-212.0258483745));
#1354 = CARTESIAN_POINT('',(1.488988936894,-212.0754873213));
#1355 = CARTESIAN_POINT('',(1.462088993237,-212.1492957828));
#1356 = CARTESIAN_POINT('',(1.435272225757,-212.246688356));
#1357 = CARTESIAN_POINT('',(1.408561831764,-212.3668386414));
#1358 = CARTESIAN_POINT('',(1.348335993576,-212.688275878));
#1359 = CARTESIAN_POINT('',(1.314894917632,-212.9026541073));
#1360 = CARTESIAN_POINT('',(1.281697101215,-213.149781601));
#1361 = CARTESIAN_POINT('',(1.248768921474,-213.4271489875));
#1362 = CARTESIAN_POINT('',(1.216126615629,-213.7320056548));
#1363 = CARTESIAN_POINT('',(1.183778332664,-214.061511396));
#1364 = CARTESIAN_POINT('',(1.128022608977,-214.6726168223));
#1365 = CARTESIAN_POINT('',(1.104481249344,-214.9443331838));
#1366 = CARTESIAN_POINT('',(1.081099237609,-215.226855073));
#1367 = CARTESIAN_POINT('',(1.05787374866,-215.5190544283));
#1368 = CARTESIAN_POINT('',(1.034800371822,-215.8198228198));
#1369 = CARTESIAN_POINT('',(1.011873182195,-216.128083757));
#1370 = CARTESIAN_POINT('',(0.938147646322,-217.1462549182));
#1371 = CARTESIAN_POINT('',(0.887920568127,-217.8817244435));
#1372 = CARTESIAN_POINT('',(0.838295551649,-218.637904528));
#1373 = CARTESIAN_POINT('',(0.789175329319,-219.4039284694));
#1374 = CARTESIAN_POINT('',(0.740461785509,-220.1693610689));
#1375 = CARTESIAN_POINT('',(0.692050614546,-220.9242297567));
#1376 = CARTESIAN_POINT('',(0.59679363861,-222.3752182674));
#1377 = CARTESIAN_POINT('',(0.549956637897,-223.0720641184));
#1378 = CARTESIAN_POINT('',(0.503205447921,-223.7403789076));
#1379 = CARTESIAN_POINT('',(0.456461972542,-224.3708319433));
#1380 = CARTESIAN_POINT('',(0.409663677939,-224.9539103816));
#1381 = CARTESIAN_POINT('',(0.362761941772,-225.4802828476));
#1382 = CARTESIAN_POINT('',(0.270944307665,-226.3805794804));
#1383 = CARTESIAN_POINT('',(0.226037746673,-226.7606364738));
#1384 = CARTESIAN_POINT('',(0.181003667886,-227.074097742));
#1385 = CARTESIAN_POINT('',(0.135851476225,-227.3143452559));
#1386 = CARTESIAN_POINT('',(9.060336347977E-02,-227.476318018));
#1387 = CARTESIAN_POINT('',(4.529804705217E-02,-227.5572809));
#1388 = CARTESIAN_POINT('',(0.,-227.5572809));
#1389 = ( GEOMETRIC_REPRESENTATION_CONTEXT(2) 
PARAMETRIC_REPRESENTATION_CONTEXT() REPRESENTATION_CONTEXT('2D SPACE',''
  ) );
#1390 = PCURVE('',#1391,#1396);
#1391 = CYLINDRICAL_SURFACE('',#1392,105.);
#1392 = AXIS2_PLACEMENT_3D('',#1393,#1394,#1395);
#1393 = CARTESIAN_POINT('',(0.,-120.,167.));
#1394 = DIRECTION('',(0.,1.,0.));
#1395 = DIRECTION('',(0.,-0.,1.));
#1396 = DEFINITIONAL_REPRESENTATION('',(#1397),#1550);
#1397 = B_SPLINE_CURVE_WITH_KNOTS('',7,(#1398,#1399,#1400,#1401,#1402,
    #1403,#1404,#1405,#1406,#1407,#1408,#1409,#1410,#1411,#1412,#1413,
    #1414,#1415,#1416,#1417,#1418,#1419,#1420,#1421,#1422,#1423,#1424,
    #1425,#1426,#1427,#1428,#1429,#1430,#1431,#1432,#1433,#1434,#1435,
    #1436,#1437,#1438,#1439,#1440,#1441,#1442,#1443,#1444,#1445,#1446,
    #1447,#1448,#1449,#1450,#1451,#1452,#1453,#1454,#1455,#1456,#1457,
    #1458,#1459,#1460,#1461,#1462,#1463,#1464,#1465,#1466,#1467,#1468,
    #1469,#1470,#1471,#1472,#1473,#1474,#1475,#1476,#1477,#1478,#1479,
    #1480,#1481,#1482,#1483,#1484,#1485,#1486,#1487,#1488,#1489,#1490,
    #1491,#1492,#1493,#1494,#1495,#1496,#1497,#1498,#1499,#1500,#1501,
    #1502,#1503,#1504,#1505,#1506,#1507,#1508,#1509,#1510,#1511,#1512,
    #1513,#1514,#1515,#1516,#1517,#1518,#1519,#1520,#1521,#1522,#1523,
    #1524,#1525,#1526,#1527,#1528,#1529,#1530,#1531,#1532,#1533,#1534,
    #1535,#1536,#1537,#1538,#1539,#1540,#1541,#1542,#1543,#1544,#1545,
    #1546,#1547,#1548,#1549),.UNSPECIFIED.,.F.,.F.,(8,6,6,6,6,6,6,6,6,6,
    6,6,6,6,6,6,6,6,6,6,6,6,6,6,6,8),(0.,5.247992936876E-02,
    0.106972455992,0.164436251018,0.188880363248,0.210640134728,
    0.250449654282,0.2888490297,0.311190536007,0.33640478277,
    0.392762589644,0.447711902432,0.465679237408,0.49987872567,
    0.55208274085,0.607623163406,0.664061750491,0.688520249865,
    0.710291493967,0.750121821438,0.777063077473,0.811161782572,
    0.836375420857,0.892733057811,0.947684186248,1.),.UNSPECIFIED.);
#1398 = CARTESIAN_POINT('',(2.590275684458,120.));
#1399 = CARTESIAN_POINT('',(2.590275684458,117.95513827356));
#1400 = CARTESIAN_POINT('',(2.591757067744,115.90994850027));
#1401 = CARTESIAN_POINT('',(2.594720687226,113.87425549557));
#1402 = CARTESIAN_POINT('',(2.599138687458,111.85671867236));
#1403 = CARTESIAN_POINT('',(2.604962886772,109.86495909296));
#1404 = CARTESIAN_POINT('',(2.612132778068,107.90568811765));
#1405 = CARTESIAN_POINT('',(2.629355589995,103.99026913194));
#1406 = CARTESIAN_POINT('',(2.639509274269,102.03695277962));
#1407 = CARTESIAN_POINT('',(2.65097490095,100.13026939737));
#1408 = CARTESIAN_POINT('',(2.663683215647,98.274682003649));
#1409 = CARTESIAN_POINT('',(2.677571817678,96.474060639359));
#1410 = CARTESIAN_POINT('',(2.692589434549,94.731867930851));
#1411 = CARTESIAN_POINT('',(2.725695014114,91.2793128929));
#1412 = CARTESIAN_POINT('',(2.743898823123,89.576587165513));
#1413 = CARTESIAN_POINT('',(2.763277703437,87.946585941339));
#1414 = CARTESIAN_POINT('',(2.783802032363,86.394340883995));
#1415 = CARTESIAN_POINT('',(2.805446417484,84.926232949331));
#1416 = CARTESIAN_POINT('',(2.828189490162,83.549887806045));
#1417 = CARTESIAN_POINT('',(2.86215221045,81.731652334256));
#1418 = CARTESIAN_POINT('',(2.872482435798,81.207340213115));
#1419 = CARTESIAN_POINT('',(2.883005096907,80.702069321732));
#1420 = CARTESIAN_POINT('',(2.893717364783,80.216644680625));
#1421 = CARTESIAN_POINT('',(2.904615640517,79.751933437109));
#1422 = CARTESIAN_POINT('',(2.915695417571,79.308849983086));
#1423 = CARTESIAN_POINT('',(2.93697074075,78.514006975511));
#1424 = CARTESIAN_POINT('',(2.947129686866,78.157565162912));
#1425 = CARTESIAN_POINT('',(2.957423824249,77.819685996862));
#1426 = CARTESIAN_POINT('',(2.967848167929,77.501064642446));
#1427 = CARTESIAN_POINT('',(2.978396775924,77.202405581991));
#1428 = CARTESIAN_POINT('',(2.989062615612,76.924405451171));
#1429 = CARTESIAN_POINT('',(3.019549836598,76.198148608872));
#1430 = CARTESIAN_POINT('',(3.039632767933,75.79980697231));
#1431 = CARTESIAN_POINT('',(3.060027151524,75.477082883091));
#1432 = CARTESIAN_POINT('',(3.080667044884,75.233638042855));
#1433 = CARTESIAN_POINT('',(3.101478533393,75.072251721913));
#1434 = CARTESIAN_POINT('',(3.122377656224,74.994492439422));
#1435 = CARTESIAN_POINT('',(3.163417016507,75.005764284791));
#1436 = CARTESIAN_POINT('',(3.183565709033,75.088986899254));
#1437 = CARTESIAN_POINT('',(3.203626974771,75.249882261502));
#1438 = CARTESIAN_POINT('',(3.223525717075,75.486985845436));
#1439 = CARTESIAN_POINT('',(3.243195625278,75.797789733421));
#1440 = CARTESIAN_POINT('',(3.262577455529,76.179020558441));
#1441 = CARTESIAN_POINT('',(3.292696364197,76.887310712434));
#1442 = CARTESIAN_POINT('',(3.303660772464,77.17039504267));
#1443 = CARTESIAN_POINT('',(3.314502246169,77.475322712995));
#1444 = CARTESIAN_POINT('',(3.325213098243,77.801340222695));
#1445 = CARTESIAN_POINT('',(3.335786857395,78.147684508386));
#1446 = CARTESIAN_POINT('',(3.346218115505,78.513602595507));
#1447 = CARTESIAN_POINT('',(3.368109127259,79.332605731729));
#1448 = CARTESIAN_POINT('',(3.379528535099,79.790844370001));
#1449 = CARTESIAN_POINT('',(3.390754550523,80.272046982196));
#1450 = CARTESIAN_POINT('',(3.401782288095,80.77521220288));
#1451 = CARTESIAN_POINT('',(3.412607871003,81.299392506605));
#1452 = CARTESIAN_POINT('',(3.423228273023,81.843711260794));
#1453 = CARTESIAN_POINT('',(3.456915756556,83.667260565547));
#1454 = CARTESIAN_POINT('',(3.479145985835,85.023378735002));
#1455 = CARTESIAN_POINT('',(3.500318125502,86.467357102116));
#1456 = CARTESIAN_POINT('',(3.520412051778,87.992061193572));
#1457 = CARTESIAN_POINT('',(3.539403751916,89.59150607492));
#1458 = CARTESIAN_POINT('',(3.557265157458,91.260949755414));
#1459 = CARTESIAN_POINT('',(3.590240943764,94.690019738798));
#1460 = CARTESIAN_POINT('',(3.605406688911,96.445711900337));
#1461 = CARTESIAN_POINT('',(3.619425226335,98.260871445371));
#1462 = CARTESIAN_POINT('',(3.632244048683,100.1319502421));
#1463 = CARTESIAN_POINT('',(3.643799149644,102.05498106577));
#1464 = CARTESIAN_POINT('',(3.654019444298,104.02538546478));
#1465 = CARTESIAN_POINT('',(3.665717383624,106.69556332838));
#1466 = CARTESIAN_POINT('',(3.668449493177,107.35795172721));
#1467 = CARTESIAN_POINT('',(3.671028733461,108.02455783874));
#1468 = CARTESIAN_POINT('',(3.673452625249,108.69515174526));
#1469 = CARTESIAN_POINT('',(3.675718754392,109.36948665509));
#1470 = CARTESIAN_POINT('',(3.677824817514,110.0472977294));
#1471 = CARTESIAN_POINT('',(3.683468642254,112.02453990556));
#1472 = CARTESIAN_POINT('',(3.686581119617,113.33241556944));
#1473 = CARTESIAN_POINT('',(3.689090900861,114.64987070305));
#1474 = CARTESIAN_POINT('',(3.690985504159,115.97471892479));
#1475 = CARTESIAN_POINT('',(3.692255892711,117.30463674159));
#1476 = CARTESIAN_POINT('',(3.692897204363,118.63715575285));
#1477 = CARTESIAN_POINT('',(3.692928225577,122.00365647917));
#1478 = CARTESIAN_POINT('',(3.691481281609,124.03807648734));
#1479 = CARTESIAN_POINT('',(3.688567595605,126.06324869517));
#1480 = CARTESIAN_POINT('',(3.684214213489,128.07063886143));
#1481 = CARTESIAN_POINT('',(3.678468188226,130.0527238166));
#1482 = CARTESIAN_POINT('',(3.671388815474,132.0028682427));
#1483 = CARTESIAN_POINT('',(3.654160023334,135.9498017844));
#1484 = CARTESIAN_POINT('',(3.643842666879,137.94175433798));
#1485 = CARTESIAN_POINT('',(3.632161369811,139.88533863108));
#1486 = CARTESIAN_POINT('',(3.61918957656,141.77583067339));
#1487 = CARTESIAN_POINT('',(3.604993333302,143.60913918209));
#1488 = CARTESIAN_POINT('',(3.589626685516,145.38160524758));
#1489 = CARTESIAN_POINT('',(3.556354351414,148.82548003028));
#1490 = CARTESIAN_POINT('',(3.538418199186,150.49411060191));
#1491 = CARTESIAN_POINT('',(3.519349808141,152.09238902168));
#1492 = CARTESIAN_POINT('',(3.499177046603,153.61552460458));
#1493 = CARTESIAN_POINT('',(3.477923863936,155.05746513266));
#1494 = CARTESIAN_POINT('',(3.455610483352,156.41099351339));
#1495 = CARTESIAN_POINT('',(3.422127861717,158.2122285811));
#1496 = CARTESIAN_POINT('',(3.411809721196,158.73854114662));
#1497 = CARTESIAN_POINT('',(3.401298737235,159.24585202654));
#1498 = CARTESIAN_POINT('',(3.39059770403,159.73335862957));
#1499 = CARTESIAN_POINT('',(3.379710175555,160.2001958528));
#1500 = CARTESIAN_POINT('',(3.368640601869,160.64545079243));
#1501 = CARTESIAN_POINT('',(3.347384017964,161.44446257645));
#1502 = CARTESIAN_POINT('',(3.337233754882,161.80289416264));
#1503 = CARTESIAN_POINT('',(3.326947781615,162.1428024541));
#1504 = CARTESIAN_POINT('',(3.316531027114,162.46349221282));
#1505 = CARTESIAN_POINT('',(3.305989373194,162.76425808055));
#1506 = CARTESIAN_POINT('',(3.295329787889,163.04440164717));
#1507 = CARTESIAN_POINT('',(3.264858177332,163.77681690857));
#1508 = CARTESIAN_POINT('',(3.244782841333,164.17925387082));
#1509 = CARTESIAN_POINT('',(3.224393040181,164.50617043876));
#1510 = CARTESIAN_POINT('',(3.203754345854,164.75387307818));
#1511 = CARTESIAN_POINT('',(3.182940417588,164.91953916688));
#1512 = CARTESIAN_POINT('',(3.162035097182,165.00154971648));
#1513 = CARTESIAN_POINT('',(3.126999066327,164.99892304567));
#1514 = CARTESIAN_POINT('',(3.11286239385,164.9596251918));
#1515 = CARTESIAN_POINT('',(3.098754225391,164.88208732273));
#1516 = CARTESIAN_POINT('',(3.084701236334,164.76664261946));
#1517 = CARTESIAN_POINT('',(3.070728417442,164.61390651787));
#1518 = CARTESIAN_POINT('',(3.056859342726,164.42473848093));
#1519 = CARTESIAN_POINT('',(3.025722300151,163.91605046937));
#1520 = CARTESIAN_POINT('',(3.008528698497,163.57522594381));
#1521 = CARTESIAN_POINT('',(2.991578639484,163.17988133814));
#1522 = CARTESIAN_POINT('',(2.974906309012,162.73256771072));
#1523 = CARTESIAN_POINT('',(2.95853892276,162.23601494194));
#1524 = CARTESIAN_POINT('',(2.942497999928,161.6929562172));
#1525 = CARTESIAN_POINT('',(2.915192384902,160.67200860311));
#1526 = CARTESIAN_POINT('',(2.903772009095,160.21399992021));
#1527 = CARTESIAN_POINT('',(2.892544964149,159.73302275579));
#1528 = CARTESIAN_POINT('',(2.881516141615,159.23007861676));
#1529 = CARTESIAN_POINT('',(2.870689423137,158.7061152346));
#1530 = CARTESIAN_POINT('',(2.86006783864,158.16200949305));
#1531 = CARTESIAN_POINT('',(2.826375894883,156.33911099556));
#1532 = CARTESIAN_POINT('',(2.804142257229,154.98341197775));
#1533 = CARTESIAN_POINT('',(2.782966559815,153.53983424624));
#1534 = CARTESIAN_POINT('',(2.762868925077,152.01551589335));
#1535 = CARTESIAN_POINT('',(2.743873347835,150.41644481736));
#1536 = CARTESIAN_POINT('',(2.726007864214,148.74736510156));
#1537 = CARTESIAN_POINT('',(2.693022954848,145.3189350526));
#1538 = CARTESIAN_POINT('',(2.677852261175,143.56351490886));
#1539 = CARTESIAN_POINT('',(2.663828588701,141.7486151045));
#1540 = CARTESIAN_POINT('',(2.651004407676,139.87778333112));
#1541 = CARTESIAN_POINT('',(2.639443691747,137.95498518091));
#1542 = CARTESIAN_POINT('',(2.629217503717,135.98479606807));
#1543 = CARTESIAN_POINT('',(2.611997304301,132.0572311546));
#1544 = CARTESIAN_POINT('',(2.604871187738,130.10363094058));
#1545 = CARTESIAN_POINT('',(2.599083042438,128.11782950371));
#1546 = CARTESIAN_POINT('',(2.59469269236,126.10648441453));
#1547 = CARTESIAN_POINT('',(2.591747737752,124.07715143777));
#1548 = CARTESIAN_POINT('',(2.590275684458,122.03841211734));
#1549 = CARTESIAN_POINT('',(2.590275684458,120.));
#1550 = ( GEOMETRIC_REPRESENTATION_CONTEXT(2) 
PARAMETRIC_REPRESENTATION_CONTEXT() REPRESENTATION_CONTEXT('2D SPACE',''
  ) );
#1551 = ORIENTED_EDGE('',*,*,#1552,.T.);
#1552 = EDGE_CURVE('',#1078,#22,#1553,.T.);
#1553 = SEAM_CURVE('',#1554,(#1558,#1565),.PCURVE_S1.);
#1554 = LINE('',#1555,#1556);
#1555 = CARTESIAN_POINT('',(55.,0.,-150.));
#1556 = VECTOR('',#1557,1.);
#1557 = DIRECTION('',(0.,0.,1.));
#1558 = PCURVE('',#340,#1559);
#1559 = DEFINITIONAL_REPRESENTATION('',(#1560),#1564);
#1560 = LINE('',#1561,#1562);
#1561 = CARTESIAN_POINT('',(6.28318530718,0.));
#1562 = VECTOR('',#1563,1.);
#1563 = DIRECTION('',(0.,-1.));
#1564 = ( GEOMETRIC_REPRESENTATION_CONTEXT(2) 
PARAMETRIC_REPRESENTATION_CONTEXT() REPRESENTATION_CONTEXT('2D SPACE',''
  ) );
#1565 = PCURVE('',#340,#1566);
#1566 = DEFINITIONAL_REPRESENTATION('',(#1567),#1571);
#1567 = LINE('',#1568,#1569);
#1568 = CARTESIAN_POINT('',(0.,0.));
#1569 = VECTOR('',#1570,1.);
#1570 = DIRECTION('',(0.,-1.));
#1571 = ( GEOMETRIC_REPRESENTATION_CONTEXT(2) 
PARAMETRIC_REPRESENTATION_CONTEXT() REPRESENTATION_CONTEXT('2D SPACE',''
  ) );
#1572 = ORIENTED_EDGE('',*,*,#21,.F.);
#1573 = ORIENTED_EDGE('',*,*,#1552,.F.);
#1574 = ADVANCED_FACE('',(#1575),#880,.T.);
#1575 = FACE_BOUND('',#1576,.T.);
#1576 = EDGE_LOOP('',(#1577,#2137,#2158,#2159));
#1577 = ORIENTED_EDGE('',*,*,#1578,.T.);
#1578 = EDGE_CURVE('',#1579,#1579,#1581,.T.);
#1579 = VERTEX_POINT('',#1580);
#1580 = CARTESIAN_POINT('',(35.,0.,68.005050633883));
#1581 = SURFACE_CURVE('',#1582,(#1765,#1951),.PCURVE_S1.);
#1582 = B_SPLINE_CURVE_WITH_KNOTS('',7,(#1583,#1584,#1585,#1586,#1587,
    #1588,#1589,#1590,#1591,#1592,#1593,#1594,#1595,#1596,#1597,#1598,
    #1599,#1600,#1601,#1602,#1603,#1604,#1605,#1606,#1607,#1608,#1609,
    #1610,#1611,#1612,#1613,#1614,#1615,#1616,#1617,#1618,#1619,#1620,
    #1621,#1622,#1623,#1624,#1625,#1626,#1627,#1628,#1629,#1630,#1631,
    #1632,#1633,#1634,#1635,#1636,#1637,#1638,#1639,#1640,#1641,#1642,
    #1643,#1644,#1645,#1646,#1647,#1648,#1649,#1650,#1651,#1652,#1653,
    #1654,#1655,#1656,#1657,#1658,#1659,#1660,#1661,#1662,#1663,#1664,
    #1665,#1666,#1667,#1668,#1669,#1670,#1671,#1672,#1673,#1674,#1675,
    #1676,#1677,#1678,#1679,#1680,#1681,#1682,#1683,#1684,#1685,#1686,
    #1687,#1688,#1689,#1690,#1691,#1692,#1693,#1694,#1695,#1696,#1697,
    #1698,#1699,#1700,#1701,#1702,#1703,#1704,#1705,#1706,#1707,#1708,
    #1709,#1710,#1711,#1712,#1713,#1714,#1715,#1716,#1717,#1718,#1719,
    #1720,#1721,#1722,#1723,#1724,#1725,#1726,#1727,#1728,#1729,#1730,
    #1731,#1732,#1733,#1734,#1735,#1736,#1737,#1738,#1739,#1740,#1741,
    #1742,#1743,#1744,#1745,#1746,#1747,#1748,#1749,#1750,#1751,#1752,
    #1753,#1754,#1755,#1756,#1757,#1758,#1759,#1760,#1761,#1762,#1763,
    #1764),.UNSPECIFIED.,.T.,.F.,(8,6,6,6,6,6,6,6,6,6,6,6,6,6,6,6,6,6,6,
    6,6,6,6,6,6,6,6,6,6,6,8),(0.,5.760474339104E-02,7.761651043286E-02,
    0.120064527766,0.164613230725,0.186734332692,0.207736976442,
    0.249601870587,0.292355118047,0.314034727122,0.335963773995,
    0.380385208948,0.42198669994,0.442206561691,0.461359520773,
    0.499629381508,0.538378715814,0.55820803789,0.578225020771,
    0.619664490304,0.664215509891,0.686339036258,0.708341674409,
    0.750195562652,0.791783642453,0.81345629885,0.83537903052,
    0.879792929999,0.921395521511,0.94161743946,1.),.UNSPECIFIED.);
#1583 = CARTESIAN_POINT('',(35.,-7.105427357601E-15,68.005050633883));
#1584 = CARTESIAN_POINT('',(35.,-1.304782696835,68.005050633883));
#1585 = CARTESIAN_POINT('',(34.888772642913,-2.609772942729,
    67.965725866536));
#1586 = CARTESIAN_POINT('',(34.666255056686,-3.907390437081,
    67.887053790997));
#1587 = CARTESIAN_POINT('',(34.334030669601,-5.190737580023,
    67.770481123749));
#1588 = CARTESIAN_POINT('',(33.894759050499,-6.453516414697,
    67.618719349732));
#1589 = CARTESIAN_POINT('',(33.351939666704,-7.689972298788,
    67.435423735192));
#1590 = CARTESIAN_POINT('',(32.486659414702,-9.313423730691,
    67.151754746377));
#1591 = CARTESIAN_POINT('',(32.251554767095,-9.728219857447,
    67.075323766903));
#1592 = CARTESIAN_POINT('',(32.004602317932,-10.13903534241,
    66.99577613938));
#1593 = CARTESIAN_POINT('',(31.745969260476,-10.5456768223,
    66.913295907314));
#1594 = CARTESIAN_POINT('',(31.475825589826,-10.94796107598,
    66.82807333192));
#1595 = CARTESIAN_POINT('',(31.194342440945,-11.3457141975,
    66.740303379957));
#1596 = CARTESIAN_POINT('',(30.280930763218,-12.5725038488,66.4590276778
    ));
#1597 = CARTESIAN_POINT('',(29.609941611681,-13.38507555071,
    66.257308328715));
#1598 = CARTESIAN_POINT('',(28.890325496176,-14.17495505018,
    66.046909041496));
#1599 = CARTESIAN_POINT('',(28.123698948669,-14.94072224838,
    65.829788344859));
#1600 = CARTESIAN_POINT('',(27.311670151048,-15.68104420432,
    65.60793461624));
#1601 = CARTESIAN_POINT('',(26.455816193931,-16.39465409036,
    65.383331695009));
#1602 = CARTESIAN_POINT('',(24.615055370525,-17.79994440718,
    64.921385645514));
#1603 = CARTESIAN_POINT('',(23.625916051323,-18.48874753111,
    64.683976674856));
#1604 = CARTESIAN_POINT('',(22.592007880684,-19.14534173552,
    64.447969630849));
#1605 = CARTESIAN_POINT('',(21.515183191703,-19.76826655235,
    64.215629212732));
#1606 = CARTESIAN_POINT('',(20.397417776046,-20.35602218004,
    63.989196336233));
#1607 = CARTESIAN_POINT('',(19.240849180654,-20.90709025152,
    63.770854980822));
#1608 = CARTESIAN_POINT('',(17.455403930083,-21.67462241344,
    63.459329197319));
#1609 = CARTESIAN_POINT('',(16.854012921609,-21.91986497478,
    63.358476967645));
#1610 = CARTESIAN_POINT('',(16.243939536863,-22.15549347617,
    63.260394096874));
#1611 = CARTESIAN_POINT('',(15.625498556187,-22.38131779362,
    63.165332651304));
#1612 = CARTESIAN_POINT('',(14.999025206285,-22.59714836478,
    63.073537933957));
#1613 = CARTESIAN_POINT('',(14.364877098931,-22.8027981233,
    62.985246705036));
#1614 = CARTESIAN_POINT('',(13.114426937498,-23.18349693234,
    62.820399577655));
#1615 = CARTESIAN_POINT('',(12.498843016086,-23.35956766015,
    62.743475942999));
#1616 = CARTESIAN_POINT('',(11.877013313205,-23.52613981525,
    62.670108468175));
#1617 = CARTESIAN_POINT('',(11.249285265616,-23.68306076289,
    62.600482453353));
#1618 = CARTESIAN_POINT('',(10.61602612638,-23.83018390597,
    62.534772843078));
#1619 = CARTESIAN_POINT('',(9.977624252167,-23.96737055594,
    62.473142540228));
#1620 = CARTESIAN_POINT('',(8.052521731821,-24.34788455015,
    62.301320785208));
#1621 = CARTESIAN_POINT('',(6.751653773739,-24.56130384708,
    62.203693143899));
#1622 = CARTESIAN_POINT('',(5.435269877157,-24.73369143346,
    62.124055594859));
#1623 = CARTESIAN_POINT('',(4.106933653927,-24.86420995611,
    62.063361040651));
#1624 = CARTESIAN_POINT('',(2.770394254467,-24.95225514958,
    62.022280709931));
#1625 = CARTESIAN_POINT('',(1.429595645182,-24.99749269181,
    62.001170073869));
#1626 = CARTESIAN_POINT('',(-1.280669281904,-25.0023982802,
    61.998880805818));
#1627 = CARTESIAN_POINT('',(-2.650314607712,-24.96023052343,
    62.018558868809));
#1628 = CARTESIAN_POINT('',(-4.015818137151,-24.87339397573,
    62.059090131551));
#1629 = CARTESIAN_POINT('',(-5.37297302629,-24.74222860711,
    62.120114572105));
#1630 = CARTESIAN_POINT('',(-6.71778006401,-24.56736901334,
    62.200927525638));
#1631 = CARTESIAN_POINT('',(-8.046438287986,-24.34970431531,
    62.300516891855));
#1632 = CARTESIAN_POINT('',(-10.01906638518,-23.95885864003,
    62.476976856534));
#1633 = CARTESIAN_POINT('',(-10.67774108201,-23.81662995975,62.540851804
    ));
#1634 = CARTESIAN_POINT('',(-11.33091238182,-23.66382176178,
    62.609064163212));
#1635 = CARTESIAN_POINT('',(-11.97815435088,-23.5005871042,
    62.681434024939));
#1636 = CARTESIAN_POINT('',(-12.61906501814,-23.32708790525,
    62.757767906783));
#1637 = CARTESIAN_POINT('',(-13.25326485854,-23.14349275616,
    62.83786072519));
#1638 = CARTESIAN_POINT('',(-14.51474123164,-22.75423016296,
    63.006097107486));
#1639 = CARTESIAN_POINT('',(-15.14185498044,-22.54833282103,
    63.094322811814));
#1640 = CARTESIAN_POINT('',(-15.76136782593,-22.33246122441,
    63.185952882955));
#1641 = CARTESIAN_POINT('',(-16.37293433626,-22.1067979469,
    63.280755557522));
#1642 = CARTESIAN_POINT('',(-16.97623049041,-21.87152778948,
    63.378490992805));
#1643 = CARTESIAN_POINT('',(-17.570951824,-21.62683594987,
    63.478912953346));
#1644 = CARTESIAN_POINT('',(-19.34358138655,-20.85852340638,
    63.790127921099));
#1645 = CARTESIAN_POINT('',(-20.493938525,-20.30625518525,64.00847113532
    ));
#1646 = CARTESIAN_POINT('',(-21.60557935789,-19.71760367276,
    64.234723589725));
#1647 = CARTESIAN_POINT('',(-22.67639431146,-19.09407243233,
    64.466719075839));
#1648 = CARTESIAN_POINT('',(-23.70443074431,-18.43714656157,
    64.702234192418));
#1649 = CARTESIAN_POINT('',(-24.6878558212,-17.74827280711,
    64.939020810702));
#1650 = CARTESIAN_POINT('',(-26.50249665363,-16.35507732102,
    65.395686180832));
#1651 = CARTESIAN_POINT('',(-27.33936253008,-15.65455019827,
    65.61567130188));
#1652 = CARTESIAN_POINT('',(-28.13408213407,-14.92840753738,
    65.832951381139));
#1653 = CARTESIAN_POINT('',(-28.88517085916,-14.17784309581,
    66.045659156499));
#1654 = CARTESIAN_POINT('',(-29.59111537462,-13.40411198404,
    66.251923596968));
#1655 = CARTESIAN_POINT('',(-30.25039427263,-12.60854973732,
    66.449901010931));
#1656 = CARTESIAN_POINT('',(-31.15851752986,-11.39600882456,
    66.729150060528));
#1657 = CARTESIAN_POINT('',(-31.4441514439,-10.99461278568,
    66.818105332878));
#1658 = CARTESIAN_POINT('',(-31.71822413734,-10.58857548376,
    66.904477435033));
#1659 = CARTESIAN_POINT('',(-31.98055901809,-10.17807566902,
    66.988064942582));
#1660 = CARTESIAN_POINT('',(-32.23098060952,-9.7633017493,
    67.068671265196));
#1661 = CARTESIAN_POINT('',(-32.46931629071,-9.344452660076,
    67.146106232007));
#1662 = CARTESIAN_POINT('',(-32.90955056091,-8.521329344251,
    67.290360208422));
#1663 = CARTESIAN_POINT('',(-33.11270833907,-8.117451936429,
    67.357523835153));
#1664 = CARTESIAN_POINT('',(-33.30472816501,-7.710286222652,
    67.421523639311));
#1665 = CARTESIAN_POINT('',(-33.48547096454,-7.3000205835,
    67.482211333815));
#1666 = CARTESIAN_POINT('',(-33.65480345085,-6.886852639637,
    67.5394467104));
#1667 = CARTESIAN_POINT('',(-33.81259977986,-6.47098982277,
    67.593099087653));
#1668 = CARTESIAN_POINT('',(-34.25075492684,-5.216757762518,
    67.742854066391));
#1669 = CARTESIAN_POINT('',(-34.49625880496,-4.370930385644,
    67.827881858332));
#1670 = CARTESIAN_POINT('',(-34.69429263027,-3.516966788043,
    67.897167103627));
#1671 = CARTESIAN_POINT('',(-34.84409397876,-2.656749874385,
    67.949936573013));
#1672 = CARTESIAN_POINT('',(-34.94511432753,-1.792249811202,
    67.985645838455));
#1673 = CARTESIAN_POINT('',(-34.99705191908,-0.925528386797,
    68.004008333064));
#1674 = CARTESIAN_POINT('',(-35.00279055515,0.818899304173,
    68.006037241004));
#1675 = CARTESIAN_POINT('',(-34.95535418097,1.696687131006,
    67.989266167947));
#1676 = CARTESIAN_POINT('',(-34.85757489261,2.572376389764,
    67.954689165125));
#1677 = CARTESIAN_POINT('',(-34.70974821281,3.443823252121,
    67.902585827816));
#1678 = CARTESIAN_POINT('',(-34.51243048213,4.30897759253,
    67.833508091215));
#1679 = CARTESIAN_POINT('',(-34.26640478828,5.165878815115,
    67.748250024057));
#1680 = CARTESIAN_POINT('',(-33.82235144419,6.445974984163,
    67.59640962526));
#1681 = CARTESIAN_POINT('',(-33.65953704505,6.87665814752,67.54103292415
    ));
#1682 = CARTESIAN_POINT('',(-33.48435268974,7.304459825787,
    67.481810828429));
#1683 = CARTESIAN_POINT('',(-33.29693790483,7.729149642079,
    67.418888187331));
#1684 = CARTESIAN_POINT('',(-33.09744077858,8.150508493247,
    67.352420804958));
#1685 = CARTESIAN_POINT('',(-32.88601599457,8.568327871011,
    67.282573719037));
#1686 = CARTESIAN_POINT('',(-32.43751747996,9.400409279272,
    67.135773869376));
#1687 = CARTESIAN_POINT('',(-32.20021975799,9.814600588456,
    67.058760043734));
#1688 = CARTESIAN_POINT('',(-31.95109308217,10.224779968457,
    66.978655379996));
#1689 = CARTESIAN_POINT('',(-31.69030513551,10.630755166196,
    66.895644840281));
#1690 = CARTESIAN_POINT('',(-31.41802625583,11.032343990598,
    66.809919471177));
#1691 = CARTESIAN_POINT('',(-31.1344277903,11.429373485505,
    66.721674903329));
#1692 = CARTESIAN_POINT('',(-30.22948991849,12.633836297466,
    66.443620670066));
#1693 = CARTESIAN_POINT('',(-29.57153773397,13.425721125014,
    66.246192618243));
#1694 = CARTESIAN_POINT('',(-28.86731550915,14.195915727948,
    66.040581421296));
#1695 = CARTESIAN_POINT('',(-28.11832652731,14.943101746559,
    65.828609708759));
#1696 = CARTESIAN_POINT('',(-27.32606603379,15.666039515241,
    65.612126726364));
#1697 = CARTESIAN_POINT('',(-26.49200114243,16.363549434657,
    65.39297791585));
#1698 = CARTESIAN_POINT('',(-24.67744001029,17.755820683849,
    64.936472234256));
#1699 = CARTESIAN_POINT('',(-23.69070765599,18.446399710781,
    64.698998350937));
#1700 = CARTESIAN_POINT('',(-22.65911870308,19.104832132367,
    64.462822619564));
#1701 = CARTESIAN_POINT('',(-21.58452252669,19.72965825126,
    64.230212807546));
#1702 = CARTESIAN_POINT('',(-20.4688902618,20.319379447086,
    64.003411550446));
#1703 = CARTESIAN_POINT('',(-19.31435259688,20.87247848279,
    63.784603360082));
#1704 = CARTESIAN_POINT('',(-17.53174347828,21.643163711971,
    63.472232811929));
#1705 = CARTESIAN_POINT('',(-16.93124188443,21.889477460343,
    63.371073416793));
#1706 = CARTESIAN_POINT('',(-16.32202783284,22.126192323218,
    63.272660957015));
#1707 = CARTESIAN_POINT('',(-15.70441476459,22.35311811433,
    63.177248035283));
#1708 = CARTESIAN_POINT('',(-15.07873645331,22.570065115922,
    63.085080577304));
#1709 = CARTESIAN_POINT('',(-14.44534894353,22.776846000641,
    62.996396061924));
#1710 = CARTESIAN_POINT('',(-13.16741706172,23.168636156365,
    62.826911760466));
#1711 = CARTESIAN_POINT('',(-12.52295162895,23.35375849501,
    62.746071410448));
#1712 = CARTESIAN_POINT('',(-11.87161279633,23.52846410203,
    62.669124483646));
#1713 = CARTESIAN_POINT('',(-11.2137993587,23.692577218381,
    62.596284428069));
#1714 = CARTESIAN_POINT('',(-10.54993391706,23.845929351216,
    62.527752230953));
#1715 = CARTESIAN_POINT('',(-9.880464495597,23.988361631772,
    62.463714292412));
#1716 = CARTESIAN_POINT('',(-7.922630793424,24.36961351212,
    62.291397820824));
#1717 = CARTESIAN_POINT('',(-6.620738061984,24.579474857852,
    62.195322837093));
#1718 = CARTESIAN_POINT('',(-5.303588145792,24.74826328894,
    62.117299485342));
#1719 = CARTESIAN_POINT('',(-3.974757497643,24.875154925283,
    62.058264559767));
#1720 = CARTESIAN_POINT('',(-2.638003732799,24.95956122632,
    62.018871345888));
#1721 = CARTESIAN_POINT('',(-1.297274379712,25.001164966155,
    61.9994563495));
#1722 = CARTESIAN_POINT('',(1.375321714361,24.998804325144,
    62.000557981223));
#1723 = CARTESIAN_POINT('',(2.70735143114,24.955381557721,
    62.020821858449));
#1724 = CARTESIAN_POINT('',(4.035300813501,24.869709582203,
    62.06079872017));
#1725 = CARTESIAN_POINT('',(5.355300626613,24.742108170685,
    62.120148713334));
#1726 = CARTESIAN_POINT('',(6.663668793659,24.573160921744,
    62.198223820607));
#1727 = CARTESIAN_POINT('',(7.956901705116,24.363680051703,
    62.294100418933));
#1728 = CARTESIAN_POINT('',(9.895984643072,23.984942140314,
    62.465248645298));
#1729 = CARTESIAN_POINT('',(10.555311205748,23.844455960696,
    62.528403352252));
#1730 = CARTESIAN_POINT('',(11.209195522957,23.693377012861,
    62.595916144986));
#1731 = CARTESIAN_POINT('',(11.857209568069,23.531857169443,
    62.667608806709));
#1732 = CARTESIAN_POINT('',(12.498949244456,23.360057360227,
    62.743289391604));
#1733 = CARTESIAN_POINT('',(13.134032886053,23.178145384389,
    62.82275419726));
#1734 = CARTESIAN_POINT('',(14.39741373376,22.792228333565,
    62.989783402962));
#1735 = CARTESIAN_POINT('',(15.025548973521,22.587992287331,
    63.077430804562));
#1736 = CARTESIAN_POINT('',(15.646134543495,22.373763501479,
    63.168511193405));
#1737 = CARTESIAN_POINT('',(16.258822925359,22.149724114156,
    63.262793912165));
#1738 = CARTESIAN_POINT('',(16.863288162486,21.916058637436,
    63.360040093751));
#1739 = CARTESIAN_POINT('',(17.459224006263,21.672952110533,
    63.46000436035));
#1740 = CARTESIAN_POINT('',(19.235801602406,20.909316976777,
    63.769956817876));
#1741 = CARTESIAN_POINT('',(20.389019944952,20.360071308101,
    63.987597612609));
#1742 = CARTESIAN_POINT('',(21.503678563475,19.774353930332,
    64.213289208317));
#1743 = CARTESIAN_POINT('',(22.577658310312,19.153669641544,
    64.444867663001));
#1744 = CARTESIAN_POINT('',(23.609000307466,18.4995048405,
    64.680112718541));
#1745 = CARTESIAN_POINT('',(24.595868128117,17.81330696655,
    64.916780487877));
#1746 = CARTESIAN_POINT('',(26.417613644515,16.424995504136,
    65.37355247247));
#1747 = CARTESIAN_POINT('',(27.258108588753,15.726676317709,
    65.593744506997));
#1748 = CARTESIAN_POINT('',(28.056560632292,15.002655087247,
    65.811365049068));
#1749 = CARTESIAN_POINT('',(28.811485947765,14.254123552608,
    66.024546882123));
#1750 = CARTESIAN_POINT('',(29.521372732042,13.482332996795,
    66.23141827835));
#1751 = CARTESIAN_POINT('',(30.184701071846,12.688612942391,
    66.430133709115));
#1752 = CARTESIAN_POINT('',(31.099024477804,11.478620745674,
    66.710675867942));
#1753 = CARTESIAN_POINT('',(31.386725076016,11.078012288694,
    66.80008847431));
#1754 = CARTESIAN_POINT('',(31.662888108411,10.672735624111,
    66.886947200945));
#1755 = CARTESIAN_POINT('',(31.927336856377,10.262968457538,
    66.971050047692));
#1756 = CARTESIAN_POINT('',(32.179895583113,9.848898062668,
    67.052199721101));
#1757 = CARTESIAN_POINT('',(32.420391255131,9.430722150726,
    67.130205206252));
#1758 = CARTESIAN_POINT('',(33.307674716706,7.790087379033,
    67.420486061943));
#1759 = CARTESIAN_POINT('',(33.864903147074,6.538744003279,
    67.608407946659));
#1760 = CARTESIAN_POINT('',(34.315962220164,5.260050085215,
    67.764141848579));
#1761 = CARTESIAN_POINT('',(34.657177331177,3.959965461642,
    67.883844305963));
#1762 = CARTESIAN_POINT('',(34.88574814067,2.645025711034,
    67.964656549002));
#1763 = CARTESIAN_POINT('',(35.,1.322403530327,68.005050633883));
#1764 = CARTESIAN_POINT('',(35.,0.,68.005050633883));
#1765 = PCURVE('',#880,#1766);
#1766 = DEFINITIONAL_REPRESENTATION('',(#1767),#1950);
#1767 = B_SPLINE_CURVE_WITH_KNOTS('',7,(#1768,#1769,#1770,#1771,#1772,
    #1773,#1774,#1775,#1776,#1777,#1778,#1779,#1780,#1781,#1782,#1783,
    #1784,#1785,#1786,#1787,#1788,#1789,#1790,#1791,#1792,#1793,#1794,
    #1795,#1796,#1797,#1798,#1799,#1800,#1801,#1802,#1803,#1804,#1805,
    #1806,#1807,#1808,#1809,#1810,#1811,#1812,#1813,#1814,#1815,#1816,
    #1817,#1818,#1819,#1820,#1821,#1822,#1823,#1824,#1825,#1826,#1827,
    #1828,#1829,#1830,#1831,#1832,#1833,#1834,#1835,#1836,#1837,#1838,
    #1839,#1840,#1841,#1842,#1843,#1844,#1845,#1846,#1847,#1848,#1849,
    #1850,#1851,#1852,#1853,#1854,#1855,#1856,#1857,#1858,#1859,#1860,
    #1861,#1862,#1863,#1864,#1865,#1866,#1867,#1868,#1869,#1870,#1871,
    #1872,#1873,#1874,#1875,#1876,#1877,#1878,#1879,#1880,#1881,#1882,
    #1883,#1884,#1885,#1886,#1887,#1888,#1889,#1890,#1891,#1892,#1893,
    #1894,#1895,#1896,#1897,#1898,#1899,#1900,#1901,#1902,#1903,#1904,
    #1905,#1906,#1907,#1908,#1909,#1910,#1911,#1912,#1913,#1914,#1915,
    #1916,#1917,#1918,#1919,#1920,#1921,#1922,#1923,#1924,#1925,#1926,
    #1927,#1928,#1929,#1930,#1931,#1932,#1933,#1934,#1935,#1936,#1937,
    #1938,#1939,#1940,#1941,#1942,#1943,#1944,#1945,#1946,#1947,#1948,
    #1949),.UNSPECIFIED.,.F.,.F.,(8,6,6,6,6,6,6,6,6,6,6,6,6,6,6,6,6,6,6,
    6,6,6,6,6,6,6,6,6,6,6,8),(0.,5.760474339104E-02,7.761651043286E-02,
    0.120064527766,0.164613230725,0.186734332692,0.207736976442,
    0.249601870587,0.292355118047,0.314034727122,0.335963773995,
    0.380385208948,0.42198669994,0.442206561691,0.461359520773,
    0.499629381508,0.538378715814,0.55820803789,0.578225020771,
    0.619664490304,0.664215509891,0.686339036258,0.708341674409,
    0.750195562652,0.791783642453,0.81345629885,0.83537903052,
    0.879792929999,0.921395521511,0.94161743946,1.),.UNSPECIFIED.);
#1768 = CARTESIAN_POINT('',(6.28318530718,-218.0050506338));
#1769 = CARTESIAN_POINT('',(6.230993999306,-218.0050506338));
#1770 = CARTESIAN_POINT('',(6.178794392191,-217.9657258665));
#1771 = CARTESIAN_POINT('',(6.126657473266,-217.8870537909));
#1772 = CARTESIAN_POINT('',(6.074626690546,-217.7704811237));
#1773 = CARTESIAN_POINT('',(6.022731342918,-217.6187193497));
#1774 = CARTESIAN_POINT('',(5.970991379703,-217.4354237351));
#1775 = CARTESIAN_POINT('',(5.901506539272,-217.1517547463));
#1776 = CARTESIAN_POINT('',(5.883610425787,-217.0753237669));
#1777 = CARTESIAN_POINT('',(5.865733285867,-216.9957761393));
#1778 = CARTESIAN_POINT('',(5.84787474955,-216.9132959073));
#1779 = CARTESIAN_POINT('',(5.830034192881,-216.8280733319));
#1780 = CARTESIAN_POINT('',(5.812210752118,-216.7403033799));
#1781 = CARTESIAN_POINT('',(5.756631090032,-216.4590276778));
#1782 = CARTESIAN_POINT('',(5.718932315893,-216.2573083287));
#1783 = CARTESIAN_POINT('',(5.681294556917,-216.0469090414));
#1784 = CARTESIAN_POINT('',(5.643703168741,-215.8297883448));
#1785 = CARTESIAN_POINT('',(5.606141628091,-215.6079346162));
#1786 = CARTESIAN_POINT('',(5.568591377687,-215.383331695));
#1787 = CARTESIAN_POINT('',(5.491612247077,-214.9213856455));
#1788 = CARTESIAN_POINT('',(5.452184790125,-214.6839766748));
#1789 = CARTESIAN_POINT('',(5.412724168184,-214.4479696308));
#1790 = CARTESIAN_POINT('',(5.373208953687,-214.2156292127));
#1791 = CARTESIAN_POINT('',(5.333620177076,-213.9891963362));
#1792 = CARTESIAN_POINT('',(5.293941065462,-213.7708549808));
#1793 = CARTESIAN_POINT('',(5.234402281962,-213.4593291973));
#1794 = CARTESIAN_POINT('',(5.214621868265,-213.3584769676));
#1795 = CARTESIAN_POINT('',(5.194814622349,-213.2603940968));
#1796 = CARTESIAN_POINT('',(5.174979427147,-213.1653326513));
#1797 = CARTESIAN_POINT('',(5.155115510959,-213.0735379339));
#1798 = CARTESIAN_POINT('',(5.135222468816,-212.985246705));
#1799 = CARTESIAN_POINT('',(5.096385378304,-212.8203995776));
#1800 = CARTESIAN_POINT('',(5.077444181208,-212.7434759429));
#1801 = CARTESIAN_POINT('',(5.058476748098,-212.6701084681));
#1802 = CARTESIAN_POINT('',(5.039483407864,-212.6004824533));
#1803 = CARTESIAN_POINT('',(5.020464798156,-212.534772843));
#1804 = CARTESIAN_POINT('',(5.001421900802,-212.4731425402));
#1805 = CARTESIAN_POINT('',(4.944351876665,-212.3013207852));
#1806 = CARTESIAN_POINT('',(4.906253695934,-212.2036931438));
#1807 = CARTESIAN_POINT('',(4.868076308119,-212.1240555948));
#1808 = CARTESIAN_POINT('',(4.829835192113,-212.0633610406));
#1809 = CARTESIAN_POINT('',(4.791547685102,-212.0222807099));
#1810 = CARTESIAN_POINT('',(4.753234695962,-212.0011700738));
#1811 = CARTESIAN_POINT('',(4.675798306572,-211.9988808058));
#1812 = CARTESIAN_POINT('',(4.636669988249,-212.0185588688));
#1813 = CARTESIAN_POINT('',(4.597566688934,-212.0590901315));
#1814 = CARTESIAN_POINT('',(4.558510743118,-212.1201145721));
#1815 = CARTESIAN_POINT('',(4.519520661299,-212.2009275256));
#1816 = CARTESIAN_POINT('',(4.480613021843,-212.3005168918));
#1817 = CARTESIAN_POINT('',(4.422124077275,-212.4769768565));
#1818 = CARTESIAN_POINT('',(4.402468864944,-212.540851804));
#1819 = CARTESIAN_POINT('',(4.382839604194,-212.6090641632));
#1820 = CARTESIAN_POINT('',(4.363237355499,-212.6814340249));
#1821 = CARTESIAN_POINT('',(4.343662788481,-212.7577679067));
#1822 = CARTESIAN_POINT('',(4.324116222948,-212.8378607251));
#1823 = CARTESIAN_POINT('',(4.284854543462,-213.0060971074));
#1824 = CARTESIAN_POINT('',(4.265140051946,-213.0943228118));
#1825 = CARTESIAN_POINT('',(4.245454123099,-213.1859528829));
#1826 = CARTESIAN_POINT('',(4.225796313882,-213.2807555575));
#1827 = CARTESIAN_POINT('',(4.206165830222,-213.3784909928));
#1828 = CARTESIAN_POINT('',(4.186561546732,-213.4789129533));
#1829 = CARTESIAN_POINT('',(4.127320002233,-213.790127921));
#1830 = CARTESIAN_POINT('',(4.08776128843,-214.0084711353));
#1831 = CARTESIAN_POINT('',(4.048291284638,-214.2347235897));
#1832 = CARTESIAN_POINT('',(4.00889336322,-214.4667190758));
#1833 = CARTESIAN_POINT('',(3.969548600899,-214.7022341924));
#1834 = CARTESIAN_POINT('',(3.930235510376,-214.9390208107));
#1835 = CARTESIAN_POINT('',(3.854119224854,-215.3956861808));
#1836 = CARTESIAN_POINT('',(3.817317160983,-215.6156713018));
#1837 = CARTESIAN_POINT('',(3.780503692572,-215.8329513811));
#1838 = CARTESIAN_POINT('',(3.743661369996,-216.0456591564));
#1839 = CARTESIAN_POINT('',(3.706774630395,-216.2519235969));
#1840 = CARTESIAN_POINT('',(3.669829657349,-216.4499010109));
#1841 = CARTESIAN_POINT('',(3.614823991133,-216.7291500605));
#1842 = CARTESIAN_POINT('',(3.596817078454,-216.8181053328));
#1843 = CARTESIAN_POINT('',(3.578792772102,-216.904477435));
#1844 = CARTESIAN_POINT('',(3.560750164783,-216.9880649425));
#1845 = CARTESIAN_POINT('',(3.542688598107,-217.0686712651));
#1846 = CARTESIAN_POINT('',(3.524607677332,-217.146106232));
#1847 = CARTESIAN_POINT('',(3.489361963521,-217.2903602084));
#1848 = CARTESIAN_POINT('',(3.472199159138,-217.3575238351));
#1849 = CARTESIAN_POINT('',(3.455018818788,-217.4215236393));
#1850 = CARTESIAN_POINT('',(3.437821088777,-217.4822113338));
#1851 = CARTESIAN_POINT('',(3.420606337826,-217.5394467104));
#1852 = CARTESIAN_POINT('',(3.403375179004,-217.5930990876));
#1853 = CARTESIAN_POINT('',(3.351667585654,-217.7428540663));
#1854 = CARTESIAN_POINT('',(3.317142806804,-217.8278818583));
#1855 = CARTESIAN_POINT('',(3.282563772383,-217.8971671036));
#1856 = CARTESIAN_POINT('',(3.247940905983,-217.949936573));
#1857 = CARTESIAN_POINT('',(3.213286132749,-217.9856458384));
#1858 = CARTESIAN_POINT('',(3.178613886942,-218.004008333));
#1859 = CARTESIAN_POINT('',(3.108836586668,-218.006037241));
#1860 = CARTESIAN_POINT('',(3.073728357776,-217.9892661679));
#1861 = CARTESIAN_POINT('',(3.038636773106,-217.9546891651));
#1862 = CARTESIAN_POINT('',(3.00357689082,-217.9025858278));
#1863 = CARTESIAN_POINT('',(2.968561189872,-217.8335080912));
#1864 = CARTESIAN_POINT('',(2.933600636256,-217.748250024));
#1865 = CARTESIAN_POINT('',(2.880848385673,-217.5964096252));
#1866 = CARTESIAN_POINT('',(2.863007926974,-217.5410329241));
#1867 = CARTESIAN_POINT('',(2.845185040332,-217.4818108284));
#1868 = CARTESIAN_POINT('',(2.827380410382,-217.4188881873));
#1869 = CARTESIAN_POINT('',(2.80959444092,-217.3524208049));
#1870 = CARTESIAN_POINT('',(2.791827280922,-217.282573719));
#1871 = CARTESIAN_POINT('',(2.756162452552,-217.1357738693));
#1872 = CARTESIAN_POINT('',(2.738265124604,-217.0587600437));
#1873 = CARTESIAN_POINT('',(2.720386730678,-216.9786553799));
#1874 = CARTESIAN_POINT('',(2.702526868813,-216.8956448402));
#1875 = CARTESIAN_POINT('',(2.684684884939,-216.8099194711));
#1876 = CARTESIAN_POINT('',(2.666859886675,-216.7216749033));
#1877 = CARTESIAN_POINT('',(2.612182019974,-216.44362067));
#1878 = CARTESIAN_POINT('',(2.575382505775,-216.2461926182));
#1879 = CARTESIAN_POINT('',(2.538640485584,-216.0405814212));
#1880 = CARTESIAN_POINT('',(2.501942260783,-215.8286097087));
#1881 = CARTESIAN_POINT('',(2.46527242297,-215.6121267263));
#1882 = CARTESIAN_POINT('',(2.428613714236,-215.3929779158));
#1883 = CARTESIAN_POINT('',(2.352526043022,-214.9364722342));
#1884 = CARTESIAN_POINT('',(2.313098084874,-214.6989983509));
#1885 = CARTESIAN_POINT('',(2.273638072565,-214.4628226195));
#1886 = CARTESIAN_POINT('',(2.234124340209,-214.2302128075));
#1887 = CARTESIAN_POINT('',(2.194537826659,-214.0034115504));
#1888 = CARTESIAN_POINT('',(2.15486180531,-213.78460336));
#1889 = CARTESIAN_POINT('',(2.095327226191,-213.4722328119));
#1890 = CARTESIAN_POINT('',(2.075547574198,-213.3710734167));
#1891 = CARTESIAN_POINT('',(2.055741192934,-213.272660957));
#1892 = CARTESIAN_POINT('',(2.035906940557,-213.1772480352));
#1893 = CARTESIAN_POINT('',(2.016044019275,-213.0850805773));
#1894 = CARTESIAN_POINT('',(1.996151996261,-212.9963960619));
#1895 = CARTESIAN_POINT('',(1.956418506909,-212.8269117604));
#1896 = CARTESIAN_POINT('',(1.936577329028,-212.7460714104));
#1897 = CARTESIAN_POINT('',(1.916707332961,-212.6691244836));
#1898 = CARTESIAN_POINT('',(1.896808886106,-212.596284428));
#1899 = CARTESIAN_POINT('',(1.876882725956,-212.5277522309));
#1900 = CARTESIAN_POINT('',(1.856930004835,-212.4637142924));
#1901 = CARTESIAN_POINT('',(1.798950383658,-212.2913978208));
#1902 = CARTESIAN_POINT('',(1.760855242665,-212.195322837));
#1903 = CARTESIAN_POINT('',(1.722681997583,-212.1172994853));
#1904 = CARTESIAN_POINT('',(1.684446352103,-212.0582645597));
#1905 = CARTESIAN_POINT('',(1.646165799001,-212.0188713458));
#1906 = CARTESIAN_POINT('',(1.607861338042,-211.9994563495));
#1907 = CARTESIAN_POINT('',(1.531501391257,-212.0005579812));
#1908 = CARTESIAN_POINT('',(1.493441285227,-212.0208218584));
#1909 = CARTESIAN_POINT('',(1.455405611308,-212.0607987201));
#1910 = CARTESIAN_POINT('',(1.417414922719,-212.1201487133));
#1911 = CARTESIAN_POINT('',(1.379486330221,-212.1982238206));
#1912 = CARTESIAN_POINT('',(1.341635163532,-212.2941004189));
#1913 = CARTESIAN_POINT('',(1.284198847387,-212.4652486452));
#1914 = CARTESIAN_POINT('',(1.264545842071,-212.5284033522));
#1915 = CARTESIAN_POINT('',(1.24491861612,-212.5959161449));
#1916 = CARTESIAN_POINT('',(1.225318268733,-212.6676088067));
#1917 = CARTESIAN_POINT('',(1.205745508701,-212.7432893916));
#1918 = CARTESIAN_POINT('',(1.186200695937,-212.8227541972));
#1919 = CARTESIAN_POINT('',(1.146941870565,-212.9897834029));
#1920 = CARTESIAN_POINT('',(1.127228479881,-213.0774308045));
#1921 = CARTESIAN_POINT('',(1.107543681292,-213.1685111934));
#1922 = CARTESIAN_POINT('',(1.087887071449,-213.2627939121));
#1923 = CARTESIAN_POINT('',(1.068257893653,-213.3600400937));
#1924 = CARTESIAN_POINT('',(1.04865505818,-213.4600043603));
#1925 = CARTESIAN_POINT('',(0.989413734727,-213.7699568178));
#1926 = CARTESIAN_POINT('',(0.949854316346,-213.9875976126));
#1927 = CARTESIAN_POINT('',(0.910384744979,-214.2132892083));
#1928 = CARTESIAN_POINT('',(0.870988417547,-214.444867663));
#1929 = CARTESIAN_POINT('',(0.831646550104,-214.6801127185));
#1930 = CARTESIAN_POINT('',(0.792337921552,-214.9167804878));
#1931 = CARTESIAN_POINT('',(0.716225878411,-215.3735524724));
#1932 = CARTESIAN_POINT('',(0.679423447249,-215.5937445069));
#1933 = CARTESIAN_POINT('',(0.642610901579,-215.811365049));
#1934 = CARTESIAN_POINT('',(0.60577072634,-216.0245468821));
#1935 = CARTESIAN_POINT('',(0.568887247599,-216.2314182783));
#1936 = CARTESIAN_POINT('',(0.531946483259,-216.4301337091));
#1937 = CARTESIAN_POINT('',(0.47694677062,-216.7106758679));
#1938 = CARTESIAN_POINT('',(0.458941061178,-216.8000884743));
#1939 = CARTESIAN_POINT('',(0.440918097421,-216.8869472009));
#1940 = CARTESIAN_POINT('',(0.422876943414,-216.9710500476));
#1941 = CARTESIAN_POINT('',(0.404816910427,-217.0521997211));
#1942 = CARTESIAN_POINT('',(0.386737571254,-217.1302052062));
#1943 = CARTESIAN_POINT('',(0.316385862682,-217.4204860619));
#1944 = CARTESIAN_POINT('',(0.263957796985,-217.6084079466));
#1945 = CARTESIAN_POINT('',(0.211369280763,-217.7641418485));
#1946 = CARTESIAN_POINT('',(0.158640371692,-217.8838443059));
#1947 = CARTESIAN_POINT('',(0.105801025378,-217.964656549));
#1948 = CARTESIAN_POINT('',(5.28961412131E-02,-218.0050506338));
#1949 = CARTESIAN_POINT('',(0.,-218.0050506338));
#1950 = ( GEOMETRIC_REPRESENTATION_CONTEXT(2) 
PARAMETRIC_REPRESENTATION_CONTEXT() REPRESENTATION_CONTEXT('2D SPACE',''
  ) );
#1951 = PCURVE('',#1391,#1952);
#1952 = DEFINITIONAL_REPRESENTATION('',(#1953),#2136);
#1953 = B_SPLINE_CURVE_WITH_KNOTS('',7,(#1954,#1955,#1956,#1957,#1958,
    #1959,#1960,#1961,#1962,#1963,#1964,#1965,#1966,#1967,#1968,#1969,
    #1970,#1971,#1972,#1973,#1974,#1975,#1976,#1977,#1978,#1979,#1980,
    #1981,#1982,#1983,#1984,#1985,#1986,#1987,#1988,#1989,#1990,#1991,
    #1992,#1993,#1994,#1995,#1996,#1997,#1998,#1999,#2000,#2001,#2002,
    #2003,#2004,#2005,#2006,#2007,#2008,#2009,#2010,#2011,#2012,#2013,
    #2014,#2015,#2016,#2017,#2018,#2019,#2020,#2021,#2022,#2023,#2024,
    #2025,#2026,#2027,#2028,#2029,#2030,#2031,#2032,#2033,#2034,#2035,
    #2036,#2037,#2038,#2039,#2040,#2041,#2042,#2043,#2044,#2045,#2046,
    #2047,#2048,#2049,#2050,#2051,#2052,#2053,#2054,#2055,#2056,#2057,
    #2058,#2059,#2060,#2061,#2062,#2063,#2064,#2065,#2066,#2067,#2068,
    #2069,#2070,#2071,#2072,#2073,#2074,#2075,#2076,#2077,#2078,#2079,
    #2080,#2081,#2082,#2083,#2084,#2085,#2086,#2087,#2088,#2089,#2090,
    #2091,#2092,#2093,#2094,#2095,#2096,#2097,#2098,#2099,#2100,#2101,
    #2102,#2103,#2104,#2105,#2106,#2107,#2108,#2109,#2110,#2111,#2112,
    #2113,#2114,#2115,#2116,#2117,#2118,#2119,#2120,#2121,#2122,#2123,
    #2124,#2125,#2126,#2127,#2128,#2129,#2130,#2131,#2132,#2133,#2134,
    #2135),.UNSPECIFIED.,.T.,.F.,(8,6,6,6,6,6,6,6,6,6,6,6,6,6,6,6,6,6,6,
    6,6,6,6,6,6,6,6,6,6,6,8),(0.,5.760474339104E-02,7.761651043286E-02,
    0.120064527766,0.164613230725,0.186734332692,0.207736976442,
    0.249601870587,0.292355118047,0.314034727122,0.335963773995,
    0.380385208948,0.42198669994,0.442206561691,0.461359520773,
    0.499629381508,0.538378715814,0.55820803789,0.578225020771,
    0.619664490304,0.664215509891,0.686339036258,0.708341674409,
    0.750195562652,0.791783642453,0.81345629885,0.83537903052,
    0.879792929999,0.921395521511,0.94161743946,1.),.UNSPECIFIED.);
#1954 = CARTESIAN_POINT('',(2.801755744136,120.));
#1955 = CARTESIAN_POINT('',(2.801755744136,118.69521730316));
#1956 = CARTESIAN_POINT('',(2.802879310092,117.39022705727));
#1957 = CARTESIAN_POINT('',(2.805127077226,116.09260956291));
#1958 = CARTESIAN_POINT('',(2.80848023849,114.80926241997));
#1959 = CARTESIAN_POINT('',(2.812906294562,113.5464835853));
#1960 = CARTESIAN_POINT('',(2.818362568109,112.31002770121));
#1961 = CARTESIAN_POINT('',(2.827034874018,110.6865762693));
#1962 = CARTESIAN_POINT('',(2.82938930758,110.27178014255));
#1963 = CARTESIAN_POINT('',(2.831860227446,109.86096465758));
#1964 = CARTESIAN_POINT('',(2.834445601502,109.45432317769));
#1965 = CARTESIAN_POINT('',(2.837143364415,109.05203892401));
#1966 = CARTESIAN_POINT('',(2.839951438963,108.65428580249));
#1967 = CARTESIAN_POINT('',(2.849053714543,107.42749615119));
#1968 = CARTESIAN_POINT('',(2.855726467983,106.61492444928));
#1969 = CARTESIAN_POINT('',(2.86286654063,105.82504494981));
#1970 = CARTESIAN_POINT('',(2.870454389625,105.05927775161));
#1971 = CARTESIAN_POINT('',(2.878470816111,104.31895579567));
#1972 = CARTESIAN_POINT('',(2.886897324844,103.60534590963));
#1973 = CARTESIAN_POINT('',(2.904971986232,102.20005559281));
#1974 = CARTESIAN_POINT('',(2.914659388131,101.51125246888));
#1975 = CARTESIAN_POINT('',(2.924758382578,100.85465826447));
#1976 = CARTESIAN_POINT('',(2.935248445789,100.23173344764));
#1977 = CARTESIAN_POINT('',(2.946108572613,99.643977819957));
#1978 = CARTESIAN_POINT('',(2.957317001009,99.09290974848));
#1979 = CARTESIAN_POINT('',(2.974578135459,98.325377586552));
#1980 = CARTESIAN_POINT('',(2.980385521382,98.080135025219));
#1981 = CARTESIAN_POINT('',(2.986270139038,97.84450652383));
#1982 = CARTESIAN_POINT('',(2.99222896854,97.618682206375));
#1983 = CARTESIAN_POINT('',(2.998258846151,97.402851635219));
#1984 = CARTESIAN_POINT('',(3.004356446246,97.197201876695));
#1985 = CARTESIAN_POINT('',(3.01636853457,96.816503067654));
#1986 = CARTESIAN_POINT('',(3.022276699838,96.640432339845));
#1987 = CARTESIAN_POINT('',(3.028239738676,96.473860184749));
#1988 = CARTESIAN_POINT('',(3.034254496556,96.316939237107));
#1989 = CARTESIAN_POINT('',(3.040317670564,96.169816094025));
#1990 = CARTESIAN_POINT('',(3.046425795139,96.032629444055));
#1991 = CARTESIAN_POINT('',(3.064832986944,95.652115449841));
#1992 = CARTESIAN_POINT('',(3.077255809387,95.438696152919));
#1993 = CARTESIAN_POINT('',(3.089813593661,95.26630856654));
#1994 = CARTESIAN_POINT('',(3.102475102485,95.135790043885));
#1995 = CARTESIAN_POINT('',(3.11520777635,95.047744850416));
#1996 = CARTESIAN_POINT('',(3.127977452313,95.002507308188));
#1997 = CARTESIAN_POINT('',(3.153789508446,94.997601719794));
#1998 = CARTESIAN_POINT('',(3.166833586847,95.039769476561));
#1999 = CARTESIAN_POINT('',(3.179841674037,95.126606024267));
#2000 = CARTESIAN_POINT('',(3.192777339223,95.257771392882));
#2001 = CARTESIAN_POINT('',(3.205605862725,95.432630986658));
#2002 = CARTESIAN_POINT('',(3.218293931199,95.65029568469));
#2003 = CARTESIAN_POINT('',(3.237155882796,96.041141359968));
#2004 = CARTESIAN_POINT('',(3.243458227341,96.183370040247));
#2005 = CARTESIAN_POINT('',(3.249712465454,96.336178238213));
#2006 = CARTESIAN_POINT('',(3.255914794881,96.499412895792));
#2007 = CARTESIAN_POINT('',(3.262061597935,96.672912094745));
#2008 = CARTESIAN_POINT('',(3.268149424776,96.856507243837));
#2009 = CARTESIAN_POINT('',(3.280269856432,97.245769837036));
#2010 = CARTESIAN_POINT('',(3.28630102796,97.451667178965));
#2011 = CARTESIAN_POINT('',(3.292265101439,97.667538775585));
#2012 = CARTESIAN_POINT('',(3.298158858587,97.893202053092));
#2013 = CARTESIAN_POINT('',(3.303979235496,98.128472210512));
#2014 = CARTESIAN_POINT('',(3.309723305452,98.373164050125));
#2015 = CARTESIAN_POINT('',(3.326863702954,99.141476593614));
#2016 = CARTESIAN_POINT('',(3.338014021918,99.693744814743));
#2017 = CARTESIAN_POINT('',(3.348816675355,100.28239632723));
#2018 = CARTESIAN_POINT('',(3.359250124272,100.90592756766));
#2019 = CARTESIAN_POINT('',(3.369293569153,101.56285343842));
#2020 = CARTESIAN_POINT('',(3.378926685131,102.25172719288));
#2021 = CARTESIAN_POINT('',(3.396747828809,103.64492267898));
#2022 = CARTESIAN_POINT('',(3.404988291767,104.34544980172));
#2023 = CARTESIAN_POINT('',(3.412834256721,105.07159246262));
#2024 = CARTESIAN_POINT('',(3.420268305213,105.82215690418));
#2025 = CARTESIAN_POINT('',(3.427272371258,106.59588801595));
#2026 = CARTESIAN_POINT('',(3.433828067363,107.39145026267));
#2027 = CARTESIAN_POINT('',(3.442876527885,108.60399117543));
#2028 = CARTESIAN_POINT('',(3.445725701237,109.00538721431));
#2029 = CARTESIAN_POINT('',(3.448462442601,109.41142451623));
#2030 = CARTESIAN_POINT('',(3.45108460867,109.82192433097));
#2031 = CARTESIAN_POINT('',(3.45359006758,110.2366982507));
#2032 = CARTESIAN_POINT('',(3.45597672125,110.65554733992));
#2033 = CARTESIAN_POINT('',(3.460388778759,111.47867065574));
#2034 = CARTESIAN_POINT('',(3.462426600664,111.88254806357));
#2035 = CARTESIAN_POINT('',(3.464354254113,112.28971377734));
#2036 = CARTESIAN_POINT('',(3.466170049491,112.6999794165));
#2037 = CARTESIAN_POINT('',(3.467872367717,113.11314736036));
#2038 = CARTESIAN_POINT('',(3.469459681043,113.52901017723));
#2039 = CARTESIAN_POINT('',(3.47386959038,114.78324223748));
#2040 = CARTESIAN_POINT('',(3.476343962499,115.62906961435));
#2041 = CARTESIAN_POINT('',(3.478342088437,116.48303321195));
#2042 = CARTESIAN_POINT('',(3.479854696547,117.34325012561));
#2043 = CARTESIAN_POINT('',(3.480875134815,118.20775018879));
#2044 = CARTESIAN_POINT('',(3.48139978294,119.0744716132));
#2045 = CARTESIAN_POINT('',(3.481457751898,120.81889930417));
#2046 = CARTESIAN_POINT('',(3.480978572943,121.696687131));
#2047 = CARTESIAN_POINT('',(3.479990831057,122.57237638976));
#2048 = CARTESIAN_POINT('',(3.478498068485,123.44382325212));
#2049 = CARTESIAN_POINT('',(3.476507032303,124.30897759253));
#2050 = CARTESIAN_POINT('',(3.474027246869,125.16587881511));
#2051 = CARTESIAN_POINT('',(3.469557759699,126.44597498416));
#2052 = CARTESIAN_POINT('',(3.467919912852,126.87665814752));
#2053 = CARTESIAN_POINT('',(3.46615873874,127.30445982578));
#2054 = CARTESIAN_POINT('',(3.464275931226,127.72914964207));
#2055 = CARTESIAN_POINT('',(3.462273289242,128.15050849324));
#2056 = CARTESIAN_POINT('',(3.460152692071,128.56832787101));
#2057 = CARTESIAN_POINT('',(3.455658290277,129.40040927927));
#2058 = CARTESIAN_POINT('',(3.453282277329,129.81460058845));
#2059 = CARTESIAN_POINT('',(3.450790021347,130.22477996845));
#2060 = CARTESIAN_POINT('',(3.448183560353,130.63075516619));
#2061 = CARTESIAN_POINT('',(3.445464963686,131.03234399059));
#2062 = CARTESIAN_POINT('',(3.442636310863,131.4293734855));
#2063 = CARTESIAN_POINT('',(3.43362019172,132.63383629746));
#2064 = CARTESIAN_POINT('',(3.427078101144,133.42572112501));
#2065 = CARTESIAN_POINT('',(3.420091522186,134.19591572794));
#2066 = CARTESIAN_POINT('',(3.412678620438,134.94310174655));
#2067 = CARTESIAN_POINT('',(3.404857242741,135.66603951524));
#2068 = CARTESIAN_POINT('',(3.396644599245,136.36354943465));
#2069 = CARTESIAN_POINT('',(3.378824562776,137.75582068384));
#2070 = CARTESIAN_POINT('',(3.369159296619,138.44639971078));
#2071 = CARTESIAN_POINT('',(3.359081477918,139.10483213236));
#2072 = CARTESIAN_POINT('',(3.348611609503,139.72965825126));
#2073 = CARTESIAN_POINT('',(3.337770679091,140.31937944708));
#2074 = CARTESIAN_POINT('',(3.326580429352,140.87247848279));
#2075 = CARTESIAN_POINT('',(3.309344516232,141.64316371197));
#2076 = CARTESIAN_POINT('',(3.303544998316,141.88947746034));
#2077 = CARTESIAN_POINT('',(3.297667960253,142.12619232321));
#2078 = CARTESIAN_POINT('',(3.291716412881,142.35311811433));
#2079 = CARTESIAN_POINT('',(3.285693509829,142.57006511592));
#2080 = CARTESIAN_POINT('',(3.279602565503,142.77684600064));
#2081 = CARTESIAN_POINT('',(3.267325215737,143.16863615636));
#2082 = CARTESIAN_POINT('',(3.26113950476,143.35375849501));
#2083 = CARTESIAN_POINT('',(3.25489340175,143.52846410203));
#2084 = CARTESIAN_POINT('',(3.248590528482,143.69257721838));
#2085 = CARTESIAN_POINT('',(3.24223468485,143.84592935121));
#2086 = CARTESIAN_POINT('',(3.235829866806,143.98836163177));
#2087 = CARTESIAN_POINT('',(3.217111750703,144.36961351212));
#2088 = CARTESIAN_POINT('',(3.204680296378,144.57947485785));
#2089 = CARTESIAN_POINT('',(3.192116152593,144.74826328894));
#2090 = CARTESIAN_POINT('',(3.179450653669,144.87515492528));
#2091 = CARTESIAN_POINT('',(3.166716422571,144.95956122632));
#2092 = CARTESIAN_POINT('',(3.153947648755,145.00116496615));
#2093 = CARTESIAN_POINT('',(3.128494350459,144.99880432514));
#2094 = CARTESIAN_POINT('',(3.115808274557,144.95538155772));
#2095 = CARTESIAN_POINT('',(3.103157647456,144.8697095822));
#2096 = CARTESIAN_POINT('',(3.090575983939,144.74210817068));
#2097 = CARTESIAN_POINT('',(3.078095256834,144.57316092174));
#2098 = CARTESIAN_POINT('',(3.065746167424,144.3636800517));
#2099 = CARTESIAN_POINT('',(3.047206917265,143.98494214031));
#2100 = CARTESIAN_POINT('',(3.040899051571,143.84445596069));
#2101 = CARTESIAN_POINT('',(3.034638748018,143.69337701286));
#2102 = CARTESIAN_POINT('',(3.028429824431,143.53185716944));
#2103 = CARTESIAN_POINT('',(3.022275914104,143.36005736022));
#2104 = CARTESIAN_POINT('',(3.016180482435,143.17814538438));
#2105 = CARTESIAN_POINT('',(3.004043584096,142.79222833356));
#2106 = CARTESIAN_POINT('',(2.99800354303,142.58799228733));
#2107 = CARTESIAN_POINT('',(2.992030126388,142.37376350147));
#2108 = CARTESIAN_POINT('',(2.986126567077,142.14972411415));
#2109 = CARTESIAN_POINT('',(2.980295942144,141.91605863743));
#2110 = CARTESIAN_POINT('',(2.974541190008,141.67295211053));
#2111 = CARTESIAN_POINT('',(2.957365828017,140.90931697677));
#2112 = CARTESIAN_POINT('',(2.946189980929,140.3600713081));
#2113 = CARTESIAN_POINT('',(2.935360242411,139.77435393033));
#2114 = CARTESIAN_POINT('',(2.924898183591,139.15366964154));
#2115 = CARTESIAN_POINT('',(2.914824623535,138.4995048405));
#2116 = CARTESIAN_POINT('',(2.905159901664,137.81330696655));
#2117 = CARTESIAN_POINT('',(2.887272885705,136.42499550413));
#2118 = CARTESIAN_POINT('',(2.878998497014,135.7266763177));
#2119 = CARTESIAN_POINT('',(2.871117393308,135.00265508724));
#2120 = CARTESIAN_POINT('',(2.863646963627,134.2541235526));
#2121 = CARTESIAN_POINT('',(2.856605241754,133.48233299679));
#2122 = CARTESIAN_POINT('',(2.850010589002,132.68861294239));
#2123 = CARTESIAN_POINT('',(2.8409020662,131.47862074567));
#2124 = CARTESIAN_POINT('',(2.838032805148,131.07801228869));
#2125 = CARTESIAN_POINT('',(2.83527568343,130.67273562411));
#2126 = CARTESIAN_POINT('',(2.83263284559,130.26296845753));
#2127 = CARTESIAN_POINT('',(2.830106426487,129.84889806266));
#2128 = CARTESIAN_POINT('',(2.827698529167,129.43072215072));
#2129 = CARTESIAN_POINT('',(2.81880747827,127.79008737903));
#2130 = CARTESIAN_POINT('',(2.813207108902,126.53874400327));
#2131 = CARTESIAN_POINT('',(2.808662602334,125.26005008521));
#2132 = CARTESIAN_POINT('',(2.805218776134,123.95996546164));
#2133 = CARTESIAN_POINT('',(2.80290986217,122.64502571103));
#2134 = CARTESIAN_POINT('',(2.801755744136,121.32240353032));
#2135 = CARTESIAN_POINT('',(2.801755744136,120.));
#2136 = ( GEOMETRIC_REPRESENTATION_CONTEXT(2) 
PARAMETRIC_REPRESENTATION_CONTEXT() REPRESENTATION_CONTEXT('2D SPACE',''
  ) );
#2137 = ORIENTED_EDGE('',*,*,#2138,.T.);
#2138 = EDGE_CURVE('',#1579,#507,#2139,.T.);
#2139 = SEAM_CURVE('',#2140,(#2144,#2151),.PCURVE_S1.);
#2140 = LINE('',#2141,#2142);
#2141 = CARTESIAN_POINT('',(35.,0.,-150.));
#2142 = VECTOR('',#2143,1.);
#2143 = DIRECTION('',(0.,0.,1.));
#2144 = PCURVE('',#880,#2145);
#2145 = DEFINITIONAL_REPRESENTATION('',(#2146),#2150);
#2146 = LINE('',#2147,#2148);
#2147 = CARTESIAN_POINT('',(6.28318530718,0.));
#2148 = VECTOR('',#2149,1.);
#2149 = DIRECTION('',(0.,-1.));
#2150 = ( GEOMETRIC_REPRESENTATION_CONTEXT(2) 
PARAMETRIC_REPRESENTATION_CONTEXT() REPRESENTATION_CONTEXT('2D SPACE',''
  ) );
#2151 = PCURVE('',#880,#2152);
#2152 = DEFINITIONAL_REPRESENTATION('',(#2153),#2157);
#2153 = LINE('',#2154,#2155);
#2154 = CARTESIAN_POINT('',(0.,0.));
#2155 = VECTOR('',#2156,1.);
#2156 = DIRECTION('',(0.,-1.));
#2157 = ( GEOMETRIC_REPRESENTATION_CONTEXT(2) 
PARAMETRIC_REPRESENTATION_CONTEXT() REPRESENTATION_CONTEXT('2D SPACE',''
  ) );
#2158 = ORIENTED_EDGE('',*,*,#506,.F.);
#2159 = ORIENTED_EDGE('',*,*,#2138,.F.);
#2160 = ADVANCED_FACE('',(#2161,#2164),#1391,.T.);
#2161 = FACE_BOUND('',#2162,.T.);
#2162 = EDGE_LOOP('',(#2163));
#2163 = ORIENTED_EDGE('',*,*,#1077,.T.);
#2164 = FACE_BOUND('',#2165,.T.);
#2165 = EDGE_LOOP('',(#2166));
#2166 = ORIENTED_EDGE('',*,*,#1578,.F.);
#2167 = ( GEOMETRIC_REPRESENTATION_CONTEXT(3) 
GLOBAL_UNCERTAINTY_ASSIGNED_CONTEXT((#2171)) 
GLOBAL_UNIT_ASSIGNED_CONTEXT((#2168,#2169,#2170)) REPRESENTATION_CONTEXT
('Context #1','3D Context with UNIT and UNCERTAINTY') );
#2168 = ( LENGTH_UNIT() NAMED_UNIT(*) SI_UNIT(.MILLI.,.METRE.) );
#2169 = ( NAMED_UNIT(*) PLANE_ANGLE_UNIT() SI_UNIT($,.RADIAN.) );
#2170 = ( NAMED_UNIT(*) SI_UNIT($,.STERADIAN.) SOLID_ANGLE_UNIT() );
#2171 = UNCERTAINTY_MEASURE_WITH_UNIT(LENGTH_MEASURE(5.E-06),#2168,
  'distance_accuracy_value','confusion accuracy');
#2172 = PRODUCT_RELATED_PRODUCT_CATEGORY('part',$,(#7));
ENDSEC;
END-ISO-10303-21;
