ISO-10303-21;
HEADER;
FILE_DESCRIPTION(('Open CASCADE Model'),'2;1');
FILE_NAME('Open CASCADE Shape Model','2026-08-16T23:33:06',('Author'),(
    'Open CASCADE'),'Open CASCADE STEP processor 7.8','Open CASCADE 7.8'
  ,'Unknown');
FILE_SCHEMA(('AUTOMOTIVE_DESIGN { 1 0 10303 214 1 1 1 1 }'));
ENDSEC;
DATA;
#1 = APPLICATION_PROTOCOL_DEFINITION('international standard',
  'automotive_design',2000,#2);
#2 = APPLICATION_CONTEXT(
  'core data for automotive mechanical design processes');
#3 = SHAPE_DEFINITION_REPRESENTATION(#4,#10);
#4 = PRODUCT_DEFINITION_SHAPE('','',#5);
#5 = PRODUCT_DEFINITION('design','',#6,#9);
#6 = PRODUCT_DEFINITION_FORMATION('','',#7);
#7 = PRODUCT('Open CASCADE STEP translator 7.8 57',
  'Open CASCADE STEP translator 7.8 57','',(#8));
#8 = PRODUCT_CONTEXT('',#2,'mechanical');
#9 = PRODUCT_DEFINITION_CONTEXT('part definition',#2,'design');
#10 = ADVANCED_BREP_SHAPE_REPRESENTATION('',(#11,#15),#3603);
#11 = AXIS2_PLACEMENT_3D('',#12,#13,#14);
#12 = CARTESIAN_POINT('',(0.,0.,0.));
#13 = DIRECTION('',(0.,0.,1.));
#14 = DIRECTION('',(1.,0.,-0.));
#15 = MANIFOLD_SOLID_BREP('',#16);
#16 = CLOSED_SHELL('',(#17,#352,#644,#721,#771,#821,#1339,#1393,#1442,
    #1492,#1745,#1795,#2045,#2095,#2166,#2198,#2230,#2820,#2847,#2874,
    #2899,#3481,#3508,#3535,#3544,#3572,#3598));
#17 = ADVANCED_FACE('',(#18),#32,.T.);
#18 = FACE_BOUND('',#19,.T.);
#19 = EDGE_LOOP('',(#20,#74,#153,#154,#183,#217,#296,#330));
#20 = ORIENTED_EDGE('',*,*,#21,.F.);
#21 = EDGE_CURVE('',#22,#24,#26,.T.);
#22 = VERTEX_POINT('',#23);
#23 = CARTESIAN_POINT('',(42.,0.,18.));
#24 = VERTEX_POINT('',#25);
#25 = CARTESIAN_POINT('',(29.,0.,12.));
#26 = SEAM_CURVE('',#27,(#31,#68),.PCURVE_S1.);
#27 = LINE('',#28,#29);
#28 = CARTESIAN_POINT('',(42.,0.,18.));
#29 = VECTOR('',#30,1.);
#30 = DIRECTION('',(-0.9079593845,0.,-0.419058177462));
#31 = PCURVE('',#32,#63);
#32 = B_SPLINE_SURFACE_WITH_KNOTS('',14,1,(
    (#33,#34)
    ,(#35,#36)
    ,(#37,#38)
    ,(#39,#40)
    ,(#41,#42)
    ,(#43,#44)
    ,(#45,#46)
    ,(#47,#48)
    ,(#49,#50)
    ,(#51,#52)
    ,(#53,#54)
    ,(#55,#56)
    ,(#57,#58)
    ,(#59,#60)
    ,(#61,#62
    )),.UNSPECIFIED.,.T.,.F.,.F.,(15,15),(2,2),(0.,6.28318530718),(0.,1.
    ),.PIECEWISE_BEZIER_KNOTS.);
#33 = CARTESIAN_POINT('',(29.,2.64856971226E-15,12.));
#34 = CARTESIAN_POINT('',(42.,4.727759759839E-14,18.));
#35 = CARTESIAN_POINT('',(29.000000000003,10.322375861804,12.));
#36 = CARTESIAN_POINT('',(42.000000000004,14.361566416421,
    18.000000000001));
#37 = CARTESIAN_POINT('',(22.709483525206,20.644755533803,12.));
#38 = CARTESIAN_POINT('',(32.88959682961,28.723138133996,17.999999999997
    ));
#39 = CARTESIAN_POINT('',(10.128442533833,28.354844971212,
    11.999999999997));
#40 = CARTESIAN_POINT('',(14.668778842096,39.450219090356,
    18.000000000004));
#41 = CARTESIAN_POINT('',(-6.861707827399,30.84064470394,12.000000000013
    ));
#42 = CARTESIAN_POINT('',(-9.937645818978,42.908723066406,
    18.000000000005));
#43 = CARTESIAN_POINT('',(-24.49849415174,26.426467803327,
    11.999999999966));
#44 = CARTESIAN_POINT('',(-35.48057773702,36.767259552362,
    17.999999999969));
#45 = CARTESIAN_POINT('',(-37.96220934803,15.315360640961,
    12.000000000061));
#46 = CARTESIAN_POINT('',(-54.97975146953,21.308327848421,18.00000000007
    ));
#47 = CARTESIAN_POINT('',(-43.03102945947,4.311891682217E-10,
    11.999999999921));
#48 = CARTESIAN_POINT('',(-62.32080128618,4.529813320791E-10,
    17.999999999894));
#49 = CARTESIAN_POINT('',(-37.96220934804,-15.31536064175,
    12.000000000081));
#50 = CARTESIAN_POINT('',(-54.97975146953,-21.30832784925,
    18.000000000119));
#51 = CARTESIAN_POINT('',(-24.49849415172,-26.42646780272,
    11.999999999935));
#52 = CARTESIAN_POINT('',(-35.48057773702,-36.76725955172,
    17.999999999896));
#53 = CARTESIAN_POINT('',(-6.861707827408,-30.84064470431,
    12.000000000041));
#54 = CARTESIAN_POINT('',(-9.937645818976,-42.9087230668,18.000000000071
    ));
#55 = CARTESIAN_POINT('',(10.128442533839,-28.35484497102,11.99999999998
    ));
#56 = CARTESIAN_POINT('',(14.668778842096,-39.45021909015,
    17.999999999963));
#57 = CARTESIAN_POINT('',(22.709483525203,-20.64475553387,
    12.000000000007));
#58 = CARTESIAN_POINT('',(32.889596829611,-28.72313813407,
    18.000000000014));
#59 = CARTESIAN_POINT('',(29.000000000004,-10.32237586178,
    11.999999999998));
#60 = CARTESIAN_POINT('',(42.000000000004,-14.3615664164,17.999999999997
    ));
#61 = CARTESIAN_POINT('',(29.,-1.156228521492E-14,12.));
#62 = CARTESIAN_POINT('',(42.,-5.219838570296E-14,18.));
#63 = DEFINITIONAL_REPRESENTATION('',(#64),#67);
#64 = B_SPLINE_CURVE_WITH_KNOTS('',1,(#65,#66),.UNSPECIFIED.,.F.,.F.,(2,
    2),(0.,14.317821063276),.PIECEWISE_BEZIER_KNOTS.);
#65 = CARTESIAN_POINT('',(6.28318530718,1.));
#66 = CARTESIAN_POINT('',(6.28318530718,-1.733006970294E-15));
#67 = ( GEOMETRIC_REPRESENTATION_CONTEXT(2) 
PARAMETRIC_REPRESENTATION_CONTEXT() REPRESENTATION_CONTEXT('2D SPACE',''
  ) );
#68 = PCURVE('',#32,#69);
#69 = DEFINITIONAL_REPRESENTATION('',(#70),#73);
#70 = B_SPLINE_CURVE_WITH_KNOTS('',1,(#71,#72),.UNSPECIFIED.,.F.,.F.,(2,
    2),(0.,14.317821063276),.PIECEWISE_BEZIER_KNOTS.);
#71 = CARTESIAN_POINT('',(0.,1.));
#72 = CARTESIAN_POINT('',(8.881784197001E-16,-1.733006970294E-15));
#73 = ( GEOMETRIC_REPRESENTATION_CONTEXT(2) 
PARAMETRIC_REPRESENTATION_CONTEXT() REPRESENTATION_CONTEXT('2D SPACE',''
  ) );
#74 = ORIENTED_EDGE('',*,*,#75,.F.);
#75 = EDGE_CURVE('',#22,#22,#76,.T.);
#76 = SURFACE_CURVE('',#77,(#82,#89),.PCURVE_S1.);
#77 = ELLIPSE('',#78,42.,32.);
#78 = AXIS2_PLACEMENT_3D('',#79,#80,#81);
#79 = CARTESIAN_POINT('',(0.,0.,18.));
#80 = DIRECTION('',(0.,0.,1.));
#81 = DIRECTION('',(1.,0.,0.));
#82 = PCURVE('',#32,#83);
#83 = DEFINITIONAL_REPRESENTATION('',(#84),#88);
#84 = LINE('',#85,#86);
#85 = CARTESIAN_POINT('',(0.,1.));
#86 = VECTOR('',#87,1.);
#87 = DIRECTION('',(1.,0.));
#88 = ( GEOMETRIC_REPRESENTATION_CONTEXT(2) 
PARAMETRIC_REPRESENTATION_CONTEXT() REPRESENTATION_CONTEXT('2D SPACE',''
  ) );
#89 = PCURVE('',#90,#147);
#90 = B_SPLINE_SURFACE_WITH_KNOTS('',14,1,(
    (#91,#92)
    ,(#93,#94)
    ,(#95,#96)
    ,(#97,#98)
    ,(#99,#100)
    ,(#101,#102)
    ,(#103,#104)
    ,(#105,#106)
    ,(#107,#108)
    ,(#109,#110)
    ,(#111,#112)
    ,(#113,#114)
    ,(#115,#116)
    ,(#117,#118)
    ,(#119,#120)
    ,(#121,#122)
    ,(#123,#124)
    ,(#125,#126)
    ,(#127,#128)
    ,(#129,#130)
    ,(#131,#132)
    ,(#133,#134)
    ,(#135,#136)
    ,(#137,#138)
    ,(#139,#140)
    ,(#141,#142)
    ,(#143,#144)
    ,(#145,#146
    )),.UNSPECIFIED.,.T.,.F.,.F.,(15,13,15),(2,2),(0.,3.14159265359,
    6.28318530718),(0.,1.),.UNSPECIFIED.);
#91 = CARTESIAN_POINT('',(42.,4.727759759839E-14,18.));
#92 = CARTESIAN_POINT('',(52.,7.105427357601E-15,86.));
#93 = CARTESIAN_POINT('',(42.000000000002,7.180783208211,18.000000000001
    ));
#94 = CARTESIAN_POINT('',(51.999999999999,9.649177436024,85.999999999996
    ));
#95 = CARTESIAN_POINT('',(39.722399207405,14.36156774171,18.));
#96 = CARTESIAN_POINT('',(49.180112970321,19.298354291805,
    86.000000000009));
#97 = CARTESIAN_POINT('',(35.167196166367,21.088041592701,18.));
#98 = CARTESIAN_POINT('',(43.540339408388,28.337063228807,85.99999999999
    ));
#99 = CARTESIAN_POINT('',(28.504690657943,26.905918368593,18.));
#100 = CARTESIAN_POINT('',(35.291519502044,36.154819020212,
    86.000000000003));
#101 = CARTESIAN_POINT('',(20.075467183912,31.401633725313,18.));
#102 = CARTESIAN_POINT('',(24.855342511442,42.19594839679,
    86.000000000004));
#103 = CARTESIAN_POINT('',(10.371744126715,34.243180991786,18.));
#104 = CARTESIAN_POINT('',(12.841205836926,46.01427767796,
    85.999999999995));
#105 = CARTESIAN_POINT('',(-3.765199885208E-08,35.21523895902,18.));
#106 = CARTESIAN_POINT('',(-2.346059854322E-13,47.320473051831,
    85.999999999999));
#107 = CARTESIAN_POINT('',(-10.371743895,34.243182303258,18.));
#108 = CARTESIAN_POINT('',(-12.84120583692,46.014277677965,
    86.000000000005));
#109 = CARTESIAN_POINT('',(-20.07546791047,31.401634010186,18.));
#110 = CARTESIAN_POINT('',(-24.85534251144,42.195948396787,
    85.999999999998));
#111 = CARTESIAN_POINT('',(-28.50468954647,26.905915233008,18.));
#112 = CARTESIAN_POINT('',(-35.29151950204,36.154819020208,
    85.999999999996));
#113 = CARTESIAN_POINT('',(-35.16719697106,21.088045129779,18.));
#114 = CARTESIAN_POINT('',(-43.54033940838,28.337063228816,
    86.000000000007));
#115 = CARTESIAN_POINT('',(-39.72239898664,14.361566321527,18.));
#116 = CARTESIAN_POINT('',(-49.18011297032,19.298354291797,
    85.999999999995));
#117 = CARTESIAN_POINT('',(-41.99999999443,7.180783160764,18.));
#118 = CARTESIAN_POINT('',(-51.99999999999,9.649177436027,
    86.000000000001));
#119 = CARTESIAN_POINT('',(-41.99999999443,-7.180783160764,18.));
#120 = CARTESIAN_POINT('',(-52.,-9.649177436027,86.000000000001));
#121 = CARTESIAN_POINT('',(-39.72239898664,-14.36156632152,18.));
#122 = CARTESIAN_POINT('',(-49.18011297031,-19.29835429179,
    85.999999999997));
#123 = CARTESIAN_POINT('',(-35.16719697106,-21.08804512977,18.));
#124 = CARTESIAN_POINT('',(-43.54033940839,-28.33706322881,
    86.000000000003));
#125 = CARTESIAN_POINT('',(-28.50468954647,-26.905915233,18.));
#126 = CARTESIAN_POINT('',(-35.29151950204,-36.1548190202,86.));
#127 = CARTESIAN_POINT('',(-20.07546791047,-31.40163401018,18.));
#128 = CARTESIAN_POINT('',(-24.85534251143,-42.19594839678,
    85.999999999999));
#129 = CARTESIAN_POINT('',(-10.371743895,-34.24318230325,18.));
#130 = CARTESIAN_POINT('',(-12.84120583693,-46.01427767796,
    86.000000000001));
#131 = CARTESIAN_POINT('',(-3.76520352674E-08,-35.21523895902,18.));
#132 = CARTESIAN_POINT('',(0.,-47.32047305183,86.000000000001));
#133 = CARTESIAN_POINT('',(10.371744126715,-34.24318099178,18.));
#134 = CARTESIAN_POINT('',(12.84120583693,-46.01427767796,
    85.999999999999));
#135 = CARTESIAN_POINT('',(20.075467183912,-31.40163372531,18.));
#136 = CARTESIAN_POINT('',(24.855342511439,-42.19594839678,
    85.999999999999));
#137 = CARTESIAN_POINT('',(28.504690657943,-26.90591836859,18.));
#138 = CARTESIAN_POINT('',(35.291519502042,-36.15481902021,
    86.000000000001));
#139 = CARTESIAN_POINT('',(35.167196166367,-21.08804159269,
    17.999999999999));
#140 = CARTESIAN_POINT('',(43.540339408395,-28.3370632288,86.));
#141 = CARTESIAN_POINT('',(39.722399207405,-14.36156774172,
    18.000000000002));
#142 = CARTESIAN_POINT('',(49.180112970315,-19.2983542918,
    85.999999999999));
#143 = CARTESIAN_POINT('',(42.000000000002,-7.180783208203,
    17.999999999998));
#144 = CARTESIAN_POINT('',(52.000000000001,-9.649177436025,86.));
#145 = CARTESIAN_POINT('',(42.,-5.219838570296E-14,18.));
#146 = CARTESIAN_POINT('',(52.,-1.207195983276E-14,86.));
#147 = DEFINITIONAL_REPRESENTATION('',(#148),#152);
#148 = LINE('',#149,#150);
#149 = CARTESIAN_POINT('',(0.,0.));
#150 = VECTOR('',#151,1.);
#151 = DIRECTION('',(1.,0.));
#152 = ( GEOMETRIC_REPRESENTATION_CONTEXT(2) 
PARAMETRIC_REPRESENTATION_CONTEXT() REPRESENTATION_CONTEXT('2D SPACE',''
  ) );
#153 = ORIENTED_EDGE('',*,*,#21,.T.);
#154 = ORIENTED_EDGE('',*,*,#155,.T.);
#155 = EDGE_CURVE('',#24,#156,#158,.T.);
#156 = VERTEX_POINT('',#157);
#157 = CARTESIAN_POINT('',(-26.,-10.18759825204,12.));
#158 = SURFACE_CURVE('',#159,(#164,#171),.PCURVE_S1.);
#159 = ELLIPSE('',#160,29.,23.);
#160 = AXIS2_PLACEMENT_3D('',#161,#162,#163);
#161 = CARTESIAN_POINT('',(0.,0.,12.));
#162 = DIRECTION('',(0.,0.,1.));
#163 = DIRECTION('',(1.,0.,0.));
#164 = PCURVE('',#32,#165);
#165 = DEFINITIONAL_REPRESENTATION('',(#166),#170);
#166 = LINE('',#167,#168);
#167 = CARTESIAN_POINT('',(0.,0.));
#168 = VECTOR('',#169,1.);
#169 = DIRECTION('',(1.,0.));
#170 = ( GEOMETRIC_REPRESENTATION_CONTEXT(2) 
PARAMETRIC_REPRESENTATION_CONTEXT() REPRESENTATION_CONTEXT('2D SPACE',''
  ) );
#171 = PCURVE('',#172,#177);
#172 = PLANE('',#173);
#173 = AXIS2_PLACEMENT_3D('',#174,#175,#176);
#174 = CARTESIAN_POINT('',(0.,0.,12.));
#175 = DIRECTION('',(0.,0.,1.));
#176 = DIRECTION('',(1.,0.,0.));
#177 = DEFINITIONAL_REPRESENTATION('',(#178),#182);
#178 = ELLIPSE('',#179,29.,23.);
#179 = AXIS2_PLACEMENT_2D('',#180,#181);
#180 = CARTESIAN_POINT('',(0.,0.));
#181 = DIRECTION('',(1.,0.));
#182 = ( GEOMETRIC_REPRESENTATION_CONTEXT(2) 
PARAMETRIC_REPRESENTATION_CONTEXT() REPRESENTATION_CONTEXT('2D SPACE',''
  ) );
#183 = ORIENTED_EDGE('',*,*,#184,.T.);
#184 = EDGE_CURVE('',#156,#185,#187,.T.);
#185 = VERTEX_POINT('',#186);
#186 = CARTESIAN_POINT('',(-26.,-11.,12.222287649451));
#187 = SURFACE_CURVE('',#188,(#194,#203),.PCURVE_S1.);
#188 = B_SPLINE_CURVE_WITH_KNOTS('',4,(#189,#190,#191,#192,#193),
  .UNSPECIFIED.,.F.,.F.,(5,5),(0.,1.),.PIECEWISE_BEZIER_KNOTS.);
#189 = CARTESIAN_POINT('',(-26.,-10.18759823051,12.));
#190 = CARTESIAN_POINT('',(-26.,-10.39118106446,12.053818227465));
#191 = CARTESIAN_POINT('',(-26.,-10.59444447464,12.108824806386));
#192 = CARTESIAN_POINT('',(-26.,-10.79738482192,12.16499095515));
#193 = CARTESIAN_POINT('',(-26.,-11.,12.222287649451));
#194 = PCURVE('',#32,#195);
#195 = DEFINITIONAL_REPRESENTATION('',(#196),#202);
#196 = B_SPLINE_CURVE_WITH_KNOTS('',4,(#197,#198,#199,#200,#201),
  .UNSPECIFIED.,.F.,.F.,(5,5),(0.,1.),.PIECEWISE_BEZIER_KNOTS.);
#197 = CARTESIAN_POINT('',(3.600466858815,0.));
#198 = CARTESIAN_POINT('',(3.608605555626,8.969704577449E-03));
#199 = CARTESIAN_POINT('',(3.616657929932,1.813746773093E-02));
#200 = CARTESIAN_POINT('',(3.624623041673,2.7498492525E-02));
#201 = CARTESIAN_POINT('',(3.632500355699,3.704794157511E-02));
#202 = ( GEOMETRIC_REPRESENTATION_CONTEXT(2) 
PARAMETRIC_REPRESENTATION_CONTEXT() REPRESENTATION_CONTEXT('2D SPACE',''
  ) );
#203 = PCURVE('',#204,#209);
#204 = PLANE('',#205);
#205 = AXIS2_PLACEMENT_3D('',#206,#207,#208);
#206 = CARTESIAN_POINT('',(-26.,-13.,-10.));
#207 = DIRECTION('',(1.,0.,0.));
#208 = DIRECTION('',(0.,0.,1.));
#209 = DEFINITIONAL_REPRESENTATION('',(#210),#216);
#210 = B_SPLINE_CURVE_WITH_KNOTS('',4,(#211,#212,#213,#214,#215),
  .UNSPECIFIED.,.F.,.F.,(5,5),(0.,1.),.PIECEWISE_BEZIER_KNOTS.);
#211 = CARTESIAN_POINT('',(22.,-2.81240176949));
#212 = CARTESIAN_POINT('',(22.053818227465,-2.60881893554));
#213 = CARTESIAN_POINT('',(22.108824806386,-2.405555525353));
#214 = CARTESIAN_POINT('',(22.16499095515,-2.202615178071));
#215 = CARTESIAN_POINT('',(22.222287649451,-2.));
#216 = ( GEOMETRIC_REPRESENTATION_CONTEXT(2) 
PARAMETRIC_REPRESENTATION_CONTEXT() REPRESENTATION_CONTEXT('2D SPACE',''
  ) );
#217 = ORIENTED_EDGE('',*,*,#218,.T.);
#218 = EDGE_CURVE('',#185,#219,#221,.T.);
#219 = VERTEX_POINT('',#220);
#220 = CARTESIAN_POINT('',(-24.,-13.,12.03044201027));
#221 = SURFACE_CURVE('',#222,(#243,#267),.PCURVE_S1.);
#222 = B_SPLINE_CURVE_WITH_KNOTS('',7,(#223,#224,#225,#226,#227,#228,
    #229,#230,#231,#232,#233,#234,#235,#236,#237,#238,#239,#240,#241,
    #242),.UNSPECIFIED.,.F.,.F.,(8,6,6,8),(0.,0.234521169228,
    0.657796269624,1.),.UNSPECIFIED.);
#223 = CARTESIAN_POINT('',(-26.,-11.,12.222287649451));
#224 = CARTESIAN_POINT('',(-26.,-11.10247632294,12.25126649795));
#225 = CARTESIAN_POINT('',(-25.99387425997,-11.20589059416,
    12.278219429205));
#226 = CARTESIAN_POINT('',(-25.98142052697,-11.30978713179,
    12.302959272407));
#227 = CARTESIAN_POINT('',(-25.96248032552,-11.41365749213,
    12.325297478291));
#228 = CARTESIAN_POINT('',(-25.93695315464,-11.5169411056,
    12.345047776027));
#229 = CARTESIAN_POINT('',(-25.90482130671,-11.61902921686,
    12.362035126116));
#230 = CARTESIAN_POINT('',(-25.79645319724,-11.90019536466,
    12.401512924049));
#231 = CARTESIAN_POINT('',(-25.7053184922,-12.07566680976,
    12.417506903121));
#232 = CARTESIAN_POINT('',(-25.59348802519,-12.2409055367,
    12.422984488671));
#233 = CARTESIAN_POINT('',(-25.46304977876,-12.39213429108,
    12.417560897727));
#234 = CARTESIAN_POINT('',(-25.31686836201,-12.52637479482,
    12.401288676729));
#235 = CARTESIAN_POINT('',(-25.15853318665,-12.64146401835,
    12.374694055267));
#236 = CARTESIAN_POINT('',(-24.85813998125,-12.81315204251,
    12.310105144303));
#237 = CARTESIAN_POINT('',(-24.71853036108,-12.87687034443,
    12.275217790485));
#238 = CARTESIAN_POINT('',(-24.57549216768,-12.92716621872,
    12.234830205534));
#239 = CARTESIAN_POINT('',(-24.43074880895,-12.96416707025,
    12.18955153206));
#240 = CARTESIAN_POINT('',(-24.28579039205,-12.98825905592,
    12.140000951524));
#241 = CARTESIAN_POINT('',(-24.14187035912,-13.,12.086782182906));
#242 = CARTESIAN_POINT('',(-24.,-13.,12.03044201027));
#243 = PCURVE('',#32,#244);
#244 = DEFINITIONAL_REPRESENTATION('',(#245),#266);
#245 = B_SPLINE_CURVE_WITH_KNOTS('',7,(#246,#247,#248,#249,#250,#251,
    #252,#253,#254,#255,#256,#257,#258,#259,#260,#261,#262,#263,#264,
    #265),.UNSPECIFIED.,.F.,.F.,(8,6,6,8),(0.,0.234521169228,
    0.657796269624,1.),.UNSPECIFIED.);
#246 = CARTESIAN_POINT('',(3.632500355699,3.704794157511E-02));
#247 = CARTESIAN_POINT('',(3.636484450987,4.187774965827E-02));
#248 = CARTESIAN_POINT('',(3.640576326087,4.636990486748E-02));
#249 = CARTESIAN_POINT('',(3.644762752038,5.049321206785E-02));
#250 = CARTESIAN_POINT('',(3.649028523817,5.421624638182E-02));
#251 = CARTESIAN_POINT('',(3.653356327793,5.750796267117E-02));
#252 = CARTESIAN_POINT('',(3.657726446053,6.033918768595E-02));
#253 = CARTESIAN_POINT('',(3.670039313126,6.691882067489E-02));
#254 = CARTESIAN_POINT('',(3.678051082383,6.958448385358E-02));
#255 = CARTESIAN_POINT('',(3.685980285932,7.049741477856E-02));
#256 = CARTESIAN_POINT('',(3.693679158333,6.959348295452E-02));
#257 = CARTESIAN_POINT('',(3.701016253041,6.688144612146E-02));
#258 = CARTESIAN_POINT('',(3.707871635338,6.244900921114E-02));
#259 = CARTESIAN_POINT('',(3.719217014784,5.168419071715E-02));
#260 = CARTESIAN_POINT('',(3.7239177352,4.586963174755E-02));
#261 = CARTESIAN_POINT('',(3.728206794278,3.913836758907E-02));
#262 = CARTESIAN_POINT('',(3.73206182681,3.159192200999E-02));
#263 = CARTESIAN_POINT('',(3.735470221221,2.333349192075E-02));
#264 = CARTESIAN_POINT('',(3.738427220026,1.4463697151E-02));
#265 = CARTESIAN_POINT('',(3.740932450942,5.073668378362E-03));
#266 = ( GEOMETRIC_REPRESENTATION_CONTEXT(2) 
PARAMETRIC_REPRESENTATION_CONTEXT() REPRESENTATION_CONTEXT('2D SPACE',''
  ) );
#267 = PCURVE('',#268,#273);
#268 = CYLINDRICAL_SURFACE('',#269,2.);
#269 = AXIS2_PLACEMENT_3D('',#270,#271,#272);
#270 = CARTESIAN_POINT('',(-24.,-11.,-10.));
#271 = DIRECTION('',(0.,0.,1.));
#272 = DIRECTION('',(-1.,-0.,0.));
#273 = DEFINITIONAL_REPRESENTATION('',(#274),#295);
#274 = B_SPLINE_CURVE_WITH_KNOTS('',7,(#275,#276,#277,#278,#279,#280,
    #281,#282,#283,#284,#285,#286,#287,#288,#289,#290,#291,#292,#293,
    #294),.UNSPECIFIED.,.F.,.F.,(8,6,6,8),(0.,0.234521169228,
    0.657796269624,1.),.UNSPECIFIED.);
#275 = CARTESIAN_POINT('',(0.,22.222287649451));
#276 = CARTESIAN_POINT('',(5.123816147313E-02,22.25126649795));
#277 = CARTESIAN_POINT('',(0.102945255407,22.278219429205));
#278 = CARTESIAN_POINT('',(0.155113380528,22.302959272407));
#279 = CARTESIAN_POINT('',(0.207725615531,22.325297478291));
#280 = CARTESIAN_POINT('',(0.260755741534,22.345047776027));
#281 = CARTESIAN_POINT('',(0.314162420933,22.362035126116));
#282 = CARTESIAN_POINT('',(0.464825994684,22.401512924049));
#283 = CARTESIAN_POINT('',(0.56307915313,22.417506903121));
#284 = CARTESIAN_POINT('',(0.661768525157,22.422984488671));
#285 = CARTESIAN_POINT('',(0.760422678996,22.417560897727));
#286 = CARTESIAN_POINT('',(0.858615178661,22.401288676729));
#287 = CARTESIAN_POINT('',(0.955903072775,22.374694055267));
#288 = CARTESIAN_POINT('',(1.128900800715,22.310105144303));
#289 = CARTESIAN_POINT('',(1.205314238672,22.275217790485));
#290 = CARTESIAN_POINT('',(1.280641780376,22.234830205534));
#291 = CARTESIAN_POINT('',(1.354839232015,22.18955153206));
#292 = CARTESIAN_POINT('',(1.427901062457,22.140000951524));
#293 = CARTESIAN_POINT('',(1.499861147232,22.086782182906));
#294 = CARTESIAN_POINT('',(1.570796326795,22.03044201027));
#295 = ( GEOMETRIC_REPRESENTATION_CONTEXT(2) 
PARAMETRIC_REPRESENTATION_CONTEXT() REPRESENTATION_CONTEXT('2D SPACE',''
  ) );
#296 = ORIENTED_EDGE('',*,*,#297,.F.);
#297 = EDGE_CURVE('',#298,#219,#300,.T.);
#298 = VERTEX_POINT('',#299);
#299 = CARTESIAN_POINT('',(-23.92331795083,-13.,12.));
#300 = SURFACE_CURVE('',#301,(#307,#316),.PCURVE_S1.);
#301 = B_SPLINE_CURVE_WITH_KNOTS('',4,(#302,#303,#304,#305,#306),
  .UNSPECIFIED.,.F.,.F.,(5,5),(0.,1.),.PIECEWISE_BEZIER_KNOTS.);
#302 = CARTESIAN_POINT('',(-23.92331794767,-13.,12.));
#303 = CARTESIAN_POINT('',(-23.94248935559,-13.,12.007608277493));
#304 = CARTESIAN_POINT('',(-23.96166016599,-13.,12.015218041742));
#305 = CARTESIAN_POINT('',(-23.9808303799,-13.,12.022829287588));
#306 = CARTESIAN_POINT('',(-24.,-13.,12.03044201027));
#307 = PCURVE('',#32,#308);
#308 = DEFINITIONAL_REPRESENTATION('',(#309),#315);
#309 = B_SPLINE_CURVE_WITH_KNOTS('',4,(#310,#311,#312,#313,#314),
  .UNSPECIFIED.,.F.,.F.,(5,5),(0.,1.),.PIECEWISE_BEZIER_KNOTS.);
#310 = CARTESIAN_POINT('',(3.742289406955,0.));
#311 = CARTESIAN_POINT('',(3.741949435961,1.268046248849E-03));
#312 = CARTESIAN_POINT('',(3.741609944626,2.536334688448E-03));
#313 = CARTESIAN_POINT('',(3.741270967003,3.804885791548E-03));
#314 = CARTESIAN_POINT('',(3.740932458483,5.073672905317E-03));
#315 = ( GEOMETRIC_REPRESENTATION_CONTEXT(2) 
PARAMETRIC_REPRESENTATION_CONTEXT() REPRESENTATION_CONTEXT('2D SPACE',''
  ) );
#316 = PCURVE('',#317,#322);
#317 = PLANE('',#318);
#318 = AXIS2_PLACEMENT_3D('',#319,#320,#321);
#319 = CARTESIAN_POINT('',(-26.,-13.,-10.));
#320 = DIRECTION('',(0.,1.,0.));
#321 = DIRECTION('',(0.,0.,1.));
#322 = DEFINITIONAL_REPRESENTATION('',(#323),#329);
#323 = B_SPLINE_CURVE_WITH_KNOTS('',4,(#324,#325,#326,#327,#328),
  .UNSPECIFIED.,.F.,.F.,(5,5),(0.,1.),.PIECEWISE_BEZIER_KNOTS.);
#324 = CARTESIAN_POINT('',(22.,2.07668205233));
#325 = CARTESIAN_POINT('',(22.007608277493,2.057510644404));
#326 = CARTESIAN_POINT('',(22.015218041742,2.038339834008));
#327 = CARTESIAN_POINT('',(22.022829287588,2.019169620096));
#328 = CARTESIAN_POINT('',(22.03044201027,2.));
#329 = ( GEOMETRIC_REPRESENTATION_CONTEXT(2) 
PARAMETRIC_REPRESENTATION_CONTEXT() REPRESENTATION_CONTEXT('2D SPACE',''
  ) );
#330 = ORIENTED_EDGE('',*,*,#331,.T.);
#331 = EDGE_CURVE('',#298,#24,#332,.T.);
#332 = SURFACE_CURVE('',#333,(#338,#345),.PCURVE_S1.);
#333 = ELLIPSE('',#334,29.,23.);
#334 = AXIS2_PLACEMENT_3D('',#335,#336,#337);
#335 = CARTESIAN_POINT('',(0.,0.,12.));
#336 = DIRECTION('',(0.,0.,1.));
#337 = DIRECTION('',(1.,0.,0.));
#338 = PCURVE('',#32,#339);
#339 = DEFINITIONAL_REPRESENTATION('',(#340),#344);
#340 = LINE('',#341,#342);
#341 = CARTESIAN_POINT('',(0.,0.));
#342 = VECTOR('',#343,1.);
#343 = DIRECTION('',(1.,0.));
#344 = ( GEOMETRIC_REPRESENTATION_CONTEXT(2) 
PARAMETRIC_REPRESENTATION_CONTEXT() REPRESENTATION_CONTEXT('2D SPACE',''
  ) );
#345 = PCURVE('',#172,#346);
#346 = DEFINITIONAL_REPRESENTATION('',(#347),#351);
#347 = ELLIPSE('',#348,29.,23.);
#348 = AXIS2_PLACEMENT_2D('',#349,#350);
#349 = CARTESIAN_POINT('',(0.,0.));
#350 = DIRECTION('',(1.,0.));
#351 = ( GEOMETRIC_REPRESENTATION_CONTEXT(2) 
PARAMETRIC_REPRESENTATION_CONTEXT() REPRESENTATION_CONTEXT('2D SPACE',''
  ) );
#352 = ADVANCED_FACE('',(#353),#172,.F.);
#353 = FACE_BOUND('',#354,.F.);
#354 = EDGE_LOOP('',(#355,#376,#377,#378,#399,#428,#454,#481,#508,#535,
    #562,#591,#617));
#355 = ORIENTED_EDGE('',*,*,#356,.T.);
#356 = EDGE_CURVE('',#357,#298,#359,.T.);
#357 = VERTEX_POINT('',#358);
#358 = CARTESIAN_POINT('',(-12.,-13.,12.));
#359 = SURFACE_CURVE('',#360,(#364,#370),.PCURVE_S1.);
#360 = LINE('',#361,#362);
#361 = CARTESIAN_POINT('',(-13.,-13.,12.));
#362 = VECTOR('',#363,1.);
#363 = DIRECTION('',(-1.,0.,0.));
#364 = PCURVE('',#172,#365);
#365 = DEFINITIONAL_REPRESENTATION('',(#366),#369);
#366 = B_SPLINE_CURVE_WITH_KNOTS('',1,(#367,#368),.UNSPECIFIED.,.F.,.F.,
  (2,2),(-1.,11.),.PIECEWISE_BEZIER_KNOTS.);
#367 = CARTESIAN_POINT('',(-12.,-13.));
#368 = CARTESIAN_POINT('',(-24.,-13.));
#369 = ( GEOMETRIC_REPRESENTATION_CONTEXT(2) 
PARAMETRIC_REPRESENTATION_CONTEXT() REPRESENTATION_CONTEXT('2D SPACE',''
  ) );
#370 = PCURVE('',#317,#371);
#371 = DEFINITIONAL_REPRESENTATION('',(#372),#375);
#372 = B_SPLINE_CURVE_WITH_KNOTS('',1,(#373,#374),.UNSPECIFIED.,.F.,.F.,
  (2,2),(-1.,11.),.PIECEWISE_BEZIER_KNOTS.);
#373 = CARTESIAN_POINT('',(22.,14.));
#374 = CARTESIAN_POINT('',(22.,2.));
#375 = ( GEOMETRIC_REPRESENTATION_CONTEXT(2) 
PARAMETRIC_REPRESENTATION_CONTEXT() REPRESENTATION_CONTEXT('2D SPACE',''
  ) );
#376 = ORIENTED_EDGE('',*,*,#331,.T.);
#377 = ORIENTED_EDGE('',*,*,#155,.T.);
#378 = ORIENTED_EDGE('',*,*,#379,.T.);
#379 = EDGE_CURVE('',#156,#380,#382,.T.);
#380 = VERTEX_POINT('',#381);
#381 = CARTESIAN_POINT('',(-26.,-5.,12.));
#382 = SURFACE_CURVE('',#383,(#387,#393),.PCURVE_S1.);
#383 = LINE('',#384,#385);
#384 = CARTESIAN_POINT('',(-26.,-6.5,12.));
#385 = VECTOR('',#386,1.);
#386 = DIRECTION('',(0.,1.,0.));
#387 = PCURVE('',#172,#388);
#388 = DEFINITIONAL_REPRESENTATION('',(#389),#392);
#389 = B_SPLINE_CURVE_WITH_KNOTS('',1,(#390,#391),.UNSPECIFIED.,.F.,.F.,
  (2,2),(-4.5,1.5),.PIECEWISE_BEZIER_KNOTS.);
#390 = CARTESIAN_POINT('',(-26.,-11.));
#391 = CARTESIAN_POINT('',(-26.,-5.));
#392 = ( GEOMETRIC_REPRESENTATION_CONTEXT(2) 
PARAMETRIC_REPRESENTATION_CONTEXT() REPRESENTATION_CONTEXT('2D SPACE',''
  ) );
#393 = PCURVE('',#204,#394);
#394 = DEFINITIONAL_REPRESENTATION('',(#395),#398);
#395 = B_SPLINE_CURVE_WITH_KNOTS('',1,(#396,#397),.UNSPECIFIED.,.F.,.F.,
  (2,2),(-4.5,1.5),.PIECEWISE_BEZIER_KNOTS.);
#396 = CARTESIAN_POINT('',(22.,-2.));
#397 = CARTESIAN_POINT('',(22.,-8.));
#398 = ( GEOMETRIC_REPRESENTATION_CONTEXT(2) 
PARAMETRIC_REPRESENTATION_CONTEXT() REPRESENTATION_CONTEXT('2D SPACE',''
  ) );
#399 = ORIENTED_EDGE('',*,*,#400,.F.);
#400 = EDGE_CURVE('',#401,#380,#403,.T.);
#401 = VERTEX_POINT('',#402);
#402 = CARTESIAN_POINT('',(-24.,-3.,12.));
#403 = SURFACE_CURVE('',#404,(#409,#416),.PCURVE_S1.);
#404 = CIRCLE('',#405,2.);
#405 = AXIS2_PLACEMENT_3D('',#406,#407,#408);
#406 = CARTESIAN_POINT('',(-24.,-5.,12.));
#407 = DIRECTION('',(0.,0.,1.));
#408 = DIRECTION('',(-1.,-0.,0.));
#409 = PCURVE('',#172,#410);
#410 = DEFINITIONAL_REPRESENTATION('',(#411),#415);
#411 = CIRCLE('',#412,2.);
#412 = AXIS2_PLACEMENT_2D('',#413,#414);
#413 = CARTESIAN_POINT('',(-24.,-5.));
#414 = DIRECTION('',(-1.,0.));
#415 = ( GEOMETRIC_REPRESENTATION_CONTEXT(2) 
PARAMETRIC_REPRESENTATION_CONTEXT() REPRESENTATION_CONTEXT('2D SPACE',''
  ) );
#416 = PCURVE('',#417,#422);
#417 = CYLINDRICAL_SURFACE('',#418,2.);
#418 = AXIS2_PLACEMENT_3D('',#419,#420,#421);
#419 = CARTESIAN_POINT('',(-24.,-5.,-10.));
#420 = DIRECTION('',(0.,0.,1.));
#421 = DIRECTION('',(-1.,-0.,0.));
#422 = DEFINITIONAL_REPRESENTATION('',(#423),#427);
#423 = LINE('',#424,#425);
#424 = CARTESIAN_POINT('',(-6.28318530718,22.));
#425 = VECTOR('',#426,1.);
#426 = DIRECTION('',(1.,-0.));
#427 = ( GEOMETRIC_REPRESENTATION_CONTEXT(2) 
PARAMETRIC_REPRESENTATION_CONTEXT() REPRESENTATION_CONTEXT('2D SPACE',''
  ) );
#428 = ORIENTED_EDGE('',*,*,#429,.F.);
#429 = EDGE_CURVE('',#430,#401,#432,.T.);
#430 = VERTEX_POINT('',#431);
#431 = CARTESIAN_POINT('',(-17.41951544921,-3.,12.));
#432 = SURFACE_CURVE('',#433,(#437,#443),.PCURVE_S1.);
#433 = LINE('',#434,#435);
#434 = CARTESIAN_POINT('',(-13.,-3.,12.));
#435 = VECTOR('',#436,1.);
#436 = DIRECTION('',(-1.,0.,0.));
#437 = PCURVE('',#172,#438);
#438 = DEFINITIONAL_REPRESENTATION('',(#439),#442);
#439 = B_SPLINE_CURVE_WITH_KNOTS('',1,(#440,#441),.UNSPECIFIED.,.F.,.F.,
  (2,2),(-1.,11.),.PIECEWISE_BEZIER_KNOTS.);
#440 = CARTESIAN_POINT('',(-12.,-3.));
#441 = CARTESIAN_POINT('',(-24.,-3.));
#442 = ( GEOMETRIC_REPRESENTATION_CONTEXT(2) 
PARAMETRIC_REPRESENTATION_CONTEXT() REPRESENTATION_CONTEXT('2D SPACE',''
  ) );
#443 = PCURVE('',#444,#449);
#444 = PLANE('',#445);
#445 = AXIS2_PLACEMENT_3D('',#446,#447,#448);
#446 = CARTESIAN_POINT('',(-26.,-3.,-10.));
#447 = DIRECTION('',(0.,1.,0.));
#448 = DIRECTION('',(0.,0.,1.));
#449 = DEFINITIONAL_REPRESENTATION('',(#450),#453);
#450 = B_SPLINE_CURVE_WITH_KNOTS('',1,(#451,#452),.UNSPECIFIED.,.F.,.F.,
  (2,2),(-1.,11.),.PIECEWISE_BEZIER_KNOTS.);
#451 = CARTESIAN_POINT('',(22.,14.));
#452 = CARTESIAN_POINT('',(22.,2.));
#453 = ( GEOMETRIC_REPRESENTATION_CONTEXT(2) 
PARAMETRIC_REPRESENTATION_CONTEXT() REPRESENTATION_CONTEXT('2D SPACE',''
  ) );
#454 = ORIENTED_EDGE('',*,*,#455,.T.);
#455 = EDGE_CURVE('',#430,#456,#458,.T.);
#456 = VERTEX_POINT('',#457);
#457 = CARTESIAN_POINT('',(-17.41951544921,0.59,12.));
#458 = SURFACE_CURVE('',#459,(#463,#470),.PCURVE_S1.);
#459 = LINE('',#460,#461);
#460 = CARTESIAN_POINT('',(-17.41951544921,-3.41,12.));
#461 = VECTOR('',#462,1.);
#462 = DIRECTION('',(0.,1.,0.));
#463 = PCURVE('',#172,#464);
#464 = DEFINITIONAL_REPRESENTATION('',(#465),#469);
#465 = LINE('',#466,#467);
#466 = CARTESIAN_POINT('',(-17.41951544921,-3.41));
#467 = VECTOR('',#468,1.);
#468 = DIRECTION('',(0.,1.));
#469 = ( GEOMETRIC_REPRESENTATION_CONTEXT(2) 
PARAMETRIC_REPRESENTATION_CONTEXT() REPRESENTATION_CONTEXT('2D SPACE',''
  ) );
#470 = PCURVE('',#471,#476);
#471 = CYLINDRICAL_SURFACE('',#472,2.4);
#472 = AXIS2_PLACEMENT_3D('',#473,#474,#475);
#473 = CARTESIAN_POINT('',(-16.09286553306,-3.41,14.));
#474 = DIRECTION('',(0.,1.,0.));
#475 = DIRECTION('',(0.,0.,-1.));
#476 = DEFINITIONAL_REPRESENTATION('',(#477),#480);
#477 = B_SPLINE_CURVE_WITH_KNOTS('',1,(#478,#479),.UNSPECIFIED.,.F.,.F.,
  (2,2),(-5.999999999062E-07,4.0000006),.PIECEWISE_BEZIER_KNOTS.);
#478 = CARTESIAN_POINT('',(0.585685543457,-5.999999999062E-07));
#479 = CARTESIAN_POINT('',(0.585685543457,4.0000006));
#480 = ( GEOMETRIC_REPRESENTATION_CONTEXT(2) 
PARAMETRIC_REPRESENTATION_CONTEXT() REPRESENTATION_CONTEXT('2D SPACE',''
  ) );
#481 = ORIENTED_EDGE('',*,*,#482,.T.);
#482 = EDGE_CURVE('',#456,#483,#485,.T.);
#483 = VERTEX_POINT('',#484);
#484 = CARTESIAN_POINT('',(17.419515449211,0.59,12.));
#485 = SURFACE_CURVE('',#486,(#490,#497),.PCURVE_S1.);
#486 = LINE('',#487,#488);
#487 = CARTESIAN_POINT('',(8.90384857362E-17,0.59,12.));
#488 = VECTOR('',#489,1.);
#489 = DIRECTION('',(1.,0.,0.));
#490 = PCURVE('',#172,#491);
#491 = DEFINITIONAL_REPRESENTATION('',(#492),#496);
#492 = LINE('',#493,#494);
#493 = CARTESIAN_POINT('',(8.90384857362E-17,0.59));
#494 = VECTOR('',#495,1.);
#495 = DIRECTION('',(1.,0.));
#496 = ( GEOMETRIC_REPRESENTATION_CONTEXT(2) 
PARAMETRIC_REPRESENTATION_CONTEXT() REPRESENTATION_CONTEXT('2D SPACE',''
  ) );
#497 = PCURVE('',#498,#503);
#498 = PLANE('',#499);
#499 = AXIS2_PLACEMENT_3D('',#500,#501,#502);
#500 = CARTESIAN_POINT('',(1.780769714724E-16,0.59,30.437780049312));
#501 = DIRECTION('',(-0.,-1.,-0.));
#502 = DIRECTION('',(0.,0.,-1.));
#503 = DEFINITIONAL_REPRESENTATION('',(#504),#507);
#504 = B_SPLINE_CURVE_WITH_KNOTS('',1,(#505,#506),.UNSPECIFIED.,.F.,.F.,
  (2,2),(-18.49286553306,18.492865533069),.PIECEWISE_BEZIER_KNOTS.);
#505 = CARTESIAN_POINT('',(18.437780049312,-18.49286553306));
#506 = CARTESIAN_POINT('',(18.437780049312,18.492865533069));
#507 = ( GEOMETRIC_REPRESENTATION_CONTEXT(2) 
PARAMETRIC_REPRESENTATION_CONTEXT() REPRESENTATION_CONTEXT('2D SPACE',''
  ) );
#508 = ORIENTED_EDGE('',*,*,#509,.T.);
#509 = EDGE_CURVE('',#483,#510,#512,.T.);
#510 = VERTEX_POINT('',#511);
#511 = CARTESIAN_POINT('',(17.419515449211,-3.41,12.));
#512 = SURFACE_CURVE('',#513,(#517,#524),.PCURVE_S1.);
#513 = LINE('',#514,#515);
#514 = CARTESIAN_POINT('',(17.419515449211,0.59,12.));
#515 = VECTOR('',#516,1.);
#516 = DIRECTION('',(0.,-1.,0.));
#517 = PCURVE('',#172,#518);
#518 = DEFINITIONAL_REPRESENTATION('',(#519),#523);
#519 = LINE('',#520,#521);
#520 = CARTESIAN_POINT('',(17.419515449211,0.59));
#521 = VECTOR('',#522,1.);
#522 = DIRECTION('',(0.,-1.));
#523 = ( GEOMETRIC_REPRESENTATION_CONTEXT(2) 
PARAMETRIC_REPRESENTATION_CONTEXT() REPRESENTATION_CONTEXT('2D SPACE',''
  ) );
#524 = PCURVE('',#525,#530);
#525 = CYLINDRICAL_SURFACE('',#526,2.4);
#526 = AXIS2_PLACEMENT_3D('',#527,#528,#529);
#527 = CARTESIAN_POINT('',(16.092865533069,0.59,14.));
#528 = DIRECTION('',(0.,-1.,0.));
#529 = DIRECTION('',(0.,-0.,-1.));
#530 = DEFINITIONAL_REPRESENTATION('',(#531),#534);
#531 = B_SPLINE_CURVE_WITH_KNOTS('',1,(#532,#533),.UNSPECIFIED.,.F.,.F.,
  (2,2),(-6.000000000173E-07,4.0000006),.PIECEWISE_BEZIER_KNOTS.);
#532 = CARTESIAN_POINT('',(0.585685543457,-6.000000000173E-07));
#533 = CARTESIAN_POINT('',(0.585685543457,4.0000006));
#534 = ( GEOMETRIC_REPRESENTATION_CONTEXT(2) 
PARAMETRIC_REPRESENTATION_CONTEXT() REPRESENTATION_CONTEXT('2D SPACE',''
  ) );
#535 = ORIENTED_EDGE('',*,*,#536,.F.);
#536 = EDGE_CURVE('',#537,#510,#539,.T.);
#537 = VERTEX_POINT('',#538);
#538 = CARTESIAN_POINT('',(-10.78678114093,-3.41,12.));
#539 = SURFACE_CURVE('',#540,(#544,#551),.PCURVE_S1.);
#540 = LINE('',#541,#542);
#541 = CARTESIAN_POINT('',(8.90384857362E-17,-3.41,12.));
#542 = VECTOR('',#543,1.);
#543 = DIRECTION('',(1.,0.,0.));
#544 = PCURVE('',#172,#545);
#545 = DEFINITIONAL_REPRESENTATION('',(#546),#550);
#546 = LINE('',#547,#548);
#547 = CARTESIAN_POINT('',(8.90384857362E-17,-3.41));
#548 = VECTOR('',#549,1.);
#549 = DIRECTION('',(1.,0.));
#550 = ( GEOMETRIC_REPRESENTATION_CONTEXT(2) 
PARAMETRIC_REPRESENTATION_CONTEXT() REPRESENTATION_CONTEXT('2D SPACE',''
  ) );
#551 = PCURVE('',#552,#557);
#552 = PLANE('',#553);
#553 = AXIS2_PLACEMENT_3D('',#554,#555,#556);
#554 = CARTESIAN_POINT('',(1.780769714724E-16,-3.41,30.437780049312));
#555 = DIRECTION('',(-0.,-1.,-0.));
#556 = DIRECTION('',(0.,0.,-1.));
#557 = DEFINITIONAL_REPRESENTATION('',(#558),#561);
#558 = B_SPLINE_CURVE_WITH_KNOTS('',1,(#559,#560),.UNSPECIFIED.,.F.,.F.,
  (2,2),(-18.49286553306,18.492865533069),.PIECEWISE_BEZIER_KNOTS.);
#559 = CARTESIAN_POINT('',(18.437780049312,-18.49286553306));
#560 = CARTESIAN_POINT('',(18.437780049312,18.492865533069));
#561 = ( GEOMETRIC_REPRESENTATION_CONTEXT(2) 
PARAMETRIC_REPRESENTATION_CONTEXT() REPRESENTATION_CONTEXT('2D SPACE',''
  ) );
#562 = ORIENTED_EDGE('',*,*,#563,.F.);
#563 = EDGE_CURVE('',#564,#537,#566,.T.);
#564 = VERTEX_POINT('',#565);
#565 = CARTESIAN_POINT('',(-10.,-5.,12.));
#566 = SURFACE_CURVE('',#567,(#572,#579),.PCURVE_S1.);
#567 = CIRCLE('',#568,2.);
#568 = AXIS2_PLACEMENT_3D('',#569,#570,#571);
#569 = CARTESIAN_POINT('',(-12.,-5.,12.));
#570 = DIRECTION('',(0.,0.,1.));
#571 = DIRECTION('',(1.,0.,-0.));
#572 = PCURVE('',#172,#573);
#573 = DEFINITIONAL_REPRESENTATION('',(#574),#578);
#574 = CIRCLE('',#575,2.);
#575 = AXIS2_PLACEMENT_2D('',#576,#577);
#576 = CARTESIAN_POINT('',(-12.,-5.));
#577 = DIRECTION('',(1.,0.));
#578 = ( GEOMETRIC_REPRESENTATION_CONTEXT(2) 
PARAMETRIC_REPRESENTATION_CONTEXT() REPRESENTATION_CONTEXT('2D SPACE',''
  ) );
#579 = PCURVE('',#580,#585);
#580 = CYLINDRICAL_SURFACE('',#581,2.);
#581 = AXIS2_PLACEMENT_3D('',#582,#583,#584);
#582 = CARTESIAN_POINT('',(-12.,-5.,-10.));
#583 = DIRECTION('',(0.,0.,1.));
#584 = DIRECTION('',(1.,0.,-0.));
#585 = DEFINITIONAL_REPRESENTATION('',(#586),#590);
#586 = LINE('',#587,#588);
#587 = CARTESIAN_POINT('',(0.,22.));
#588 = VECTOR('',#589,1.);
#589 = DIRECTION('',(1.,0.));
#590 = ( GEOMETRIC_REPRESENTATION_CONTEXT(2) 
PARAMETRIC_REPRESENTATION_CONTEXT() REPRESENTATION_CONTEXT('2D SPACE',''
  ) );
#591 = ORIENTED_EDGE('',*,*,#592,.F.);
#592 = EDGE_CURVE('',#593,#564,#595,.T.);
#593 = VERTEX_POINT('',#594);
#594 = CARTESIAN_POINT('',(-10.,-11.,12.));
#595 = SURFACE_CURVE('',#596,(#600,#606),.PCURVE_S1.);
#596 = LINE('',#597,#598);
#597 = CARTESIAN_POINT('',(-10.,-6.5,12.));
#598 = VECTOR('',#599,1.);
#599 = DIRECTION('',(0.,1.,0.));
#600 = PCURVE('',#172,#601);
#601 = DEFINITIONAL_REPRESENTATION('',(#602),#605);
#602 = B_SPLINE_CURVE_WITH_KNOTS('',1,(#603,#604),.UNSPECIFIED.,.F.,.F.,
  (2,2),(-4.5,1.5),.PIECEWISE_BEZIER_KNOTS.);
#603 = CARTESIAN_POINT('',(-10.,-11.));
#604 = CARTESIAN_POINT('',(-10.,-5.));
#605 = ( GEOMETRIC_REPRESENTATION_CONTEXT(2) 
PARAMETRIC_REPRESENTATION_CONTEXT() REPRESENTATION_CONTEXT('2D SPACE',''
  ) );
#606 = PCURVE('',#607,#612);
#607 = PLANE('',#608);
#608 = AXIS2_PLACEMENT_3D('',#609,#610,#611);
#609 = CARTESIAN_POINT('',(-10.,-13.,-10.));
#610 = DIRECTION('',(1.,0.,0.));
#611 = DIRECTION('',(0.,0.,1.));
#612 = DEFINITIONAL_REPRESENTATION('',(#613),#616);
#613 = B_SPLINE_CURVE_WITH_KNOTS('',1,(#614,#615),.UNSPECIFIED.,.F.,.F.,
  (2,2),(-4.5,1.5),.PIECEWISE_BEZIER_KNOTS.);
#614 = CARTESIAN_POINT('',(22.,-2.));
#615 = CARTESIAN_POINT('',(22.,-8.));
#616 = ( GEOMETRIC_REPRESENTATION_CONTEXT(2) 
PARAMETRIC_REPRESENTATION_CONTEXT() REPRESENTATION_CONTEXT('2D SPACE',''
  ) );
#617 = ORIENTED_EDGE('',*,*,#618,.F.);
#618 = EDGE_CURVE('',#357,#593,#619,.T.);
#619 = SURFACE_CURVE('',#620,(#625,#632),.PCURVE_S1.);
#620 = CIRCLE('',#621,2.);
#621 = AXIS2_PLACEMENT_3D('',#622,#623,#624);
#622 = CARTESIAN_POINT('',(-12.,-11.,12.));
#623 = DIRECTION('',(0.,0.,1.));
#624 = DIRECTION('',(1.,0.,-0.));
#625 = PCURVE('',#172,#626);
#626 = DEFINITIONAL_REPRESENTATION('',(#627),#631);
#627 = CIRCLE('',#628,2.);
#628 = AXIS2_PLACEMENT_2D('',#629,#630);
#629 = CARTESIAN_POINT('',(-12.,-11.));
#630 = DIRECTION('',(1.,0.));
#631 = ( GEOMETRIC_REPRESENTATION_CONTEXT(2) 
PARAMETRIC_REPRESENTATION_CONTEXT() REPRESENTATION_CONTEXT('2D SPACE',''
  ) );
#632 = PCURVE('',#633,#638);
#633 = CYLINDRICAL_SURFACE('',#634,2.);
#634 = AXIS2_PLACEMENT_3D('',#635,#636,#637);
#635 = CARTESIAN_POINT('',(-12.,-11.,-10.));
#636 = DIRECTION('',(0.,0.,1.));
#637 = DIRECTION('',(1.,0.,-0.));
#638 = DEFINITIONAL_REPRESENTATION('',(#639),#643);
#639 = LINE('',#640,#641);
#640 = CARTESIAN_POINT('',(-6.28318530718,22.));
#641 = VECTOR('',#642,1.);
#642 = DIRECTION('',(1.,-0.));
#643 = ( GEOMETRIC_REPRESENTATION_CONTEXT(2) 
PARAMETRIC_REPRESENTATION_CONTEXT() REPRESENTATION_CONTEXT('2D SPACE',''
  ) );
#644 = ADVANCED_FACE('',(#645),#317,.T.);
#645 = FACE_BOUND('',#646,.T.);
#646 = EDGE_LOOP('',(#647,#648,#671,#699,#720));
#647 = ORIENTED_EDGE('',*,*,#297,.T.);
#648 = ORIENTED_EDGE('',*,*,#649,.T.);
#649 = EDGE_CURVE('',#219,#650,#652,.T.);
#650 = VERTEX_POINT('',#651);
#651 = CARTESIAN_POINT('',(-24.,-13.,16.5));
#652 = SURFACE_CURVE('',#653,(#657,#664),.PCURVE_S1.);
#653 = LINE('',#654,#655);
#654 = CARTESIAN_POINT('',(-24.,-13.,-10.));
#655 = VECTOR('',#656,1.);
#656 = DIRECTION('',(0.,0.,1.));
#657 = PCURVE('',#317,#658);
#658 = DEFINITIONAL_REPRESENTATION('',(#659),#663);
#659 = LINE('',#660,#661);
#660 = CARTESIAN_POINT('',(0.,2.));
#661 = VECTOR('',#662,1.);
#662 = DIRECTION('',(1.,0.));
#663 = ( GEOMETRIC_REPRESENTATION_CONTEXT(2) 
PARAMETRIC_REPRESENTATION_CONTEXT() REPRESENTATION_CONTEXT('2D SPACE',''
  ) );
#664 = PCURVE('',#268,#665);
#665 = DEFINITIONAL_REPRESENTATION('',(#666),#670);
#666 = LINE('',#667,#668);
#667 = CARTESIAN_POINT('',(1.570796326795,0.));
#668 = VECTOR('',#669,1.);
#669 = DIRECTION('',(0.,1.));
#670 = ( GEOMETRIC_REPRESENTATION_CONTEXT(2) 
PARAMETRIC_REPRESENTATION_CONTEXT() REPRESENTATION_CONTEXT('2D SPACE',''
  ) );
#671 = ORIENTED_EDGE('',*,*,#672,.T.);
#672 = EDGE_CURVE('',#650,#673,#675,.T.);
#673 = VERTEX_POINT('',#674);
#674 = CARTESIAN_POINT('',(-12.,-13.,16.5));
#675 = SURFACE_CURVE('',#676,(#680,#687),.PCURVE_S1.);
#676 = LINE('',#677,#678);
#677 = CARTESIAN_POINT('',(-26.,-13.,16.5));
#678 = VECTOR('',#679,1.);
#679 = DIRECTION('',(1.,0.,0.));
#680 = PCURVE('',#317,#681);
#681 = DEFINITIONAL_REPRESENTATION('',(#682),#686);
#682 = LINE('',#683,#684);
#683 = CARTESIAN_POINT('',(26.5,0.));
#684 = VECTOR('',#685,1.);
#685 = DIRECTION('',(0.,1.));
#686 = ( GEOMETRIC_REPRESENTATION_CONTEXT(2) 
PARAMETRIC_REPRESENTATION_CONTEXT() REPRESENTATION_CONTEXT('2D SPACE',''
  ) );
#687 = PCURVE('',#688,#693);
#688 = PLANE('',#689);
#689 = AXIS2_PLACEMENT_3D('',#690,#691,#692);
#690 = CARTESIAN_POINT('',(-26.,-13.,16.5));
#691 = DIRECTION('',(0.,0.,1.));
#692 = DIRECTION('',(1.,0.,0.));
#693 = DEFINITIONAL_REPRESENTATION('',(#694),#698);
#694 = LINE('',#695,#696);
#695 = CARTESIAN_POINT('',(0.,0.));
#696 = VECTOR('',#697,1.);
#697 = DIRECTION('',(1.,0.));
#698 = ( GEOMETRIC_REPRESENTATION_CONTEXT(2) 
PARAMETRIC_REPRESENTATION_CONTEXT() REPRESENTATION_CONTEXT('2D SPACE',''
  ) );
#699 = ORIENTED_EDGE('',*,*,#700,.F.);
#700 = EDGE_CURVE('',#357,#673,#701,.T.);
#701 = SURFACE_CURVE('',#702,(#706,#713),.PCURVE_S1.);
#702 = LINE('',#703,#704);
#703 = CARTESIAN_POINT('',(-12.,-13.,-10.));
#704 = VECTOR('',#705,1.);
#705 = DIRECTION('',(0.,0.,1.));
#706 = PCURVE('',#317,#707);
#707 = DEFINITIONAL_REPRESENTATION('',(#708),#712);
#708 = LINE('',#709,#710);
#709 = CARTESIAN_POINT('',(0.,14.));
#710 = VECTOR('',#711,1.);
#711 = DIRECTION('',(1.,0.));
#712 = ( GEOMETRIC_REPRESENTATION_CONTEXT(2) 
PARAMETRIC_REPRESENTATION_CONTEXT() REPRESENTATION_CONTEXT('2D SPACE',''
  ) );
#713 = PCURVE('',#633,#714);
#714 = DEFINITIONAL_REPRESENTATION('',(#715),#719);
#715 = LINE('',#716,#717);
#716 = CARTESIAN_POINT('',(-1.570796326795,0.));
#717 = VECTOR('',#718,1.);
#718 = DIRECTION('',(-0.,1.));
#719 = ( GEOMETRIC_REPRESENTATION_CONTEXT(2) 
PARAMETRIC_REPRESENTATION_CONTEXT() REPRESENTATION_CONTEXT('2D SPACE',''
  ) );
#720 = ORIENTED_EDGE('',*,*,#356,.T.);
#721 = ADVANCED_FACE('',(#722),#268,.F.);
#722 = FACE_BOUND('',#723,.F.);
#723 = EDGE_LOOP('',(#724,#747,#748,#749));
#724 = ORIENTED_EDGE('',*,*,#725,.F.);
#725 = EDGE_CURVE('',#185,#726,#728,.T.);
#726 = VERTEX_POINT('',#727);
#727 = CARTESIAN_POINT('',(-26.,-11.,16.5));
#728 = SURFACE_CURVE('',#729,(#733,#740),.PCURVE_S1.);
#729 = LINE('',#730,#731);
#730 = CARTESIAN_POINT('',(-26.,-11.,-10.));
#731 = VECTOR('',#732,1.);
#732 = DIRECTION('',(0.,0.,1.));
#733 = PCURVE('',#268,#734);
#734 = DEFINITIONAL_REPRESENTATION('',(#735),#739);
#735 = LINE('',#736,#737);
#736 = CARTESIAN_POINT('',(0.,0.));
#737 = VECTOR('',#738,1.);
#738 = DIRECTION('',(0.,1.));
#739 = ( GEOMETRIC_REPRESENTATION_CONTEXT(2) 
PARAMETRIC_REPRESENTATION_CONTEXT() REPRESENTATION_CONTEXT('2D SPACE',''
  ) );
#740 = PCURVE('',#204,#741);
#741 = DEFINITIONAL_REPRESENTATION('',(#742),#746);
#742 = LINE('',#743,#744);
#743 = CARTESIAN_POINT('',(0.,-2.));
#744 = VECTOR('',#745,1.);
#745 = DIRECTION('',(1.,0.));
#746 = ( GEOMETRIC_REPRESENTATION_CONTEXT(2) 
PARAMETRIC_REPRESENTATION_CONTEXT() REPRESENTATION_CONTEXT('2D SPACE',''
  ) );
#747 = ORIENTED_EDGE('',*,*,#218,.T.);
#748 = ORIENTED_EDGE('',*,*,#649,.T.);
#749 = ORIENTED_EDGE('',*,*,#750,.F.);
#750 = EDGE_CURVE('',#726,#650,#751,.T.);
#751 = SURFACE_CURVE('',#752,(#757,#764),.PCURVE_S1.);
#752 = CIRCLE('',#753,2.);
#753 = AXIS2_PLACEMENT_3D('',#754,#755,#756);
#754 = CARTESIAN_POINT('',(-24.,-11.,16.5));
#755 = DIRECTION('',(0.,0.,1.));
#756 = DIRECTION('',(0.,-1.,0.));
#757 = PCURVE('',#268,#758);
#758 = DEFINITIONAL_REPRESENTATION('',(#759),#763);
#759 = LINE('',#760,#761);
#760 = CARTESIAN_POINT('',(-4.712388980385,26.5));
#761 = VECTOR('',#762,1.);
#762 = DIRECTION('',(1.,0.));
#763 = ( GEOMETRIC_REPRESENTATION_CONTEXT(2) 
PARAMETRIC_REPRESENTATION_CONTEXT() REPRESENTATION_CONTEXT('2D SPACE',''
  ) );
#764 = PCURVE('',#688,#765);
#765 = DEFINITIONAL_REPRESENTATION('',(#766),#770);
#766 = CIRCLE('',#767,2.);
#767 = AXIS2_PLACEMENT_2D('',#768,#769);
#768 = CARTESIAN_POINT('',(2.,2.));
#769 = DIRECTION('',(0.,-1.));
#770 = ( GEOMETRIC_REPRESENTATION_CONTEXT(2) 
PARAMETRIC_REPRESENTATION_CONTEXT() REPRESENTATION_CONTEXT('2D SPACE',''
  ) );
#771 = ADVANCED_FACE('',(#772),#204,.T.);
#772 = FACE_BOUND('',#773,.T.);
#773 = EDGE_LOOP('',(#774,#797,#798,#799,#800));
#774 = ORIENTED_EDGE('',*,*,#775,.F.);
#775 = EDGE_CURVE('',#726,#776,#778,.T.);
#776 = VERTEX_POINT('',#777);
#777 = CARTESIAN_POINT('',(-26.,-5.,16.5));
#778 = SURFACE_CURVE('',#779,(#783,#790),.PCURVE_S1.);
#779 = LINE('',#780,#781);
#780 = CARTESIAN_POINT('',(-26.,-13.,16.5));
#781 = VECTOR('',#782,1.);
#782 = DIRECTION('',(0.,1.,0.));
#783 = PCURVE('',#204,#784);
#784 = DEFINITIONAL_REPRESENTATION('',(#785),#789);
#785 = LINE('',#786,#787);
#786 = CARTESIAN_POINT('',(26.5,0.));
#787 = VECTOR('',#788,1.);
#788 = DIRECTION('',(0.,-1.));
#789 = ( GEOMETRIC_REPRESENTATION_CONTEXT(2) 
PARAMETRIC_REPRESENTATION_CONTEXT() REPRESENTATION_CONTEXT('2D SPACE',''
  ) );
#790 = PCURVE('',#688,#791);
#791 = DEFINITIONAL_REPRESENTATION('',(#792),#796);
#792 = LINE('',#793,#794);
#793 = CARTESIAN_POINT('',(0.,0.));
#794 = VECTOR('',#795,1.);
#795 = DIRECTION('',(0.,1.));
#796 = ( GEOMETRIC_REPRESENTATION_CONTEXT(2) 
PARAMETRIC_REPRESENTATION_CONTEXT() REPRESENTATION_CONTEXT('2D SPACE',''
  ) );
#797 = ORIENTED_EDGE('',*,*,#725,.F.);
#798 = ORIENTED_EDGE('',*,*,#184,.F.);
#799 = ORIENTED_EDGE('',*,*,#379,.T.);
#800 = ORIENTED_EDGE('',*,*,#801,.T.);
#801 = EDGE_CURVE('',#380,#776,#802,.T.);
#802 = SURFACE_CURVE('',#803,(#807,#814),.PCURVE_S1.);
#803 = LINE('',#804,#805);
#804 = CARTESIAN_POINT('',(-26.,-5.,-10.));
#805 = VECTOR('',#806,1.);
#806 = DIRECTION('',(0.,0.,1.));
#807 = PCURVE('',#204,#808);
#808 = DEFINITIONAL_REPRESENTATION('',(#809),#813);
#809 = LINE('',#810,#811);
#810 = CARTESIAN_POINT('',(0.,-8.));
#811 = VECTOR('',#812,1.);
#812 = DIRECTION('',(1.,0.));
#813 = ( GEOMETRIC_REPRESENTATION_CONTEXT(2) 
PARAMETRIC_REPRESENTATION_CONTEXT() REPRESENTATION_CONTEXT('2D SPACE',''
  ) );
#814 = PCURVE('',#417,#815);
#815 = DEFINITIONAL_REPRESENTATION('',(#816),#820);
#816 = LINE('',#817,#818);
#817 = CARTESIAN_POINT('',(-0.,0.));
#818 = VECTOR('',#819,1.);
#819 = DIRECTION('',(-0.,1.));
#820 = ( GEOMETRIC_REPRESENTATION_CONTEXT(2) 
PARAMETRIC_REPRESENTATION_CONTEXT() REPRESENTATION_CONTEXT('2D SPACE',''
  ) );
#821 = ADVANCED_FACE('',(#822),#90,.T.);
#822 = FACE_BOUND('',#823,.T.);
#823 = EDGE_LOOP('',(#824,#825,#847,#1338));
#824 = ORIENTED_EDGE('',*,*,#75,.T.);
#825 = ORIENTED_EDGE('',*,*,#826,.T.);
#826 = EDGE_CURVE('',#22,#827,#829,.T.);
#827 = VERTEX_POINT('',#828);
#828 = CARTESIAN_POINT('',(48.029411764706,2.305614201203E-14,59.));
#829 = SEAM_CURVE('',#830,(#833,#840),.PCURVE_S1.);
#830 = B_SPLINE_CURVE_WITH_KNOTS('',1,(#831,#832),.UNSPECIFIED.,.F.,.F.,
  (2,2),(0.,1.),.PIECEWISE_BEZIER_KNOTS.);
#831 = CARTESIAN_POINT('',(42.,4.727759759839E-14,18.));
#832 = CARTESIAN_POINT('',(52.,7.105427357601E-15,86.));
#833 = PCURVE('',#90,#834);
#834 = DEFINITIONAL_REPRESENTATION('',(#835),#839);
#835 = LINE('',#836,#837);
#836 = CARTESIAN_POINT('',(0.,0.));
#837 = VECTOR('',#838,1.);
#838 = DIRECTION('',(0.,1.));
#839 = ( GEOMETRIC_REPRESENTATION_CONTEXT(2) 
PARAMETRIC_REPRESENTATION_CONTEXT() REPRESENTATION_CONTEXT('2D SPACE',''
  ) );
#840 = PCURVE('',#90,#841);
#841 = DEFINITIONAL_REPRESENTATION('',(#842),#846);
#842 = LINE('',#843,#844);
#843 = CARTESIAN_POINT('',(6.28318530718,0.));
#844 = VECTOR('',#845,1.);
#845 = DIRECTION('',(0.,1.));
#846 = ( GEOMETRIC_REPRESENTATION_CONTEXT(2) 
PARAMETRIC_REPRESENTATION_CONTEXT() REPRESENTATION_CONTEXT('2D SPACE',''
  ) );
#847 = ORIENTED_EDGE('',*,*,#848,.T.);
#848 = EDGE_CURVE('',#827,#827,#849,.T.);
#849 = SURFACE_CURVE('',#850,(#1009,#1171),.PCURVE_S1.);
#850 = B_SPLINE_CURVE_WITH_KNOTS('',7,(#851,#852,#853,#854,#855,#856,
    #857,#858,#859,#860,#861,#862,#863,#864,#865,#866,#867,#868,#869,
    #870,#871,#872,#873,#874,#875,#876,#877,#878,#879,#880,#881,#882,
    #883,#884,#885,#886,#887,#888,#889,#890,#891,#892,#893,#894,#895,
    #896,#897,#898,#899,#900,#901,#902,#903,#904,#905,#906,#907,#908,
    #909,#910,#911,#912,#913,#914,#915,#916,#917,#918,#919,#920,#921,
    #922,#923,#924,#925,#926,#927,#928,#929,#930,#931,#932,#933,#934,
    #935,#936,#937,#938,#939,#940,#941,#942,#943,#944,#945,#946,#947,
    #948,#949,#950,#951,#952,#953,#954,#955,#956,#957,#958,#959,#960,
    #961,#962,#963,#964,#965,#966,#967,#968,#969,#970,#971,#972,#973,
    #974,#975,#976,#977,#978,#979,#980,#981,#982,#983,#984,#985,#986,
    #987,#988,#989,#990,#991,#992,#993,#994,#995,#996,#997,#998,#999,
    #1000,#1001,#1002,#1003,#1004,#1005,#1006,#1007,#1008),
  .UNSPECIFIED.,.T.,.F.,(8,6,6,6,6,6,6,6,6,6,6,6,6,6,6,6,6,6,6,6,6,6,6,6
    ,6,6,8),(0.,5.953977202257E-02,9.564660265181E-02,0.138795600995,
    0.170285834173,0.192881699609,0.249995292913,0.307108886208,
    0.32970475164,0.361194984809,0.404343983128,0.440450813839,
    0.459710549438,0.49999905363,0.527652577568,0.559548649195,
    0.595655523925,0.638804574849,0.670294846408,0.692890739388,
    0.750004402312,0.807118065245,0.829713958228,0.861204229796,
    0.904353280743,0.940460155391,1.),.UNSPECIFIED.);
#851 = CARTESIAN_POINT('',(48.029411764706,-1.42108547152E-14,59.));
#852 = CARTESIAN_POINT('',(48.029412011605,-2.322304421392,59.));
#853 = CARTESIAN_POINT('',(47.826926662188,-4.646041592153,59.));
#854 = CARTESIAN_POINT('',(47.421515460423,-6.947278029732,59.));
#855 = CARTESIAN_POINT('',(46.819842632944,-9.205746048354,59.));
#856 = CARTESIAN_POINT('',(46.032590126942,-11.40415860271,59.));
#857 = CARTESIAN_POINT('',(45.073479056866,-13.52797638308,59.));
#858 = CARTESIAN_POINT('',(43.282333367767,-16.80067572587,59.));
#859 = CARTESIAN_POINT('',(42.548649213001,-18.00465374367,59.));
#860 = CARTESIAN_POINT('',(41.760766309943,-19.17479121207,59.));
#861 = CARTESIAN_POINT('',(40.922106950493,-20.30923105208,59.));
#862 = CARTESIAN_POINT('',(40.036074843477,-21.40654058358,59.));
#863 = CARTESIAN_POINT('',(39.105963720764,-22.46564478457,59.));
#864 = CARTESIAN_POINT('',(36.974425726064,-24.70487405324,59.));
#865 = CARTESIAN_POINT('',(35.755511847213,-25.86826034728,59.));
#866 = CARTESIAN_POINT('',(34.483433143747,-26.97469206263,59.));
#867 = CARTESIAN_POINT('',(33.16320646057,-28.0233969133,59.));
#868 = CARTESIAN_POINT('',(31.799512803822,-29.01398751658,59.));
#869 = CARTESIAN_POINT('',(30.396627645143,-29.94637396146,59.));
#870 = CARTESIAN_POINT('',(27.90869467686,-31.45874386516,59.));
#871 = CARTESIAN_POINT('',(26.840227478538,-32.06585233553,59.));
#872 = CARTESIAN_POINT('',(25.754450247657,-32.64203976358,59.));
#873 = CARTESIAN_POINT('',(24.652784590468,-33.18737722476,59.));
#874 = CARTESIAN_POINT('',(23.536569742054,-33.70196203537,59.));
#875 = CARTESIAN_POINT('',(22.407059205591,-34.18591089343,59.));
#876 = CARTESIAN_POINT('',(20.446230151224,-34.96472136404,59.));
#877 = CARTESIAN_POINT('',(19.620803318961,-35.27437917472,59.));
#878 = CARTESIAN_POINT('',(18.789571030096,-35.56837352039,59.));
#879 = CARTESIAN_POINT('',(17.952952070555,-35.84675085189,59.));
#880 = CARTESIAN_POINT('',(17.111349876917,-36.10955700205,59.));
#881 = CARTESIAN_POINT('',(16.265152536416,-36.35683718568,59.));
#882 = CARTESIAN_POINT('',(13.265201850223,-37.1745329214,59.));
#883 = CARTESIAN_POINT('',(11.088831875031,-37.66148186791,59.));
#884 = CARTESIAN_POINT('',(8.891460151687,-38.05026039596,59.));
#885 = CARTESIAN_POINT('',(6.678670412048,-38.34142044377,59.));
#886 = CARTESIAN_POINT('',(4.455805272745,-38.53536876561,59.));
#887 = CARTESIAN_POINT('',(2.227966057544,-38.63235293467,59.));
#888 = CARTESIAN_POINT('',(-2.227966059485,-38.63235293514,59.));
#889 = CARTESIAN_POINT('',(-4.455805274363,-38.53536876657,59.));
#890 = CARTESIAN_POINT('',(-6.678670413342,-38.34142044505,59.));
#891 = CARTESIAN_POINT('',(-8.891460152612,-38.05026039713,59.));
#892 = CARTESIAN_POINT('',(-11.0888318755,-37.66148186849,59.));
#893 = CARTESIAN_POINT('',(-13.26520185014,-37.17453292103,59.));
#894 = CARTESIAN_POINT('',(-16.26515253542,-36.35683718396,59.));
#895 = CARTESIAN_POINT('',(-17.11134987565,-36.10955699992,59.));
#896 = CARTESIAN_POINT('',(-17.95295206902,-35.84675084938,59.));
#897 = CARTESIAN_POINT('',(-18.78957102829,-35.56837351753,59.));
#898 = CARTESIAN_POINT('',(-19.6208033169,-35.27437917155,59.));
#899 = CARTESIAN_POINT('',(-20.44623014892,-34.96472136064,59.));
#900 = CARTESIAN_POINT('',(-22.40705920267,-34.18591088976,59.));
#901 = CARTESIAN_POINT('',(-23.53656973879,-33.70196203174,59.));
#902 = CARTESIAN_POINT('',(-24.65278458696,-33.18737722141,59.));
#903 = CARTESIAN_POINT('',(-25.75445024405,-32.6420397608,59.));
#904 = CARTESIAN_POINT('',(-26.840227475,-32.06585233362,59.));
#905 = CARTESIAN_POINT('',(-27.9086946736,-31.45874386441,59.));
#906 = CARTESIAN_POINT('',(-30.3966276426,-29.94637396429,59.));
#907 = CARTESIAN_POINT('',(-31.79951280188,-29.01398752208,59.));
#908 = CARTESIAN_POINT('',(-33.16320645967,-28.02339692185,59.));
#909 = CARTESIAN_POINT('',(-34.48343314419,-26.97469207433,59.));
#910 = CARTESIAN_POINT('',(-35.75551184901,-25.8682603619,59.));
#911 = CARTESIAN_POINT('',(-36.97442572887,-24.7048740702,59.));
#912 = CARTESIAN_POINT('',(-39.10596372682,-22.46564480146,59.));
#913 = CARTESIAN_POINT('',(-40.03607485181,-21.40654059807,59.));
#914 = CARTESIAN_POINT('',(-40.92210696009,-20.30923106333,59.));
#915 = CARTESIAN_POINT('',(-41.76076631958,-19.17479121924,59.));
#916 = CARTESIAN_POINT('',(-42.54864922144,-18.00465374604,59.));
#917 = CARTESIAN_POINT('',(-43.282333374,-16.80067572304,59.));
#918 = CARTESIAN_POINT('',(-44.31916653377,-14.90622140104,59.));
#919 = CARTESIAN_POINT('',(-44.66347231914,-14.23826210655,59.));
#920 = CARTESIAN_POINT('',(-44.99090762159,-13.56170679545,59.));
#921 = CARTESIAN_POINT('',(-45.30097806592,-12.87695307836,59.));
#922 = CARTESIAN_POINT('',(-45.59320581866,-12.18443783126,59.));
#923 = CARTESIAN_POINT('',(-45.86713562478,-11.4846399088,59.));
#924 = CARTESIAN_POINT('',(-46.6561921363,-9.300070622636,59.));
#925 = CARTESIAN_POINT('',(-47.10818443694,-7.79227348012,59.));
#926 = CARTESIAN_POINT('',(-47.4742668756,-6.259760878723,59.));
#927 = CARTESIAN_POINT('',(-47.75121761512,-4.708052745424,59.));
#928 = CARTESIAN_POINT('',(-47.93669603092,-3.143126946685,59.));
#929 = CARTESIAN_POINT('',(-48.02941192319,-1.571445566294,59.));
#930 = CARTESIAN_POINT('',(-48.02941214865,1.078620512637,59.));
#931 = CARTESIAN_POINT('',(-47.98573020032,2.15727932747,59.));
#932 = CARTESIAN_POINT('',(-47.89836480443,3.23378646545,59.));
#933 = CARTESIAN_POINT('',(-47.76758786357,4.306032387328,59.));
#934 = CARTESIAN_POINT('',(-47.59392517251,5.371985959125,59.));
#935 = CARTESIAN_POINT('',(-47.37813729471,6.429692417605,59.));
#936 = CARTESIAN_POINT('',(-46.82484537457,8.685567561752,59.));
#937 = CARTESIAN_POINT('',(-46.47372734886,9.88047748149,59.));
#938 = CARTESIAN_POINT('',(-46.06933343257,11.059130207585,59.));
#939 = CARTESIAN_POINT('',(-45.6134856242,12.219004113437,59.));
#940 = CARTESIAN_POINT('',(-45.10823842219,13.3578877579,59.));
#941 = CARTESIAN_POINT('',(-44.55580259452,14.473850616646,59.));
#942 = CARTESIAN_POINT('',(-43.282333374,16.800675723029,59.));
#943 = CARTESIAN_POINT('',(-42.54864922145,18.004653746045,59.));
#944 = CARTESIAN_POINT('',(-41.76076631959,19.174791219234,59.));
#945 = CARTESIAN_POINT('',(-40.92210696009,20.309231063322,59.));
#946 = CARTESIAN_POINT('',(-40.03607485181,21.406540598069,59.));
#947 = CARTESIAN_POINT('',(-39.10596372683,22.465644801458,59.));
#948 = CARTESIAN_POINT('',(-36.97442572888,24.7048740702,59.));
#949 = CARTESIAN_POINT('',(-35.75551184902,25.868260361901,59.));
#950 = CARTESIAN_POINT('',(-34.4834331442,26.97469207433,59.));
#951 = CARTESIAN_POINT('',(-33.16320645968,28.023396921845,59.));
#952 = CARTESIAN_POINT('',(-31.79951280189,29.013987522078,59.));
#953 = CARTESIAN_POINT('',(-30.39662764261,29.946373964292,59.));
#954 = CARTESIAN_POINT('',(-27.90869467361,31.458743864407,59.));
#955 = CARTESIAN_POINT('',(-26.84022747501,32.065852333615,59.));
#956 = CARTESIAN_POINT('',(-25.75445024406,32.642039760801,59.));
#957 = CARTESIAN_POINT('',(-24.65278458697,33.187377221413,59.));
#958 = CARTESIAN_POINT('',(-23.5365697388,33.701962031741,59.));
#959 = CARTESIAN_POINT('',(-22.40705920268,34.185910889757,59.));
#960 = CARTESIAN_POINT('',(-20.44623014893,34.964721360642,59.));
#961 = CARTESIAN_POINT('',(-19.62080331691,35.274379171555,59.));
#962 = CARTESIAN_POINT('',(-18.7895710283,35.568373517527,59.));
#963 = CARTESIAN_POINT('',(-17.95295206903,35.846750849381,59.));
#964 = CARTESIAN_POINT('',(-17.11134987566,36.109556999925,59.));
#965 = CARTESIAN_POINT('',(-16.26515253543,36.356837183957,59.));
#966 = CARTESIAN_POINT('',(-13.26520185015,37.17453292103,59.));
#967 = CARTESIAN_POINT('',(-11.08883187551,37.661481868496,59.));
#968 = CARTESIAN_POINT('',(-8.891460152625,38.050260397125,59.));
#969 = CARTESIAN_POINT('',(-6.678670413355,38.341420445045,59.));
#970 = CARTESIAN_POINT('',(-4.455805274371,38.535368766581,59.));
#971 = CARTESIAN_POINT('',(-2.227966059497,38.632352935139,59.));
#972 = CARTESIAN_POINT('',(2.227966057535,38.632352934674,59.));
#973 = CARTESIAN_POINT('',(4.455805272731,38.535368765617,59.));
#974 = CARTESIAN_POINT('',(6.678670412041,38.341420443777,59.));
#975 = CARTESIAN_POINT('',(8.891460151679,38.050260395963,59.));
#976 = CARTESIAN_POINT('',(11.088831875017,37.661481867923,59.));
#977 = CARTESIAN_POINT('',(13.265201850216,37.174532921401,59.));
#978 = CARTESIAN_POINT('',(16.265152536407,36.35683718569,59.));
#979 = CARTESIAN_POINT('',(17.111349876908,36.109557002055,59.));
#980 = CARTESIAN_POINT('',(17.952952070546,35.846750851897,59.));
#981 = CARTESIAN_POINT('',(18.789571030087,35.568373520398,59.));
#982 = CARTESIAN_POINT('',(19.620803318952,35.27437917473,59.));
#983 = CARTESIAN_POINT('',(20.446230151216,34.964721364048,59.));
#984 = CARTESIAN_POINT('',(22.407059205583,34.185910893443,59.));
#985 = CARTESIAN_POINT('',(23.536569742047,33.701962035382,59.));
#986 = CARTESIAN_POINT('',(24.652784590461,33.18737722477,59.));
#987 = CARTESIAN_POINT('',(25.754450247649,32.642039763592,59.));
#988 = CARTESIAN_POINT('',(26.84022747853,32.065852335537,59.));
#989 = CARTESIAN_POINT('',(27.908694676854,31.458743865166,59.));
#990 = CARTESIAN_POINT('',(30.396627645135,29.946373961473,59.));
#991 = CARTESIAN_POINT('',(31.799512803817,29.013987516592,59.));
#992 = CARTESIAN_POINT('',(33.163206460565,28.023396913309,59.));
#993 = CARTESIAN_POINT('',(34.483433143741,26.974692062637,59.));
#994 = CARTESIAN_POINT('',(35.755511847207,25.868260347292,59.));
#995 = CARTESIAN_POINT('',(36.974425726059,24.704874053249,59.));
#996 = CARTESIAN_POINT('',(39.105963720762,22.465644784576,59.));
#997 = CARTESIAN_POINT('',(40.036074843466,21.406540583586,59.));
#998 = CARTESIAN_POINT('',(40.922106950495,20.309231052091,59.));
#999 = CARTESIAN_POINT('',(41.760766309944,19.174791212082,59.));
#1000 = CARTESIAN_POINT('',(42.548649212988,18.004653743674,59.));
#1001 = CARTESIAN_POINT('',(43.282333367769,16.800675725876,59.));
#1002 = CARTESIAN_POINT('',(45.073479056856,13.527976383103,59.));
#1003 = CARTESIAN_POINT('',(46.032590126969,11.404158602681,59.));
#1004 = CARTESIAN_POINT('',(46.819842632898,9.205746048416,59.));
#1005 = CARTESIAN_POINT('',(47.421515460463,6.947278029686,59.));
#1006 = CARTESIAN_POINT('',(47.826926662168,4.646041592177,59.));
#1007 = CARTESIAN_POINT('',(48.029412011609,2.322304421388,59.));
#1008 = CARTESIAN_POINT('',(48.029411764706,1.42108547152E-14,59.));
#1009 = PCURVE('',#90,#1010);
#1010 = DEFINITIONAL_REPRESENTATION('',(#1011),#1170);
#1011 = B_SPLINE_CURVE_WITH_KNOTS('',7,(#1012,#1013,#1014,#1015,#1016,
    #1017,#1018,#1019,#1020,#1021,#1022,#1023,#1024,#1025,#1026,#1027,
    #1028,#1029,#1030,#1031,#1032,#1033,#1034,#1035,#1036,#1037,#1038,
    #1039,#1040,#1041,#1042,#1043,#1044,#1045,#1046,#1047,#1048,#1049,
    #1050,#1051,#1052,#1053,#1054,#1055,#1056,#1057,#1058,#1059,#1060,
    #1061,#1062,#1063,#1064,#1065,#1066,#1067,#1068,#1069,#1070,#1071,
    #1072,#1073,#1074,#1075,#1076,#1077,#1078,#1079,#1080,#1081,#1082,
    #1083,#1084,#1085,#1086,#1087,#1088,#1089,#1090,#1091,#1092,#1093,
    #1094,#1095,#1096,#1097,#1098,#1099,#1100,#1101,#1102,#1103,#1104,
    #1105,#1106,#1107,#1108,#1109,#1110,#1111,#1112,#1113,#1114,#1115,
    #1116,#1117,#1118,#1119,#1120,#1121,#1122,#1123,#1124,#1125,#1126,
    #1127,#1128,#1129,#1130,#1131,#1132,#1133,#1134,#1135,#1136,#1137,
    #1138,#1139,#1140,#1141,#1142,#1143,#1144,#1145,#1146,#1147,#1148,
    #1149,#1150,#1151,#1152,#1153,#1154,#1155,#1156,#1157,#1158,#1159,
    #1160,#1161,#1162,#1163,#1164,#1165,#1166,#1167,#1168,#1169),
  .UNSPECIFIED.,.F.,.F.,(8,6,6,6,6,6,6,6,6,6,6,6,6,6,6,6,6,6,6,6,6,6,6,6
    ,6,6,8),(0.,5.953977202257E-02,9.564660265181E-02,0.138795600995,
    0.170285834173,0.192881699609,0.249995292913,0.307108886208,
    0.32970475164,0.361194984809,0.404343983128,0.440450813839,
    0.459710549438,0.49999905363,0.527652577568,0.559548649195,
    0.595655523925,0.638804574849,0.670294846408,0.692890739388,
    0.750004402312,0.807118065245,0.829713958228,0.861204229796,
    0.904353280743,0.940460155391,1.),.UNSPECIFIED.);
#1012 = CARTESIAN_POINT('',(6.28318530718,0.602941176471));
#1013 = CARTESIAN_POINT('',(6.223072360076,0.602941176471));
#1014 = CARTESIAN_POINT('',(6.162922360457,0.602941176471));
#1015 = CARTESIAN_POINT('',(6.102999861342,0.602941176471));
#1016 = CARTESIAN_POINT('',(6.043473249446,0.602941176471));
#1017 = CARTESIAN_POINT('',(5.984474178508,0.602941176471));
#1018 = CARTESIAN_POINT('',(5.926112921096,0.602941176471));
#1019 = CARTESIAN_POINT('',(5.833553765061,0.602941176471));
#1020 = CARTESIAN_POINT('',(5.798875572593,0.602941176471));
#1021 = CARTESIAN_POINT('',(5.764474745233,0.602941176471));
#1022 = CARTESIAN_POINT('',(5.730359077826,0.602941176471));
#1023 = CARTESIAN_POINT('',(5.696531643905,0.602941176471));
#1024 = CARTESIAN_POINT('',(5.662991595791,0.602941176471));
#1025 = CARTESIAN_POINT('',(5.589990020031,0.602941176471));
#1026 = CARTESIAN_POINT('',(5.550651272357,0.602941176471));
#1027 = CARTESIAN_POINT('',(5.511707461017,0.602941176471));
#1028 = CARTESIAN_POINT('',(5.473145065238,0.602941176471));
#1029 = CARTESIAN_POINT('',(5.434947076913,0.602941176471));
#1030 = CARTESIAN_POINT('',(5.397092702852,0.602941176471));
#1031 = CARTESIAN_POINT('',(5.332163478064,0.602941176471));
#1032 = CARTESIAN_POINT('',(5.304940609182,0.602941176471));
#1033 = CARTESIAN_POINT('',(5.277879213054,0.602941176471));
#1034 = CARTESIAN_POINT('',(5.250970105024,0.602941176471));
#1035 = CARTESIAN_POINT('',(5.224203968098,0.602941176471));
#1036 = CARTESIAN_POINT('',(5.19757115793,0.602941176471));
#1037 = CARTESIAN_POINT('',(5.152039467434,0.602941176471));
#1038 = CARTESIAN_POINT('',(5.133080966789,0.602941176471));
#1039 = CARTESIAN_POINT('',(5.114182383666,0.602941176471));
#1040 = CARTESIAN_POINT('',(5.095340091117,0.602941176471));
#1041 = CARTESIAN_POINT('',(5.076550457456,0.602941176471));
#1042 = CARTESIAN_POINT('',(5.057809846257,0.602941176471));
#1043 = CARTESIAN_POINT('',(4.991860318434,0.602941176471));
#1044 = CARTESIAN_POINT('',(4.944898767691,0.602941176471));
#1045 = CARTESIAN_POINT('',(4.898166392702,0.602941176471));
#1046 = CARTESIAN_POINT('',(4.851605736051,0.602941176471));
#1047 = CARTESIAN_POINT('',(4.805161434163,0.602941176471));
#1048 = CARTESIAN_POINT('',(4.758776510247,0.602941176471));
#1049 = CARTESIAN_POINT('',(4.666001450531,0.602941176471));
#1050 = CARTESIAN_POINT('',(4.619616526617,0.602941176471));
#1051 = CARTESIAN_POINT('',(4.57317222473,0.602941176471));
#1052 = CARTESIAN_POINT('',(4.526611568076,0.602941176471));
#1053 = CARTESIAN_POINT('',(4.479879193082,0.602941176471));
#1054 = CARTESIAN_POINT('',(4.432917642337,0.602941176471));
#1055 = CARTESIAN_POINT('',(4.366968114512,0.602941176471));
#1056 = CARTESIAN_POINT('',(4.348227503313,0.602941176471));
#1057 = CARTESIAN_POINT('',(4.329437869652,0.602941176471));
#1058 = CARTESIAN_POINT('',(4.310595577103,0.602941176471));
#1059 = CARTESIAN_POINT('',(4.29169699398,0.602941176471));
#1060 = CARTESIAN_POINT('',(4.272738493335,0.602941176471));
#1061 = CARTESIAN_POINT('',(4.227206802843,0.602941176471));
#1062 = CARTESIAN_POINT('',(4.200573992677,0.602941176471));
#1063 = CARTESIAN_POINT('',(4.173807855754,0.602941176471));
#1064 = CARTESIAN_POINT('',(4.146898747725,0.602941176471));
#1065 = CARTESIAN_POINT('',(4.119837351596,0.602941176471));
#1066 = CARTESIAN_POINT('',(4.092614482711,0.602941176471));
#1067 = CARTESIAN_POINT('',(4.02768525792,0.602941176471));
#1068 = CARTESIAN_POINT('',(3.989830883858,0.602941176471));
#1069 = CARTESIAN_POINT('',(3.951632895526,0.602941176471));
#1070 = CARTESIAN_POINT('',(3.913070499737,0.602941176471));
#1071 = CARTESIAN_POINT('',(3.874126688388,0.602941176471));
#1072 = CARTESIAN_POINT('',(3.834787940715,0.602941176471));
#1073 = CARTESIAN_POINT('',(3.761786364904,0.602941176471));
#1074 = CARTESIAN_POINT('',(3.72824631673,0.602941176471));
#1075 = CARTESIAN_POINT('',(3.694418882769,0.602941176471));
#1076 = CARTESIAN_POINT('',(3.660303215354,0.602941176471));
#1077 = CARTESIAN_POINT('',(3.625902388022,0.602941176471));
#1078 = CARTESIAN_POINT('',(3.591224195618,0.602941176471));
#1079 = CARTESIAN_POINT('',(3.537644847442,0.602941176471));
#1080 = CARTESIAN_POINT('',(3.518931891671,0.602941176471));
#1081 = CARTESIAN_POINT('',(3.500146240289,0.602941176471));
#1082 = CARTESIAN_POINT('',(3.481290494389,0.602941176471));
#1083 = CARTESIAN_POINT('',(3.462367710115,0.602941176471));
#1084 = CARTESIAN_POINT('',(3.443381476349,0.602941176471));
#1085 = CARTESIAN_POINT('',(3.384495670854,0.602941176471));
#1086 = CARTESIAN_POINT('',(3.344390504158,0.602941176471));
#1087 = CARTESIAN_POINT('',(3.304066652718,0.602941176471));
#1088 = CARTESIAN_POINT('',(3.263570748411,0.602941176471));
#1089 = CARTESIAN_POINT('',(3.222952604868,0.602941176471));
#1090 = CARTESIAN_POINT('',(3.182269588973,0.602941176471));
#1091 = CARTESIAN_POINT('',(3.113672515354,0.602941176471));
#1092 = CARTESIAN_POINT('',(3.085751399393,0.602941176471));
#1093 = CARTESIAN_POINT('',(3.057850406146,0.602941176471));
#1094 = CARTESIAN_POINT('',(3.029988623512,0.602941176471));
#1095 = CARTESIAN_POINT('',(3.002183825842,0.602941176471));
#1096 = CARTESIAN_POINT('',(2.974453172941,0.602941176471));
#1097 = CARTESIAN_POINT('',(2.914934285255,0.602941176471));
#1098 = CARTESIAN_POINT('',(2.883173934517,0.602941176471));
#1099 = CARTESIAN_POINT('',(2.851558820615,0.602941176471));
#1100 = CARTESIAN_POINT('',(2.820109220871,0.602941176471));
#1101 = CARTESIAN_POINT('',(2.788841435553,0.602941176471));
#1102 = CARTESIAN_POINT('',(2.757768860546,0.602941176471));
#1103 = CARTESIAN_POINT('',(2.691961111562,0.602941176471));
#1104 = CARTESIAN_POINT('',(2.657282919158,0.602941176471));
#1105 = CARTESIAN_POINT('',(2.622882091826,0.602941176471));
#1106 = CARTESIAN_POINT('',(2.58876642441,0.602941176471));
#1107 = CARTESIAN_POINT('',(2.55493899045,0.602941176471));
#1108 = CARTESIAN_POINT('',(2.521398942276,0.602941176471));
#1109 = CARTESIAN_POINT('',(2.448397366465,0.602941176471));
#1110 = CARTESIAN_POINT('',(2.409058618792,0.602941176471));
#1111 = CARTESIAN_POINT('',(2.370114807443,0.602941176471));
#1112 = CARTESIAN_POINT('',(2.331552411653,0.602941176471));
#1113 = CARTESIAN_POINT('',(2.293354423322,0.602941176471));
#1114 = CARTESIAN_POINT('',(2.255500049259,0.602941176471));
#1115 = CARTESIAN_POINT('',(2.190570824469,0.602941176471));
#1116 = CARTESIAN_POINT('',(2.163347955584,0.602941176471));
#1117 = CARTESIAN_POINT('',(2.136286559455,0.602941176471));
#1118 = CARTESIAN_POINT('',(2.109377451426,0.602941176471));
#1119 = CARTESIAN_POINT('',(2.082611314503,0.602941176471));
#1120 = CARTESIAN_POINT('',(2.055978504337,0.602941176471));
#1121 = CARTESIAN_POINT('',(2.010446813845,0.602941176471));
#1122 = CARTESIAN_POINT('',(1.9914883132,0.602941176471));
#1123 = CARTESIAN_POINT('',(1.972589730077,0.602941176471));
#1124 = CARTESIAN_POINT('',(1.953747437528,0.602941176471));
#1125 = CARTESIAN_POINT('',(1.934957803867,0.602941176471));
#1126 = CARTESIAN_POINT('',(1.916217192668,0.602941176471));
#1127 = CARTESIAN_POINT('',(1.850267664843,0.602941176471));
#1128 = CARTESIAN_POINT('',(1.803306114098,0.602941176471));
#1129 = CARTESIAN_POINT('',(1.756573739104,0.602941176471));
#1130 = CARTESIAN_POINT('',(1.71001308245,0.602941176471));
#1131 = CARTESIAN_POINT('',(1.663568780562,0.602941176471));
#1132 = CARTESIAN_POINT('',(1.617183856649,0.602941176471));
#1133 = CARTESIAN_POINT('',(1.524408796933,0.602941176471));
#1134 = CARTESIAN_POINT('',(1.478023873017,0.602941176471));
#1135 = CARTESIAN_POINT('',(1.431579571129,0.602941176471));
#1136 = CARTESIAN_POINT('',(1.385018914478,0.602941176471));
#1137 = CARTESIAN_POINT('',(1.338286539488,0.602941176471));
#1138 = CARTESIAN_POINT('',(1.291324988746,0.602941176471));
#1139 = CARTESIAN_POINT('',(1.225375460923,0.602941176471));
#1140 = CARTESIAN_POINT('',(1.206634849724,0.602941176471));
#1141 = CARTESIAN_POINT('',(1.187845216063,0.602941176471));
#1142 = CARTESIAN_POINT('',(1.169002923514,0.602941176471));
#1143 = CARTESIAN_POINT('',(1.15010434039,0.602941176471));
#1144 = CARTESIAN_POINT('',(1.131145839746,0.602941176471));
#1145 = CARTESIAN_POINT('',(1.08561414925,0.602941176471));
#1146 = CARTESIAN_POINT('',(1.058981339081,0.602941176471));
#1147 = CARTESIAN_POINT('',(1.032215202156,0.602941176471));
#1148 = CARTESIAN_POINT('',(1.005306094126,0.602941176471));
#1149 = CARTESIAN_POINT('',(0.978244697998,0.602941176471));
#1150 = CARTESIAN_POINT('',(0.951021829116,0.602941176471));
#1151 = CARTESIAN_POINT('',(0.886092604328,0.602941176471));
#1152 = CARTESIAN_POINT('',(0.848238230266,0.602941176471));
#1153 = CARTESIAN_POINT('',(0.810040241942,0.602941176471));
#1154 = CARTESIAN_POINT('',(0.771477846162,0.602941176471));
#1155 = CARTESIAN_POINT('',(0.732534034823,0.602941176471));
#1156 = CARTESIAN_POINT('',(0.693195287149,0.602941176471));
#1157 = CARTESIAN_POINT('',(0.620193711388,0.602941176471));
#1158 = CARTESIAN_POINT('',(0.586653663275,0.602941176471));
#1159 = CARTESIAN_POINT('',(0.552826229354,0.602941176471));
#1160 = CARTESIAN_POINT('',(0.518710561947,0.602941176471));
#1161 = CARTESIAN_POINT('',(0.484309734587,0.602941176471));
#1162 = CARTESIAN_POINT('',(0.449631542118,0.602941176471));
#1163 = CARTESIAN_POINT('',(0.357072386085,0.602941176471));
#1164 = CARTESIAN_POINT('',(0.298711128668,0.602941176471));
#1165 = CARTESIAN_POINT('',(0.239712057739,0.602941176471));
#1166 = CARTESIAN_POINT('',(0.180185445832,0.602941176471));
#1167 = CARTESIAN_POINT('',(0.120262946726,0.602941176471));
#1168 = CARTESIAN_POINT('',(6.011294710324E-02,0.602941176471));
#1169 = CARTESIAN_POINT('',(0.,0.602941176471));
#1170 = ( GEOMETRIC_REPRESENTATION_CONTEXT(2) 
PARAMETRIC_REPRESENTATION_CONTEXT() REPRESENTATION_CONTEXT('2D SPACE',''
  ) );
#1171 = PCURVE('',#1172,#1177);
#1172 = PLANE('',#1173);
#1173 = AXIS2_PLACEMENT_3D('',#1174,#1175,#1176);
#1174 = CARTESIAN_POINT('',(-90.,-80.,59.));
#1175 = DIRECTION('',(0.,0.,1.));
#1176 = DIRECTION('',(1.,0.,0.));
#1177 = DEFINITIONAL_REPRESENTATION('',(#1178),#1337);
#1178 = B_SPLINE_CURVE_WITH_KNOTS('',7,(#1179,#1180,#1181,#1182,#1183,
    #1184,#1185,#1186,#1187,#1188,#1189,#1190,#1191,#1192,#1193,#1194,
    #1195,#1196,#1197,#1198,#1199,#1200,#1201,#1202,#1203,#1204,#1205,
    #1206,#1207,#1208,#1209,#1210,#1211,#1212,#1213,#1214,#1215,#1216,
    #1217,#1218,#1219,#1220,#1221,#1222,#1223,#1224,#1225,#1226,#1227,
    #1228,#1229,#1230,#1231,#1232,#1233,#1234,#1235,#1236,#1237,#1238,
    #1239,#1240,#1241,#1242,#1243,#1244,#1245,#1246,#1247,#1248,#1249,
    #1250,#1251,#1252,#1253,#1254,#1255,#1256,#1257,#1258,#1259,#1260,
    #1261,#1262,#1263,#1264,#1265,#1266,#1267,#1268,#1269,#1270,#1271,
    #1272,#1273,#1274,#1275,#1276,#1277,#1278,#1279,#1280,#1281,#1282,
    #1283,#1284,#1285,#1286,#1287,#1288,#1289,#1290,#1291,#1292,#1293,
    #1294,#1295,#1296,#1297,#1298,#1299,#1300,#1301,#1302,#1303,#1304,
    #1305,#1306,#1307,#1308,#1309,#1310,#1311,#1312,#1313,#1314,#1315,
    #1316,#1317,#1318,#1319,#1320,#1321,#1322,#1323,#1324,#1325,#1326,
    #1327,#1328,#1329,#1330,#1331,#1332,#1333,#1334,#1335,#1336),
  .UNSPECIFIED.,.F.,.F.,(8,6,6,6,6,6,6,6,6,6,6,6,6,6,6,6,6,6,6,6,6,6,6,6
    ,6,6,8),(0.,5.953977202257E-02,9.564660265181E-02,0.138795600995,
    0.170285834173,0.192881699609,0.249995292913,0.307108886208,
    0.32970475164,0.361194984809,0.404343983128,0.440450813839,
    0.459710549438,0.49999905363,0.527652577568,0.559548649195,
    0.595655523925,0.638804574849,0.670294846408,0.692890739388,
    0.750004402312,0.807118065245,0.829713958228,0.861204229796,
    0.904353280743,0.940460155391,1.),.UNSPECIFIED.);
#1179 = CARTESIAN_POINT('',(138.0294117647,80.));
#1180 = CARTESIAN_POINT('',(138.0294120116,77.677695578608));
#1181 = CARTESIAN_POINT('',(137.82692666218,75.353958407847));
#1182 = CARTESIAN_POINT('',(137.42151546042,73.052721970268));
#1183 = CARTESIAN_POINT('',(136.81984263294,70.794253951646));
#1184 = CARTESIAN_POINT('',(136.03259012694,68.595841397285));
#1185 = CARTESIAN_POINT('',(135.07347905686,66.472023616913));
#1186 = CARTESIAN_POINT('',(133.28233336776,63.19932427413));
#1187 = CARTESIAN_POINT('',(132.548649213,61.995346256328));
#1188 = CARTESIAN_POINT('',(131.76076630994,60.825208787925));
#1189 = CARTESIAN_POINT('',(130.92210695049,59.690768947915));
#1190 = CARTESIAN_POINT('',(130.03607484347,58.593459416416));
#1191 = CARTESIAN_POINT('',(129.10596372076,57.53435521543));
#1192 = CARTESIAN_POINT('',(126.97442572606,55.295125946755));
#1193 = CARTESIAN_POINT('',(125.75551184721,54.131739652713));
#1194 = CARTESIAN_POINT('',(124.48343314374,53.025307937367));
#1195 = CARTESIAN_POINT('',(123.16320646057,51.976603086695));
#1196 = CARTESIAN_POINT('',(121.79951280382,50.986012483412));
#1197 = CARTESIAN_POINT('',(120.39662764514,50.053626038532));
#1198 = CARTESIAN_POINT('',(117.90869467686,48.541256134838));
#1199 = CARTESIAN_POINT('',(116.84022747853,47.934147664467));
#1200 = CARTESIAN_POINT('',(115.75445024765,47.357960236411));
#1201 = CARTESIAN_POINT('',(114.65278459046,46.812622775233));
#1202 = CARTESIAN_POINT('',(113.53656974205,46.298037964621));
#1203 = CARTESIAN_POINT('',(112.40705920559,45.814089106561));
#1204 = CARTESIAN_POINT('',(110.44623015122,45.035278635955));
#1205 = CARTESIAN_POINT('',(109.62080331896,44.725620825273));
#1206 = CARTESIAN_POINT('',(108.78957103009,44.431626479605));
#1207 = CARTESIAN_POINT('',(107.95295207055,44.153249148106));
#1208 = CARTESIAN_POINT('',(107.11134987691,43.890442997948));
#1209 = CARTESIAN_POINT('',(106.26515253641,43.643162814312));
#1210 = CARTESIAN_POINT('',(103.26520185022,42.8254670786));
#1211 = CARTESIAN_POINT('',(101.08883187503,42.338518132082));
#1212 = CARTESIAN_POINT('',(98.891460151687,41.949739604036));
#1213 = CARTESIAN_POINT('',(96.678670412048,41.658579556222));
#1214 = CARTESIAN_POINT('',(94.455805272745,41.464631234388));
#1215 = CARTESIAN_POINT('',(92.227966057544,41.367647065325));
#1216 = CARTESIAN_POINT('',(87.772033940515,41.367647064859));
#1217 = CARTESIAN_POINT('',(85.544194725637,41.464631233424));
#1218 = CARTESIAN_POINT('',(83.321329586658,41.65857955495));
#1219 = CARTESIAN_POINT('',(81.108539847388,41.94973960287));
#1220 = CARTESIAN_POINT('',(78.911168124493,42.338518131508));
#1221 = CARTESIAN_POINT('',(76.734798149857,42.825467078965));
#1222 = CARTESIAN_POINT('',(73.73484746458,43.64316281604));
#1223 = CARTESIAN_POINT('',(72.888650124342,43.890443000071));
#1224 = CARTESIAN_POINT('',(72.047047930974,44.153249150616));
#1225 = CARTESIAN_POINT('',(71.210428971702,44.431626482469));
#1226 = CARTESIAN_POINT('',(70.379196683097,44.725620828441));
#1227 = CARTESIAN_POINT('',(69.553769851074,45.035278639354));
#1228 = CARTESIAN_POINT('',(67.592940797323,45.814089110239));
#1229 = CARTESIAN_POINT('',(66.463430261204,46.298037968254));
#1230 = CARTESIAN_POINT('',(65.347215413033,46.812622778581));
#1231 = CARTESIAN_POINT('',(64.245549755948,47.357960239194));
#1232 = CARTESIAN_POINT('',(63.159772524995,47.93414766638));
#1233 = CARTESIAN_POINT('',(62.0913053264,48.541256135587));
#1234 = CARTESIAN_POINT('',(59.603372357394,50.053626035702));
#1235 = CARTESIAN_POINT('',(58.200487198113,50.986012477915));
#1236 = CARTESIAN_POINT('',(56.836793540326,51.976603078148));
#1237 = CARTESIAN_POINT('',(55.516566855809,53.025307925663));
#1238 = CARTESIAN_POINT('',(54.244488150986,54.131739638092));
#1239 = CARTESIAN_POINT('',(53.025574271128,55.295125929791));
#1240 = CARTESIAN_POINT('',(50.894036273174,57.534355198533));
#1241 = CARTESIAN_POINT('',(49.96392514819,58.593459401926));
#1242 = CARTESIAN_POINT('',(49.07789303991,59.690768936666));
#1243 = CARTESIAN_POINT('',(48.239233680416,60.825208780755));
#1244 = CARTESIAN_POINT('',(47.451350778553,61.995346253951));
#1245 = CARTESIAN_POINT('',(46.717666626,63.199324276959));
#1246 = CARTESIAN_POINT('',(45.680833466226,65.093778598951));
#1247 = CARTESIAN_POINT('',(45.336527680853,65.761737893442));
#1248 = CARTESIAN_POINT('',(45.00909237841,66.438293204549));
#1249 = CARTESIAN_POINT('',(44.699021934076,67.123046921633));
#1250 = CARTESIAN_POINT('',(44.406794181334,67.815562168738));
#1251 = CARTESIAN_POINT('',(44.132864375213,68.515360091198));
#1252 = CARTESIAN_POINT('',(43.343807863696,70.699929377364));
#1253 = CARTESIAN_POINT('',(42.891815563052,72.20772651988));
#1254 = CARTESIAN_POINT('',(42.525733124397,73.740239121277));
#1255 = CARTESIAN_POINT('',(42.248782384872,75.291947254576));
#1256 = CARTESIAN_POINT('',(42.063303969073,76.856873053315));
#1257 = CARTESIAN_POINT('',(41.970588076808,78.428554433706));
#1258 = CARTESIAN_POINT('',(41.970587851341,81.078620512637));
#1259 = CARTESIAN_POINT('',(42.014269799676,82.15727932747));
#1260 = CARTESIAN_POINT('',(42.101635195563,83.23378646545));
#1261 = CARTESIAN_POINT('',(42.232412136421,84.306032387328));
#1262 = CARTESIAN_POINT('',(42.406074827489,85.371985959125));
#1263 = CARTESIAN_POINT('',(42.621862705283,86.429692417605));
#1264 = CARTESIAN_POINT('',(43.175154625422,88.685567561752));
#1265 = CARTESIAN_POINT('',(43.526272651131,89.88047748149));
#1266 = CARTESIAN_POINT('',(43.930666567423,91.059130207585));
#1267 = CARTESIAN_POINT('',(44.386514375797,92.219004113437));
#1268 = CARTESIAN_POINT('',(44.891761577804,93.3578877579));
#1269 = CARTESIAN_POINT('',(45.444197405478,94.473850616646));
#1270 = CARTESIAN_POINT('',(46.717666625993,96.800675723029));
#1271 = CARTESIAN_POINT('',(47.45135077855,98.004653746045));
#1272 = CARTESIAN_POINT('',(48.239233680408,99.174791219234));
#1273 = CARTESIAN_POINT('',(49.077893039901,100.30923106332));
#1274 = CARTESIAN_POINT('',(49.963925148185,101.40654059806));
#1275 = CARTESIAN_POINT('',(50.894036273165,102.46564480145));
#1276 = CARTESIAN_POINT('',(53.02557427112,104.7048740702));
#1277 = CARTESIAN_POINT('',(54.244488150976,105.8682603619));
#1278 = CARTESIAN_POINT('',(55.516566855799,106.97469207433));
#1279 = CARTESIAN_POINT('',(56.836793540318,108.02339692184));
#1280 = CARTESIAN_POINT('',(58.200487198104,109.01398752207));
#1281 = CARTESIAN_POINT('',(59.603372357384,109.94637396429));
#1282 = CARTESIAN_POINT('',(62.09130532639,111.4587438644));
#1283 = CARTESIAN_POINT('',(63.159772524984,112.06585233361));
#1284 = CARTESIAN_POINT('',(64.245549755938,112.6420397608));
#1285 = CARTESIAN_POINT('',(65.347215413023,113.18737722141));
#1286 = CARTESIAN_POINT('',(66.463430261193,113.70196203174));
#1287 = CARTESIAN_POINT('',(67.592940797313,114.18591088975));
#1288 = CARTESIAN_POINT('',(69.553769851063,114.96472136064));
#1289 = CARTESIAN_POINT('',(70.379196683087,115.27437917155));
#1290 = CARTESIAN_POINT('',(71.210428971691,115.56837351752));
#1291 = CARTESIAN_POINT('',(72.047047930963,115.84675084938));
#1292 = CARTESIAN_POINT('',(72.888650124331,116.10955699992));
#1293 = CARTESIAN_POINT('',(73.734847464568,116.35683718395));
#1294 = CARTESIAN_POINT('',(76.734798149845,117.17453292103));
#1295 = CARTESIAN_POINT('',(78.911168124485,117.66148186849));
#1296 = CARTESIAN_POINT('',(81.108539847375,118.05026039712));
#1297 = CARTESIAN_POINT('',(83.321329586645,118.34142044504));
#1298 = CARTESIAN_POINT('',(85.544194725629,118.53536876658));
#1299 = CARTESIAN_POINT('',(87.772033940503,118.63235293513));
#1300 = CARTESIAN_POINT('',(92.227966057535,118.63235293467));
#1301 = CARTESIAN_POINT('',(94.455805272731,118.53536876561));
#1302 = CARTESIAN_POINT('',(96.678670412041,118.34142044377));
#1303 = CARTESIAN_POINT('',(98.891460151679,118.05026039596));
#1304 = CARTESIAN_POINT('',(101.08883187501,117.66148186792));
#1305 = CARTESIAN_POINT('',(103.26520185021,117.1745329214));
#1306 = CARTESIAN_POINT('',(106.2651525364,116.35683718569));
#1307 = CARTESIAN_POINT('',(107.1113498769,116.10955700205));
#1308 = CARTESIAN_POINT('',(107.95295207054,115.84675085189));
#1309 = CARTESIAN_POINT('',(108.78957103008,115.56837352039));
#1310 = CARTESIAN_POINT('',(109.62080331895,115.27437917473));
#1311 = CARTESIAN_POINT('',(110.44623015121,114.96472136404));
#1312 = CARTESIAN_POINT('',(112.40705920558,114.18591089344));
#1313 = CARTESIAN_POINT('',(113.53656974204,113.70196203538));
#1314 = CARTESIAN_POINT('',(114.65278459046,113.18737722477));
#1315 = CARTESIAN_POINT('',(115.75445024764,112.64203976359));
#1316 = CARTESIAN_POINT('',(116.84022747853,112.06585233553));
#1317 = CARTESIAN_POINT('',(117.90869467685,111.45874386516));
#1318 = CARTESIAN_POINT('',(120.39662764513,109.94637396147));
#1319 = CARTESIAN_POINT('',(121.79951280381,109.01398751659));
#1320 = CARTESIAN_POINT('',(123.16320646056,108.0233969133));
#1321 = CARTESIAN_POINT('',(124.48343314374,106.97469206263));
#1322 = CARTESIAN_POINT('',(125.7555118472,105.86826034729));
#1323 = CARTESIAN_POINT('',(126.97442572605,104.70487405324));
#1324 = CARTESIAN_POINT('',(129.10596372076,102.46564478457));
#1325 = CARTESIAN_POINT('',(130.03607484346,101.40654058358));
#1326 = CARTESIAN_POINT('',(130.92210695049,100.30923105209));
#1327 = CARTESIAN_POINT('',(131.76076630994,99.174791212082));
#1328 = CARTESIAN_POINT('',(132.54864921298,98.004653743674));
#1329 = CARTESIAN_POINT('',(133.28233336776,96.800675725876));
#1330 = CARTESIAN_POINT('',(135.07347905685,93.527976383103));
#1331 = CARTESIAN_POINT('',(136.03259012696,91.404158602681));
#1332 = CARTESIAN_POINT('',(136.81984263289,89.205746048416));
#1333 = CARTESIAN_POINT('',(137.42151546046,86.947278029686));
#1334 = CARTESIAN_POINT('',(137.82692666216,84.646041592177));
#1335 = CARTESIAN_POINT('',(138.0294120116,82.322304421388));
#1336 = CARTESIAN_POINT('',(138.0294117647,80.));
#1337 = ( GEOMETRIC_REPRESENTATION_CONTEXT(2) 
PARAMETRIC_REPRESENTATION_CONTEXT() REPRESENTATION_CONTEXT('2D SPACE',''
  ) );
#1338 = ORIENTED_EDGE('',*,*,#826,.F.);
#1339 = ADVANCED_FACE('',(#1340),#633,.F.);
#1340 = FACE_BOUND('',#1341,.T.);
#1341 = EDGE_LOOP('',(#1342,#1365,#1366,#1367));
#1342 = ORIENTED_EDGE('',*,*,#1343,.F.);
#1343 = EDGE_CURVE('',#593,#1344,#1346,.T.);
#1344 = VERTEX_POINT('',#1345);
#1345 = CARTESIAN_POINT('',(-10.,-11.,16.5));
#1346 = SURFACE_CURVE('',#1347,(#1351,#1358),.PCURVE_S1.);
#1347 = LINE('',#1348,#1349);
#1348 = CARTESIAN_POINT('',(-10.,-11.,-10.));
#1349 = VECTOR('',#1350,1.);
#1350 = DIRECTION('',(0.,0.,1.));
#1351 = PCURVE('',#633,#1352);
#1352 = DEFINITIONAL_REPRESENTATION('',(#1353),#1357);
#1353 = LINE('',#1354,#1355);
#1354 = CARTESIAN_POINT('',(-0.,0.));
#1355 = VECTOR('',#1356,1.);
#1356 = DIRECTION('',(-0.,1.));
#1357 = ( GEOMETRIC_REPRESENTATION_CONTEXT(2) 
PARAMETRIC_REPRESENTATION_CONTEXT() REPRESENTATION_CONTEXT('2D SPACE',''
  ) );
#1358 = PCURVE('',#607,#1359);
#1359 = DEFINITIONAL_REPRESENTATION('',(#1360),#1364);
#1360 = LINE('',#1361,#1362);
#1361 = CARTESIAN_POINT('',(0.,-2.));
#1362 = VECTOR('',#1363,1.);
#1363 = DIRECTION('',(1.,0.));
#1364 = ( GEOMETRIC_REPRESENTATION_CONTEXT(2) 
PARAMETRIC_REPRESENTATION_CONTEXT() REPRESENTATION_CONTEXT('2D SPACE',''
  ) );
#1365 = ORIENTED_EDGE('',*,*,#618,.F.);
#1366 = ORIENTED_EDGE('',*,*,#700,.T.);
#1367 = ORIENTED_EDGE('',*,*,#1368,.F.);
#1368 = EDGE_CURVE('',#1344,#673,#1369,.T.);
#1369 = SURFACE_CURVE('',#1370,(#1375,#1382),.PCURVE_S1.);
#1370 = CIRCLE('',#1371,2.);
#1371 = AXIS2_PLACEMENT_3D('',#1372,#1373,#1374);
#1372 = CARTESIAN_POINT('',(-12.,-11.,16.5));
#1373 = DIRECTION('',(-0.,-0.,-1.));
#1374 = DIRECTION('',(0.,-1.,0.));
#1375 = PCURVE('',#633,#1376);
#1376 = DEFINITIONAL_REPRESENTATION('',(#1377),#1381);
#1377 = LINE('',#1378,#1379);
#1378 = CARTESIAN_POINT('',(4.712388980385,26.5));
#1379 = VECTOR('',#1380,1.);
#1380 = DIRECTION('',(-1.,0.));
#1381 = ( GEOMETRIC_REPRESENTATION_CONTEXT(2) 
PARAMETRIC_REPRESENTATION_CONTEXT() REPRESENTATION_CONTEXT('2D SPACE',''
  ) );
#1382 = PCURVE('',#688,#1383);
#1383 = DEFINITIONAL_REPRESENTATION('',(#1384),#1392);
#1384 = ( BOUNDED_CURVE() B_SPLINE_CURVE(2,(#1385,#1386,#1387,#1388,
#1389,#1390,#1391),.UNSPECIFIED.,.T.,.F.) B_SPLINE_CURVE_WITH_KNOTS((1,2
    ,2,2,2,1),(-2.094395102393,0.,2.094395102393,4.188790204786,
6.28318530718,8.377580409573),.UNSPECIFIED.) CURVE() 
GEOMETRIC_REPRESENTATION_ITEM() RATIONAL_B_SPLINE_CURVE((1.,0.5,1.,0.5,
1.,0.5,1.)) REPRESENTATION_ITEM('') );
#1385 = CARTESIAN_POINT('',(14.,0.));
#1386 = CARTESIAN_POINT('',(10.535898384862,0.));
#1387 = CARTESIAN_POINT('',(12.267949192431,3.));
#1388 = CARTESIAN_POINT('',(14.,6.));
#1389 = CARTESIAN_POINT('',(15.732050807569,3.));
#1390 = CARTESIAN_POINT('',(17.464101615138,3.10862446895E-15));
#1391 = CARTESIAN_POINT('',(14.,0.));
#1392 = ( GEOMETRIC_REPRESENTATION_CONTEXT(2) 
PARAMETRIC_REPRESENTATION_CONTEXT() REPRESENTATION_CONTEXT('2D SPACE',''
  ) );
#1393 = ADVANCED_FACE('',(#1394),#607,.F.);
#1394 = FACE_BOUND('',#1395,.F.);
#1395 = EDGE_LOOP('',(#1396,#1419,#1420,#1421));
#1396 = ORIENTED_EDGE('',*,*,#1397,.F.);
#1397 = EDGE_CURVE('',#1344,#1398,#1400,.T.);
#1398 = VERTEX_POINT('',#1399);
#1399 = CARTESIAN_POINT('',(-10.,-5.,16.5));
#1400 = SURFACE_CURVE('',#1401,(#1405,#1412),.PCURVE_S1.);
#1401 = LINE('',#1402,#1403);
#1402 = CARTESIAN_POINT('',(-10.,-13.,16.5));
#1403 = VECTOR('',#1404,1.);
#1404 = DIRECTION('',(0.,1.,0.));
#1405 = PCURVE('',#607,#1406);
#1406 = DEFINITIONAL_REPRESENTATION('',(#1407),#1411);
#1407 = LINE('',#1408,#1409);
#1408 = CARTESIAN_POINT('',(26.5,0.));
#1409 = VECTOR('',#1410,1.);
#1410 = DIRECTION('',(0.,-1.));
#1411 = ( GEOMETRIC_REPRESENTATION_CONTEXT(2) 
PARAMETRIC_REPRESENTATION_CONTEXT() REPRESENTATION_CONTEXT('2D SPACE',''
  ) );
#1412 = PCURVE('',#688,#1413);
#1413 = DEFINITIONAL_REPRESENTATION('',(#1414),#1418);
#1414 = LINE('',#1415,#1416);
#1415 = CARTESIAN_POINT('',(16.,0.));
#1416 = VECTOR('',#1417,1.);
#1417 = DIRECTION('',(0.,1.));
#1418 = ( GEOMETRIC_REPRESENTATION_CONTEXT(2) 
PARAMETRIC_REPRESENTATION_CONTEXT() REPRESENTATION_CONTEXT('2D SPACE',''
  ) );
#1419 = ORIENTED_EDGE('',*,*,#1343,.F.);
#1420 = ORIENTED_EDGE('',*,*,#592,.T.);
#1421 = ORIENTED_EDGE('',*,*,#1422,.T.);
#1422 = EDGE_CURVE('',#564,#1398,#1423,.T.);
#1423 = SURFACE_CURVE('',#1424,(#1428,#1435),.PCURVE_S1.);
#1424 = LINE('',#1425,#1426);
#1425 = CARTESIAN_POINT('',(-10.,-5.,-10.));
#1426 = VECTOR('',#1427,1.);
#1427 = DIRECTION('',(0.,0.,1.));
#1428 = PCURVE('',#607,#1429);
#1429 = DEFINITIONAL_REPRESENTATION('',(#1430),#1434);
#1430 = LINE('',#1431,#1432);
#1431 = CARTESIAN_POINT('',(0.,-8.));
#1432 = VECTOR('',#1433,1.);
#1433 = DIRECTION('',(1.,0.));
#1434 = ( GEOMETRIC_REPRESENTATION_CONTEXT(2) 
PARAMETRIC_REPRESENTATION_CONTEXT() REPRESENTATION_CONTEXT('2D SPACE',''
  ) );
#1435 = PCURVE('',#580,#1436);
#1436 = DEFINITIONAL_REPRESENTATION('',(#1437),#1441);
#1437 = LINE('',#1438,#1439);
#1438 = CARTESIAN_POINT('',(0.,0.));
#1439 = VECTOR('',#1440,1.);
#1440 = DIRECTION('',(0.,1.));
#1441 = ( GEOMETRIC_REPRESENTATION_CONTEXT(2) 
PARAMETRIC_REPRESENTATION_CONTEXT() REPRESENTATION_CONTEXT('2D SPACE',''
  ) );
#1442 = ADVANCED_FACE('',(#1443),#580,.F.);
#1443 = FACE_BOUND('',#1444,.F.);
#1444 = EDGE_LOOP('',(#1445,#1446,#1447,#1470));
#1445 = ORIENTED_EDGE('',*,*,#1422,.F.);
#1446 = ORIENTED_EDGE('',*,*,#563,.T.);
#1447 = ORIENTED_EDGE('',*,*,#1448,.T.);
#1448 = EDGE_CURVE('',#537,#1449,#1451,.T.);
#1449 = VERTEX_POINT('',#1450);
#1450 = CARTESIAN_POINT('',(-10.78678114093,-3.41,16.5));
#1451 = SURFACE_CURVE('',#1452,(#1456,#1463),.PCURVE_S1.);
#1452 = LINE('',#1453,#1454);
#1453 = CARTESIAN_POINT('',(-10.78678114093,-3.41,12.));
#1454 = VECTOR('',#1455,1.);
#1455 = DIRECTION('',(-3.947459643112E-16,0.,1.));
#1456 = PCURVE('',#580,#1457);
#1457 = DEFINITIONAL_REPRESENTATION('',(#1458),#1462);
#1458 = LINE('',#1459,#1460);
#1459 = CARTESIAN_POINT('',(0.919007579502,22.));
#1460 = VECTOR('',#1461,1.);
#1461 = DIRECTION('',(0.,1.));
#1462 = ( GEOMETRIC_REPRESENTATION_CONTEXT(2) 
PARAMETRIC_REPRESENTATION_CONTEXT() REPRESENTATION_CONTEXT('2D SPACE',''
  ) );
#1463 = PCURVE('',#552,#1464);
#1464 = DEFINITIONAL_REPRESENTATION('',(#1465),#1469);
#1465 = LINE('',#1466,#1467);
#1466 = CARTESIAN_POINT('',(18.437780049312,-10.78678114093));
#1467 = VECTOR('',#1468,1.);
#1468 = DIRECTION('',(-1.,-3.947459643112E-16));
#1469 = ( GEOMETRIC_REPRESENTATION_CONTEXT(2) 
PARAMETRIC_REPRESENTATION_CONTEXT() REPRESENTATION_CONTEXT('2D SPACE',''
  ) );
#1470 = ORIENTED_EDGE('',*,*,#1471,.F.);
#1471 = EDGE_CURVE('',#1398,#1449,#1472,.T.);
#1472 = SURFACE_CURVE('',#1473,(#1478,#1485),.PCURVE_S1.);
#1473 = CIRCLE('',#1474,2.);
#1474 = AXIS2_PLACEMENT_3D('',#1475,#1476,#1477);
#1475 = CARTESIAN_POINT('',(-12.,-5.,16.5));
#1476 = DIRECTION('',(0.,0.,1.));
#1477 = DIRECTION('',(0.,-1.,0.));
#1478 = PCURVE('',#580,#1479);
#1479 = DEFINITIONAL_REPRESENTATION('',(#1480),#1484);
#1480 = LINE('',#1481,#1482);
#1481 = CARTESIAN_POINT('',(-1.570796326795,26.5));
#1482 = VECTOR('',#1483,1.);
#1483 = DIRECTION('',(1.,0.));
#1484 = ( GEOMETRIC_REPRESENTATION_CONTEXT(2) 
PARAMETRIC_REPRESENTATION_CONTEXT() REPRESENTATION_CONTEXT('2D SPACE',''
  ) );
#1485 = PCURVE('',#688,#1486);
#1486 = DEFINITIONAL_REPRESENTATION('',(#1487),#1491);
#1487 = CIRCLE('',#1488,2.);
#1488 = AXIS2_PLACEMENT_2D('',#1489,#1490);
#1489 = CARTESIAN_POINT('',(14.,8.));
#1490 = DIRECTION('',(0.,-1.));
#1491 = ( GEOMETRIC_REPRESENTATION_CONTEXT(2) 
PARAMETRIC_REPRESENTATION_CONTEXT() REPRESENTATION_CONTEXT('2D SPACE',''
  ) );
#1492 = ADVANCED_FACE('',(#1493),#552,.F.);
#1493 = FACE_BOUND('',#1494,.F.);
#1494 = EDGE_LOOP('',(#1495,#1496,#1497,#1525,#1553,#1586,#1614,#1640,
    #1668,#1697,#1725));
#1495 = ORIENTED_EDGE('',*,*,#1448,.F.);
#1496 = ORIENTED_EDGE('',*,*,#536,.T.);
#1497 = ORIENTED_EDGE('',*,*,#1498,.F.);
#1498 = EDGE_CURVE('',#1499,#510,#1501,.T.);
#1499 = VERTEX_POINT('',#1500);
#1500 = CARTESIAN_POINT('',(17.987310854772,-3.41,15.473457472436));
#1501 = SURFACE_CURVE('',#1502,(#1507,#1518),.PCURVE_S1.);
#1502 = CIRCLE('',#1503,2.4);
#1503 = AXIS2_PLACEMENT_3D('',#1504,#1505,#1506);
#1504 = CARTESIAN_POINT('',(16.092865533069,-3.41,14.));
#1505 = DIRECTION('',(-0.,1.,0.));
#1506 = DIRECTION('',(0.789352217376,0.,0.613940613515));
#1507 = PCURVE('',#552,#1508);
#1508 = DEFINITIONAL_REPRESENTATION('',(#1509),#1517);
#1509 = ( BOUNDED_CURVE() B_SPLINE_CURVE(2,(#1510,#1511,#1512,#1513,
#1514,#1515,#1516),.UNSPECIFIED.,.T.,.F.) B_SPLINE_CURVE_WITH_KNOTS((1,2
    ,2,2,2,1),(-2.094395102393,0.,2.094395102393,4.188790204786,
6.28318530718,8.377580409573),.UNSPECIFIED.) CURVE() 
GEOMETRIC_REPRESENTATION_ITEM() RATIONAL_B_SPLINE_CURVE((1.,0.5,1.,0.5,
1.,0.5,1.)) REPRESENTATION_ITEM('') );
#1510 = CARTESIAN_POINT('',(14.964322576877,17.987310854772));
#1511 = CARTESIAN_POINT('',(18.245598126228,20.539414059823));
#1512 = CARTESIAN_POINT('',(18.815146560206,16.421694474743));
#1513 = CARTESIAN_POINT('',(19.384694994184,12.303974889663));
#1514 = CARTESIAN_POINT('',(15.533871010855,13.869591269692));
#1515 = CARTESIAN_POINT('',(11.683047027526,15.435207649721));
#1516 = CARTESIAN_POINT('',(14.964322576877,17.987310854772));
#1517 = ( GEOMETRIC_REPRESENTATION_CONTEXT(2) 
PARAMETRIC_REPRESENTATION_CONTEXT() REPRESENTATION_CONTEXT('2D SPACE',''
  ) );
#1518 = PCURVE('',#525,#1519);
#1519 = DEFINITIONAL_REPRESENTATION('',(#1520),#1524);
#1520 = LINE('',#1521,#1522);
#1521 = CARTESIAN_POINT('',(2.231839495646,4.));
#1522 = VECTOR('',#1523,1.);
#1523 = DIRECTION('',(-1.,-0.));
#1524 = ( GEOMETRIC_REPRESENTATION_CONTEXT(2) 
PARAMETRIC_REPRESENTATION_CONTEXT() REPRESENTATION_CONTEXT('2D SPACE',''
  ) );
#1525 = ORIENTED_EDGE('',*,*,#1526,.T.);
#1526 = EDGE_CURVE('',#1499,#1527,#1529,.T.);
#1527 = VERTEX_POINT('',#1528);
#1528 = CARTESIAN_POINT('',(14.505554678297,-3.41,19.950001127904));
#1529 = SURFACE_CURVE('',#1530,(#1534,#1541),.PCURVE_S1.);
#1530 = LINE('',#1531,#1532);
#1531 = CARTESIAN_POINT('',(21.,-3.41,11.6));
#1532 = VECTOR('',#1533,1.);
#1533 = DIRECTION('',(-0.613940613515,0.,0.789352217376));
#1534 = PCURVE('',#552,#1535);
#1535 = DEFINITIONAL_REPRESENTATION('',(#1536),#1540);
#1536 = LINE('',#1537,#1538);
#1537 = CARTESIAN_POINT('',(18.837780049312,21.));
#1538 = VECTOR('',#1539,1.);
#1539 = DIRECTION('',(-0.789352217376,-0.613940613515));
#1540 = ( GEOMETRIC_REPRESENTATION_CONTEXT(2) 
PARAMETRIC_REPRESENTATION_CONTEXT() REPRESENTATION_CONTEXT('2D SPACE',''
  ) );
#1541 = PCURVE('',#1542,#1547);
#1542 = PLANE('',#1543);
#1543 = AXIS2_PLACEMENT_3D('',#1544,#1545,#1546);
#1544 = CARTESIAN_POINT('',(21.,-1.41,11.6));
#1545 = DIRECTION('',(-0.789352217376,-0.,-0.613940613515));
#1546 = DIRECTION('',(-0.613940613515,0.,0.789352217376));
#1547 = DEFINITIONAL_REPRESENTATION('',(#1548),#1552);
#1548 = LINE('',#1549,#1550);
#1549 = CARTESIAN_POINT('',(0.,-2.));
#1550 = VECTOR('',#1551,1.);
#1551 = DIRECTION('',(1.,0.));
#1552 = ( GEOMETRIC_REPRESENTATION_CONTEXT(2) 
PARAMETRIC_REPRESENTATION_CONTEXT() REPRESENTATION_CONTEXT('2D SPACE',''
  ) );
#1553 = ORIENTED_EDGE('',*,*,#1554,.T.);
#1554 = EDGE_CURVE('',#1527,#1555,#1557,.T.);
#1555 = VERTEX_POINT('',#1556);
#1556 = CARTESIAN_POINT('',(14.,-3.41,21.42345860034));
#1557 = SURFACE_CURVE('',#1558,(#1563,#1574),.PCURVE_S1.);
#1558 = CIRCLE('',#1559,2.4);
#1559 = AXIS2_PLACEMENT_3D('',#1560,#1561,#1562);
#1560 = CARTESIAN_POINT('',(16.4,-3.41,21.42345860034));
#1561 = DIRECTION('',(-0.,1.,0.));
#1562 = DIRECTION('',(0.,0.,-1.));
#1563 = PCURVE('',#552,#1564);
#1564 = DEFINITIONAL_REPRESENTATION('',(#1565),#1573);
#1565 = ( BOUNDED_CURVE() B_SPLINE_CURVE(2,(#1566,#1567,#1568,#1569,
#1570,#1571,#1572),.UNSPECIFIED.,.T.,.F.) B_SPLINE_CURVE_WITH_KNOTS((1,2
    ,2,2,2,1),(-2.094395102393,0.,2.094395102393,4.188790204786,
6.28318530718,8.377580409573),.UNSPECIFIED.) CURVE() 
GEOMETRIC_REPRESENTATION_ITEM() RATIONAL_B_SPLINE_CURVE((1.,0.5,1.,0.5,
1.,0.5,1.)) REPRESENTATION_ITEM('') );
#1566 = CARTESIAN_POINT('',(11.414321448973,16.4));
#1567 = CARTESIAN_POINT('',(11.414321448973,12.243078061835));
#1568 = CARTESIAN_POINT('',(7.814321448973,14.321539030917));
#1569 = CARTESIAN_POINT('',(4.214321448973,16.4));
#1570 = CARTESIAN_POINT('',(7.814321448973,18.478460969083));
#1571 = CARTESIAN_POINT('',(11.414321448973,20.556921938165));
#1572 = CARTESIAN_POINT('',(11.414321448973,16.4));
#1573 = ( GEOMETRIC_REPRESENTATION_CONTEXT(2) 
PARAMETRIC_REPRESENTATION_CONTEXT() REPRESENTATION_CONTEXT('2D SPACE',''
  ) );
#1574 = PCURVE('',#1575,#1580);
#1575 = CYLINDRICAL_SURFACE('',#1576,2.4);
#1576 = AXIS2_PLACEMENT_3D('',#1577,#1578,#1579);
#1577 = CARTESIAN_POINT('',(16.4,0.59,21.42345860034));
#1578 = DIRECTION('',(0.,-1.,0.));
#1579 = DIRECTION('',(-0.789352217376,-0.,-0.613940613515));
#1580 = DEFINITIONAL_REPRESENTATION('',(#1581),#1585);
#1581 = LINE('',#1582,#1583);
#1582 = CARTESIAN_POINT('',(0.909753157944,4.));
#1583 = VECTOR('',#1584,1.);
#1584 = DIRECTION('',(-1.,0.));
#1585 = ( GEOMETRIC_REPRESENTATION_CONTEXT(2) 
PARAMETRIC_REPRESENTATION_CONTEXT() REPRESENTATION_CONTEXT('2D SPACE',''
  ) );
#1586 = ORIENTED_EDGE('',*,*,#1587,.T.);
#1587 = EDGE_CURVE('',#1555,#1588,#1590,.T.);
#1588 = VERTEX_POINT('',#1589);
#1589 = CARTESIAN_POINT('',(14.,-3.41,24.7));
#1590 = SURFACE_CURVE('',#1591,(#1595,#1602),.PCURVE_S1.);
#1591 = LINE('',#1592,#1593);
#1592 = CARTESIAN_POINT('',(14.,-3.41,20.6));
#1593 = VECTOR('',#1594,1.);
#1594 = DIRECTION('',(0.,0.,1.));
#1595 = PCURVE('',#552,#1596);
#1596 = DEFINITIONAL_REPRESENTATION('',(#1597),#1601);
#1597 = LINE('',#1598,#1599);
#1598 = CARTESIAN_POINT('',(9.837780049312,14.));
#1599 = VECTOR('',#1600,1.);
#1600 = DIRECTION('',(-1.,0.));
#1601 = ( GEOMETRIC_REPRESENTATION_CONTEXT(2) 
PARAMETRIC_REPRESENTATION_CONTEXT() REPRESENTATION_CONTEXT('2D SPACE',''
  ) );
#1602 = PCURVE('',#1603,#1608);
#1603 = PLANE('',#1604);
#1604 = AXIS2_PLACEMENT_3D('',#1605,#1606,#1607);
#1605 = CARTESIAN_POINT('',(14.,-1.41,20.6));
#1606 = DIRECTION('',(-1.,0.,0.));
#1607 = DIRECTION('',(0.,0.,1.));
#1608 = DEFINITIONAL_REPRESENTATION('',(#1609),#1613);
#1609 = LINE('',#1610,#1611);
#1610 = CARTESIAN_POINT('',(0.,-2.));
#1611 = VECTOR('',#1612,1.);
#1612 = DIRECTION('',(1.,0.));
#1613 = ( GEOMETRIC_REPRESENTATION_CONTEXT(2) 
PARAMETRIC_REPRESENTATION_CONTEXT() REPRESENTATION_CONTEXT('2D SPACE',''
  ) );
#1614 = ORIENTED_EDGE('',*,*,#1615,.F.);
#1615 = EDGE_CURVE('',#1616,#1588,#1618,.T.);
#1616 = VERTEX_POINT('',#1617);
#1617 = CARTESIAN_POINT('',(-14.,-3.41,24.7));
#1618 = SURFACE_CURVE('',#1619,(#1623,#1629),.PCURVE_S1.);
#1619 = LINE('',#1620,#1621);
#1620 = CARTESIAN_POINT('',(0.734530216934,-3.41,24.7));
#1621 = VECTOR('',#1622,1.);
#1622 = DIRECTION('',(1.,0.,0.));
#1623 = PCURVE('',#552,#1624);
#1624 = DEFINITIONAL_REPRESENTATION('',(#1625),#1628);
#1625 = B_SPLINE_CURVE_WITH_KNOTS('',1,(#1626,#1627),.UNSPECIFIED.,.F.,
  .F.,(2,2),(-17.92341910582,17.758335316135),.PIECEWISE_BEZIER_KNOTS.);
#1626 = CARTESIAN_POINT('',(5.737780049312,-17.18888888888));
#1627 = CARTESIAN_POINT('',(5.737780049312,18.492865533069));
#1628 = ( GEOMETRIC_REPRESENTATION_CONTEXT(2) 
PARAMETRIC_REPRESENTATION_CONTEXT() REPRESENTATION_CONTEXT('2D SPACE',''
  ) );
#1629 = PCURVE('',#1630,#1635);
#1630 = PLANE('',#1631);
#1631 = AXIS2_PLACEMENT_3D('',#1632,#1633,#1634);
#1632 = CARTESIAN_POINT('',(1.469060433867,1.174049674228E-15,24.7));
#1633 = DIRECTION('',(0.,0.,1.));
#1634 = DIRECTION('',(1.,0.,-0.));
#1635 = DEFINITIONAL_REPRESENTATION('',(#1636),#1639);
#1636 = B_SPLINE_CURVE_WITH_KNOTS('',1,(#1637,#1638),.UNSPECIFIED.,.F.,
  .F.,(2,2),(-17.92341910582,17.758335316135),.PIECEWISE_BEZIER_KNOTS.);
#1637 = CARTESIAN_POINT('',(-18.65794932275,-3.41));
#1638 = CARTESIAN_POINT('',(17.023805099202,-3.41));
#1639 = ( GEOMETRIC_REPRESENTATION_CONTEXT(2) 
PARAMETRIC_REPRESENTATION_CONTEXT() REPRESENTATION_CONTEXT('2D SPACE',''
  ) );
#1640 = ORIENTED_EDGE('',*,*,#1641,.T.);
#1641 = EDGE_CURVE('',#1616,#1642,#1644,.T.);
#1642 = VERTEX_POINT('',#1643);
#1643 = CARTESIAN_POINT('',(-14.,-3.41,21.42345860034));
#1644 = SURFACE_CURVE('',#1645,(#1649,#1656),.PCURVE_S1.);
#1645 = LINE('',#1646,#1647);
#1646 = CARTESIAN_POINT('',(-14.,-3.41,54.));
#1647 = VECTOR('',#1648,1.);
#1648 = DIRECTION('',(0.,0.,-1.));
#1649 = PCURVE('',#552,#1650);
#1650 = DEFINITIONAL_REPRESENTATION('',(#1651),#1655);
#1651 = LINE('',#1652,#1653);
#1652 = CARTESIAN_POINT('',(-23.56221995068,-14.));
#1653 = VECTOR('',#1654,1.);
#1654 = DIRECTION('',(1.,0.));
#1655 = ( GEOMETRIC_REPRESENTATION_CONTEXT(2) 
PARAMETRIC_REPRESENTATION_CONTEXT() REPRESENTATION_CONTEXT('2D SPACE',''
  ) );
#1656 = PCURVE('',#1657,#1662);
#1657 = PLANE('',#1658);
#1658 = AXIS2_PLACEMENT_3D('',#1659,#1660,#1661);
#1659 = CARTESIAN_POINT('',(-14.,-1.41,54.));
#1660 = DIRECTION('',(1.,0.,0.));
#1661 = DIRECTION('',(0.,0.,-1.));
#1662 = DEFINITIONAL_REPRESENTATION('',(#1663),#1667);
#1663 = LINE('',#1664,#1665);
#1664 = CARTESIAN_POINT('',(0.,-2.));
#1665 = VECTOR('',#1666,1.);
#1666 = DIRECTION('',(1.,0.));
#1667 = ( GEOMETRIC_REPRESENTATION_CONTEXT(2) 
PARAMETRIC_REPRESENTATION_CONTEXT() REPRESENTATION_CONTEXT('2D SPACE',''
  ) );
#1668 = ORIENTED_EDGE('',*,*,#1669,.F.);
#1669 = EDGE_CURVE('',#1670,#1642,#1672,.T.);
#1670 = VERTEX_POINT('',#1671);
#1671 = CARTESIAN_POINT('',(-14.50555467829,-3.41,19.950001127904));
#1672 = SURFACE_CURVE('',#1673,(#1678,#1685),.PCURVE_S1.);
#1673 = CIRCLE('',#1674,2.4);
#1674 = AXIS2_PLACEMENT_3D('',#1675,#1676,#1677);
#1675 = CARTESIAN_POINT('',(-16.4,-3.41,21.42345860034));
#1676 = DIRECTION('',(-0.,-1.,0.));
#1677 = DIRECTION('',(0.,-0.,1.));
#1678 = PCURVE('',#552,#1679);
#1679 = DEFINITIONAL_REPRESENTATION('',(#1680),#1684);
#1680 = CIRCLE('',#1681,2.4);
#1681 = AXIS2_PLACEMENT_2D('',#1682,#1683);
#1682 = CARTESIAN_POINT('',(9.014321448973,-16.4));
#1683 = DIRECTION('',(-1.,0.));
#1684 = ( GEOMETRIC_REPRESENTATION_CONTEXT(2) 
PARAMETRIC_REPRESENTATION_CONTEXT() REPRESENTATION_CONTEXT('2D SPACE',''
  ) );
#1685 = PCURVE('',#1686,#1691);
#1686 = CYLINDRICAL_SURFACE('',#1687,2.4);
#1687 = AXIS2_PLACEMENT_3D('',#1688,#1689,#1690);
#1688 = CARTESIAN_POINT('',(-16.4,-3.41,21.42345860034));
#1689 = DIRECTION('',(0.,1.,0.));
#1690 = DIRECTION('',(0.789352217376,0.,-0.613940613515));
#1691 = DEFINITIONAL_REPRESENTATION('',(#1692),#1696);
#1692 = LINE('',#1693,#1694);
#1693 = CARTESIAN_POINT('',(4.051345811534,-0.));
#1694 = VECTOR('',#1695,1.);
#1695 = DIRECTION('',(-1.,0.));
#1696 = ( GEOMETRIC_REPRESENTATION_CONTEXT(2) 
PARAMETRIC_REPRESENTATION_CONTEXT() REPRESENTATION_CONTEXT('2D SPACE',''
  ) );
#1697 = ORIENTED_EDGE('',*,*,#1698,.T.);
#1698 = EDGE_CURVE('',#1670,#1699,#1701,.T.);
#1699 = VERTEX_POINT('',#1700);
#1700 = CARTESIAN_POINT('',(-17.18888888888,-3.41,16.5));
#1701 = SURFACE_CURVE('',#1702,(#1706,#1713),.PCURVE_S1.);
#1702 = LINE('',#1703,#1704);
#1703 = CARTESIAN_POINT('',(-14.,-3.41,20.6));
#1704 = VECTOR('',#1705,1.);
#1705 = DIRECTION('',(-0.613940613515,0.,-0.789352217376));
#1706 = PCURVE('',#552,#1707);
#1707 = DEFINITIONAL_REPRESENTATION('',(#1708),#1712);
#1708 = LINE('',#1709,#1710);
#1709 = CARTESIAN_POINT('',(9.837780049312,-14.));
#1710 = VECTOR('',#1711,1.);
#1711 = DIRECTION('',(0.789352217376,-0.613940613515));
#1712 = ( GEOMETRIC_REPRESENTATION_CONTEXT(2) 
PARAMETRIC_REPRESENTATION_CONTEXT() REPRESENTATION_CONTEXT('2D SPACE',''
  ) );
#1713 = PCURVE('',#1714,#1719);
#1714 = PLANE('',#1715);
#1715 = AXIS2_PLACEMENT_3D('',#1716,#1717,#1718);
#1716 = CARTESIAN_POINT('',(-14.,-1.41,20.6));
#1717 = DIRECTION('',(0.789352217376,0.,-0.613940613515));
#1718 = DIRECTION('',(-0.613940613515,0.,-0.789352217376));
#1719 = DEFINITIONAL_REPRESENTATION('',(#1720),#1724);
#1720 = LINE('',#1721,#1722);
#1721 = CARTESIAN_POINT('',(-0.,-2.));
#1722 = VECTOR('',#1723,1.);
#1723 = DIRECTION('',(1.,0.));
#1724 = ( GEOMETRIC_REPRESENTATION_CONTEXT(2) 
PARAMETRIC_REPRESENTATION_CONTEXT() REPRESENTATION_CONTEXT('2D SPACE',''
  ) );
#1725 = ORIENTED_EDGE('',*,*,#1726,.F.);
#1726 = EDGE_CURVE('',#1449,#1699,#1727,.T.);
#1727 = SURFACE_CURVE('',#1728,(#1732,#1738),.PCURVE_S1.);
#1728 = LINE('',#1729,#1730);
#1729 = CARTESIAN_POINT('',(-13.,-3.41,16.5));
#1730 = VECTOR('',#1731,1.);
#1731 = DIRECTION('',(-1.,0.,0.));
#1732 = PCURVE('',#552,#1733);
#1733 = DEFINITIONAL_REPRESENTATION('',(#1734),#1737);
#1734 = B_SPLINE_CURVE_WITH_KNOTS('',1,(#1735,#1736),.UNSPECIFIED.,.F.,
  .F.,(2,2),(-3.,5.492865533069),.PIECEWISE_BEZIER_KNOTS.);
#1735 = CARTESIAN_POINT('',(13.937780049312,-10.));
#1736 = CARTESIAN_POINT('',(13.937780049312,-18.49286553306));
#1737 = ( GEOMETRIC_REPRESENTATION_CONTEXT(2) 
PARAMETRIC_REPRESENTATION_CONTEXT() REPRESENTATION_CONTEXT('2D SPACE',''
  ) );
#1738 = PCURVE('',#688,#1739);
#1739 = DEFINITIONAL_REPRESENTATION('',(#1740),#1744);
#1740 = LINE('',#1741,#1742);
#1741 = CARTESIAN_POINT('',(13.,9.59));
#1742 = VECTOR('',#1743,1.);
#1743 = DIRECTION('',(-1.,0.));
#1744 = ( GEOMETRIC_REPRESENTATION_CONTEXT(2) 
PARAMETRIC_REPRESENTATION_CONTEXT() REPRESENTATION_CONTEXT('2D SPACE',''
  ) );
#1745 = ADVANCED_FACE('',(#1746),#525,.F.);
#1746 = FACE_BOUND('',#1747,.F.);
#1747 = EDGE_LOOP('',(#1748,#1749,#1773,#1794));
#1748 = ORIENTED_EDGE('',*,*,#509,.F.);
#1749 = ORIENTED_EDGE('',*,*,#1750,.T.);
#1750 = EDGE_CURVE('',#483,#1751,#1753,.T.);
#1751 = VERTEX_POINT('',#1752);
#1752 = CARTESIAN_POINT('',(17.987310854772,0.59,15.473457472436));
#1753 = SURFACE_CURVE('',#1754,(#1759,#1766),.PCURVE_S1.);
#1754 = CIRCLE('',#1755,2.4);
#1755 = AXIS2_PLACEMENT_3D('',#1756,#1757,#1758);
#1756 = CARTESIAN_POINT('',(16.092865533069,0.59,14.));
#1757 = DIRECTION('',(0.,-1.,0.));
#1758 = DIRECTION('',(0.552770798393,0.,-0.833333333333));
#1759 = PCURVE('',#525,#1760);
#1760 = DEFINITIONAL_REPRESENTATION('',(#1761),#1765);
#1761 = LINE('',#1762,#1763);
#1762 = CARTESIAN_POINT('',(0.585685543457,0.));
#1763 = VECTOR('',#1764,1.);
#1764 = DIRECTION('',(1.,0.));
#1765 = ( GEOMETRIC_REPRESENTATION_CONTEXT(2) 
PARAMETRIC_REPRESENTATION_CONTEXT() REPRESENTATION_CONTEXT('2D SPACE',''
  ) );
#1766 = PCURVE('',#498,#1767);
#1767 = DEFINITIONAL_REPRESENTATION('',(#1768),#1772);
#1768 = CIRCLE('',#1769,2.4);
#1769 = AXIS2_PLACEMENT_2D('',#1770,#1771);
#1770 = CARTESIAN_POINT('',(16.437780049312,16.092865533069));
#1771 = DIRECTION('',(0.833333333333,0.552770798393));
#1772 = ( GEOMETRIC_REPRESENTATION_CONTEXT(2) 
PARAMETRIC_REPRESENTATION_CONTEXT() REPRESENTATION_CONTEXT('2D SPACE',''
  ) );
#1773 = ORIENTED_EDGE('',*,*,#1774,.T.);
#1774 = EDGE_CURVE('',#1751,#1499,#1775,.T.);
#1775 = SURFACE_CURVE('',#1776,(#1780,#1787),.PCURVE_S1.);
#1776 = LINE('',#1777,#1778);
#1777 = CARTESIAN_POINT('',(17.987310854772,0.59,15.473457472436));
#1778 = VECTOR('',#1779,1.);
#1779 = DIRECTION('',(0.,-1.,0.));
#1780 = PCURVE('',#525,#1781);
#1781 = DEFINITIONAL_REPRESENTATION('',(#1782),#1786);
#1782 = LINE('',#1783,#1784);
#1783 = CARTESIAN_POINT('',(2.231839495646,0.));
#1784 = VECTOR('',#1785,1.);
#1785 = DIRECTION('',(0.,1.));
#1786 = ( GEOMETRIC_REPRESENTATION_CONTEXT(2) 
PARAMETRIC_REPRESENTATION_CONTEXT() REPRESENTATION_CONTEXT('2D SPACE',''
  ) );
#1787 = PCURVE('',#1542,#1788);
#1788 = DEFINITIONAL_REPRESENTATION('',(#1789),#1793);
#1789 = LINE('',#1790,#1791);
#1790 = CARTESIAN_POINT('',(4.907134466931,2.));
#1791 = VECTOR('',#1792,1.);
#1792 = DIRECTION('',(0.,-1.));
#1793 = ( GEOMETRIC_REPRESENTATION_CONTEXT(2) 
PARAMETRIC_REPRESENTATION_CONTEXT() REPRESENTATION_CONTEXT('2D SPACE',''
  ) );
#1794 = ORIENTED_EDGE('',*,*,#1498,.T.);
#1795 = ADVANCED_FACE('',(#1796),#498,.T.);
#1796 = FACE_BOUND('',#1797,.T.);
#1797 = EDGE_LOOP('',(#1798,#1826,#1827,#1828,#1851,#1879,#1902,#1923,
    #1956,#1977,#2000,#2024));
#1798 = ORIENTED_EDGE('',*,*,#1799,.F.);
#1799 = EDGE_CURVE('',#456,#1800,#1802,.T.);
#1800 = VERTEX_POINT('',#1801);
#1801 = CARTESIAN_POINT('',(-17.98731085477,0.59,15.473457472436));
#1802 = SURFACE_CURVE('',#1803,(#1808,#1819),.PCURVE_S1.);
#1803 = CIRCLE('',#1804,2.4);
#1804 = AXIS2_PLACEMENT_3D('',#1805,#1806,#1807);
#1805 = CARTESIAN_POINT('',(-16.09286553306,0.59,14.));
#1806 = DIRECTION('',(0.,1.,0.));
#1807 = DIRECTION('',(-0.552770798393,0.,-0.833333333333));
#1808 = PCURVE('',#498,#1809);
#1809 = DEFINITIONAL_REPRESENTATION('',(#1810),#1818);
#1810 = ( BOUNDED_CURVE() B_SPLINE_CURVE(2,(#1811,#1812,#1813,#1814,
#1815,#1816,#1817),.UNSPECIFIED.,.T.,.F.) B_SPLINE_CURVE_WITH_KNOTS((1,2
    ,2,2,2,1),(-2.094395102393,0.,2.094395102393,4.188790204786,
6.28318530718,8.377580409573),.UNSPECIFIED.) CURVE() 
GEOMETRIC_REPRESENTATION_ITEM() RATIONAL_B_SPLINE_CURVE((1.,0.5,1.,0.5,
1.,0.5,1.)) REPRESENTATION_ITEM('') );
#1811 = CARTESIAN_POINT('',(18.437780049312,-17.41951544921));
#1812 = CARTESIAN_POINT('',(16.139954990697,-20.88361706434));
#1813 = CARTESIAN_POINT('',(14.288867520005,-17.16159138256));
#1814 = CARTESIAN_POINT('',(12.437780049312,-13.43956570078));
#1815 = CARTESIAN_POINT('',(16.58669257862,-13.69748976742));
#1816 = CARTESIAN_POINT('',(20.735605107928,-13.95541383407));
#1817 = CARTESIAN_POINT('',(18.437780049312,-17.41951544921));
#1818 = ( GEOMETRIC_REPRESENTATION_CONTEXT(2) 
PARAMETRIC_REPRESENTATION_CONTEXT() REPRESENTATION_CONTEXT('2D SPACE',''
  ) );
#1819 = PCURVE('',#471,#1820);
#1820 = DEFINITIONAL_REPRESENTATION('',(#1821),#1825);
#1821 = LINE('',#1822,#1823);
#1822 = CARTESIAN_POINT('',(0.585685543457,4.));
#1823 = VECTOR('',#1824,1.);
#1824 = DIRECTION('',(1.,0.));
#1825 = ( GEOMETRIC_REPRESENTATION_CONTEXT(2) 
PARAMETRIC_REPRESENTATION_CONTEXT() REPRESENTATION_CONTEXT('2D SPACE',''
  ) );
#1826 = ORIENTED_EDGE('',*,*,#482,.T.);
#1827 = ORIENTED_EDGE('',*,*,#1750,.T.);
#1828 = ORIENTED_EDGE('',*,*,#1829,.T.);
#1829 = EDGE_CURVE('',#1751,#1830,#1832,.T.);
#1830 = VERTEX_POINT('',#1831);
#1831 = CARTESIAN_POINT('',(14.505554678297,0.59,19.950001127904));
#1832 = SURFACE_CURVE('',#1833,(#1837,#1844),.PCURVE_S1.);
#1833 = LINE('',#1834,#1835);
#1834 = CARTESIAN_POINT('',(21.,0.59,11.6));
#1835 = VECTOR('',#1836,1.);
#1836 = DIRECTION('',(-0.613940613515,0.,0.789352217376));
#1837 = PCURVE('',#498,#1838);
#1838 = DEFINITIONAL_REPRESENTATION('',(#1839),#1843);
#1839 = LINE('',#1840,#1841);
#1840 = CARTESIAN_POINT('',(18.837780049312,21.));
#1841 = VECTOR('',#1842,1.);
#1842 = DIRECTION('',(-0.789352217376,-0.613940613515));
#1843 = ( GEOMETRIC_REPRESENTATION_CONTEXT(2) 
PARAMETRIC_REPRESENTATION_CONTEXT() REPRESENTATION_CONTEXT('2D SPACE',''
  ) );
#1844 = PCURVE('',#1542,#1845);
#1845 = DEFINITIONAL_REPRESENTATION('',(#1846),#1850);
#1846 = LINE('',#1847,#1848);
#1847 = CARTESIAN_POINT('',(0.,2.));
#1848 = VECTOR('',#1849,1.);
#1849 = DIRECTION('',(1.,0.));
#1850 = ( GEOMETRIC_REPRESENTATION_CONTEXT(2) 
PARAMETRIC_REPRESENTATION_CONTEXT() REPRESENTATION_CONTEXT('2D SPACE',''
  ) );
#1851 = ORIENTED_EDGE('',*,*,#1852,.T.);
#1852 = EDGE_CURVE('',#1830,#1853,#1855,.T.);
#1853 = VERTEX_POINT('',#1854);
#1854 = CARTESIAN_POINT('',(14.,0.59,21.42345860034));
#1855 = SURFACE_CURVE('',#1856,(#1861,#1872),.PCURVE_S1.);
#1856 = CIRCLE('',#1857,2.4);
#1857 = AXIS2_PLACEMENT_3D('',#1858,#1859,#1860);
#1858 = CARTESIAN_POINT('',(16.4,0.59,21.42345860034));
#1859 = DIRECTION('',(-0.,1.,0.));
#1860 = DIRECTION('',(0.,0.,-1.));
#1861 = PCURVE('',#498,#1862);
#1862 = DEFINITIONAL_REPRESENTATION('',(#1863),#1871);
#1863 = ( BOUNDED_CURVE() B_SPLINE_CURVE(2,(#1864,#1865,#1866,#1867,
#1868,#1869,#1870),.UNSPECIFIED.,.T.,.F.) B_SPLINE_CURVE_WITH_KNOTS((1,2
    ,2,2,2,1),(-2.094395102393,0.,2.094395102393,4.188790204786,
6.28318530718,8.377580409573),.UNSPECIFIED.) CURVE() 
GEOMETRIC_REPRESENTATION_ITEM() RATIONAL_B_SPLINE_CURVE((1.,0.5,1.,0.5,
1.,0.5,1.)) REPRESENTATION_ITEM('') );
#1864 = CARTESIAN_POINT('',(11.414321448973,16.4));
#1865 = CARTESIAN_POINT('',(11.414321448973,12.243078061835));
#1866 = CARTESIAN_POINT('',(7.814321448973,14.321539030917));
#1867 = CARTESIAN_POINT('',(4.214321448973,16.4));
#1868 = CARTESIAN_POINT('',(7.814321448973,18.478460969083));
#1869 = CARTESIAN_POINT('',(11.414321448973,20.556921938165));
#1870 = CARTESIAN_POINT('',(11.414321448973,16.4));
#1871 = ( GEOMETRIC_REPRESENTATION_CONTEXT(2) 
PARAMETRIC_REPRESENTATION_CONTEXT() REPRESENTATION_CONTEXT('2D SPACE',''
  ) );
#1872 = PCURVE('',#1575,#1873);
#1873 = DEFINITIONAL_REPRESENTATION('',(#1874),#1878);
#1874 = LINE('',#1875,#1876);
#1875 = CARTESIAN_POINT('',(0.909753157944,-0.));
#1876 = VECTOR('',#1877,1.);
#1877 = DIRECTION('',(-1.,0.));
#1878 = ( GEOMETRIC_REPRESENTATION_CONTEXT(2) 
PARAMETRIC_REPRESENTATION_CONTEXT() REPRESENTATION_CONTEXT('2D SPACE',''
  ) );
#1879 = ORIENTED_EDGE('',*,*,#1880,.T.);
#1880 = EDGE_CURVE('',#1853,#1881,#1883,.T.);
#1881 = VERTEX_POINT('',#1882);
#1882 = CARTESIAN_POINT('',(14.,0.59,24.7));
#1883 = SURFACE_CURVE('',#1884,(#1888,#1895),.PCURVE_S1.);
#1884 = LINE('',#1885,#1886);
#1885 = CARTESIAN_POINT('',(14.,0.59,20.6));
#1886 = VECTOR('',#1887,1.);
#1887 = DIRECTION('',(0.,0.,1.));
#1888 = PCURVE('',#498,#1889);
#1889 = DEFINITIONAL_REPRESENTATION('',(#1890),#1894);
#1890 = LINE('',#1891,#1892);
#1891 = CARTESIAN_POINT('',(9.837780049312,14.));
#1892 = VECTOR('',#1893,1.);
#1893 = DIRECTION('',(-1.,0.));
#1894 = ( GEOMETRIC_REPRESENTATION_CONTEXT(2) 
PARAMETRIC_REPRESENTATION_CONTEXT() REPRESENTATION_CONTEXT('2D SPACE',''
  ) );
#1895 = PCURVE('',#1603,#1896);
#1896 = DEFINITIONAL_REPRESENTATION('',(#1897),#1901);
#1897 = LINE('',#1898,#1899);
#1898 = CARTESIAN_POINT('',(0.,2.));
#1899 = VECTOR('',#1900,1.);
#1900 = DIRECTION('',(1.,0.));
#1901 = ( GEOMETRIC_REPRESENTATION_CONTEXT(2) 
PARAMETRIC_REPRESENTATION_CONTEXT() REPRESENTATION_CONTEXT('2D SPACE',''
  ) );
#1902 = ORIENTED_EDGE('',*,*,#1903,.F.);
#1903 = EDGE_CURVE('',#1904,#1881,#1906,.T.);
#1904 = VERTEX_POINT('',#1905);
#1905 = CARTESIAN_POINT('',(3.764252913925,0.59,24.7));
#1906 = SURFACE_CURVE('',#1907,(#1911,#1917),.PCURVE_S1.);
#1907 = LINE('',#1908,#1909);
#1908 = CARTESIAN_POINT('',(0.734530216934,0.59,24.7));
#1909 = VECTOR('',#1910,1.);
#1910 = DIRECTION('',(1.,0.,0.));
#1911 = PCURVE('',#498,#1912);
#1912 = DEFINITIONAL_REPRESENTATION('',(#1913),#1916);
#1913 = B_SPLINE_CURVE_WITH_KNOTS('',1,(#1914,#1915),.UNSPECIFIED.,.F.,
  .F.,(2,2),(-19.22739575,17.758335316135),.PIECEWISE_BEZIER_KNOTS.);
#1914 = CARTESIAN_POINT('',(5.737780049312,-18.49286553306));
#1915 = CARTESIAN_POINT('',(5.737780049312,18.492865533069));
#1916 = ( GEOMETRIC_REPRESENTATION_CONTEXT(2) 
PARAMETRIC_REPRESENTATION_CONTEXT() REPRESENTATION_CONTEXT('2D SPACE',''
  ) );
#1917 = PCURVE('',#1630,#1918);
#1918 = DEFINITIONAL_REPRESENTATION('',(#1919),#1922);
#1919 = B_SPLINE_CURVE_WITH_KNOTS('',1,(#1920,#1921),.UNSPECIFIED.,.F.,
  .F.,(2,2),(-19.22739575,17.758335316135),.PIECEWISE_BEZIER_KNOTS.);
#1920 = CARTESIAN_POINT('',(-19.96192596693,0.59));
#1921 = CARTESIAN_POINT('',(17.023805099202,0.59));
#1922 = ( GEOMETRIC_REPRESENTATION_CONTEXT(2) 
PARAMETRIC_REPRESENTATION_CONTEXT() REPRESENTATION_CONTEXT('2D SPACE',''
  ) );
#1923 = ORIENTED_EDGE('',*,*,#1924,.T.);
#1924 = EDGE_CURVE('',#1904,#1925,#1927,.T.);
#1925 = VERTEX_POINT('',#1926);
#1926 = CARTESIAN_POINT('',(-3.764252913925,0.59,24.7));
#1927 = SURFACE_CURVE('',#1928,(#1933,#1944),.PCURVE_S1.);
#1928 = CIRCLE('',#1929,15.);
#1929 = AXIS2_PLACEMENT_3D('',#1930,#1931,#1932);
#1930 = CARTESIAN_POINT('',(0.,0.59,39.22));
#1931 = DIRECTION('',(0.,1.,0.));
#1932 = DIRECTION('',(0.,-0.,1.));
#1933 = PCURVE('',#498,#1934);
#1934 = DEFINITIONAL_REPRESENTATION('',(#1935),#1943);
#1935 = ( BOUNDED_CURVE() B_SPLINE_CURVE(2,(#1936,#1937,#1938,#1939,
#1940,#1941,#1942),.UNSPECIFIED.,.T.,.F.) B_SPLINE_CURVE_WITH_KNOTS((1,2
    ,2,2,2,1),(-2.094395102393,0.,2.094395102393,4.188790204786,
6.28318530718,8.377580409573),.UNSPECIFIED.) CURVE() 
GEOMETRIC_REPRESENTATION_ITEM() RATIONAL_B_SPLINE_CURVE((1.,0.5,1.,0.5,
1.,0.5,1.)) REPRESENTATION_ITEM('') );
#1936 = CARTESIAN_POINT('',(-23.78221995068,-1.780769714724E-16));
#1937 = CARTESIAN_POINT('',(-23.78221995068,25.980762113533));
#1938 = CARTESIAN_POINT('',(-1.282219950688,12.990381056767));
#1939 = CARTESIAN_POINT('',(21.217780049312,3.49586342597E-15));
#1940 = CARTESIAN_POINT('',(-1.282219950688,-12.99038105676));
#1941 = CARTESIAN_POINT('',(-23.78221995068,-25.98076211353));
#1942 = CARTESIAN_POINT('',(-23.78221995068,-1.780769714724E-16));
#1943 = ( GEOMETRIC_REPRESENTATION_CONTEXT(2) 
PARAMETRIC_REPRESENTATION_CONTEXT() REPRESENTATION_CONTEXT('2D SPACE',''
  ) );
#1944 = PCURVE('',#1945,#1950);
#1945 = CYLINDRICAL_SURFACE('',#1946,15.);
#1946 = AXIS2_PLACEMENT_3D('',#1947,#1948,#1949);
#1947 = CARTESIAN_POINT('',(0.,0.59,39.22));
#1948 = DIRECTION('',(0.,1.,0.));
#1949 = DIRECTION('',(0.,-0.,1.));
#1950 = DEFINITIONAL_REPRESENTATION('',(#1951),#1955);
#1951 = LINE('',#1952,#1953);
#1952 = CARTESIAN_POINT('',(0.,0.));
#1953 = VECTOR('',#1954,1.);
#1954 = DIRECTION('',(1.,0.));
#1955 = ( GEOMETRIC_REPRESENTATION_CONTEXT(2) 
PARAMETRIC_REPRESENTATION_CONTEXT() REPRESENTATION_CONTEXT('2D SPACE',''
  ) );
#1956 = ORIENTED_EDGE('',*,*,#1957,.F.);
#1957 = EDGE_CURVE('',#1958,#1925,#1960,.T.);
#1958 = VERTEX_POINT('',#1959);
#1959 = CARTESIAN_POINT('',(-14.,0.59,24.7));
#1960 = SURFACE_CURVE('',#1961,(#1965,#1971),.PCURVE_S1.);
#1961 = LINE('',#1962,#1963);
#1962 = CARTESIAN_POINT('',(0.734530216934,0.59,24.7));
#1963 = VECTOR('',#1964,1.);
#1964 = DIRECTION('',(1.,0.,0.));
#1965 = PCURVE('',#498,#1966);
#1966 = DEFINITIONAL_REPRESENTATION('',(#1967),#1970);
#1967 = B_SPLINE_CURVE_WITH_KNOTS('',1,(#1968,#1969),.UNSPECIFIED.,.F.,
  .F.,(2,2),(-19.22739575,17.758335316135),.PIECEWISE_BEZIER_KNOTS.);
#1968 = CARTESIAN_POINT('',(5.737780049312,-18.49286553306));
#1969 = CARTESIAN_POINT('',(5.737780049312,18.492865533069));
#1970 = ( GEOMETRIC_REPRESENTATION_CONTEXT(2) 
PARAMETRIC_REPRESENTATION_CONTEXT() REPRESENTATION_CONTEXT('2D SPACE',''
  ) );
#1971 = PCURVE('',#1630,#1972);
#1972 = DEFINITIONAL_REPRESENTATION('',(#1973),#1976);
#1973 = B_SPLINE_CURVE_WITH_KNOTS('',1,(#1974,#1975),.UNSPECIFIED.,.F.,
  .F.,(2,2),(-19.22739575,17.758335316135),.PIECEWISE_BEZIER_KNOTS.);
#1974 = CARTESIAN_POINT('',(-19.96192596693,0.59));
#1975 = CARTESIAN_POINT('',(17.023805099202,0.59));
#1976 = ( GEOMETRIC_REPRESENTATION_CONTEXT(2) 
PARAMETRIC_REPRESENTATION_CONTEXT() REPRESENTATION_CONTEXT('2D SPACE',''
  ) );
#1977 = ORIENTED_EDGE('',*,*,#1978,.T.);
#1978 = EDGE_CURVE('',#1958,#1979,#1981,.T.);
#1979 = VERTEX_POINT('',#1980);
#1980 = CARTESIAN_POINT('',(-14.,0.59,21.42345860034));
#1981 = SURFACE_CURVE('',#1982,(#1986,#1993),.PCURVE_S1.);
#1982 = LINE('',#1983,#1984);
#1983 = CARTESIAN_POINT('',(-14.,0.59,54.));
#1984 = VECTOR('',#1985,1.);
#1985 = DIRECTION('',(0.,0.,-1.));
#1986 = PCURVE('',#498,#1987);
#1987 = DEFINITIONAL_REPRESENTATION('',(#1988),#1992);
#1988 = LINE('',#1989,#1990);
#1989 = CARTESIAN_POINT('',(-23.56221995068,-14.));
#1990 = VECTOR('',#1991,1.);
#1991 = DIRECTION('',(1.,0.));
#1992 = ( GEOMETRIC_REPRESENTATION_CONTEXT(2) 
PARAMETRIC_REPRESENTATION_CONTEXT() REPRESENTATION_CONTEXT('2D SPACE',''
  ) );
#1993 = PCURVE('',#1657,#1994);
#1994 = DEFINITIONAL_REPRESENTATION('',(#1995),#1999);
#1995 = LINE('',#1996,#1997);
#1996 = CARTESIAN_POINT('',(0.,2.));
#1997 = VECTOR('',#1998,1.);
#1998 = DIRECTION('',(1.,0.));
#1999 = ( GEOMETRIC_REPRESENTATION_CONTEXT(2) 
PARAMETRIC_REPRESENTATION_CONTEXT() REPRESENTATION_CONTEXT('2D SPACE',''
  ) );
#2000 = ORIENTED_EDGE('',*,*,#2001,.F.);
#2001 = EDGE_CURVE('',#2002,#1979,#2004,.T.);
#2002 = VERTEX_POINT('',#2003);
#2003 = CARTESIAN_POINT('',(-14.50555467829,0.59,19.950001127904));
#2004 = SURFACE_CURVE('',#2005,(#2010,#2017),.PCURVE_S1.);
#2005 = CIRCLE('',#2006,2.4);
#2006 = AXIS2_PLACEMENT_3D('',#2007,#2008,#2009);
#2007 = CARTESIAN_POINT('',(-16.4,0.59,21.42345860034));
#2008 = DIRECTION('',(-0.,-1.,0.));
#2009 = DIRECTION('',(0.,-0.,1.));
#2010 = PCURVE('',#498,#2011);
#2011 = DEFINITIONAL_REPRESENTATION('',(#2012),#2016);
#2012 = CIRCLE('',#2013,2.4);
#2013 = AXIS2_PLACEMENT_2D('',#2014,#2015);
#2014 = CARTESIAN_POINT('',(9.014321448973,-16.4));
#2015 = DIRECTION('',(-1.,0.));
#2016 = ( GEOMETRIC_REPRESENTATION_CONTEXT(2) 
PARAMETRIC_REPRESENTATION_CONTEXT() REPRESENTATION_CONTEXT('2D SPACE',''
  ) );
#2017 = PCURVE('',#1686,#2018);
#2018 = DEFINITIONAL_REPRESENTATION('',(#2019),#2023);
#2019 = LINE('',#2020,#2021);
#2020 = CARTESIAN_POINT('',(4.051345811534,4.));
#2021 = VECTOR('',#2022,1.);
#2022 = DIRECTION('',(-1.,0.));
#2023 = ( GEOMETRIC_REPRESENTATION_CONTEXT(2) 
PARAMETRIC_REPRESENTATION_CONTEXT() REPRESENTATION_CONTEXT('2D SPACE',''
  ) );
#2024 = ORIENTED_EDGE('',*,*,#2025,.T.);
#2025 = EDGE_CURVE('',#2002,#1800,#2026,.T.);
#2026 = SURFACE_CURVE('',#2027,(#2031,#2038),.PCURVE_S1.);
#2027 = LINE('',#2028,#2029);
#2028 = CARTESIAN_POINT('',(-14.,0.59,20.6));
#2029 = VECTOR('',#2030,1.);
#2030 = DIRECTION('',(-0.613940613515,0.,-0.789352217376));
#2031 = PCURVE('',#498,#2032);
#2032 = DEFINITIONAL_REPRESENTATION('',(#2033),#2037);
#2033 = LINE('',#2034,#2035);
#2034 = CARTESIAN_POINT('',(9.837780049312,-14.));
#2035 = VECTOR('',#2036,1.);
#2036 = DIRECTION('',(0.789352217376,-0.613940613515));
#2037 = ( GEOMETRIC_REPRESENTATION_CONTEXT(2) 
PARAMETRIC_REPRESENTATION_CONTEXT() REPRESENTATION_CONTEXT('2D SPACE',''
  ) );
#2038 = PCURVE('',#1714,#2039);
#2039 = DEFINITIONAL_REPRESENTATION('',(#2040),#2044);
#2040 = LINE('',#2041,#2042);
#2041 = CARTESIAN_POINT('',(0.,2.));
#2042 = VECTOR('',#2043,1.);
#2043 = DIRECTION('',(1.,0.));
#2044 = ( GEOMETRIC_REPRESENTATION_CONTEXT(2) 
PARAMETRIC_REPRESENTATION_CONTEXT() REPRESENTATION_CONTEXT('2D SPACE',''
  ) );
#2045 = ADVANCED_FACE('',(#2046),#471,.F.);
#2046 = FACE_BOUND('',#2047,.F.);
#2047 = EDGE_LOOP('',(#2048,#2049,#2073,#2094));
#2048 = ORIENTED_EDGE('',*,*,#455,.F.);
#2049 = ORIENTED_EDGE('',*,*,#2050,.T.);
#2050 = EDGE_CURVE('',#430,#2051,#2053,.T.);
#2051 = VERTEX_POINT('',#2052);
#2052 = CARTESIAN_POINT('',(-17.98731085477,-3.,15.473457472436));
#2053 = SURFACE_CURVE('',#2054,(#2059,#2066),.PCURVE_S1.);
#2054 = CIRCLE('',#2055,2.4);
#2055 = AXIS2_PLACEMENT_3D('',#2056,#2057,#2058);
#2056 = CARTESIAN_POINT('',(-16.09286553306,-3.,14.));
#2057 = DIRECTION('',(0.,1.,0.));
#2058 = DIRECTION('',(-0.552770798393,0.,-0.833333333333));
#2059 = PCURVE('',#471,#2060);
#2060 = DEFINITIONAL_REPRESENTATION('',(#2061),#2065);
#2061 = LINE('',#2062,#2063);
#2062 = CARTESIAN_POINT('',(0.585685543457,0.41));
#2063 = VECTOR('',#2064,1.);
#2064 = DIRECTION('',(1.,0.));
#2065 = ( GEOMETRIC_REPRESENTATION_CONTEXT(2) 
PARAMETRIC_REPRESENTATION_CONTEXT() REPRESENTATION_CONTEXT('2D SPACE',''
  ) );
#2066 = PCURVE('',#444,#2067);
#2067 = DEFINITIONAL_REPRESENTATION('',(#2068),#2072);
#2068 = CIRCLE('',#2069,2.4);
#2069 = AXIS2_PLACEMENT_2D('',#2070,#2071);
#2070 = CARTESIAN_POINT('',(24.,9.907134466931));
#2071 = DIRECTION('',(-0.833333333333,-0.552770798393));
#2072 = ( GEOMETRIC_REPRESENTATION_CONTEXT(2) 
PARAMETRIC_REPRESENTATION_CONTEXT() REPRESENTATION_CONTEXT('2D SPACE',''
  ) );
#2073 = ORIENTED_EDGE('',*,*,#2074,.T.);
#2074 = EDGE_CURVE('',#2051,#1800,#2075,.T.);
#2075 = SURFACE_CURVE('',#2076,(#2080,#2087),.PCURVE_S1.);
#2076 = LINE('',#2077,#2078);
#2077 = CARTESIAN_POINT('',(-17.98731085477,-3.41,15.473457472436));
#2078 = VECTOR('',#2079,1.);
#2079 = DIRECTION('',(0.,1.,0.));
#2080 = PCURVE('',#471,#2081);
#2081 = DEFINITIONAL_REPRESENTATION('',(#2082),#2086);
#2082 = LINE('',#2083,#2084);
#2083 = CARTESIAN_POINT('',(2.231839495646,0.));
#2084 = VECTOR('',#2085,1.);
#2085 = DIRECTION('',(0.,1.));
#2086 = ( GEOMETRIC_REPRESENTATION_CONTEXT(2) 
PARAMETRIC_REPRESENTATION_CONTEXT() REPRESENTATION_CONTEXT('2D SPACE',''
  ) );
#2087 = PCURVE('',#1714,#2088);
#2088 = DEFINITIONAL_REPRESENTATION('',(#2089),#2093);
#2089 = LINE('',#2090,#2091);
#2090 = CARTESIAN_POINT('',(6.49461978406,-2.));
#2091 = VECTOR('',#2092,1.);
#2092 = DIRECTION('',(0.,1.));
#2093 = ( GEOMETRIC_REPRESENTATION_CONTEXT(2) 
PARAMETRIC_REPRESENTATION_CONTEXT() REPRESENTATION_CONTEXT('2D SPACE',''
  ) );
#2094 = ORIENTED_EDGE('',*,*,#1799,.F.);
#2095 = ADVANCED_FACE('',(#2096),#444,.F.);
#2096 = FACE_BOUND('',#2097,.F.);
#2097 = EDGE_LOOP('',(#2098,#2099,#2122,#2145,#2165));
#2098 = ORIENTED_EDGE('',*,*,#429,.T.);
#2099 = ORIENTED_EDGE('',*,*,#2100,.T.);
#2100 = EDGE_CURVE('',#401,#2101,#2103,.T.);
#2101 = VERTEX_POINT('',#2102);
#2102 = CARTESIAN_POINT('',(-24.,-3.,16.5));
#2103 = SURFACE_CURVE('',#2104,(#2108,#2115),.PCURVE_S1.);
#2104 = LINE('',#2105,#2106);
#2105 = CARTESIAN_POINT('',(-24.,-3.,-10.));
#2106 = VECTOR('',#2107,1.);
#2107 = DIRECTION('',(0.,0.,1.));
#2108 = PCURVE('',#444,#2109);
#2109 = DEFINITIONAL_REPRESENTATION('',(#2110),#2114);
#2110 = LINE('',#2111,#2112);
#2111 = CARTESIAN_POINT('',(0.,2.));
#2112 = VECTOR('',#2113,1.);
#2113 = DIRECTION('',(1.,0.));
#2114 = ( GEOMETRIC_REPRESENTATION_CONTEXT(2) 
PARAMETRIC_REPRESENTATION_CONTEXT() REPRESENTATION_CONTEXT('2D SPACE',''
  ) );
#2115 = PCURVE('',#417,#2116);
#2116 = DEFINITIONAL_REPRESENTATION('',(#2117),#2121);
#2117 = LINE('',#2118,#2119);
#2118 = CARTESIAN_POINT('',(-1.570796326795,0.));
#2119 = VECTOR('',#2120,1.);
#2120 = DIRECTION('',(-0.,1.));
#2121 = ( GEOMETRIC_REPRESENTATION_CONTEXT(2) 
PARAMETRIC_REPRESENTATION_CONTEXT() REPRESENTATION_CONTEXT('2D SPACE',''
  ) );
#2122 = ORIENTED_EDGE('',*,*,#2123,.T.);
#2123 = EDGE_CURVE('',#2101,#2124,#2126,.T.);
#2124 = VERTEX_POINT('',#2125);
#2125 = CARTESIAN_POINT('',(-17.18888888888,-3.,16.5));
#2126 = SURFACE_CURVE('',#2127,(#2131,#2138),.PCURVE_S1.);
#2127 = LINE('',#2128,#2129);
#2128 = CARTESIAN_POINT('',(-26.,-3.,16.5));
#2129 = VECTOR('',#2130,1.);
#2130 = DIRECTION('',(1.,0.,0.));
#2131 = PCURVE('',#444,#2132);
#2132 = DEFINITIONAL_REPRESENTATION('',(#2133),#2137);
#2133 = LINE('',#2134,#2135);
#2134 = CARTESIAN_POINT('',(26.5,0.));
#2135 = VECTOR('',#2136,1.);
#2136 = DIRECTION('',(0.,1.));
#2137 = ( GEOMETRIC_REPRESENTATION_CONTEXT(2) 
PARAMETRIC_REPRESENTATION_CONTEXT() REPRESENTATION_CONTEXT('2D SPACE',''
  ) );
#2138 = PCURVE('',#688,#2139);
#2139 = DEFINITIONAL_REPRESENTATION('',(#2140),#2144);
#2140 = LINE('',#2141,#2142);
#2141 = CARTESIAN_POINT('',(0.,10.));
#2142 = VECTOR('',#2143,1.);
#2143 = DIRECTION('',(1.,0.));
#2144 = ( GEOMETRIC_REPRESENTATION_CONTEXT(2) 
PARAMETRIC_REPRESENTATION_CONTEXT() REPRESENTATION_CONTEXT('2D SPACE',''
  ) );
#2145 = ORIENTED_EDGE('',*,*,#2146,.F.);
#2146 = EDGE_CURVE('',#2051,#2124,#2147,.T.);
#2147 = SURFACE_CURVE('',#2148,(#2152,#2159),.PCURVE_S1.);
#2148 = LINE('',#2149,#2150);
#2149 = CARTESIAN_POINT('',(-23.67615384615,-3.,8.159230769231));
#2150 = VECTOR('',#2151,1.);
#2151 = DIRECTION('',(0.613940613515,-0.,0.789352217376));
#2152 = PCURVE('',#444,#2153);
#2153 = DEFINITIONAL_REPRESENTATION('',(#2154),#2158);
#2154 = LINE('',#2155,#2156);
#2155 = CARTESIAN_POINT('',(18.159230769231,2.323846153846));
#2156 = VECTOR('',#2157,1.);
#2157 = DIRECTION('',(0.789352217376,0.613940613515));
#2158 = ( GEOMETRIC_REPRESENTATION_CONTEXT(2) 
PARAMETRIC_REPRESENTATION_CONTEXT() REPRESENTATION_CONTEXT('2D SPACE',''
  ) );
#2159 = PCURVE('',#1714,#2160);
#2160 = DEFINITIONAL_REPRESENTATION('',(#2161),#2164);
#2161 = B_SPLINE_CURVE_WITH_KNOTS('',1,(#2162,#2163),.UNSPECIFIED.,.F.,
  .F.,(2,2),(9.266112822887,10.566600114829),.PIECEWISE_BEZIER_KNOTS.);
#2162 = CARTESIAN_POINT('',(6.49461978406,-1.59));
#2163 = CARTESIAN_POINT('',(5.194132492118,-1.59));
#2164 = ( GEOMETRIC_REPRESENTATION_CONTEXT(2) 
PARAMETRIC_REPRESENTATION_CONTEXT() REPRESENTATION_CONTEXT('2D SPACE',''
  ) );
#2165 = ORIENTED_EDGE('',*,*,#2050,.F.);
#2166 = ADVANCED_FACE('',(#2167),#417,.F.);
#2167 = FACE_BOUND('',#2168,.T.);
#2168 = EDGE_LOOP('',(#2169,#2170,#2171,#2172));
#2169 = ORIENTED_EDGE('',*,*,#801,.F.);
#2170 = ORIENTED_EDGE('',*,*,#400,.F.);
#2171 = ORIENTED_EDGE('',*,*,#2100,.T.);
#2172 = ORIENTED_EDGE('',*,*,#2173,.F.);
#2173 = EDGE_CURVE('',#776,#2101,#2174,.T.);
#2174 = SURFACE_CURVE('',#2175,(#2180,#2187),.PCURVE_S1.);
#2175 = CIRCLE('',#2176,2.);
#2176 = AXIS2_PLACEMENT_3D('',#2177,#2178,#2179);
#2177 = CARTESIAN_POINT('',(-24.,-5.,16.5));
#2178 = DIRECTION('',(-0.,-0.,-1.));
#2179 = DIRECTION('',(0.,-1.,0.));
#2180 = PCURVE('',#417,#2181);
#2181 = DEFINITIONAL_REPRESENTATION('',(#2182),#2186);
#2182 = LINE('',#2183,#2184);
#2183 = CARTESIAN_POINT('',(1.570796326795,26.5));
#2184 = VECTOR('',#2185,1.);
#2185 = DIRECTION('',(-1.,0.));
#2186 = ( GEOMETRIC_REPRESENTATION_CONTEXT(2) 
PARAMETRIC_REPRESENTATION_CONTEXT() REPRESENTATION_CONTEXT('2D SPACE',''
  ) );
#2187 = PCURVE('',#688,#2188);
#2188 = DEFINITIONAL_REPRESENTATION('',(#2189),#2197);
#2189 = ( BOUNDED_CURVE() B_SPLINE_CURVE(2,(#2190,#2191,#2192,#2193,
#2194,#2195,#2196),.UNSPECIFIED.,.T.,.F.) B_SPLINE_CURVE_WITH_KNOTS((1,2
    ,2,2,2,1),(-2.094395102393,0.,2.094395102393,4.188790204786,
6.28318530718,8.377580409573),.UNSPECIFIED.) CURVE() 
GEOMETRIC_REPRESENTATION_ITEM() RATIONAL_B_SPLINE_CURVE((1.,0.5,1.,0.5,
1.,0.5,1.)) REPRESENTATION_ITEM('') );
#2190 = CARTESIAN_POINT('',(2.,6.));
#2191 = CARTESIAN_POINT('',(-1.464101615138,6.));
#2192 = CARTESIAN_POINT('',(0.267949192431,9.));
#2193 = CARTESIAN_POINT('',(2.,12.));
#2194 = CARTESIAN_POINT('',(3.732050807569,9.));
#2195 = CARTESIAN_POINT('',(5.464101615138,6.));
#2196 = CARTESIAN_POINT('',(2.,6.));
#2197 = ( GEOMETRIC_REPRESENTATION_CONTEXT(2) 
PARAMETRIC_REPRESENTATION_CONTEXT() REPRESENTATION_CONTEXT('2D SPACE',''
  ) );
#2198 = ADVANCED_FACE('',(#2199),#688,.F.);
#2199 = FACE_BOUND('',#2200,.F.);
#2200 = EDGE_LOOP('',(#2201,#2202,#2203,#2204,#2205,#2206,#2207,#2208,
    #2228,#2229));
#2201 = ORIENTED_EDGE('',*,*,#775,.F.);
#2202 = ORIENTED_EDGE('',*,*,#750,.T.);
#2203 = ORIENTED_EDGE('',*,*,#672,.T.);
#2204 = ORIENTED_EDGE('',*,*,#1368,.F.);
#2205 = ORIENTED_EDGE('',*,*,#1397,.T.);
#2206 = ORIENTED_EDGE('',*,*,#1471,.T.);
#2207 = ORIENTED_EDGE('',*,*,#1726,.T.);
#2208 = ORIENTED_EDGE('',*,*,#2209,.F.);
#2209 = EDGE_CURVE('',#2124,#1699,#2210,.T.);
#2210 = SURFACE_CURVE('',#2211,(#2215,#2222),.PCURVE_S1.);
#2211 = LINE('',#2212,#2213);
#2212 = CARTESIAN_POINT('',(-17.18888888888,-7.205,16.5));
#2213 = VECTOR('',#2214,1.);
#2214 = DIRECTION('',(0.,-1.,0.));
#2215 = PCURVE('',#688,#2216);
#2216 = DEFINITIONAL_REPRESENTATION('',(#2217),#2221);
#2217 = LINE('',#2218,#2219);
#2218 = CARTESIAN_POINT('',(8.811111111111,5.795));
#2219 = VECTOR('',#2220,1.);
#2220 = DIRECTION('',(0.,-1.));
#2221 = ( GEOMETRIC_REPRESENTATION_CONTEXT(2) 
PARAMETRIC_REPRESENTATION_CONTEXT() REPRESENTATION_CONTEXT('2D SPACE',''
  ) );
#2222 = PCURVE('',#1714,#2223);
#2223 = DEFINITIONAL_REPRESENTATION('',(#2224),#2227);
#2224 = B_SPLINE_CURVE_WITH_KNOTS('',1,(#2225,#2226),.UNSPECIFIED.,.F.,
  .F.,(2,2),(-4.205,-3.795),.PIECEWISE_BEZIER_KNOTS.);
#2225 = CARTESIAN_POINT('',(5.194132492118,-1.59));
#2226 = CARTESIAN_POINT('',(5.194132492118,-2.));
#2227 = ( GEOMETRIC_REPRESENTATION_CONTEXT(2) 
PARAMETRIC_REPRESENTATION_CONTEXT() REPRESENTATION_CONTEXT('2D SPACE',''
  ) );
#2228 = ORIENTED_EDGE('',*,*,#2123,.F.);
#2229 = ORIENTED_EDGE('',*,*,#2173,.F.);
#2230 = ADVANCED_FACE('',(#2231,#2234),#1172,.T.);
#2231 = FACE_BOUND('',#2232,.T.);
#2232 = EDGE_LOOP('',(#2233));
#2233 = ORIENTED_EDGE('',*,*,#848,.F.);
#2234 = FACE_BOUND('',#2235,.T.);
#2235 = EDGE_LOOP('',(#2236));
#2236 = ORIENTED_EDGE('',*,*,#2237,.T.);
#2237 = EDGE_CURVE('',#2238,#2238,#2240,.T.);
#2238 = VERTEX_POINT('',#2239);
#2239 = CARTESIAN_POINT('',(35.601369863014,6.03982157097E-15,59.));
#2240 = SURFACE_CURVE('',#2241,(#2400,#2562),.PCURVE_S1.);
#2241 = B_SPLINE_CURVE_WITH_KNOTS('',7,(#2242,#2243,#2244,#2245,#2246,
    #2247,#2248,#2249,#2250,#2251,#2252,#2253,#2254,#2255,#2256,#2257,
    #2258,#2259,#2260,#2261,#2262,#2263,#2264,#2265,#2266,#2267,#2268,
    #2269,#2270,#2271,#2272,#2273,#2274,#2275,#2276,#2277,#2278,#2279,
    #2280,#2281,#2282,#2283,#2284,#2285,#2286,#2287,#2288,#2289,#2290,
    #2291,#2292,#2293,#2294,#2295,#2296,#2297,#2298,#2299,#2300,#2301,
    #2302,#2303,#2304,#2305,#2306,#2307,#2308,#2309,#2310,#2311,#2312,
    #2313,#2314,#2315,#2316,#2317,#2318,#2319,#2320,#2321,#2322,#2323,
    #2324,#2325,#2326,#2327,#2328,#2329,#2330,#2331,#2332,#2333,#2334,
    #2335,#2336,#2337,#2338,#2339,#2340,#2341,#2342,#2343,#2344,#2345,
    #2346,#2347,#2348,#2349,#2350,#2351,#2352,#2353,#2354,#2355,#2356,
    #2357,#2358,#2359,#2360,#2361,#2362,#2363,#2364,#2365,#2366,#2367,
    #2368,#2369,#2370,#2371,#2372,#2373,#2374,#2375,#2376,#2377,#2378,
    #2379,#2380,#2381,#2382,#2383,#2384,#2385,#2386,#2387,#2388,#2389,
    #2390,#2391,#2392,#2393,#2394,#2395,#2396,#2397,#2398,#2399),
  .UNSPECIFIED.,.T.,.F.,(8,6,6,6,6,6,6,6,6,6,6,6,6,6,6,6,6,6,6,6,6,6,6,6
    ,6,6,8),(0.,5.15812641086E-02,8.468815516824E-02,0.126289936829,
    0.159028915733,0.184253312786,0.249995449122,0.315737586137,
    0.340961983452,0.37370096268,0.415302744757,0.448409636478,
    0.465956441457,0.499999072734,0.523726372055,0.55158972906,
    0.584696668025,0.626298509469,0.659037535416,0.684261968727,
    0.750004199558,0.815746430227,0.840970863475,0.873709889356,
    0.915311730712,0.948418669277,1.000000007399),.UNSPECIFIED.);
#2242 = CARTESIAN_POINT('',(35.601369863014,-7.105427357601E-14,59.));
#2243 = CARTESIAN_POINT('',(35.601369985998,-1.43930378338,59.));
#2244 = CARTESIAN_POINT('',(35.47632255479,-2.879625994744,59.));
#2245 = CARTESIAN_POINT('',(35.225913667404,-4.305953470896,59.));
#2246 = CARTESIAN_POINT('',(34.854869838204,-5.705965991847,59.));
#2247 = CARTESIAN_POINT('',(34.370671057585,-7.069529705742,59.));
#2248 = CARTESIAN_POINT('',(33.782667246226,-8.38848609091,59.));
#2249 = CARTESIAN_POINT('',(32.663999001237,-10.47029847491,59.));
#2250 = CARTESIAN_POINT('',(32.188085583219,-11.26339526116,59.));
#2251 = CARTESIAN_POINT('',(31.676150159401,-12.03432173714,59.));
#2252 = CARTESIAN_POINT('',(31.130802244961,-12.78204898796,59.));
#2253 = CARTESIAN_POINT('',(30.55458244222,-13.50587489091,59.));
#2254 = CARTESIAN_POINT('',(29.949882298607,-14.20536647467,59.));
#2255 = CARTESIAN_POINT('',(28.525988674963,-15.72845776501,59.));
#2256 = CARTESIAN_POINT('',(27.691648277594,-16.53776450235,59.));
#2257 = CARTESIAN_POINT('',(26.82017102092,-17.30789942927,59.));
#2258 = CARTESIAN_POINT('',(25.915524171975,-18.0388503529,59.));
#2259 = CARTESIAN_POINT('',(24.981285559084,-18.73086727098,59.));
#2260 = CARTESIAN_POINT('',(24.020590480893,-19.38439669492,59.));
#2261 = CARTESIAN_POINT('',(22.261306455023,-20.48448400504,59.));
#2262 = CARTESIAN_POINT('',(21.471841309592,-20.94543923038,59.));
#2263 = CARTESIAN_POINT('',(20.669005973757,-21.38314676578,59.));
#2264 = CARTESIAN_POINT('',(19.854020015776,-21.79787907808,59.));
#2265 = CARTESIAN_POINT('',(19.027998170311,-22.18991267513,59.));
#2266 = CARTESIAN_POINT('',(18.191948731244,-22.55952479673,59.));
#2267 = CARTESIAN_POINT('',(16.695587739832,-23.17470188567,59.));
#2268 = CARTESIAN_POINT('',(16.038996241985,-23.42926204903,59.));
#2269 = CARTESIAN_POINT('',(15.377415330937,-23.67079342395,59.));
#2270 = CARTESIAN_POINT('',(14.711239914135,-23.89941222348,59.));
#2271 = CARTESIAN_POINT('',(14.040841926482,-24.11522804543,59.));
#2272 = CARTESIAN_POINT('',(13.366570330331,-24.31834387246,59.));
#2273 = CARTESIAN_POINT('',(10.922158023033,-25.00538572803,59.));
#2274 = CARTESIAN_POINT('',(9.13168767908,-25.41624121508,59.));
#2275 = CARTESIAN_POINT('',(7.322831975098,-25.74323817642,59.));
#2276 = CARTESIAN_POINT('',(5.500685738553,-25.9876049415,59.));
#2277 = CARTESIAN_POINT('',(3.669979769914,-26.15019524459,59.));
#2278 = CARTESIAN_POINT('',(1.835086747121,-26.23150695374,59.));
#2279 = CARTESIAN_POINT('',(-1.835086751145,-26.23150695481,59.));
#2280 = CARTESIAN_POINT('',(-3.669979773144,-26.15019524681,59.));
#2281 = CARTESIAN_POINT('',(-5.500685740994,-25.98760494433,59.));
#2282 = CARTESIAN_POINT('',(-7.322831976586,-25.74323817868,59.));
#2283 = CARTESIAN_POINT('',(-9.131687679367,-25.41624121548,59.));
#2284 = CARTESIAN_POINT('',(-10.92215802188,-25.00538572587,59.));
#2285 = CARTESIAN_POINT('',(-13.36657032697,-24.31834386726,59.));
#2286 = CARTESIAN_POINT('',(-14.04084192252,-24.11522803942,59.));
#2287 = CARTESIAN_POINT('',(-14.71123990959,-23.89941221675,59.));
#2288 = CARTESIAN_POINT('',(-15.37741532583,-23.67079341668,59.));
#2289 = CARTESIAN_POINT('',(-16.03899623639,-23.42926204143,59.));
#2290 = CARTESIAN_POINT('',(-16.69558773384,-23.174701878,59.));
#2291 = CARTESIAN_POINT('',(-18.19194872424,-22.55952478983,59.));
#2292 = CARTESIAN_POINT('',(-19.02799816279,-22.18991266928,59.));
#2293 = CARTESIAN_POINT('',(-19.85402000804,-21.79787907393,59.));
#2294 = CARTESIAN_POINT('',(-20.6690059662,-21.38314676402,59.));
#2295 = CARTESIAN_POINT('',(-21.47184130267,-20.94543923168,59.));
#2296 = CARTESIAN_POINT('',(-22.26130644917,-20.48448400998,59.));
#2297 = CARTESIAN_POINT('',(-24.02059047847,-19.38439670891,59.));
#2298 = CARTESIAN_POINT('',(-24.98128555917,-18.73086729059,59.));
#2299 = CARTESIAN_POINT('',(-25.91552417512,-18.03885037836,59.));
#2300 = CARTESIAN_POINT('',(-26.82017102723,-17.30789946013,59.));
#2301 = CARTESIAN_POINT('',(-27.69164828643,-16.5377645374,59.));
#2302 = CARTESIAN_POINT('',(-28.52598868489,-15.72845780247,59.));
#2303 = CARTESIAN_POINT('',(-29.94988231299,-14.20536650617,59.));
#2304 = CARTESIAN_POINT('',(-30.5545824603,-13.50587491422,59.));
#2305 = CARTESIAN_POINT('',(-31.13080226447,-12.78204900139,59.));
#2306 = CARTESIAN_POINT('',(-31.67615017784,-12.03432173916,59.));
#2307 = CARTESIAN_POINT('',(-32.18808559829,-11.26339525065,59.));
#2308 = CARTESIAN_POINT('',(-32.66399901135,-10.47029845148,59.));
#2309 = CARTESIAN_POINT('',(-33.33309698151,-9.225124439865,59.));
#2310 = CARTESIAN_POINT('',(-33.55403461548,-8.787963061835,59.));
#2311 = CARTESIAN_POINT('',(-33.76374499096,-8.345194689742,59.));
#2312 = CARTESIAN_POINT('',(-33.96184752934,-7.897066773061,59.));
#2313 = CARTESIAN_POINT('',(-34.14797157643,-7.44385971777,59.));
#2314 = CARTESIAN_POINT('',(-34.32176242898,-6.98588952749,59.));
#2315 = CARTESIAN_POINT('',(-34.79548651857,-5.626446832561,59.));
#2316 = CARTESIAN_POINT('',(-35.06045889742,-4.712654345775,59.));
#2317 = CARTESIAN_POINT('',(-35.27528575355,-3.784897889445,59.));
#2318 = CARTESIAN_POINT('',(-35.43793042809,-2.846233819078,59.));
#2319 = CARTESIAN_POINT('',(-35.54690009242,-1.900019571901,59.));
#2320 = CARTESIAN_POINT('',(-35.60136994474,-0.949932799256,59.));
#2321 = CARTESIAN_POINT('',(-35.60137007546,0.662091548646,59.));
#2322 = CARTESIAN_POINT('',(-35.5749085363,1.324210369109,59.));
#2323 = CARTESIAN_POINT('',(-35.52198383393,1.985039875115,59.));
#2324 = CARTESIAN_POINT('',(-35.44278139072,2.643321204999,59.));
#2325 = CARTESIAN_POINT('',(-35.33765797003,3.297851562313,59.));
#2326 = CARTESIAN_POINT('',(-35.20712618787,3.947482556445,59.));
#2327 = CARTESIAN_POINT('',(-34.8694830732,5.346950743962,59.));
#2328 = CARTESIAN_POINT('',(-34.65297536034,6.094576531761,59.));
#2329 = CARTESIAN_POINT('',(-34.4033638183,6.832237166843,59.));
#2330 = CARTESIAN_POINT('',(-34.12192706205,7.558431315616,59.));
#2331 = CARTESIAN_POINT('',(-33.8100919012,8.271884041796,59.));
#2332 = CARTESIAN_POINT('',(-33.46937041146,8.971522979696,59.));
#2333 = CARTESIAN_POINT('',(-32.66399901135,10.470298451474,59.));
#2334 = CARTESIAN_POINT('',(-32.18808559829,11.263395250654,59.));
#2335 = CARTESIAN_POINT('',(-31.67615017784,12.034321739162,59.));
#2336 = CARTESIAN_POINT('',(-31.13080226448,12.782049001388,59.));
#2337 = CARTESIAN_POINT('',(-30.5545824603,13.50587491422,59.));
#2338 = CARTESIAN_POINT('',(-29.94988231299,14.205366506164,59.));
#2339 = CARTESIAN_POINT('',(-28.5259886849,15.728457802471,59.));
#2340 = CARTESIAN_POINT('',(-27.69164828644,16.537764537403,59.));
#2341 = CARTESIAN_POINT('',(-26.82017102724,17.30789946013,59.));
#2342 = CARTESIAN_POINT('',(-25.91552417513,18.038850378363,59.));
#2343 = CARTESIAN_POINT('',(-24.98128555918,18.730867290586,59.));
#2344 = CARTESIAN_POINT('',(-24.02059047848,19.384396708908,59.));
#2345 = CARTESIAN_POINT('',(-22.26130644918,20.484484009976,59.));
#2346 = CARTESIAN_POINT('',(-21.47184130267,20.945439231679,59.));
#2347 = CARTESIAN_POINT('',(-20.66900596621,21.383146764017,59.));
#2348 = CARTESIAN_POINT('',(-19.85402000805,21.797879073931,59.));
#2349 = CARTESIAN_POINT('',(-19.02799816279,22.189912669282,59.));
#2350 = CARTESIAN_POINT('',(-18.19194872425,22.559524789835,59.));
#2351 = CARTESIAN_POINT('',(-16.69558773385,23.174701878006,59.));
#2352 = CARTESIAN_POINT('',(-16.0389962364,23.429262041427,59.));
#2353 = CARTESIAN_POINT('',(-15.37741532584,23.670793416684,59.));
#2354 = CARTESIAN_POINT('',(-14.7112399096,23.899412216755,59.));
#2355 = CARTESIAN_POINT('',(-14.04084192253,24.115228039419,59.));
#2356 = CARTESIAN_POINT('',(-13.36657032698,24.318343867259,59.));
#2357 = CARTESIAN_POINT('',(-10.92215802189,25.005385725875,59.));
#2358 = CARTESIAN_POINT('',(-9.131687679376,25.416241215478,59.));
#2359 = CARTESIAN_POINT('',(-7.322831976594,25.743238178683,59.));
#2360 = CARTESIAN_POINT('',(-5.500685741002,25.987604944336,59.));
#2361 = CARTESIAN_POINT('',(-3.669979773152,26.150195246805,59.));
#2362 = CARTESIAN_POINT('',(-1.835086751153,26.23150695482,59.));
#2363 = CARTESIAN_POINT('',(1.835086747113,26.23150695375,59.));
#2364 = CARTESIAN_POINT('',(3.669979769907,26.150195244593,59.));
#2365 = CARTESIAN_POINT('',(5.500685738546,25.987604941511,59.));
#2366 = CARTESIAN_POINT('',(7.322831975091,25.743238176425,59.));
#2367 = CARTESIAN_POINT('',(9.131687679073,25.416241215081,59.));
#2368 = CARTESIAN_POINT('',(10.922158023026,25.005385728033,59.));
#2369 = CARTESIAN_POINT('',(13.366570330324,24.318343872471,59.));
#2370 = CARTESIAN_POINT('',(14.040841926476,24.11522804544,59.));
#2371 = CARTESIAN_POINT('',(14.711239914129,23.899412223484,59.));
#2372 = CARTESIAN_POINT('',(15.377415330931,23.67079342396,59.));
#2373 = CARTESIAN_POINT('',(16.038996241979,23.429262049034,59.));
#2374 = CARTESIAN_POINT('',(16.695587739825,23.174701885673,59.));
#2375 = CARTESIAN_POINT('',(18.191948731238,22.559524796742,59.));
#2376 = CARTESIAN_POINT('',(19.027998170306,22.189912675134,59.));
#2377 = CARTESIAN_POINT('',(19.85402001577,21.797879078087,59.));
#2378 = CARTESIAN_POINT('',(20.669005973751,21.383146765786,59.));
#2379 = CARTESIAN_POINT('',(21.471841309586,20.945439230385,59.));
#2380 = CARTESIAN_POINT('',(22.261306455019,20.484484005042,59.));
#2381 = CARTESIAN_POINT('',(24.020590480888,19.384396694932,59.));
#2382 = CARTESIAN_POINT('',(24.98128555908,18.730867270984,59.));
#2383 = CARTESIAN_POINT('',(25.915524171971,18.038850352908,59.));
#2384 = CARTESIAN_POINT('',(26.820171020916,17.307899429275,59.));
#2385 = CARTESIAN_POINT('',(27.69164827759,16.537764502353,59.));
#2386 = CARTESIAN_POINT('',(28.52598867496,15.728457765021,59.));
#2387 = CARTESIAN_POINT('',(29.949882298606,14.20536647468,59.));
#2388 = CARTESIAN_POINT('',(30.55458244221,13.505874890914,59.));
#2389 = CARTESIAN_POINT('',(31.130802244963,12.782048987968,59.));
#2390 = CARTESIAN_POINT('',(31.676150159402,12.034321737153,59.));
#2391 = CARTESIAN_POINT('',(32.188085583209,11.263395261162,59.));
#2392 = CARTESIAN_POINT('',(32.663999001237,10.470298474923,59.));
#2393 = CARTESIAN_POINT('',(33.782667246227,8.388486090911,59.));
#2394 = CARTESIAN_POINT('',(34.370671057576,7.069529705752,59.));
#2395 = CARTESIAN_POINT('',(34.854869838217,5.705965991839,59.));
#2396 = CARTESIAN_POINT('',(35.22591366739,4.305953470906,59.));
#2397 = CARTESIAN_POINT('',(35.476322554797,2.879625994742,59.));
#2398 = CARTESIAN_POINT('',(35.601369985996,1.439303783381,59.));
#2399 = CARTESIAN_POINT('',(35.601369863014,0.,59.));
#2400 = PCURVE('',#1172,#2401);
#2401 = DEFINITIONAL_REPRESENTATION('',(#2402),#2561);
#2402 = B_SPLINE_CURVE_WITH_KNOTS('',7,(#2403,#2404,#2405,#2406,#2407,
    #2408,#2409,#2410,#2411,#2412,#2413,#2414,#2415,#2416,#2417,#2418,
    #2419,#2420,#2421,#2422,#2423,#2424,#2425,#2426,#2427,#2428,#2429,
    #2430,#2431,#2432,#2433,#2434,#2435,#2436,#2437,#2438,#2439,#2440,
    #2441,#2442,#2443,#2444,#2445,#2446,#2447,#2448,#2449,#2450,#2451,
    #2452,#2453,#2454,#2455,#2456,#2457,#2458,#2459,#2460,#2461,#2462,
    #2463,#2464,#2465,#2466,#2467,#2468,#2469,#2470,#2471,#2472,#2473,
    #2474,#2475,#2476,#2477,#2478,#2479,#2480,#2481,#2482,#2483,#2484,
    #2485,#2486,#2487,#2488,#2489,#2490,#2491,#2492,#2493,#2494,#2495,
    #2496,#2497,#2498,#2499,#2500,#2501,#2502,#2503,#2504,#2505,#2506,
    #2507,#2508,#2509,#2510,#2511,#2512,#2513,#2514,#2515,#2516,#2517,
    #2518,#2519,#2520,#2521,#2522,#2523,#2524,#2525,#2526,#2527,#2528,
    #2529,#2530,#2531,#2532,#2533,#2534,#2535,#2536,#2537,#2538,#2539,
    #2540,#2541,#2542,#2543,#2544,#2545,#2546,#2547,#2548,#2549,#2550,
    #2551,#2552,#2553,#2554,#2555,#2556,#2557,#2558,#2559,#2560),
  .UNSPECIFIED.,.F.,.F.,(8,6,6,6,6,6,6,6,6,6,6,6,6,6,6,6,6,6,6,6,6,6,6,6
    ,6,6,8),(0.,5.15812641086E-02,8.468815516824E-02,0.126289936829,
    0.159028915733,0.184253312786,0.249995449122,0.315737586137,
    0.340961983452,0.37370096268,0.415302744757,0.448409636478,
    0.465956441457,0.499999072734,0.523726372055,0.55158972906,
    0.584696668025,0.626298509469,0.659037535416,0.684261968727,
    0.750004199558,0.815746430227,0.840970863475,0.873709889356,
    0.915311730712,0.948418669277,1.000000007399),.UNSPECIFIED.);
#2403 = CARTESIAN_POINT('',(125.60136986301,80.));
#2404 = CARTESIAN_POINT('',(125.60136998599,78.56069621662));
#2405 = CARTESIAN_POINT('',(125.47632255479,77.120374005256));
#2406 = CARTESIAN_POINT('',(125.2259136674,75.694046529104));
#2407 = CARTESIAN_POINT('',(124.8548698382,74.294034008153));
#2408 = CARTESIAN_POINT('',(124.37067105758,72.930470294258));
#2409 = CARTESIAN_POINT('',(123.78266724622,71.61151390909));
#2410 = CARTESIAN_POINT('',(122.66399900123,69.529701525082));
#2411 = CARTESIAN_POINT('',(122.18808558321,68.736604738838));
#2412 = CARTESIAN_POINT('',(121.6761501594,67.965678262852));
#2413 = CARTESIAN_POINT('',(121.13080224496,67.217951012037));
#2414 = CARTESIAN_POINT('',(120.55458244222,66.494125109086));
#2415 = CARTESIAN_POINT('',(119.9498822986,65.794633525324));
#2416 = CARTESIAN_POINT('',(118.52598867496,64.271542234981));
#2417 = CARTESIAN_POINT('',(117.69164827759,63.46223549765));
#2418 = CARTESIAN_POINT('',(116.82017102092,62.692100570729));
#2419 = CARTESIAN_POINT('',(115.91552417197,61.961149647095));
#2420 = CARTESIAN_POINT('',(114.98128555908,61.269132729019));
#2421 = CARTESIAN_POINT('',(114.02059048089,60.615603305071));
#2422 = CARTESIAN_POINT('',(112.26130645502,59.51551599496));
#2423 = CARTESIAN_POINT('',(111.47184130959,59.054560769618));
#2424 = CARTESIAN_POINT('',(110.66900597375,58.616853234217));
#2425 = CARTESIAN_POINT('',(109.85402001577,58.202120921916));
#2426 = CARTESIAN_POINT('',(109.02799817031,57.810087324868));
#2427 = CARTESIAN_POINT('',(108.19194873124,57.440475203261));
#2428 = CARTESIAN_POINT('',(106.69558773983,56.82529811433));
#2429 = CARTESIAN_POINT('',(106.03899624198,56.570737950969));
#2430 = CARTESIAN_POINT('',(105.37741533093,56.329206576042));
#2431 = CARTESIAN_POINT('',(104.71123991413,56.100587776518));
#2432 = CARTESIAN_POINT('',(104.04084192648,55.884771954562));
#2433 = CARTESIAN_POINT('',(103.36657033033,55.681656127531));
#2434 = CARTESIAN_POINT('',(100.92215802303,54.99461427197));
#2435 = CARTESIAN_POINT('',(99.13168767908,54.583758784918));
#2436 = CARTESIAN_POINT('',(97.322831975098,54.256761823577));
#2437 = CARTESIAN_POINT('',(95.500685738553,54.012395058491));
#2438 = CARTESIAN_POINT('',(93.669979769914,53.849804755405));
#2439 = CARTESIAN_POINT('',(91.835086747121,53.768493046251));
#2440 = CARTESIAN_POINT('',(88.164913248855,53.768493045182));
#2441 = CARTESIAN_POINT('',(86.330020226856,53.849804753189));
#2442 = CARTESIAN_POINT('',(84.499314259006,54.012395055666));
#2443 = CARTESIAN_POINT('',(82.677168023414,54.256761821319));
#2444 = CARTESIAN_POINT('',(80.868312320633,54.583758784516));
#2445 = CARTESIAN_POINT('',(79.077841978114,54.994614274125));
#2446 = CARTESIAN_POINT('',(76.633429673022,55.681656132738));
#2447 = CARTESIAN_POINT('',(75.959158077472,55.884771960578));
#2448 = CARTESIAN_POINT('',(75.288760090408,56.100587783242));
#2449 = CARTESIAN_POINT('',(74.622584674162,56.329206583313));
#2450 = CARTESIAN_POINT('',(73.961003763607,56.57073795857));
#2451 = CARTESIAN_POINT('',(73.304412266157,56.825298121991));
#2452 = CARTESIAN_POINT('',(71.808051275753,57.440475210162));
#2453 = CARTESIAN_POINT('',(70.97200183721,57.810087330714));
#2454 = CARTESIAN_POINT('',(70.145979991955,58.202120926065));
#2455 = CARTESIAN_POINT('',(69.330994033791,58.616853235979));
#2456 = CARTESIAN_POINT('',(68.52815869733,59.054560768317));
#2457 = CARTESIAN_POINT('',(67.738693550826,59.515515990019));
#2458 = CARTESIAN_POINT('',(65.979409521523,60.615603291087));
#2459 = CARTESIAN_POINT('',(65.018714440824,61.269132709409));
#2460 = CARTESIAN_POINT('',(64.084475824871,61.961149621632));
#2461 = CARTESIAN_POINT('',(63.179828972766,62.692100539865));
#2462 = CARTESIAN_POINT('',(62.308351713564,63.462235462592));
#2463 = CARTESIAN_POINT('',(61.474011315103,64.271542197524));
#2464 = CARTESIAN_POINT('',(60.050117687008,65.794633493829));
#2465 = CARTESIAN_POINT('',(59.445417539695,66.494125085776));
#2466 = CARTESIAN_POINT('',(58.869197735522,67.217950998604));
#2467 = CARTESIAN_POINT('',(58.323849822156,67.965678260831));
#2468 = CARTESIAN_POINT('',(57.811914401706,68.736604749342));
#2469 = CARTESIAN_POINT('',(57.336000988649,69.529701548519));
#2470 = CARTESIAN_POINT('',(56.666903018481,70.774875560135));
#2471 = CARTESIAN_POINT('',(56.445965384516,71.212036938165));
#2472 = CARTESIAN_POINT('',(56.236255009034,71.654805310258));
#2473 = CARTESIAN_POINT('',(56.03815247066,72.102933226939));
#2474 = CARTESIAN_POINT('',(55.852028423566,72.55614028223));
#2475 = CARTESIAN_POINT('',(55.678237571014,73.01411047251));
#2476 = CARTESIAN_POINT('',(55.204513481421,74.373553167439));
#2477 = CARTESIAN_POINT('',(54.939541102571,75.287345654225));
#2478 = CARTESIAN_POINT('',(54.724714246444,76.215102110555));
#2479 = CARTESIAN_POINT('',(54.562069571903,77.153766180922));
#2480 = CARTESIAN_POINT('',(54.453099907577,78.099980428099));
#2481 = CARTESIAN_POINT('',(54.398630055255,79.050067200744));
#2482 = CARTESIAN_POINT('',(54.398629924536,80.662091548646));
#2483 = CARTESIAN_POINT('',(54.425091463692,81.324210369109));
#2484 = CARTESIAN_POINT('',(54.47801616607,81.985039875115));
#2485 = CARTESIAN_POINT('',(54.55721860928,82.643321204999));
#2486 = CARTESIAN_POINT('',(54.662342029966,83.297851562313));
#2487 = CARTESIAN_POINT('',(54.792873812127,83.947482556445));
#2488 = CARTESIAN_POINT('',(55.130516926798,85.346950743962));
#2489 = CARTESIAN_POINT('',(55.347024639651,86.094576531761));
#2490 = CARTESIAN_POINT('',(55.5966361817,86.832237166843));
#2491 = CARTESIAN_POINT('',(55.87807293795,87.558431315616));
#2492 = CARTESIAN_POINT('',(56.189908098798,88.271884041796));
#2493 = CARTESIAN_POINT('',(56.530629588539,88.971522979696));
#2494 = CARTESIAN_POINT('',(57.336000988644,90.470298451474));
#2495 = CARTESIAN_POINT('',(57.811914401704,91.263395250654));
#2496 = CARTESIAN_POINT('',(58.323849822151,92.034321739162));
#2497 = CARTESIAN_POINT('',(58.869197735516,92.782049001388));
#2498 = CARTESIAN_POINT('',(59.445417539692,93.50587491422));
#2499 = CARTESIAN_POINT('',(60.050117687001,94.205366506164));
#2500 = CARTESIAN_POINT('',(61.474011315097,95.728457802471));
#2501 = CARTESIAN_POINT('',(62.308351713558,96.537764537403));
#2502 = CARTESIAN_POINT('',(63.179828972759,97.30789946013));
#2503 = CARTESIAN_POINT('',(64.084475824864,98.038850378363));
#2504 = CARTESIAN_POINT('',(65.018714440817,98.730867290586));
#2505 = CARTESIAN_POINT('',(65.979409521515,99.384396708908));
#2506 = CARTESIAN_POINT('',(67.738693550818,100.48448400997));
#2507 = CARTESIAN_POINT('',(68.528158697323,100.94543923167));
#2508 = CARTESIAN_POINT('',(69.330994033783,101.38314676401));
#2509 = CARTESIAN_POINT('',(70.145979991947,101.79787907393));
#2510 = CARTESIAN_POINT('',(70.972001837202,102.18991266928));
#2511 = CARTESIAN_POINT('',(71.808051275745,102.55952478983));
#2512 = CARTESIAN_POINT('',(73.304412266149,103.174701878));
#2513 = CARTESIAN_POINT('',(73.961003763598,103.42926204142));
#2514 = CARTESIAN_POINT('',(74.622584674154,103.67079341668));
#2515 = CARTESIAN_POINT('',(75.2887600904,103.89941221675));
#2516 = CARTESIAN_POINT('',(75.959158077463,104.11522803941));
#2517 = CARTESIAN_POINT('',(76.633429673014,104.31834386725));
#2518 = CARTESIAN_POINT('',(79.077841978106,105.00538572587));
#2519 = CARTESIAN_POINT('',(80.868312320624,105.41624121547));
#2520 = CARTESIAN_POINT('',(82.677168023406,105.74323817868));
#2521 = CARTESIAN_POINT('',(84.499314258998,105.98760494433));
#2522 = CARTESIAN_POINT('',(86.330020226848,106.1501952468));
#2523 = CARTESIAN_POINT('',(88.164913248847,106.23150695482));
#2524 = CARTESIAN_POINT('',(91.835086747113,106.23150695375));
#2525 = CARTESIAN_POINT('',(93.669979769907,106.15019524459));
#2526 = CARTESIAN_POINT('',(95.500685738546,105.98760494151));
#2527 = CARTESIAN_POINT('',(97.322831975091,105.74323817642));
#2528 = CARTESIAN_POINT('',(99.131687679073,105.41624121508));
#2529 = CARTESIAN_POINT('',(100.92215802302,105.00538572803));
#2530 = CARTESIAN_POINT('',(103.36657033032,104.31834387247));
#2531 = CARTESIAN_POINT('',(104.04084192647,104.11522804544));
#2532 = CARTESIAN_POINT('',(104.71123991412,103.89941222348));
#2533 = CARTESIAN_POINT('',(105.37741533093,103.67079342396));
#2534 = CARTESIAN_POINT('',(106.03899624197,103.42926204903));
#2535 = CARTESIAN_POINT('',(106.69558773982,103.17470188567));
#2536 = CARTESIAN_POINT('',(108.19194873123,102.55952479674));
#2537 = CARTESIAN_POINT('',(109.0279981703,102.18991267513));
#2538 = CARTESIAN_POINT('',(109.85402001577,101.79787907808));
#2539 = CARTESIAN_POINT('',(110.66900597375,101.38314676578));
#2540 = CARTESIAN_POINT('',(111.47184130958,100.94543923038));
#2541 = CARTESIAN_POINT('',(112.26130645501,100.48448400504));
#2542 = CARTESIAN_POINT('',(114.02059048088,99.384396694932));
#2543 = CARTESIAN_POINT('',(114.98128555908,98.730867270984));
#2544 = CARTESIAN_POINT('',(115.91552417197,98.038850352908));
#2545 = CARTESIAN_POINT('',(116.82017102091,97.307899429275));
#2546 = CARTESIAN_POINT('',(117.69164827759,96.537764502353));
#2547 = CARTESIAN_POINT('',(118.52598867496,95.728457765021));
#2548 = CARTESIAN_POINT('',(119.9498822986,94.20536647468));
#2549 = CARTESIAN_POINT('',(120.55458244221,93.505874890914));
#2550 = CARTESIAN_POINT('',(121.13080224496,92.782048987968));
#2551 = CARTESIAN_POINT('',(121.6761501594,92.034321737153));
#2552 = CARTESIAN_POINT('',(122.1880855832,91.263395261162));
#2553 = CARTESIAN_POINT('',(122.66399900123,90.470298474923));
#2554 = CARTESIAN_POINT('',(123.78266724622,88.388486090911));
#2555 = CARTESIAN_POINT('',(124.37067105757,87.069529705752));
#2556 = CARTESIAN_POINT('',(124.85486983821,85.705965991839));
#2557 = CARTESIAN_POINT('',(125.22591366739,84.305953470906));
#2558 = CARTESIAN_POINT('',(125.47632255479,82.879625994742));
#2559 = CARTESIAN_POINT('',(125.60136998599,81.439303783381));
#2560 = CARTESIAN_POINT('',(125.60136986301,80.));
#2561 = ( GEOMETRIC_REPRESENTATION_CONTEXT(2) 
PARAMETRIC_REPRESENTATION_CONTEXT() REPRESENTATION_CONTEXT('2D SPACE',''
  ) );
#2562 = PCURVE('',#2563,#2594);
#2563 = B_SPLINE_SURFACE_WITH_KNOTS('',14,1,(
    (#2564,#2565)
    ,(#2566,#2567)
    ,(#2568,#2569)
    ,(#2570,#2571)
    ,(#2572,#2573)
    ,(#2574,#2575)
    ,(#2576,#2577)
    ,(#2578,#2579)
    ,(#2580,#2581)
    ,(#2582,#2583)
    ,(#2584,#2585)
    ,(#2586,#2587)
    ,(#2588,#2589)
    ,(#2590,#2591)
    ,(#2592,#2593
    )),.UNSPECIFIED.,.T.,.F.,.F.,(15,15),(2,2),(0.,6.28318530718),(0.,1.
    ),.PIECEWISE_BEZIER_KNOTS.);
#2564 = CARTESIAN_POINT('',(29.3,9.580785254746E-15,13.));
#2565 = CARTESIAN_POINT('',(39.3,3.961429843536E-15,86.));
#2566 = CARTESIAN_POINT('',(29.300000000008,8.661819744904,13.));
#2567 = CARTESIAN_POINT('',(39.300000000005,13.598608200546,
    85.999999999998));
#2568 = CARTESIAN_POINT('',(22.944409216824,17.323642687065,13.));
#2569 = CARTESIAN_POINT('',(30.775265604845,27.197221420642,
    86.000000000016));
#2570 = CARTESIAN_POINT('',(10.233219525622,23.793413388877,
    12.999999999994));
#2571 = CARTESIAN_POINT('',(13.725785916544,37.354426201142,
    85.999999999931));
#2572 = CARTESIAN_POINT('',(-6.932691011942,25.87932359941,
    13.000000000023));
#2573 = CARTESIAN_POINT('',(-9.298797159206,40.629197153578,
    86.000000000196));
#2574 = CARTESIAN_POINT('',(-24.75192684966,22.175253417551,
    12.999999999944));
#2575 = CARTESIAN_POINT('',(-33.1996834539,34.813998888533,
    85.999999999593));
#2576 = CARTESIAN_POINT('',(-38.35492185878,12.851585233524,
    13.000000000098));
#2577 = CARTESIAN_POINT('',(-51.44533887508,20.176322931603,
    86.000000000643));
#2578 = CARTESIAN_POINT('',(-43.47617803982,3.470268828262E-10,
    12.999999999869));
#2579 = CARTESIAN_POINT('',(-58.31446406063,3.082234927638E-10,
    85.99999999921));
#2580 = CARTESIAN_POINT('',(-38.35492185878,-12.85158523416,
    13.000000000136));
#2581 = CARTESIAN_POINT('',(-51.44533887505,-20.17632293216,
    86.000000000769));
#2582 = CARTESIAN_POINT('',(-24.75192684967,-22.17525341706,
    12.999999999889));
#2583 = CARTESIAN_POINT('',(-33.19968345394,-34.81399888809,
    85.999999999401));
#2584 = CARTESIAN_POINT('',(-6.932691011936,-25.87932359971,
    13.000000000073));
#2585 = CARTESIAN_POINT('',(-9.298797159173,-40.62919715385,
    86.000000000372));
#2586 = CARTESIAN_POINT('',(10.233219525619,-23.79341338872,
    12.999999999963));
#2587 = CARTESIAN_POINT('',(13.725785916525,-37.354426201,85.99999999982
    ));
#2588 = CARTESIAN_POINT('',(22.944409216825,-17.32364268711,
    13.000000000014));
#2589 = CARTESIAN_POINT('',(30.775265604853,-27.19722142069,
    86.000000000064));
#2590 = CARTESIAN_POINT('',(29.300000000008,-8.661819744892,
    12.999999999997));
#2591 = CARTESIAN_POINT('',(39.300000000003,-13.59860820053,
    85.999999999986));
#2592 = CARTESIAN_POINT('',(29.3,-1.173549699594E-14,13.));
#2593 = CARTESIAN_POINT('',(39.3,-1.024942515094E-14,86.));
#2594 = DEFINITIONAL_REPRESENTATION('',(#2595),#2819);
#2595 = B_SPLINE_CURVE_WITH_KNOTS('',3,(#2596,#2597,#2598,#2599,#2600,
    #2601,#2602,#2603,#2604,#2605,#2606,#2607,#2608,#2609,#2610,#2611,
    #2612,#2613,#2614,#2615,#2616,#2617,#2618,#2619,#2620,#2621,#2622,
    #2623,#2624,#2625,#2626,#2627,#2628,#2629,#2630,#2631,#2632,#2633,
    #2634,#2635,#2636,#2637,#2638,#2639,#2640,#2641,#2642,#2643,#2644,
    #2645,#2646,#2647,#2648,#2649,#2650,#2651,#2652,#2653,#2654,#2655,
    #2656,#2657,#2658,#2659,#2660,#2661,#2662,#2663,#2664,#2665,#2666,
    #2667,#2668,#2669,#2670,#2671,#2672,#2673,#2674,#2675,#2676,#2677,
    #2678,#2679,#2680,#2681,#2682,#2683,#2684,#2685,#2686,#2687,#2688,
    #2689,#2690,#2691,#2692,#2693,#2694,#2695,#2696,#2697,#2698,#2699,
    #2700,#2701,#2702,#2703,#2704,#2705,#2706,#2707,#2708,#2709,#2710,
    #2711,#2712,#2713,#2714,#2715,#2716,#2717,#2718,#2719,#2720,#2721,
    #2722,#2723,#2724,#2725,#2726,#2727,#2728,#2729,#2730,#2731,#2732,
    #2733,#2734,#2735,#2736,#2737,#2738,#2739,#2740,#2741,#2742,#2743,
    #2744,#2745,#2746,#2747,#2748,#2749,#2750,#2751,#2752,#2753,#2754,
    #2755,#2756,#2757,#2758,#2759,#2760,#2761,#2762,#2763,#2764,#2765,
    #2766,#2767,#2768,#2769,#2770,#2771,#2772,#2773,#2774,#2775,#2776,
    #2777,#2778,#2779,#2780,#2781,#2782,#2783,#2784,#2785,#2786,#2787,
    #2788,#2789,#2790,#2791,#2792,#2793,#2794,#2795,#2796,#2797,#2798,
    #2799,#2800,#2801,#2802,#2803,#2804,#2805,#2806,#2807,#2808,#2809,
    #2810,#2811,#2812,#2813,#2814,#2815,#2816,#2817,#2818),
  .UNSPECIFIED.,.F.,.F.,(4,1,1,1,1,1,1,1,1,1,1,1,1,1,1,1,1,1,1,1,1,1,1,1
    ,1,1,1,1,1,1,1,1,1,1,1,1,1,1,1,1,1,1,1,1,1,1,1,1,1,1,1,1,1,1,1,1,1,1
    ,1,1,1,1,1,1,1,1,1,1,1,1,1,1,1,1,1,1,1,1,1,1,1,1,1,1,1,1,1,1,1,1,1,1
    ,1,1,1,1,1,1,1,1,1,1,1,1,1,1,1,1,1,1,1,1,1,1,1,1,1,1,1,1,1,1,1,1,1,1
    ,1,1,1,1,1,1,1,1,1,1,1,1,1,1,1,1,1,1,1,1,1,1,1,1,1,1,1,1,1,1,1,1,1,1
    ,1,1,1,1,1,1,1,1,1,1,1,1,1,1,1,1,1,1,1,1,1,1,1,1,1,1,1,1,1,1,1,1,1,1
    ,1,1,1,1,1,1,1,1,1,1,1,1,1,1,1,1,1,1,1,1,1,1,1,1,1,1,4),(0.,
    4.545454579089E-03,9.090909158177E-03,1.363636373727E-02,
    1.818181831635E-02,2.272727289544E-02,2.727272747453E-02,
    3.181818205362E-02,3.636363663271E-02,4.09090912118E-02,
    4.545454579089E-02,5.000000036997E-02,5.454545494906E-02,
    5.909090952815E-02,6.363636410724E-02,6.818181868633E-02,
    7.272727326542E-02,7.72727278445E-02,8.181818242359E-02,
    8.636363700268E-02,9.090909158177E-02,9.545454616086E-02,
    0.10000000074,0.104545455319,0.109090909898,0.113636364477,
    0.118181819056,0.122727273635,0.127272728214,0.131818182794,
    0.136363637373,0.140909091952,0.145454546531,0.15000000111,
    0.154545455689,0.159090910268,0.163636364847,0.168181819426,
    0.172727274005,0.177272728584,0.181818183164,0.186363637743,
    0.190909092322,0.195454546901,0.20000000148,0.204545456059,
    0.209090910638,0.213636365217,0.218181819796,0.222727274375,
    0.227272728954,0.231818183534,0.236363638113,0.240909092692,
    0.245454547271,0.25000000185,0.254545456429,0.259090911008,
    0.263636365587,0.268181820166,0.272727274745,0.277272729324,
    0.281818183903,0.286363638483,0.290909093062,0.295454547641,
    0.30000000222,0.304545456799,0.309090911378,0.313636365957,
    0.318181820536,0.322727275115,0.327272729694,0.331818184273,
    0.336363638853,0.340909093432,0.345454548011,0.35000000259,
    0.354545457169,0.359090911748,0.363636366327,0.368181820906,
    0.372727275485,0.377272730064,0.381818184643,0.386363639223,
    0.390909093802,0.395454548381,0.40000000296,0.404545457539,
    0.409090912118,0.413636366697,0.418181821276,0.422727275855,
    0.427272730434,0.431818185013,0.436363639592,0.440909094172,
    0.445454548751,0.45000000333,0.454545457909,0.459090912488,
    0.463636367067,0.468181821646,0.472727276225,0.477272730804,
    0.481818185383,0.486363639962,0.490909094542,0.495454549121,
    0.5000000037,0.504545458279,0.509090912858,0.513636367437,
    0.518181822016,0.522727276595,0.527272731174,0.531818185753,
    0.536363640332,0.540909094912,0.545454549491,0.55000000407,
    0.554545458649,0.559090913228,0.563636367807,0.568181822386,
    0.572727276965,0.577272731544,0.581818186123,0.586363640702,
    0.590909095282,0.595454549861,0.60000000444,0.604545459019,
    0.609090913598,0.613636368177,0.618181822756,0.622727277335,
    0.627272731914,0.631818186493,0.636363641072,0.640909095651,
    0.645454550231,0.65000000481,0.654545459389,0.659090913968,
    0.663636368547,0.668181823126,0.672727277705,0.677272732284,
    0.681818186863,0.686363641442,0.690909096021,0.695454550601,
    0.70000000518,0.704545459759,0.709090914338,0.713636368917,
    0.718181823496,0.722727278075,0.727272732654,0.731818187233,
    0.736363641812,0.740909096391,0.745454550971,0.75000000555,
    0.754545460129,0.759090914708,0.763636369287,0.768181823866,
    0.772727278445,0.777272733024,0.781818187603,0.786363642182,
    0.790909096761,0.79545455134,0.80000000592,0.804545460499,
    0.809090915078,0.813636369657,0.818181824236,0.822727278815,
    0.827272733394,0.831818187973,0.836363642552,0.840909097131,
    0.84545455171,0.85000000629,0.854545460869,0.859090915448,
    0.863636370027,0.868181824606,0.872727279185,0.877272733764,
    0.881818188343,0.886363642922,0.890909097501,0.89545455208,
    0.90000000666,0.904545461239,0.909090915818,0.913636370397,
    0.918181824976,0.922727279555,0.927272734134,0.931818188713,
    0.936363643292,0.940909097871,0.94545455245,0.95000000703,
    0.954545461609,0.959090916188,0.963636370767,0.968181825346,
    0.972727279925,0.977272734504,0.981818189083,0.986363643662,
    0.990909098241,0.99545455282,1.000000007399),.QUASI_UNIFORM_KNOTS.);
#2596 = CARTESIAN_POINT('',(6.28318530718,0.630136986301));
#2597 = CARTESIAN_POINT('',(6.271902802529,0.630136986309));
#2598 = CARTESIAN_POINT('',(6.249334989156,0.630136986306));
#2599 = CARTESIAN_POINT('',(6.215510923311,0.630136986278));
#2600 = CARTESIAN_POINT('',(6.181752160942,0.630136986317));
#2601 = CARTESIAN_POINT('',(6.148090811393,0.630136986315));
#2602 = CARTESIAN_POINT('',(6.114556079362,0.630136986291));
#2603 = CARTESIAN_POINT('',(6.081174184212,0.630136986288));
#2604 = CARTESIAN_POINT('',(6.047968917502,0.630136986314));
#2605 = CARTESIAN_POINT('',(6.014961956762,0.630136986334));
#2606 = CARTESIAN_POINT('',(5.982173166406,0.630136986329));
#2607 = CARTESIAN_POINT('',(5.949620894789,0.630136986338));
#2608 = CARTESIAN_POINT('',(5.917322042016,0.630136986509));
#2609 = CARTESIAN_POINT('',(5.885292822105,0.630136986391));
#2610 = CARTESIAN_POINT('',(5.853534194618,0.630136986298));
#2611 = CARTESIAN_POINT('',(5.822053787141,0.630136986327));
#2612 = CARTESIAN_POINT('',(5.790855477621,0.630136986301));
#2613 = CARTESIAN_POINT('',(5.75994167096,0.630136986282));
#2614 = CARTESIAN_POINT('',(5.729312832805,0.630136986336));
#2615 = CARTESIAN_POINT('',(5.698967872569,0.630136986281));
#2616 = CARTESIAN_POINT('',(5.668903638288,0.630136986366));
#2617 = CARTESIAN_POINT('',(5.639117681717,0.630136986285));
#2618 = CARTESIAN_POINT('',(5.609604235652,0.630136986275));
#2619 = CARTESIAN_POINT('',(5.580357259697,0.630136986309));
#2620 = CARTESIAN_POINT('',(5.551370285992,0.630136986321));
#2621 = CARTESIAN_POINT('',(5.522636426847,0.630136986299));
#2622 = CARTESIAN_POINT('',(5.494148347387,0.630136986278));
#2623 = CARTESIAN_POINT('',(5.465898184844,0.630136986269));
#2624 = CARTESIAN_POINT('',(5.437877684915,0.63013698628));
#2625 = CARTESIAN_POINT('',(5.410077492395,0.630136986072));
#2626 = CARTESIAN_POINT('',(5.382489821657,0.630136986304));
#2627 = CARTESIAN_POINT('',(5.35510612657,0.630136986329));
#2628 = CARTESIAN_POINT('',(5.327917526706,0.630136986258));
#2629 = CARTESIAN_POINT('',(5.300915386562,0.630136986272));
#2630 = CARTESIAN_POINT('',(5.274091073191,0.630136986341));
#2631 = CARTESIAN_POINT('',(5.247435977891,0.630136986231));
#2632 = CARTESIAN_POINT('',(5.220941321012,0.630136986066));
#2633 = CARTESIAN_POINT('',(5.194598576688,0.630136986308));
#2634 = CARTESIAN_POINT('',(5.168399493542,0.630136986304));
#2635 = CARTESIAN_POINT('',(5.142335670628,0.630136986288));
#2636 = CARTESIAN_POINT('',(5.116398922255,0.6301369863));
#2637 = CARTESIAN_POINT('',(5.090581172061,0.630136986259));
#2638 = CARTESIAN_POINT('',(5.064874228375,0.630136986055));
#2639 = CARTESIAN_POINT('',(5.039271313129,0.630136986223));
#2640 = CARTESIAN_POINT('',(5.013763892357,0.630136986297));
#2641 = CARTESIAN_POINT('',(4.988343967348,0.630136986297));
#2642 = CARTESIAN_POINT('',(4.963003728205,0.630136986265));
#2643 = CARTESIAN_POINT('',(4.937735587226,0.630136986255));
#2644 = CARTESIAN_POINT('',(4.912532114703,0.630136986279));
#2645 = CARTESIAN_POINT('',(4.887386004404,0.630136986317));
#2646 = CARTESIAN_POINT('',(4.862290033616,0.630136986341));
#2647 = CARTESIAN_POINT('',(4.83723702768,0.630136986337));
#2648 = CARTESIAN_POINT('',(4.812219821173,0.630136986317));
#2649 = CARTESIAN_POINT('',(4.787231234101,0.630136986319));
#2650 = CARTESIAN_POINT('',(4.762263994421,0.630136986383));
#2651 = CARTESIAN_POINT('',(4.737310860305,0.630136986514));
#2652 = CARTESIAN_POINT('',(4.712363994219,0.630136986631));
#2653 = CARTESIAN_POINT('',(4.687417124225,0.630136986513));
#2654 = CARTESIAN_POINT('',(4.662463969126,0.630136986382));
#2655 = CARTESIAN_POINT('',(4.637496694235,0.630136986318));
#2656 = CARTESIAN_POINT('',(4.612508057243,0.630136986317));
#2657 = CARTESIAN_POINT('',(4.587490786431,0.630136986337));
#2658 = CARTESIAN_POINT('',(4.562437701831,0.630136986341));
#2659 = CARTESIAN_POINT('',(4.537341638038,0.630136986317));
#2660 = CARTESIAN_POINT('',(4.512195420331,0.630136986279));
#2661 = CARTESIAN_POINT('',(4.486991825862,0.630136986255));
#2662 = CARTESIAN_POINT('',(4.461723548192,0.630136986265));
#2663 = CARTESIAN_POINT('',(4.436383157339,0.630136986297));
#2664 = CARTESIAN_POINT('',(4.410963065192,0.630136986297));
#2665 = CARTESIAN_POINT('',(4.385455461554,0.630136986223));
#2666 = CARTESIAN_POINT('',(4.359852346576,0.630136986055));
#2667 = CARTESIAN_POINT('',(4.334145187832,0.630136986259));
#2668 = CARTESIAN_POINT('',(4.308327207991,0.6301369863));
#2669 = CARTESIAN_POINT('',(4.282390213389,0.630136986288));
#2670 = CARTESIAN_POINT('',(4.256326128023,0.630136986304));
#2671 = CARTESIAN_POINT('',(4.230126765959,0.630136986308));
#2672 = CARTESIAN_POINT('',(4.203783725504,0.630136986066));
#2673 = CARTESIAN_POINT('',(4.17728875657,0.630136986232));
#2674 = CARTESIAN_POINT('',(4.150633331199,0.630136986341));
#2675 = CARTESIAN_POINT('',(4.123808670543,0.630136986272));
#2676 = CARTESIAN_POINT('',(4.096806165841,0.630136986258));
#2677 = CARTESIAN_POINT('',(4.069617184061,0.630136986329));
#2678 = CARTESIAN_POINT('',(4.042233089891,0.630136986303));
#2679 = CARTESIAN_POINT('',(4.014645001301,0.630136986072));
#2680 = CARTESIAN_POINT('',(3.986844376693,0.63013698628));
#2681 = CARTESIAN_POINT('',(3.958823425879,0.630136986269));
#2682 = CARTESIAN_POINT('',(3.930572795212,0.630136986278));
#2683 = CARTESIAN_POINT('',(3.902084231409,0.630136986299));
#2684 = CARTESIAN_POINT('',(3.873349872747,0.630136986321));
#2685 = CARTESIAN_POINT('',(3.844362385318,0.630136986309));
#2686 = CARTESIAN_POINT('',(3.815114882235,0.630136986275));
#2687 = CARTESIAN_POINT('',(3.785600896787,0.630136986285));
#2688 = CARTESIAN_POINT('',(3.755814388174,0.630136986366));
#2689 = CARTESIAN_POINT('',(3.725749594399,0.630136986282));
#2690 = CARTESIAN_POINT('',(3.695404068463,0.630136986335));
#2691 = CARTESIAN_POINT('',(3.664774661782,0.630136986282));
#2692 = CARTESIAN_POINT('',(3.633860280447,0.6301369863));
#2693 = CARTESIAN_POINT('',(3.602661420174,0.630136986326));
#2694 = CARTESIAN_POINT('',(3.571180390117,0.630136986286));
#2695 = CARTESIAN_POINT('',(3.539421444067,0.63013698637));
#2696 = CARTESIAN_POINT('',(3.507390827458,0.630136986376));
#2697 = CARTESIAN_POINT('',(3.475097624127,0.630136986285));
#2698 = CARTESIAN_POINT('',(3.442553545916,0.630136986306));
#2699 = CARTESIAN_POINT('',(3.409772721967,0.630136986313));
#2700 = CARTESIAN_POINT('',(3.376772372096,0.630136986264));
#2701 = CARTESIAN_POINT('',(3.343569669898,0.630136986333));
#2702 = CARTESIAN_POINT('',(3.310190033227,0.630136986285));
#2703 = CARTESIAN_POINT('',(3.276658840844,0.630136986293));
#2704 = CARTESIAN_POINT('',(3.243003056412,0.630136986326));
#2705 = CARTESIAN_POINT('',(3.209251332998,0.630136986332));
#2706 = CARTESIAN_POINT('',(3.175434102521,0.630136986337));
#2707 = CARTESIAN_POINT('',(3.141585495678,0.63013698676));
#2708 = CARTESIAN_POINT('',(3.107738247953,0.630136986239));
#2709 = CARTESIAN_POINT('',(3.073922992892,0.630136986323));
#2710 = CARTESIAN_POINT('',(3.040172756027,0.630136986373));
#2711 = CARTESIAN_POINT('',(3.006517748741,0.630136986179));
#2712 = CARTESIAN_POINT('',(2.972987440013,0.630136986683));
#2713 = CARTESIAN_POINT('',(2.939609923946,0.630136986333));
#2714 = CARTESIAN_POINT('',(2.90640921299,0.630136986323));
#2715 = CARTESIAN_POINT('',(2.873408663204,0.630136986308));
#2716 = CARTESIAN_POINT('',(2.840627765183,0.63013698629));
#2717 = CARTESIAN_POINT('',(2.80808340678,0.630136986319));
#2718 = CARTESIAN_POINT('',(2.775789879579,0.630136986307));
#2719 = CARTESIAN_POINT('',(2.743759399149,0.630136986341));
#2720 = CARTESIAN_POINT('',(2.712000523386,0.630136986279));
#2721 = CARTESIAN_POINT('',(2.68051958084,0.630136986324));
#2722 = CARTESIAN_POINT('',(2.649320802908,0.6301369863));
#2723 = CARTESIAN_POINT('',(2.618406504518,0.630136986282));
#2724 = CARTESIAN_POINT('',(2.587777179588,0.630136986335));
#2725 = CARTESIAN_POINT('',(2.557431734389,0.630136986282));
#2726 = CARTESIAN_POINT('',(2.527367020139,0.630136986366));
#2727 = CARTESIAN_POINT('',(2.49758058977,0.630136986285));
#2728 = CARTESIAN_POINT('',(2.46806668097,0.630136986275));
#2729 = CARTESIAN_POINT('',(2.438819252994,0.630136986309));
#2730 = CARTESIAN_POINT('',(2.409831839084,0.630136986321));
#2731 = CARTESIAN_POINT('',(2.381097552334,0.630136986299));
#2732 = CARTESIAN_POINT('',(2.352609058809,0.630136986278));
#2733 = CARTESIAN_POINT('',(2.324358496754,0.630136986269));
#2734 = CARTESIAN_POINT('',(2.296337612861,0.63013698628));
#2735 = CARTESIAN_POINT('',(2.268537053428,0.630136986072));
#2736 = CARTESIAN_POINT('',(2.240949028575,0.630136986304));
#2737 = CARTESIAN_POINT('',(2.21356499647,0.630136986329));
#2738 = CARTESIAN_POINT('',(2.186376075217,0.630136986258));
#2739 = CARTESIAN_POINT('',(2.159373629528,0.630136986272));
#2740 = CARTESIAN_POINT('',(2.132549026416,0.630136986341));
#2741 = CARTESIAN_POINT('',(2.105893657156,0.630136986232));
#2742 = CARTESIAN_POINT('',(2.079398742896,0.630136986066));
#2743 = CARTESIAN_POINT('',(2.053055755828,0.630136986308));
#2744 = CARTESIAN_POINT('',(2.026856445828,0.630136986304));
#2745 = CARTESIAN_POINT('',(2.000792411281,0.630136986288));
#2746 = CARTESIAN_POINT('',(1.974855466299,0.6301369863));
#2747 = CARTESIAN_POINT('',(1.949037534897,0.630136986259));
#2748 = CARTESIAN_POINT('',(1.923330423543,0.630136986055));
#2749 = CARTESIAN_POINT('',(1.897727354902,0.630136986223));
#2750 = CARTESIAN_POINT('',(1.872219796508,0.630136986297));
#2751 = CARTESIAN_POINT('',(1.846799748601,0.630136986297));
#2752 = CARTESIAN_POINT('',(1.821459401031,0.630136986265));
#2753 = CARTESIAN_POINT('',(1.79619116574,0.630136986255));
#2754 = CARTESIAN_POINT('',(1.770987612791,0.630136986279));
#2755 = CARTESIAN_POINT('',(1.745841435783,0.630136986317));
#2756 = CARTESIAN_POINT('',(1.72074541191,0.630136986341));
#2757 = CARTESIAN_POINT('',(1.695692366482,0.630136986337));
#2758 = CARTESIAN_POINT('',(1.670675134129,0.630136986317));
#2759 = CARTESIAN_POINT('',(1.645686534912,0.630136986318));
#2760 = CARTESIAN_POINT('',(1.620719297136,0.630136986382));
#2761 = CARTESIAN_POINT('',(1.595766178547,0.630136986513));
#2762 = CARTESIAN_POINT('',(1.570819344387,0.630136986631));
#2763 = CARTESIAN_POINT('',(1.545872513863,0.630136986514));
#2764 = CARTESIAN_POINT('',(1.520919414691,0.630136986382));
#2765 = CARTESIAN_POINT('',(1.495952209473,0.630136986318));
#2766 = CARTESIAN_POINT('',(1.470963656387,0.630136986317));
#2767 = CARTESIAN_POINT('',(1.445946483431,0.630136986337));
#2768 = CARTESIAN_POINT('',(1.420893510638,0.630136986341));
#2769 = CARTESIAN_POINT('',(1.395797572616,0.630136986317));
#2770 = CARTESIAN_POINT('',(1.370651494733,0.630136986279));
#2771 = CARTESIAN_POINT('',(1.345448054301,0.630136986255));
#2772 = CARTESIAN_POINT('',(1.320179945114,0.630136986265));
#2773 = CARTESIAN_POINT('',(1.294839737485,0.630136986297));
#2774 = CARTESIAN_POINT('',(1.269419843733,0.630136986297));
#2775 = CARTESIAN_POINT('',(1.243912453983,0.630136986223));
#2776 = CARTESIAN_POINT('',(1.218309569528,0.630136986055));
#2777 = CARTESIAN_POINT('',(1.192602656479,0.630136986259));
#2778 = CARTESIAN_POINT('',(1.166784936823,0.6301369863));
#2779 = CARTESIAN_POINT('',(1.140848218866,0.630136986288));
#2780 = CARTESIAN_POINT('',(1.114784426291,0.630136986304));
#2781 = CARTESIAN_POINT('',(1.088585373435,0.630136986308));
#2782 = CARTESIAN_POINT('',(1.062242659369,0.630136986066));
#2783 = CARTESIAN_POINT('',(1.035748032786,0.630136986231));
#2784 = CARTESIAN_POINT('',(1.009092967803,0.630136986341));
#2785 = CARTESIAN_POINT('',(0.982268684828,0.630136986272));
#2786 = CARTESIAN_POINT('',(0.955266575194,0.630136986258));
#2787 = CARTESIAN_POINT('',(0.928078005989,0.630136986329));
#2788 = CARTESIAN_POINT('',(0.900694341753,0.630136986304));
#2789 = CARTESIAN_POINT('',(0.87310670206,0.630136986072));
#2790 = CARTESIAN_POINT('',(0.845306540911,0.63013698628));
#2791 = CARTESIAN_POINT('',(0.817286072621,0.630136986269));
#2792 = CARTESIAN_POINT('',(0.789035942054,0.630136986278));
#2793 = CARTESIAN_POINT('',(0.760547894964,0.630136986299));
#2794 = CARTESIAN_POINT('',(0.731814068632,0.630136986321));
#2795 = CARTESIAN_POINT('',(0.702827128233,0.630136986309));
#2796 = CARTESIAN_POINT('',(0.67358018612,0.630136986275));
#2797 = CARTESIAN_POINT('',(0.644066774474,0.630136986285));
#2798 = CARTESIAN_POINT('',(0.614280852925,0.630136986366));
#2799 = CARTESIAN_POINT('',(0.584216654359,0.630136986281));
#2800 = CARTESIAN_POINT('',(0.55387173057,0.630136986336));
#2801 = CARTESIAN_POINT('',(0.523242929623,0.630136986282));
#2802 = CARTESIAN_POINT('',(0.492329160981,0.630136986301));
#2803 = CARTESIAN_POINT('',(0.461130890328,0.630136986327));
#2804 = CARTESIAN_POINT('',(0.429650522589,0.630136986298));
#2805 = CARTESIAN_POINT('',(0.397891935752,0.630136986391));
#2806 = CARTESIAN_POINT('',(0.36586275734,0.630136986509));
#2807 = CARTESIAN_POINT('',(0.333563946949,0.630136986338));
#2808 = CARTESIAN_POINT('',(0.301011718712,0.630136986329));
#2809 = CARTESIAN_POINT('',(0.268222972634,0.630136986334));
#2810 = CARTESIAN_POINT('',(0.23521605702,0.630136986314));
#2811 = CARTESIAN_POINT('',(0.202010836212,0.630136986288));
#2812 = CARTESIAN_POINT('',(0.168628987667,0.630136986291));
#2813 = CARTESIAN_POINT('',(0.13509430286,0.630136986315));
#2814 = CARTESIAN_POINT('',(0.101433001057,0.630136986317));
#2815 = CARTESIAN_POINT('',(6.767428684602E-02,0.630136986278));
#2816 = CARTESIAN_POINT('',(3.385026944684E-02,0.630136986306));
#2817 = CARTESIAN_POINT('',(1.128248845994E-02,0.630136986309));
#2818 = CARTESIAN_POINT('',(8.881784197001E-16,0.630136986301));
#2819 = ( GEOMETRIC_REPRESENTATION_CONTEXT(2) 
PARAMETRIC_REPRESENTATION_CONTEXT() REPRESENTATION_CONTEXT('2D SPACE',''
  ) );
#2820 = ADVANCED_FACE('',(#2821),#1542,.T.);
#2821 = FACE_BOUND('',#2822,.T.);
#2822 = EDGE_LOOP('',(#2823,#2824,#2845,#2846));
#2823 = ORIENTED_EDGE('',*,*,#1526,.T.);
#2824 = ORIENTED_EDGE('',*,*,#2825,.F.);
#2825 = EDGE_CURVE('',#1830,#1527,#2826,.T.);
#2826 = SURFACE_CURVE('',#2827,(#2831,#2838),.PCURVE_S1.);
#2827 = LINE('',#2828,#2829);
#2828 = CARTESIAN_POINT('',(14.505554678297,0.59,19.950001127904));
#2829 = VECTOR('',#2830,1.);
#2830 = DIRECTION('',(0.,-1.,0.));
#2831 = PCURVE('',#1542,#2832);
#2832 = DEFINITIONAL_REPRESENTATION('',(#2833),#2837);
#2833 = LINE('',#2834,#2835);
#2834 = CARTESIAN_POINT('',(10.578295650651,2.));
#2835 = VECTOR('',#2836,1.);
#2836 = DIRECTION('',(0.,-1.));
#2837 = ( GEOMETRIC_REPRESENTATION_CONTEXT(2) 
PARAMETRIC_REPRESENTATION_CONTEXT() REPRESENTATION_CONTEXT('2D SPACE',''
  ) );
#2838 = PCURVE('',#1575,#2839);
#2839 = DEFINITIONAL_REPRESENTATION('',(#2840),#2844);
#2840 = LINE('',#2841,#2842);
#2841 = CARTESIAN_POINT('',(-0.,0.));
#2842 = VECTOR('',#2843,1.);
#2843 = DIRECTION('',(-0.,1.));
#2844 = ( GEOMETRIC_REPRESENTATION_CONTEXT(2) 
PARAMETRIC_REPRESENTATION_CONTEXT() REPRESENTATION_CONTEXT('2D SPACE',''
  ) );
#2845 = ORIENTED_EDGE('',*,*,#1829,.F.);
#2846 = ORIENTED_EDGE('',*,*,#1774,.T.);
#2847 = ADVANCED_FACE('',(#2848),#1575,.T.);
#2848 = FACE_BOUND('',#2849,.F.);
#2849 = EDGE_LOOP('',(#2850,#2851,#2872,#2873));
#2850 = ORIENTED_EDGE('',*,*,#1852,.T.);
#2851 = ORIENTED_EDGE('',*,*,#2852,.T.);
#2852 = EDGE_CURVE('',#1853,#1555,#2853,.T.);
#2853 = SURFACE_CURVE('',#2854,(#2858,#2865),.PCURVE_S1.);
#2854 = LINE('',#2855,#2856);
#2855 = CARTESIAN_POINT('',(14.,0.59,21.42345860034));
#2856 = VECTOR('',#2857,1.);
#2857 = DIRECTION('',(0.,-1.,0.));
#2858 = PCURVE('',#1575,#2859);
#2859 = DEFINITIONAL_REPRESENTATION('',(#2860),#2864);
#2860 = LINE('',#2861,#2862);
#2861 = CARTESIAN_POINT('',(-0.661043168851,0.));
#2862 = VECTOR('',#2863,1.);
#2863 = DIRECTION('',(-0.,1.));
#2864 = ( GEOMETRIC_REPRESENTATION_CONTEXT(2) 
PARAMETRIC_REPRESENTATION_CONTEXT() REPRESENTATION_CONTEXT('2D SPACE',''
  ) );
#2865 = PCURVE('',#1603,#2866);
#2866 = DEFINITIONAL_REPRESENTATION('',(#2867),#2871);
#2867 = LINE('',#2868,#2869);
#2868 = CARTESIAN_POINT('',(0.82345860034,2.));
#2869 = VECTOR('',#2870,1.);
#2870 = DIRECTION('',(0.,-1.));
#2871 = ( GEOMETRIC_REPRESENTATION_CONTEXT(2) 
PARAMETRIC_REPRESENTATION_CONTEXT() REPRESENTATION_CONTEXT('2D SPACE',''
  ) );
#2872 = ORIENTED_EDGE('',*,*,#1554,.F.);
#2873 = ORIENTED_EDGE('',*,*,#2825,.F.);
#2874 = ADVANCED_FACE('',(#2875),#1603,.T.);
#2875 = FACE_BOUND('',#2876,.T.);
#2876 = EDGE_LOOP('',(#2877,#2878,#2879,#2898));
#2877 = ORIENTED_EDGE('',*,*,#2852,.T.);
#2878 = ORIENTED_EDGE('',*,*,#1587,.T.);
#2879 = ORIENTED_EDGE('',*,*,#2880,.F.);
#2880 = EDGE_CURVE('',#1881,#1588,#2881,.T.);
#2881 = SURFACE_CURVE('',#2882,(#2886,#2892),.PCURVE_S1.);
#2882 = LINE('',#2883,#2884);
#2883 = CARTESIAN_POINT('',(14.,-0.705,24.7));
#2884 = VECTOR('',#2885,1.);
#2885 = DIRECTION('',(0.,-1.,0.));
#2886 = PCURVE('',#1603,#2887);
#2887 = DEFINITIONAL_REPRESENTATION('',(#2888),#2891);
#2888 = B_SPLINE_CURVE_WITH_KNOTS('',1,(#2889,#2890),.UNSPECIFIED.,.F.,
  .F.,(2,2),(-1.295,2.705),.PIECEWISE_BEZIER_KNOTS.);
#2889 = CARTESIAN_POINT('',(4.1,2.));
#2890 = CARTESIAN_POINT('',(4.1,-2.));
#2891 = ( GEOMETRIC_REPRESENTATION_CONTEXT(2) 
PARAMETRIC_REPRESENTATION_CONTEXT() REPRESENTATION_CONTEXT('2D SPACE',''
  ) );
#2892 = PCURVE('',#1630,#2893);
#2893 = DEFINITIONAL_REPRESENTATION('',(#2894),#2897);
#2894 = B_SPLINE_CURVE_WITH_KNOTS('',1,(#2895,#2896),.UNSPECIFIED.,.F.,
  .F.,(2,2),(-1.295,2.705),.PIECEWISE_BEZIER_KNOTS.);
#2895 = CARTESIAN_POINT('',(12.530939566133,0.59));
#2896 = CARTESIAN_POINT('',(12.530939566133,-3.41));
#2897 = ( GEOMETRIC_REPRESENTATION_CONTEXT(2) 
PARAMETRIC_REPRESENTATION_CONTEXT() REPRESENTATION_CONTEXT('2D SPACE',''
  ) );
#2898 = ORIENTED_EDGE('',*,*,#1880,.F.);
#2899 = ADVANCED_FACE('',(#2900,#3390),#1630,.T.);
#2900 = FACE_BOUND('',#2901,.T.);
#2901 = EDGE_LOOP('',(#2902));
#2902 = ORIENTED_EDGE('',*,*,#2903,.F.);
#2903 = EDGE_CURVE('',#2904,#2904,#2906,.T.);
#2904 = VERTEX_POINT('',#2905);
#2905 = CARTESIAN_POINT('',(30.902739726027,8.680148839524E-15,24.7));
#2906 = SURFACE_CURVE('',#2907,(#3066,#3228),.PCURVE_S1.);
#2907 = B_SPLINE_CURVE_WITH_KNOTS('',7,(#2908,#2909,#2910,#2911,#2912,
    #2913,#2914,#2915,#2916,#2917,#2918,#2919,#2920,#2921,#2922,#2923,
    #2924,#2925,#2926,#2927,#2928,#2929,#2930,#2931,#2932,#2933,#2934,
    #2935,#2936,#2937,#2938,#2939,#2940,#2941,#2942,#2943,#2944,#2945,
    #2946,#2947,#2948,#2949,#2950,#2951,#2952,#2953,#2954,#2955,#2956,
    #2957,#2958,#2959,#2960,#2961,#2962,#2963,#2964,#2965,#2966,#2967,
    #2968,#2969,#2970,#2971,#2972,#2973,#2974,#2975,#2976,#2977,#2978,
    #2979,#2980,#2981,#2982,#2983,#2984,#2985,#2986,#2987,#2988,#2989,
    #2990,#2991,#2992,#2993,#2994,#2995,#2996,#2997,#2998,#2999,#3000,
    #3001,#3002,#3003,#3004,#3005,#3006,#3007,#3008,#3009,#3010,#3011,
    #3012,#3013,#3014,#3015,#3016,#3017,#3018,#3019,#3020,#3021,#3022,
    #3023,#3024,#3025,#3026,#3027,#3028,#3029,#3030,#3031,#3032,#3033,
    #3034,#3035,#3036,#3037,#3038,#3039,#3040,#3041,#3042,#3043,#3044,
    #3045,#3046,#3047,#3048,#3049,#3050,#3051,#3052,#3053,#3054,#3055,
    #3056,#3057,#3058,#3059,#3060,#3061,#3062,#3063,#3064,#3065),
  .UNSPECIFIED.,.T.,.F.,(8,6,6,6,6,6,6,6,6,6,6,6,6,6,6,6,6,6,6,6,6,6,6,6
    ,6,6,8),(0.,4.516558646975E-02,7.537170730114E-02,0.116263039716,
    0.150094944037,0.176764061091,0.249996308525,0.32322855592,
    0.34989767296,0.383729577248,0.42462090967,0.454827030821,
    0.478998419493,0.500001090048,0.530039593857,0.545173895143,
    0.575379954799,0.616271203972,0.650103039383,0.676772102128,
    0.750004200432,0.823236298777,0.849905361535,0.88373719698,
    0.924628446145,0.954834505481,1.),.UNSPECIFIED.);
#2908 = CARTESIAN_POINT('',(30.902739726028,-1.338290701202E-13,24.7));
#2909 = CARTESIAN_POINT('',(30.902739792438,-1.062389817161,24.7));
#2910 = CARTESIAN_POINT('',(30.811017988434,-2.125583298129,24.7));
#2911 = CARTESIAN_POINT('',(30.627326957237,-3.178507766269,24.7));
#2912 = CARTESIAN_POINT('',(30.355430424735,-4.212263070316,24.7));
#2913 = CARTESIAN_POINT('',(30.001254424628,-5.219714192337,24.7));
#2914 = CARTESIAN_POINT('',(29.572069483544,-6.195296718479,24.7));
#2915 = CARTESIAN_POINT('',(28.743891150802,-7.763195988091,24.7));
#2916 = CARTESIAN_POINT('',(28.381870748028,-8.375639338877,24.7));
#2917 = CARTESIAN_POINT('',(27.991937397273,-8.971152015908,24.7));
#2918 = CARTESIAN_POINT('',(27.576303628808,-9.549056577308,24.7));
#2919 = CARTESIAN_POINT('',(27.13709244404,-10.10894951927,24.7));
#2920 = CARTESIAN_POINT('',(26.676264668295,-10.65064984161,24.7));
#2921 = CARTESIAN_POINT('',(25.544834172589,-11.88286821375,24.7));
#2922 = CARTESIAN_POINT('',(24.857801263666,-12.55812373189,24.7));
#2923 = CARTESIAN_POINT('',(24.138769087539,-13.20003360079,24.7));
#2924 = CARTESIAN_POINT('',(23.391600219884,-13.80897138281,24.7));
#2925 = CARTESIAN_POINT('',(22.619677016794,-14.38552513996,24.7));
#2926 = CARTESIAN_POINT('',(21.825856008424,-14.93044111479,24.7));
#2927 = CARTESIAN_POINT('',(20.339418444911,-15.869935235,24.7));
#2928 = CARTESIAN_POINT('',(19.653072414543,-16.27417480519,24.7));
#2929 = CARTESIAN_POINT('',(18.954734680526,-16.65773817956,24.7));
#2930 = CARTESIAN_POINT('',(18.245620985323,-17.02105897722,24.7));
#2931 = CARTESIAN_POINT('',(17.526813265255,-17.36455389094,24.7));
#2932 = CARTESIAN_POINT('',(16.79926058089,-17.68862419957,24.7));
#2933 = CARTESIAN_POINT('',(15.484012884069,-18.23410954885,24.7));
#2934 = CARTESIAN_POINT('',(14.899334988287,-18.46272529019,24.7));
#2935 = CARTESIAN_POINT('',(14.310155940402,-18.67968963519,24.7));
#2936 = CARTESIAN_POINT('',(13.716855989021,-18.8851736982,24.7));
#2937 = CARTESIAN_POINT('',(13.119786457256,-19.07933569562,24.7));
#2938 = CARTESIAN_POINT('',(12.519270148946,-19.2623220642,24.7));
#2939 = CARTESIAN_POINT('',(10.257954065659,-19.90642613159,24.7));
#2940 = CARTESIAN_POINT('',(8.576859445143,-20.29524822676,24.7));
#2941 = CARTESIAN_POINT('',(6.878011246902,-20.60370965899,24.7));
#2942 = CARTESIAN_POINT('',(5.166527813276,-20.83370795811,24.7));
#2943 = CARTESIAN_POINT('',(3.447031884458,-20.98656520675,24.7));
#2944 = CARTESIAN_POINT('',(1.723651233775,-21.06301356009,24.7));
#2945 = CARTESIAN_POINT('',(-1.723651237155,-21.06301356102,24.7));
#2946 = CARTESIAN_POINT('',(-3.447031887077,-20.98656520869,24.7));
#2947 = CARTESIAN_POINT('',(-5.166527815104,-20.83370796049,24.7));
#2948 = CARTESIAN_POINT('',(-6.878011247774,-20.60370966065,24.7));
#2949 = CARTESIAN_POINT('',(-8.576859444795,-20.29524822642,24.7));
#2950 = CARTESIAN_POINT('',(-10.2579540639,-19.90642612881,24.7));
#2951 = CARTESIAN_POINT('',(-12.51927014521,-19.26232205909,24.7));
#2952 = CARTESIAN_POINT('',(-13.11978645302,-19.07933568997,24.7));
#2953 = CARTESIAN_POINT('',(-13.71685598431,-18.88517369215,24.7));
#2954 = CARTESIAN_POINT('',(-14.31015593527,-18.67968962894,24.7));
#2955 = CARTESIAN_POINT('',(-14.89933498282,-18.462725284,24.7));
#2956 = CARTESIAN_POINT('',(-15.48401287839,-18.23410954301,24.7));
#2957 = CARTESIAN_POINT('',(-16.79926057471,-17.68862419539,24.7));
#2958 = CARTESIAN_POINT('',(-17.52681325887,-17.36455388829,24.7));
#2959 = CARTESIAN_POINT('',(-18.24562097905,-17.02105897668,24.7));
#2960 = CARTESIAN_POINT('',(-18.95473467473,-16.65773818174,24.7));
#2961 = CARTESIAN_POINT('',(-19.65307240961,-16.2741748106,24.7));
#2962 = CARTESIAN_POINT('',(-20.33941844118,-15.86993524404,24.7));
#2963 = CARTESIAN_POINT('',(-21.82585600885,-14.93044113155,24.7));
#2964 = CARTESIAN_POINT('',(-22.61967702017,-14.3855251608,24.7));
#2965 = CARTESIAN_POINT('',(-23.39160022636,-13.80897140748,24.7));
#2966 = CARTESIAN_POINT('',(-24.13876909678,-13.20003362843,24.7));
#2967 = CARTESIAN_POINT('',(-24.85780127464,-12.558123761,24.7));
#2968 = CARTESIAN_POINT('',(-25.54483418359,-11.88286824244,24.7));
#2969 = CARTESIAN_POINT('',(-26.67626468062,-10.65064986109,24.7));
#2970 = CARTESIAN_POINT('',(-27.13709245831,-10.10894953032,24.7));
#2971 = CARTESIAN_POINT('',(-27.57630364323,-9.549056578734,24.7));
#2972 = CARTESIAN_POINT('',(-27.99193741003,-8.971152006726,24.7));
#2973 = CARTESIAN_POINT('',(-28.38187075761,-8.375639318514,24.7));
#2974 = CARTESIAN_POINT('',(-28.74389115637,-7.763195956539,24.7));
#2975 = CARTESIAN_POINT('',(-29.34138677446,-6.632022758243,24.7));
#2976 = CARTESIAN_POINT('',(-29.58769475939,-6.119015173995,24.7));
#2977 = CARTESIAN_POINT('',(-29.81357258552,-5.596369991749,24.7));
#2978 = CARTESIAN_POINT('',(-30.01789140253,-5.064777569879,24.7));
#2979 = CARTESIAN_POINT('',(-30.19957405083,-4.525080867674,24.7));
#2980 = CARTESIAN_POINT('',(-30.35764562166,-3.978294433296,24.7));
#2981 = CARTESIAN_POINT('',(-30.60743130385,-2.945414139036,24.7));
#2982 = CARTESIAN_POINT('',(-30.70513580906,-2.460725890597,24.7));
#2983 = CARTESIAN_POINT('',(-30.78387708413,-1.972369880751,24.7));
#2984 = CARTESIAN_POINT('',(-30.84323204323,-1.481197122189,24.7));
#2985 = CARTESIAN_POINT('',(-30.88290451311,-0.988105425032,24.7));
#2986 = CARTESIAN_POINT('',(-30.90273987756,-0.494040989735,24.7));
#2987 = CARTESIAN_POINT('',(-30.90273978415,0.706588882397,24.7));
#2988 = CARTESIAN_POINT('',(-30.8621665499,1.413306642085,24.7));
#2989 = CARTESIAN_POINT('',(-30.78099473614,2.117124567291,24.7));
#2990 = CARTESIAN_POINT('',(-30.6599030077,2.815309415301,24.7));
#2991 = CARTESIAN_POINT('',(-30.50011364356,3.505398776485,24.7));
#2992 = CARTESIAN_POINT('',(-30.30327832006,4.185183277537,24.7));
#2993 = CARTESIAN_POINT('',(-29.95458778345,5.189008417413,24.7));
#2994 = CARTESIAN_POINT('',(-29.82886280841,5.522233566741,24.7));
#2995 = CARTESIAN_POINT('',(-29.69448317459,5.85213846847,24.7));
#2996 = CARTESIAN_POINT('',(-29.55171156704,6.178518519792,24.7));
#2997 = CARTESIAN_POINT('',(-29.40082063952,6.501195112465,24.7));
#2998 = CARTESIAN_POINT('',(-29.24208838681,6.820013626734,24.7));
#2999 = CARTESIAN_POINT('',(-28.74389115638,7.763195956534,24.7));
#3000 = CARTESIAN_POINT('',(-28.38187075762,8.375639318507,24.7));
#3001 = CARTESIAN_POINT('',(-27.99193741003,8.971152006721,24.7));
#3002 = CARTESIAN_POINT('',(-27.57630364324,9.54905657873,24.7));
#3003 = CARTESIAN_POINT('',(-27.13709245831,10.108949530322,24.7));
#3004 = CARTESIAN_POINT('',(-26.67626468063,10.650649861093,24.7));
#3005 = CARTESIAN_POINT('',(-25.54483418359,11.88286824244,24.7));
#3006 = CARTESIAN_POINT('',(-24.85780127464,12.558123760998,24.7));
#3007 = CARTESIAN_POINT('',(-24.13876909679,13.200033628434,24.7));
#3008 = CARTESIAN_POINT('',(-23.39160022637,13.808971407484,24.7));
#3009 = CARTESIAN_POINT('',(-22.61967702017,14.385525160803,24.7));
#3010 = CARTESIAN_POINT('',(-21.82585600886,14.930441131554,24.7));
#3011 = CARTESIAN_POINT('',(-20.33941844119,15.869935244039,24.7));
#3012 = CARTESIAN_POINT('',(-19.65307240962,16.274174810604,24.7));
#3013 = CARTESIAN_POINT('',(-18.95473467474,16.657738181739,24.7));
#3014 = CARTESIAN_POINT('',(-18.24562097906,17.021058976685,24.7));
#3015 = CARTESIAN_POINT('',(-17.52681325888,17.364553888288,24.7));
#3016 = CARTESIAN_POINT('',(-16.79926057471,17.688624195395,24.7));
#3017 = CARTESIAN_POINT('',(-15.4840128784,18.234109543007,24.7));
#3018 = CARTESIAN_POINT('',(-14.89933498283,18.462725284006,24.7));
#3019 = CARTESIAN_POINT('',(-14.31015593528,18.679689628944,24.7));
#3020 = CARTESIAN_POINT('',(-13.71685598432,18.885173692154,24.7));
#3021 = CARTESIAN_POINT('',(-13.11978645303,19.079335689973,24.7));
#3022 = CARTESIAN_POINT('',(-12.51927014522,19.262322059089,24.7));
#3023 = CARTESIAN_POINT('',(-10.25795406391,19.906426128807,24.7));
#3024 = CARTESIAN_POINT('',(-8.57685944482,20.295248226427,24.7));
#3025 = CARTESIAN_POINT('',(-6.878011247747,20.603709660639,24.7));
#3026 = CARTESIAN_POINT('',(-5.166527815144,20.833707960504,24.7));
#3027 = CARTESIAN_POINT('',(-3.447031887067,20.986565208688,24.7));
#3028 = CARTESIAN_POINT('',(-1.723651237166,21.063013561026,24.7));
#3029 = CARTESIAN_POINT('',(1.723651233764,21.063013560092,24.7));
#3030 = CARTESIAN_POINT('',(3.447031884471,20.986565206772,24.7));
#3031 = CARTESIAN_POINT('',(5.166527813235,20.833707958087,24.7));
#3032 = CARTESIAN_POINT('',(6.878011246929,20.603709659018,24.7));
#3033 = CARTESIAN_POINT('',(8.57685944512,20.29524822675,24.7));
#3034 = CARTESIAN_POINT('',(10.257954065658,19.906426131595,24.7));
#3035 = CARTESIAN_POINT('',(12.519270148941,19.262322064209,24.7));
#3036 = CARTESIAN_POINT('',(13.11978645725,19.079335695631,24.7));
#3037 = CARTESIAN_POINT('',(13.716855989015,18.885173698206,24.7));
#3038 = CARTESIAN_POINT('',(14.310155940397,18.679689635192,24.7));
#3039 = CARTESIAN_POINT('',(14.899334988281,18.462725290201,24.7));
#3040 = CARTESIAN_POINT('',(15.484012884064,18.234109548853,24.7));
#3041 = CARTESIAN_POINT('',(16.799260580884,17.68862419958,24.7));
#3042 = CARTESIAN_POINT('',(17.526813265251,17.364553890944,24.7));
#3043 = CARTESIAN_POINT('',(18.245620985319,17.021058977225,24.7));
#3044 = CARTESIAN_POINT('',(18.954734680521,16.657738179569,24.7));
#3045 = CARTESIAN_POINT('',(19.653072414539,16.274174805193,24.7));
#3046 = CARTESIAN_POINT('',(20.339418444907,15.869935235002,24.7));
#3047 = CARTESIAN_POINT('',(21.82585600842,14.930441114798,24.7));
#3048 = CARTESIAN_POINT('',(22.61967701679,14.385525139968,24.7));
#3049 = CARTESIAN_POINT('',(23.39160021988,13.808971382814,24.7));
#3050 = CARTESIAN_POINT('',(24.138769087536,13.200033600798,24.7));
#3051 = CARTESIAN_POINT('',(24.857801263662,12.558123731898,24.7));
#3052 = CARTESIAN_POINT('',(25.544834172586,11.882868213756,24.7));
#3053 = CARTESIAN_POINT('',(26.67626466829,10.650649841617,24.7));
#3054 = CARTESIAN_POINT('',(27.137092444042,10.108949519273,24.7));
#3055 = CARTESIAN_POINT('',(27.576303628803,9.549056577311,24.7));
#3056 = CARTESIAN_POINT('',(27.991937397267,8.971152015911,24.7));
#3057 = CARTESIAN_POINT('',(28.381870748031,8.375639338879,24.7));
#3058 = CARTESIAN_POINT('',(28.743891150798,7.763195988094,24.7));
#3059 = CARTESIAN_POINT('',(29.572069483545,6.195296718479,24.7));
#3060 = CARTESIAN_POINT('',(30.001254424618,5.219714192349,24.7));
#3061 = CARTESIAN_POINT('',(30.35543042475,4.212263070303,24.7));
#3062 = CARTESIAN_POINT('',(30.627326957223,3.178507766284,24.7));
#3063 = CARTESIAN_POINT('',(30.81101798844,2.125583298124,24.7));
#3064 = CARTESIAN_POINT('',(30.902739792436,1.062389817162,24.7));
#3065 = CARTESIAN_POINT('',(30.902739726027,-5.931377683373E-15,24.7));
#3066 = PCURVE('',#1630,#3067);
#3067 = DEFINITIONAL_REPRESENTATION('',(#3068),#3227);
#3068 = B_SPLINE_CURVE_WITH_KNOTS('',7,(#3069,#3070,#3071,#3072,#3073,
    #3074,#3075,#3076,#3077,#3078,#3079,#3080,#3081,#3082,#3083,#3084,
    #3085,#3086,#3087,#3088,#3089,#3090,#3091,#3092,#3093,#3094,#3095,
    #3096,#3097,#3098,#3099,#3100,#3101,#3102,#3103,#3104,#3105,#3106,
    #3107,#3108,#3109,#3110,#3111,#3112,#3113,#3114,#3115,#3116,#3117,
    #3118,#3119,#3120,#3121,#3122,#3123,#3124,#3125,#3126,#3127,#3128,
    #3129,#3130,#3131,#3132,#3133,#3134,#3135,#3136,#3137,#3138,#3139,
    #3140,#3141,#3142,#3143,#3144,#3145,#3146,#3147,#3148,#3149,#3150,
    #3151,#3152,#3153,#3154,#3155,#3156,#3157,#3158,#3159,#3160,#3161,
    #3162,#3163,#3164,#3165,#3166,#3167,#3168,#3169,#3170,#3171,#3172,
    #3173,#3174,#3175,#3176,#3177,#3178,#3179,#3180,#3181,#3182,#3183,
    #3184,#3185,#3186,#3187,#3188,#3189,#3190,#3191,#3192,#3193,#3194,
    #3195,#3196,#3197,#3198,#3199,#3200,#3201,#3202,#3203,#3204,#3205,
    #3206,#3207,#3208,#3209,#3210,#3211,#3212,#3213,#3214,#3215,#3216,
    #3217,#3218,#3219,#3220,#3221,#3222,#3223,#3224,#3225,#3226),
  .UNSPECIFIED.,.F.,.F.,(8,6,6,6,6,6,6,6,6,6,6,6,6,6,6,6,6,6,6,6,6,6,6,6
    ,6,6,8),(0.,4.516558646975E-02,7.537170730114E-02,0.116263039716,
    0.150094944037,0.176764061091,0.249996308525,0.32322855592,
    0.34989767296,0.383729577248,0.42462090967,0.454827030821,
    0.478998419493,0.500001090048,0.530039593857,0.545173895143,
    0.575379954799,0.616271203972,0.650103039383,0.676772102128,
    0.750004200432,0.823236298777,0.849905361535,0.88373719698,
    0.924628446145,0.954834505481,1.),.UNSPECIFIED.);
#3069 = CARTESIAN_POINT('',(29.433679292161,-1.350031197944E-13));
#3070 = CARTESIAN_POINT('',(29.433679358571,-1.062389817161));
#3071 = CARTESIAN_POINT('',(29.341957554566,-2.125583298129));
#3072 = CARTESIAN_POINT('',(29.158266523369,-3.178507766269));
#3073 = CARTESIAN_POINT('',(28.886369990868,-4.212263070316));
#3074 = CARTESIAN_POINT('',(28.532193990761,-5.219714192337));
#3075 = CARTESIAN_POINT('',(28.103009049676,-6.195296718479));
#3076 = CARTESIAN_POINT('',(27.274830716934,-7.763195988091));
#3077 = CARTESIAN_POINT('',(26.912810314161,-8.375639338877));
#3078 = CARTESIAN_POINT('',(26.522876963405,-8.971152015908));
#3079 = CARTESIAN_POINT('',(26.107243194941,-9.549056577308));
#3080 = CARTESIAN_POINT('',(25.668032010172,-10.10894951927));
#3081 = CARTESIAN_POINT('',(25.207204234428,-10.65064984161));
#3082 = CARTESIAN_POINT('',(24.075773738722,-11.88286821375));
#3083 = CARTESIAN_POINT('',(23.388740829798,-12.55812373189));
#3084 = CARTESIAN_POINT('',(22.669708653672,-13.20003360079));
#3085 = CARTESIAN_POINT('',(21.922539786016,-13.80897138281));
#3086 = CARTESIAN_POINT('',(21.150616582927,-14.38552513996));
#3087 = CARTESIAN_POINT('',(20.356795574557,-14.93044111479));
#3088 = CARTESIAN_POINT('',(18.870358011043,-15.869935235));
#3089 = CARTESIAN_POINT('',(18.184011980676,-16.27417480519));
#3090 = CARTESIAN_POINT('',(17.485674246659,-16.65773817956));
#3091 = CARTESIAN_POINT('',(16.776560551456,-17.02105897722));
#3092 = CARTESIAN_POINT('',(16.057752831388,-17.36455389094));
#3093 = CARTESIAN_POINT('',(15.330200147022,-17.68862419957));
#3094 = CARTESIAN_POINT('',(14.014952450201,-18.23410954885));
#3095 = CARTESIAN_POINT('',(13.430274554419,-18.46272529019));
#3096 = CARTESIAN_POINT('',(12.841095506535,-18.67968963519));
#3097 = CARTESIAN_POINT('',(12.247795555154,-18.8851736982));
#3098 = CARTESIAN_POINT('',(11.650726023388,-19.07933569562));
#3099 = CARTESIAN_POINT('',(11.050209715079,-19.2623220642));
#3100 = CARTESIAN_POINT('',(8.788893631792,-19.90642613159));
#3101 = CARTESIAN_POINT('',(7.107799011275,-20.29524822676));
#3102 = CARTESIAN_POINT('',(5.408950813035,-20.60370965899));
#3103 = CARTESIAN_POINT('',(3.697467379409,-20.83370795811));
#3104 = CARTESIAN_POINT('',(1.977971450591,-20.98656520675));
#3105 = CARTESIAN_POINT('',(0.254590799908,-21.06301356009));
#3106 = CARTESIAN_POINT('',(-3.192711671022,-21.06301356102));
#3107 = CARTESIAN_POINT('',(-4.916092320944,-20.98656520869));
#3108 = CARTESIAN_POINT('',(-6.635588248971,-20.83370796049));
#3109 = CARTESIAN_POINT('',(-8.347071681641,-20.60370966065));
#3110 = CARTESIAN_POINT('',(-10.04591987866,-20.29524822642));
#3111 = CARTESIAN_POINT('',(-11.72701449777,-19.90642612881));
#3112 = CARTESIAN_POINT('',(-13.98833057908,-19.26232205909));
#3113 = CARTESIAN_POINT('',(-14.58884688689,-19.07933568997));
#3114 = CARTESIAN_POINT('',(-15.18591641818,-18.88517369215));
#3115 = CARTESIAN_POINT('',(-15.77921636914,-18.67968962894));
#3116 = CARTESIAN_POINT('',(-16.36839541669,-18.462725284));
#3117 = CARTESIAN_POINT('',(-16.95307331226,-18.23410954301));
#3118 = CARTESIAN_POINT('',(-18.26832100857,-17.68862419539));
#3119 = CARTESIAN_POINT('',(-18.99587369274,-17.36455388829));
#3120 = CARTESIAN_POINT('',(-19.71468141292,-17.02105897668));
#3121 = CARTESIAN_POINT('',(-20.4237951086,-16.65773818174));
#3122 = CARTESIAN_POINT('',(-21.12213284348,-16.2741748106));
#3123 = CARTESIAN_POINT('',(-21.80847887505,-15.86993524404));
#3124 = CARTESIAN_POINT('',(-23.29491644272,-14.93044113155));
#3125 = CARTESIAN_POINT('',(-24.08873745403,-14.3855251608));
#3126 = CARTESIAN_POINT('',(-24.86066066023,-13.80897140748));
#3127 = CARTESIAN_POINT('',(-25.60782953065,-13.20003362843));
#3128 = CARTESIAN_POINT('',(-26.3268617085,-12.558123761));
#3129 = CARTESIAN_POINT('',(-27.01389461745,-11.88286824244));
#3130 = CARTESIAN_POINT('',(-28.14532511449,-10.65064986109));
#3131 = CARTESIAN_POINT('',(-28.60615289217,-10.10894953032));
#3132 = CARTESIAN_POINT('',(-29.0453640771,-9.549056578734));
#3133 = CARTESIAN_POINT('',(-29.46099784389,-8.971152006726));
#3134 = CARTESIAN_POINT('',(-29.85093119148,-8.375639318514));
#3135 = CARTESIAN_POINT('',(-30.21295159024,-7.763195956539));
#3136 = CARTESIAN_POINT('',(-30.81044720833,-6.632022758243));
#3137 = CARTESIAN_POINT('',(-31.05675519326,-6.119015173995));
#3138 = CARTESIAN_POINT('',(-31.28263301939,-5.596369991749));
#3139 = CARTESIAN_POINT('',(-31.4869518364,-5.064777569879));
#3140 = CARTESIAN_POINT('',(-31.6686344847,-4.525080867674));
#3141 = CARTESIAN_POINT('',(-31.82670605553,-3.978294433296));
#3142 = CARTESIAN_POINT('',(-32.07649173772,-2.945414139036));
#3143 = CARTESIAN_POINT('',(-32.17419624293,-2.460725890597));
#3144 = CARTESIAN_POINT('',(-32.252937518,-1.972369880751));
#3145 = CARTESIAN_POINT('',(-32.3122924771,-1.481197122189));
#3146 = CARTESIAN_POINT('',(-32.35196494698,-0.988105425032));
#3147 = CARTESIAN_POINT('',(-32.37180031143,-0.494040989735));
#3148 = CARTESIAN_POINT('',(-32.37180021801,0.706588882397));
#3149 = CARTESIAN_POINT('',(-32.33122698377,1.413306642085));
#3150 = CARTESIAN_POINT('',(-32.25005517001,2.117124567291));
#3151 = CARTESIAN_POINT('',(-32.12896344157,2.815309415301));
#3152 = CARTESIAN_POINT('',(-31.96917407743,3.505398776485));
#3153 = CARTESIAN_POINT('',(-31.77233875393,4.185183277537));
#3154 = CARTESIAN_POINT('',(-31.42364821732,5.189008417413));
#3155 = CARTESIAN_POINT('',(-31.29792324227,5.522233566741));
#3156 = CARTESIAN_POINT('',(-31.16354360846,5.85213846847));
#3157 = CARTESIAN_POINT('',(-31.02077200091,6.178518519792));
#3158 = CARTESIAN_POINT('',(-30.86988107339,6.501195112465));
#3159 = CARTESIAN_POINT('',(-30.71114882068,6.820013626734));
#3160 = CARTESIAN_POINT('',(-30.21295159024,7.763195956534));
#3161 = CARTESIAN_POINT('',(-29.85093119148,8.375639318507));
#3162 = CARTESIAN_POINT('',(-29.4609978439,8.971152006721));
#3163 = CARTESIAN_POINT('',(-29.0453640771,9.54905657873));
#3164 = CARTESIAN_POINT('',(-28.60615289218,10.108949530322));
#3165 = CARTESIAN_POINT('',(-28.14532511449,10.650649861093));
#3166 = CARTESIAN_POINT('',(-27.01389461746,11.88286824244));
#3167 = CARTESIAN_POINT('',(-26.32686170851,12.558123760998));
#3168 = CARTESIAN_POINT('',(-25.60782953065,13.200033628434));
#3169 = CARTESIAN_POINT('',(-24.86066066023,13.808971407484));
#3170 = CARTESIAN_POINT('',(-24.08873745404,14.385525160803));
#3171 = CARTESIAN_POINT('',(-23.29491644272,14.930441131554));
#3172 = CARTESIAN_POINT('',(-21.80847887506,15.869935244039));
#3173 = CARTESIAN_POINT('',(-21.12213284348,16.274174810604));
#3174 = CARTESIAN_POINT('',(-20.42379510861,16.657738181739));
#3175 = CARTESIAN_POINT('',(-19.71468141293,17.021058976685));
#3176 = CARTESIAN_POINT('',(-18.99587369275,17.364553888288));
#3177 = CARTESIAN_POINT('',(-18.26832100858,17.688624195395));
#3178 = CARTESIAN_POINT('',(-16.95307331226,18.234109543007));
#3179 = CARTESIAN_POINT('',(-16.3683954167,18.462725284006));
#3180 = CARTESIAN_POINT('',(-15.77921636915,18.679689628944));
#3181 = CARTESIAN_POINT('',(-15.18591641818,18.885173692154));
#3182 = CARTESIAN_POINT('',(-14.58884688689,19.079335689973));
#3183 = CARTESIAN_POINT('',(-13.98833057909,19.262322059089));
#3184 = CARTESIAN_POINT('',(-11.72701449778,19.906426128807));
#3185 = CARTESIAN_POINT('',(-10.04591987868,20.295248226427));
#3186 = CARTESIAN_POINT('',(-8.347071681615,20.603709660639));
#3187 = CARTESIAN_POINT('',(-6.635588249012,20.833707960504));
#3188 = CARTESIAN_POINT('',(-4.916092320934,20.986565208688));
#3189 = CARTESIAN_POINT('',(-3.192711671033,21.063013561026));
#3190 = CARTESIAN_POINT('',(0.254590799896,21.063013560092));
#3191 = CARTESIAN_POINT('',(1.977971450604,20.986565206772));
#3192 = CARTESIAN_POINT('',(3.697467379367,20.833707958087));
#3193 = CARTESIAN_POINT('',(5.408950813062,20.603709659018));
#3194 = CARTESIAN_POINT('',(7.107799011252,20.29524822675));
#3195 = CARTESIAN_POINT('',(8.78889363179,19.906426131595));
#3196 = CARTESIAN_POINT('',(11.050209715073,19.262322064209));
#3197 = CARTESIAN_POINT('',(11.650726023383,19.079335695631));
#3198 = CARTESIAN_POINT('',(12.247795555148,18.885173698206));
#3199 = CARTESIAN_POINT('',(12.841095506529,18.679689635192));
#3200 = CARTESIAN_POINT('',(13.430274554414,18.462725290201));
#3201 = CARTESIAN_POINT('',(14.014952450197,18.234109548853));
#3202 = CARTESIAN_POINT('',(15.330200147017,17.68862419958));
#3203 = CARTESIAN_POINT('',(16.057752831383,17.364553890944));
#3204 = CARTESIAN_POINT('',(16.776560551451,17.021058977225));
#3205 = CARTESIAN_POINT('',(17.485674246654,16.657738179569));
#3206 = CARTESIAN_POINT('',(18.184011980671,16.274174805193));
#3207 = CARTESIAN_POINT('',(18.87035801104,15.869935235002));
#3208 = CARTESIAN_POINT('',(20.356795574552,14.930441114798));
#3209 = CARTESIAN_POINT('',(21.150616582923,14.385525139968));
#3210 = CARTESIAN_POINT('',(21.922539786013,13.808971382814));
#3211 = CARTESIAN_POINT('',(22.669708653668,13.200033600798));
#3212 = CARTESIAN_POINT('',(23.388740829795,12.558123731898));
#3213 = CARTESIAN_POINT('',(24.075773738719,11.882868213756));
#3214 = CARTESIAN_POINT('',(25.207204234423,10.650649841617));
#3215 = CARTESIAN_POINT('',(25.668032010175,10.108949519273));
#3216 = CARTESIAN_POINT('',(26.107243194936,9.549056577311));
#3217 = CARTESIAN_POINT('',(26.5228769634,8.971152015911));
#3218 = CARTESIAN_POINT('',(26.912810314164,8.375639338879));
#3219 = CARTESIAN_POINT('',(27.27483071693,7.763195988094));
#3220 = CARTESIAN_POINT('',(28.103009049678,6.195296718479));
#3221 = CARTESIAN_POINT('',(28.532193990751,5.219714192349));
#3222 = CARTESIAN_POINT('',(28.886369990882,4.212263070303));
#3223 = CARTESIAN_POINT('',(29.158266523355,3.178507766284));
#3224 = CARTESIAN_POINT('',(29.341957554572,2.125583298124));
#3225 = CARTESIAN_POINT('',(29.433679358569,1.062389817162));
#3226 = CARTESIAN_POINT('',(29.43367929216,-7.105427357601E-15));
#3227 = ( GEOMETRIC_REPRESENTATION_CONTEXT(2) 
PARAMETRIC_REPRESENTATION_CONTEXT() REPRESENTATION_CONTEXT('2D SPACE',''
  ) );
#3228 = PCURVE('',#2563,#3229);
#3229 = DEFINITIONAL_REPRESENTATION('',(#3230),#3389);
#3230 = B_SPLINE_CURVE_WITH_KNOTS('',7,(#3231,#3232,#3233,#3234,#3235,
    #3236,#3237,#3238,#3239,#3240,#3241,#3242,#3243,#3244,#3245,#3246,
    #3247,#3248,#3249,#3250,#3251,#3252,#3253,#3254,#3255,#3256,#3257,
    #3258,#3259,#3260,#3261,#3262,#3263,#3264,#3265,#3266,#3267,#3268,
    #3269,#3270,#3271,#3272,#3273,#3274,#3275,#3276,#3277,#3278,#3279,
    #3280,#3281,#3282,#3283,#3284,#3285,#3286,#3287,#3288,#3289,#3290,
    #3291,#3292,#3293,#3294,#3295,#3296,#3297,#3298,#3299,#3300,#3301,
    #3302,#3303,#3304,#3305,#3306,#3307,#3308,#3309,#3310,#3311,#3312,
    #3313,#3314,#3315,#3316,#3317,#3318,#3319,#3320,#3321,#3322,#3323,
    #3324,#3325,#3326,#3327,#3328,#3329,#3330,#3331,#3332,#3333,#3334,
    #3335,#3336,#3337,#3338,#3339,#3340,#3341,#3342,#3343,#3344,#3345,
    #3346,#3347,#3348,#3349,#3350,#3351,#3352,#3353,#3354,#3355,#3356,
    #3357,#3358,#3359,#3360,#3361,#3362,#3363,#3364,#3365,#3366,#3367,
    #3368,#3369,#3370,#3371,#3372,#3373,#3374,#3375,#3376,#3377,#3378,
    #3379,#3380,#3381,#3382,#3383,#3384,#3385,#3386,#3387,#3388),
  .UNSPECIFIED.,.F.,.F.,(8,6,6,6,6,6,6,6,6,6,6,6,6,6,6,6,6,6,6,6,6,6,6,6
    ,6,6,8),(0.,4.516558646975E-02,7.537170730114E-02,0.116263039716,
    0.150094944037,0.176764061091,0.249996308525,0.32322855592,
    0.34989767296,0.383729577248,0.42462090967,0.454827030821,
    0.478998419493,0.500001090048,0.530039593857,0.545173895143,
    0.575379954799,0.616271203972,0.650103039383,0.676772102128,
    0.750004200432,0.823236298777,0.849905361535,0.88373719698,
    0.924628446145,0.954834505481,1.),.UNSPECIFIED.);
#3231 = CARTESIAN_POINT('',(6.28318530718,0.160273972603));
#3232 = CARTESIAN_POINT('',(6.232746662242,0.160273972603));
#3233 = CARTESIAN_POINT('',(6.182269883458,0.160273972603));
#3234 = CARTESIAN_POINT('',(6.132070978981,0.160273972603));
#3235 = CARTESIAN_POINT('',(6.08236176282,0.160273972603));
#3236 = CARTESIAN_POINT('',(6.033302867457,0.160273972603));
#3237 = CARTESIAN_POINT('',(5.985019285611,0.160273972603));
#3238 = CARTESIAN_POINT('',(5.905903516537,0.160273972603));
#3239 = CARTESIAN_POINT('',(5.874577538246,0.160273972603));
#3240 = CARTESIAN_POINT('',(5.843649799429,0.160273972603));
#3241 = CARTESIAN_POINT('',(5.81312843861,0.160273972603));
#3242 = CARTESIAN_POINT('',(5.783014445831,0.160273972603));
#3243 = CARTESIAN_POINT('',(5.753302714749,0.160273972603));
#3244 = CARTESIAN_POINT('',(5.684288844282,0.160273972603));
#3245 = CARTESIAN_POINT('',(5.645318938035,0.160273972603));
#3246 = CARTESIAN_POINT('',(5.607039475936,0.160273972603));
#3247 = CARTESIAN_POINT('',(5.569416421491,0.160273972603));
#3248 = CARTESIAN_POINT('',(5.532412604625,0.160273972603));
#3249 = CARTESIAN_POINT('',(5.495986004436,0.160273972603));
#3250 = CARTESIAN_POINT('',(5.430387440172,0.160273972603));
#3251 = CARTESIAN_POINT('',(5.401052306648,0.160273972603));
#3252 = CARTESIAN_POINT('',(5.372057345718,0.160273972603));
#3253 = CARTESIAN_POINT('',(5.34337928627,0.160273972603));
#3254 = CARTESIAN_POINT('',(5.314996018317,0.160273972603));
#3255 = CARTESIAN_POINT('',(5.286885739586,0.160273972603));
#3256 = CARTESIAN_POINT('',(5.237064821838,0.160273972603));
#3257 = CARTESIAN_POINT('',(5.215259900553,0.160273972603));
#3258 = CARTESIAN_POINT('',(5.193600802388,0.160273972603));
#3259 = CARTESIAN_POINT('',(5.17207761282,0.160273972603));
#3260 = CARTESIAN_POINT('',(5.150680847435,0.160273972603));
#3261 = CARTESIAN_POINT('',(5.129401260702,0.160273972603));
#3262 = CARTESIAN_POINT('',(5.050093336106,0.160273972603));
#3263 = CARTESIAN_POINT('',(4.992782496465,0.160273972603));
#3264 = CARTESIAN_POINT('',(4.936091812327,0.160273972603));
#3265 = CARTESIAN_POINT('',(4.879859168812,0.160273972603));
#3266 = CARTESIAN_POINT('',(4.823933504599,0.160273972603));
#3267 = CARTESIAN_POINT('',(4.768165631401,0.160273972603));
#3268 = CARTESIAN_POINT('',(4.656612329399,0.160273972603));
#3269 = CARTESIAN_POINT('',(4.600844456211,0.160273972603));
#3270 = CARTESIAN_POINT('',(4.544918791993,0.160273972603));
#3271 = CARTESIAN_POINT('',(4.488686148467,0.160273972603));
#3272 = CARTESIAN_POINT('',(4.431995464315,0.160273972603));
#3273 = CARTESIAN_POINT('',(4.374684624664,0.160273972603));
#3274 = CARTESIAN_POINT('',(4.295376700067,0.160273972603));
#3275 = CARTESIAN_POINT('',(4.274097113334,0.160273972603));
#3276 = CARTESIAN_POINT('',(4.25270034795,0.160273972603));
#3277 = CARTESIAN_POINT('',(4.231177158382,0.160273972603));
#3278 = CARTESIAN_POINT('',(4.209518060218,0.160273972603));
#3279 = CARTESIAN_POINT('',(4.187713138933,0.160273972603));
#3280 = CARTESIAN_POINT('',(4.137892221195,0.160273972603));
#3281 = CARTESIAN_POINT('',(4.109781942473,0.160273972603));
#3282 = CARTESIAN_POINT('',(4.081398674526,0.160273972603));
#3283 = CARTESIAN_POINT('',(4.052720615079,0.160273972603));
#3284 = CARTESIAN_POINT('',(4.023725654145,0.160273972603));
#3285 = CARTESIAN_POINT('',(3.99439052061,0.160273972603));
#3286 = CARTESIAN_POINT('',(3.928791956277,0.160273972603));
#3287 = CARTESIAN_POINT('',(3.892365356028,0.160273972603));
#3288 = CARTESIAN_POINT('',(3.855361539102,0.160273972603));
#3289 = CARTESIAN_POINT('',(3.817738484609,0.160273972603));
#3290 = CARTESIAN_POINT('',(3.7794590225,0.160273972603));
#3291 = CARTESIAN_POINT('',(3.740489116316,0.160273972603));
#3292 = CARTESIAN_POINT('',(3.671475245842,0.160273972603));
#3293 = CARTESIAN_POINT('',(3.64176351463,0.160273972603));
#3294 = CARTESIAN_POINT('',(3.611649521787,0.160273972603));
#3295 = CARTESIAN_POINT('',(3.581128160982,0.160273972603));
#3296 = CARTESIAN_POINT('',(3.550200422251,0.160273972603));
#3297 = CARTESIAN_POINT('',(3.518874444098,0.160273972603));
#3298 = CARTESIAN_POINT('',(3.461795752368,0.160273972603));
#3299 = CARTESIAN_POINT('',(3.436179920191,0.160273972603));
#3300 = CARTESIAN_POINT('',(3.410330834196,0.160273972603));
#3301 = CARTESIAN_POINT('',(3.384262747921,0.160273972603));
#3302 = CARTESIAN_POINT('',(3.357994040789,0.160273972603));
#3303 = CARTESIAN_POINT('',(3.331548206402,0.160273972603));
#3304 = CARTESIAN_POINT('',(3.281848878227,0.160273972603));
#3305 = CARTESIAN_POINT('',(3.258629689272,0.160273972603));
#3306 = CARTESIAN_POINT('',(3.235318363553,0.160273972603));
#3307 = CARTESIAN_POINT('',(3.211935920293,0.160273972603));
#3308 = CARTESIAN_POINT('',(3.188504518636,0.160273972603));
#3309 = CARTESIAN_POINT('',(3.165048037193,0.160273972603));
#3310 = CARTESIAN_POINT('',(3.108046223015,0.160273972603));
#3311 = CARTESIAN_POINT('',(3.07449368501,0.160273972603));
#3312 = CARTESIAN_POINT('',(3.041017129074,0.160273972603));
#3313 = CARTESIAN_POINT('',(3.007684639136,0.160273972603));
#3314 = CARTESIAN_POINT('',(2.974555206992,0.160273972603));
#3315 = CARTESIAN_POINT('',(2.941682116312,0.160273972603));
#3316 = CARTESIAN_POINT('',(2.892706402774,0.160273972603));
#3317 = CARTESIAN_POINT('',(2.876374286607,0.160273972603));
#3318 = CARTESIAN_POINT('',(2.860123818946,0.160273972603));
#3319 = CARTESIAN_POINT('',(2.843959506847,0.160273972603));
#3320 = CARTESIAN_POINT('',(2.827885081564,0.160273972603));
#3321 = CARTESIAN_POINT('',(2.811903585925,0.160273972603));
#3322 = CARTESIAN_POINT('',(2.764310863081,0.160273972603));
#3323 = CARTESIAN_POINT('',(2.732984884929,0.160273972603));
#3324 = CARTESIAN_POINT('',(2.702057146198,0.160273972603));
#3325 = CARTESIAN_POINT('',(2.671535785393,0.160273972603));
#3326 = CARTESIAN_POINT('',(2.64142179255,0.160273972603));
#3327 = CARTESIAN_POINT('',(2.611710061337,0.160273972603));
#3328 = CARTESIAN_POINT('',(2.542696190864,0.160273972603));
#3329 = CARTESIAN_POINT('',(2.50372628468,0.160273972603));
#3330 = CARTESIAN_POINT('',(2.465446822571,0.160273972603));
#3331 = CARTESIAN_POINT('',(2.427823768078,0.160273972603));
#3332 = CARTESIAN_POINT('',(2.390819951152,0.160273972603));
#3333 = CARTESIAN_POINT('',(2.354393350903,0.160273972603));
#3334 = CARTESIAN_POINT('',(2.28879478657,0.160273972603));
#3335 = CARTESIAN_POINT('',(2.259459653035,0.160273972603));
#3336 = CARTESIAN_POINT('',(2.2304646921,0.160273972603));
#3337 = CARTESIAN_POINT('',(2.201786632654,0.160273972603));
#3338 = CARTESIAN_POINT('',(2.173403364706,0.160273972603));
#3339 = CARTESIAN_POINT('',(2.145293085985,0.160273972603));
#3340 = CARTESIAN_POINT('',(2.095472168247,0.160273972603));
#3341 = CARTESIAN_POINT('',(2.073667246962,0.160273972603));
#3342 = CARTESIAN_POINT('',(2.052008148797,0.160273972603));
#3343 = CARTESIAN_POINT('',(2.03048495923,0.160273972603));
#3344 = CARTESIAN_POINT('',(2.009088193846,0.160273972603));
#3345 = CARTESIAN_POINT('',(1.987808607113,0.160273972603));
#3346 = CARTESIAN_POINT('',(1.908500682516,0.160273972603));
#3347 = CARTESIAN_POINT('',(1.851189842864,0.160273972603));
#3348 = CARTESIAN_POINT('',(1.794499158713,0.160273972603));
#3349 = CARTESIAN_POINT('',(1.738266515186,0.160273972603));
#3350 = CARTESIAN_POINT('',(1.68234085097,0.160273972603));
#3351 = CARTESIAN_POINT('',(1.626572977781,0.160273972603));
#3352 = CARTESIAN_POINT('',(1.515019675779,0.160273972603));
#3353 = CARTESIAN_POINT('',(1.459251802581,0.160273972603));
#3354 = CARTESIAN_POINT('',(1.403326138368,0.160273972603));
#3355 = CARTESIAN_POINT('',(1.347093494853,0.160273972603));
#3356 = CARTESIAN_POINT('',(1.290402810715,0.160273972603));
#3357 = CARTESIAN_POINT('',(1.233091971074,0.160273972603));
#3358 = CARTESIAN_POINT('',(1.153784046478,0.160273972603));
#3359 = CARTESIAN_POINT('',(1.132504459745,0.160273972603));
#3360 = CARTESIAN_POINT('',(1.11110769436,0.160273972603));
#3361 = CARTESIAN_POINT('',(1.089584504792,0.160273972603));
#3362 = CARTESIAN_POINT('',(1.067925406627,0.160273972603));
#3363 = CARTESIAN_POINT('',(1.046120485342,0.160273972603));
#3364 = CARTESIAN_POINT('',(0.996299567594,0.160273972603));
#3365 = CARTESIAN_POINT('',(0.968189288863,0.160273972603));
#3366 = CARTESIAN_POINT('',(0.93980602091,0.160273972603));
#3367 = CARTESIAN_POINT('',(0.911127961462,0.160273972603));
#3368 = CARTESIAN_POINT('',(0.882133000532,0.160273972603));
#3369 = CARTESIAN_POINT('',(0.852797867008,0.160273972603));
#3370 = CARTESIAN_POINT('',(0.787199302744,0.160273972603));
#3371 = CARTESIAN_POINT('',(0.750772702555,0.160273972603));
#3372 = CARTESIAN_POINT('',(0.713768885689,0.160273972603));
#3373 = CARTESIAN_POINT('',(0.676145831244,0.160273972603));
#3374 = CARTESIAN_POINT('',(0.637866369145,0.160273972603));
#3375 = CARTESIAN_POINT('',(0.598896462898,0.160273972603));
#3376 = CARTESIAN_POINT('',(0.52988259243,0.160273972603));
#3377 = CARTESIAN_POINT('',(0.500170861348,0.160273972603));
#3378 = CARTESIAN_POINT('',(0.470056868569,0.160273972603));
#3379 = CARTESIAN_POINT('',(0.439535507751,0.160273972603));
#3380 = CARTESIAN_POINT('',(0.408607768934,0.160273972603));
#3381 = CARTESIAN_POINT('',(0.377281790643,0.160273972603));
#3382 = CARTESIAN_POINT('',(0.298166021568,0.160273972603));
#3383 = CARTESIAN_POINT('',(0.249882439722,0.160273972603));
#3384 = CARTESIAN_POINT('',(0.200823544361,0.160273972603));
#3385 = CARTESIAN_POINT('',(0.151114328197,0.160273972603));
#3386 = CARTESIAN_POINT('',(0.100915423722,0.160273972603));
#3387 = CARTESIAN_POINT('',(5.043864493719E-02,0.160273972603));
#3388 = CARTESIAN_POINT('',(0.,0.160273972603));
#3389 = ( GEOMETRIC_REPRESENTATION_CONTEXT(2) 
PARAMETRIC_REPRESENTATION_CONTEXT() REPRESENTATION_CONTEXT('2D SPACE',''
  ) );
#3390 = FACE_BOUND('',#3391,.T.);
#3391 = EDGE_LOOP('',(#3392,#3393,#3412,#3413,#3434,#3460,#3479,#3480));
#3392 = ORIENTED_EDGE('',*,*,#1615,.F.);
#3393 = ORIENTED_EDGE('',*,*,#3394,.T.);
#3394 = EDGE_CURVE('',#1616,#1958,#3395,.T.);
#3395 = SURFACE_CURVE('',#3396,(#3400,#3406),.PCURVE_S1.);
#3396 = LINE('',#3397,#3398);
#3397 = CARTESIAN_POINT('',(-14.,-0.705,24.7));
#3398 = VECTOR('',#3399,1.);
#3399 = DIRECTION('',(0.,1.,0.));
#3400 = PCURVE('',#1630,#3401);
#3401 = DEFINITIONAL_REPRESENTATION('',(#3402),#3405);
#3402 = B_SPLINE_CURVE_WITH_KNOTS('',1,(#3403,#3404),.UNSPECIFIED.,.F.,
  .F.,(2,2),(-2.705,1.295),.PIECEWISE_BEZIER_KNOTS.);
#3403 = CARTESIAN_POINT('',(-15.46906043386,-3.41));
#3404 = CARTESIAN_POINT('',(-15.46906043386,0.59));
#3405 = ( GEOMETRIC_REPRESENTATION_CONTEXT(2) 
PARAMETRIC_REPRESENTATION_CONTEXT() REPRESENTATION_CONTEXT('2D SPACE',''
  ) );
#3406 = PCURVE('',#1657,#3407);
#3407 = DEFINITIONAL_REPRESENTATION('',(#3408),#3411);
#3408 = B_SPLINE_CURVE_WITH_KNOTS('',1,(#3409,#3410),.UNSPECIFIED.,.F.,
  .F.,(2,2),(-2.705,1.295),.PIECEWISE_BEZIER_KNOTS.);
#3409 = CARTESIAN_POINT('',(29.3,-2.));
#3410 = CARTESIAN_POINT('',(29.3,2.));
#3411 = ( GEOMETRIC_REPRESENTATION_CONTEXT(2) 
PARAMETRIC_REPRESENTATION_CONTEXT() REPRESENTATION_CONTEXT('2D SPACE',''
  ) );
#3412 = ORIENTED_EDGE('',*,*,#1957,.T.);
#3413 = ORIENTED_EDGE('',*,*,#3414,.T.);
#3414 = EDGE_CURVE('',#1925,#3415,#3417,.T.);
#3415 = VERTEX_POINT('',#3416);
#3416 = CARTESIAN_POINT('',(-3.764252913926,0.89,24.7));
#3417 = SURFACE_CURVE('',#3418,(#3422,#3428),.PCURVE_S1.);
#3418 = LINE('',#3419,#3420);
#3419 = CARTESIAN_POINT('',(-3.764252913926,0.59,24.7));
#3420 = VECTOR('',#3421,1.);
#3421 = DIRECTION('',(0.,1.,0.));
#3422 = PCURVE('',#1630,#3423);
#3423 = DEFINITIONAL_REPRESENTATION('',(#3424),#3427);
#3424 = B_SPLINE_CURVE_WITH_KNOTS('',1,(#3425,#3426),.UNSPECIFIED.,.F.,
  .F.,(2,2),(-6.000000000173E-07,0.3000006),.PIECEWISE_BEZIER_KNOTS.);
#3425 = CARTESIAN_POINT('',(-5.233313347793,0.5899994));
#3426 = CARTESIAN_POINT('',(-5.233313347793,0.8900006));
#3427 = ( GEOMETRIC_REPRESENTATION_CONTEXT(2) 
PARAMETRIC_REPRESENTATION_CONTEXT() REPRESENTATION_CONTEXT('2D SPACE',''
  ) );
#3428 = PCURVE('',#1945,#3429);
#3429 = DEFINITIONAL_REPRESENTATION('',(#3430),#3433);
#3430 = B_SPLINE_CURVE_WITH_KNOTS('',1,(#3431,#3432),.UNSPECIFIED.,.F.,
  .F.,(2,2),(-6.000000000173E-07,0.3000006),.PIECEWISE_BEZIER_KNOTS.);
#3431 = CARTESIAN_POINT('',(3.395254389665,-6.000000000173E-07));
#3432 = CARTESIAN_POINT('',(3.395254389665,0.3000006));
#3433 = ( GEOMETRIC_REPRESENTATION_CONTEXT(2) 
PARAMETRIC_REPRESENTATION_CONTEXT() REPRESENTATION_CONTEXT('2D SPACE',''
  ) );
#3434 = ORIENTED_EDGE('',*,*,#3435,.F.);
#3435 = EDGE_CURVE('',#3436,#3415,#3438,.T.);
#3436 = VERTEX_POINT('',#3437);
#3437 = CARTESIAN_POINT('',(3.764252913926,0.89,24.7));
#3438 = SURFACE_CURVE('',#3439,(#3443,#3449),.PCURVE_S1.);
#3439 = LINE('',#3440,#3441);
#3440 = CARTESIAN_POINT('',(0.734530216934,0.89,24.7));
#3441 = VECTOR('',#3442,1.);
#3442 = DIRECTION('',(-1.,0.,0.));
#3443 = PCURVE('',#1630,#3444);
#3444 = DEFINITIONAL_REPRESENTATION('',(#3445),#3448);
#3445 = B_SPLINE_CURVE_WITH_KNOTS('',1,(#3446,#3447),.UNSPECIFIED.,.F.,
  .F.,(2,2),(-14.26546978306,15.734530216934),.PIECEWISE_BEZIER_KNOTS.);
#3446 = CARTESIAN_POINT('',(13.530939566133,0.89));
#3447 = CARTESIAN_POINT('',(-16.46906043386,0.89));
#3448 = ( GEOMETRIC_REPRESENTATION_CONTEXT(2) 
PARAMETRIC_REPRESENTATION_CONTEXT() REPRESENTATION_CONTEXT('2D SPACE',''
  ) );
#3449 = PCURVE('',#3450,#3455);
#3450 = PLANE('',#3451);
#3451 = AXIS2_PLACEMENT_3D('',#3452,#3453,#3454);
#3452 = CARTESIAN_POINT('',(0.,0.89,39.22));
#3453 = DIRECTION('',(0.,1.,0.));
#3454 = DIRECTION('',(0.,-0.,1.));
#3455 = DEFINITIONAL_REPRESENTATION('',(#3456),#3459);
#3456 = B_SPLINE_CURVE_WITH_KNOTS('',1,(#3457,#3458),.UNSPECIFIED.,.F.,
  .F.,(2,2),(-14.26546978306,15.734530216934),.PIECEWISE_BEZIER_KNOTS.);
#3457 = CARTESIAN_POINT('',(-14.52,15.));
#3458 = CARTESIAN_POINT('',(-14.52,-15.));
#3459 = ( GEOMETRIC_REPRESENTATION_CONTEXT(2) 
PARAMETRIC_REPRESENTATION_CONTEXT() REPRESENTATION_CONTEXT('2D SPACE',''
  ) );
#3460 = ORIENTED_EDGE('',*,*,#3461,.F.);
#3461 = EDGE_CURVE('',#1904,#3436,#3462,.T.);
#3462 = SURFACE_CURVE('',#3463,(#3467,#3473),.PCURVE_S1.);
#3463 = LINE('',#3464,#3465);
#3464 = CARTESIAN_POINT('',(3.764252913926,0.59,24.7));
#3465 = VECTOR('',#3466,1.);
#3466 = DIRECTION('',(0.,1.,0.));
#3467 = PCURVE('',#1630,#3468);
#3468 = DEFINITIONAL_REPRESENTATION('',(#3469),#3472);
#3469 = B_SPLINE_CURVE_WITH_KNOTS('',1,(#3470,#3471),.UNSPECIFIED.,.F.,
  .F.,(2,2),(-6.000000000173E-07,0.3000006),.PIECEWISE_BEZIER_KNOTS.);
#3470 = CARTESIAN_POINT('',(2.295192480059,0.5899994));
#3471 = CARTESIAN_POINT('',(2.295192480059,0.8900006));
#3472 = ( GEOMETRIC_REPRESENTATION_CONTEXT(2) 
PARAMETRIC_REPRESENTATION_CONTEXT() REPRESENTATION_CONTEXT('2D SPACE',''
  ) );
#3473 = PCURVE('',#1945,#3474);
#3474 = DEFINITIONAL_REPRESENTATION('',(#3475),#3478);
#3475 = B_SPLINE_CURVE_WITH_KNOTS('',1,(#3476,#3477),.UNSPECIFIED.,.F.,
  .F.,(2,2),(-6.000000000173E-07,0.3000006),.PIECEWISE_BEZIER_KNOTS.);
#3476 = CARTESIAN_POINT('',(2.887930917514,-6.000000000173E-07));
#3477 = CARTESIAN_POINT('',(2.887930917514,0.3000006));
#3478 = ( GEOMETRIC_REPRESENTATION_CONTEXT(2) 
PARAMETRIC_REPRESENTATION_CONTEXT() REPRESENTATION_CONTEXT('2D SPACE',''
  ) );
#3479 = ORIENTED_EDGE('',*,*,#1903,.T.);
#3480 = ORIENTED_EDGE('',*,*,#2880,.T.);
#3481 = ADVANCED_FACE('',(#3482),#1657,.T.);
#3482 = FACE_BOUND('',#3483,.T.);
#3483 = EDGE_LOOP('',(#3484,#3485,#3486,#3507));
#3484 = ORIENTED_EDGE('',*,*,#3394,.F.);
#3485 = ORIENTED_EDGE('',*,*,#1641,.T.);
#3486 = ORIENTED_EDGE('',*,*,#3487,.T.);
#3487 = EDGE_CURVE('',#1642,#1979,#3488,.T.);
#3488 = SURFACE_CURVE('',#3489,(#3493,#3500),.PCURVE_S1.);
#3489 = LINE('',#3490,#3491);
#3490 = CARTESIAN_POINT('',(-14.,-3.41,21.42345860034));
#3491 = VECTOR('',#3492,1.);
#3492 = DIRECTION('',(0.,1.,0.));
#3493 = PCURVE('',#1657,#3494);
#3494 = DEFINITIONAL_REPRESENTATION('',(#3495),#3499);
#3495 = LINE('',#3496,#3497);
#3496 = CARTESIAN_POINT('',(32.57654139966,-2.));
#3497 = VECTOR('',#3498,1.);
#3498 = DIRECTION('',(0.,1.));
#3499 = ( GEOMETRIC_REPRESENTATION_CONTEXT(2) 
PARAMETRIC_REPRESENTATION_CONTEXT() REPRESENTATION_CONTEXT('2D SPACE',''
  ) );
#3500 = PCURVE('',#1686,#3501);
#3501 = DEFINITIONAL_REPRESENTATION('',(#3502),#3506);
#3502 = LINE('',#3503,#3504);
#3503 = CARTESIAN_POINT('',(-0.661043168851,0.));
#3504 = VECTOR('',#3505,1.);
#3505 = DIRECTION('',(-0.,1.));
#3506 = ( GEOMETRIC_REPRESENTATION_CONTEXT(2) 
PARAMETRIC_REPRESENTATION_CONTEXT() REPRESENTATION_CONTEXT('2D SPACE',''
  ) );
#3507 = ORIENTED_EDGE('',*,*,#1978,.F.);
#3508 = ADVANCED_FACE('',(#3509),#1686,.T.);
#3509 = FACE_BOUND('',#3510,.F.);
#3510 = EDGE_LOOP('',(#3511,#3512,#3513,#3514));
#3511 = ORIENTED_EDGE('',*,*,#1669,.T.);
#3512 = ORIENTED_EDGE('',*,*,#3487,.T.);
#3513 = ORIENTED_EDGE('',*,*,#2001,.F.);
#3514 = ORIENTED_EDGE('',*,*,#3515,.F.);
#3515 = EDGE_CURVE('',#1670,#2002,#3516,.T.);
#3516 = SURFACE_CURVE('',#3517,(#3521,#3528),.PCURVE_S1.);
#3517 = LINE('',#3518,#3519);
#3518 = CARTESIAN_POINT('',(-14.50555467829,-3.41,19.950001127904));
#3519 = VECTOR('',#3520,1.);
#3520 = DIRECTION('',(0.,1.,0.));
#3521 = PCURVE('',#1686,#3522);
#3522 = DEFINITIONAL_REPRESENTATION('',(#3523),#3527);
#3523 = LINE('',#3524,#3525);
#3524 = CARTESIAN_POINT('',(-0.,0.));
#3525 = VECTOR('',#3526,1.);
#3526 = DIRECTION('',(-0.,1.));
#3527 = ( GEOMETRIC_REPRESENTATION_CONTEXT(2) 
PARAMETRIC_REPRESENTATION_CONTEXT() REPRESENTATION_CONTEXT('2D SPACE',''
  ) );
#3528 = PCURVE('',#1714,#3529);
#3529 = DEFINITIONAL_REPRESENTATION('',(#3530),#3534);
#3530 = LINE('',#3531,#3532);
#3531 = CARTESIAN_POINT('',(0.82345860034,-2.));
#3532 = VECTOR('',#3533,1.);
#3533 = DIRECTION('',(0.,1.));
#3534 = ( GEOMETRIC_REPRESENTATION_CONTEXT(2) 
PARAMETRIC_REPRESENTATION_CONTEXT() REPRESENTATION_CONTEXT('2D SPACE',''
  ) );
#3535 = ADVANCED_FACE('',(#3536),#1714,.T.);
#3536 = FACE_BOUND('',#3537,.T.);
#3537 = EDGE_LOOP('',(#3538,#3539,#3540,#3541,#3542,#3543));
#3538 = ORIENTED_EDGE('',*,*,#3515,.F.);
#3539 = ORIENTED_EDGE('',*,*,#1698,.T.);
#3540 = ORIENTED_EDGE('',*,*,#2209,.F.);
#3541 = ORIENTED_EDGE('',*,*,#2146,.F.);
#3542 = ORIENTED_EDGE('',*,*,#2074,.T.);
#3543 = ORIENTED_EDGE('',*,*,#2025,.F.);
#3544 = ADVANCED_FACE('',(#3545),#1945,.F.);
#3545 = FACE_BOUND('',#3546,.F.);
#3546 = EDGE_LOOP('',(#3547,#3569,#3570,#3571));
#3547 = ORIENTED_EDGE('',*,*,#3548,.F.);
#3548 = EDGE_CURVE('',#3436,#3415,#3549,.T.);
#3549 = SURFACE_CURVE('',#3550,(#3555,#3562),.PCURVE_S1.);
#3550 = CIRCLE('',#3551,15.);
#3551 = AXIS2_PLACEMENT_3D('',#3552,#3553,#3554);
#3552 = CARTESIAN_POINT('',(0.,0.89,39.22));
#3553 = DIRECTION('',(0.,1.,0.));
#3554 = DIRECTION('',(0.,-0.,1.));
#3555 = PCURVE('',#1945,#3556);
#3556 = DEFINITIONAL_REPRESENTATION('',(#3557),#3561);
#3557 = LINE('',#3558,#3559);
#3558 = CARTESIAN_POINT('',(0.,0.3));
#3559 = VECTOR('',#3560,1.);
#3560 = DIRECTION('',(1.,0.));
#3561 = ( GEOMETRIC_REPRESENTATION_CONTEXT(2) 
PARAMETRIC_REPRESENTATION_CONTEXT() REPRESENTATION_CONTEXT('2D SPACE',''
  ) );
#3562 = PCURVE('',#3450,#3563);
#3563 = DEFINITIONAL_REPRESENTATION('',(#3564),#3568);
#3564 = CIRCLE('',#3565,15.);
#3565 = AXIS2_PLACEMENT_2D('',#3566,#3567);
#3566 = CARTESIAN_POINT('',(0.,0.));
#3567 = DIRECTION('',(1.,0.));
#3568 = ( GEOMETRIC_REPRESENTATION_CONTEXT(2) 
PARAMETRIC_REPRESENTATION_CONTEXT() REPRESENTATION_CONTEXT('2D SPACE',''
  ) );
#3569 = ORIENTED_EDGE('',*,*,#3461,.F.);
#3570 = ORIENTED_EDGE('',*,*,#1924,.T.);
#3571 = ORIENTED_EDGE('',*,*,#3414,.T.);
#3572 = ADVANCED_FACE('',(#3573),#2563,.F.);
#3573 = FACE_BOUND('',#3574,.F.);
#3574 = EDGE_LOOP('',(#3575,#3576,#3596,#3597));
#3575 = ORIENTED_EDGE('',*,*,#2903,.F.);
#3576 = ORIENTED_EDGE('',*,*,#3577,.T.);
#3577 = EDGE_CURVE('',#2904,#2238,#3578,.T.);
#3578 = SEAM_CURVE('',#3579,(#3582,#3589),.PCURVE_S1.);
#3579 = B_SPLINE_CURVE_WITH_KNOTS('',1,(#3580,#3581),.UNSPECIFIED.,.F.,
  .F.,(2,2),(0.,1.),.PIECEWISE_BEZIER_KNOTS.);
#3580 = CARTESIAN_POINT('',(29.3,9.580785254746E-15,13.));
#3581 = CARTESIAN_POINT('',(39.3,3.961429843536E-15,86.));
#3582 = PCURVE('',#2563,#3583);
#3583 = DEFINITIONAL_REPRESENTATION('',(#3584),#3588);
#3584 = LINE('',#3585,#3586);
#3585 = CARTESIAN_POINT('',(0.,0.));
#3586 = VECTOR('',#3587,1.);
#3587 = DIRECTION('',(0.,1.));
#3588 = ( GEOMETRIC_REPRESENTATION_CONTEXT(2) 
PARAMETRIC_REPRESENTATION_CONTEXT() REPRESENTATION_CONTEXT('2D SPACE',''
  ) );
#3589 = PCURVE('',#2563,#3590);
#3590 = DEFINITIONAL_REPRESENTATION('',(#3591),#3595);
#3591 = LINE('',#3592,#3593);
#3592 = CARTESIAN_POINT('',(6.28318530718,0.));
#3593 = VECTOR('',#3594,1.);
#3594 = DIRECTION('',(0.,1.));
#3595 = ( GEOMETRIC_REPRESENTATION_CONTEXT(2) 
PARAMETRIC_REPRESENTATION_CONTEXT() REPRESENTATION_CONTEXT('2D SPACE',''
  ) );
#3596 = ORIENTED_EDGE('',*,*,#2237,.T.);
#3597 = ORIENTED_EDGE('',*,*,#3577,.F.);
#3598 = ADVANCED_FACE('',(#3599),#3450,.F.);
#3599 = FACE_BOUND('',#3600,.F.);
#3600 = EDGE_LOOP('',(#3601,#3602));
#3601 = ORIENTED_EDGE('',*,*,#3435,.F.);
#3602 = ORIENTED_EDGE('',*,*,#3548,.T.);
#3603 = ( GEOMETRIC_REPRESENTATION_CONTEXT(3) 
GLOBAL_UNCERTAINTY_ASSIGNED_CONTEXT((#3607)) 
GLOBAL_UNIT_ASSIGNED_CONTEXT((#3604,#3605,#3606)) REPRESENTATION_CONTEXT
('Context #1','3D Context with UNIT and UNCERTAINTY') );
#3604 = ( LENGTH_UNIT() NAMED_UNIT(*) SI_UNIT(.MILLI.,.METRE.) );
#3605 = ( NAMED_UNIT(*) PLANE_ANGLE_UNIT() SI_UNIT($,.RADIAN.) );
#3606 = ( NAMED_UNIT(*) SI_UNIT($,.STERADIAN.) SOLID_ANGLE_UNIT() );
#3607 = UNCERTAINTY_MEASURE_WITH_UNIT(LENGTH_MEASURE(5.E-07),#3604,
  'distance_accuracy_value','confusion accuracy');
#3608 = PRODUCT_RELATED_PRODUCT_CATEGORY('part',$,(#7));
ENDSEC;
END-ISO-10303-21;
