ISO-10303-21;
HEADER;
FILE_DESCRIPTION(('Open CASCADE Model'),'2;1');
FILE_NAME('Open CASCADE Shape Model','2026-08-16T23:33:06',('Author'),(
    'Open CASCADE'),'Open CASCADE STEP processor 7.8','Open CASCADE 7.8'
  ,'Unknown');
FILE_SCHEMA(('AUTOMOTIVE_DESIGN { 1 0 10303 214 1 1 1 1 }'));
ENDSEC;
DATA;
#1 = APPLICATION_PROTOCOL_DEFINITION('international standard',
  'automotive_design',2000,#2);
#2 = APPLICATION_CONTEXT(
  'core data for automotive mechanical design processes');
#3 = SHAPE_DEFINITION_REPRESENTATION(#4,#10);
#4 = PRODUCT_DEFINITION_SHAPE('','',#5);
#5 = PRODUCT_DEFINITION('design','',#6,#9);
#6 = PRODUCT_DEFINITION_FORMATION('','',#7);
#7 = PRODUCT('Open CASCADE STEP translator 7.8 42',
  'Open CASCADE STEP translator 7.8 42','',(#8));
#8 = PRODUCT_CONTEXT('',#2,'mechanical');
#9 = PRODUCT_DEFINITION_CONTEXT('part definition',#2,'design');
#10 = ADVANCED_BREP_SHAPE_REPRESENTATION('',(#11,#15),#4851);
#11 = AXIS2_PLACEMENT_3D('',#12,#13,#14);
#12 = CARTESIAN_POINT('',(0.,0.,0.));
#13 = DIRECTION('',(0.,0.,1.));
#14 = DIRECTION('',(1.,0.,-0.));
#15 = MANIFOLD_SOLID_BREP('',#16);
#16 = CLOSED_SHELL('',(#17,#353,#871,#1055,#1130,#1480,#1560,#1564,#1614
    ,#1661,#1711,#1758,#1786,#1889,#3367,#3615,#3621,#3720,#3768,#3795,
    #3823,#3830,#3888,#4008,#4286,#4344,#4449,#4615,#4650,#4705,#4738,
    #4771,#4804,#4845));
#17 = ADVANCED_FACE('',(#18),#31,.T.);
#18 = FACE_BOUND('',#19,.T.);
#19 = EDGE_LOOP('',(#20,#75,#104,#138,#217,#251,#273,#274));
#20 = ORIENTED_EDGE('',*,*,#21,.F.);
#21 = EDGE_CURVE('',#22,#24,#26,.T.);
#22 = VERTEX_POINT('',#23);
#23 = CARTESIAN_POINT('',(29.,0.,12.));
#24 = VERTEX_POINT('',#25);
#25 = CARTESIAN_POINT('',(42.,0.,18.));
#26 = SEAM_CURVE('',#27,(#30,#68),.PCURVE_S1.);
#27 = B_SPLINE_CURVE_WITH_KNOTS('',1,(#28,#29),.UNSPECIFIED.,.F.,.F.,(2,
    2),(0.,1.),.PIECEWISE_BEZIER_KNOTS.);
#28 = CARTESIAN_POINT('',(29.,2.64856971226E-15,12.));
#29 = CARTESIAN_POINT('',(42.,4.727759759839E-14,18.));
#30 = PCURVE('',#31,#62);
#31 = B_SPLINE_SURFACE_WITH_KNOTS('',14,1,(
    (#32,#33)
    ,(#34,#35)
    ,(#36,#37)
    ,(#38,#39)
    ,(#40,#41)
    ,(#42,#43)
    ,(#44,#45)
    ,(#46,#47)
    ,(#48,#49)
    ,(#50,#51)
    ,(#52,#53)
    ,(#54,#55)
    ,(#56,#57)
    ,(#58,#59)
    ,(#60,#61
    )),.UNSPECIFIED.,.T.,.F.,.F.,(15,15),(2,2),(0.,6.28318530718),(0.,1.
    ),.PIECEWISE_BEZIER_KNOTS.);
#32 = CARTESIAN_POINT('',(29.,2.64856971226E-15,12.));
#33 = CARTESIAN_POINT('',(42.,4.727759759839E-14,18.));
#34 = CARTESIAN_POINT('',(29.000000000003,10.322375861804,12.));
#35 = CARTESIAN_POINT('',(42.000000000004,14.361566416421,
    18.000000000001));
#36 = CARTESIAN_POINT('',(22.709483525206,20.644755533803,12.));
#37 = CARTESIAN_POINT('',(32.88959682961,28.723138133996,17.999999999997
    ));
#38 = CARTESIAN_POINT('',(10.128442533833,28.354844971212,
    11.999999999997));
#39 = CARTESIAN_POINT('',(14.668778842096,39.450219090356,
    18.000000000004));
#40 = CARTESIAN_POINT('',(-6.861707827399,30.84064470394,12.000000000013
    ));
#41 = CARTESIAN_POINT('',(-9.937645818978,42.908723066406,
    18.000000000005));
#42 = CARTESIAN_POINT('',(-24.49849415174,26.426467803327,
    11.999999999966));
#43 = CARTESIAN_POINT('',(-35.48057773702,36.767259552362,
    17.999999999969));
#44 = CARTESIAN_POINT('',(-37.96220934803,15.315360640961,
    12.000000000061));
#45 = CARTESIAN_POINT('',(-54.97975146953,21.308327848421,18.00000000007
    ));
#46 = CARTESIAN_POINT('',(-43.03102945947,4.311891682217E-10,
    11.999999999921));
#47 = CARTESIAN_POINT('',(-62.32080128618,4.529813320791E-10,
    17.999999999894));
#48 = CARTESIAN_POINT('',(-37.96220934804,-15.31536064175,
    12.000000000081));
#49 = CARTESIAN_POINT('',(-54.97975146953,-21.30832784925,
    18.000000000119));
#50 = CARTESIAN_POINT('',(-24.49849415172,-26.42646780272,
    11.999999999935));
#51 = CARTESIAN_POINT('',(-35.48057773702,-36.76725955172,
    17.999999999896));
#52 = CARTESIAN_POINT('',(-6.861707827408,-30.84064470431,
    12.000000000041));
#53 = CARTESIAN_POINT('',(-9.937645818976,-42.9087230668,18.000000000071
    ));
#54 = CARTESIAN_POINT('',(10.128442533839,-28.35484497102,11.99999999998
    ));
#55 = CARTESIAN_POINT('',(14.668778842096,-39.45021909015,
    17.999999999963));
#56 = CARTESIAN_POINT('',(22.709483525203,-20.64475553387,
    12.000000000007));
#57 = CARTESIAN_POINT('',(32.889596829611,-28.72313813407,
    18.000000000014));
#58 = CARTESIAN_POINT('',(29.000000000004,-10.32237586178,
    11.999999999998));
#59 = CARTESIAN_POINT('',(42.000000000004,-14.3615664164,17.999999999997
    ));
#60 = CARTESIAN_POINT('',(29.,-1.156228521492E-14,12.));
#61 = CARTESIAN_POINT('',(42.,-5.219838570296E-14,18.));
#62 = DEFINITIONAL_REPRESENTATION('',(#63),#67);
#63 = LINE('',#64,#65);
#64 = CARTESIAN_POINT('',(0.,0.));
#65 = VECTOR('',#66,1.);
#66 = DIRECTION('',(0.,1.));
#67 = ( GEOMETRIC_REPRESENTATION_CONTEXT(2) 
PARAMETRIC_REPRESENTATION_CONTEXT() REPRESENTATION_CONTEXT('2D SPACE',''
  ) );
#68 = PCURVE('',#31,#69);
#69 = DEFINITIONAL_REPRESENTATION('',(#70),#74);
#70 = LINE('',#71,#72);
#71 = CARTESIAN_POINT('',(6.28318530718,0.));
#72 = VECTOR('',#73,1.);
#73 = DIRECTION('',(0.,1.));
#74 = ( GEOMETRIC_REPRESENTATION_CONTEXT(2) 
PARAMETRIC_REPRESENTATION_CONTEXT() REPRESENTATION_CONTEXT('2D SPACE',''
  ) );
#75 = ORIENTED_EDGE('',*,*,#76,.T.);
#76 = EDGE_CURVE('',#22,#77,#79,.T.);
#77 = VERTEX_POINT('',#78);
#78 = CARTESIAN_POINT('',(-26.,-10.18759825204,12.));
#79 = SURFACE_CURVE('',#80,(#85,#92),.PCURVE_S1.);
#80 = ELLIPSE('',#81,29.,23.);
#81 = AXIS2_PLACEMENT_3D('',#82,#83,#84);
#82 = CARTESIAN_POINT('',(0.,0.,12.));
#83 = DIRECTION('',(0.,0.,1.));
#84 = DIRECTION('',(1.,0.,0.));
#85 = PCURVE('',#31,#86);
#86 = DEFINITIONAL_REPRESENTATION('',(#87),#91);
#87 = LINE('',#88,#89);
#88 = CARTESIAN_POINT('',(0.,0.));
#89 = VECTOR('',#90,1.);
#90 = DIRECTION('',(1.,0.));
#91 = ( GEOMETRIC_REPRESENTATION_CONTEXT(2) 
PARAMETRIC_REPRESENTATION_CONTEXT() REPRESENTATION_CONTEXT('2D SPACE',''
  ) );
#92 = PCURVE('',#93,#98);
#93 = PLANE('',#94);
#94 = AXIS2_PLACEMENT_3D('',#95,#96,#97);
#95 = CARTESIAN_POINT('',(0.,0.,12.));
#96 = DIRECTION('',(0.,0.,1.));
#97 = DIRECTION('',(1.,0.,0.));
#98 = DEFINITIONAL_REPRESENTATION('',(#99),#103);
#99 = ELLIPSE('',#100,29.,23.);
#100 = AXIS2_PLACEMENT_2D('',#101,#102);
#101 = CARTESIAN_POINT('',(0.,0.));
#102 = DIRECTION('',(1.,0.));
#103 = ( GEOMETRIC_REPRESENTATION_CONTEXT(2) 
PARAMETRIC_REPRESENTATION_CONTEXT() REPRESENTATION_CONTEXT('2D SPACE',''
  ) );
#104 = ORIENTED_EDGE('',*,*,#105,.T.);
#105 = EDGE_CURVE('',#77,#106,#108,.T.);
#106 = VERTEX_POINT('',#107);
#107 = CARTESIAN_POINT('',(-26.,-11.,12.222287649451));
#108 = SURFACE_CURVE('',#109,(#115,#124),.PCURVE_S1.);
#109 = B_SPLINE_CURVE_WITH_KNOTS('',4,(#110,#111,#112,#113,#114),
  .UNSPECIFIED.,.F.,.F.,(5,5),(0.,1.),.PIECEWISE_BEZIER_KNOTS.);
#110 = CARTESIAN_POINT('',(-26.,-10.18759823051,12.));
#111 = CARTESIAN_POINT('',(-26.,-10.39118106446,12.053818227465));
#112 = CARTESIAN_POINT('',(-26.,-10.59444447464,12.108824806386));
#113 = CARTESIAN_POINT('',(-26.,-10.79738482192,12.16499095515));
#114 = CARTESIAN_POINT('',(-26.,-11.,12.222287649451));
#115 = PCURVE('',#31,#116);
#116 = DEFINITIONAL_REPRESENTATION('',(#117),#123);
#117 = B_SPLINE_CURVE_WITH_KNOTS('',4,(#118,#119,#120,#121,#122),
  .UNSPECIFIED.,.F.,.F.,(5,5),(0.,1.),.PIECEWISE_BEZIER_KNOTS.);
#118 = CARTESIAN_POINT('',(3.600466858815,0.));
#119 = CARTESIAN_POINT('',(3.608605555626,8.969704577449E-03));
#120 = CARTESIAN_POINT('',(3.616657929932,1.813746773093E-02));
#121 = CARTESIAN_POINT('',(3.624623041673,2.7498492525E-02));
#122 = CARTESIAN_POINT('',(3.632500355699,3.704794157511E-02));
#123 = ( GEOMETRIC_REPRESENTATION_CONTEXT(2) 
PARAMETRIC_REPRESENTATION_CONTEXT() REPRESENTATION_CONTEXT('2D SPACE',''
  ) );
#124 = PCURVE('',#125,#130);
#125 = PLANE('',#126);
#126 = AXIS2_PLACEMENT_3D('',#127,#128,#129);
#127 = CARTESIAN_POINT('',(-26.,-13.,-10.));
#128 = DIRECTION('',(1.,0.,0.));
#129 = DIRECTION('',(0.,0.,1.));
#130 = DEFINITIONAL_REPRESENTATION('',(#131),#137);
#131 = B_SPLINE_CURVE_WITH_KNOTS('',4,(#132,#133,#134,#135,#136),
  .UNSPECIFIED.,.F.,.F.,(5,5),(0.,1.),.PIECEWISE_BEZIER_KNOTS.);
#132 = CARTESIAN_POINT('',(22.,-2.81240176949));
#133 = CARTESIAN_POINT('',(22.053818227465,-2.60881893554));
#134 = CARTESIAN_POINT('',(22.108824806386,-2.405555525353));
#135 = CARTESIAN_POINT('',(22.16499095515,-2.202615178071));
#136 = CARTESIAN_POINT('',(22.222287649451,-2.));
#137 = ( GEOMETRIC_REPRESENTATION_CONTEXT(2) 
PARAMETRIC_REPRESENTATION_CONTEXT() REPRESENTATION_CONTEXT('2D SPACE',''
  ) );
#138 = ORIENTED_EDGE('',*,*,#139,.T.);
#139 = EDGE_CURVE('',#106,#140,#142,.T.);
#140 = VERTEX_POINT('',#141);
#141 = CARTESIAN_POINT('',(-24.,-13.,12.03044201027));
#142 = SURFACE_CURVE('',#143,(#164,#188),.PCURVE_S1.);
#143 = B_SPLINE_CURVE_WITH_KNOTS('',7,(#144,#145,#146,#147,#148,#149,
    #150,#151,#152,#153,#154,#155,#156,#157,#158,#159,#160,#161,#162,
    #163),.UNSPECIFIED.,.F.,.F.,(8,6,6,8),(0.,0.234521169228,
    0.657796269624,1.),.UNSPECIFIED.);
#144 = CARTESIAN_POINT('',(-26.,-11.,12.222287649451));
#145 = CARTESIAN_POINT('',(-26.,-11.10247632294,12.25126649795));
#146 = CARTESIAN_POINT('',(-25.99387425997,-11.20589059416,
    12.278219429205));
#147 = CARTESIAN_POINT('',(-25.98142052697,-11.30978713179,
    12.302959272407));
#148 = CARTESIAN_POINT('',(-25.96248032552,-11.41365749213,
    12.325297478291));
#149 = CARTESIAN_POINT('',(-25.93695315464,-11.5169411056,
    12.345047776027));
#150 = CARTESIAN_POINT('',(-25.90482130671,-11.61902921686,
    12.362035126116));
#151 = CARTESIAN_POINT('',(-25.79645319724,-11.90019536466,
    12.401512924049));
#152 = CARTESIAN_POINT('',(-25.7053184922,-12.07566680976,
    12.417506903121));
#153 = CARTESIAN_POINT('',(-25.59348802519,-12.2409055367,
    12.422984488671));
#154 = CARTESIAN_POINT('',(-25.46304977876,-12.39213429108,
    12.417560897727));
#155 = CARTESIAN_POINT('',(-25.31686836201,-12.52637479482,
    12.401288676729));
#156 = CARTESIAN_POINT('',(-25.15853318665,-12.64146401835,
    12.374694055267));
#157 = CARTESIAN_POINT('',(-24.85813998125,-12.81315204251,
    12.310105144303));
#158 = CARTESIAN_POINT('',(-24.71853036108,-12.87687034443,
    12.275217790485));
#159 = CARTESIAN_POINT('',(-24.57549216768,-12.92716621872,
    12.234830205534));
#160 = CARTESIAN_POINT('',(-24.43074880895,-12.96416707025,
    12.18955153206));
#161 = CARTESIAN_POINT('',(-24.28579039205,-12.98825905592,
    12.140000951524));
#162 = CARTESIAN_POINT('',(-24.14187035912,-13.,12.086782182906));
#163 = CARTESIAN_POINT('',(-24.,-13.,12.03044201027));
#164 = PCURVE('',#31,#165);
#165 = DEFINITIONAL_REPRESENTATION('',(#166),#187);
#166 = B_SPLINE_CURVE_WITH_KNOTS('',7,(#167,#168,#169,#170,#171,#172,
    #173,#174,#175,#176,#177,#178,#179,#180,#181,#182,#183,#184,#185,
    #186),.UNSPECIFIED.,.F.,.F.,(8,6,6,8),(0.,0.234521169228,
    0.657796269624,1.),.UNSPECIFIED.);
#167 = CARTESIAN_POINT('',(3.632500355699,3.704794157511E-02));
#168 = CARTESIAN_POINT('',(3.636484450987,4.187774965827E-02));
#169 = CARTESIAN_POINT('',(3.640576326087,4.636990486748E-02));
#170 = CARTESIAN_POINT('',(3.644762752038,5.049321206785E-02));
#171 = CARTESIAN_POINT('',(3.649028523817,5.421624638182E-02));
#172 = CARTESIAN_POINT('',(3.653356327793,5.750796267117E-02));
#173 = CARTESIAN_POINT('',(3.657726446053,6.033918768595E-02));
#174 = CARTESIAN_POINT('',(3.670039313126,6.691882067489E-02));
#175 = CARTESIAN_POINT('',(3.678051082383,6.958448385358E-02));
#176 = CARTESIAN_POINT('',(3.685980285932,7.049741477856E-02));
#177 = CARTESIAN_POINT('',(3.693679158333,6.959348295452E-02));
#178 = CARTESIAN_POINT('',(3.701016253041,6.688144612146E-02));
#179 = CARTESIAN_POINT('',(3.707871635338,6.244900921114E-02));
#180 = CARTESIAN_POINT('',(3.719217014784,5.168419071715E-02));
#181 = CARTESIAN_POINT('',(3.7239177352,4.586963174755E-02));
#182 = CARTESIAN_POINT('',(3.728206794278,3.913836758907E-02));
#183 = CARTESIAN_POINT('',(3.73206182681,3.159192200999E-02));
#184 = CARTESIAN_POINT('',(3.735470221221,2.333349192075E-02));
#185 = CARTESIAN_POINT('',(3.738427220026,1.4463697151E-02));
#186 = CARTESIAN_POINT('',(3.740932450942,5.073668378362E-03));
#187 = ( GEOMETRIC_REPRESENTATION_CONTEXT(2) 
PARAMETRIC_REPRESENTATION_CONTEXT() REPRESENTATION_CONTEXT('2D SPACE',''
  ) );
#188 = PCURVE('',#189,#194);
#189 = CYLINDRICAL_SURFACE('',#190,2.);
#190 = AXIS2_PLACEMENT_3D('',#191,#192,#193);
#191 = CARTESIAN_POINT('',(-24.,-11.,-10.));
#192 = DIRECTION('',(0.,0.,1.));
#193 = DIRECTION('',(-1.,-0.,0.));
#194 = DEFINITIONAL_REPRESENTATION('',(#195),#216);
#195 = B_SPLINE_CURVE_WITH_KNOTS('',7,(#196,#197,#198,#199,#200,#201,
    #202,#203,#204,#205,#206,#207,#208,#209,#210,#211,#212,#213,#214,
    #215),.UNSPECIFIED.,.F.,.F.,(8,6,6,8),(0.,0.234521169228,
    0.657796269624,1.),.UNSPECIFIED.);
#196 = CARTESIAN_POINT('',(0.,22.222287649451));
#197 = CARTESIAN_POINT('',(5.123816147313E-02,22.25126649795));
#198 = CARTESIAN_POINT('',(0.102945255407,22.278219429205));
#199 = CARTESIAN_POINT('',(0.155113380528,22.302959272407));
#200 = CARTESIAN_POINT('',(0.207725615531,22.325297478291));
#201 = CARTESIAN_POINT('',(0.260755741534,22.345047776027));
#202 = CARTESIAN_POINT('',(0.314162420933,22.362035126116));
#203 = CARTESIAN_POINT('',(0.464825994684,22.401512924049));
#204 = CARTESIAN_POINT('',(0.56307915313,22.417506903121));
#205 = CARTESIAN_POINT('',(0.661768525157,22.422984488671));
#206 = CARTESIAN_POINT('',(0.760422678996,22.417560897727));
#207 = CARTESIAN_POINT('',(0.858615178661,22.401288676729));
#208 = CARTESIAN_POINT('',(0.955903072775,22.374694055267));
#209 = CARTESIAN_POINT('',(1.128900800715,22.310105144303));
#210 = CARTESIAN_POINT('',(1.205314238672,22.275217790485));
#211 = CARTESIAN_POINT('',(1.280641780376,22.234830205534));
#212 = CARTESIAN_POINT('',(1.354839232015,22.18955153206));
#213 = CARTESIAN_POINT('',(1.427901062457,22.140000951524));
#214 = CARTESIAN_POINT('',(1.499861147232,22.086782182906));
#215 = CARTESIAN_POINT('',(1.570796326795,22.03044201027));
#216 = ( GEOMETRIC_REPRESENTATION_CONTEXT(2) 
PARAMETRIC_REPRESENTATION_CONTEXT() REPRESENTATION_CONTEXT('2D SPACE',''
  ) );
#217 = ORIENTED_EDGE('',*,*,#218,.F.);
#218 = EDGE_CURVE('',#219,#140,#221,.T.);
#219 = VERTEX_POINT('',#220);
#220 = CARTESIAN_POINT('',(-23.92331795083,-13.,12.));
#221 = SURFACE_CURVE('',#222,(#228,#237),.PCURVE_S1.);
#222 = B_SPLINE_CURVE_WITH_KNOTS('',4,(#223,#224,#225,#226,#227),
  .UNSPECIFIED.,.F.,.F.,(5,5),(0.,1.),.PIECEWISE_BEZIER_KNOTS.);
#223 = CARTESIAN_POINT('',(-23.92331794767,-13.,12.));
#224 = CARTESIAN_POINT('',(-23.94248935559,-13.,12.007608277493));
#225 = CARTESIAN_POINT('',(-23.96166016599,-13.,12.015218041742));
#226 = CARTESIAN_POINT('',(-23.9808303799,-13.,12.022829287588));
#227 = CARTESIAN_POINT('',(-24.,-13.,12.03044201027));
#228 = PCURVE('',#31,#229);
#229 = DEFINITIONAL_REPRESENTATION('',(#230),#236);
#230 = B_SPLINE_CURVE_WITH_KNOTS('',4,(#231,#232,#233,#234,#235),
  .UNSPECIFIED.,.F.,.F.,(5,5),(0.,1.),.PIECEWISE_BEZIER_KNOTS.);
#231 = CARTESIAN_POINT('',(3.742289406955,0.));
#232 = CARTESIAN_POINT('',(3.741949435961,1.268046248849E-03));
#233 = CARTESIAN_POINT('',(3.741609944626,2.536334688448E-03));
#234 = CARTESIAN_POINT('',(3.741270967003,3.804885791548E-03));
#235 = CARTESIAN_POINT('',(3.740932458483,5.073672905317E-03));
#236 = ( GEOMETRIC_REPRESENTATION_CONTEXT(2) 
PARAMETRIC_REPRESENTATION_CONTEXT() REPRESENTATION_CONTEXT('2D SPACE',''
  ) );
#237 = PCURVE('',#238,#243);
#238 = PLANE('',#239);
#239 = AXIS2_PLACEMENT_3D('',#240,#241,#242);
#240 = CARTESIAN_POINT('',(-26.,-13.,-10.));
#241 = DIRECTION('',(0.,1.,0.));
#242 = DIRECTION('',(0.,0.,1.));
#243 = DEFINITIONAL_REPRESENTATION('',(#244),#250);
#244 = B_SPLINE_CURVE_WITH_KNOTS('',4,(#245,#246,#247,#248,#249),
  .UNSPECIFIED.,.F.,.F.,(5,5),(0.,1.),.PIECEWISE_BEZIER_KNOTS.);
#245 = CARTESIAN_POINT('',(22.,2.07668205233));
#246 = CARTESIAN_POINT('',(22.007608277493,2.057510644404));
#247 = CARTESIAN_POINT('',(22.015218041742,2.038339834008));
#248 = CARTESIAN_POINT('',(22.022829287588,2.019169620096));
#249 = CARTESIAN_POINT('',(22.03044201027,2.));
#250 = ( GEOMETRIC_REPRESENTATION_CONTEXT(2) 
PARAMETRIC_REPRESENTATION_CONTEXT() REPRESENTATION_CONTEXT('2D SPACE',''
  ) );
#251 = ORIENTED_EDGE('',*,*,#252,.T.);
#252 = EDGE_CURVE('',#219,#22,#253,.T.);
#253 = SURFACE_CURVE('',#254,(#259,#266),.PCURVE_S1.);
#254 = ELLIPSE('',#255,29.,23.);
#255 = AXIS2_PLACEMENT_3D('',#256,#257,#258);
#256 = CARTESIAN_POINT('',(0.,0.,12.));
#257 = DIRECTION('',(0.,0.,1.));
#258 = DIRECTION('',(1.,0.,0.));
#259 = PCURVE('',#31,#260);
#260 = DEFINITIONAL_REPRESENTATION('',(#261),#265);
#261 = LINE('',#262,#263);
#262 = CARTESIAN_POINT('',(0.,0.));
#263 = VECTOR('',#264,1.);
#264 = DIRECTION('',(1.,0.));
#265 = ( GEOMETRIC_REPRESENTATION_CONTEXT(2) 
PARAMETRIC_REPRESENTATION_CONTEXT() REPRESENTATION_CONTEXT('2D SPACE',''
  ) );
#266 = PCURVE('',#93,#267);
#267 = DEFINITIONAL_REPRESENTATION('',(#268),#272);
#268 = ELLIPSE('',#269,29.,23.);
#269 = AXIS2_PLACEMENT_2D('',#270,#271);
#270 = CARTESIAN_POINT('',(0.,0.));
#271 = DIRECTION('',(1.,0.));
#272 = ( GEOMETRIC_REPRESENTATION_CONTEXT(2) 
PARAMETRIC_REPRESENTATION_CONTEXT() REPRESENTATION_CONTEXT('2D SPACE',''
  ) );
#273 = ORIENTED_EDGE('',*,*,#21,.T.);
#274 = ORIENTED_EDGE('',*,*,#275,.F.);
#275 = EDGE_CURVE('',#24,#24,#276,.T.);
#276 = SURFACE_CURVE('',#277,(#282,#289),.PCURVE_S1.);
#277 = ELLIPSE('',#278,42.,32.);
#278 = AXIS2_PLACEMENT_3D('',#279,#280,#281);
#279 = CARTESIAN_POINT('',(0.,0.,18.));
#280 = DIRECTION('',(0.,0.,1.));
#281 = DIRECTION('',(1.,0.,0.));
#282 = PCURVE('',#31,#283);
#283 = DEFINITIONAL_REPRESENTATION('',(#284),#288);
#284 = LINE('',#285,#286);
#285 = CARTESIAN_POINT('',(0.,1.));
#286 = VECTOR('',#287,1.);
#287 = DIRECTION('',(1.,0.));
#288 = ( GEOMETRIC_REPRESENTATION_CONTEXT(2) 
PARAMETRIC_REPRESENTATION_CONTEXT() REPRESENTATION_CONTEXT('2D SPACE',''
  ) );
#289 = PCURVE('',#290,#347);
#290 = B_SPLINE_SURFACE_WITH_KNOTS('',14,1,(
    (#291,#292)
    ,(#293,#294)
    ,(#295,#296)
    ,(#297,#298)
    ,(#299,#300)
    ,(#301,#302)
    ,(#303,#304)
    ,(#305,#306)
    ,(#307,#308)
    ,(#309,#310)
    ,(#311,#312)
    ,(#313,#314)
    ,(#315,#316)
    ,(#317,#318)
    ,(#319,#320)
    ,(#321,#322)
    ,(#323,#324)
    ,(#325,#326)
    ,(#327,#328)
    ,(#329,#330)
    ,(#331,#332)
    ,(#333,#334)
    ,(#335,#336)
    ,(#337,#338)
    ,(#339,#340)
    ,(#341,#342)
    ,(#343,#344)
    ,(#345,#346
    )),.UNSPECIFIED.,.T.,.F.,.F.,(15,13,15),(2,2),(0.,3.14159265359,
    6.28318530718),(0.,1.),.UNSPECIFIED.);
#291 = CARTESIAN_POINT('',(42.,4.727759759839E-14,18.));
#292 = CARTESIAN_POINT('',(52.,7.105427357601E-15,86.));
#293 = CARTESIAN_POINT('',(42.000000000002,7.180783208211,
    18.000000000001));
#294 = CARTESIAN_POINT('',(51.999999999999,9.649177436024,
    85.999999999996));
#295 = CARTESIAN_POINT('',(39.722399207405,14.36156774171,18.));
#296 = CARTESIAN_POINT('',(49.180112970321,19.298354291805,
    86.000000000009));
#297 = CARTESIAN_POINT('',(35.167196166367,21.088041592701,18.));
#298 = CARTESIAN_POINT('',(43.540339408388,28.337063228807,
    85.99999999999));
#299 = CARTESIAN_POINT('',(28.504690657943,26.905918368593,18.));
#300 = CARTESIAN_POINT('',(35.291519502044,36.154819020212,
    86.000000000003));
#301 = CARTESIAN_POINT('',(20.075467183912,31.401633725313,18.));
#302 = CARTESIAN_POINT('',(24.855342511442,42.19594839679,
    86.000000000004));
#303 = CARTESIAN_POINT('',(10.371744126715,34.243180991786,18.));
#304 = CARTESIAN_POINT('',(12.841205836926,46.01427767796,
    85.999999999995));
#305 = CARTESIAN_POINT('',(-3.765199885208E-08,35.21523895902,18.));
#306 = CARTESIAN_POINT('',(-2.346059854322E-13,47.320473051831,
    85.999999999999));
#307 = CARTESIAN_POINT('',(-10.371743895,34.243182303258,18.));
#308 = CARTESIAN_POINT('',(-12.84120583692,46.014277677965,
    86.000000000005));
#309 = CARTESIAN_POINT('',(-20.07546791047,31.401634010186,18.));
#310 = CARTESIAN_POINT('',(-24.85534251144,42.195948396787,
    85.999999999998));
#311 = CARTESIAN_POINT('',(-28.50468954647,26.905915233008,18.));
#312 = CARTESIAN_POINT('',(-35.29151950204,36.154819020208,
    85.999999999996));
#313 = CARTESIAN_POINT('',(-35.16719697106,21.088045129779,18.));
#314 = CARTESIAN_POINT('',(-43.54033940838,28.337063228816,
    86.000000000007));
#315 = CARTESIAN_POINT('',(-39.72239898664,14.361566321527,18.));
#316 = CARTESIAN_POINT('',(-49.18011297032,19.298354291797,
    85.999999999995));
#317 = CARTESIAN_POINT('',(-41.99999999443,7.180783160764,18.));
#318 = CARTESIAN_POINT('',(-51.99999999999,9.649177436027,
    86.000000000001));
#319 = CARTESIAN_POINT('',(-41.99999999443,-7.180783160764,18.));
#320 = CARTESIAN_POINT('',(-52.,-9.649177436027,86.000000000001));
#321 = CARTESIAN_POINT('',(-39.72239898664,-14.36156632152,18.));
#322 = CARTESIAN_POINT('',(-49.18011297031,-19.29835429179,
    85.999999999997));
#323 = CARTESIAN_POINT('',(-35.16719697106,-21.08804512977,18.));
#324 = CARTESIAN_POINT('',(-43.54033940839,-28.33706322881,
    86.000000000003));
#325 = CARTESIAN_POINT('',(-28.50468954647,-26.905915233,18.));
#326 = CARTESIAN_POINT('',(-35.29151950204,-36.1548190202,86.));
#327 = CARTESIAN_POINT('',(-20.07546791047,-31.40163401018,18.));
#328 = CARTESIAN_POINT('',(-24.85534251143,-42.19594839678,
    85.999999999999));
#329 = CARTESIAN_POINT('',(-10.371743895,-34.24318230325,18.));
#330 = CARTESIAN_POINT('',(-12.84120583693,-46.01427767796,
    86.000000000001));
#331 = CARTESIAN_POINT('',(-3.76520352674E-08,-35.21523895902,18.));
#332 = CARTESIAN_POINT('',(0.,-47.32047305183,86.000000000001));
#333 = CARTESIAN_POINT('',(10.371744126715,-34.24318099178,18.));
#334 = CARTESIAN_POINT('',(12.84120583693,-46.01427767796,
    85.999999999999));
#335 = CARTESIAN_POINT('',(20.075467183912,-31.40163372531,18.));
#336 = CARTESIAN_POINT('',(24.855342511439,-42.19594839678,
    85.999999999999));
#337 = CARTESIAN_POINT('',(28.504690657943,-26.90591836859,18.));
#338 = CARTESIAN_POINT('',(35.291519502042,-36.15481902021,
    86.000000000001));
#339 = CARTESIAN_POINT('',(35.167196166367,-21.08804159269,
    17.999999999999));
#340 = CARTESIAN_POINT('',(43.540339408395,-28.3370632288,86.));
#341 = CARTESIAN_POINT('',(39.722399207405,-14.36156774172,
    18.000000000002));
#342 = CARTESIAN_POINT('',(49.180112970315,-19.2983542918,
    85.999999999999));
#343 = CARTESIAN_POINT('',(42.000000000002,-7.180783208203,
    17.999999999998));
#344 = CARTESIAN_POINT('',(52.000000000001,-9.649177436025,86.));
#345 = CARTESIAN_POINT('',(42.,-5.219838570296E-14,18.));
#346 = CARTESIAN_POINT('',(52.,-1.207195983276E-14,86.));
#347 = DEFINITIONAL_REPRESENTATION('',(#348),#352);
#348 = LINE('',#349,#350);
#349 = CARTESIAN_POINT('',(0.,0.));
#350 = VECTOR('',#351,1.);
#351 = DIRECTION('',(1.,0.));
#352 = ( GEOMETRIC_REPRESENTATION_CONTEXT(2) 
PARAMETRIC_REPRESENTATION_CONTEXT() REPRESENTATION_CONTEXT('2D SPACE',''
  ) );
#353 = ADVANCED_FACE('',(#354),#290,.T.);
#354 = FACE_BOUND('',#355,.T.);
#355 = EDGE_LOOP('',(#356,#378,#379,#380));
#356 = ORIENTED_EDGE('',*,*,#357,.F.);
#357 = EDGE_CURVE('',#24,#358,#360,.T.);
#358 = VERTEX_POINT('',#359);
#359 = CARTESIAN_POINT('',(48.029411764706,2.305614201203E-14,59.));
#360 = SEAM_CURVE('',#361,(#364,#371),.PCURVE_S1.);
#361 = B_SPLINE_CURVE_WITH_KNOTS('',1,(#362,#363),.UNSPECIFIED.,.F.,.F.,
  (2,2),(0.,1.),.PIECEWISE_BEZIER_KNOTS.);
#362 = CARTESIAN_POINT('',(42.,4.727759759839E-14,18.));
#363 = CARTESIAN_POINT('',(52.,7.105427357601E-15,86.));
#364 = PCURVE('',#290,#365);
#365 = DEFINITIONAL_REPRESENTATION('',(#366),#370);
#366 = LINE('',#367,#368);
#367 = CARTESIAN_POINT('',(0.,0.));
#368 = VECTOR('',#369,1.);
#369 = DIRECTION('',(0.,1.));
#370 = ( GEOMETRIC_REPRESENTATION_CONTEXT(2) 
PARAMETRIC_REPRESENTATION_CONTEXT() REPRESENTATION_CONTEXT('2D SPACE',''
  ) );
#371 = PCURVE('',#290,#372);
#372 = DEFINITIONAL_REPRESENTATION('',(#373),#377);
#373 = LINE('',#374,#375);
#374 = CARTESIAN_POINT('',(6.28318530718,0.));
#375 = VECTOR('',#376,1.);
#376 = DIRECTION('',(0.,1.));
#377 = ( GEOMETRIC_REPRESENTATION_CONTEXT(2) 
PARAMETRIC_REPRESENTATION_CONTEXT() REPRESENTATION_CONTEXT('2D SPACE',''
  ) );
#378 = ORIENTED_EDGE('',*,*,#275,.T.);
#379 = ORIENTED_EDGE('',*,*,#357,.T.);
#380 = ORIENTED_EDGE('',*,*,#381,.T.);
#381 = EDGE_CURVE('',#358,#358,#382,.T.);
#382 = SURFACE_CURVE('',#383,(#542,#704),.PCURVE_S1.);
#383 = B_SPLINE_CURVE_WITH_KNOTS('',7,(#384,#385,#386,#387,#388,#389,
    #390,#391,#392,#393,#394,#395,#396,#397,#398,#399,#400,#401,#402,
    #403,#404,#405,#406,#407,#408,#409,#410,#411,#412,#413,#414,#415,
    #416,#417,#418,#419,#420,#421,#422,#423,#424,#425,#426,#427,#428,
    #429,#430,#431,#432,#433,#434,#435,#436,#437,#438,#439,#440,#441,
    #442,#443,#444,#445,#446,#447,#448,#449,#450,#451,#452,#453,#454,
    #455,#456,#457,#458,#459,#460,#461,#462,#463,#464,#465,#466,#467,
    #468,#469,#470,#471,#472,#473,#474,#475,#476,#477,#478,#479,#480,
    #481,#482,#483,#484,#485,#486,#487,#488,#489,#490,#491,#492,#493,
    #494,#495,#496,#497,#498,#499,#500,#501,#502,#503,#504,#505,#506,
    #507,#508,#509,#510,#511,#512,#513,#514,#515,#516,#517,#518,#519,
    #520,#521,#522,#523,#524,#525,#526,#527,#528,#529,#530,#531,#532,
    #533,#534,#535,#536,#537,#538,#539,#540,#541),.UNSPECIFIED.,.T.,.F.,
  (8,6,6,6,6,6,6,6,6,6,6,6,6,6,6,6,6,6,6,6,6,6,6,6,6,6,8),(0.,
    5.953977202257E-02,9.564660265181E-02,0.138795600995,0.170285834173,
    0.192881699609,0.249995292913,0.307108886208,0.32970475164,
    0.361194984809,0.404343983128,0.440450813839,0.459710549438,
    0.49999905363,0.527652577568,0.559548649195,0.595655523925,
    0.638804574849,0.670294846408,0.692890739388,0.750004402312,
    0.807118065245,0.829713958228,0.861204229796,0.904353280743,
    0.940460155391,1.),.UNSPECIFIED.);
#384 = CARTESIAN_POINT('',(48.029411764706,-1.42108547152E-14,59.));
#385 = CARTESIAN_POINT('',(48.029412011605,-2.322304421392,59.));
#386 = CARTESIAN_POINT('',(47.826926662188,-4.646041592153,59.));
#387 = CARTESIAN_POINT('',(47.421515460423,-6.947278029732,59.));
#388 = CARTESIAN_POINT('',(46.819842632944,-9.205746048354,59.));
#389 = CARTESIAN_POINT('',(46.032590126942,-11.40415860271,59.));
#390 = CARTESIAN_POINT('',(45.073479056866,-13.52797638308,59.));
#391 = CARTESIAN_POINT('',(43.282333367767,-16.80067572587,59.));
#392 = CARTESIAN_POINT('',(42.548649213001,-18.00465374367,59.));
#393 = CARTESIAN_POINT('',(41.760766309943,-19.17479121207,59.));
#394 = CARTESIAN_POINT('',(40.922106950493,-20.30923105208,59.));
#395 = CARTESIAN_POINT('',(40.036074843477,-21.40654058358,59.));
#396 = CARTESIAN_POINT('',(39.105963720764,-22.46564478457,59.));
#397 = CARTESIAN_POINT('',(36.974425726064,-24.70487405324,59.));
#398 = CARTESIAN_POINT('',(35.755511847213,-25.86826034728,59.));
#399 = CARTESIAN_POINT('',(34.483433143747,-26.97469206263,59.));
#400 = CARTESIAN_POINT('',(33.16320646057,-28.0233969133,59.));
#401 = CARTESIAN_POINT('',(31.799512803822,-29.01398751658,59.));
#402 = CARTESIAN_POINT('',(30.396627645143,-29.94637396146,59.));
#403 = CARTESIAN_POINT('',(27.90869467686,-31.45874386516,59.));
#404 = CARTESIAN_POINT('',(26.840227478538,-32.06585233553,59.));
#405 = CARTESIAN_POINT('',(25.754450247657,-32.64203976358,59.));
#406 = CARTESIAN_POINT('',(24.652784590468,-33.18737722476,59.));
#407 = CARTESIAN_POINT('',(23.536569742054,-33.70196203537,59.));
#408 = CARTESIAN_POINT('',(22.407059205591,-34.18591089343,59.));
#409 = CARTESIAN_POINT('',(20.446230151224,-34.96472136404,59.));
#410 = CARTESIAN_POINT('',(19.620803318961,-35.27437917472,59.));
#411 = CARTESIAN_POINT('',(18.789571030096,-35.56837352039,59.));
#412 = CARTESIAN_POINT('',(17.952952070555,-35.84675085189,59.));
#413 = CARTESIAN_POINT('',(17.111349876917,-36.10955700205,59.));
#414 = CARTESIAN_POINT('',(16.265152536416,-36.35683718568,59.));
#415 = CARTESIAN_POINT('',(13.265201850223,-37.1745329214,59.));
#416 = CARTESIAN_POINT('',(11.088831875031,-37.66148186791,59.));
#417 = CARTESIAN_POINT('',(8.891460151687,-38.05026039596,59.));
#418 = CARTESIAN_POINT('',(6.678670412048,-38.34142044377,59.));
#419 = CARTESIAN_POINT('',(4.455805272745,-38.53536876561,59.));
#420 = CARTESIAN_POINT('',(2.227966057544,-38.63235293467,59.));
#421 = CARTESIAN_POINT('',(-2.227966059485,-38.63235293514,59.));
#422 = CARTESIAN_POINT('',(-4.455805274363,-38.53536876657,59.));
#423 = CARTESIAN_POINT('',(-6.678670413342,-38.34142044505,59.));
#424 = CARTESIAN_POINT('',(-8.891460152612,-38.05026039713,59.));
#425 = CARTESIAN_POINT('',(-11.0888318755,-37.66148186849,59.));
#426 = CARTESIAN_POINT('',(-13.26520185014,-37.17453292103,59.));
#427 = CARTESIAN_POINT('',(-16.26515253542,-36.35683718396,59.));
#428 = CARTESIAN_POINT('',(-17.11134987565,-36.10955699992,59.));
#429 = CARTESIAN_POINT('',(-17.95295206902,-35.84675084938,59.));
#430 = CARTESIAN_POINT('',(-18.78957102829,-35.56837351753,59.));
#431 = CARTESIAN_POINT('',(-19.6208033169,-35.27437917155,59.));
#432 = CARTESIAN_POINT('',(-20.44623014892,-34.96472136064,59.));
#433 = CARTESIAN_POINT('',(-22.40705920267,-34.18591088976,59.));
#434 = CARTESIAN_POINT('',(-23.53656973879,-33.70196203174,59.));
#435 = CARTESIAN_POINT('',(-24.65278458696,-33.18737722141,59.));
#436 = CARTESIAN_POINT('',(-25.75445024405,-32.6420397608,59.));
#437 = CARTESIAN_POINT('',(-26.840227475,-32.06585233362,59.));
#438 = CARTESIAN_POINT('',(-27.9086946736,-31.45874386441,59.));
#439 = CARTESIAN_POINT('',(-30.3966276426,-29.94637396429,59.));
#440 = CARTESIAN_POINT('',(-31.79951280188,-29.01398752208,59.));
#441 = CARTESIAN_POINT('',(-33.16320645967,-28.02339692185,59.));
#442 = CARTESIAN_POINT('',(-34.48343314419,-26.97469207433,59.));
#443 = CARTESIAN_POINT('',(-35.75551184901,-25.8682603619,59.));
#444 = CARTESIAN_POINT('',(-36.97442572887,-24.7048740702,59.));
#445 = CARTESIAN_POINT('',(-39.10596372682,-22.46564480146,59.));
#446 = CARTESIAN_POINT('',(-40.03607485181,-21.40654059807,59.));
#447 = CARTESIAN_POINT('',(-40.92210696009,-20.30923106333,59.));
#448 = CARTESIAN_POINT('',(-41.76076631958,-19.17479121924,59.));
#449 = CARTESIAN_POINT('',(-42.54864922144,-18.00465374604,59.));
#450 = CARTESIAN_POINT('',(-43.282333374,-16.80067572304,59.));
#451 = CARTESIAN_POINT('',(-44.31916653377,-14.90622140104,59.));
#452 = CARTESIAN_POINT('',(-44.66347231914,-14.23826210655,59.));
#453 = CARTESIAN_POINT('',(-44.99090762159,-13.56170679545,59.));
#454 = CARTESIAN_POINT('',(-45.30097806592,-12.87695307836,59.));
#455 = CARTESIAN_POINT('',(-45.59320581866,-12.18443783126,59.));
#456 = CARTESIAN_POINT('',(-45.86713562478,-11.4846399088,59.));
#457 = CARTESIAN_POINT('',(-46.6561921363,-9.300070622636,59.));
#458 = CARTESIAN_POINT('',(-47.10818443694,-7.79227348012,59.));
#459 = CARTESIAN_POINT('',(-47.4742668756,-6.259760878723,59.));
#460 = CARTESIAN_POINT('',(-47.75121761512,-4.708052745424,59.));
#461 = CARTESIAN_POINT('',(-47.93669603092,-3.143126946685,59.));
#462 = CARTESIAN_POINT('',(-48.02941192319,-1.571445566294,59.));
#463 = CARTESIAN_POINT('',(-48.02941214865,1.078620512637,59.));
#464 = CARTESIAN_POINT('',(-47.98573020032,2.15727932747,59.));
#465 = CARTESIAN_POINT('',(-47.89836480443,3.23378646545,59.));
#466 = CARTESIAN_POINT('',(-47.76758786357,4.306032387328,59.));
#467 = CARTESIAN_POINT('',(-47.59392517251,5.371985959125,59.));
#468 = CARTESIAN_POINT('',(-47.37813729471,6.429692417605,59.));
#469 = CARTESIAN_POINT('',(-46.82484537457,8.685567561752,59.));
#470 = CARTESIAN_POINT('',(-46.47372734886,9.88047748149,59.));
#471 = CARTESIAN_POINT('',(-46.06933343257,11.059130207585,59.));
#472 = CARTESIAN_POINT('',(-45.6134856242,12.219004113437,59.));
#473 = CARTESIAN_POINT('',(-45.10823842219,13.3578877579,59.));
#474 = CARTESIAN_POINT('',(-44.55580259452,14.473850616646,59.));
#475 = CARTESIAN_POINT('',(-43.282333374,16.800675723029,59.));
#476 = CARTESIAN_POINT('',(-42.54864922145,18.004653746045,59.));
#477 = CARTESIAN_POINT('',(-41.76076631959,19.174791219234,59.));
#478 = CARTESIAN_POINT('',(-40.92210696009,20.309231063322,59.));
#479 = CARTESIAN_POINT('',(-40.03607485181,21.406540598069,59.));
#480 = CARTESIAN_POINT('',(-39.10596372683,22.465644801458,59.));
#481 = CARTESIAN_POINT('',(-36.97442572888,24.7048740702,59.));
#482 = CARTESIAN_POINT('',(-35.75551184902,25.868260361901,59.));
#483 = CARTESIAN_POINT('',(-34.4834331442,26.97469207433,59.));
#484 = CARTESIAN_POINT('',(-33.16320645968,28.023396921845,59.));
#485 = CARTESIAN_POINT('',(-31.79951280189,29.013987522078,59.));
#486 = CARTESIAN_POINT('',(-30.39662764261,29.946373964292,59.));
#487 = CARTESIAN_POINT('',(-27.90869467361,31.458743864407,59.));
#488 = CARTESIAN_POINT('',(-26.84022747501,32.065852333615,59.));
#489 = CARTESIAN_POINT('',(-25.75445024406,32.642039760801,59.));
#490 = CARTESIAN_POINT('',(-24.65278458697,33.187377221413,59.));
#491 = CARTESIAN_POINT('',(-23.5365697388,33.701962031741,59.));
#492 = CARTESIAN_POINT('',(-22.40705920268,34.185910889757,59.));
#493 = CARTESIAN_POINT('',(-20.44623014893,34.964721360642,59.));
#494 = CARTESIAN_POINT('',(-19.62080331691,35.274379171555,59.));
#495 = CARTESIAN_POINT('',(-18.7895710283,35.568373517527,59.));
#496 = CARTESIAN_POINT('',(-17.95295206903,35.846750849381,59.));
#497 = CARTESIAN_POINT('',(-17.11134987566,36.109556999925,59.));
#498 = CARTESIAN_POINT('',(-16.26515253543,36.356837183957,59.));
#499 = CARTESIAN_POINT('',(-13.26520185015,37.17453292103,59.));
#500 = CARTESIAN_POINT('',(-11.08883187551,37.661481868496,59.));
#501 = CARTESIAN_POINT('',(-8.891460152625,38.050260397125,59.));
#502 = CARTESIAN_POINT('',(-6.678670413355,38.341420445045,59.));
#503 = CARTESIAN_POINT('',(-4.455805274371,38.535368766581,59.));
#504 = CARTESIAN_POINT('',(-2.227966059497,38.632352935139,59.));
#505 = CARTESIAN_POINT('',(2.227966057535,38.632352934674,59.));
#506 = CARTESIAN_POINT('',(4.455805272731,38.535368765617,59.));
#507 = CARTESIAN_POINT('',(6.678670412041,38.341420443777,59.));
#508 = CARTESIAN_POINT('',(8.891460151679,38.050260395963,59.));
#509 = CARTESIAN_POINT('',(11.088831875017,37.661481867923,59.));
#510 = CARTESIAN_POINT('',(13.265201850216,37.174532921401,59.));
#511 = CARTESIAN_POINT('',(16.265152536407,36.35683718569,59.));
#512 = CARTESIAN_POINT('',(17.111349876908,36.109557002055,59.));
#513 = CARTESIAN_POINT('',(17.952952070546,35.846750851897,59.));
#514 = CARTESIAN_POINT('',(18.789571030087,35.568373520398,59.));
#515 = CARTESIAN_POINT('',(19.620803318952,35.27437917473,59.));
#516 = CARTESIAN_POINT('',(20.446230151216,34.964721364048,59.));
#517 = CARTESIAN_POINT('',(22.407059205583,34.185910893443,59.));
#518 = CARTESIAN_POINT('',(23.536569742047,33.701962035382,59.));
#519 = CARTESIAN_POINT('',(24.652784590461,33.18737722477,59.));
#520 = CARTESIAN_POINT('',(25.754450247649,32.642039763592,59.));
#521 = CARTESIAN_POINT('',(26.84022747853,32.065852335537,59.));
#522 = CARTESIAN_POINT('',(27.908694676854,31.458743865166,59.));
#523 = CARTESIAN_POINT('',(30.396627645135,29.946373961473,59.));
#524 = CARTESIAN_POINT('',(31.799512803817,29.013987516592,59.));
#525 = CARTESIAN_POINT('',(33.163206460565,28.023396913309,59.));
#526 = CARTESIAN_POINT('',(34.483433143741,26.974692062637,59.));
#527 = CARTESIAN_POINT('',(35.755511847207,25.868260347292,59.));
#528 = CARTESIAN_POINT('',(36.974425726059,24.704874053249,59.));
#529 = CARTESIAN_POINT('',(39.105963720762,22.465644784576,59.));
#530 = CARTESIAN_POINT('',(40.036074843466,21.406540583586,59.));
#531 = CARTESIAN_POINT('',(40.922106950495,20.309231052091,59.));
#532 = CARTESIAN_POINT('',(41.760766309944,19.174791212082,59.));
#533 = CARTESIAN_POINT('',(42.548649212988,18.004653743674,59.));
#534 = CARTESIAN_POINT('',(43.282333367769,16.800675725876,59.));
#535 = CARTESIAN_POINT('',(45.073479056856,13.527976383103,59.));
#536 = CARTESIAN_POINT('',(46.032590126969,11.404158602681,59.));
#537 = CARTESIAN_POINT('',(46.819842632898,9.205746048416,59.));
#538 = CARTESIAN_POINT('',(47.421515460463,6.947278029686,59.));
#539 = CARTESIAN_POINT('',(47.826926662168,4.646041592177,59.));
#540 = CARTESIAN_POINT('',(48.029412011609,2.322304421388,59.));
#541 = CARTESIAN_POINT('',(48.029411764706,1.42108547152E-14,59.));
#542 = PCURVE('',#290,#543);
#543 = DEFINITIONAL_REPRESENTATION('',(#544),#703);
#544 = B_SPLINE_CURVE_WITH_KNOTS('',7,(#545,#546,#547,#548,#549,#550,
    #551,#552,#553,#554,#555,#556,#557,#558,#559,#560,#561,#562,#563,
    #564,#565,#566,#567,#568,#569,#570,#571,#572,#573,#574,#575,#576,
    #577,#578,#579,#580,#581,#582,#583,#584,#585,#586,#587,#588,#589,
    #590,#591,#592,#593,#594,#595,#596,#597,#598,#599,#600,#601,#602,
    #603,#604,#605,#606,#607,#608,#609,#610,#611,#612,#613,#614,#615,
    #616,#617,#618,#619,#620,#621,#622,#623,#624,#625,#626,#627,#628,
    #629,#630,#631,#632,#633,#634,#635,#636,#637,#638,#639,#640,#641,
    #642,#643,#644,#645,#646,#647,#648,#649,#650,#651,#652,#653,#654,
    #655,#656,#657,#658,#659,#660,#661,#662,#663,#664,#665,#666,#667,
    #668,#669,#670,#671,#672,#673,#674,#675,#676,#677,#678,#679,#680,
    #681,#682,#683,#684,#685,#686,#687,#688,#689,#690,#691,#692,#693,
    #694,#695,#696,#697,#698,#699,#700,#701,#702),.UNSPECIFIED.,.F.,.F.,
  (8,6,6,6,6,6,6,6,6,6,6,6,6,6,6,6,6,6,6,6,6,6,6,6,6,6,8),(0.,
    5.953977202257E-02,9.564660265181E-02,0.138795600995,0.170285834173,
    0.192881699609,0.249995292913,0.307108886208,0.32970475164,
    0.361194984809,0.404343983128,0.440450813839,0.459710549438,
    0.49999905363,0.527652577568,0.559548649195,0.595655523925,
    0.638804574849,0.670294846408,0.692890739388,0.750004402312,
    0.807118065245,0.829713958228,0.861204229796,0.904353280743,
    0.940460155391,1.),.UNSPECIFIED.);
#545 = CARTESIAN_POINT('',(6.28318530718,0.602941176471));
#546 = CARTESIAN_POINT('',(6.223072360076,0.602941176471));
#547 = CARTESIAN_POINT('',(6.162922360457,0.602941176471));
#548 = CARTESIAN_POINT('',(6.102999861342,0.602941176471));
#549 = CARTESIAN_POINT('',(6.043473249446,0.602941176471));
#550 = CARTESIAN_POINT('',(5.984474178508,0.602941176471));
#551 = CARTESIAN_POINT('',(5.926112921096,0.602941176471));
#552 = CARTESIAN_POINT('',(5.833553765061,0.602941176471));
#553 = CARTESIAN_POINT('',(5.798875572593,0.602941176471));
#554 = CARTESIAN_POINT('',(5.764474745233,0.602941176471));
#555 = CARTESIAN_POINT('',(5.730359077826,0.602941176471));
#556 = CARTESIAN_POINT('',(5.696531643905,0.602941176471));
#557 = CARTESIAN_POINT('',(5.662991595791,0.602941176471));
#558 = CARTESIAN_POINT('',(5.589990020031,0.602941176471));
#559 = CARTESIAN_POINT('',(5.550651272357,0.602941176471));
#560 = CARTESIAN_POINT('',(5.511707461017,0.602941176471));
#561 = CARTESIAN_POINT('',(5.473145065238,0.602941176471));
#562 = CARTESIAN_POINT('',(5.434947076913,0.602941176471));
#563 = CARTESIAN_POINT('',(5.397092702852,0.602941176471));
#564 = CARTESIAN_POINT('',(5.332163478064,0.602941176471));
#565 = CARTESIAN_POINT('',(5.304940609182,0.602941176471));
#566 = CARTESIAN_POINT('',(5.277879213054,0.602941176471));
#567 = CARTESIAN_POINT('',(5.250970105024,0.602941176471));
#568 = CARTESIAN_POINT('',(5.224203968098,0.602941176471));
#569 = CARTESIAN_POINT('',(5.19757115793,0.602941176471));
#570 = CARTESIAN_POINT('',(5.152039467434,0.602941176471));
#571 = CARTESIAN_POINT('',(5.133080966789,0.602941176471));
#572 = CARTESIAN_POINT('',(5.114182383666,0.602941176471));
#573 = CARTESIAN_POINT('',(5.095340091117,0.602941176471));
#574 = CARTESIAN_POINT('',(5.076550457456,0.602941176471));
#575 = CARTESIAN_POINT('',(5.057809846257,0.602941176471));
#576 = CARTESIAN_POINT('',(4.991860318434,0.602941176471));
#577 = CARTESIAN_POINT('',(4.944898767691,0.602941176471));
#578 = CARTESIAN_POINT('',(4.898166392702,0.602941176471));
#579 = CARTESIAN_POINT('',(4.851605736051,0.602941176471));
#580 = CARTESIAN_POINT('',(4.805161434163,0.602941176471));
#581 = CARTESIAN_POINT('',(4.758776510247,0.602941176471));
#582 = CARTESIAN_POINT('',(4.666001450531,0.602941176471));
#583 = CARTESIAN_POINT('',(4.619616526617,0.602941176471));
#584 = CARTESIAN_POINT('',(4.57317222473,0.602941176471));
#585 = CARTESIAN_POINT('',(4.526611568076,0.602941176471));
#586 = CARTESIAN_POINT('',(4.479879193082,0.602941176471));
#587 = CARTESIAN_POINT('',(4.432917642337,0.602941176471));
#588 = CARTESIAN_POINT('',(4.366968114512,0.602941176471));
#589 = CARTESIAN_POINT('',(4.348227503313,0.602941176471));
#590 = CARTESIAN_POINT('',(4.329437869652,0.602941176471));
#591 = CARTESIAN_POINT('',(4.310595577103,0.602941176471));
#592 = CARTESIAN_POINT('',(4.29169699398,0.602941176471));
#593 = CARTESIAN_POINT('',(4.272738493335,0.602941176471));
#594 = CARTESIAN_POINT('',(4.227206802843,0.602941176471));
#595 = CARTESIAN_POINT('',(4.200573992677,0.602941176471));
#596 = CARTESIAN_POINT('',(4.173807855754,0.602941176471));
#597 = CARTESIAN_POINT('',(4.146898747725,0.602941176471));
#598 = CARTESIAN_POINT('',(4.119837351596,0.602941176471));
#599 = CARTESIAN_POINT('',(4.092614482711,0.602941176471));
#600 = CARTESIAN_POINT('',(4.02768525792,0.602941176471));
#601 = CARTESIAN_POINT('',(3.989830883858,0.602941176471));
#602 = CARTESIAN_POINT('',(3.951632895526,0.602941176471));
#603 = CARTESIAN_POINT('',(3.913070499737,0.602941176471));
#604 = CARTESIAN_POINT('',(3.874126688388,0.602941176471));
#605 = CARTESIAN_POINT('',(3.834787940715,0.602941176471));
#606 = CARTESIAN_POINT('',(3.761786364904,0.602941176471));
#607 = CARTESIAN_POINT('',(3.72824631673,0.602941176471));
#608 = CARTESIAN_POINT('',(3.694418882769,0.602941176471));
#609 = CARTESIAN_POINT('',(3.660303215354,0.602941176471));
#610 = CARTESIAN_POINT('',(3.625902388022,0.602941176471));
#611 = CARTESIAN_POINT('',(3.591224195618,0.602941176471));
#612 = CARTESIAN_POINT('',(3.537644847442,0.602941176471));
#613 = CARTESIAN_POINT('',(3.518931891671,0.602941176471));
#614 = CARTESIAN_POINT('',(3.500146240289,0.602941176471));
#615 = CARTESIAN_POINT('',(3.481290494389,0.602941176471));
#616 = CARTESIAN_POINT('',(3.462367710115,0.602941176471));
#617 = CARTESIAN_POINT('',(3.443381476349,0.602941176471));
#618 = CARTESIAN_POINT('',(3.384495670854,0.602941176471));
#619 = CARTESIAN_POINT('',(3.344390504158,0.602941176471));
#620 = CARTESIAN_POINT('',(3.304066652718,0.602941176471));
#621 = CARTESIAN_POINT('',(3.263570748411,0.602941176471));
#622 = CARTESIAN_POINT('',(3.222952604868,0.602941176471));
#623 = CARTESIAN_POINT('',(3.182269588973,0.602941176471));
#624 = CARTESIAN_POINT('',(3.113672515354,0.602941176471));
#625 = CARTESIAN_POINT('',(3.085751399393,0.602941176471));
#626 = CARTESIAN_POINT('',(3.057850406146,0.602941176471));
#627 = CARTESIAN_POINT('',(3.029988623512,0.602941176471));
#628 = CARTESIAN_POINT('',(3.002183825842,0.602941176471));
#629 = CARTESIAN_POINT('',(2.974453172941,0.602941176471));
#630 = CARTESIAN_POINT('',(2.914934285255,0.602941176471));
#631 = CARTESIAN_POINT('',(2.883173934517,0.602941176471));
#632 = CARTESIAN_POINT('',(2.851558820615,0.602941176471));
#633 = CARTESIAN_POINT('',(2.820109220871,0.602941176471));
#634 = CARTESIAN_POINT('',(2.788841435553,0.602941176471));
#635 = CARTESIAN_POINT('',(2.757768860546,0.602941176471));
#636 = CARTESIAN_POINT('',(2.691961111562,0.602941176471));
#637 = CARTESIAN_POINT('',(2.657282919158,0.602941176471));
#638 = CARTESIAN_POINT('',(2.622882091826,0.602941176471));
#639 = CARTESIAN_POINT('',(2.58876642441,0.602941176471));
#640 = CARTESIAN_POINT('',(2.55493899045,0.602941176471));
#641 = CARTESIAN_POINT('',(2.521398942276,0.602941176471));
#642 = CARTESIAN_POINT('',(2.448397366465,0.602941176471));
#643 = CARTESIAN_POINT('',(2.409058618792,0.602941176471));
#644 = CARTESIAN_POINT('',(2.370114807443,0.602941176471));
#645 = CARTESIAN_POINT('',(2.331552411653,0.602941176471));
#646 = CARTESIAN_POINT('',(2.293354423322,0.602941176471));
#647 = CARTESIAN_POINT('',(2.255500049259,0.602941176471));
#648 = CARTESIAN_POINT('',(2.190570824469,0.602941176471));
#649 = CARTESIAN_POINT('',(2.163347955584,0.602941176471));
#650 = CARTESIAN_POINT('',(2.136286559455,0.602941176471));
#651 = CARTESIAN_POINT('',(2.109377451426,0.602941176471));
#652 = CARTESIAN_POINT('',(2.082611314503,0.602941176471));
#653 = CARTESIAN_POINT('',(2.055978504337,0.602941176471));
#654 = CARTESIAN_POINT('',(2.010446813845,0.602941176471));
#655 = CARTESIAN_POINT('',(1.9914883132,0.602941176471));
#656 = CARTESIAN_POINT('',(1.972589730077,0.602941176471));
#657 = CARTESIAN_POINT('',(1.953747437528,0.602941176471));
#658 = CARTESIAN_POINT('',(1.934957803867,0.602941176471));
#659 = CARTESIAN_POINT('',(1.916217192668,0.602941176471));
#660 = CARTESIAN_POINT('',(1.850267664843,0.602941176471));
#661 = CARTESIAN_POINT('',(1.803306114098,0.602941176471));
#662 = CARTESIAN_POINT('',(1.756573739104,0.602941176471));
#663 = CARTESIAN_POINT('',(1.71001308245,0.602941176471));
#664 = CARTESIAN_POINT('',(1.663568780562,0.602941176471));
#665 = CARTESIAN_POINT('',(1.617183856649,0.602941176471));
#666 = CARTESIAN_POINT('',(1.524408796933,0.602941176471));
#667 = CARTESIAN_POINT('',(1.478023873017,0.602941176471));
#668 = CARTESIAN_POINT('',(1.431579571129,0.602941176471));
#669 = CARTESIAN_POINT('',(1.385018914478,0.602941176471));
#670 = CARTESIAN_POINT('',(1.338286539488,0.602941176471));
#671 = CARTESIAN_POINT('',(1.291324988746,0.602941176471));
#672 = CARTESIAN_POINT('',(1.225375460923,0.602941176471));
#673 = CARTESIAN_POINT('',(1.206634849724,0.602941176471));
#674 = CARTESIAN_POINT('',(1.187845216063,0.602941176471));
#675 = CARTESIAN_POINT('',(1.169002923514,0.602941176471));
#676 = CARTESIAN_POINT('',(1.15010434039,0.602941176471));
#677 = CARTESIAN_POINT('',(1.131145839746,0.602941176471));
#678 = CARTESIAN_POINT('',(1.08561414925,0.602941176471));
#679 = CARTESIAN_POINT('',(1.058981339081,0.602941176471));
#680 = CARTESIAN_POINT('',(1.032215202156,0.602941176471));
#681 = CARTESIAN_POINT('',(1.005306094126,0.602941176471));
#682 = CARTESIAN_POINT('',(0.978244697998,0.602941176471));
#683 = CARTESIAN_POINT('',(0.951021829116,0.602941176471));
#684 = CARTESIAN_POINT('',(0.886092604328,0.602941176471));
#685 = CARTESIAN_POINT('',(0.848238230266,0.602941176471));
#686 = CARTESIAN_POINT('',(0.810040241942,0.602941176471));
#687 = CARTESIAN_POINT('',(0.771477846162,0.602941176471));
#688 = CARTESIAN_POINT('',(0.732534034823,0.602941176471));
#689 = CARTESIAN_POINT('',(0.693195287149,0.602941176471));
#690 = CARTESIAN_POINT('',(0.620193711388,0.602941176471));
#691 = CARTESIAN_POINT('',(0.586653663275,0.602941176471));
#692 = CARTESIAN_POINT('',(0.552826229354,0.602941176471));
#693 = CARTESIAN_POINT('',(0.518710561947,0.602941176471));
#694 = CARTESIAN_POINT('',(0.484309734587,0.602941176471));
#695 = CARTESIAN_POINT('',(0.449631542118,0.602941176471));
#696 = CARTESIAN_POINT('',(0.357072386085,0.602941176471));
#697 = CARTESIAN_POINT('',(0.298711128668,0.602941176471));
#698 = CARTESIAN_POINT('',(0.239712057739,0.602941176471));
#699 = CARTESIAN_POINT('',(0.180185445832,0.602941176471));
#700 = CARTESIAN_POINT('',(0.120262946726,0.602941176471));
#701 = CARTESIAN_POINT('',(6.011294710324E-02,0.602941176471));
#702 = CARTESIAN_POINT('',(0.,0.602941176471));
#703 = ( GEOMETRIC_REPRESENTATION_CONTEXT(2) 
PARAMETRIC_REPRESENTATION_CONTEXT() REPRESENTATION_CONTEXT('2D SPACE',''
  ) );
#704 = PCURVE('',#705,#710);
#705 = PLANE('',#706);
#706 = AXIS2_PLACEMENT_3D('',#707,#708,#709);
#707 = CARTESIAN_POINT('',(-90.,-80.,59.));
#708 = DIRECTION('',(0.,0.,1.));
#709 = DIRECTION('',(1.,0.,0.));
#710 = DEFINITIONAL_REPRESENTATION('',(#711),#870);
#711 = B_SPLINE_CURVE_WITH_KNOTS('',7,(#712,#713,#714,#715,#716,#717,
    #718,#719,#720,#721,#722,#723,#724,#725,#726,#727,#728,#729,#730,
    #731,#732,#733,#734,#735,#736,#737,#738,#739,#740,#741,#742,#743,
    #744,#745,#746,#747,#748,#749,#750,#751,#752,#753,#754,#755,#756,
    #757,#758,#759,#760,#761,#762,#763,#764,#765,#766,#767,#768,#769,
    #770,#771,#772,#773,#774,#775,#776,#777,#778,#779,#780,#781,#782,
    #783,#784,#785,#786,#787,#788,#789,#790,#791,#792,#793,#794,#795,
    #796,#797,#798,#799,#800,#801,#802,#803,#804,#805,#806,#807,#808,
    #809,#810,#811,#812,#813,#814,#815,#816,#817,#818,#819,#820,#821,
    #822,#823,#824,#825,#826,#827,#828,#829,#830,#831,#832,#833,#834,
    #835,#836,#837,#838,#839,#840,#841,#842,#843,#844,#845,#846,#847,
    #848,#849,#850,#851,#852,#853,#854,#855,#856,#857,#858,#859,#860,
    #861,#862,#863,#864,#865,#866,#867,#868,#869),.UNSPECIFIED.,.F.,.F.,
  (8,6,6,6,6,6,6,6,6,6,6,6,6,6,6,6,6,6,6,6,6,6,6,6,6,6,8),(0.,
    5.953977202257E-02,9.564660265181E-02,0.138795600995,0.170285834173,
    0.192881699609,0.249995292913,0.307108886208,0.32970475164,
    0.361194984809,0.404343983128,0.440450813839,0.459710549438,
    0.49999905363,0.527652577568,0.559548649195,0.595655523925,
    0.638804574849,0.670294846408,0.692890739388,0.750004402312,
    0.807118065245,0.829713958228,0.861204229796,0.904353280743,
    0.940460155391,1.),.UNSPECIFIED.);
#712 = CARTESIAN_POINT('',(138.0294117647,80.));
#713 = CARTESIAN_POINT('',(138.0294120116,77.677695578608));
#714 = CARTESIAN_POINT('',(137.82692666218,75.353958407847));
#715 = CARTESIAN_POINT('',(137.42151546042,73.052721970268));
#716 = CARTESIAN_POINT('',(136.81984263294,70.794253951646));
#717 = CARTESIAN_POINT('',(136.03259012694,68.595841397285));
#718 = CARTESIAN_POINT('',(135.07347905686,66.472023616913));
#719 = CARTESIAN_POINT('',(133.28233336776,63.19932427413));
#720 = CARTESIAN_POINT('',(132.548649213,61.995346256328));
#721 = CARTESIAN_POINT('',(131.76076630994,60.825208787925));
#722 = CARTESIAN_POINT('',(130.92210695049,59.690768947915));
#723 = CARTESIAN_POINT('',(130.03607484347,58.593459416416));
#724 = CARTESIAN_POINT('',(129.10596372076,57.53435521543));
#725 = CARTESIAN_POINT('',(126.97442572606,55.295125946755));
#726 = CARTESIAN_POINT('',(125.75551184721,54.131739652713));
#727 = CARTESIAN_POINT('',(124.48343314374,53.025307937367));
#728 = CARTESIAN_POINT('',(123.16320646057,51.976603086695));
#729 = CARTESIAN_POINT('',(121.79951280382,50.986012483412));
#730 = CARTESIAN_POINT('',(120.39662764514,50.053626038532));
#731 = CARTESIAN_POINT('',(117.90869467686,48.541256134838));
#732 = CARTESIAN_POINT('',(116.84022747853,47.934147664467));
#733 = CARTESIAN_POINT('',(115.75445024765,47.357960236411));
#734 = CARTESIAN_POINT('',(114.65278459046,46.812622775233));
#735 = CARTESIAN_POINT('',(113.53656974205,46.298037964621));
#736 = CARTESIAN_POINT('',(112.40705920559,45.814089106561));
#737 = CARTESIAN_POINT('',(110.44623015122,45.035278635955));
#738 = CARTESIAN_POINT('',(109.62080331896,44.725620825273));
#739 = CARTESIAN_POINT('',(108.78957103009,44.431626479605));
#740 = CARTESIAN_POINT('',(107.95295207055,44.153249148106));
#741 = CARTESIAN_POINT('',(107.11134987691,43.890442997948));
#742 = CARTESIAN_POINT('',(106.26515253641,43.643162814312));
#743 = CARTESIAN_POINT('',(103.26520185022,42.8254670786));
#744 = CARTESIAN_POINT('',(101.08883187503,42.338518132082));
#745 = CARTESIAN_POINT('',(98.891460151687,41.949739604036));
#746 = CARTESIAN_POINT('',(96.678670412048,41.658579556222));
#747 = CARTESIAN_POINT('',(94.455805272745,41.464631234388));
#748 = CARTESIAN_POINT('',(92.227966057544,41.367647065325));
#749 = CARTESIAN_POINT('',(87.772033940515,41.367647064859));
#750 = CARTESIAN_POINT('',(85.544194725637,41.464631233424));
#751 = CARTESIAN_POINT('',(83.321329586658,41.65857955495));
#752 = CARTESIAN_POINT('',(81.108539847388,41.94973960287));
#753 = CARTESIAN_POINT('',(78.911168124493,42.338518131508));
#754 = CARTESIAN_POINT('',(76.734798149857,42.825467078965));
#755 = CARTESIAN_POINT('',(73.73484746458,43.64316281604));
#756 = CARTESIAN_POINT('',(72.888650124342,43.890443000071));
#757 = CARTESIAN_POINT('',(72.047047930974,44.153249150616));
#758 = CARTESIAN_POINT('',(71.210428971702,44.431626482469));
#759 = CARTESIAN_POINT('',(70.379196683097,44.725620828441));
#760 = CARTESIAN_POINT('',(69.553769851074,45.035278639354));
#761 = CARTESIAN_POINT('',(67.592940797323,45.814089110239));
#762 = CARTESIAN_POINT('',(66.463430261204,46.298037968254));
#763 = CARTESIAN_POINT('',(65.347215413033,46.812622778581));
#764 = CARTESIAN_POINT('',(64.245549755948,47.357960239194));
#765 = CARTESIAN_POINT('',(63.159772524995,47.93414766638));
#766 = CARTESIAN_POINT('',(62.0913053264,48.541256135587));
#767 = CARTESIAN_POINT('',(59.603372357394,50.053626035702));
#768 = CARTESIAN_POINT('',(58.200487198113,50.986012477915));
#769 = CARTESIAN_POINT('',(56.836793540326,51.976603078148));
#770 = CARTESIAN_POINT('',(55.516566855809,53.025307925663));
#771 = CARTESIAN_POINT('',(54.244488150986,54.131739638092));
#772 = CARTESIAN_POINT('',(53.025574271128,55.295125929791));
#773 = CARTESIAN_POINT('',(50.894036273174,57.534355198533));
#774 = CARTESIAN_POINT('',(49.96392514819,58.593459401926));
#775 = CARTESIAN_POINT('',(49.07789303991,59.690768936666));
#776 = CARTESIAN_POINT('',(48.239233680416,60.825208780755));
#777 = CARTESIAN_POINT('',(47.451350778553,61.995346253951));
#778 = CARTESIAN_POINT('',(46.717666626,63.199324276959));
#779 = CARTESIAN_POINT('',(45.680833466226,65.093778598951));
#780 = CARTESIAN_POINT('',(45.336527680853,65.761737893442));
#781 = CARTESIAN_POINT('',(45.00909237841,66.438293204549));
#782 = CARTESIAN_POINT('',(44.699021934076,67.123046921633));
#783 = CARTESIAN_POINT('',(44.406794181334,67.815562168738));
#784 = CARTESIAN_POINT('',(44.132864375213,68.515360091198));
#785 = CARTESIAN_POINT('',(43.343807863696,70.699929377364));
#786 = CARTESIAN_POINT('',(42.891815563052,72.20772651988));
#787 = CARTESIAN_POINT('',(42.525733124397,73.740239121277));
#788 = CARTESIAN_POINT('',(42.248782384872,75.291947254576));
#789 = CARTESIAN_POINT('',(42.063303969073,76.856873053315));
#790 = CARTESIAN_POINT('',(41.970588076808,78.428554433706));
#791 = CARTESIAN_POINT('',(41.970587851341,81.078620512637));
#792 = CARTESIAN_POINT('',(42.014269799676,82.15727932747));
#793 = CARTESIAN_POINT('',(42.101635195563,83.23378646545));
#794 = CARTESIAN_POINT('',(42.232412136421,84.306032387328));
#795 = CARTESIAN_POINT('',(42.406074827489,85.371985959125));
#796 = CARTESIAN_POINT('',(42.621862705283,86.429692417605));
#797 = CARTESIAN_POINT('',(43.175154625422,88.685567561752));
#798 = CARTESIAN_POINT('',(43.526272651131,89.88047748149));
#799 = CARTESIAN_POINT('',(43.930666567423,91.059130207585));
#800 = CARTESIAN_POINT('',(44.386514375797,92.219004113437));
#801 = CARTESIAN_POINT('',(44.891761577804,93.3578877579));
#802 = CARTESIAN_POINT('',(45.444197405478,94.473850616646));
#803 = CARTESIAN_POINT('',(46.717666625993,96.800675723029));
#804 = CARTESIAN_POINT('',(47.45135077855,98.004653746045));
#805 = CARTESIAN_POINT('',(48.239233680408,99.174791219234));
#806 = CARTESIAN_POINT('',(49.077893039901,100.30923106332));
#807 = CARTESIAN_POINT('',(49.963925148185,101.40654059806));
#808 = CARTESIAN_POINT('',(50.894036273165,102.46564480145));
#809 = CARTESIAN_POINT('',(53.02557427112,104.7048740702));
#810 = CARTESIAN_POINT('',(54.244488150976,105.8682603619));
#811 = CARTESIAN_POINT('',(55.516566855799,106.97469207433));
#812 = CARTESIAN_POINT('',(56.836793540318,108.02339692184));
#813 = CARTESIAN_POINT('',(58.200487198104,109.01398752207));
#814 = CARTESIAN_POINT('',(59.603372357384,109.94637396429));
#815 = CARTESIAN_POINT('',(62.09130532639,111.4587438644));
#816 = CARTESIAN_POINT('',(63.159772524984,112.06585233361));
#817 = CARTESIAN_POINT('',(64.245549755938,112.6420397608));
#818 = CARTESIAN_POINT('',(65.347215413023,113.18737722141));
#819 = CARTESIAN_POINT('',(66.463430261193,113.70196203174));
#820 = CARTESIAN_POINT('',(67.592940797313,114.18591088975));
#821 = CARTESIAN_POINT('',(69.553769851063,114.96472136064));
#822 = CARTESIAN_POINT('',(70.379196683087,115.27437917155));
#823 = CARTESIAN_POINT('',(71.210428971691,115.56837351752));
#824 = CARTESIAN_POINT('',(72.047047930963,115.84675084938));
#825 = CARTESIAN_POINT('',(72.888650124331,116.10955699992));
#826 = CARTESIAN_POINT('',(73.734847464568,116.35683718395));
#827 = CARTESIAN_POINT('',(76.734798149845,117.17453292103));
#828 = CARTESIAN_POINT('',(78.911168124485,117.66148186849));
#829 = CARTESIAN_POINT('',(81.108539847375,118.05026039712));
#830 = CARTESIAN_POINT('',(83.321329586645,118.34142044504));
#831 = CARTESIAN_POINT('',(85.544194725629,118.53536876658));
#832 = CARTESIAN_POINT('',(87.772033940503,118.63235293513));
#833 = CARTESIAN_POINT('',(92.227966057535,118.63235293467));
#834 = CARTESIAN_POINT('',(94.455805272731,118.53536876561));
#835 = CARTESIAN_POINT('',(96.678670412041,118.34142044377));
#836 = CARTESIAN_POINT('',(98.891460151679,118.05026039596));
#837 = CARTESIAN_POINT('',(101.08883187501,117.66148186792));
#838 = CARTESIAN_POINT('',(103.26520185021,117.1745329214));
#839 = CARTESIAN_POINT('',(106.2651525364,116.35683718569));
#840 = CARTESIAN_POINT('',(107.1113498769,116.10955700205));
#841 = CARTESIAN_POINT('',(107.95295207054,115.84675085189));
#842 = CARTESIAN_POINT('',(108.78957103008,115.56837352039));
#843 = CARTESIAN_POINT('',(109.62080331895,115.27437917473));
#844 = CARTESIAN_POINT('',(110.44623015121,114.96472136404));
#845 = CARTESIAN_POINT('',(112.40705920558,114.18591089344));
#846 = CARTESIAN_POINT('',(113.53656974204,113.70196203538));
#847 = CARTESIAN_POINT('',(114.65278459046,113.18737722477));
#848 = CARTESIAN_POINT('',(115.75445024764,112.64203976359));
#849 = CARTESIAN_POINT('',(116.84022747853,112.06585233553));
#850 = CARTESIAN_POINT('',(117.90869467685,111.45874386516));
#851 = CARTESIAN_POINT('',(120.39662764513,109.94637396147));
#852 = CARTESIAN_POINT('',(121.79951280381,109.01398751659));
#853 = CARTESIAN_POINT('',(123.16320646056,108.0233969133));
#854 = CARTESIAN_POINT('',(124.48343314374,106.97469206263));
#855 = CARTESIAN_POINT('',(125.7555118472,105.86826034729));
#856 = CARTESIAN_POINT('',(126.97442572605,104.70487405324));
#857 = CARTESIAN_POINT('',(129.10596372076,102.46564478457));
#858 = CARTESIAN_POINT('',(130.03607484346,101.40654058358));
#859 = CARTESIAN_POINT('',(130.92210695049,100.30923105209));
#860 = CARTESIAN_POINT('',(131.76076630994,99.174791212082));
#861 = CARTESIAN_POINT('',(132.54864921298,98.004653743674));
#862 = CARTESIAN_POINT('',(133.28233336776,96.800675725876));
#863 = CARTESIAN_POINT('',(135.07347905685,93.527976383103));
#864 = CARTESIAN_POINT('',(136.03259012696,91.404158602681));
#865 = CARTESIAN_POINT('',(136.81984263289,89.205746048416));
#866 = CARTESIAN_POINT('',(137.42151546046,86.947278029686));
#867 = CARTESIAN_POINT('',(137.82692666216,84.646041592177));
#868 = CARTESIAN_POINT('',(138.0294120116,82.322304421388));
#869 = CARTESIAN_POINT('',(138.0294117647,80.));
#870 = ( GEOMETRIC_REPRESENTATION_CONTEXT(2) 
PARAMETRIC_REPRESENTATION_CONTEXT() REPRESENTATION_CONTEXT('2D SPACE',''
  ) );
#871 = ADVANCED_FACE('',(#872),#93,.F.);
#872 = FACE_BOUND('',#873,.F.);
#873 = EDGE_LOOP('',(#874,#875,#876,#897,#926,#952,#981,#1007,#1036));
#874 = ORIENTED_EDGE('',*,*,#252,.T.);
#875 = ORIENTED_EDGE('',*,*,#76,.T.);
#876 = ORIENTED_EDGE('',*,*,#877,.T.);
#877 = EDGE_CURVE('',#77,#878,#880,.T.);
#878 = VERTEX_POINT('',#879);
#879 = CARTESIAN_POINT('',(-26.,-5.,12.));
#880 = SURFACE_CURVE('',#881,(#885,#891),.PCURVE_S1.);
#881 = LINE('',#882,#883);
#882 = CARTESIAN_POINT('',(-26.,-6.5,12.));
#883 = VECTOR('',#884,1.);
#884 = DIRECTION('',(0.,1.,0.));
#885 = PCURVE('',#93,#886);
#886 = DEFINITIONAL_REPRESENTATION('',(#887),#890);
#887 = B_SPLINE_CURVE_WITH_KNOTS('',1,(#888,#889),.UNSPECIFIED.,.F.,.F.,
  (2,2),(-4.5,1.5),.PIECEWISE_BEZIER_KNOTS.);
#888 = CARTESIAN_POINT('',(-26.,-11.));
#889 = CARTESIAN_POINT('',(-26.,-5.));
#890 = ( GEOMETRIC_REPRESENTATION_CONTEXT(2) 
PARAMETRIC_REPRESENTATION_CONTEXT() REPRESENTATION_CONTEXT('2D SPACE',''
  ) );
#891 = PCURVE('',#125,#892);
#892 = DEFINITIONAL_REPRESENTATION('',(#893),#896);
#893 = B_SPLINE_CURVE_WITH_KNOTS('',1,(#894,#895),.UNSPECIFIED.,.F.,.F.,
  (2,2),(-4.5,1.5),.PIECEWISE_BEZIER_KNOTS.);
#894 = CARTESIAN_POINT('',(22.,-2.));
#895 = CARTESIAN_POINT('',(22.,-8.));
#896 = ( GEOMETRIC_REPRESENTATION_CONTEXT(2) 
PARAMETRIC_REPRESENTATION_CONTEXT() REPRESENTATION_CONTEXT('2D SPACE',''
  ) );
#897 = ORIENTED_EDGE('',*,*,#898,.F.);
#898 = EDGE_CURVE('',#899,#878,#901,.T.);
#899 = VERTEX_POINT('',#900);
#900 = CARTESIAN_POINT('',(-24.,-3.,12.));
#901 = SURFACE_CURVE('',#902,(#907,#914),.PCURVE_S1.);
#902 = CIRCLE('',#903,2.);
#903 = AXIS2_PLACEMENT_3D('',#904,#905,#906);
#904 = CARTESIAN_POINT('',(-24.,-5.,12.));
#905 = DIRECTION('',(0.,0.,1.));
#906 = DIRECTION('',(-1.,-0.,0.));
#907 = PCURVE('',#93,#908);
#908 = DEFINITIONAL_REPRESENTATION('',(#909),#913);
#909 = CIRCLE('',#910,2.);
#910 = AXIS2_PLACEMENT_2D('',#911,#912);
#911 = CARTESIAN_POINT('',(-24.,-5.));
#912 = DIRECTION('',(-1.,0.));
#913 = ( GEOMETRIC_REPRESENTATION_CONTEXT(2) 
PARAMETRIC_REPRESENTATION_CONTEXT() REPRESENTATION_CONTEXT('2D SPACE',''
  ) );
#914 = PCURVE('',#915,#920);
#915 = CYLINDRICAL_SURFACE('',#916,2.);
#916 = AXIS2_PLACEMENT_3D('',#917,#918,#919);
#917 = CARTESIAN_POINT('',(-24.,-5.,-10.));
#918 = DIRECTION('',(0.,0.,1.));
#919 = DIRECTION('',(-1.,-0.,0.));
#920 = DEFINITIONAL_REPRESENTATION('',(#921),#925);
#921 = LINE('',#922,#923);
#922 = CARTESIAN_POINT('',(-6.28318530718,22.));
#923 = VECTOR('',#924,1.);
#924 = DIRECTION('',(1.,-0.));
#925 = ( GEOMETRIC_REPRESENTATION_CONTEXT(2) 
PARAMETRIC_REPRESENTATION_CONTEXT() REPRESENTATION_CONTEXT('2D SPACE',''
  ) );
#926 = ORIENTED_EDGE('',*,*,#927,.F.);
#927 = EDGE_CURVE('',#928,#899,#930,.T.);
#928 = VERTEX_POINT('',#929);
#929 = CARTESIAN_POINT('',(-12.,-3.,12.));
#930 = SURFACE_CURVE('',#931,(#935,#941),.PCURVE_S1.);
#931 = LINE('',#932,#933);
#932 = CARTESIAN_POINT('',(-13.,-3.,12.));
#933 = VECTOR('',#934,1.);
#934 = DIRECTION('',(-1.,0.,0.));
#935 = PCURVE('',#93,#936);
#936 = DEFINITIONAL_REPRESENTATION('',(#937),#940);
#937 = B_SPLINE_CURVE_WITH_KNOTS('',1,(#938,#939),.UNSPECIFIED.,.F.,.F.,
  (2,2),(-1.,11.),.PIECEWISE_BEZIER_KNOTS.);
#938 = CARTESIAN_POINT('',(-12.,-3.));
#939 = CARTESIAN_POINT('',(-24.,-3.));
#940 = ( GEOMETRIC_REPRESENTATION_CONTEXT(2) 
PARAMETRIC_REPRESENTATION_CONTEXT() REPRESENTATION_CONTEXT('2D SPACE',''
  ) );
#941 = PCURVE('',#942,#947);
#942 = PLANE('',#943);
#943 = AXIS2_PLACEMENT_3D('',#944,#945,#946);
#944 = CARTESIAN_POINT('',(-26.,-3.,-10.));
#945 = DIRECTION('',(0.,1.,0.));
#946 = DIRECTION('',(0.,0.,1.));
#947 = DEFINITIONAL_REPRESENTATION('',(#948),#951);
#948 = B_SPLINE_CURVE_WITH_KNOTS('',1,(#949,#950),.UNSPECIFIED.,.F.,.F.,
  (2,2),(-1.,11.),.PIECEWISE_BEZIER_KNOTS.);
#949 = CARTESIAN_POINT('',(22.,14.));
#950 = CARTESIAN_POINT('',(22.,2.));
#951 = ( GEOMETRIC_REPRESENTATION_CONTEXT(2) 
PARAMETRIC_REPRESENTATION_CONTEXT() REPRESENTATION_CONTEXT('2D SPACE',''
  ) );
#952 = ORIENTED_EDGE('',*,*,#953,.F.);
#953 = EDGE_CURVE('',#954,#928,#956,.T.);
#954 = VERTEX_POINT('',#955);
#955 = CARTESIAN_POINT('',(-10.,-5.,12.));
#956 = SURFACE_CURVE('',#957,(#962,#969),.PCURVE_S1.);
#957 = CIRCLE('',#958,2.);
#958 = AXIS2_PLACEMENT_3D('',#959,#960,#961);
#959 = CARTESIAN_POINT('',(-12.,-5.,12.));
#960 = DIRECTION('',(0.,0.,1.));
#961 = DIRECTION('',(1.,0.,-0.));
#962 = PCURVE('',#93,#963);
#963 = DEFINITIONAL_REPRESENTATION('',(#964),#968);
#964 = CIRCLE('',#965,2.);
#965 = AXIS2_PLACEMENT_2D('',#966,#967);
#966 = CARTESIAN_POINT('',(-12.,-5.));
#967 = DIRECTION('',(1.,0.));
#968 = ( GEOMETRIC_REPRESENTATION_CONTEXT(2) 
PARAMETRIC_REPRESENTATION_CONTEXT() REPRESENTATION_CONTEXT('2D SPACE',''
  ) );
#969 = PCURVE('',#970,#975);
#970 = CYLINDRICAL_SURFACE('',#971,2.);
#971 = AXIS2_PLACEMENT_3D('',#972,#973,#974);
#972 = CARTESIAN_POINT('',(-12.,-5.,-10.));
#973 = DIRECTION('',(0.,0.,1.));
#974 = DIRECTION('',(1.,0.,-0.));
#975 = DEFINITIONAL_REPRESENTATION('',(#976),#980);
#976 = LINE('',#977,#978);
#977 = CARTESIAN_POINT('',(0.,22.));
#978 = VECTOR('',#979,1.);
#979 = DIRECTION('',(1.,0.));
#980 = ( GEOMETRIC_REPRESENTATION_CONTEXT(2) 
PARAMETRIC_REPRESENTATION_CONTEXT() REPRESENTATION_CONTEXT('2D SPACE',''
  ) );
#981 = ORIENTED_EDGE('',*,*,#982,.F.);
#982 = EDGE_CURVE('',#983,#954,#985,.T.);
#983 = VERTEX_POINT('',#984);
#984 = CARTESIAN_POINT('',(-10.,-11.,12.));
#985 = SURFACE_CURVE('',#986,(#990,#996),.PCURVE_S1.);
#986 = LINE('',#987,#988);
#987 = CARTESIAN_POINT('',(-10.,-6.5,12.));
#988 = VECTOR('',#989,1.);
#989 = DIRECTION('',(0.,1.,0.));
#990 = PCURVE('',#93,#991);
#991 = DEFINITIONAL_REPRESENTATION('',(#992),#995);
#992 = B_SPLINE_CURVE_WITH_KNOTS('',1,(#993,#994),.UNSPECIFIED.,.F.,.F.,
  (2,2),(-4.5,1.5),.PIECEWISE_BEZIER_KNOTS.);
#993 = CARTESIAN_POINT('',(-10.,-11.));
#994 = CARTESIAN_POINT('',(-10.,-5.));
#995 = ( GEOMETRIC_REPRESENTATION_CONTEXT(2) 
PARAMETRIC_REPRESENTATION_CONTEXT() REPRESENTATION_CONTEXT('2D SPACE',''
  ) );
#996 = PCURVE('',#997,#1002);
#997 = PLANE('',#998);
#998 = AXIS2_PLACEMENT_3D('',#999,#1000,#1001);
#999 = CARTESIAN_POINT('',(-10.,-13.,-10.));
#1000 = DIRECTION('',(1.,0.,0.));
#1001 = DIRECTION('',(0.,0.,1.));
#1002 = DEFINITIONAL_REPRESENTATION('',(#1003),#1006);
#1003 = B_SPLINE_CURVE_WITH_KNOTS('',1,(#1004,#1005),.UNSPECIFIED.,.F.,
  .F.,(2,2),(-4.5,1.5),.PIECEWISE_BEZIER_KNOTS.);
#1004 = CARTESIAN_POINT('',(22.,-2.));
#1005 = CARTESIAN_POINT('',(22.,-8.));
#1006 = ( GEOMETRIC_REPRESENTATION_CONTEXT(2) 
PARAMETRIC_REPRESENTATION_CONTEXT() REPRESENTATION_CONTEXT('2D SPACE',''
  ) );
#1007 = ORIENTED_EDGE('',*,*,#1008,.F.);
#1008 = EDGE_CURVE('',#1009,#983,#1011,.T.);
#1009 = VERTEX_POINT('',#1010);
#1010 = CARTESIAN_POINT('',(-12.,-13.,12.));
#1011 = SURFACE_CURVE('',#1012,(#1017,#1024),.PCURVE_S1.);
#1012 = CIRCLE('',#1013,2.);
#1013 = AXIS2_PLACEMENT_3D('',#1014,#1015,#1016);
#1014 = CARTESIAN_POINT('',(-12.,-11.,12.));
#1015 = DIRECTION('',(0.,0.,1.));
#1016 = DIRECTION('',(1.,0.,-0.));
#1017 = PCURVE('',#93,#1018);
#1018 = DEFINITIONAL_REPRESENTATION('',(#1019),#1023);
#1019 = CIRCLE('',#1020,2.);
#1020 = AXIS2_PLACEMENT_2D('',#1021,#1022);
#1021 = CARTESIAN_POINT('',(-12.,-11.));
#1022 = DIRECTION('',(1.,0.));
#1023 = ( GEOMETRIC_REPRESENTATION_CONTEXT(2) 
PARAMETRIC_REPRESENTATION_CONTEXT() REPRESENTATION_CONTEXT('2D SPACE',''
  ) );
#1024 = PCURVE('',#1025,#1030);
#1025 = CYLINDRICAL_SURFACE('',#1026,2.);
#1026 = AXIS2_PLACEMENT_3D('',#1027,#1028,#1029);
#1027 = CARTESIAN_POINT('',(-12.,-11.,-10.));
#1028 = DIRECTION('',(0.,0.,1.));
#1029 = DIRECTION('',(1.,0.,-0.));
#1030 = DEFINITIONAL_REPRESENTATION('',(#1031),#1035);
#1031 = LINE('',#1032,#1033);
#1032 = CARTESIAN_POINT('',(-6.28318530718,22.));
#1033 = VECTOR('',#1034,1.);
#1034 = DIRECTION('',(1.,-0.));
#1035 = ( GEOMETRIC_REPRESENTATION_CONTEXT(2) 
PARAMETRIC_REPRESENTATION_CONTEXT() REPRESENTATION_CONTEXT('2D SPACE',''
  ) );
#1036 = ORIENTED_EDGE('',*,*,#1037,.T.);
#1037 = EDGE_CURVE('',#1009,#219,#1038,.T.);
#1038 = SURFACE_CURVE('',#1039,(#1043,#1049),.PCURVE_S1.);
#1039 = LINE('',#1040,#1041);
#1040 = CARTESIAN_POINT('',(-13.,-13.,12.));
#1041 = VECTOR('',#1042,1.);
#1042 = DIRECTION('',(-1.,0.,0.));
#1043 = PCURVE('',#93,#1044);
#1044 = DEFINITIONAL_REPRESENTATION('',(#1045),#1048);
#1045 = B_SPLINE_CURVE_WITH_KNOTS('',1,(#1046,#1047),.UNSPECIFIED.,.F.,
  .F.,(2,2),(-1.,11.),.PIECEWISE_BEZIER_KNOTS.);
#1046 = CARTESIAN_POINT('',(-12.,-13.));
#1047 = CARTESIAN_POINT('',(-24.,-13.));
#1048 = ( GEOMETRIC_REPRESENTATION_CONTEXT(2) 
PARAMETRIC_REPRESENTATION_CONTEXT() REPRESENTATION_CONTEXT('2D SPACE',''
  ) );
#1049 = PCURVE('',#238,#1050);
#1050 = DEFINITIONAL_REPRESENTATION('',(#1051),#1054);
#1051 = B_SPLINE_CURVE_WITH_KNOTS('',1,(#1052,#1053),.UNSPECIFIED.,.F.,
  .F.,(2,2),(-1.,11.),.PIECEWISE_BEZIER_KNOTS.);
#1052 = CARTESIAN_POINT('',(22.,14.));
#1053 = CARTESIAN_POINT('',(22.,2.));
#1054 = ( GEOMETRIC_REPRESENTATION_CONTEXT(2) 
PARAMETRIC_REPRESENTATION_CONTEXT() REPRESENTATION_CONTEXT('2D SPACE',''
  ) );
#1055 = ADVANCED_FACE('',(#1056),#238,.F.);
#1056 = FACE_BOUND('',#1057,.F.);
#1057 = EDGE_LOOP('',(#1058,#1086,#1107,#1108,#1109));
#1058 = ORIENTED_EDGE('',*,*,#1059,.F.);
#1059 = EDGE_CURVE('',#1060,#1062,#1064,.T.);
#1060 = VERTEX_POINT('',#1061);
#1061 = CARTESIAN_POINT('',(-24.,-13.,7.));
#1062 = VERTEX_POINT('',#1063);
#1063 = CARTESIAN_POINT('',(-12.,-13.,7.));
#1064 = SURFACE_CURVE('',#1065,(#1069,#1075),.PCURVE_S1.);
#1065 = LINE('',#1066,#1067);
#1066 = CARTESIAN_POINT('',(2.,-13.,7.));
#1067 = VECTOR('',#1068,1.);
#1068 = DIRECTION('',(1.,0.,0.));
#1069 = PCURVE('',#238,#1070);
#1070 = DEFINITIONAL_REPRESENTATION('',(#1071),#1074);
#1071 = B_SPLINE_CURVE_WITH_KNOTS('',1,(#1072,#1073),.UNSPECIFIED.,.F.,
  .F.,(2,2),(-26.,-14.),.PIECEWISE_BEZIER_KNOTS.);
#1072 = CARTESIAN_POINT('',(17.,2.));
#1073 = CARTESIAN_POINT('',(17.,14.));
#1074 = ( GEOMETRIC_REPRESENTATION_CONTEXT(2) 
PARAMETRIC_REPRESENTATION_CONTEXT() REPRESENTATION_CONTEXT('2D SPACE',''
  ) );
#1075 = PCURVE('',#1076,#1081);
#1076 = PLANE('',#1077);
#1077 = AXIS2_PLACEMENT_3D('',#1078,#1079,#1080);
#1078 = CARTESIAN_POINT('',(30.,2.606519132579E-15,7.));
#1079 = DIRECTION('',(0.,0.,1.));
#1080 = DIRECTION('',(-1.,1.576990910474E-17,0.));
#1081 = DEFINITIONAL_REPRESENTATION('',(#1082),#1085);
#1082 = B_SPLINE_CURVE_WITH_KNOTS('',1,(#1083,#1084),.UNSPECIFIED.,.F.,
  .F.,(2,2),(-26.,-14.),.PIECEWISE_BEZIER_KNOTS.);
#1083 = CARTESIAN_POINT('',(54.,13.));
#1084 = CARTESIAN_POINT('',(42.,13.));
#1085 = ( GEOMETRIC_REPRESENTATION_CONTEXT(2) 
PARAMETRIC_REPRESENTATION_CONTEXT() REPRESENTATION_CONTEXT('2D SPACE',''
  ) );
#1086 = ORIENTED_EDGE('',*,*,#1087,.T.);
#1087 = EDGE_CURVE('',#1060,#140,#1088,.T.);
#1088 = SURFACE_CURVE('',#1089,(#1093,#1100),.PCURVE_S1.);
#1089 = LINE('',#1090,#1091);
#1090 = CARTESIAN_POINT('',(-24.,-13.,-10.));
#1091 = VECTOR('',#1092,1.);
#1092 = DIRECTION('',(0.,0.,1.));
#1093 = PCURVE('',#238,#1094);
#1094 = DEFINITIONAL_REPRESENTATION('',(#1095),#1099);
#1095 = LINE('',#1096,#1097);
#1096 = CARTESIAN_POINT('',(0.,2.));
#1097 = VECTOR('',#1098,1.);
#1098 = DIRECTION('',(1.,0.));
#1099 = ( GEOMETRIC_REPRESENTATION_CONTEXT(2) 
PARAMETRIC_REPRESENTATION_CONTEXT() REPRESENTATION_CONTEXT('2D SPACE',''
  ) );
#1100 = PCURVE('',#189,#1101);
#1101 = DEFINITIONAL_REPRESENTATION('',(#1102),#1106);
#1102 = LINE('',#1103,#1104);
#1103 = CARTESIAN_POINT('',(1.570796326795,0.));
#1104 = VECTOR('',#1105,1.);
#1105 = DIRECTION('',(0.,1.));
#1106 = ( GEOMETRIC_REPRESENTATION_CONTEXT(2) 
PARAMETRIC_REPRESENTATION_CONTEXT() REPRESENTATION_CONTEXT('2D SPACE',''
  ) );
#1107 = ORIENTED_EDGE('',*,*,#218,.F.);
#1108 = ORIENTED_EDGE('',*,*,#1037,.F.);
#1109 = ORIENTED_EDGE('',*,*,#1110,.F.);
#1110 = EDGE_CURVE('',#1062,#1009,#1111,.T.);
#1111 = SURFACE_CURVE('',#1112,(#1116,#1123),.PCURVE_S1.);
#1112 = LINE('',#1113,#1114);
#1113 = CARTESIAN_POINT('',(-12.,-13.,-10.));
#1114 = VECTOR('',#1115,1.);
#1115 = DIRECTION('',(0.,0.,1.));
#1116 = PCURVE('',#238,#1117);
#1117 = DEFINITIONAL_REPRESENTATION('',(#1118),#1122);
#1118 = LINE('',#1119,#1120);
#1119 = CARTESIAN_POINT('',(0.,14.));
#1120 = VECTOR('',#1121,1.);
#1121 = DIRECTION('',(1.,0.));
#1122 = ( GEOMETRIC_REPRESENTATION_CONTEXT(2) 
PARAMETRIC_REPRESENTATION_CONTEXT() REPRESENTATION_CONTEXT('2D SPACE',''
  ) );
#1123 = PCURVE('',#1025,#1124);
#1124 = DEFINITIONAL_REPRESENTATION('',(#1125),#1129);
#1125 = LINE('',#1126,#1127);
#1126 = CARTESIAN_POINT('',(-1.570796326795,0.));
#1127 = VECTOR('',#1128,1.);
#1128 = DIRECTION('',(-0.,1.));
#1129 = ( GEOMETRIC_REPRESENTATION_CONTEXT(2) 
PARAMETRIC_REPRESENTATION_CONTEXT() REPRESENTATION_CONTEXT('2D SPACE',''
  ) );
#1130 = ADVANCED_FACE('',(#1131),#189,.T.);
#1131 = FACE_BOUND('',#1132,.T.);
#1132 = EDGE_LOOP('',(#1133,#1156,#1456,#1478,#1479));
#1133 = ORIENTED_EDGE('',*,*,#1134,.F.);
#1134 = EDGE_CURVE('',#1135,#106,#1137,.T.);
#1135 = VERTEX_POINT('',#1136);
#1136 = CARTESIAN_POINT('',(-26.,-11.,3.574098396418));
#1137 = SURFACE_CURVE('',#1138,(#1142,#1149),.PCURVE_S1.);
#1138 = LINE('',#1139,#1140);
#1139 = CARTESIAN_POINT('',(-26.,-11.,-10.));
#1140 = VECTOR('',#1141,1.);
#1141 = DIRECTION('',(0.,0.,1.));
#1142 = PCURVE('',#189,#1143);
#1143 = DEFINITIONAL_REPRESENTATION('',(#1144),#1148);
#1144 = LINE('',#1145,#1146);
#1145 = CARTESIAN_POINT('',(0.,0.));
#1146 = VECTOR('',#1147,1.);
#1147 = DIRECTION('',(0.,1.));
#1148 = ( GEOMETRIC_REPRESENTATION_CONTEXT(2) 
PARAMETRIC_REPRESENTATION_CONTEXT() REPRESENTATION_CONTEXT('2D SPACE',''
  ) );
#1149 = PCURVE('',#125,#1150);
#1150 = DEFINITIONAL_REPRESENTATION('',(#1151),#1155);
#1151 = LINE('',#1152,#1153);
#1152 = CARTESIAN_POINT('',(0.,-2.));
#1153 = VECTOR('',#1154,1.);
#1154 = DIRECTION('',(1.,0.));
#1155 = ( GEOMETRIC_REPRESENTATION_CONTEXT(2) 
PARAMETRIC_REPRESENTATION_CONTEXT() REPRESENTATION_CONTEXT('2D SPACE',''
  ) );
#1156 = ORIENTED_EDGE('',*,*,#1157,.F.);
#1157 = EDGE_CURVE('',#1158,#1135,#1160,.T.);
#1158 = VERTEX_POINT('',#1159);
#1159 = CARTESIAN_POINT('',(-24.21355776213,-12.98856558409,7.));
#1160 = SURFACE_CURVE('',#1161,(#1227,#1296),.PCURVE_S1.);
#1161 = B_SPLINE_CURVE_WITH_KNOTS('',8,(#1162,#1163,#1164,#1165,#1166,
    #1167,#1168,#1169,#1170,#1171,#1172,#1173,#1174,#1175,#1176,#1177,
    #1178,#1179,#1180,#1181,#1182,#1183,#1184,#1185,#1186,#1187,#1188,
    #1189,#1190,#1191,#1192,#1193,#1194,#1195,#1196,#1197,#1198,#1199,
    #1200,#1201,#1202,#1203,#1204,#1205,#1206,#1207,#1208,#1209,#1210,
    #1211,#1212,#1213,#1214,#1215,#1216,#1217,#1218,#1219,#1220,#1221,
    #1222,#1223,#1224,#1225,#1226),.UNSPECIFIED.,.F.,.F.,(9,7,7,7,7,7,7,
    7,7,9),(0.,0.168225574497,0.322636984285,0.395555193204,
    0.475765433219,0.566533997651,0.696541936353,0.790460244617,
    0.875563599553,1.),.UNSPECIFIED.);
#1162 = CARTESIAN_POINT('',(-24.21355776213,-12.98856558409,7.));
#1163 = CARTESIAN_POINT('',(-24.19411532178,-12.99065356353,
    6.728596599728));
#1164 = CARTESIAN_POINT('',(-24.17970328193,-12.99198177288,
    6.456970477156));
#1165 = CARTESIAN_POINT('',(-24.17006029117,-12.99277716638,
    6.185193985134));
#1166 = CARTESIAN_POINT('',(-24.16499905877,-12.99317103993,
    5.913332765352));
#1167 = CARTESIAN_POINT('',(-24.16438622351,-12.99322340453,
    5.641446149945));
#1168 = CARTESIAN_POINT('',(-24.16813041974,-12.99293739847,
    5.369587417047));
#1169 = CARTESIAN_POINT('',(-24.17617854075,-12.9922637385,
    5.097803900269));
#1170 = CARTESIAN_POINT('',(-24.19984839894,-12.99002263704,
    4.576778454897));
#1171 = CARTESIAN_POINT('',(-24.21479350558,-12.98853301495,
    4.327530331972));
#1172 = CARTESIAN_POINT('',(-24.23334549045,-12.9865452936,
    4.078423143036));
#1173 = CARTESIAN_POINT('',(-24.25552572666,-12.98393520746,
    3.829494962101));
#1174 = CARTESIAN_POINT('',(-24.28138274715,-12.98053899808,
    3.580790982569));
#1175 = CARTESIAN_POINT('',(-24.31099672983,-12.97614592531,
    3.332363941795));
#1176 = CARTESIAN_POINT('',(-24.34449271008,-12.97047956694,
    3.084275365172));
#1177 = CARTESIAN_POINT('',(-24.39980423599,-12.95971509746,
    2.719635956492));
#1178 = CARTESIAN_POINT('',(-24.41843896591,-12.95589849284,
    2.602867249637));
#1179 = CARTESIAN_POINT('',(-24.43798608293,-12.95167891703,
    2.486290575764));
#1180 = CARTESIAN_POINT('',(-24.45846802904,-12.94701333952,
    2.36990464538));
#1181 = CARTESIAN_POINT('',(-24.47991192319,-12.94185275475,
    2.253708084276));
#1182 = CARTESIAN_POINT('',(-24.50235116896,-12.93614006157,
    2.137699704892));
#1183 = CARTESIAN_POINT('',(-24.52582706214,-12.92980794276,
    2.021878777682));
#1184 = CARTESIAN_POINT('',(-24.57741013892,-12.91504240627,
    1.779048146407));
#1185 = CARTESIAN_POINT('',(-24.6057462778,-12.90646184893,
    1.652075805712));
#1186 = CARTESIAN_POINT('',(-24.6354673823,-12.89692730316,1.52533099728
    ));
#1187 = CARTESIAN_POINT('',(-24.66665691302,-12.88631258462,
    1.398812636438));
#1188 = CARTESIAN_POINT('',(-24.69942373198,-12.87445932714,
    1.272518869648));
#1189 = CARTESIAN_POINT('',(-24.73390594321,-12.86117203038,
    1.146447894303));
#1190 = CARTESIAN_POINT('',(-24.77028878797,-12.84619435496,
    1.020602367294));
#1191 = CARTESIAN_POINT('',(-24.85250274145,-12.80983880504,
    0.752871030494));
#1192 = CARTESIAN_POINT('',(-24.8984620107,-12.78806813992,
    0.612731649907));
#1193 = CARTESIAN_POINT('',(-24.94718336048,-12.76348832089,
    0.473396472974));
#1194 = CARTESIAN_POINT('',(-24.99995967741,-12.7343994886,
    0.335044865993));
#1195 = CARTESIAN_POINT('',(-25.05611456585,-12.70177993381,
    0.197009603756));
#1196 = CARTESIAN_POINT('',(-25.11885750435,-12.66082192521,
    6.211140707055E-02));
#1197 = CARTESIAN_POINT('',(-25.18657005917,-12.61335596668,
    -6.945351540131E-02));
#1198 = CARTESIAN_POINT('',(-25.38272479983,-12.4527090376,
    -0.363539485986));
#1199 = CARTESIAN_POINT('',(-25.47235078778,-12.36283845228,
    -0.436017772732));
#1200 = CARTESIAN_POINT('',(-25.54331631106,-12.28070216788,
    -0.456801929897));
#1201 = CARTESIAN_POINT('',(-25.60315485231,-12.20407429026,
    -0.446224014177));
#1202 = CARTESIAN_POINT('',(-25.65651304163,-12.12872437954,
    -0.412108737794));
#1203 = CARTESIAN_POINT('',(-25.70815823385,-12.04876715147,
    -0.351562679578));
#1204 = CARTESIAN_POINT('',(-25.75956347326,-11.95787623277,
    -0.248706451229));
#1205 = CARTESIAN_POINT('',(-25.84514394042,-11.77623210749,
    5.600934374371E-02));
#1206 = CARTESIAN_POINT('',(-25.87092726079,-11.71201923539,
    0.189571825697));
#1207 = CARTESIAN_POINT('',(-25.89212197815,-11.65385814561,
    0.325612325591));
#1208 = CARTESIAN_POINT('',(-25.9089021075,-11.60168593847,
    0.463481632613));
#1209 = CARTESIAN_POINT('',(-25.92315605181,-11.55345475308,
    0.602032066093));
#1210 = CARTESIAN_POINT('',(-25.93493310824,-11.50908604483,
    0.741259075733));
#1211 = CARTESIAN_POINT('',(-25.94494475162,-11.46772280935,
    0.881108173709));
#1212 = CARTESIAN_POINT('',(-25.96116832665,-11.39384233141,
    1.149751924907));
#1213 = CARTESIAN_POINT('',(-25.96762886609,-11.36097717629,
    1.277887180865));
#1214 = CARTESIAN_POINT('',(-25.97307997092,-11.33009149144,
    1.406366677964));
#1215 = CARTESIAN_POINT('',(-25.97768926511,-11.30099608244,
    1.535128957329));
#1216 = CARTESIAN_POINT('',(-25.98158674964,-11.27354521503,
    1.66412675607));
#1217 = CARTESIAN_POINT('',(-25.98487857782,-11.24762038298,
    1.793324461595));
#1218 = CARTESIAN_POINT('',(-25.9876508428,-11.22312601284,
    1.922697553587));
#1219 = CARTESIAN_POINT('',(-25.9933776685,-11.16613941655,
    2.241632496069));
#1220 = CARTESIAN_POINT('',(-25.99582427121,-11.13518518759,
    2.431363120576));
#1221 = CARTESIAN_POINT('',(-25.99754326164,-11.10686993253,
    2.621364011176));
#1222 = CARTESIAN_POINT('',(-25.99870209685,-11.08101690414,
    2.811588463097));
#1223 = CARTESIAN_POINT('',(-25.99943031781,-11.05749512285,
    3.001999458372));
#1224 = CARTESIAN_POINT('',(-25.99983352372,-11.0362023516,3.19256800064
    ));
#1225 = CARTESIAN_POINT('',(-26.,-11.01705714889,3.383272384074));
#1226 = CARTESIAN_POINT('',(-26.,-11.,3.574098396418));
#1227 = PCURVE('',#189,#1228);
#1228 = DEFINITIONAL_REPRESENTATION('',(#1229),#1295);
#1229 = B_SPLINE_CURVE_WITH_KNOTS('',8,(#1230,#1231,#1232,#1233,#1234,
    #1235,#1236,#1237,#1238,#1239,#1240,#1241,#1242,#1243,#1244,#1245,
    #1246,#1247,#1248,#1249,#1250,#1251,#1252,#1253,#1254,#1255,#1256,
    #1257,#1258,#1259,#1260,#1261,#1262,#1263,#1264,#1265,#1266,#1267,
    #1268,#1269,#1270,#1271,#1272,#1273,#1274,#1275,#1276,#1277,#1278,
    #1279,#1280,#1281,#1282,#1283,#1284,#1285,#1286,#1287,#1288,#1289,
    #1290,#1291,#1292,#1293,#1294),.UNSPECIFIED.,.F.,.F.,(9,7,7,7,7,7,7,
    7,7,9),(0.,0.168225574497,0.322636984285,0.395555193204,
    0.475765433219,0.566533997651,0.696541936353,0.790460244617,
    0.875563599553,1.),.UNSPECIFIED.);
#1230 = CARTESIAN_POINT('',(1.463813486864,17.));
#1231 = CARTESIAN_POINT('',(1.473590604857,16.728596599728));
#1232 = CARTESIAN_POINT('',(1.480826373576,16.456970477156));
#1233 = CARTESIAN_POINT('',(1.48566409129,16.185193985134));
#1234 = CARTESIAN_POINT('',(1.488202535653,15.913332765351));
#1235 = CARTESIAN_POINT('',(1.488510038174,15.641446149945));
#1236 = CARTESIAN_POINT('',(1.486632380177,15.369587417047));
#1237 = CARTESIAN_POINT('',(1.48259451024,15.097803900269));
#1238 = CARTESIAN_POINT('',(1.470706651702,14.576778454897));
#1239 = CARTESIAN_POINT('',(1.463197109681,14.327530331972));
#1240 = CARTESIAN_POINT('',(1.453868582493,14.078423143036));
#1241 = CARTESIAN_POINT('',(1.442703189266,13.829494962101));
#1242 = CARTESIAN_POINT('',(1.429666288266,13.580790982569));
#1243 = CARTESIAN_POINT('',(1.41470185865,13.332363941795));
#1244 = CARTESIAN_POINT('',(1.397721018493,13.084275365172));
#1245 = CARTESIAN_POINT('',(1.369546390275,12.719635956492));
#1246 = CARTESIAN_POINT('',(1.360036098148,12.602867249637));
#1247 = CARTESIAN_POINT('',(1.350038338748,12.486290575764));
#1248 = CARTESIAN_POINT('',(1.339536426351,12.36990464538));
#1249 = CARTESIAN_POINT('',(1.328510164567,12.253708084276));
#1250 = CARTESIAN_POINT('',(1.31693455741,12.137699704892));
#1251 = CARTESIAN_POINT('',(1.304778520369,12.021878777682));
#1252 = CARTESIAN_POINT('',(1.27795113288,11.779048146407));
#1253 = CARTESIAN_POINT('',(1.263149464755,11.652075805712));
#1254 = CARTESIAN_POINT('',(1.247546491506,11.52533099728));
#1255 = CARTESIAN_POINT('',(1.231078807978,11.398812636438));
#1256 = CARTESIAN_POINT('',(1.213663250376,11.272518869648));
#1257 = CARTESIAN_POINT('',(1.195193944497,11.146447894303));
#1258 = CARTESIAN_POINT('',(1.175527911754,11.020602367294));
#1259 = CARTESIAN_POINT('',(1.130581109428,10.752871030494));
#1260 = CARTESIAN_POINT('',(1.105159305396,10.612731649907));
#1261 = CARTESIAN_POINT('',(1.077904996201,10.473396472974));
#1262 = CARTESIAN_POINT('',(1.04777291634,10.335044865993));
#1263 = CARTESIAN_POINT('',(1.01538989842,10.197009603756));
#1264 = CARTESIAN_POINT('',(0.977940704184,10.062111407071));
#1265 = CARTESIAN_POINT('',(0.936708526295,9.930546484599));
#1266 = CARTESIAN_POINT('',(0.809936961952,9.636460514014));
#1267 = CARTESIAN_POINT('',(0.746796540757,9.563982227268));
#1268 = CARTESIAN_POINT('',(0.692685627047,9.543198070103));
#1269 = CARTESIAN_POINT('',(0.644197976104,9.553775985823));
#1270 = CARTESIAN_POINT('',(0.59813066589,9.587891262206));
#1271 = CARTESIAN_POINT('',(0.55065098328,9.648437320422));
#1272 = CARTESIAN_POINT('',(0.498586297681,9.751293548771));
#1273 = CARTESIAN_POINT('',(0.39818883182,10.056009343744));
#1274 = CARTESIAN_POINT('',(0.363649425086,10.189571825697));
#1275 = CARTESIAN_POINT('',(0.332716224552,10.325612325592));
#1276 = CARTESIAN_POINT('',(0.30535460958,10.463481632613));
#1277 = CARTESIAN_POINT('',(0.280215453427,10.602032066093));
#1278 = CARTESIAN_POINT('',(0.257277485667,10.741259075733));
#1279 = CARTESIAN_POINT('',(0.236002605051,10.881108173709));
#1280 = CARTESIAN_POINT('',(0.198182209076,11.149751924907));
#1281 = CARTESIAN_POINT('',(0.181439209958,11.277887180865));
#1282 = CARTESIAN_POINT('',(0.165762345625,11.406366677964));
#1283 = CARTESIAN_POINT('',(0.151037376231,11.535128957329));
#1284 = CARTESIAN_POINT('',(0.137177519839,11.66412675607));
#1285 = CARTESIAN_POINT('',(0.124113071606,11.793324461595));
#1286 = CARTESIAN_POINT('',(0.111788668856,11.922697553587));
#1287 = CARTESIAN_POINT('',(8.315185387469E-02,12.241632496069));
#1288 = CARTESIAN_POINT('',(6.762995327599E-02,12.431363120576));
#1289 = CARTESIAN_POINT('',(5.34499381372E-02,12.621364011176));
#1290 = CARTESIAN_POINT('',(4.051318661585E-02,12.811588463097));
#1291 = CARTESIAN_POINT('',(2.874845862616E-02,13.001999458372));
#1292 = CARTESIAN_POINT('',(1.810121063365E-02,13.192568000641));
#1293 = CARTESIAN_POINT('',(8.528574445995E-03,13.383272384074));
#1294 = CARTESIAN_POINT('',(0.,13.574098396418));
#1295 = ( GEOMETRIC_REPRESENTATION_CONTEXT(2) 
PARAMETRIC_REPRESENTATION_CONTEXT() REPRESENTATION_CONTEXT('2D SPACE',''
  ) );
#1296 = PCURVE('',#1297,#1388);
#1297 = ( BOUNDED_SURFACE() B_SPLINE_SURFACE(14,5,(
    (#1298,#1299,#1300,#1301,#1302,#1303)
    ,(#1304,#1305,#1306,#1307,#1308,#1309)
    ,(#1310,#1311,#1312,#1313,#1314,#1315)
    ,(#1316,#1317,#1318,#1319,#1320,#1321)
    ,(#1322,#1323,#1324,#1325,#1326,#1327)
    ,(#1328,#1329,#1330,#1331,#1332,#1333)
    ,(#1334,#1335,#1336,#1337,#1338,#1339)
    ,(#1340,#1341,#1342,#1343,#1344,#1345)
    ,(#1346,#1347,#1348,#1349,#1350,#1351)
    ,(#1352,#1353,#1354,#1355,#1356,#1357)
    ,(#1358,#1359,#1360,#1361,#1362,#1363)
    ,(#1364,#1365,#1366,#1367,#1368,#1369)
    ,(#1370,#1371,#1372,#1373,#1374,#1375)
    ,(#1376,#1377,#1378,#1379,#1380,#1381)
    ,(#1382,#1383,#1384,#1385,#1386,#1387
)),.UNSPECIFIED.,.T.,.F.,.F.) B_SPLINE_SURFACE_WITH_KNOTS((15,15),(6,6),
  (0.,1.),(0.,1.),.PIECEWISE_BEZIER_KNOTS.) 
GEOMETRIC_REPRESENTATION_ITEM() RATIONAL_B_SPLINE_SURFACE((
    (1.,1.,1.,1.,1.,1.)
    ,(1.,1.,1.,1.,1.,1.)
    ,(1.,1.,1.,1.,1.,1.)
    ,(1.,1.,1.,1.,1.,1.)
    ,(1.,1.,1.,1.,1.,1.)
    ,(1.,1.,1.,1.,1.,1.)
    ,(1.,1.,1.,1.,1.,1.)
    ,(1.,1.,1.,1.,1.,1.)
    ,(1.,1.,1.,1.,1.,1.)
    ,(1.,1.,1.,1.,1.,1.)
    ,(1.,1.,1.,1.,1.,1.)
    ,(1.,1.,1.,1.,1.,1.)
    ,(1.,1.,1.,1.,1.,1.)
    ,(1.,1.,1.,1.,1.,1.)
,(1.,1.,1.,1.,1.,1.))) REPRESENTATION_ITEM('') SURFACE() );
#1298 = CARTESIAN_POINT('',(19.,-39.5,-76.));
#1299 = CARTESIAN_POINT('',(26.123044569638,-31.99413370891,
    -60.56609949556));
#1300 = CARTESIAN_POINT('',(18.446256865827,-20.970921322,
    -42.36281686344));
#1301 = CARTESIAN_POINT('',(32.849170364805,-19.98045879275,
    -25.95429108986));
#1302 = CARTESIAN_POINT('',(28.769192019074,-0.104288645744,
    -12.74783882291));
#1303 = CARTESIAN_POINT('',(30.,2.606519132579E-15,7.));
#1304 = CARTESIAN_POINT('',(19.000000000005,-33.44121416807,-76.));
#1305 = CARTESIAN_POINT('',(26.123044569632,-23.559953842,
    -60.56609949556));
#1306 = CARTESIAN_POINT('',(18.446256865842,-14.9258404115,
    -42.36281686344));
#1307 = CARTESIAN_POINT('',(32.849170364797,-9.726407995956,
    -25.95429108986));
#1308 = CARTESIAN_POINT('',(28.769192019074,9.484455769287,
    -12.74783882291));
#1309 = CARTESIAN_POINT('',(30.000000000004,9.873576911289,7.));
#1310 = CARTESIAN_POINT('',(14.878627137192,-27.38242609971,-76.));
#1311 = CARTESIAN_POINT('',(20.456581044264,-15.12577086188,
    -60.56609949556));
#1312 = CARTESIAN_POINT('',(14.444998841191,-8.880757269646,
    -42.36281686344));
#1313 = CARTESIAN_POINT('',(25.723713559232,0.527646585869,
    -25.95429108986));
#1314 = CARTESIAN_POINT('',(22.528741110033,19.073203723689,
    -12.74783882291));
#1315 = CARTESIAN_POINT('',(23.492569164001,19.747157467127,7.));
#1316 = CARTESIAN_POINT('',(6.63587614289,-22.85693882126,-76.));
#1317 = CARTESIAN_POINT('',(9.123646749275,-8.826031153147,
    -60.56609949556));
#1318 = CARTESIAN_POINT('',(6.442477677037,-4.365506604458,
    -42.36281686344));
#1319 = CARTESIAN_POINT('',(11.472790838629,8.186702000639,
    -25.95429108986));
#1320 = CARTESIAN_POINT('',(10.047831314101,26.235322021146,
    -12.74783882291));
#1321 = CARTESIAN_POINT('',(10.477699172943,27.122025624609,7.));
#1322 = CARTESIAN_POINT('',(-4.49560168009,-21.39788245634,-76.));
#1323 = CARTESIAN_POINT('',(-6.180989634211,-6.794940410138,
    -60.56609949556));
#1324 = CARTESIAN_POINT('',(-4.364580176906,-2.909750612558,
    -42.36281686344));
#1325 = CARTESIAN_POINT('',(-7.772462393418,10.656047922045,
    -25.95429108986));
#1326 = CARTESIAN_POINT('',(-6.807096209055,28.544451103577,
    -12.74783882291));
#1327 = CARTESIAN_POINT('',(-7.098318442164,29.499747108174,7.));
#1328 = CARTESIAN_POINT('',(-16.05073754757,-23.98881237636,-76.));
#1329 = CARTESIAN_POINT('',(-22.06811222847,-10.40166452504,
    -60.56609949556));
#1330 = CARTESIAN_POINT('',(-15.58294882544,-5.494819871234,
    -42.36281686344));
#1331 = CARTESIAN_POINT('',(-27.75017958895,6.27108899616,
    -25.95429108986));
#1332 = CARTESIAN_POINT('',(-24.30351318741,24.443998391336,
    -12.74783882291));
#1333 = CARTESIAN_POINT('',(-25.34326981209,25.277490942222,7.));
#1334 = CARTESIAN_POINT('',(-24.87179233162,-30.51054918893,-76.));
#1335 = CARTESIAN_POINT('',(-34.19615471539,-19.48029889978,
    -60.56609949556));
#1336 = CARTESIAN_POINT('',(-24.14691947723,-12.00180457149,
    -42.36281686344));
#1337 = CARTESIAN_POINT('',(-43.00093387213,-4.766472391532,
    -25.95429108986));
#1338 = CARTESIAN_POINT('',(-37.66007207561,14.122579351813,
    -12.74783882291));
#1339 = CARTESIAN_POINT('',(-39.27125104975,14.649475395817,7.));
#1340 = CARTESIAN_POINT('',(-28.1927434388,-39.49999999981,-76.));
#1341 = CARTESIAN_POINT('',(-38.76212070561,-31.99413370856,
    -60.56609949556));
#1342 = CARTESIAN_POINT('',(-27.37108353795,-20.97092132161,
    -42.36281686344));
#1343 = CARTESIAN_POINT('',(-48.74253854099,-19.980458793,
    -25.95429108986));
#1344 = CARTESIAN_POINT('',(-42.68854997622,-0.104288644992,
    -12.74783882291));
#1345 = CARTESIAN_POINT('',(-44.51485806145,2.913297794736E-10,7.));
#1346 = CARTESIAN_POINT('',(-24.87179233162,-48.4894508114,-76.));
#1347 = CARTESIAN_POINT('',(-34.19615471541,-44.50796851866,
    -60.56609949556));
#1348 = CARTESIAN_POINT('',(-24.14691947705,-29.94003807322,
    -42.36281686344));
#1349 = CARTESIAN_POINT('',(-43.00093387246,-35.19444519352,
    -25.95429108986));
#1350 = CARTESIAN_POINT('',(-37.66007207547,-14.33115664466,
    -12.74783882291));
#1351 = CARTESIAN_POINT('',(-39.27125104976,-14.64947539635,7.));
#1352 = CARTESIAN_POINT('',(-16.05073754757,-55.01118762338,-76.));
#1353 = CARTESIAN_POINT('',(-22.06811222844,-53.58660289229,
    -60.56609949556));
#1354 = CARTESIAN_POINT('',(-15.58294882572,-36.44702277223,
    -42.36281686344));
#1355 = CARTESIAN_POINT('',(-27.75017958847,-46.23200658198,
    -25.95429108986));
#1356 = CARTESIAN_POINT('',(-24.30351318761,-24.65257568179,
    -12.74783882291));
#1357 = CARTESIAN_POINT('',(-25.34326981208,-25.27749094181,7.));
#1358 = CARTESIAN_POINT('',(-4.495601680088,-57.60211754381,-76.));
#1359 = CARTESIAN_POINT('',(-6.180989634247,-57.19332700798,
    -60.56609949556));
#1360 = CARTESIAN_POINT('',(-4.364580176666,-39.03209203177,
    -42.36281686344));
#1361 = CARTESIAN_POINT('',(-7.772462393832,-50.61696550737,
    -25.95429108986));
#1362 = CARTESIAN_POINT('',(-6.807096208891,-28.75302839569,
    -12.74783882291));
#1363 = CARTESIAN_POINT('',(-7.098318442175,-29.49974710843,7.));
#1364 = CARTESIAN_POINT('',(6.635876142889,-56.14306117865,-76.));
#1365 = CARTESIAN_POINT('',(9.123646749297,-55.16223626452,
    -60.56609949556));
#1366 = CARTESIAN_POINT('',(6.442477676893,-37.57633603939,
    -42.36281686344));
#1367 = CARTESIAN_POINT('',(11.472790838871,-48.14761958621,
    -25.95429108986));
#1368 = CARTESIAN_POINT('',(10.047831314009,-26.44389931232,
    -12.74783882291));
#1369 = CARTESIAN_POINT('',(10.47769917295,-27.12202562447,7.));
#1370 = CARTESIAN_POINT('',(14.878627137192,-51.61757390031,-76.));
#1371 = CARTESIAN_POINT('',(20.456581044254,-48.86249655599,
    -60.56609949556));
#1372 = CARTESIAN_POINT('',(14.444998841251,-33.06108537441,
    -42.36281686344));
#1373 = CARTESIAN_POINT('',(25.723713559135,-40.48856417135,
    -25.95429108986));
#1374 = CARTESIAN_POINT('',(22.528741110068,-19.28178101528,
    -12.74783882291));
#1375 = CARTESIAN_POINT('',(23.492569163999,-19.74715746717,7.));
#1376 = CARTESIAN_POINT('',(19.000000000005,-45.55878583192,-76.));
#1377 = CARTESIAN_POINT('',(26.123044569634,-40.4283135758,
    -60.56609949556));
#1378 = CARTESIAN_POINT('',(18.446256865828,-27.01600223248,
    -42.36281686344));
#1379 = CARTESIAN_POINT('',(32.849170364819,-30.23450958955,
    -25.95429108986));
#1380 = CARTESIAN_POINT('',(28.769192019067,-9.69303306075,
    -12.74783882291));
#1381 = CARTESIAN_POINT('',(30.000000000005,-9.873576911278,7.));
#1382 = CARTESIAN_POINT('',(19.,-39.5,-76.));
#1383 = CARTESIAN_POINT('',(26.123044569638,-31.99413370891,
    -60.56609949556));
#1384 = CARTESIAN_POINT('',(18.446256865827,-20.970921322,
    -42.36281686344));
#1385 = CARTESIAN_POINT('',(32.849170364805,-19.98045879275,
    -25.95429108986));
#1386 = CARTESIAN_POINT('',(28.769192019074,-0.104288645743,
    -12.74783882291));
#1387 = CARTESIAN_POINT('',(30.,-1.160433578539E-14,7.));
#1388 = DEFINITIONAL_REPRESENTATION('',(#1389),#1455);
#1389 = B_SPLINE_CURVE_WITH_KNOTS('',8,(#1390,#1391,#1392,#1393,#1394,
    #1395,#1396,#1397,#1398,#1399,#1400,#1401,#1402,#1403,#1404,#1405,
    #1406,#1407,#1408,#1409,#1410,#1411,#1412,#1413,#1414,#1415,#1416,
    #1417,#1418,#1419,#1420,#1421,#1422,#1423,#1424,#1425,#1426,#1427,
    #1428,#1429,#1430,#1431,#1432,#1433,#1434,#1435,#1436,#1437,#1438,
    #1439,#1440,#1441,#1442,#1443,#1444,#1445,#1446,#1447,#1448,#1449,
    #1450,#1451,#1452,#1453,#1454),.UNSPECIFIED.,.F.,.F.,(9,7,7,7,7,7,7,
    7,7,9),(0.,0.168225574497,0.322636984285,0.395555193204,
    0.475765433219,0.566533997651,0.696541936353,0.790460244617,
    0.875563599553,1.),.UNSPECIFIED.);
#1390 = CARTESIAN_POINT('',(0.600512894899,1.));
#1391 = CARTESIAN_POINT('',(0.60056491942,0.997251310356));
#1392 = CARTESIAN_POINT('',(0.600577822332,0.994488924321));
#1393 = CARTESIAN_POINT('',(0.600553748011,0.991713562511));
#1394 = CARTESIAN_POINT('',(0.600494100335,0.988925898896));
#1395 = CARTESIAN_POINT('',(0.60039973948,0.986126562596));
#1396 = CARTESIAN_POINT('',(0.60027109564,0.983316138203));
#1397 = CARTESIAN_POINT('',(0.600108199688,0.980495164664));
#1398 = CARTESIAN_POINT('',(0.599729285596,0.975065576335));
#1399 = CARTESIAN_POINT('',(0.599518735578,0.972458672431));
#1400 = CARTESIAN_POINT('',(0.599278674153,0.969843787205));
#1401 = CARTESIAN_POINT('',(0.59900846415,0.967221375081));
#1402 = CARTESIAN_POINT('',(0.598707174499,0.96459197655));
#1403 = CARTESIAN_POINT('',(0.598373523875,0.961956224955));
#1404 = CARTESIAN_POINT('',(0.598005731291,0.959314862205));
#1405 = CARTESIAN_POINT('',(0.597410275233,0.955419187472));
#1406 = CARTESIAN_POINT('',(0.597211266882,0.954169638111));
#1407 = CARTESIAN_POINT('',(0.59700398695,0.952920122322));
#1408 = CARTESIAN_POINT('',(0.5967881406,0.951670643176));
#1409 = CARTESIAN_POINT('',(0.596563382408,0.950421202778));
#1410 = CARTESIAN_POINT('',(0.596329298988,0.949171805204));
#1411 = CARTESIAN_POINT('',(0.596085391628,0.947922459443));
#1412 = CARTESIAN_POINT('',(0.595551292208,0.945298973933));
#1413 = CARTESIAN_POINT('',(0.595258904634,0.943924826975));
#1414 = CARTESIAN_POINT('',(0.594953085453,0.942550793228));
#1415 = CARTESIAN_POINT('',(0.594632862994,0.941176883563));
#1416 = CARTESIAN_POINT('',(0.594296993126,0.939803100639));
#1417 = CARTESIAN_POINT('',(0.593943917629,0.938429447142));
#1418 = CARTESIAN_POINT('',(0.593571573248,0.937055974173));
#1419 = CARTESIAN_POINT('',(0.592730130282,0.934129157136));
#1420 = CARTESIAN_POINT('',(0.59225970653,0.932594273869));
#1421 = CARTESIAN_POINT('',(0.591760714261,0.931065420911));
#1422 = CARTESIAN_POINT('',(0.591219416341,0.929544670077));
#1423 = CARTESIAN_POINT('',(0.590642617918,0.928024596267));
#1424 = CARTESIAN_POINT('',(0.589996253941,0.926536487426));
#1425 = CARTESIAN_POINT('',(0.589296693567,0.925082601501));
#1426 = CARTESIAN_POINT('',(0.587260983163,0.921828179873));
#1427 = CARTESIAN_POINT('',(0.586324311473,0.921021954347));
#1428 = CARTESIAN_POINT('',(0.585580594265,0.920791998037));
#1429 = CARTESIAN_POINT('',(0.584954077142,0.920908913939));
#1430 = CARTESIAN_POINT('',(0.584395764593,0.921288118792));
#1431 = CARTESIAN_POINT('',(0.583857123184,0.921959525467));
#1432 = CARTESIAN_POINT('',(0.583324137151,0.923100653588));
#1433 = CARTESIAN_POINT('',(0.58245615612,0.926468290399));
#1434 = CARTESIAN_POINT('',(0.582200705909,0.927942100757));
#1435 = CARTESIAN_POINT('',(0.581995591639,0.929440645544));
#1436 = CARTESIAN_POINT('',(0.581838700267,0.9309566623));
#1437 = CARTESIAN_POINT('',(0.581710010387,0.932477407069));
#1438 = CARTESIAN_POINT('',(0.581608865357,0.934002828777));
#1439 = CARTESIAN_POINT('',(0.581527749605,0.935532270189));
#1440 = CARTESIAN_POINT('',(0.581406114053,0.938464777306));
#1441 = CARTESIAN_POINT('',(0.581362623285,0.939861154705));
#1442 = CARTESIAN_POINT('',(0.581330875374,0.941258910358));
#1443 = CARTESIAN_POINT('',(0.581309078748,0.942657345421));
#1444 = CARTESIAN_POINT('',(0.581295846564,0.944055921372));
#1445 = CARTESIAN_POINT('',(0.58129005049,0.945454230334));
#1446 = CARTESIAN_POINT('',(0.581290780197,0.946851987535));
#1447 = CARTESIAN_POINT('',(0.581306752591,0.950291716743));
#1448 = CARTESIAN_POINT('',(0.581328543967,0.952332707327));
#1449 = CARTESIAN_POINT('',(0.581360258885,0.954371292257));
#1450 = CARTESIAN_POINT('',(0.581400158696,0.956406920677));
#1451 = CARTESIAN_POINT('',(0.581446919533,0.958439153566));
#1452 = CARTESIAN_POINT('',(0.581499481811,0.960467643718));
#1453 = CARTESIAN_POINT('',(0.581556978346,0.96249212609));
#1454 = CARTESIAN_POINT('',(0.58161874107,0.964512418522));
#1455 = ( GEOMETRIC_REPRESENTATION_CONTEXT(2) 
PARAMETRIC_REPRESENTATION_CONTEXT() REPRESENTATION_CONTEXT('2D SPACE',''
  ) );
#1456 = ORIENTED_EDGE('',*,*,#1457,.T.);
#1457 = EDGE_CURVE('',#1158,#1060,#1458,.T.);
#1458 = SURFACE_CURVE('',#1459,(#1464,#1471),.PCURVE_S1.);
#1459 = CIRCLE('',#1460,2.);
#1460 = AXIS2_PLACEMENT_3D('',#1461,#1462,#1463);
#1461 = CARTESIAN_POINT('',(-24.,-11.,7.));
#1462 = DIRECTION('',(0.,0.,1.));
#1463 = DIRECTION('',(-1.,-0.,0.));
#1464 = PCURVE('',#189,#1465);
#1465 = DEFINITIONAL_REPRESENTATION('',(#1466),#1470);
#1466 = LINE('',#1467,#1468);
#1467 = CARTESIAN_POINT('',(0.,17.));
#1468 = VECTOR('',#1469,1.);
#1469 = DIRECTION('',(1.,0.));
#1470 = ( GEOMETRIC_REPRESENTATION_CONTEXT(2) 
PARAMETRIC_REPRESENTATION_CONTEXT() REPRESENTATION_CONTEXT('2D SPACE',''
  ) );
#1471 = PCURVE('',#1076,#1472);
#1472 = DEFINITIONAL_REPRESENTATION('',(#1473),#1477);
#1473 = CIRCLE('',#1474,2.);
#1474 = AXIS2_PLACEMENT_2D('',#1475,#1476);
#1475 = CARTESIAN_POINT('',(54.,11.));
#1476 = DIRECTION('',(1.,1.576990910474E-17));
#1477 = ( GEOMETRIC_REPRESENTATION_CONTEXT(2) 
PARAMETRIC_REPRESENTATION_CONTEXT() REPRESENTATION_CONTEXT('2D SPACE',''
  ) );
#1478 = ORIENTED_EDGE('',*,*,#1087,.T.);
#1479 = ORIENTED_EDGE('',*,*,#139,.F.);
#1480 = ADVANCED_FACE('',(#1481),#125,.F.);
#1481 = FACE_BOUND('',#1482,.F.);
#1482 = EDGE_LOOP('',(#1483,#1484,#1485,#1486,#1518,#1539));
#1483 = ORIENTED_EDGE('',*,*,#877,.F.);
#1484 = ORIENTED_EDGE('',*,*,#105,.T.);
#1485 = ORIENTED_EDGE('',*,*,#1134,.F.);
#1486 = ORIENTED_EDGE('',*,*,#1487,.F.);
#1487 = EDGE_CURVE('',#1488,#1135,#1490,.T.);
#1488 = VERTEX_POINT('',#1489);
#1489 = CARTESIAN_POINT('',(-26.,-10.97552832087,7.));
#1490 = SURFACE_CURVE('',#1491,(#1498,#1508),.PCURVE_S1.);
#1491 = B_SPLINE_CURVE_WITH_KNOTS('',5,(#1492,#1493,#1494,#1495,#1496,
    #1497),.UNSPECIFIED.,.F.,.F.,(6,6),(0.,1.),
  .PIECEWISE_BEZIER_KNOTS.);
#1492 = CARTESIAN_POINT('',(-26.,-10.97552832087,7.));
#1493 = CARTESIAN_POINT('',(-26.,-10.92111733082,6.316150176237));
#1494 = CARTESIAN_POINT('',(-26.,-10.89750759741,5.629825535963));
#1495 = CARTESIAN_POINT('',(-26.,-10.90402598397,4.943030001076));
#1496 = CARTESIAN_POINT('',(-26.,-10.93892450784,4.257377454041));
#1497 = CARTESIAN_POINT('',(-26.,-11.,3.574098396418));
#1498 = PCURVE('',#125,#1499);
#1499 = DEFINITIONAL_REPRESENTATION('',(#1500),#1507);
#1500 = B_SPLINE_CURVE_WITH_KNOTS('',5,(#1501,#1502,#1503,#1504,#1505,
    #1506),.UNSPECIFIED.,.F.,.F.,(6,6),(0.,1.),
  .PIECEWISE_BEZIER_KNOTS.);
#1501 = CARTESIAN_POINT('',(17.,-2.024471679123));
#1502 = CARTESIAN_POINT('',(16.316150176237,-2.078882669177));
#1503 = CARTESIAN_POINT('',(15.629825535963,-2.102492402583));
#1504 = CARTESIAN_POINT('',(14.943030001076,-2.095974016021));
#1505 = CARTESIAN_POINT('',(14.257377454041,-2.061075492159));
#1506 = CARTESIAN_POINT('',(13.574098396418,-2.));
#1507 = ( GEOMETRIC_REPRESENTATION_CONTEXT(2) 
PARAMETRIC_REPRESENTATION_CONTEXT() REPRESENTATION_CONTEXT('2D SPACE',''
  ) );
#1508 = PCURVE('',#1297,#1509);
#1509 = DEFINITIONAL_REPRESENTATION('',(#1510),#1517);
#1510 = B_SPLINE_CURVE_WITH_KNOTS('',5,(#1511,#1512,#1513,#1514,#1515,
    #1516),.UNSPECIFIED.,.F.,.F.,(6,6),(0.,1.),
  .PIECEWISE_BEZIER_KNOTS.);
#1511 = CARTESIAN_POINT('',(0.583128985779,1.));
#1512 = CARTESIAN_POINT('',(0.582736178357,0.993074180624));
#1513 = CARTESIAN_POINT('',(0.582392635697,0.986043853832));
#1514 = CARTESIAN_POINT('',(0.582095703593,0.978928610571));
#1515 = CARTESIAN_POINT('',(0.581839891088,0.971746356347));
#1516 = CARTESIAN_POINT('',(0.58161874107,0.964512418522));
#1517 = ( GEOMETRIC_REPRESENTATION_CONTEXT(2) 
PARAMETRIC_REPRESENTATION_CONTEXT() REPRESENTATION_CONTEXT('2D SPACE',''
  ) );
#1518 = ORIENTED_EDGE('',*,*,#1519,.F.);
#1519 = EDGE_CURVE('',#1520,#1488,#1522,.T.);
#1520 = VERTEX_POINT('',#1521);
#1521 = CARTESIAN_POINT('',(-26.,-5.,7.));
#1522 = SURFACE_CURVE('',#1523,(#1527,#1533),.PCURVE_S1.);
#1523 = LINE('',#1524,#1525);
#1524 = CARTESIAN_POINT('',(-26.,-6.5,7.));
#1525 = VECTOR('',#1526,1.);
#1526 = DIRECTION('',(0.,-1.,0.));
#1527 = PCURVE('',#125,#1528);
#1528 = DEFINITIONAL_REPRESENTATION('',(#1529),#1532);
#1529 = B_SPLINE_CURVE_WITH_KNOTS('',1,(#1530,#1531),.UNSPECIFIED.,.F.,
  .F.,(2,2),(-1.5,4.5),.PIECEWISE_BEZIER_KNOTS.);
#1530 = CARTESIAN_POINT('',(17.,-8.));
#1531 = CARTESIAN_POINT('',(17.,-2.));
#1532 = ( GEOMETRIC_REPRESENTATION_CONTEXT(2) 
PARAMETRIC_REPRESENTATION_CONTEXT() REPRESENTATION_CONTEXT('2D SPACE',''
  ) );
#1533 = PCURVE('',#1076,#1534);
#1534 = DEFINITIONAL_REPRESENTATION('',(#1535),#1538);
#1535 = B_SPLINE_CURVE_WITH_KNOTS('',1,(#1536,#1537),.UNSPECIFIED.,.F.,
  .F.,(2,2),(-1.5,4.5),.PIECEWISE_BEZIER_KNOTS.);
#1536 = CARTESIAN_POINT('',(56.,5.));
#1537 = CARTESIAN_POINT('',(56.,11.));
#1538 = ( GEOMETRIC_REPRESENTATION_CONTEXT(2) 
PARAMETRIC_REPRESENTATION_CONTEXT() REPRESENTATION_CONTEXT('2D SPACE',''
  ) );
#1539 = ORIENTED_EDGE('',*,*,#1540,.T.);
#1540 = EDGE_CURVE('',#1520,#878,#1541,.T.);
#1541 = SURFACE_CURVE('',#1542,(#1546,#1553),.PCURVE_S1.);
#1542 = LINE('',#1543,#1544);
#1543 = CARTESIAN_POINT('',(-26.,-5.,-10.));
#1544 = VECTOR('',#1545,1.);
#1545 = DIRECTION('',(0.,0.,1.));
#1546 = PCURVE('',#125,#1547);
#1547 = DEFINITIONAL_REPRESENTATION('',(#1548),#1552);
#1548 = LINE('',#1549,#1550);
#1549 = CARTESIAN_POINT('',(0.,-8.));
#1550 = VECTOR('',#1551,1.);
#1551 = DIRECTION('',(1.,0.));
#1552 = ( GEOMETRIC_REPRESENTATION_CONTEXT(2) 
PARAMETRIC_REPRESENTATION_CONTEXT() REPRESENTATION_CONTEXT('2D SPACE',''
  ) );
#1553 = PCURVE('',#915,#1554);
#1554 = DEFINITIONAL_REPRESENTATION('',(#1555),#1559);
#1555 = LINE('',#1556,#1557);
#1556 = CARTESIAN_POINT('',(-0.,0.));
#1557 = VECTOR('',#1558,1.);
#1558 = DIRECTION('',(-0.,1.));
#1559 = ( GEOMETRIC_REPRESENTATION_CONTEXT(2) 
PARAMETRIC_REPRESENTATION_CONTEXT() REPRESENTATION_CONTEXT('2D SPACE',''
  ) );
#1560 = ADVANCED_FACE('',(#1561),#705,.T.);
#1561 = FACE_BOUND('',#1562,.T.);
#1562 = EDGE_LOOP('',(#1563));
#1563 = ORIENTED_EDGE('',*,*,#381,.F.);
#1564 = ADVANCED_FACE('',(#1565),#1025,.T.);
#1565 = FACE_BOUND('',#1566,.F.);
#1566 = EDGE_LOOP('',(#1567,#1590,#1612,#1613));
#1567 = ORIENTED_EDGE('',*,*,#1568,.F.);
#1568 = EDGE_CURVE('',#1569,#983,#1571,.T.);
#1569 = VERTEX_POINT('',#1570);
#1570 = CARTESIAN_POINT('',(-10.,-11.,7.));
#1571 = SURFACE_CURVE('',#1572,(#1576,#1583),.PCURVE_S1.);
#1572 = LINE('',#1573,#1574);
#1573 = CARTESIAN_POINT('',(-10.,-11.,-10.));
#1574 = VECTOR('',#1575,1.);
#1575 = DIRECTION('',(0.,0.,1.));
#1576 = PCURVE('',#1025,#1577);
#1577 = DEFINITIONAL_REPRESENTATION('',(#1578),#1582);
#1578 = LINE('',#1579,#1580);
#1579 = CARTESIAN_POINT('',(-0.,0.));
#1580 = VECTOR('',#1581,1.);
#1581 = DIRECTION('',(-0.,1.));
#1582 = ( GEOMETRIC_REPRESENTATION_CONTEXT(2) 
PARAMETRIC_REPRESENTATION_CONTEXT() REPRESENTATION_CONTEXT('2D SPACE',''
  ) );
#1583 = PCURVE('',#997,#1584);
#1584 = DEFINITIONAL_REPRESENTATION('',(#1585),#1589);
#1585 = LINE('',#1586,#1587);
#1586 = CARTESIAN_POINT('',(0.,-2.));
#1587 = VECTOR('',#1588,1.);
#1588 = DIRECTION('',(1.,0.));
#1589 = ( GEOMETRIC_REPRESENTATION_CONTEXT(2) 
PARAMETRIC_REPRESENTATION_CONTEXT() REPRESENTATION_CONTEXT('2D SPACE',''
  ) );
#1590 = ORIENTED_EDGE('',*,*,#1591,.F.);
#1591 = EDGE_CURVE('',#1062,#1569,#1592,.T.);
#1592 = SURFACE_CURVE('',#1593,(#1598,#1605),.PCURVE_S1.);
#1593 = CIRCLE('',#1594,2.);
#1594 = AXIS2_PLACEMENT_3D('',#1595,#1596,#1597);
#1595 = CARTESIAN_POINT('',(-12.,-11.,7.));
#1596 = DIRECTION('',(0.,0.,1.));
#1597 = DIRECTION('',(1.,0.,-0.));
#1598 = PCURVE('',#1025,#1599);
#1599 = DEFINITIONAL_REPRESENTATION('',(#1600),#1604);
#1600 = LINE('',#1601,#1602);
#1601 = CARTESIAN_POINT('',(-6.28318530718,17.));
#1602 = VECTOR('',#1603,1.);
#1603 = DIRECTION('',(1.,-0.));
#1604 = ( GEOMETRIC_REPRESENTATION_CONTEXT(2) 
PARAMETRIC_REPRESENTATION_CONTEXT() REPRESENTATION_CONTEXT('2D SPACE',''
  ) );
#1605 = PCURVE('',#1076,#1606);
#1606 = DEFINITIONAL_REPRESENTATION('',(#1607),#1611);
#1607 = CIRCLE('',#1608,2.);
#1608 = AXIS2_PLACEMENT_2D('',#1609,#1610);
#1609 = CARTESIAN_POINT('',(42.,11.));
#1610 = DIRECTION('',(-1.,-1.576990910474E-17));
#1611 = ( GEOMETRIC_REPRESENTATION_CONTEXT(2) 
PARAMETRIC_REPRESENTATION_CONTEXT() REPRESENTATION_CONTEXT('2D SPACE',''
  ) );
#1612 = ORIENTED_EDGE('',*,*,#1110,.T.);
#1613 = ORIENTED_EDGE('',*,*,#1008,.T.);
#1614 = ADVANCED_FACE('',(#1615),#997,.T.);
#1615 = FACE_BOUND('',#1616,.T.);
#1616 = EDGE_LOOP('',(#1617,#1618,#1619,#1640));
#1617 = ORIENTED_EDGE('',*,*,#982,.F.);
#1618 = ORIENTED_EDGE('',*,*,#1568,.F.);
#1619 = ORIENTED_EDGE('',*,*,#1620,.F.);
#1620 = EDGE_CURVE('',#1621,#1569,#1623,.T.);
#1621 = VERTEX_POINT('',#1622);
#1622 = CARTESIAN_POINT('',(-10.,-5.,7.));
#1623 = SURFACE_CURVE('',#1624,(#1628,#1634),.PCURVE_S1.);
#1624 = LINE('',#1625,#1626);
#1625 = CARTESIAN_POINT('',(-10.,-6.5,7.));
#1626 = VECTOR('',#1627,1.);
#1627 = DIRECTION('',(0.,-1.,0.));
#1628 = PCURVE('',#997,#1629);
#1629 = DEFINITIONAL_REPRESENTATION('',(#1630),#1633);
#1630 = B_SPLINE_CURVE_WITH_KNOTS('',1,(#1631,#1632),.UNSPECIFIED.,.F.,
  .F.,(2,2),(-1.5,4.5),.PIECEWISE_BEZIER_KNOTS.);
#1631 = CARTESIAN_POINT('',(17.,-8.));
#1632 = CARTESIAN_POINT('',(17.,-2.));
#1633 = ( GEOMETRIC_REPRESENTATION_CONTEXT(2) 
PARAMETRIC_REPRESENTATION_CONTEXT() REPRESENTATION_CONTEXT('2D SPACE',''
  ) );
#1634 = PCURVE('',#1076,#1635);
#1635 = DEFINITIONAL_REPRESENTATION('',(#1636),#1639);
#1636 = B_SPLINE_CURVE_WITH_KNOTS('',1,(#1637,#1638),.UNSPECIFIED.,.F.,
  .F.,(2,2),(-1.5,4.5),.PIECEWISE_BEZIER_KNOTS.);
#1637 = CARTESIAN_POINT('',(40.,5.));
#1638 = CARTESIAN_POINT('',(40.,11.));
#1639 = ( GEOMETRIC_REPRESENTATION_CONTEXT(2) 
PARAMETRIC_REPRESENTATION_CONTEXT() REPRESENTATION_CONTEXT('2D SPACE',''
  ) );
#1640 = ORIENTED_EDGE('',*,*,#1641,.T.);
#1641 = EDGE_CURVE('',#1621,#954,#1642,.T.);
#1642 = SURFACE_CURVE('',#1643,(#1647,#1654),.PCURVE_S1.);
#1643 = LINE('',#1644,#1645);
#1644 = CARTESIAN_POINT('',(-10.,-5.,-10.));
#1645 = VECTOR('',#1646,1.);
#1646 = DIRECTION('',(0.,0.,1.));
#1647 = PCURVE('',#997,#1648);
#1648 = DEFINITIONAL_REPRESENTATION('',(#1649),#1653);
#1649 = LINE('',#1650,#1651);
#1650 = CARTESIAN_POINT('',(0.,-8.));
#1651 = VECTOR('',#1652,1.);
#1652 = DIRECTION('',(1.,0.));
#1653 = ( GEOMETRIC_REPRESENTATION_CONTEXT(2) 
PARAMETRIC_REPRESENTATION_CONTEXT() REPRESENTATION_CONTEXT('2D SPACE',''
  ) );
#1654 = PCURVE('',#970,#1655);
#1655 = DEFINITIONAL_REPRESENTATION('',(#1656),#1660);
#1656 = LINE('',#1657,#1658);
#1657 = CARTESIAN_POINT('',(0.,0.));
#1658 = VECTOR('',#1659,1.);
#1659 = DIRECTION('',(0.,1.));
#1660 = ( GEOMETRIC_REPRESENTATION_CONTEXT(2) 
PARAMETRIC_REPRESENTATION_CONTEXT() REPRESENTATION_CONTEXT('2D SPACE',''
  ) );
#1661 = ADVANCED_FACE('',(#1662),#970,.T.);
#1662 = FACE_BOUND('',#1663,.T.);
#1663 = EDGE_LOOP('',(#1664,#1665,#1689,#1710));
#1664 = ORIENTED_EDGE('',*,*,#1641,.F.);
#1665 = ORIENTED_EDGE('',*,*,#1666,.T.);
#1666 = EDGE_CURVE('',#1621,#1667,#1669,.T.);
#1667 = VERTEX_POINT('',#1668);
#1668 = CARTESIAN_POINT('',(-12.,-3.,7.));
#1669 = SURFACE_CURVE('',#1670,(#1675,#1682),.PCURVE_S1.);
#1670 = CIRCLE('',#1671,2.);
#1671 = AXIS2_PLACEMENT_3D('',#1672,#1673,#1674);
#1672 = CARTESIAN_POINT('',(-12.,-5.,7.));
#1673 = DIRECTION('',(0.,0.,1.));
#1674 = DIRECTION('',(1.,0.,-0.));
#1675 = PCURVE('',#970,#1676);
#1676 = DEFINITIONAL_REPRESENTATION('',(#1677),#1681);
#1677 = LINE('',#1678,#1679);
#1678 = CARTESIAN_POINT('',(0.,17.));
#1679 = VECTOR('',#1680,1.);
#1680 = DIRECTION('',(1.,0.));
#1681 = ( GEOMETRIC_REPRESENTATION_CONTEXT(2) 
PARAMETRIC_REPRESENTATION_CONTEXT() REPRESENTATION_CONTEXT('2D SPACE',''
  ) );
#1682 = PCURVE('',#1076,#1683);
#1683 = DEFINITIONAL_REPRESENTATION('',(#1684),#1688);
#1684 = CIRCLE('',#1685,2.);
#1685 = AXIS2_PLACEMENT_2D('',#1686,#1687);
#1686 = CARTESIAN_POINT('',(42.,5.));
#1687 = DIRECTION('',(-1.,-1.576990910474E-17));
#1688 = ( GEOMETRIC_REPRESENTATION_CONTEXT(2) 
PARAMETRIC_REPRESENTATION_CONTEXT() REPRESENTATION_CONTEXT('2D SPACE',''
  ) );
#1689 = ORIENTED_EDGE('',*,*,#1690,.T.);
#1690 = EDGE_CURVE('',#1667,#928,#1691,.T.);
#1691 = SURFACE_CURVE('',#1692,(#1696,#1703),.PCURVE_S1.);
#1692 = LINE('',#1693,#1694);
#1693 = CARTESIAN_POINT('',(-12.,-3.,-10.));
#1694 = VECTOR('',#1695,1.);
#1695 = DIRECTION('',(0.,0.,1.));
#1696 = PCURVE('',#970,#1697);
#1697 = DEFINITIONAL_REPRESENTATION('',(#1698),#1702);
#1698 = LINE('',#1699,#1700);
#1699 = CARTESIAN_POINT('',(1.570796326795,0.));
#1700 = VECTOR('',#1701,1.);
#1701 = DIRECTION('',(0.,1.));
#1702 = ( GEOMETRIC_REPRESENTATION_CONTEXT(2) 
PARAMETRIC_REPRESENTATION_CONTEXT() REPRESENTATION_CONTEXT('2D SPACE',''
  ) );
#1703 = PCURVE('',#942,#1704);
#1704 = DEFINITIONAL_REPRESENTATION('',(#1705),#1709);
#1705 = LINE('',#1706,#1707);
#1706 = CARTESIAN_POINT('',(0.,14.));
#1707 = VECTOR('',#1708,1.);
#1708 = DIRECTION('',(1.,0.));
#1709 = ( GEOMETRIC_REPRESENTATION_CONTEXT(2) 
PARAMETRIC_REPRESENTATION_CONTEXT() REPRESENTATION_CONTEXT('2D SPACE',''
  ) );
#1710 = ORIENTED_EDGE('',*,*,#953,.F.);
#1711 = ADVANCED_FACE('',(#1712),#942,.T.);
#1712 = FACE_BOUND('',#1713,.T.);
#1713 = EDGE_LOOP('',(#1714,#1735,#1756,#1757));
#1714 = ORIENTED_EDGE('',*,*,#1715,.F.);
#1715 = EDGE_CURVE('',#1716,#1667,#1718,.T.);
#1716 = VERTEX_POINT('',#1717);
#1717 = CARTESIAN_POINT('',(-24.,-3.,7.));
#1718 = SURFACE_CURVE('',#1719,(#1723,#1729),.PCURVE_S1.);
#1719 = LINE('',#1720,#1721);
#1720 = CARTESIAN_POINT('',(2.,-3.,7.));
#1721 = VECTOR('',#1722,1.);
#1722 = DIRECTION('',(1.,0.,0.));
#1723 = PCURVE('',#942,#1724);
#1724 = DEFINITIONAL_REPRESENTATION('',(#1725),#1728);
#1725 = B_SPLINE_CURVE_WITH_KNOTS('',1,(#1726,#1727),.UNSPECIFIED.,.F.,
  .F.,(2,2),(-26.,-14.),.PIECEWISE_BEZIER_KNOTS.);
#1726 = CARTESIAN_POINT('',(17.,2.));
#1727 = CARTESIAN_POINT('',(17.,14.));
#1728 = ( GEOMETRIC_REPRESENTATION_CONTEXT(2) 
PARAMETRIC_REPRESENTATION_CONTEXT() REPRESENTATION_CONTEXT('2D SPACE',''
  ) );
#1729 = PCURVE('',#1076,#1730);
#1730 = DEFINITIONAL_REPRESENTATION('',(#1731),#1734);
#1731 = B_SPLINE_CURVE_WITH_KNOTS('',1,(#1732,#1733),.UNSPECIFIED.,.F.,
  .F.,(2,2),(-26.,-14.),.PIECEWISE_BEZIER_KNOTS.);
#1732 = CARTESIAN_POINT('',(54.,3.));
#1733 = CARTESIAN_POINT('',(42.,3.));
#1734 = ( GEOMETRIC_REPRESENTATION_CONTEXT(2) 
PARAMETRIC_REPRESENTATION_CONTEXT() REPRESENTATION_CONTEXT('2D SPACE',''
  ) );
#1735 = ORIENTED_EDGE('',*,*,#1736,.T.);
#1736 = EDGE_CURVE('',#1716,#899,#1737,.T.);
#1737 = SURFACE_CURVE('',#1738,(#1742,#1749),.PCURVE_S1.);
#1738 = LINE('',#1739,#1740);
#1739 = CARTESIAN_POINT('',(-24.,-3.,-10.));
#1740 = VECTOR('',#1741,1.);
#1741 = DIRECTION('',(0.,0.,1.));
#1742 = PCURVE('',#942,#1743);
#1743 = DEFINITIONAL_REPRESENTATION('',(#1744),#1748);
#1744 = LINE('',#1745,#1746);
#1745 = CARTESIAN_POINT('',(0.,2.));
#1746 = VECTOR('',#1747,1.);
#1747 = DIRECTION('',(1.,0.));
#1748 = ( GEOMETRIC_REPRESENTATION_CONTEXT(2) 
PARAMETRIC_REPRESENTATION_CONTEXT() REPRESENTATION_CONTEXT('2D SPACE',''
  ) );
#1749 = PCURVE('',#915,#1750);
#1750 = DEFINITIONAL_REPRESENTATION('',(#1751),#1755);
#1751 = LINE('',#1752,#1753);
#1752 = CARTESIAN_POINT('',(-1.570796326795,0.));
#1753 = VECTOR('',#1754,1.);
#1754 = DIRECTION('',(-0.,1.));
#1755 = ( GEOMETRIC_REPRESENTATION_CONTEXT(2) 
PARAMETRIC_REPRESENTATION_CONTEXT() REPRESENTATION_CONTEXT('2D SPACE',''
  ) );
#1756 = ORIENTED_EDGE('',*,*,#927,.F.);
#1757 = ORIENTED_EDGE('',*,*,#1690,.F.);
#1758 = ADVANCED_FACE('',(#1759),#915,.T.);
#1759 = FACE_BOUND('',#1760,.F.);
#1760 = EDGE_LOOP('',(#1761,#1762,#1784,#1785));
#1761 = ORIENTED_EDGE('',*,*,#1540,.F.);
#1762 = ORIENTED_EDGE('',*,*,#1763,.F.);
#1763 = EDGE_CURVE('',#1716,#1520,#1764,.T.);
#1764 = SURFACE_CURVE('',#1765,(#1770,#1777),.PCURVE_S1.);
#1765 = CIRCLE('',#1766,2.);
#1766 = AXIS2_PLACEMENT_3D('',#1767,#1768,#1769);
#1767 = CARTESIAN_POINT('',(-24.,-5.,7.));
#1768 = DIRECTION('',(0.,0.,1.));
#1769 = DIRECTION('',(-1.,-0.,0.));
#1770 = PCURVE('',#915,#1771);
#1771 = DEFINITIONAL_REPRESENTATION('',(#1772),#1776);
#1772 = LINE('',#1773,#1774);
#1773 = CARTESIAN_POINT('',(-6.28318530718,17.));
#1774 = VECTOR('',#1775,1.);
#1775 = DIRECTION('',(1.,-0.));
#1776 = ( GEOMETRIC_REPRESENTATION_CONTEXT(2) 
PARAMETRIC_REPRESENTATION_CONTEXT() REPRESENTATION_CONTEXT('2D SPACE',''
  ) );
#1777 = PCURVE('',#1076,#1778);
#1778 = DEFINITIONAL_REPRESENTATION('',(#1779),#1783);
#1779 = CIRCLE('',#1780,2.);
#1780 = AXIS2_PLACEMENT_2D('',#1781,#1782);
#1781 = CARTESIAN_POINT('',(54.,5.));
#1782 = DIRECTION('',(1.,1.576990910474E-17));
#1783 = ( GEOMETRIC_REPRESENTATION_CONTEXT(2) 
PARAMETRIC_REPRESENTATION_CONTEXT() REPRESENTATION_CONTEXT('2D SPACE',''
  ) );
#1784 = ORIENTED_EDGE('',*,*,#1736,.T.);
#1785 = ORIENTED_EDGE('',*,*,#898,.T.);
#1786 = ADVANCED_FACE('',(#1787),#1076,.T.);
#1787 = FACE_BOUND('',#1788,.T.);
#1788 = EDGE_LOOP('',(#1789,#1836,#1881,#1882,#1883,#1884,#1885,#1886,
    #1887,#1888));
#1789 = ORIENTED_EDGE('',*,*,#1790,.T.);
#1790 = EDGE_CURVE('',#1158,#1791,#1793,.T.);
#1791 = VERTEX_POINT('',#1792);
#1792 = CARTESIAN_POINT('',(30.,0.,7.));
#1793 = SURFACE_CURVE('',#1794,(#1810,#1829),.PCURVE_S1.);
#1794 = B_SPLINE_CURVE_WITH_KNOTS('',14,(#1795,#1796,#1797,#1798,#1799,
    #1800,#1801,#1802,#1803,#1804,#1805,#1806,#1807,#1808,#1809),
  .UNSPECIFIED.,.T.,.F.,(15,15),(0.,1.),.PIECEWISE_BEZIER_KNOTS.);
#1795 = CARTESIAN_POINT('',(30.,2.606519132579E-15,7.));
#1796 = CARTESIAN_POINT('',(30.000000000004,9.873576911289,7.));
#1797 = CARTESIAN_POINT('',(23.492569164001,19.747157467127,7.));
#1798 = CARTESIAN_POINT('',(10.477699172943,27.122025624609,7.));
#1799 = CARTESIAN_POINT('',(-7.098318442164,29.499747108174,7.));
#1800 = CARTESIAN_POINT('',(-25.34326981209,25.277490942222,7.));
#1801 = CARTESIAN_POINT('',(-39.27125104975,14.649475395817,7.));
#1802 = CARTESIAN_POINT('',(-44.51485806145,2.913297794736E-10,7.));
#1803 = CARTESIAN_POINT('',(-39.27125104976,-14.64947539635,7.));
#1804 = CARTESIAN_POINT('',(-25.34326981208,-25.27749094181,7.));
#1805 = CARTESIAN_POINT('',(-7.098318442175,-29.49974710843,7.));
#1806 = CARTESIAN_POINT('',(10.47769917295,-27.12202562447,7.));
#1807 = CARTESIAN_POINT('',(23.492569163999,-19.74715746717,7.));
#1808 = CARTESIAN_POINT('',(30.000000000005,-9.873576911278,7.));
#1809 = CARTESIAN_POINT('',(30.,-1.160433578539E-14,7.));
#1810 = PCURVE('',#1076,#1811);
#1811 = DEFINITIONAL_REPRESENTATION('',(#1812),#1828);
#1812 = B_SPLINE_CURVE_WITH_KNOTS('',14,(#1813,#1814,#1815,#1816,#1817,
    #1818,#1819,#1820,#1821,#1822,#1823,#1824,#1825,#1826,#1827),
  .UNSPECIFIED.,.F.,.F.,(15,15),(0.,1.),.PIECEWISE_BEZIER_KNOTS.);
#1813 = CARTESIAN_POINT('',(0.,0.));
#1814 = CARTESIAN_POINT('',(-4.217071136736E-12,-9.873576911289));
#1815 = CARTESIAN_POINT('',(6.507430835998,-19.74715746712));
#1816 = CARTESIAN_POINT('',(19.522300827057,-27.1220256246));
#1817 = CARTESIAN_POINT('',(37.098318442164,-29.49974710817));
#1818 = CARTESIAN_POINT('',(55.343269812098,-25.27749094222));
#1819 = CARTESIAN_POINT('',(69.271251049756,-14.64947539581));
#1820 = CARTESIAN_POINT('',(74.514858061458,-2.913259978619E-10));
#1821 = CARTESIAN_POINT('',(69.271251049764,14.649475396352));
#1822 = CARTESIAN_POINT('',(55.343269812085,25.27749094181));
#1823 = CARTESIAN_POINT('',(37.098318442175,29.499747108434));
#1824 = CARTESIAN_POINT('',(19.52230082705,27.122025624479));
#1825 = CARTESIAN_POINT('',(6.507430836001,19.747157467175));
#1826 = CARTESIAN_POINT('',(-4.899192163066E-12,9.873576911278));
#1827 = CARTESIAN_POINT('',(7.105427357601E-15,1.421085491797E-14));
#1828 = ( GEOMETRIC_REPRESENTATION_CONTEXT(2) 
PARAMETRIC_REPRESENTATION_CONTEXT() REPRESENTATION_CONTEXT('2D SPACE',''
  ) );
#1829 = PCURVE('',#1297,#1830);
#1830 = DEFINITIONAL_REPRESENTATION('',(#1831),#1835);
#1831 = LINE('',#1832,#1833);
#1832 = CARTESIAN_POINT('',(0.,1.));
#1833 = VECTOR('',#1834,1.);
#1834 = DIRECTION('',(1.,0.));
#1835 = ( GEOMETRIC_REPRESENTATION_CONTEXT(2) 
PARAMETRIC_REPRESENTATION_CONTEXT() REPRESENTATION_CONTEXT('2D SPACE',''
  ) );
#1836 = ORIENTED_EDGE('',*,*,#1837,.T.);
#1837 = EDGE_CURVE('',#1791,#1488,#1838,.T.);
#1838 = SURFACE_CURVE('',#1839,(#1855,#1874),.PCURVE_S1.);
#1839 = B_SPLINE_CURVE_WITH_KNOTS('',14,(#1840,#1841,#1842,#1843,#1844,
    #1845,#1846,#1847,#1848,#1849,#1850,#1851,#1852,#1853,#1854),
  .UNSPECIFIED.,.T.,.F.,(15,15),(0.,1.),.PIECEWISE_BEZIER_KNOTS.);
#1840 = CARTESIAN_POINT('',(30.,2.606519132579E-15,7.));
#1841 = CARTESIAN_POINT('',(30.000000000004,9.873576911289,7.));
#1842 = CARTESIAN_POINT('',(23.492569164001,19.747157467127,7.));
#1843 = CARTESIAN_POINT('',(10.477699172943,27.122025624609,7.));
#1844 = CARTESIAN_POINT('',(-7.098318442164,29.499747108174,7.));
#1845 = CARTESIAN_POINT('',(-25.34326981209,25.277490942222,7.));
#1846 = CARTESIAN_POINT('',(-39.27125104975,14.649475395817,7.));
#1847 = CARTESIAN_POINT('',(-44.51485806145,2.913297794736E-10,7.));
#1848 = CARTESIAN_POINT('',(-39.27125104976,-14.64947539635,7.));
#1849 = CARTESIAN_POINT('',(-25.34326981208,-25.27749094181,7.));
#1850 = CARTESIAN_POINT('',(-7.098318442175,-29.49974710843,7.));
#1851 = CARTESIAN_POINT('',(10.47769917295,-27.12202562447,7.));
#1852 = CARTESIAN_POINT('',(23.492569163999,-19.74715746717,7.));
#1853 = CARTESIAN_POINT('',(30.000000000005,-9.873576911278,7.));
#1854 = CARTESIAN_POINT('',(30.,-1.160433578539E-14,7.));
#1855 = PCURVE('',#1076,#1856);
#1856 = DEFINITIONAL_REPRESENTATION('',(#1857),#1873);
#1857 = B_SPLINE_CURVE_WITH_KNOTS('',14,(#1858,#1859,#1860,#1861,#1862,
    #1863,#1864,#1865,#1866,#1867,#1868,#1869,#1870,#1871,#1872),
  .UNSPECIFIED.,.F.,.F.,(15,15),(0.,1.),.PIECEWISE_BEZIER_KNOTS.);
#1858 = CARTESIAN_POINT('',(0.,0.));
#1859 = CARTESIAN_POINT('',(-4.217071136736E-12,-9.873576911289));
#1860 = CARTESIAN_POINT('',(6.507430835998,-19.74715746712));
#1861 = CARTESIAN_POINT('',(19.522300827057,-27.1220256246));
#1862 = CARTESIAN_POINT('',(37.098318442164,-29.49974710817));
#1863 = CARTESIAN_POINT('',(55.343269812098,-25.27749094222));
#1864 = CARTESIAN_POINT('',(69.271251049756,-14.64947539581));
#1865 = CARTESIAN_POINT('',(74.514858061458,-2.913259978619E-10));
#1866 = CARTESIAN_POINT('',(69.271251049764,14.649475396352));
#1867 = CARTESIAN_POINT('',(55.343269812085,25.27749094181));
#1868 = CARTESIAN_POINT('',(37.098318442175,29.499747108434));
#1869 = CARTESIAN_POINT('',(19.52230082705,27.122025624479));
#1870 = CARTESIAN_POINT('',(6.507430836001,19.747157467175));
#1871 = CARTESIAN_POINT('',(-4.899192163066E-12,9.873576911278));
#1872 = CARTESIAN_POINT('',(7.105427357601E-15,1.421085491797E-14));
#1873 = ( GEOMETRIC_REPRESENTATION_CONTEXT(2) 
PARAMETRIC_REPRESENTATION_CONTEXT() REPRESENTATION_CONTEXT('2D SPACE',''
  ) );
#1874 = PCURVE('',#1297,#1875);
#1875 = DEFINITIONAL_REPRESENTATION('',(#1876),#1880);
#1876 = LINE('',#1877,#1878);
#1877 = CARTESIAN_POINT('',(0.,1.));
#1878 = VECTOR('',#1879,1.);
#1879 = DIRECTION('',(1.,0.));
#1880 = ( GEOMETRIC_REPRESENTATION_CONTEXT(2) 
PARAMETRIC_REPRESENTATION_CONTEXT() REPRESENTATION_CONTEXT('2D SPACE',''
  ) );
#1881 = ORIENTED_EDGE('',*,*,#1519,.F.);
#1882 = ORIENTED_EDGE('',*,*,#1763,.F.);
#1883 = ORIENTED_EDGE('',*,*,#1715,.T.);
#1884 = ORIENTED_EDGE('',*,*,#1666,.F.);
#1885 = ORIENTED_EDGE('',*,*,#1620,.T.);
#1886 = ORIENTED_EDGE('',*,*,#1591,.F.);
#1887 = ORIENTED_EDGE('',*,*,#1059,.F.);
#1888 = ORIENTED_EDGE('',*,*,#1457,.F.);
#1889 = ADVANCED_FACE('',(#1890,#2755),#1297,.T.);
#1890 = FACE_BOUND('',#1891,.T.);
#1891 = EDGE_LOOP('',(#1892,#1937,#1989,#2013,#2014,#2015,#2016,#2017,
    #2018,#2065,#2324,#2358,#2617,#2664,#2702));
#1892 = ORIENTED_EDGE('',*,*,#1893,.T.);
#1893 = EDGE_CURVE('',#1894,#1896,#1898,.T.);
#1894 = VERTEX_POINT('',#1895);
#1895 = CARTESIAN_POINT('',(14.830273331016,-47.58299157177,-72.));
#1896 = VERTEX_POINT('',#1897);
#1897 = CARTESIAN_POINT('',(14.894796396713,-47.88135106431,-76.));
#1898 = SURFACE_CURVE('',#1899,(#1908,#1920),.PCURVE_S1.);
#1899 = B_SPLINE_CURVE_WITH_KNOTS('',7,(#1900,#1901,#1902,#1903,#1904,
    #1905,#1906,#1907),.UNSPECIFIED.,.F.,.F.,(8,8),(0.,1.),
  .PIECEWISE_BEZIER_KNOTS.);
#1900 = CARTESIAN_POINT('',(14.830273306967,-47.58299147283,-71.9999994)
  );
#1901 = CARTESIAN_POINT('',(14.853066837376,-47.67677532054,
    -72.56867923215));
#1902 = CARTESIAN_POINT('',(14.871003023834,-47.75824332826,
    -73.13840284486));
#1903 = CARTESIAN_POINT('',(14.884421725812,-47.82503962177,
    -73.70933660582));
#1904 = CARTESIAN_POINT('',(14.893608360901,-47.87432061395,
    -74.28140251923));
#1905 = CARTESIAN_POINT('',(14.898724999846,-47.90273164733,
    -74.85428128784));
#1906 = CARTESIAN_POINT('',(14.899548972578,-47.906395085,
    -75.42741531046));
#1907 = CARTESIAN_POINT('',(14.894796396713,-47.88135106431,-76.));
#1908 = PCURVE('',#1297,#1909);
#1909 = DEFINITIONAL_REPRESENTATION('',(#1910),#1919);
#1910 = B_SPLINE_CURVE_WITH_KNOTS('',7,(#1911,#1912,#1913,#1914,#1915,
    #1916,#1917,#1918),.UNSPECIFIED.,.F.,.F.,(8,8),(0.,1.),
  .PIECEWISE_BEZIER_KNOTS.);
#1911 = CARTESIAN_POINT('',(0.878902459416,5.097826864419E-02));
#1912 = CARTESIAN_POINT('',(0.880511631574,4.383816387918E-02));
#1913 = CARTESIAN_POINT('',(0.882219406982,3.665363331465E-02));
#1914 = CARTESIAN_POINT('',(0.884052655886,2.941999589892E-02));
#1915 = CARTESIAN_POINT('',(0.886043766143,2.213536253074E-02));
#1916 = CARTESIAN_POINT('',(0.888231912757,1.480068097143E-02));
#1917 = CARTESIAN_POINT('',(0.890664687844,7.419831291161E-03));
#1918 = CARTESIAN_POINT('',(0.893395661944,0.));
#1919 = ( GEOMETRIC_REPRESENTATION_CONTEXT(2) 
PARAMETRIC_REPRESENTATION_CONTEXT() REPRESENTATION_CONTEXT('2D SPACE',''
  ) );
#1920 = PCURVE('',#1921,#1926);
#1921 = CYLINDRICAL_SURFACE('',#1922,6.);
#1922 = AXIS2_PLACEMENT_3D('',#1923,#1924,#1925);
#1923 = CARTESIAN_POINT('',(9.,-49.,-87.));
#1924 = DIRECTION('',(-0.,-0.,-1.));
#1925 = DIRECTION('',(1.,0.,0.));
#1926 = DEFINITIONAL_REPRESENTATION('',(#1927),#1936);
#1927 = B_SPLINE_CURVE_WITH_KNOTS('',7,(#1928,#1929,#1930,#1931,#1932,
    #1933,#1934,#1935),.UNSPECIFIED.,.F.,.F.,(8,8),(0.,1.),
  .PIECEWISE_BEZIER_KNOTS.);
#1928 = CARTESIAN_POINT('',(-0.238420485222,-15.0000006));
#1929 = CARTESIAN_POINT('',(-0.222334816031,-14.43132076784));
#1930 = CARTESIAN_POINT('',(-0.208434884047,-13.86159715513));
#1931 = CARTESIAN_POINT('',(-0.197082265962,-13.29066339417));
#1932 = CARTESIAN_POINT('',(-0.188727028797,-12.71859748076));
#1933 = CARTESIAN_POINT('',(-0.18391581291,-12.14571871215));
#1934 = CARTESIAN_POINT('',(-0.18329037769,-11.57258468953));
#1935 = CARTESIAN_POINT('',(-0.187538873991,-11.));
#1936 = ( GEOMETRIC_REPRESENTATION_CONTEXT(2) 
PARAMETRIC_REPRESENTATION_CONTEXT() REPRESENTATION_CONTEXT('2D SPACE',''
  ) );
#1937 = ORIENTED_EDGE('',*,*,#1938,.T.);
#1938 = EDGE_CURVE('',#1896,#1939,#1941,.T.);
#1939 = VERTEX_POINT('',#1940);
#1940 = CARTESIAN_POINT('',(19.,-39.5,-76.));
#1941 = SURFACE_CURVE('',#1942,(#1958,#1965),.PCURVE_S1.);
#1942 = B_SPLINE_CURVE_WITH_KNOTS('',14,(#1943,#1944,#1945,#1946,#1947,
    #1948,#1949,#1950,#1951,#1952,#1953,#1954,#1955,#1956,#1957),
  .UNSPECIFIED.,.T.,.F.,(15,15),(0.,1.),.PIECEWISE_BEZIER_KNOTS.);
#1943 = CARTESIAN_POINT('',(19.,-39.5,-76.));
#1944 = CARTESIAN_POINT('',(19.000000000005,-33.44121416807,-76.));
#1945 = CARTESIAN_POINT('',(14.878627137192,-27.38242609971,-76.));
#1946 = CARTESIAN_POINT('',(6.63587614289,-22.85693882126,-76.));
#1947 = CARTESIAN_POINT('',(-4.49560168009,-21.39788245634,-76.));
#1948 = CARTESIAN_POINT('',(-16.05073754757,-23.98881237636,-76.));
#1949 = CARTESIAN_POINT('',(-24.87179233162,-30.51054918893,-76.));
#1950 = CARTESIAN_POINT('',(-28.1927434388,-39.49999999981,-76.));
#1951 = CARTESIAN_POINT('',(-24.87179233162,-48.4894508114,-76.));
#1952 = CARTESIAN_POINT('',(-16.05073754757,-55.01118762338,-76.));
#1953 = CARTESIAN_POINT('',(-4.495601680088,-57.60211754381,-76.));
#1954 = CARTESIAN_POINT('',(6.635876142889,-56.14306117865,-76.));
#1955 = CARTESIAN_POINT('',(14.878627137192,-51.61757390031,-76.));
#1956 = CARTESIAN_POINT('',(19.000000000005,-45.55878583192,-76.));
#1957 = CARTESIAN_POINT('',(19.,-39.5,-76.));
#1958 = PCURVE('',#1297,#1959);
#1959 = DEFINITIONAL_REPRESENTATION('',(#1960),#1964);
#1960 = LINE('',#1961,#1962);
#1961 = CARTESIAN_POINT('',(0.,0.));
#1962 = VECTOR('',#1963,1.);
#1963 = DIRECTION('',(1.,0.));
#1964 = ( GEOMETRIC_REPRESENTATION_CONTEXT(2) 
PARAMETRIC_REPRESENTATION_CONTEXT() REPRESENTATION_CONTEXT('2D SPACE',''
  ) );
#1965 = PCURVE('',#1966,#1971);
#1966 = PLANE('',#1967);
#1967 = AXIS2_PLACEMENT_3D('',#1968,#1969,#1970);
#1968 = CARTESIAN_POINT('',(19.,-39.5,-76.));
#1969 = DIRECTION('',(0.,0.,-1.));
#1970 = DIRECTION('',(-1.,3.739698609511E-16,0.));
#1971 = DEFINITIONAL_REPRESENTATION('',(#1972),#1988);
#1972 = B_SPLINE_CURVE_WITH_KNOTS('',14,(#1973,#1974,#1975,#1976,#1977,
    #1978,#1979,#1980,#1981,#1982,#1983,#1984,#1985,#1986,#1987),
  .UNSPECIFIED.,.F.,.F.,(15,15),(0.,1.),.PIECEWISE_BEZIER_KNOTS.);
#1973 = CARTESIAN_POINT('',(0.,0.));
#1974 = CARTESIAN_POINT('',(-4.700240197053E-12,6.058785831927));
#1975 = CARTESIAN_POINT('',(4.121372862808,12.117573900282));
#1976 = CARTESIAN_POINT('',(12.36412385711,16.643061178737));
#1977 = CARTESIAN_POINT('',(23.49560168009,18.102117543652));
#1978 = CARTESIAN_POINT('',(35.050737547576,15.511187623637));
#1979 = CARTESIAN_POINT('',(43.871792331624,8.989450811068));
#1980 = CARTESIAN_POINT('',(47.192743438804,1.814512984311E-10));
#1981 = CARTESIAN_POINT('',(43.871792331621,-8.989450811401));
#1982 = CARTESIAN_POINT('',(35.050737547579,-15.51118762338));
#1983 = CARTESIAN_POINT('',(23.495601680088,-18.10211754381));
#1984 = CARTESIAN_POINT('',(12.364123857111,-16.64306117865));
#1985 = CARTESIAN_POINT('',(4.121372862808,-12.11757390031));
#1986 = CARTESIAN_POINT('',(-4.622080496119E-12,-6.058785831921));
#1987 = CARTESIAN_POINT('',(7.105427357601E-15,1.42108547152E-14));
#1988 = ( GEOMETRIC_REPRESENTATION_CONTEXT(2) 
PARAMETRIC_REPRESENTATION_CONTEXT() REPRESENTATION_CONTEXT('2D SPACE',''
  ) );
#1989 = ORIENTED_EDGE('',*,*,#1990,.T.);
#1990 = EDGE_CURVE('',#1939,#1791,#1991,.T.);
#1991 = SEAM_CURVE('',#1992,(#1999,#2006),.PCURVE_S1.);
#1992 = ( BOUNDED_CURVE() B_SPLINE_CURVE(5,(#1993,#1994,#1995,#1996,
#1997,#1998),.UNSPECIFIED.,.F.,.F.) B_SPLINE_CURVE_WITH_KNOTS((6,6),(0.,
1.),.PIECEWISE_BEZIER_KNOTS.) CURVE() GEOMETRIC_REPRESENTATION_ITEM() 
RATIONAL_B_SPLINE_CURVE((1.,1.,1.,1.,1.,1.)) REPRESENTATION_ITEM('') );
#1993 = CARTESIAN_POINT('',(19.,-39.5,-76.));
#1994 = CARTESIAN_POINT('',(26.123044569638,-31.99413370891,
    -60.56609949556));
#1995 = CARTESIAN_POINT('',(18.446256865827,-20.970921322,
    -42.36281686344));
#1996 = CARTESIAN_POINT('',(32.849170364805,-19.98045879275,
    -25.95429108986));
#1997 = CARTESIAN_POINT('',(28.769192019074,-0.104288645744,
    -12.74783882291));
#1998 = CARTESIAN_POINT('',(30.,2.606519132579E-15,7.));
#1999 = PCURVE('',#1297,#2000);
#2000 = DEFINITIONAL_REPRESENTATION('',(#2001),#2005);
#2001 = LINE('',#2002,#2003);
#2002 = CARTESIAN_POINT('',(0.,0.));
#2003 = VECTOR('',#2004,1.);
#2004 = DIRECTION('',(0.,1.));
#2005 = ( GEOMETRIC_REPRESENTATION_CONTEXT(2) 
PARAMETRIC_REPRESENTATION_CONTEXT() REPRESENTATION_CONTEXT('2D SPACE',''
  ) );
#2006 = PCURVE('',#1297,#2007);
#2007 = DEFINITIONAL_REPRESENTATION('',(#2008),#2012);
#2008 = LINE('',#2009,#2010);
#2009 = CARTESIAN_POINT('',(1.,0.));
#2010 = VECTOR('',#2011,1.);
#2011 = DIRECTION('',(0.,1.));
#2012 = ( GEOMETRIC_REPRESENTATION_CONTEXT(2) 
PARAMETRIC_REPRESENTATION_CONTEXT() REPRESENTATION_CONTEXT('2D SPACE',''
  ) );
#2013 = ORIENTED_EDGE('',*,*,#1790,.F.);
#2014 = ORIENTED_EDGE('',*,*,#1157,.T.);
#2015 = ORIENTED_EDGE('',*,*,#1487,.F.);
#2016 = ORIENTED_EDGE('',*,*,#1837,.F.);
#2017 = ORIENTED_EDGE('',*,*,#1990,.F.);
#2018 = ORIENTED_EDGE('',*,*,#2019,.T.);
#2019 = EDGE_CURVE('',#1939,#2020,#2022,.T.);
#2020 = VERTEX_POINT('',#2021);
#2021 = CARTESIAN_POINT('',(1.5,-26.04213641424,-76.));
#2022 = SURFACE_CURVE('',#2023,(#2039,#2046),.PCURVE_S1.);
#2023 = B_SPLINE_CURVE_WITH_KNOTS('',14,(#2024,#2025,#2026,#2027,#2028,
    #2029,#2030,#2031,#2032,#2033,#2034,#2035,#2036,#2037,#2038),
  .UNSPECIFIED.,.T.,.F.,(15,15),(0.,1.),.PIECEWISE_BEZIER_KNOTS.);
#2024 = CARTESIAN_POINT('',(19.,-39.5,-76.));
#2025 = CARTESIAN_POINT('',(19.000000000005,-33.44121416807,-76.));
#2026 = CARTESIAN_POINT('',(14.878627137192,-27.38242609971,-76.));
#2027 = CARTESIAN_POINT('',(6.63587614289,-22.85693882126,-76.));
#2028 = CARTESIAN_POINT('',(-4.49560168009,-21.39788245634,-76.));
#2029 = CARTESIAN_POINT('',(-16.05073754757,-23.98881237636,-76.));
#2030 = CARTESIAN_POINT('',(-24.87179233162,-30.51054918893,-76.));
#2031 = CARTESIAN_POINT('',(-28.1927434388,-39.49999999981,-76.));
#2032 = CARTESIAN_POINT('',(-24.87179233162,-48.4894508114,-76.));
#2033 = CARTESIAN_POINT('',(-16.05073754757,-55.01118762338,-76.));
#2034 = CARTESIAN_POINT('',(-4.495601680088,-57.60211754381,-76.));
#2035 = CARTESIAN_POINT('',(6.635876142889,-56.14306117865,-76.));
#2036 = CARTESIAN_POINT('',(14.878627137192,-51.61757390031,-76.));
#2037 = CARTESIAN_POINT('',(19.000000000005,-45.55878583192,-76.));
#2038 = CARTESIAN_POINT('',(19.,-39.5,-76.));
#2039 = PCURVE('',#1297,#2040);
#2040 = DEFINITIONAL_REPRESENTATION('',(#2041),#2045);
#2041 = LINE('',#2042,#2043);
#2042 = CARTESIAN_POINT('',(0.,0.));
#2043 = VECTOR('',#2044,1.);
#2044 = DIRECTION('',(1.,0.));
#2045 = ( GEOMETRIC_REPRESENTATION_CONTEXT(2) 
PARAMETRIC_REPRESENTATION_CONTEXT() REPRESENTATION_CONTEXT('2D SPACE',''
  ) );
#2046 = PCURVE('',#1966,#2047);
#2047 = DEFINITIONAL_REPRESENTATION('',(#2048),#2064);
#2048 = B_SPLINE_CURVE_WITH_KNOTS('',14,(#2049,#2050,#2051,#2052,#2053,
    #2054,#2055,#2056,#2057,#2058,#2059,#2060,#2061,#2062,#2063),
  .UNSPECIFIED.,.F.,.F.,(15,15),(0.,1.),.PIECEWISE_BEZIER_KNOTS.);
#2049 = CARTESIAN_POINT('',(0.,0.));
#2050 = CARTESIAN_POINT('',(-4.700240197053E-12,6.058785831927));
#2051 = CARTESIAN_POINT('',(4.121372862808,12.117573900282));
#2052 = CARTESIAN_POINT('',(12.36412385711,16.643061178737));
#2053 = CARTESIAN_POINT('',(23.49560168009,18.102117543652));
#2054 = CARTESIAN_POINT('',(35.050737547576,15.511187623637));
#2055 = CARTESIAN_POINT('',(43.871792331624,8.989450811068));
#2056 = CARTESIAN_POINT('',(47.192743438804,1.814512984311E-10));
#2057 = CARTESIAN_POINT('',(43.871792331621,-8.989450811401));
#2058 = CARTESIAN_POINT('',(35.050737547579,-15.51118762338));
#2059 = CARTESIAN_POINT('',(23.495601680088,-18.10211754381));
#2060 = CARTESIAN_POINT('',(12.364123857111,-16.64306117865));
#2061 = CARTESIAN_POINT('',(4.121372862808,-12.11757390031));
#2062 = CARTESIAN_POINT('',(-4.622080496119E-12,-6.058785831921));
#2063 = CARTESIAN_POINT('',(7.105427357601E-15,1.42108547152E-14));
#2064 = ( GEOMETRIC_REPRESENTATION_CONTEXT(2) 
PARAMETRIC_REPRESENTATION_CONTEXT() REPRESENTATION_CONTEXT('2D SPACE',''
  ) );
#2065 = ORIENTED_EDGE('',*,*,#2066,.T.);
#2066 = EDGE_CURVE('',#2020,#2067,#2069,.T.);
#2067 = VERTEX_POINT('',#2068);
#2068 = CARTESIAN_POINT('',(1.5,16.47218824308,-10.));
#2069 = SURFACE_CURVE('',#2070,(#2151,#2235),.PCURVE_S1.);
#2070 = B_SPLINE_CURVE_WITH_KNOTS('',7,(#2071,#2072,#2073,#2074,#2075,
    #2076,#2077,#2078,#2079,#2080,#2081,#2082,#2083,#2084,#2085,#2086,
    #2087,#2088,#2089,#2090,#2091,#2092,#2093,#2094,#2095,#2096,#2097,
    #2098,#2099,#2100,#2101,#2102,#2103,#2104,#2105,#2106,#2107,#2108,
    #2109,#2110,#2111,#2112,#2113,#2114,#2115,#2116,#2117,#2118,#2119,
    #2120,#2121,#2122,#2123,#2124,#2125,#2126,#2127,#2128,#2129,#2130,
    #2131,#2132,#2133,#2134,#2135,#2136,#2137,#2138,#2139,#2140,#2141,
    #2142,#2143,#2144,#2145,#2146,#2147,#2148,#2149,#2150),
  .UNSPECIFIED.,.F.,.F.,(8,6,6,6,6,6,6,6,6,6,6,6,6,8),(0.,0.202995760812
    ,0.277778358439,0.305935938371,0.331640175356,0.354897989062,
    0.450483058363,0.552581554754,0.739717315514,0.768321197404,
    0.800645926845,0.837896545592,0.921904585496,1.),.UNSPECIFIED.);
#2071 = CARTESIAN_POINT('',(1.5,-26.04213641424,-76.));
#2072 = CARTESIAN_POINT('',(1.5,-24.58655692856,-74.24678684045));
#2073 = CARTESIAN_POINT('',(1.5,-23.19854271562,-72.43795635999));
#2074 = CARTESIAN_POINT('',(1.5,-21.87273750861,-70.58263523483));
#2075 = CARTESIAN_POINT('',(1.5,-20.60107852618,-68.6901925944));
#2076 = CARTESIAN_POINT('',(1.5,-19.37398918261,-66.76944121615));
#2077 = CARTESIAN_POINT('',(1.5,-18.18154772949,-64.8278357382));
#2078 = CARTESIAN_POINT('',(1.5,-16.58379812979,-62.15033380576));
#2079 = CARTESIAN_POINT('',(1.5,-16.15704356681,-61.42748741068));
#2080 = CARTESIAN_POINT('',(1.5,-15.73319503365,-60.70293075211));
#2081 = CARTESIAN_POINT('',(1.5,-15.31178376556,-59.97695626172));
#2082 = CARTESIAN_POINT('',(1.5,-14.89235515167,-59.24983969074));
#2083 = CARTESIAN_POINT('',(1.5,-14.47447123011,-58.52183865751));
#2084 = CARTESIAN_POINT('',(1.5,-13.90079301186,-57.51883660164));
#2085 = CARTESIAN_POINT('',(1.5,-13.74403261617,-57.24439064066));
#2086 = CARTESIAN_POINT('',(1.5,-13.58740970074,-56.96986618679));
#2087 = CARTESIAN_POINT('',(1.5,-13.43090242046,-56.69527580906));
#2088 = CARTESIAN_POINT('',(1.5,-13.27448938036,-56.42063177081));
#2089 = CARTESIAN_POINT('',(1.5,-13.11814963562,-56.14594602974));
#2090 = CARTESIAN_POINT('',(1.5,-12.81919287913,-55.62045016961));
#2091 = CARTESIAN_POINT('',(1.5,-12.67656708373,-55.36964506773));
#2092 = CARTESIAN_POINT('',(1.5,-12.53396972007,-55.11882379873));
#2093 = CARTESIAN_POINT('',(1.5,-12.3913855527,-54.867995028));
#2094 = CARTESIAN_POINT('',(1.5,-12.24879969604,-54.61716721985));
#2095 = CARTESIAN_POINT('',(1.5,-12.10619761438,-54.3663486375));
#2096 = CARTESIAN_POINT('',(1.5,-11.83450780182,-53.88861628157));
#2097 = CARTESIAN_POINT('',(1.5,-11.70542559229,-53.66169937745));
#2098 = CARTESIAN_POINT('',(1.5,-11.57630798747,-53.43480260435));
#2099 = CARTESIAN_POINT('',(1.5,-11.44714473439,-53.2079318052));
#2100 = CARTESIAN_POINT('',(1.5,-11.31792583291,-52.98109269221));
#2101 = CARTESIAN_POINT('',(1.5,-11.18864153571,-52.75429084684));
#2102 = CARTESIAN_POINT('',(1.5,-10.52764136744,-51.59559602107));
#2103 = CARTESIAN_POINT('',(1.5,-9.994735860779,-50.66438232901));
#2104 = CARTESIAN_POINT('',(1.5,-9.45990623885,-49.73426809284));
#2105 = CARTESIAN_POINT('',(1.5,-8.922568945657,-48.80559541687));
#2106 = CARTESIAN_POINT('',(1.5,-8.382219357405,-47.8786693898));
#2107 = CARTESIAN_POINT('',(1.5,-7.838434681257,-46.95375641389));
#2108 = CARTESIAN_POINT('',(1.5,-6.706006944481,-45.0455351421));
#2109 = CARTESIAN_POINT('',(1.5,-6.116830432113,-44.06253952863));
#2110 = CARTESIAN_POINT('',(1.5,-5.522937240409,-43.08237597103));
#2111 = CARTESIAN_POINT('',(1.5,-4.924023981051,-42.10526601441));
#2112 = CARTESIAN_POINT('',(1.5,-4.319895248214,-41.13137169016));
#2113 = CARTESIAN_POINT('',(1.5,-3.710464912805,-40.16079473419));
#2114 = CARTESIAN_POINT('',(1.5,-1.969063498668,-37.4207656615));
#2115 = CARTESIAN_POINT('',(1.5,-0.824603065252,-35.65917774569));
#2116 = CARTESIAN_POINT('',(1.5,0.337440570558,-33.90912205521));
#2117 = CARTESIAN_POINT('',(1.5,1.515760513382,-32.17003027657));
#2118 = CARTESIAN_POINT('',(1.5,2.707931979761,-30.44045954176));
#2119 = CARTESIAN_POINT('',(1.5,3.910442308476,-28.71811227033));
#2120 = CARTESIAN_POINT('',(1.5,5.303230509094,-26.7370984934));
#2121 = CARTESIAN_POINT('',(1.5,5.488025199581,-26.47453793152));
#2122 = CARTESIAN_POINT('',(1.5,5.672934727365,-26.21205821967));
#2123 = CARTESIAN_POINT('',(1.5,5.857941647603,-25.94964715671));
#2124 = CARTESIAN_POINT('',(1.5,6.043027833152,-25.68729201991));
#2125 = CARTESIAN_POINT('',(1.5,6.228174474563,-25.42497956494));
#2126 = CARTESIAN_POINT('',(1.5,6.622639242793,-24.86629414342));
#2127 = CARTESIAN_POINT('',(1.5,6.831968677369,-24.56992919645));
#2128 = CARTESIAN_POINT('',(1.5,7.041322278881,-24.27358131471));
#2129 = CARTESIAN_POINT('',(1.5,7.250670710267,-23.97722977314));
#2130 = CARTESIAN_POINT('',(1.5,7.459983402344,-23.6808529919));
#2131 = CARTESIAN_POINT('',(1.5,7.669228553801,-23.38442853633));
#2132 = CARTESIAN_POINT('',(1.5,8.119388757653,-22.74625545972));
#2133 = CARTESIAN_POINT('',(1.5,8.360270692342,-22.40448359867));
#2134 = CARTESIAN_POINT('',(1.5,8.600968461514,-22.06258187528));
#2135 = CARTESIAN_POINT('',(1.5,8.841429059331,-21.72051314388));
#2136 = CARTESIAN_POINT('',(1.5,9.081596947873,-21.3782387717));
#2137 = CARTESIAN_POINT('',(1.5,9.321414057136,-21.03571863889));
#2138 = CARTESIAN_POINT('',(1.5,10.100730439381,-19.91980757283));
#2139 = CARTESIAN_POINT('',(1.5,10.638543499288,-19.14524981508));
#2140 = CARTESIAN_POINT('',(1.5,11.173569336631,-18.36874900764));
#2141 = CARTESIAN_POINT('',(1.5,11.705038771396,-17.58979147712));
#2142 = CARTESIAN_POINT('',(1.5,12.232095145773,-16.80783334831));
#2143 = CARTESIAN_POINT('',(1.5,12.753786398225,-16.0222951581));
#2144 = CARTESIAN_POINT('',(1.5,13.748062266337,-14.49840090152));
#2145 = CARTESIAN_POINT('',(1.5,14.221506396721,-13.76063379923));
#2146 = CARTESIAN_POINT('',(1.5,14.688547112894,-13.01874975118));
#2147 = CARTESIAN_POINT('',(1.5,15.148239715227,-12.27224625384));
#2148 = CARTESIAN_POINT('',(1.5,15.599534394439,-11.52062191876));
#2149 = CARTESIAN_POINT('',(1.5,16.04127340576,-10.76337467972));
#2150 = CARTESIAN_POINT('',(1.5,16.47218824308,-10.));
#2151 = PCURVE('',#1297,#2152);
#2152 = DEFINITIONAL_REPRESENTATION('',(#2153),#2234);
#2153 = B_SPLINE_CURVE_WITH_KNOTS('',7,(#2154,#2155,#2156,#2157,#2158,
    #2159,#2160,#2161,#2162,#2163,#2164,#2165,#2166,#2167,#2168,#2169,
    #2170,#2171,#2172,#2173,#2174,#2175,#2176,#2177,#2178,#2179,#2180,
    #2181,#2182,#2183,#2184,#2185,#2186,#2187,#2188,#2189,#2190,#2191,
    #2192,#2193,#2194,#2195,#2196,#2197,#2198,#2199,#2200,#2201,#2202,
    #2203,#2204,#2205,#2206,#2207,#2208,#2209,#2210,#2211,#2212,#2213,
    #2214,#2215,#2216,#2217,#2218,#2219,#2220,#2221,#2222,#2223,#2224,
    #2225,#2226,#2227,#2228,#2229,#2230,#2231,#2232,#2233),
  .UNSPECIFIED.,.F.,.F.,(8,6,6,6,6,6,6,6,6,6,6,6,6,8),(0.,0.202995760812
    ,0.277778358439,0.305935938371,0.331640175356,0.354897989062,
    0.450483058363,0.552581554754,0.739717315514,0.768321197404,
    0.800645926845,0.837896545592,0.921904585496,1.),.UNSPECIFIED.);
#2154 = CARTESIAN_POINT('',(0.237422047165,0.));
#2155 = CARTESIAN_POINT('',(0.237958815048,2.271899004453E-02));
#2156 = CARTESIAN_POINT('',(0.238330717221,4.572649072138E-02));
#2157 = CARTESIAN_POINT('',(0.238607883525,6.895243230699E-02));
#2158 = CARTESIAN_POINT('',(0.23881806444,9.233530480937E-02));
#2159 = CARTESIAN_POINT('',(0.238985235554,0.115825007556));
#2160 = CARTESIAN_POINT('',(0.23912364,0.139386319937));
#2161 = CARTESIAN_POINT('',(0.239289050684,0.171699340048));
#2162 = CARTESIAN_POINT('',(0.239331196297,0.180405346007));
#2163 = CARTESIAN_POINT('',(0.239371500826,0.189116976041));
#2164 = CARTESIAN_POINT('',(0.239410430463,0.197833164027));
#2165 = CARTESIAN_POINT('',(0.239448381564,0.206552956684));
#2166 = CARTESIAN_POINT('',(0.239485689264,0.215275518159));
#2167 = CARTESIAN_POINT('',(0.239536547517,0.227285178099));
#2168 = CARTESIAN_POINT('',(0.239550407761,0.230570509598));
#2169 = CARTESIAN_POINT('',(0.239564231791,0.233856089124));
#2170 = CARTESIAN_POINT('',(0.239578033549,0.237141878031));
#2171 = CARTESIAN_POINT('',(0.239591825946,0.240427839013));
#2172 = CARTESIAN_POINT('',(0.239605620862,0.243713936105));
#2173 = CARTESIAN_POINT('',(0.239632034322,0.250000009931));
#2174 = CARTESIAN_POINT('',(0.239644650668,0.252999969602));
#2175 = CARTESIAN_POINT('',(0.239657286443,0.25599998731));
#2176 = CARTESIAN_POINT('',(0.239669949269,0.259000037351));
#2177 = CARTESIAN_POINT('',(0.239682646136,0.262000094693));
#2178 = CARTESIAN_POINT('',(0.239695383396,0.265000134987));
#2179 = CARTESIAN_POINT('',(0.239719733467,0.270714606545));
#2180 = CARTESIAN_POINT('',(0.239731337936,0.273429045124));
#2181 = CARTESIAN_POINT('',(0.239742984411,0.276143432736));
#2182 = CARTESIAN_POINT('',(0.239754676751,0.278857752164));
#2183 = CARTESIAN_POINT('',(0.239766418437,0.281571986536));
#2184 = CARTESIAN_POINT('',(0.239778212566,0.284286119321));
#2185 = CARTESIAN_POINT('',(0.23983876014,0.298154205669));
#2186 = CARTESIAN_POINT('',(0.23988839026,0.309306281603));
#2187 = CARTESIAN_POINT('',(0.239939142274,0.320455249565));
#2188 = CARTESIAN_POINT('',(0.239991103948,0.331600060974));
#2189 = CARTESIAN_POINT('',(0.240044277984,0.342739736143));
#2190 = CARTESIAN_POINT('',(0.240098599256,0.353873369184));
#2191 = CARTESIAN_POINT('',(0.24021307671,0.376885104641));
#2192 = CARTESIAN_POINT('',(0.240273378725,0.388762273589));
#2193 = CARTESIAN_POINT('',(0.240334715543,0.400630577411));
#2194 = CARTESIAN_POINT('',(0.240396881226,0.412489130567));
#2195 = CARTESIAN_POINT('',(0.240459626236,0.424337226666));
#2196 = CARTESIAN_POINT('',(0.240522677239,0.436174340819));
#2197 = CARTESIAN_POINT('',(0.240701375268,0.469675558205));
#2198 = CARTESIAN_POINT('',(0.240817092567,0.491313668401));
#2199 = CARTESIAN_POINT('',(0.240931189651,0.512911653797));
#2200 = CARTESIAN_POINT('',(0.241041877192,0.534471107952));
#2201 = CARTESIAN_POINT('',(0.241147615806,0.555998013138));
#2202 = CARTESIAN_POINT('',(0.241247169356,0.577502676621));
#2203 = CARTESIAN_POINT('',(0.241353736328,0.602286041673));
#2204 = CARTESIAN_POINT('',(0.241367699315,0.605571788136));
#2205 = CARTESIAN_POINT('',(0.241381492769,0.608857429141));
#2206 = CARTESIAN_POINT('',(0.241395113541,0.612143022568));
#2207 = CARTESIAN_POINT('',(0.241408558647,0.615428628894));
#2208 = CARTESIAN_POINT('',(0.241421825272,0.61871431119));
#2209 = CARTESIAN_POINT('',(0.241449698446,0.625713385301));
#2210 = CARTESIAN_POINT('',(0.241464254806,0.629426816133));
#2211 = CARTESIAN_POINT('',(0.241478576024,0.633140522513));
#2212 = CARTESIAN_POINT('',(0.241492658548,0.636854603179));
#2213 = CARTESIAN_POINT('',(0.241506499097,0.640569160706));
#2214 = CARTESIAN_POINT('',(0.24152009466,0.644284301513));
#2215 = CARTESIAN_POINT('',(0.241548824384,0.652282217439));
#2216 = CARTESIAN_POINT('',(0.241563877291,0.656565219202));
#2217 = CARTESIAN_POINT('',(0.241578597024,0.660849310351));
#2218 = CARTESIAN_POINT('',(0.241592979867,0.665134665338));
#2219 = CARTESIAN_POINT('',(0.241607022586,0.669421463871));
#2220 = CARTESIAN_POINT('',(0.241620722424,0.673709890907));
#2221 = CARTESIAN_POINT('',(0.241664194752,0.687675550075));
#2222 = CARTESIAN_POINT('',(0.241692556605,0.697360120747));
#2223 = CARTESIAN_POINT('',(0.241719137434,0.707056166034));
#2224 = CARTESIAN_POINT('',(0.241743923443,0.716765951894));
#2225 = CARTESIAN_POINT('',(0.241766914148,0.726491716538));
#2226 = CARTESIAN_POINT('',(0.241788124235,0.736235694059));
#2227 = CARTESIAN_POINT('',(0.241825676912,0.755077344319));
#2228 = CARTESIAN_POINT('',(0.24184225657,0.764172007389));
#2229 = CARTESIAN_POINT('',(0.24185735067,0.773286027113));
#2230 = CARTESIAN_POINT('',(0.241870997278,0.782420891638));
#2231 = CARTESIAN_POINT('',(0.241883249819,0.791577683296));
#2232 = CARTESIAN_POINT('',(0.241894180627,0.800757084463));
#2233 = CARTESIAN_POINT('',(0.241903884497,0.80995938341));
#2234 = ( GEOMETRIC_REPRESENTATION_CONTEXT(2) 
PARAMETRIC_REPRESENTATION_CONTEXT() REPRESENTATION_CONTEXT('2D SPACE',''
  ) );
#2235 = PCURVE('',#2236,#2241);
#2236 = PLANE('',#2237);
#2237 = AXIS2_PLACEMENT_3D('',#2238,#2239,#2240);
#2238 = CARTESIAN_POINT('',(1.5,-50.,-82.));
#2239 = DIRECTION('',(1.,0.,0.));
#2240 = DIRECTION('',(0.,0.,1.));
#2241 = DEFINITIONAL_REPRESENTATION('',(#2242),#2323);
#2242 = B_SPLINE_CURVE_WITH_KNOTS('',7,(#2243,#2244,#2245,#2246,#2247,
    #2248,#2249,#2250,#2251,#2252,#2253,#2254,#2255,#2256,#2257,#2258,
    #2259,#2260,#2261,#2262,#2263,#2264,#2265,#2266,#2267,#2268,#2269,
    #2270,#2271,#2272,#2273,#2274,#2275,#2276,#2277,#2278,#2279,#2280,
    #2281,#2282,#2283,#2284,#2285,#2286,#2287,#2288,#2289,#2290,#2291,
    #2292,#2293,#2294,#2295,#2296,#2297,#2298,#2299,#2300,#2301,#2302,
    #2303,#2304,#2305,#2306,#2307,#2308,#2309,#2310,#2311,#2312,#2313,
    #2314,#2315,#2316,#2317,#2318,#2319,#2320,#2321,#2322),
  .UNSPECIFIED.,.F.,.F.,(8,6,6,6,6,6,6,6,6,6,6,6,6,8),(0.,0.202995760812
    ,0.277778358439,0.305935938371,0.331640175356,0.354897989062,
    0.450483058363,0.552581554754,0.739717315514,0.768321197404,
    0.800645926845,0.837896545592,0.921904585496,1.),.UNSPECIFIED.);
#2243 = CARTESIAN_POINT('',(6.,-23.95786358575));
#2244 = CARTESIAN_POINT('',(7.753213159543,-25.41344307143));
#2245 = CARTESIAN_POINT('',(9.562043640001,-26.80145728437));
#2246 = CARTESIAN_POINT('',(11.417364765164,-28.12726249138));
#2247 = CARTESIAN_POINT('',(13.3098074056,-29.39892147382));
#2248 = CARTESIAN_POINT('',(15.230558783841,-30.62601081738));
#2249 = CARTESIAN_POINT('',(17.1721642618,-31.8184522705));
#2250 = CARTESIAN_POINT('',(19.849666194232,-33.4162018702));
#2251 = CARTESIAN_POINT('',(20.572512589313,-33.84295643318));
#2252 = CARTESIAN_POINT('',(21.297069247881,-34.26680496634));
#2253 = CARTESIAN_POINT('',(22.023043738276,-34.68821623443));
#2254 = CARTESIAN_POINT('',(22.75016030926,-35.10764484832));
#2255 = CARTESIAN_POINT('',(23.478161342482,-35.52552876988));
#2256 = CARTESIAN_POINT('',(24.481163398356,-36.09920698813));
#2257 = CARTESIAN_POINT('',(24.755609359339,-36.25596738382));
#2258 = CARTESIAN_POINT('',(25.030133813207,-36.41259029925));
#2259 = CARTESIAN_POINT('',(25.30472419094,-36.56909757953));
#2260 = CARTESIAN_POINT('',(25.579368229186,-36.72551061963));
#2261 = CARTESIAN_POINT('',(25.854053970254,-36.88185036437));
#2262 = CARTESIAN_POINT('',(26.379549830385,-37.18080712086));
#2263 = CARTESIAN_POINT('',(26.630354932264,-37.32343291626));
#2264 = CARTESIAN_POINT('',(26.881176201266,-37.46603027992));
#2265 = CARTESIAN_POINT('',(27.132004971993,-37.60861444729));
#2266 = CARTESIAN_POINT('',(27.382832780141,-37.75120030395));
#2267 = CARTESIAN_POINT('',(27.633651362499,-37.89380238561));
#2268 = CARTESIAN_POINT('',(28.111383718428,-38.16549219817));
#2269 = CARTESIAN_POINT('',(28.338300622548,-38.2945744077));
#2270 = CARTESIAN_POINT('',(28.565197395649,-38.42369201252));
#2271 = CARTESIAN_POINT('',(28.792068194797,-38.5528552656));
#2272 = CARTESIAN_POINT('',(29.01890730779,-38.68207416708));
#2273 = CARTESIAN_POINT('',(29.245709153153,-38.81135846428));
#2274 = CARTESIAN_POINT('',(30.404403978926,-39.47235863255));
#2275 = CARTESIAN_POINT('',(31.335617670983,-40.00526413922));
#2276 = CARTESIAN_POINT('',(32.265731907155,-40.54009376115));
#2277 = CARTESIAN_POINT('',(33.194404583123,-41.07743105434));
#2278 = CARTESIAN_POINT('',(34.121330610196,-41.61778064259));
#2279 = CARTESIAN_POINT('',(35.046243586102,-42.16156531874));
#2280 = CARTESIAN_POINT('',(36.954464857892,-43.29399305551));
#2281 = CARTESIAN_POINT('',(37.937460471363,-43.88316956788));
#2282 = CARTESIAN_POINT('',(38.917624028969,-44.47706275959));
#2283 = CARTESIAN_POINT('',(39.894733985581,-45.07597601894));
#2284 = CARTESIAN_POINT('',(40.868628309836,-45.68010475178));
#2285 = CARTESIAN_POINT('',(41.839205265804,-46.28953508719));
#2286 = CARTESIAN_POINT('',(44.579234338497,-48.03093650133));
#2287 = CARTESIAN_POINT('',(46.340822254302,-49.17539693474));
#2288 = CARTESIAN_POINT('',(48.090877944782,-50.33744057055));
#2289 = CARTESIAN_POINT('',(49.829969723429,-51.51576051338));
#2290 = CARTESIAN_POINT('',(51.559540458232,-52.70793197976));
#2291 = CARTESIAN_POINT('',(53.281887729662,-53.91044230847));
#2292 = CARTESIAN_POINT('',(55.262901506592,-55.30323050909));
#2293 = CARTESIAN_POINT('',(55.52546206848,-55.48802519958));
#2294 = CARTESIAN_POINT('',(55.787941780329,-55.67293472736));
#2295 = CARTESIAN_POINT('',(56.050352843284,-55.8579416476));
#2296 = CARTESIAN_POINT('',(56.312707980083,-56.04302783315));
#2297 = CARTESIAN_POINT('',(56.575020435057,-56.22817447456));
#2298 = CARTESIAN_POINT('',(57.133705856573,-56.62263924279));
#2299 = CARTESIAN_POINT('',(57.430070803543,-56.83196867736));
#2300 = CARTESIAN_POINT('',(57.726418685287,-57.04132227888));
#2301 = CARTESIAN_POINT('',(58.022770226854,-57.25067071026));
#2302 = CARTESIAN_POINT('',(58.319147008096,-57.45998340234));
#2303 = CARTESIAN_POINT('',(58.615571463666,-57.6692285538));
#2304 = CARTESIAN_POINT('',(59.253744540279,-58.11938875765));
#2305 = CARTESIAN_POINT('',(59.595516401326,-58.36027069234));
#2306 = CARTESIAN_POINT('',(59.937418124719,-58.60096846151));
#2307 = CARTESIAN_POINT('',(60.279486856119,-58.84142905933));
#2308 = CARTESIAN_POINT('',(60.621761228291,-59.08159694787));
#2309 = CARTESIAN_POINT('',(60.964281361106,-59.32141405713));
#2310 = CARTESIAN_POINT('',(62.080192427167,-60.10073043938));
#2311 = CARTESIAN_POINT('',(62.854750184913,-60.63854349928));
#2312 = CARTESIAN_POINT('',(63.631250992357,-61.17356933663));
#2313 = CARTESIAN_POINT('',(64.410208522873,-61.70503877139));
#2314 = CARTESIAN_POINT('',(65.192166651681,-62.23209514577));
#2315 = CARTESIAN_POINT('',(65.977704841898,-62.75378639822));
#2316 = CARTESIAN_POINT('',(67.501599098475,-63.74806226633));
#2317 = CARTESIAN_POINT('',(68.239366200763,-64.22150639672));
#2318 = CARTESIAN_POINT('',(68.981250248817,-64.68854711289));
#2319 = CARTESIAN_POINT('',(69.727753746155,-65.14823971522));
#2320 = CARTESIAN_POINT('',(70.479378081239,-65.59953439443));
#2321 = CARTESIAN_POINT('',(71.236625320272,-66.04127340576));
#2322 = CARTESIAN_POINT('',(72.,-66.47218824308));
#2323 = ( GEOMETRIC_REPRESENTATION_CONTEXT(2) 
PARAMETRIC_REPRESENTATION_CONTEXT() REPRESENTATION_CONTEXT('2D SPACE',''
  ) );
#2324 = ORIENTED_EDGE('',*,*,#2325,.F.);
#2325 = EDGE_CURVE('',#2326,#2067,#2328,.T.);
#2326 = VERTEX_POINT('',#2327);
#2327 = CARTESIAN_POINT('',(-1.5,16.472188244048,-10.));
#2328 = SURFACE_CURVE('',#2329,(#2335,#2344),.PCURVE_S1.);
#2329 = B_SPLINE_CURVE_WITH_KNOTS('',4,(#2330,#2331,#2332,#2333,#2334),
  .UNSPECIFIED.,.F.,.F.,(5,5),(0.,1.),.PIECEWISE_BEZIER_KNOTS.);
#2330 = CARTESIAN_POINT('',(-1.5,16.472188244048,-10.));
#2331 = CARTESIAN_POINT('',(-0.750343902268,16.500005218825,-10.));
#2332 = CARTESIAN_POINT('',(1.241673430741E-11,16.509263540097,-10.));
#2333 = CARTESIAN_POINT('',(0.750343902284,16.500005218292,-10.));
#2334 = CARTESIAN_POINT('',(1.5,16.47218824308,-10.));
#2335 = PCURVE('',#1297,#2336);
#2336 = DEFINITIONAL_REPRESENTATION('',(#2337),#2343);
#2337 = B_SPLINE_CURVE_WITH_KNOTS('',4,(#2338,#2339,#2340,#2341,#2342),
  .UNSPECIFIED.,.F.,.F.,(5,5),(0.,1.),.PIECEWISE_BEZIER_KNOTS.);
#2338 = CARTESIAN_POINT('',(0.258096115482,0.80995938341));
#2339 = CARTESIAN_POINT('',(0.254046420188,0.80995938341));
#2340 = CARTESIAN_POINT('',(0.249999999989,0.80995938341));
#2341 = CARTESIAN_POINT('',(0.245953579789,0.80995938341));
#2342 = CARTESIAN_POINT('',(0.241903884497,0.80995938341));
#2343 = ( GEOMETRIC_REPRESENTATION_CONTEXT(2) 
PARAMETRIC_REPRESENTATION_CONTEXT() REPRESENTATION_CONTEXT('2D SPACE',''
  ) );
#2344 = PCURVE('',#2345,#2350);
#2345 = PLANE('',#2346);
#2346 = AXIS2_PLACEMENT_3D('',#2347,#2348,#2349);
#2347 = CARTESIAN_POINT('',(-1.5,-50.,-10.));
#2348 = DIRECTION('',(0.,0.,1.));
#2349 = DIRECTION('',(1.,0.,0.));
#2350 = DEFINITIONAL_REPRESENTATION('',(#2351),#2357);
#2351 = B_SPLINE_CURVE_WITH_KNOTS('',4,(#2352,#2353,#2354,#2355,#2356),
  .UNSPECIFIED.,.F.,.F.,(5,5),(0.,1.),.PIECEWISE_BEZIER_KNOTS.);
#2352 = CARTESIAN_POINT('',(0.,66.472188244048));
#2353 = CARTESIAN_POINT('',(0.749656097732,66.500005218825));
#2354 = CARTESIAN_POINT('',(1.500000000012,66.509263540097));
#2355 = CARTESIAN_POINT('',(2.250343902284,66.500005218292));
#2356 = CARTESIAN_POINT('',(3.,66.47218824308));
#2357 = ( GEOMETRIC_REPRESENTATION_CONTEXT(2) 
PARAMETRIC_REPRESENTATION_CONTEXT() REPRESENTATION_CONTEXT('2D SPACE',''
  ) );
#2358 = ORIENTED_EDGE('',*,*,#2359,.F.);
#2359 = EDGE_CURVE('',#2360,#2326,#2362,.T.);
#2360 = VERTEX_POINT('',#2361);
#2361 = CARTESIAN_POINT('',(-1.5,-26.04213641336,-76.));
#2362 = SURFACE_CURVE('',#2363,(#2444,#2528),.PCURVE_S1.);
#2363 = B_SPLINE_CURVE_WITH_KNOTS('',7,(#2364,#2365,#2366,#2367,#2368,
    #2369,#2370,#2371,#2372,#2373,#2374,#2375,#2376,#2377,#2378,#2379,
    #2380,#2381,#2382,#2383,#2384,#2385,#2386,#2387,#2388,#2389,#2390,
    #2391,#2392,#2393,#2394,#2395,#2396,#2397,#2398,#2399,#2400,#2401,
    #2402,#2403,#2404,#2405,#2406,#2407,#2408,#2409,#2410,#2411,#2412,
    #2413,#2414,#2415,#2416,#2417,#2418,#2419,#2420,#2421,#2422,#2423,
    #2424,#2425,#2426,#2427,#2428,#2429,#2430,#2431,#2432,#2433,#2434,
    #2435,#2436,#2437,#2438,#2439,#2440,#2441,#2442,#2443),
  .UNSPECIFIED.,.F.,.F.,(8,6,6,6,6,6,6,6,6,6,6,6,6,8),(0.,0.202995760813
    ,0.277778358439,0.305935938372,0.331640175357,0.354897989062,
    0.450483058363,0.552581554754,0.739717315514,0.768321197403,
    0.800645926844,0.837896545592,0.921904585496,1.),.UNSPECIFIED.);
#2364 = CARTESIAN_POINT('',(-1.5,-26.04213641336,-76.));
#2365 = CARTESIAN_POINT('',(-1.5,-24.58655692767,-74.24678684045));
#2366 = CARTESIAN_POINT('',(-1.5,-23.19854271474,-72.43795636001));
#2367 = CARTESIAN_POINT('',(-1.5,-21.87273750768,-70.58263523481));
#2368 = CARTESIAN_POINT('',(-1.5,-20.60107852529,-68.69019259443));
#2369 = CARTESIAN_POINT('',(-1.5,-19.37398918169,-66.76944121614));
#2370 = CARTESIAN_POINT('',(-1.5,-18.18154772858,-64.8278357382));
#2371 = CARTESIAN_POINT('',(-1.5,-16.58379812888,-62.15033380576));
#2372 = CARTESIAN_POINT('',(-1.5,-16.1570435659,-61.42748741068));
#2373 = CARTESIAN_POINT('',(-1.5,-15.73319503274,-60.70293075211));
#2374 = CARTESIAN_POINT('',(-1.5,-15.31178376464,-59.97695626172));
#2375 = CARTESIAN_POINT('',(-1.5,-14.89235515075,-59.24983969074));
#2376 = CARTESIAN_POINT('',(-1.5,-14.47447122919,-58.52183865751));
#2377 = CARTESIAN_POINT('',(-1.5,-13.90079301094,-57.51883660164));
#2378 = CARTESIAN_POINT('',(-1.5,-13.74403261525,-57.24439064066));
#2379 = CARTESIAN_POINT('',(-1.5,-13.58740969982,-56.96986618679));
#2380 = CARTESIAN_POINT('',(-1.5,-13.43090241954,-56.69527580906));
#2381 = CARTESIAN_POINT('',(-1.5,-13.27448937944,-56.42063177081));
#2382 = CARTESIAN_POINT('',(-1.5,-13.1181496347,-56.14594602974));
#2383 = CARTESIAN_POINT('',(-1.5,-12.81919287821,-55.62045016961));
#2384 = CARTESIAN_POINT('',(-1.5,-12.67656708281,-55.36964506773));
#2385 = CARTESIAN_POINT('',(-1.5,-12.53396971915,-55.11882379873));
#2386 = CARTESIAN_POINT('',(-1.5,-12.39138555177,-54.867995028));
#2387 = CARTESIAN_POINT('',(-1.5,-12.24879969512,-54.61716721985));
#2388 = CARTESIAN_POINT('',(-1.5,-12.10619761346,-54.3663486375));
#2389 = CARTESIAN_POINT('',(-1.5,-11.8345078009,-53.88861628157));
#2390 = CARTESIAN_POINT('',(-1.5,-11.70542559137,-53.66169937745));
#2391 = CARTESIAN_POINT('',(-1.5,-11.57630798654,-53.43480260435));
#2392 = CARTESIAN_POINT('',(-1.5,-11.44714473346,-53.2079318052));
#2393 = CARTESIAN_POINT('',(-1.5,-11.31792583198,-52.98109269221));
#2394 = CARTESIAN_POINT('',(-1.5,-11.18864153479,-52.75429084684));
#2395 = CARTESIAN_POINT('',(-1.5,-10.52764136652,-51.59559602107));
#2396 = CARTESIAN_POINT('',(-1.5,-9.994735859853,-50.66438232901));
#2397 = CARTESIAN_POINT('',(-1.5,-9.459906237924,-49.73426809284));
#2398 = CARTESIAN_POINT('',(-1.5,-8.92256894473,-48.80559541687));
#2399 = CARTESIAN_POINT('',(-1.5,-8.382219356476,-47.8786693898));
#2400 = CARTESIAN_POINT('',(-1.5,-7.838434680328,-46.95375641389));
#2401 = CARTESIAN_POINT('',(-1.5,-6.706006943551,-45.0455351421));
#2402 = CARTESIAN_POINT('',(-1.5,-6.116830431182,-44.06253952863));
#2403 = CARTESIAN_POINT('',(-1.5,-5.522937239477,-43.08237597103));
#2404 = CARTESIAN_POINT('',(-1.5,-4.924023980119,-42.10526601441));
#2405 = CARTESIAN_POINT('',(-1.5,-4.319895247281,-41.13137169016));
#2406 = CARTESIAN_POINT('',(-1.5,-3.710464911871,-40.16079473419));
#2407 = CARTESIAN_POINT('',(-1.5,-1.96906349773,-37.4207656615));
#2408 = CARTESIAN_POINT('',(-1.5,-0.824603064318,-35.6591777457));
#2409 = CARTESIAN_POINT('',(-1.5,0.337440571504,-33.90912205521));
#2410 = CARTESIAN_POINT('',(-1.5,1.515760514319,-32.17003027657));
#2411 = CARTESIAN_POINT('',(-1.5,2.707931980707,-30.44045954176));
#2412 = CARTESIAN_POINT('',(-1.5,3.910442309422,-28.71811227033));
#2413 = CARTESIAN_POINT('',(-1.5,5.303230510042,-26.7370984934));
#2414 = CARTESIAN_POINT('',(-1.5,5.488025200529,-26.47453793152));
#2415 = CARTESIAN_POINT('',(-1.5,5.672934728313,-26.21205821967));
#2416 = CARTESIAN_POINT('',(-1.5,5.857941648552,-25.94964715671));
#2417 = CARTESIAN_POINT('',(-1.5,6.043027834101,-25.68729201991));
#2418 = CARTESIAN_POINT('',(-1.5,6.228174475513,-25.42497956494));
#2419 = CARTESIAN_POINT('',(-1.5,6.622639243743,-24.86629414342));
#2420 = CARTESIAN_POINT('',(-1.5,6.83196867832,-24.56992919645));
#2421 = CARTESIAN_POINT('',(-1.5,7.041322279831,-24.27358131471));
#2422 = CARTESIAN_POINT('',(-1.5,7.250670711218,-23.97722977314));
#2423 = CARTESIAN_POINT('',(-1.5,7.459983403295,-23.6808529919));
#2424 = CARTESIAN_POINT('',(-1.5,7.669228554753,-23.38442853633));
#2425 = CARTESIAN_POINT('',(-1.5,8.119388758606,-22.74625545972));
#2426 = CARTESIAN_POINT('',(-1.5,8.360270693295,-22.40448359867));
#2427 = CARTESIAN_POINT('',(-1.5,8.600968462467,-22.06258187528));
#2428 = CARTESIAN_POINT('',(-1.5,8.841429060285,-21.72051314388));
#2429 = CARTESIAN_POINT('',(-1.5,9.081596948827,-21.3782387717));
#2430 = CARTESIAN_POINT('',(-1.5,9.321414058091,-21.03571863889));
#2431 = CARTESIAN_POINT('',(-1.5,10.100730440337,-19.91980757283));
#2432 = CARTESIAN_POINT('',(-1.5,10.638543500245,-19.14524981508));
#2433 = CARTESIAN_POINT('',(-1.5,11.173569337588,-18.36874900764));
#2434 = CARTESIAN_POINT('',(-1.5,11.705038772355,-17.58979147712));
#2435 = CARTESIAN_POINT('',(-1.5,12.232095146733,-16.80783334831));
#2436 = CARTESIAN_POINT('',(-1.5,12.753786399186,-16.0222951581));
#2437 = CARTESIAN_POINT('',(-1.5,13.7480622673,-14.49840090152));
#2438 = CARTESIAN_POINT('',(-1.5,14.221506397684,-13.76063379923));
#2439 = CARTESIAN_POINT('',(-1.5,14.688547113859,-13.01874975118));
#2440 = CARTESIAN_POINT('',(-1.5,15.148239716192,-12.27224625384));
#2441 = CARTESIAN_POINT('',(-1.5,15.599534395405,-11.52062191876));
#2442 = CARTESIAN_POINT('',(-1.5,16.041273406727,-10.76337467972));
#2443 = CARTESIAN_POINT('',(-1.5,16.472188244048,-10.));
#2444 = PCURVE('',#1297,#2445);
#2445 = DEFINITIONAL_REPRESENTATION('',(#2446),#2527);
#2446 = B_SPLINE_CURVE_WITH_KNOTS('',7,(#2447,#2448,#2449,#2450,#2451,
    #2452,#2453,#2454,#2455,#2456,#2457,#2458,#2459,#2460,#2461,#2462,
    #2463,#2464,#2465,#2466,#2467,#2468,#2469,#2470,#2471,#2472,#2473,
    #2474,#2475,#2476,#2477,#2478,#2479,#2480,#2481,#2482,#2483,#2484,
    #2485,#2486,#2487,#2488,#2489,#2490,#2491,#2492,#2493,#2494,#2495,
    #2496,#2497,#2498,#2499,#2500,#2501,#2502,#2503,#2504,#2505,#2506,
    #2507,#2508,#2509,#2510,#2511,#2512,#2513,#2514,#2515,#2516,#2517,
    #2518,#2519,#2520,#2521,#2522,#2523,#2524,#2525,#2526),
  .UNSPECIFIED.,.F.,.F.,(8,6,6,6,6,6,6,6,6,6,6,6,6,8),(0.,0.202995760813
    ,0.277778358439,0.305935938372,0.331640175357,0.354897989062,
    0.450483058363,0.552581554754,0.739717315514,0.768321197403,
    0.800645926844,0.837896545592,0.921904585496,1.),.UNSPECIFIED.);
#2447 = CARTESIAN_POINT('',(0.262577952815,0.));
#2448 = CARTESIAN_POINT('',(0.262041184932,2.271899004456E-02));
#2449 = CARTESIAN_POINT('',(0.261669282758,4.572649072111E-02));
#2450 = CARTESIAN_POINT('',(0.261392116454,6.895243230728E-02));
#2451 = CARTESIAN_POINT('',(0.261181935539,9.233530480898E-02));
#2452 = CARTESIAN_POINT('',(0.261014764425,0.115825007556));
#2453 = CARTESIAN_POINT('',(0.260876359979,0.139386319937));
#2454 = CARTESIAN_POINT('',(0.260710949295,0.171699340048));
#2455 = CARTESIAN_POINT('',(0.260668803682,0.180405346007));
#2456 = CARTESIAN_POINT('',(0.260628499153,0.189116976041));
#2457 = CARTESIAN_POINT('',(0.260589569516,0.197833164027));
#2458 = CARTESIAN_POINT('',(0.260551618415,0.206552956684));
#2459 = CARTESIAN_POINT('',(0.260514310715,0.215275518159));
#2460 = CARTESIAN_POINT('',(0.260463452462,0.227285178099));
#2461 = CARTESIAN_POINT('',(0.260449592218,0.230570509598));
#2462 = CARTESIAN_POINT('',(0.260435768189,0.233856089124));
#2463 = CARTESIAN_POINT('',(0.26042196643,0.237141878031));
#2464 = CARTESIAN_POINT('',(0.260408174033,0.240427839013));
#2465 = CARTESIAN_POINT('',(0.260394379117,0.243713936105));
#2466 = CARTESIAN_POINT('',(0.260367965657,0.250000009931));
#2467 = CARTESIAN_POINT('',(0.260355349311,0.252999969602));
#2468 = CARTESIAN_POINT('',(0.260342713537,0.25599998731));
#2469 = CARTESIAN_POINT('',(0.26033005071,0.259000037351));
#2470 = CARTESIAN_POINT('',(0.260317353843,0.262000094693));
#2471 = CARTESIAN_POINT('',(0.260304616583,0.265000134987));
#2472 = CARTESIAN_POINT('',(0.260280266512,0.270714606545));
#2473 = CARTESIAN_POINT('',(0.260268662043,0.273429045124));
#2474 = CARTESIAN_POINT('',(0.260257015568,0.276143432736));
#2475 = CARTESIAN_POINT('',(0.260245323228,0.278857752164));
#2476 = CARTESIAN_POINT('',(0.260233581542,0.281571986536));
#2477 = CARTESIAN_POINT('',(0.260221787413,0.284286119321));
#2478 = CARTESIAN_POINT('',(0.260161239839,0.298154205669));
#2479 = CARTESIAN_POINT('',(0.260111609719,0.309306281603));
#2480 = CARTESIAN_POINT('',(0.260060857705,0.320455249565));
#2481 = CARTESIAN_POINT('',(0.260008896031,0.331600060974));
#2482 = CARTESIAN_POINT('',(0.259955721995,0.342739736143));
#2483 = CARTESIAN_POINT('',(0.259901400723,0.353873369184));
#2484 = CARTESIAN_POINT('',(0.259786923269,0.376885104641));
#2485 = CARTESIAN_POINT('',(0.259726621254,0.388762273589));
#2486 = CARTESIAN_POINT('',(0.259665284435,0.400630577411));
#2487 = CARTESIAN_POINT('',(0.259603118753,0.412489130567));
#2488 = CARTESIAN_POINT('',(0.259540373743,0.424337226666));
#2489 = CARTESIAN_POINT('',(0.25947732274,0.436174340819));
#2490 = CARTESIAN_POINT('',(0.259298624711,0.469675558205));
#2491 = CARTESIAN_POINT('',(0.259182907412,0.491313668401));
#2492 = CARTESIAN_POINT('',(0.259068810328,0.512911653797));
#2493 = CARTESIAN_POINT('',(0.258958122787,0.534471107953));
#2494 = CARTESIAN_POINT('',(0.258852384173,0.555998013138));
#2495 = CARTESIAN_POINT('',(0.258752830622,0.577502676621));
#2496 = CARTESIAN_POINT('',(0.258646263651,0.602286041673));
#2497 = CARTESIAN_POINT('',(0.258632300664,0.605571788136));
#2498 = CARTESIAN_POINT('',(0.25861850721,0.608857429141));
#2499 = CARTESIAN_POINT('',(0.258604886438,0.612143022568));
#2500 = CARTESIAN_POINT('',(0.258591441331,0.615428628894));
#2501 = CARTESIAN_POINT('',(0.258578174707,0.61871431119));
#2502 = CARTESIAN_POINT('',(0.258550301533,0.625713385301));
#2503 = CARTESIAN_POINT('',(0.258535745172,0.629426816133));
#2504 = CARTESIAN_POINT('',(0.258521423954,0.633140522513));
#2505 = CARTESIAN_POINT('',(0.25850734143,0.636854603179));
#2506 = CARTESIAN_POINT('',(0.258493500882,0.640569160706));
#2507 = CARTESIAN_POINT('',(0.258479905318,0.644284301513));
#2508 = CARTESIAN_POINT('',(0.258451175595,0.652282217439));
#2509 = CARTESIAN_POINT('',(0.258436122688,0.656565219202));
#2510 = CARTESIAN_POINT('',(0.258421402955,0.660849310351));
#2511 = CARTESIAN_POINT('',(0.258407020111,0.665134665338));
#2512 = CARTESIAN_POINT('',(0.258392977393,0.669421463871));
#2513 = CARTESIAN_POINT('',(0.258379277555,0.673709890907));
#2514 = CARTESIAN_POINT('',(0.258335805227,0.687675550075));
#2515 = CARTESIAN_POINT('',(0.258307443373,0.697360120747));
#2516 = CARTESIAN_POINT('',(0.258280862545,0.707056166034));
#2517 = CARTESIAN_POINT('',(0.258256076535,0.716765951894));
#2518 = CARTESIAN_POINT('',(0.258233085831,0.726491716538));
#2519 = CARTESIAN_POINT('',(0.258211875744,0.736235694059));
#2520 = CARTESIAN_POINT('',(0.258174323067,0.755077344319));
#2521 = CARTESIAN_POINT('',(0.258157743408,0.764172007389));
#2522 = CARTESIAN_POINT('',(0.258142649309,0.773286027113));
#2523 = CARTESIAN_POINT('',(0.258129002701,0.782420891638));
#2524 = CARTESIAN_POINT('',(0.25811675016,0.791577683296));
#2525 = CARTESIAN_POINT('',(0.258105819352,0.800757084463));
#2526 = CARTESIAN_POINT('',(0.258096115482,0.80995938341));
#2527 = ( GEOMETRIC_REPRESENTATION_CONTEXT(2) 
PARAMETRIC_REPRESENTATION_CONTEXT() REPRESENTATION_CONTEXT('2D SPACE',''
  ) );
#2528 = PCURVE('',#2529,#2534);
#2529 = PLANE('',#2530);
#2530 = AXIS2_PLACEMENT_3D('',#2531,#2532,#2533);
#2531 = CARTESIAN_POINT('',(-1.5,-50.,-82.));
#2532 = DIRECTION('',(1.,0.,0.));
#2533 = DIRECTION('',(0.,0.,1.));
#2534 = DEFINITIONAL_REPRESENTATION('',(#2535),#2616);
#2535 = B_SPLINE_CURVE_WITH_KNOTS('',7,(#2536,#2537,#2538,#2539,#2540,
    #2541,#2542,#2543,#2544,#2545,#2546,#2547,#2548,#2549,#2550,#2551,
    #2552,#2553,#2554,#2555,#2556,#2557,#2558,#2559,#2560,#2561,#2562,
    #2563,#2564,#2565,#2566,#2567,#2568,#2569,#2570,#2571,#2572,#2573,
    #2574,#2575,#2576,#2577,#2578,#2579,#2580,#2581,#2582,#2583,#2584,
    #2585,#2586,#2587,#2588,#2589,#2590,#2591,#2592,#2593,#2594,#2595,
    #2596,#2597,#2598,#2599,#2600,#2601,#2602,#2603,#2604,#2605,#2606,
    #2607,#2608,#2609,#2610,#2611,#2612,#2613,#2614,#2615),
  .UNSPECIFIED.,.F.,.F.,(8,6,6,6,6,6,6,6,6,6,6,6,6,8),(0.,0.202995760813
    ,0.277778358439,0.305935938372,0.331640175357,0.354897989062,
    0.450483058363,0.552581554754,0.739717315514,0.768321197403,
    0.800645926844,0.837896545592,0.921904585496,1.),.UNSPECIFIED.);
#2536 = CARTESIAN_POINT('',(6.,-23.95786358663));
#2537 = CARTESIAN_POINT('',(7.753213159545,-25.41344307232));
#2538 = CARTESIAN_POINT('',(9.562043639981,-26.80145728525));
#2539 = CARTESIAN_POINT('',(11.417364765187,-28.12726249231));
#2540 = CARTESIAN_POINT('',(13.30980740557,-29.3989214747));
#2541 = CARTESIAN_POINT('',(15.230558783852,-30.6260108183));
#2542 = CARTESIAN_POINT('',(17.172164261795,-31.81845227141));
#2543 = CARTESIAN_POINT('',(19.849666194232,-33.41620187111));
#2544 = CARTESIAN_POINT('',(20.572512589313,-33.84295643409));
#2545 = CARTESIAN_POINT('',(21.297069247881,-34.26680496725));
#2546 = CARTESIAN_POINT('',(22.023043738276,-34.68821623535));
#2547 = CARTESIAN_POINT('',(22.75016030926,-35.10764484924));
#2548 = CARTESIAN_POINT('',(23.478161342482,-35.5255287708));
#2549 = CARTESIAN_POINT('',(24.481163398356,-36.09920698905));
#2550 = CARTESIAN_POINT('',(24.755609359339,-36.25596738474));
#2551 = CARTESIAN_POINT('',(25.030133813207,-36.41259030017));
#2552 = CARTESIAN_POINT('',(25.30472419094,-36.56909758045));
#2553 = CARTESIAN_POINT('',(25.579368229186,-36.72551062055));
#2554 = CARTESIAN_POINT('',(25.854053970254,-36.88185036529));
#2555 = CARTESIAN_POINT('',(26.379549830385,-37.18080712178));
#2556 = CARTESIAN_POINT('',(26.630354932264,-37.32343291718));
#2557 = CARTESIAN_POINT('',(26.881176201266,-37.46603028085));
#2558 = CARTESIAN_POINT('',(27.132004971993,-37.60861444822));
#2559 = CARTESIAN_POINT('',(27.382832780141,-37.75120030487));
#2560 = CARTESIAN_POINT('',(27.633651362499,-37.89380238653));
#2561 = CARTESIAN_POINT('',(28.111383718428,-38.16549219909));
#2562 = CARTESIAN_POINT('',(28.338300622548,-38.29457440862));
#2563 = CARTESIAN_POINT('',(28.565197395649,-38.42369201345));
#2564 = CARTESIAN_POINT('',(28.792068194797,-38.55285526653));
#2565 = CARTESIAN_POINT('',(29.01890730779,-38.68207416801));
#2566 = CARTESIAN_POINT('',(29.245709153153,-38.81135846521));
#2567 = CARTESIAN_POINT('',(30.404403978926,-39.47235863347));
#2568 = CARTESIAN_POINT('',(31.335617670983,-40.00526414014));
#2569 = CARTESIAN_POINT('',(32.265731907155,-40.54009376207));
#2570 = CARTESIAN_POINT('',(33.194404583123,-41.07743105527));
#2571 = CARTESIAN_POINT('',(34.121330610196,-41.61778064352));
#2572 = CARTESIAN_POINT('',(35.046243586102,-42.16156531967));
#2573 = CARTESIAN_POINT('',(36.954464857892,-43.29399305644));
#2574 = CARTESIAN_POINT('',(37.937460471363,-43.88316956881));
#2575 = CARTESIAN_POINT('',(38.917624028969,-44.47706276052));
#2576 = CARTESIAN_POINT('',(39.894733985581,-45.07597601988));
#2577 = CARTESIAN_POINT('',(40.868628309836,-45.68010475271));
#2578 = CARTESIAN_POINT('',(41.839205265804,-46.28953508812));
#2579 = CARTESIAN_POINT('',(44.579234338499,-48.03093650227));
#2580 = CARTESIAN_POINT('',(46.340822254296,-49.17539693568));
#2581 = CARTESIAN_POINT('',(48.09087794479,-50.3374405715));
#2582 = CARTESIAN_POINT('',(49.829969723424,-51.51576051431));
#2583 = CARTESIAN_POINT('',(51.559540458234,-52.7079319807));
#2584 = CARTESIAN_POINT('',(53.281887729662,-53.91044230942));
#2585 = CARTESIAN_POINT('',(55.262901506592,-55.30323051004));
#2586 = CARTESIAN_POINT('',(55.52546206848,-55.48802520052));
#2587 = CARTESIAN_POINT('',(55.787941780329,-55.67293472831));
#2588 = CARTESIAN_POINT('',(56.050352843284,-55.85794164855));
#2589 = CARTESIAN_POINT('',(56.312707980083,-56.0430278341));
#2590 = CARTESIAN_POINT('',(56.575020435057,-56.22817447551));
#2591 = CARTESIAN_POINT('',(57.133705856573,-56.62263924374));
#2592 = CARTESIAN_POINT('',(57.430070803543,-56.83196867832));
#2593 = CARTESIAN_POINT('',(57.726418685287,-57.04132227983));
#2594 = CARTESIAN_POINT('',(58.022770226854,-57.25067071121));
#2595 = CARTESIAN_POINT('',(58.319147008096,-57.45998340329));
#2596 = CARTESIAN_POINT('',(58.615571463666,-57.66922855475));
#2597 = CARTESIAN_POINT('',(59.253744540279,-58.1193887586));
#2598 = CARTESIAN_POINT('',(59.595516401326,-58.36027069329));
#2599 = CARTESIAN_POINT('',(59.937418124719,-58.60096846246));
#2600 = CARTESIAN_POINT('',(60.279486856119,-58.84142906028));
#2601 = CARTESIAN_POINT('',(60.621761228291,-59.08159694882));
#2602 = CARTESIAN_POINT('',(60.964281361106,-59.32141405809));
#2603 = CARTESIAN_POINT('',(62.080192427167,-60.10073044033));
#2604 = CARTESIAN_POINT('',(62.854750184913,-60.63854350024));
#2605 = CARTESIAN_POINT('',(63.631250992357,-61.17356933758));
#2606 = CARTESIAN_POINT('',(64.410208522873,-61.70503877235));
#2607 = CARTESIAN_POINT('',(65.192166651681,-62.23209514673));
#2608 = CARTESIAN_POINT('',(65.977704841897,-62.75378639918));
#2609 = CARTESIAN_POINT('',(67.501599098476,-63.7480622673));
#2610 = CARTESIAN_POINT('',(68.239366200762,-64.22150639768));
#2611 = CARTESIAN_POINT('',(68.981250248816,-64.68854711385));
#2612 = CARTESIAN_POINT('',(69.727753746155,-65.14823971619));
#2613 = CARTESIAN_POINT('',(70.479378081239,-65.5995343954));
#2614 = CARTESIAN_POINT('',(71.236625320271,-66.04127340672));
#2615 = CARTESIAN_POINT('',(72.,-66.47218824404));
#2616 = ( GEOMETRIC_REPRESENTATION_CONTEXT(2) 
PARAMETRIC_REPRESENTATION_CONTEXT() REPRESENTATION_CONTEXT('2D SPACE',''
  ) );
#2617 = ORIENTED_EDGE('',*,*,#2618,.T.);
#2618 = EDGE_CURVE('',#2360,#2619,#2621,.T.);
#2619 = VERTEX_POINT('',#2620);
#2620 = CARTESIAN_POINT('',(4.244668978296,-52.65880128922,-76.));
#2621 = SURFACE_CURVE('',#2622,(#2638,#2645),.PCURVE_S1.);
#2622 = B_SPLINE_CURVE_WITH_KNOTS('',14,(#2623,#2624,#2625,#2626,#2627,
    #2628,#2629,#2630,#2631,#2632,#2633,#2634,#2635,#2636,#2637),
  .UNSPECIFIED.,.T.,.F.,(15,15),(0.,1.),.PIECEWISE_BEZIER_KNOTS.);
#2623 = CARTESIAN_POINT('',(19.,-39.5,-76.));
#2624 = CARTESIAN_POINT('',(19.000000000005,-33.44121416807,-76.));
#2625 = CARTESIAN_POINT('',(14.878627137192,-27.38242609971,-76.));
#2626 = CARTESIAN_POINT('',(6.63587614289,-22.85693882126,-76.));
#2627 = CARTESIAN_POINT('',(-4.49560168009,-21.39788245634,-76.));
#2628 = CARTESIAN_POINT('',(-16.05073754757,-23.98881237636,-76.));
#2629 = CARTESIAN_POINT('',(-24.87179233162,-30.51054918893,-76.));
#2630 = CARTESIAN_POINT('',(-28.1927434388,-39.49999999981,-76.));
#2631 = CARTESIAN_POINT('',(-24.87179233162,-48.4894508114,-76.));
#2632 = CARTESIAN_POINT('',(-16.05073754757,-55.01118762338,-76.));
#2633 = CARTESIAN_POINT('',(-4.495601680088,-57.60211754381,-76.));
#2634 = CARTESIAN_POINT('',(6.635876142889,-56.14306117865,-76.));
#2635 = CARTESIAN_POINT('',(14.878627137192,-51.61757390031,-76.));
#2636 = CARTESIAN_POINT('',(19.000000000005,-45.55878583192,-76.));
#2637 = CARTESIAN_POINT('',(19.,-39.5,-76.));
#2638 = PCURVE('',#1297,#2639);
#2639 = DEFINITIONAL_REPRESENTATION('',(#2640),#2644);
#2640 = LINE('',#2641,#2642);
#2641 = CARTESIAN_POINT('',(0.,0.));
#2642 = VECTOR('',#2643,1.);
#2643 = DIRECTION('',(1.,0.));
#2644 = ( GEOMETRIC_REPRESENTATION_CONTEXT(2) 
PARAMETRIC_REPRESENTATION_CONTEXT() REPRESENTATION_CONTEXT('2D SPACE',''
  ) );
#2645 = PCURVE('',#1966,#2646);
#2646 = DEFINITIONAL_REPRESENTATION('',(#2647),#2663);
#2647 = B_SPLINE_CURVE_WITH_KNOTS('',14,(#2648,#2649,#2650,#2651,#2652,
    #2653,#2654,#2655,#2656,#2657,#2658,#2659,#2660,#2661,#2662),
  .UNSPECIFIED.,.F.,.F.,(15,15),(0.,1.),.PIECEWISE_BEZIER_KNOTS.);
#2648 = CARTESIAN_POINT('',(0.,0.));
#2649 = CARTESIAN_POINT('',(-4.700240197053E-12,6.058785831927));
#2650 = CARTESIAN_POINT('',(4.121372862808,12.117573900282));
#2651 = CARTESIAN_POINT('',(12.36412385711,16.643061178737));
#2652 = CARTESIAN_POINT('',(23.49560168009,18.102117543652));
#2653 = CARTESIAN_POINT('',(35.050737547576,15.511187623637));
#2654 = CARTESIAN_POINT('',(43.871792331624,8.989450811068));
#2655 = CARTESIAN_POINT('',(47.192743438804,1.814512984311E-10));
#2656 = CARTESIAN_POINT('',(43.871792331621,-8.989450811401));
#2657 = CARTESIAN_POINT('',(35.050737547579,-15.51118762338));
#2658 = CARTESIAN_POINT('',(23.495601680088,-18.10211754381));
#2659 = CARTESIAN_POINT('',(12.364123857111,-16.64306117865));
#2660 = CARTESIAN_POINT('',(4.121372862808,-12.11757390031));
#2661 = CARTESIAN_POINT('',(-4.622080496119E-12,-6.058785831921));
#2662 = CARTESIAN_POINT('',(7.105427357601E-15,1.42108547152E-14));
#2663 = ( GEOMETRIC_REPRESENTATION_CONTEXT(2) 
PARAMETRIC_REPRESENTATION_CONTEXT() REPRESENTATION_CONTEXT('2D SPACE',''
  ) );
#2664 = ORIENTED_EDGE('',*,*,#2665,.T.);
#2665 = EDGE_CURVE('',#2619,#2666,#2668,.T.);
#2666 = VERTEX_POINT('',#2667);
#2667 = CARTESIAN_POINT('',(3.732227373623,-51.87238081681,-72.));
#2668 = SURFACE_CURVE('',#2669,(#2678,#2690),.PCURVE_S1.);
#2669 = B_SPLINE_CURVE_WITH_KNOTS('',7,(#2670,#2671,#2672,#2673,#2674,
    #2675,#2676,#2677),.UNSPECIFIED.,.F.,.F.,(8,8),(0.,1.),
  .PIECEWISE_BEZIER_KNOTS.);
#2670 = CARTESIAN_POINT('',(4.244668978296,-52.65880128922,-76.));
#2671 = CARTESIAN_POINT('',(4.191363651642,-52.58952054577,
    -75.42365080162));
#2672 = CARTESIAN_POINT('',(4.126999266392,-52.50342979893,
    -74.84892422591));
#2673 = CARTESIAN_POINT('',(4.054400239727,-52.40218671886,
    -74.27591664921));
#2674 = CARTESIAN_POINT('',(3.976366232487,-52.28722531507,
    -73.70463261649));
#2675 = CARTESIAN_POINT('',(3.895339499546,-52.15984580529,
    -73.13499872738));
#2676 = CARTESIAN_POINT('',(3.813384278834,-52.02121768121,
    -72.56686451909));
#2677 = CARTESIAN_POINT('',(3.732227287722,-51.87238065927,-71.9999994)
  );
#2678 = PCURVE('',#1297,#2679);
#2679 = DEFINITIONAL_REPRESENTATION('',(#2680),#2689);
#2680 = B_SPLINE_CURVE_WITH_KNOTS('',7,(#2681,#2682,#2683,#2684,#2685,
    #2686,#2687,#2688),.UNSPECIFIED.,.F.,.F.,(8,8),(0.,1.),
  .PIECEWISE_BEZIER_KNOTS.);
#2681 = CARTESIAN_POINT('',(0.785858399004,0.));
#2682 = CARTESIAN_POINT('',(0.784889623847,7.4686136302E-03));
#2683 = CARTESIAN_POINT('',(0.783900645279,1.48694922177E-02));
#2684 = CARTESIAN_POINT('',(0.782908157436,2.220532669406E-02));
#2685 = CARTESIAN_POINT('',(0.781927733541,2.947963482035E-02));
#2686 = CARTESIAN_POINT('',(0.780971847707,3.669657355817E-02));
#2687 = CARTESIAN_POINT('',(0.780050352777,4.386094865306E-02));
#2688 = CARTESIAN_POINT('',(0.77917093191,5.097826864419E-02));
#2689 = ( GEOMETRIC_REPRESENTATION_CONTEXT(2) 
PARAMETRIC_REPRESENTATION_CONTEXT() REPRESENTATION_CONTEXT('2D SPACE',''
  ) );
#2690 = PCURVE('',#1921,#2691);
#2691 = DEFINITIONAL_REPRESENTATION('',(#2692),#2701);
#2692 = B_SPLINE_CURVE_WITH_KNOTS('',7,(#2693,#2694,#2695,#2696,#2697,
    #2698,#2699,#2700),.UNSPECIFIED.,.F.,.F.,(8,8),(0.,1.),
  .PIECEWISE_BEZIER_KNOTS.);
#2693 = CARTESIAN_POINT('',(-3.79740114281,-11.));
#2694 = CARTESIAN_POINT('',(-3.782832074298,-11.57634919837));
#2695 = CARTESIAN_POINT('',(-3.764918564416,-12.15107577408));
#2696 = CARTESIAN_POINT('',(-3.744161550734,-12.72408335078));
#2697 = CARTESIAN_POINT('',(-3.721019652764,-13.2953673835));
#2698 = CARTESIAN_POINT('',(-3.695878761913,-13.86500127261));
#2699 = CARTESIAN_POINT('',(-3.66905464855,-14.4331354809));
#2700 = CARTESIAN_POINT('',(-3.640800388151,-15.0000006));
#2701 = ( GEOMETRIC_REPRESENTATION_CONTEXT(2) 
PARAMETRIC_REPRESENTATION_CONTEXT() REPRESENTATION_CONTEXT('2D SPACE',''
  ) );
#2702 = ORIENTED_EDGE('',*,*,#2703,.F.);
#2703 = EDGE_CURVE('',#1894,#2666,#2704,.T.);
#2704 = SURFACE_CURVE('',#2705,(#2718,#2734),.PCURVE_S1.);
#2705 = B_SPLINE_CURVE_WITH_KNOTS('',6,(#2706,#2707,#2708,#2709,#2710,
    #2711,#2712,#2713,#2714,#2715,#2716,#2717),.UNSPECIFIED.,.F.,.F.,(7,
    5,7),(0.,0.482359592071,1.),.UNSPECIFIED.);
#2706 = CARTESIAN_POINT('',(15.,-47.45430036928,-72.));
#2707 = CARTESIAN_POINT('',(14.172372688378,-48.08948393493,-72.));
#2708 = CARTESIAN_POINT('',(13.301124258295,-48.66739543722,-72.));
#2709 = CARTESIAN_POINT('',(12.394637783812,-49.18974519324,-72.));
#2710 = CARTESIAN_POINT('',(11.459763431278,-49.65822380671,-72.));
#2711 = CARTESIAN_POINT('',(10.501946039894,-50.07469071778,-72.));
#2712 = CARTESIAN_POINT('',(8.476656773817,-50.83371395293,-72.));
#2713 = CARTESIAN_POINT('',(7.406653127988,-51.16850128246,-72.));
#2714 = CARTESIAN_POINT('',(6.320025527402,-51.44722424356,-72.));
#2715 = CARTESIAN_POINT('',(5.22105365389,-51.67128922207,-72.));
#2716 = CARTESIAN_POINT('',(4.113388352865,-51.84181978076,-72.));
#2717 = CARTESIAN_POINT('',(3.,-51.95942805402,-72.));
#2718 = PCURVE('',#1297,#2719);
#2719 = DEFINITIONAL_REPRESENTATION('',(#2720),#2733);
#2720 = B_SPLINE_CURVE_WITH_KNOTS('',6,(#2721,#2722,#2723,#2724,#2725,
    #2726,#2727,#2728,#2729,#2730,#2731,#2732),.UNSPECIFIED.,.F.,.F.,(7,
    5,7),(0.,0.482359592071,1.),.UNSPECIFIED.);
#2721 = CARTESIAN_POINT('',(0.880827793433,5.097826111084E-02));
#2722 = CARTESIAN_POINT('',(0.871378542776,5.097826111084E-02));
#2723 = CARTESIAN_POINT('',(0.862155656958,5.097826111084E-02));
#2724 = CARTESIAN_POINT('',(0.853129951294,5.097826111084E-02));
#2725 = CARTESIAN_POINT('',(0.844278327572,5.097826111084E-02));
#2726 = CARTESIAN_POINT('',(0.835577270372,5.097826111084E-02));
#2727 = CARTESIAN_POINT('',(0.817795369664,5.097826111084E-02));
#2728 = CARTESIAN_POINT('',(0.808736466798,5.097826111084E-02));
#2729 = CARTESIAN_POINT('',(0.799792008756,5.097826111084E-02));
#2730 = CARTESIAN_POINT('',(0.790937424122,5.097826111084E-02));
#2731 = CARTESIAN_POINT('',(0.782148980585,5.097826111084E-02));
#2732 = CARTESIAN_POINT('',(0.773401036093,5.097826111084E-02));
#2733 = ( GEOMETRIC_REPRESENTATION_CONTEXT(2) 
PARAMETRIC_REPRESENTATION_CONTEXT() REPRESENTATION_CONTEXT('2D SPACE',''
  ) );
#2734 = PCURVE('',#2735,#2740);
#2735 = PLANE('',#2736);
#2736 = AXIS2_PLACEMENT_3D('',#2737,#2738,#2739);
#2737 = CARTESIAN_POINT('',(9.,-49.,-72.));
#2738 = DIRECTION('',(0.,0.,1.));
#2739 = DIRECTION('',(1.,0.,-0.));
#2740 = DEFINITIONAL_REPRESENTATION('',(#2741),#2754);
#2741 = B_SPLINE_CURVE_WITH_KNOTS('',6,(#2742,#2743,#2744,#2745,#2746,
    #2747,#2748,#2749,#2750,#2751,#2752,#2753),.UNSPECIFIED.,.F.,.F.,(7,
    5,7),(0.,0.482359592071,1.),.UNSPECIFIED.);
#2742 = CARTESIAN_POINT('',(6.,1.54569963072));
#2743 = CARTESIAN_POINT('',(5.172372688378,0.910516065065));
#2744 = CARTESIAN_POINT('',(4.301124258295,0.332604562779));
#2745 = CARTESIAN_POINT('',(3.394637783812,-0.189745193242));
#2746 = CARTESIAN_POINT('',(2.459763431278,-0.658223806716));
#2747 = CARTESIAN_POINT('',(1.501946039894,-1.07469071778));
#2748 = CARTESIAN_POINT('',(-0.523343226183,-1.833713952934));
#2749 = CARTESIAN_POINT('',(-1.593346872012,-2.16850128246));
#2750 = CARTESIAN_POINT('',(-2.679974472598,-2.447224243567));
#2751 = CARTESIAN_POINT('',(-3.77894634611,-2.671289222076));
#2752 = CARTESIAN_POINT('',(-4.886611647135,-2.841819780765));
#2753 = CARTESIAN_POINT('',(-6.,-2.959428054022));
#2754 = ( GEOMETRIC_REPRESENTATION_CONTEXT(2) 
PARAMETRIC_REPRESENTATION_CONTEXT() REPRESENTATION_CONTEXT('2D SPACE',''
  ) );
#2755 = FACE_BOUND('',#2756,.T.);
#2756 = EDGE_LOOP('',(#2757,#2796,#3068,#3097));
#2757 = ORIENTED_EDGE('',*,*,#2758,.F.);
#2758 = EDGE_CURVE('',#2759,#2761,#2763,.T.);
#2759 = VERTEX_POINT('',#2760);
#2760 = CARTESIAN_POINT('',(-1.5,-50.,-65.947132574));
#2761 = VERTEX_POINT('',#2762);
#2762 = CARTESIAN_POINT('',(1.5,-50.,-65.94713257636));
#2763 = SURFACE_CURVE('',#2764,(#2771,#2781),.PCURVE_S1.);
#2764 = B_SPLINE_CURVE_WITH_KNOTS('',5,(#2765,#2766,#2767,#2768,#2769,
    #2770),.UNSPECIFIED.,.F.,.F.,(6,6),(0.,1.),
  .PIECEWISE_BEZIER_KNOTS.);
#2765 = CARTESIAN_POINT('',(-1.5,-50.,-65.947132574));
#2766 = CARTESIAN_POINT('',(-0.903268950063,-50.,-65.87053372219));
#2767 = CARTESIAN_POINT('',(-0.301632574492,-50.,-65.83185019177));
#2768 = CARTESIAN_POINT('',(0.301635500922,-50.,-65.83185080632));
#2769 = CARTESIAN_POINT('',(0.903267106184,-50.,-65.8705334871));
#2770 = CARTESIAN_POINT('',(1.5,-50.,-65.94713257636));
#2771 = PCURVE('',#1297,#2772);
#2772 = DEFINITIONAL_REPRESENTATION('',(#2773),#2780);
#2773 = B_SPLINE_CURVE_WITH_KNOTS('',5,(#2774,#2775,#2776,#2777,#2778,
    #2779),.UNSPECIFIED.,.F.,.F.,(6,6),(0.,1.),
  .PIECEWISE_BEZIER_KNOTS.);
#2774 = CARTESIAN_POINT('',(0.739029669504,0.125718792159));
#2775 = CARTESIAN_POINT('',(0.743406932694,0.126651740204));
#2776 = CARTESIAN_POINT('',(0.747800574513,0.127122570528));
#2777 = CARTESIAN_POINT('',(0.752199446923,0.127122563025));
#2778 = CARTESIAN_POINT('',(0.756593053802,0.126651743067));
#2779 = CARTESIAN_POINT('',(0.760970330517,0.12571879213));
#2780 = ( GEOMETRIC_REPRESENTATION_CONTEXT(2) 
PARAMETRIC_REPRESENTATION_CONTEXT() REPRESENTATION_CONTEXT('2D SPACE',''
  ) );
#2781 = PCURVE('',#2782,#2787);
#2782 = PLANE('',#2783);
#2783 = AXIS2_PLACEMENT_3D('',#2784,#2785,#2786);
#2784 = CARTESIAN_POINT('',(-1.5,-50.,-82.));
#2785 = DIRECTION('',(0.,1.,0.));
#2786 = DIRECTION('',(0.,0.,1.));
#2787 = DEFINITIONAL_REPRESENTATION('',(#2788),#2795);
#2788 = B_SPLINE_CURVE_WITH_KNOTS('',5,(#2789,#2790,#2791,#2792,#2793,
    #2794),.UNSPECIFIED.,.F.,.F.,(6,6),(0.,1.),
  .PIECEWISE_BEZIER_KNOTS.);
#2789 = CARTESIAN_POINT('',(16.052867425999,0.));
#2790 = CARTESIAN_POINT('',(16.129466277801,0.596731049937));
#2791 = CARTESIAN_POINT('',(16.168149808229,1.198367425508));
#2792 = CARTESIAN_POINT('',(16.168149193676,1.801635500922));
#2793 = CARTESIAN_POINT('',(16.129466512891,2.403267106184));
#2794 = CARTESIAN_POINT('',(16.052867423632,3.));
#2795 = ( GEOMETRIC_REPRESENTATION_CONTEXT(2) 
PARAMETRIC_REPRESENTATION_CONTEXT() REPRESENTATION_CONTEXT('2D SPACE',''
  ) );
#2796 = ORIENTED_EDGE('',*,*,#2797,.T.);
#2797 = EDGE_CURVE('',#2759,#2798,#2800,.T.);
#2798 = VERTEX_POINT('',#2799);
#2799 = CARTESIAN_POINT('',(-1.5,-26.47218824404,-10.));
#2800 = SURFACE_CURVE('',#2801,(#2888,#2978),.PCURVE_S1.);
#2801 = B_SPLINE_CURVE_WITH_KNOTS('',7,(#2802,#2803,#2804,#2805,#2806,
    #2807,#2808,#2809,#2810,#2811,#2812,#2813,#2814,#2815,#2816,#2817,
    #2818,#2819,#2820,#2821,#2822,#2823,#2824,#2825,#2826,#2827,#2828,
    #2829,#2830,#2831,#2832,#2833,#2834,#2835,#2836,#2837,#2838,#2839,
    #2840,#2841,#2842,#2843,#2844,#2845,#2846,#2847,#2848,#2849,#2850,
    #2851,#2852,#2853,#2854,#2855,#2856,#2857,#2858,#2859,#2860,#2861,
    #2862,#2863,#2864,#2865,#2866,#2867,#2868,#2869,#2870,#2871,#2872,
    #2873,#2874,#2875,#2876,#2877,#2878,#2879,#2880,#2881,#2882,#2883,
    #2884,#2885,#2886,#2887),.UNSPECIFIED.,.F.,.F.,(8,6,6,6,6,6,6,6,6,6,
    6,6,6,6,8),(0.,6.923136781287E-02,0.103274104652,0.144870488432,
    0.219205766734,0.262187733441,0.394311893325,0.430628836887,
    0.458125178644,0.51719632468,0.696385018809,0.855952653301,
    0.89868616604,0.961117565066,1.),.UNSPECIFIED.);
#2802 = CARTESIAN_POINT('',(-1.5,-50.,-65.947132574));
#2803 = CARTESIAN_POINT('',(-1.5,-49.78421964849,-65.38670835003));
#2804 = CARTESIAN_POINT('',(-1.5,-49.5655579345,-64.82739631707));
#2805 = CARTESIAN_POINT('',(-1.5,-49.34452998607,-64.26901266223));
#2806 = CARTESIAN_POINT('',(-1.5,-49.12158031904,-63.71139509341));
#2807 = CARTESIAN_POINT('',(-1.5,-48.89709258054,-63.15439896902));
#2808 = CARTESIAN_POINT('',(-1.5,-48.67139929264,-62.59789342771));
#2809 = CARTESIAN_POINT('',(-1.5,-48.33336311432,-61.76829204984));
#2810 = CARTESIAN_POINT('',(-1.5,-48.22171379198,-61.49491655805));
#2811 = CARTESIAN_POINT('',(-1.5,-48.10987808996,-61.22161719905));
#2812 = CARTESIAN_POINT('',(-1.5,-47.99788828327,-60.94838094231));
#2813 = CARTESIAN_POINT('',(-1.5,-47.88577446078,-60.67519557039));
#2814 = CARTESIAN_POINT('',(-1.5,-47.77356452521,-60.40204967896));
#2815 = CARTESIAN_POINT('',(-1.5,-47.52409029461,-59.79521451277));
#2816 = CARTESIAN_POINT('',(-1.5,-47.38679157456,-59.46153944156));
#2817 = CARTESIAN_POINT('',(-1.5,-47.2494349272,-59.12788817471));
#2818 = CARTESIAN_POINT('',(-1.5,-47.11206337093,-58.7942430184));
#2819 = CARTESIAN_POINT('',(-1.5,-46.97471604834,-58.46058787352));
#2820 = CARTESIAN_POINT('',(-1.5,-46.83742822618,-58.12690823565));
#2821 = CARTESIAN_POINT('',(-1.5,-46.45505200093,-57.19681846184));
#2822 = CARTESIAN_POINT('',(-1.5,-46.21016349814,-56.60032612758));
#2823 = CARTESIAN_POINT('',(-1.5,-45.96574653078,-56.00364011626));
#2824 = CARTESIAN_POINT('',(-1.5,-45.72194702908,-55.40670121787));
#2825 = CARTESIAN_POINT('',(-1.5,-45.47887898262,-54.8094639134));
#2826 = CARTESIAN_POINT('',(-1.5,-45.23662731301,-54.21189519979));
#2827 = CARTESIAN_POINT('',(-1.5,-44.85568256631,-53.26824451149));
#2828 = CARTESIAN_POINT('',(-1.5,-44.71640698643,-52.92239749492));
#2829 = CARTESIAN_POINT('',(-1.5,-44.5774351504,-52.57642824255));
#2830 = CARTESIAN_POINT('',(-1.5,-44.43877539252,-52.23033378279));
#2831 = CARTESIAN_POINT('',(-1.5,-44.30043323807,-51.88411229517));
#2832 = CARTESIAN_POINT('',(-1.5,-44.16241140331,-51.53776311027));
#2833 = CARTESIAN_POINT('',(-1.5,-43.60142276045,-50.12623764734));
#2834 = CARTESIAN_POINT('',(-1.5,-43.18116149029,-49.05998427974));
#2835 = CARTESIAN_POINT('',(-1.5,-42.76392847298,-47.99254212438));
#2836 = CARTESIAN_POINT('',(-1.5,-42.34949016088,-46.92401381635));
#2837 = CARTESIAN_POINT('',(-1.5,-41.93740598846,-45.85457784671));
#2838 = CARTESIAN_POINT('',(-1.5,-41.52706441589,-44.78447459659));
#2839 = CARTESIAN_POINT('',(-1.5,-41.0052112229,-43.41974567113));
#2840 = CARTESIAN_POINT('',(-1.5,-40.89277224749,-43.12547272879));
#2841 = CARTESIAN_POINT('',(-1.5,-40.78039361819,-42.83117676701));
#2842 = CARTESIAN_POINT('',(-1.5,-40.66805927429,-42.53686393401));
#2843 = CARTESIAN_POINT('',(-1.5,-40.55575254852,-42.24254059928));
#2844 = CARTESIAN_POINT('',(-1.5,-40.44345616697,-41.94821335356));
#2845 = CARTESIAN_POINT('',(-1.5,-40.24612452928,-41.43104969546));
#2846 = CARTESIAN_POINT('',(-1.5,-40.16109252448,-41.20821203679));
#2847 = CARTESIAN_POINT('',(-1.5,-40.07604849026,-40.98537898452));
#2848 = CARTESIAN_POINT('',(-1.5,-39.99098455705,-40.76255354247));
#2849 = CARTESIAN_POINT('',(-1.5,-39.90589273016,-40.53973876664));
#2850 = CARTESIAN_POINT('',(-1.5,-39.82076488986,-40.31693776517));
#2851 = CARTESIAN_POINT('',(-1.5,-39.55261523322,-39.61554057021));
#2852 = CARTESIAN_POINT('',(-1.5,-39.36943348782,-39.1370056724));
#2853 = CARTESIAN_POINT('',(-1.5,-39.18596605034,-38.65858011724));
#2854 = CARTESIAN_POINT('',(-1.5,-39.00212950064,-38.18029612148));
#2855 = CARTESIAN_POINT('',(-1.5,-38.81783963942,-37.70218656962));
#2856 = CARTESIAN_POINT('',(-1.5,-38.63301262441,-37.22428457707));
#2857 = CARTESIAN_POINT('',(-1.5,-37.88502548235,-35.29766615306));
#2858 = CARTESIAN_POINT('',(-1.5,-37.31677752325,-33.85090430723));
#2859 = CARTESIAN_POINT('',(-1.5,-36.74053274188,-32.40727812843));
#2860 = CARTESIAN_POINT('',(-1.5,-36.15413706481,-30.96772272429));
#2861 = CARTESIAN_POINT('',(-1.5,-35.55588150348,-29.53304145885));
#2862 = CARTESIAN_POINT('',(-1.5,-34.94485187474,-28.10376389423));
#2863 = CARTESIAN_POINT('',(-1.5,-33.76568911974,-25.41226603087));
#2864 = CARTESIAN_POINT('',(-1.5,-33.20016980415,-24.14885409034));
#2865 = CARTESIAN_POINT('',(-1.5,-32.62461868074,-22.88997358653));
#2866 = CARTESIAN_POINT('',(-1.5,-32.03967832564,-21.63544642094));
#2867 = CARTESIAN_POINT('',(-1.5,-31.44666521982,-20.38473525801));
#2868 = CARTESIAN_POINT('',(-1.5,-30.84761693448,-19.13692172672));
#2869 = CARTESIAN_POINT('',(-1.5,-30.0839945907,-17.55695493066));
#2870 = CARTESIAN_POINT('',(-1.5,-29.92245441778,-17.22332076222));
#2871 = CARTESIAN_POINT('',(-1.5,-29.76073238027,-16.88977463233));
#2872 = CARTESIAN_POINT('',(-1.5,-29.59888529445,-16.55628912362));
#2873 = CARTESIAN_POINT('',(-1.5,-29.43697387313,-16.22283483799));
#2874 = CARTESIAN_POINT('',(-1.5,-29.27506272564,-15.88938039668));
#2875 = CARTESIAN_POINT('',(-1.5,-28.8767772293,-15.06868419677));
#2876 = CARTESIAN_POINT('',(-1.5,-28.64048141995,-14.58140537138));
#2877 = CARTESIAN_POINT('',(-1.5,-28.40454630961,-14.09395074298));
#2878 = CARTESIAN_POINT('',(-1.5,-28.16920434807,-13.60620803681));
#2879 = CARTESIAN_POINT('',(-1.5,-27.93470772634,-13.1180576013));
#2880 = CARTESIAN_POINT('',(-1.5,-27.70132904777,-12.62937208491));
#2881 = CARTESIAN_POINT('',(-1.5,-27.32489232836,-11.83524396247));
#2882 = CARTESIAN_POINT('',(-1.5,-27.18097050529,-11.53021226092));
#2883 = CARTESIAN_POINT('',(-1.5,-27.03766747022,-11.22488851311));
#2884 = CARTESIAN_POINT('',(-1.5,-26.89505776991,-10.91923956224));
#2885 = CARTESIAN_POINT('',(-1.5,-26.75321955771,-10.61323158998));
#2886 = CARTESIAN_POINT('',(-1.5,-26.61223459358,-10.3068301164));
#2887 = CARTESIAN_POINT('',(-1.5,-26.47218824404,-10.));
#2888 = PCURVE('',#1297,#2889);
#2889 = DEFINITIONAL_REPRESENTATION('',(#2890),#2977);
#2890 = B_SPLINE_CURVE_WITH_KNOTS('',7,(#2891,#2892,#2893,#2894,#2895,
    #2896,#2897,#2898,#2899,#2900,#2901,#2902,#2903,#2904,#2905,#2906,
    #2907,#2908,#2909,#2910,#2911,#2912,#2913,#2914,#2915,#2916,#2917,
    #2918,#2919,#2920,#2921,#2922,#2923,#2924,#2925,#2926,#2927,#2928,
    #2929,#2930,#2931,#2932,#2933,#2934,#2935,#2936,#2937,#2938,#2939,
    #2940,#2941,#2942,#2943,#2944,#2945,#2946,#2947,#2948,#2949,#2950,
    #2951,#2952,#2953,#2954,#2955,#2956,#2957,#2958,#2959,#2960,#2961,
    #2962,#2963,#2964,#2965,#2966,#2967,#2968,#2969,#2970,#2971,#2972,
    #2973,#2974,#2975,#2976),.UNSPECIFIED.,.F.,.F.,(8,6,6,6,6,6,6,6,6,6,
    6,6,6,6,8),(0.,6.923136781287E-02,0.103274104652,0.144870488432,
    0.219205766734,0.262187733441,0.394311893325,0.430628836887,
    0.458125178644,0.51719632468,0.696385018809,0.855952653301,
    0.89868616604,0.961117565066,1.),.UNSPECIFIED.);
#2891 = CARTESIAN_POINT('',(0.739029669504,0.125718792159));
#2892 = CARTESIAN_POINT('',(0.739074399976,0.132544569199));
#2893 = CARTESIAN_POINT('',(0.739116163212,0.139340732366));
#2894 = CARTESIAN_POINT('',(0.739155422383,0.146111151734));
#2895 = CARTESIAN_POINT('',(0.739192568042,0.152859293939));
#2896 = CARTESIAN_POINT('',(0.739227931588,0.159588291741));
#2897 = CARTESIAN_POINT('',(0.739261798722,0.166301013587));
#2898 = CARTESIAN_POINT('',(0.739310465021,0.176294252173));
#2899 = CARTESIAN_POINT('',(0.739326206528,0.179585075027));
#2900 = CARTESIAN_POINT('',(0.7393416771,0.182872912392));
#2901 = CARTESIAN_POINT('',(0.739356904569,0.186158061045));
#2902 = CARTESIAN_POINT('',(0.739371914943,0.18944080387));
#2903 = CARTESIAN_POINT('',(0.739386732399,0.192721409856));
#2904 = CARTESIAN_POINT('',(0.739419276137,0.200006365237));
#2905 = CARTESIAN_POINT('',(0.73943691861,0.204009787993));
#2906 = CARTESIAN_POINT('',(0.739454347478,0.20801086731));
#2907 = CARTESIAN_POINT('',(0.739471600476,0.212010042003));
#2908 = CARTESIAN_POINT('',(0.739488712307,0.216007724762));
#2909 = CARTESIAN_POINT('',(0.739505714639,0.220004302152));
#2910 = CARTESIAN_POINT('',(0.739552875799,0.231140931266));
#2911 = CARTESIAN_POINT('',(0.73958285778,0.238279352019));
#2912 = CARTESIAN_POINT('',(0.739612747005,0.245417461737));
#2913 = CARTESIAN_POINT('',(0.739642682306,0.25255708685));
#2914 = CARTESIAN_POINT('',(0.739672779074,0.259699834029));
#2915 = CARTESIAN_POINT('',(0.739703131954,0.266847108856));
#2916 = CARTESIAN_POINT('',(0.73975156047,0.278136139866));
#2917 = CARTESIAN_POINT('',(0.739769414674,0.282274068674));
#2918 = CARTESIAN_POINT('',(0.739787394763,0.286414156391));
#2919 = CARTESIAN_POINT('',(0.739805513446,0.290556619295));
#2920 = CARTESIAN_POINT('',(0.739823781521,0.294701654476));
#2921 = CARTESIAN_POINT('',(0.739842207874,0.298849439836));
#2922 = CARTESIAN_POINT('',(0.739917949043,0.315759135884));
#2923 = CARTESIAN_POINT('',(0.739976660748,0.328545650988));
#2924 = CARTESIAN_POINT('',(0.7400371405,0.341364268867));
#2925 = CARTESIAN_POINT('',(0.740099438426,0.354218051441));
#2926 = CARTESIAN_POINT('',(0.740163473514,0.367108632218));
#2927 = CARTESIAN_POINT('',(0.740229059382,0.380036309333));
#2928 = CARTESIAN_POINT('',(0.740314312217,0.396563496124));
#2929 = CARTESIAN_POINT('',(0.74033279044,0.400129592014));
#2930 = CARTESIAN_POINT('',(0.740351360301,0.403698400657));
#2931 = CARTESIAN_POINT('',(0.74037001587,0.407269895699));
#2932 = CARTESIAN_POINT('',(0.740388750834,0.410844043881));
#2933 = CARTESIAN_POINT('',(0.740407558501,0.414420805049));
#2934 = CARTESIAN_POINT('',(0.740440721172,0.42071011794));
#2935 = CARTESIAN_POINT('',(0.740455048186,0.423421574641));
#2936 = CARTESIAN_POINT('',(0.740469409777,0.426134481847));
#2937 = CARTESIAN_POINT('',(0.740483802792,0.428848816995));
#2938 = CARTESIAN_POINT('',(0.740498223996,0.431564555359));
#2939 = CARTESIAN_POINT('',(0.740512670062,0.434281670049));
#2940 = CARTESIAN_POINT('',(0.740558218529,0.442840278506));
#2941 = CARTESIAN_POINT('',(0.740589398488,0.448686642107));
#2942 = CARTESIAN_POINT('',(0.740620643724,0.454538937069));
#2943 = CARTESIAN_POINT('',(0.740651918967,0.460396830206));
#2944 = CARTESIAN_POINT('',(0.740683187874,0.466259944554));
#2945 = CARTESIAN_POINT('',(0.740714413498,0.472127863024));
#2946 = CARTESIAN_POINT('',(0.740840035971,0.495813299591));
#2947 = CARTESIAN_POINT('',(0.740933774751,0.513666717781));
#2948 = CARTESIAN_POINT('',(0.741025738386,0.531547459185));
#2949 = CARTESIAN_POINT('',(0.741114874941,0.549439381348));
#2950 = CARTESIAN_POINT('',(0.741200233339,0.567324276498));
#2951 = CARTESIAN_POINT('',(0.741281036495,0.585183650439));
#2952 = CARTESIAN_POINT('',(0.741424080529,0.618865723883));
#2953 = CARTESIAN_POINT('',(0.741487387201,0.63469775269));
#2954 = CARTESIAN_POINT('',(0.741546207439,0.650483770403));
#2955 = CARTESIAN_POINT('',(0.741600257808,0.666213220966));
#2956 = CARTESIAN_POINT('',(0.741649388859,0.681878272721));
#2957 = CARTESIAN_POINT('',(0.741693580404,0.697474317289));
#2958 = CARTESIAN_POINT('',(0.741743466034,0.71715807863));
#2959 = CARTESIAN_POINT('',(0.741753656375,0.721310993961));
#2960 = CARTESIAN_POINT('',(0.741763501235,0.725458864955));
#2961 = CARTESIAN_POINT('',(0.741773003082,0.729601690319));
#2962 = CARTESIAN_POINT('',(0.741782164984,0.733739485981));
#2963 = CARTESIAN_POINT('',(0.741790990602,0.737872285091));
#2964 = CARTESIAN_POINT('',(0.74181189288,0.748030712544));
#2965 = CARTESIAN_POINT('',(0.741823592867,0.754050718319));
#2966 = CARTESIAN_POINT('',(0.74183459746,0.760060326644));
#2967 = CARTESIAN_POINT('',(0.74184492256,0.766059762648));
#2968 = CARTESIAN_POINT('',(0.741854586729,0.772049307343));
#2969 = CARTESIAN_POINT('',(0.741863611257,0.778029299675));
#2970 = CARTESIAN_POINT('',(0.741877257356,0.787718792315));
#2971 = CARTESIAN_POINT('',(0.741882255721,0.791433889274));
#2972 = CARTESIAN_POINT('',(0.741887021122,0.79514552347));
#2973 = CARTESIAN_POINT('',(0.7418915598,0.798853790932));
#2974 = CARTESIAN_POINT('',(0.741895878436,0.802558789702));
#2975 = CARTESIAN_POINT('',(0.741899984154,0.806260619838));
#2976 = CARTESIAN_POINT('',(0.741903884518,0.80995938341));
#2977 = ( GEOMETRIC_REPRESENTATION_CONTEXT(2) 
PARAMETRIC_REPRESENTATION_CONTEXT() REPRESENTATION_CONTEXT('2D SPACE',''
  ) );
#2978 = PCURVE('',#2529,#2979);
#2979 = DEFINITIONAL_REPRESENTATION('',(#2980),#3067);
#2980 = B_SPLINE_CURVE_WITH_KNOTS('',7,(#2981,#2982,#2983,#2984,#2985,
    #2986,#2987,#2988,#2989,#2990,#2991,#2992,#2993,#2994,#2995,#2996,
    #2997,#2998,#2999,#3000,#3001,#3002,#3003,#3004,#3005,#3006,#3007,
    #3008,#3009,#3010,#3011,#3012,#3013,#3014,#3015,#3016,#3017,#3018,
    #3019,#3020,#3021,#3022,#3023,#3024,#3025,#3026,#3027,#3028,#3029,
    #3030,#3031,#3032,#3033,#3034,#3035,#3036,#3037,#3038,#3039,#3040,
    #3041,#3042,#3043,#3044,#3045,#3046,#3047,#3048,#3049,#3050,#3051,
    #3052,#3053,#3054,#3055,#3056,#3057,#3058,#3059,#3060,#3061,#3062,
    #3063,#3064,#3065,#3066),.UNSPECIFIED.,.F.,.F.,(8,6,6,6,6,6,6,6,6,6,
    6,6,6,6,8),(0.,6.923136781287E-02,0.103274104652,0.144870488432,
    0.219205766734,0.262187733441,0.394311893325,0.430628836887,
    0.458125178644,0.51719632468,0.696385018809,0.855952653301,
    0.89868616604,0.961117565066,1.),.UNSPECIFIED.);
#2981 = CARTESIAN_POINT('',(16.052867425999,0.));
#2982 = CARTESIAN_POINT('',(16.613291649965,-0.215780351502));
#2983 = CARTESIAN_POINT('',(17.172603682921,-0.434442065498));
#2984 = CARTESIAN_POINT('',(17.730987337762,-0.655470013925));
#2985 = CARTESIAN_POINT('',(18.288604906586,-0.87841968096));
#2986 = CARTESIAN_POINT('',(18.845601030978,-1.102907419453));
#2987 = CARTESIAN_POINT('',(19.402106572285,-1.328600707358));
#2988 = CARTESIAN_POINT('',(20.231707950152,-1.666636885673));
#2989 = CARTESIAN_POINT('',(20.50508344195,-1.778286208014));
#2990 = CARTESIAN_POINT('',(20.778382800946,-1.890121910035));
#2991 = CARTESIAN_POINT('',(21.051619057688,-2.002111716724));
#2992 = CARTESIAN_POINT('',(21.324804429609,-2.114225539215));
#2993 = CARTESIAN_POINT('',(21.597950321033,-2.226435474783));
#2994 = CARTESIAN_POINT('',(22.204785487226,-2.475909705382));
#2995 = CARTESIAN_POINT('',(22.538460558431,-2.613208425432));
#2996 = CARTESIAN_POINT('',(22.872111825284,-2.750565072791));
#2997 = CARTESIAN_POINT('',(23.205756981595,-2.887936629062));
#2998 = CARTESIAN_POINT('',(23.539412126477,-3.025283951659));
#2999 = CARTESIAN_POINT('',(23.873091764349,-3.162571773811));
#3000 = CARTESIAN_POINT('',(24.803181538152,-3.544947999067));
#3001 = CARTESIAN_POINT('',(25.399673872414,-3.789836501857));
#3002 = CARTESIAN_POINT('',(25.996359883737,-4.03425346922));
#3003 = CARTESIAN_POINT('',(26.593298782124,-4.278052970912));
#3004 = CARTESIAN_POINT('',(27.190536086594,-4.521121017379));
#3005 = CARTESIAN_POINT('',(27.78810480021,-4.763372686989));
#3006 = CARTESIAN_POINT('',(28.731755488504,-5.144317433688));
#3007 = CARTESIAN_POINT('',(29.077602505072,-5.283593013568));
#3008 = CARTESIAN_POINT('',(29.423571757449,-5.422564849593));
#3009 = CARTESIAN_POINT('',(29.769666217202,-5.561224607472));
#3010 = CARTESIAN_POINT('',(30.115887704823,-5.699566761926));
#3011 = CARTESIAN_POINT('',(30.46223688973,-5.837588596688));
#3012 = CARTESIAN_POINT('',(31.873762352656,-6.398577239542));
#3013 = CARTESIAN_POINT('',(32.940015720258,-6.81883850971));
#3014 = CARTESIAN_POINT('',(34.007457875613,-7.236071527019));
#3015 = CARTESIAN_POINT('',(35.075986183643,-7.650509839118));
#3016 = CARTESIAN_POINT('',(36.145422153289,-8.06259401154));
#3017 = CARTESIAN_POINT('',(37.215525403408,-8.472935584108));
#3018 = CARTESIAN_POINT('',(38.580254328863,-8.994788777097));
#3019 = CARTESIAN_POINT('',(38.874527271209,-9.107227752505));
#3020 = CARTESIAN_POINT('',(39.168823232986,-9.219606381808));
#3021 = CARTESIAN_POINT('',(39.463136065982,-9.331940725702));
#3022 = CARTESIAN_POINT('',(39.757459400714,-9.444247451476));
#3023 = CARTESIAN_POINT('',(40.051786646433,-9.556543833021));
#3024 = CARTESIAN_POINT('',(40.568950304538,-9.753875470714));
#3025 = CARTESIAN_POINT('',(40.79178796321,-9.838907475514));
#3026 = CARTESIAN_POINT('',(41.01462101548,-9.923951509731));
#3027 = CARTESIAN_POINT('',(41.237446457527,-10.00901544294));
#3028 = CARTESIAN_POINT('',(41.46026123336,-10.09410726983));
#3029 = CARTESIAN_POINT('',(41.683062234821,-10.17923511013));
#3030 = CARTESIAN_POINT('',(42.384459429789,-10.44738476677));
#3031 = CARTESIAN_POINT('',(42.862994327599,-10.63056651217));
#3032 = CARTESIAN_POINT('',(43.34141988276,-10.81403394965));
#3033 = CARTESIAN_POINT('',(43.819703878511,-10.99787049935));
#3034 = CARTESIAN_POINT('',(44.297813430374,-11.18216036057));
#3035 = CARTESIAN_POINT('',(44.775715422926,-11.36698737558));
#3036 = CARTESIAN_POINT('',(46.702333846933,-12.11497451764));
#3037 = CARTESIAN_POINT('',(48.149095692767,-12.68322247674));
#3038 = CARTESIAN_POINT('',(49.592721871565,-13.25946725811));
#3039 = CARTESIAN_POINT('',(51.032277275703,-13.84586293518));
#3040 = CARTESIAN_POINT('',(52.466958541146,-14.44411849651));
#3041 = CARTESIAN_POINT('',(53.896236105762,-15.05514812525));
#3042 = CARTESIAN_POINT('',(56.587733969121,-16.23431088025));
#3043 = CARTESIAN_POINT('',(57.851145909652,-16.79983019584));
#3044 = CARTESIAN_POINT('',(59.110026413464,-17.37538131925));
#3045 = CARTESIAN_POINT('',(60.364553579055,-17.96032167435));
#3046 = CARTESIAN_POINT('',(61.615264741983,-18.55333478017));
#3047 = CARTESIAN_POINT('',(62.863078273272,-19.15238306551));
#3048 = CARTESIAN_POINT('',(64.443045069339,-19.91600540929));
#3049 = CARTESIAN_POINT('',(64.776679237779,-20.07754558221));
#3050 = CARTESIAN_POINT('',(65.110225367661,-20.23926761972));
#3051 = CARTESIAN_POINT('',(65.443710876377,-20.40111470554));
#3052 = CARTESIAN_POINT('',(65.777165162006,-20.56302612686));
#3053 = CARTESIAN_POINT('',(66.110619603313,-20.72493727435));
#3054 = CARTESIAN_POINT('',(66.931315803229,-21.1232227707));
#3055 = CARTESIAN_POINT('',(67.418594628615,-21.35951858004));
#3056 = CARTESIAN_POINT('',(67.906049257016,-21.59545369039));
#3057 = CARTESIAN_POINT('',(68.393791963187,-21.83079565192));
#3058 = CARTESIAN_POINT('',(68.881942398696,-22.06529227365));
#3059 = CARTESIAN_POINT('',(69.370627915086,-22.29867095222));
#3060 = CARTESIAN_POINT('',(70.164756037527,-22.67510767163));
#3061 = CARTESIAN_POINT('',(70.469787739073,-22.8190294947));
#3062 = CARTESIAN_POINT('',(70.775111486888,-22.96233252977));
#3063 = CARTESIAN_POINT('',(71.080760437752,-23.10494223008));
#3064 = CARTESIAN_POINT('',(71.386768410015,-23.24678044228));
#3065 = CARTESIAN_POINT('',(71.6931698836,-23.38776540641));
#3066 = CARTESIAN_POINT('',(72.,-23.52781175595));
#3067 = ( GEOMETRIC_REPRESENTATION_CONTEXT(2) 
PARAMETRIC_REPRESENTATION_CONTEXT() REPRESENTATION_CONTEXT('2D SPACE',''
  ) );
#3068 = ORIENTED_EDGE('',*,*,#3069,.F.);
#3069 = EDGE_CURVE('',#3070,#2798,#3072,.T.);
#3070 = VERTEX_POINT('',#3071);
#3071 = CARTESIAN_POINT('',(1.5,-26.47218824308,-10.));
#3072 = SURFACE_CURVE('',#3073,(#3079,#3088),.PCURVE_S1.);
#3073 = B_SPLINE_CURVE_WITH_KNOTS('',4,(#3074,#3075,#3076,#3077,#3078),
  .UNSPECIFIED.,.F.,.F.,(5,5),(0.,1.),.PIECEWISE_BEZIER_KNOTS.);
#3074 = CARTESIAN_POINT('',(1.5,-26.47218824308,-10.));
#3075 = CARTESIAN_POINT('',(0.750343902284,-26.50000521829,-10.));
#3076 = CARTESIAN_POINT('',(1.235633817487E-11,-26.50926354009,-10.));
#3077 = CARTESIAN_POINT('',(-0.750343902268,-26.50000521882,-10.));
#3078 = CARTESIAN_POINT('',(-1.5,-26.47218824404,-10.));
#3079 = PCURVE('',#1297,#3080);
#3080 = DEFINITIONAL_REPRESENTATION('',(#3081),#3087);
#3081 = B_SPLINE_CURVE_WITH_KNOTS('',4,(#3082,#3083,#3084,#3085,#3086),
  .UNSPECIFIED.,.F.,.F.,(5,5),(0.,1.),.PIECEWISE_BEZIER_KNOTS.);
#3082 = CARTESIAN_POINT('',(0.758096115503,0.80995938341));
#3083 = CARTESIAN_POINT('',(0.754046420211,0.80995938341));
#3084 = CARTESIAN_POINT('',(0.750000000011,0.80995938341));
#3085 = CARTESIAN_POINT('',(0.745953579812,0.80995938341));
#3086 = CARTESIAN_POINT('',(0.741903884518,0.80995938341));
#3087 = ( GEOMETRIC_REPRESENTATION_CONTEXT(2) 
PARAMETRIC_REPRESENTATION_CONTEXT() REPRESENTATION_CONTEXT('2D SPACE',''
  ) );
#3088 = PCURVE('',#2345,#3089);
#3089 = DEFINITIONAL_REPRESENTATION('',(#3090),#3096);
#3090 = B_SPLINE_CURVE_WITH_KNOTS('',4,(#3091,#3092,#3093,#3094,#3095),
  .UNSPECIFIED.,.F.,.F.,(5,5),(0.,1.),.PIECEWISE_BEZIER_KNOTS.);
#3091 = CARTESIAN_POINT('',(3.,23.52781175692));
#3092 = CARTESIAN_POINT('',(2.250343902284,23.499994781708));
#3093 = CARTESIAN_POINT('',(1.500000000012,23.490736459902));
#3094 = CARTESIAN_POINT('',(0.749656097732,23.499994781175));
#3095 = CARTESIAN_POINT('',(0.,23.527811755952));
#3096 = ( GEOMETRIC_REPRESENTATION_CONTEXT(2) 
PARAMETRIC_REPRESENTATION_CONTEXT() REPRESENTATION_CONTEXT('2D SPACE',''
  ) );
#3097 = ORIENTED_EDGE('',*,*,#3098,.F.);
#3098 = EDGE_CURVE('',#2761,#3070,#3099,.T.);
#3099 = SURFACE_CURVE('',#3100,(#3187,#3277),.PCURVE_S1.);
#3100 = B_SPLINE_CURVE_WITH_KNOTS('',7,(#3101,#3102,#3103,#3104,#3105,
    #3106,#3107,#3108,#3109,#3110,#3111,#3112,#3113,#3114,#3115,#3116,
    #3117,#3118,#3119,#3120,#3121,#3122,#3123,#3124,#3125,#3126,#3127,
    #3128,#3129,#3130,#3131,#3132,#3133,#3134,#3135,#3136,#3137,#3138,
    #3139,#3140,#3141,#3142,#3143,#3144,#3145,#3146,#3147,#3148,#3149,
    #3150,#3151,#3152,#3153,#3154,#3155,#3156,#3157,#3158,#3159,#3160,
    #3161,#3162,#3163,#3164,#3165,#3166,#3167,#3168,#3169,#3170,#3171,
    #3172,#3173,#3174,#3175,#3176,#3177,#3178,#3179,#3180,#3181,#3182,
    #3183,#3184,#3185,#3186),.UNSPECIFIED.,.F.,.F.,(8,6,6,6,6,6,6,6,6,6,
    6,6,6,6,8),(0.,6.923136785196E-02,0.10327410469,0.144870488468,
    0.219205766768,0.262187733472,0.394311893351,0.430628836912,
    0.458125178667,0.517196324701,0.696385018822,0.855952653307,
    0.898686166044,0.961117565068,1.),.UNSPECIFIED.);
#3101 = CARTESIAN_POINT('',(1.5,-50.,-65.94713257636));
#3102 = CARTESIAN_POINT('',(1.5,-49.78421964837,-65.38670835206));
#3103 = CARTESIAN_POINT('',(1.5,-49.56555793425,-64.82739631876));
#3104 = CARTESIAN_POINT('',(1.5,-49.34452998569,-64.26901266358));
#3105 = CARTESIAN_POINT('',(1.5,-49.12158031853,-63.71139509442));
#3106 = CARTESIAN_POINT('',(1.5,-48.8970925799,-63.15439896969));
#3107 = CARTESIAN_POINT('',(1.5,-48.67139929186,-62.59789342805));
#3108 = CARTESIAN_POINT('',(1.5,-48.33336311341,-61.76829204984));
#3109 = CARTESIAN_POINT('',(1.5,-48.22171379106,-61.49491655805));
#3110 = CARTESIAN_POINT('',(1.5,-48.10987808904,-61.22161719905));
#3111 = CARTESIAN_POINT('',(1.5,-47.99788828235,-60.94838094231));
#3112 = CARTESIAN_POINT('',(1.5,-47.88577445986,-60.67519557039));
#3113 = CARTESIAN_POINT('',(1.5,-47.77356452429,-60.40204967896));
#3114 = CARTESIAN_POINT('',(1.5,-47.52409029369,-59.79521451277));
#3115 = CARTESIAN_POINT('',(1.5,-47.38679157364,-59.46153944156));
#3116 = CARTESIAN_POINT('',(1.5,-47.24943492628,-59.12788817471));
#3117 = CARTESIAN_POINT('',(1.5,-47.11206337001,-58.7942430184));
#3118 = CARTESIAN_POINT('',(1.5,-46.97471604742,-58.46058787352));
#3119 = CARTESIAN_POINT('',(1.5,-46.83742822526,-58.12690823565));
#3120 = CARTESIAN_POINT('',(1.5,-46.45505200001,-57.19681846184));
#3121 = CARTESIAN_POINT('',(1.5,-46.21016349722,-56.60032612758));
#3122 = CARTESIAN_POINT('',(1.5,-45.96574652985,-56.00364011626));
#3123 = CARTESIAN_POINT('',(1.5,-45.72194702816,-55.40670121787));
#3124 = CARTESIAN_POINT('',(1.5,-45.47887898169,-54.8094639134));
#3125 = CARTESIAN_POINT('',(1.5,-45.23662731208,-54.21189519979));
#3126 = CARTESIAN_POINT('',(1.5,-44.85568256538,-53.26824451149));
#3127 = CARTESIAN_POINT('',(1.5,-44.7164069855,-52.92239749492));
#3128 = CARTESIAN_POINT('',(1.5,-44.57743514948,-52.57642824255));
#3129 = CARTESIAN_POINT('',(1.5,-44.4387753916,-52.23033378279));
#3130 = CARTESIAN_POINT('',(1.5,-44.30043323714,-51.88411229517));
#3131 = CARTESIAN_POINT('',(1.5,-44.16241140238,-51.53776311027));
#3132 = CARTESIAN_POINT('',(1.5,-43.60142275953,-50.12623764734));
#3133 = CARTESIAN_POINT('',(1.5,-43.18116148936,-49.05998427973));
#3134 = CARTESIAN_POINT('',(1.5,-42.76392847205,-47.99254212438));
#3135 = CARTESIAN_POINT('',(1.5,-42.34949015995,-46.92401381635));
#3136 = CARTESIAN_POINT('',(1.5,-41.93740598752,-45.8545778467));
#3137 = CARTESIAN_POINT('',(1.5,-41.52706441496,-44.78447459659));
#3138 = CARTESIAN_POINT('',(1.5,-41.00521122197,-43.41974567113));
#3139 = CARTESIAN_POINT('',(1.5,-40.89277224656,-43.12547272879));
#3140 = CARTESIAN_POINT('',(1.5,-40.78039361726,-42.83117676701));
#3141 = CARTESIAN_POINT('',(1.5,-40.66805927336,-42.53686393401));
#3142 = CARTESIAN_POINT('',(1.5,-40.55575254759,-42.24254059928));
#3143 = CARTESIAN_POINT('',(1.5,-40.44345616604,-41.94821335356));
#3144 = CARTESIAN_POINT('',(1.5,-40.24612452835,-41.43104969546));
#3145 = CARTESIAN_POINT('',(1.5,-40.16109252355,-41.20821203679));
#3146 = CARTESIAN_POINT('',(1.5,-40.07604848933,-40.98537898452));
#3147 = CARTESIAN_POINT('',(1.5,-39.99098455611,-40.76255354247));
#3148 = CARTESIAN_POINT('',(1.5,-39.90589272923,-40.53973876664));
#3149 = CARTESIAN_POINT('',(1.5,-39.82076488893,-40.31693776517));
#3150 = CARTESIAN_POINT('',(1.5,-39.55261523229,-39.61554057021));
#3151 = CARTESIAN_POINT('',(1.5,-39.36943348689,-39.1370056724));
#3152 = CARTESIAN_POINT('',(1.5,-39.18596604941,-38.65858011724));
#3153 = CARTESIAN_POINT('',(1.5,-39.00212949971,-38.18029612148));
#3154 = CARTESIAN_POINT('',(1.5,-38.81783963848,-37.70218656962));
#3155 = CARTESIAN_POINT('',(1.5,-38.63301262347,-37.22428457707));
#3156 = CARTESIAN_POINT('',(1.5,-37.88502548141,-35.29766615307));
#3157 = CARTESIAN_POINT('',(1.5,-37.3167775223,-33.8509043072));
#3158 = CARTESIAN_POINT('',(1.5,-36.74053274096,-32.40727812849));
#3159 = CARTESIAN_POINT('',(1.5,-36.15413706385,-30.96772272424));
#3160 = CARTESIAN_POINT('',(1.5,-35.55588150254,-29.53304145888));
#3161 = CARTESIAN_POINT('',(1.5,-34.94485187379,-28.10376389423));
#3162 = CARTESIAN_POINT('',(1.5,-33.76568911879,-25.41226603087));
#3163 = CARTESIAN_POINT('',(1.5,-33.2001698032,-24.14885409034));
#3164 = CARTESIAN_POINT('',(1.5,-32.62461867979,-22.88997358653));
#3165 = CARTESIAN_POINT('',(1.5,-32.03967832468,-21.63544642094));
#3166 = CARTESIAN_POINT('',(1.5,-31.44666521887,-20.38473525801));
#3167 = CARTESIAN_POINT('',(1.5,-30.84761693352,-19.13692172672));
#3168 = CARTESIAN_POINT('',(1.5,-30.08399458974,-17.55695493066));
#3169 = CARTESIAN_POINT('',(1.5,-29.92245441682,-17.22332076222));
#3170 = CARTESIAN_POINT('',(1.5,-29.76073237931,-16.88977463233));
#3171 = CARTESIAN_POINT('',(1.5,-29.59888529349,-16.55628912362));
#3172 = CARTESIAN_POINT('',(1.5,-29.43697387217,-16.22283483799));
#3173 = CARTESIAN_POINT('',(1.5,-29.27506272468,-15.88938039668));
#3174 = CARTESIAN_POINT('',(1.5,-28.87677722833,-15.06868419677));
#3175 = CARTESIAN_POINT('',(1.5,-28.64048141899,-14.58140537138));
#3176 = CARTESIAN_POINT('',(1.5,-28.40454630864,-14.09395074298));
#3177 = CARTESIAN_POINT('',(1.5,-28.1692043471,-13.60620803681));
#3178 = CARTESIAN_POINT('',(1.5,-27.93470772537,-13.1180576013));
#3179 = CARTESIAN_POINT('',(1.5,-27.70132904681,-12.62937208491));
#3180 = CARTESIAN_POINT('',(1.5,-27.32489232739,-11.83524396247));
#3181 = CARTESIAN_POINT('',(1.5,-27.18097050432,-11.53021226092));
#3182 = CARTESIAN_POINT('',(1.5,-27.03766746925,-11.22488851311));
#3183 = CARTESIAN_POINT('',(1.5,-26.89505776894,-10.91923956224));
#3184 = CARTESIAN_POINT('',(1.5,-26.75321955674,-10.61323158998));
#3185 = CARTESIAN_POINT('',(1.5,-26.61223459261,-10.3068301164));
#3186 = CARTESIAN_POINT('',(1.5,-26.47218824308,-10.));
#3187 = PCURVE('',#1297,#3188);
#3188 = DEFINITIONAL_REPRESENTATION('',(#3189),#3276);
#3189 = B_SPLINE_CURVE_WITH_KNOTS('',7,(#3190,#3191,#3192,#3193,#3194,
    #3195,#3196,#3197,#3198,#3199,#3200,#3201,#3202,#3203,#3204,#3205,
    #3206,#3207,#3208,#3209,#3210,#3211,#3212,#3213,#3214,#3215,#3216,
    #3217,#3218,#3219,#3220,#3221,#3222,#3223,#3224,#3225,#3226,#3227,
    #3228,#3229,#3230,#3231,#3232,#3233,#3234,#3235,#3236,#3237,#3238,
    #3239,#3240,#3241,#3242,#3243,#3244,#3245,#3246,#3247,#3248,#3249,
    #3250,#3251,#3252,#3253,#3254,#3255,#3256,#3257,#3258,#3259,#3260,
    #3261,#3262,#3263,#3264,#3265,#3266,#3267,#3268,#3269,#3270,#3271,
    #3272,#3273,#3274,#3275),.UNSPECIFIED.,.F.,.F.,(8,6,6,6,6,6,6,6,6,6,
    6,6,6,6,8),(0.,6.923136785196E-02,0.10327410469,0.144870488468,
    0.219205766768,0.262187733472,0.394311893351,0.430628836912,
    0.458125178667,0.517196324701,0.696385018822,0.855952653307,
    0.898686166044,0.961117565068,1.),.UNSPECIFIED.);
#3190 = CARTESIAN_POINT('',(0.760970330517,0.12571879213));
#3191 = CARTESIAN_POINT('',(0.760925600045,0.132544569174));
#3192 = CARTESIAN_POINT('',(0.760883836809,0.139340732346));
#3193 = CARTESIAN_POINT('',(0.760844577638,0.146111151718));
#3194 = CARTESIAN_POINT('',(0.760807431979,0.152859293927));
#3195 = CARTESIAN_POINT('',(0.760772068433,0.159588291733));
#3196 = CARTESIAN_POINT('',(0.760738201299,0.166301013583));
#3197 = CARTESIAN_POINT('',(0.760689535,0.176294252173));
#3198 = CARTESIAN_POINT('',(0.760673793493,0.179585075027));
#3199 = CARTESIAN_POINT('',(0.760658322921,0.182872912392));
#3200 = CARTESIAN_POINT('',(0.760643095452,0.186158061045));
#3201 = CARTESIAN_POINT('',(0.760628085078,0.18944080387));
#3202 = CARTESIAN_POINT('',(0.760613267622,0.192721409856));
#3203 = CARTESIAN_POINT('',(0.760580723884,0.200006365237));
#3204 = CARTESIAN_POINT('',(0.760563081411,0.204009787993));
#3205 = CARTESIAN_POINT('',(0.760545652543,0.20801086731));
#3206 = CARTESIAN_POINT('',(0.760528399545,0.212010042003));
#3207 = CARTESIAN_POINT('',(0.760511287714,0.216007724762));
#3208 = CARTESIAN_POINT('',(0.760494285382,0.220004302152));
#3209 = CARTESIAN_POINT('',(0.760447124222,0.231140931266));
#3210 = CARTESIAN_POINT('',(0.760417142241,0.238279352019));
#3211 = CARTESIAN_POINT('',(0.760387253016,0.245417461737));
#3212 = CARTESIAN_POINT('',(0.760357317715,0.25255708685));
#3213 = CARTESIAN_POINT('',(0.760327220947,0.259699834029));
#3214 = CARTESIAN_POINT('',(0.760296868067,0.266847108856));
#3215 = CARTESIAN_POINT('',(0.760248439551,0.278136139866));
#3216 = CARTESIAN_POINT('',(0.760230585347,0.282274068674));
#3217 = CARTESIAN_POINT('',(0.760212605258,0.286414156391));
#3218 = CARTESIAN_POINT('',(0.760194486575,0.290556619295));
#3219 = CARTESIAN_POINT('',(0.7601762185,0.294701654476));
#3220 = CARTESIAN_POINT('',(0.760157792147,0.298849439836));
#3221 = CARTESIAN_POINT('',(0.760082050978,0.315759135884));
#3222 = CARTESIAN_POINT('',(0.760023339273,0.328545650988));
#3223 = CARTESIAN_POINT('',(0.759962859521,0.341364268867));
#3224 = CARTESIAN_POINT('',(0.759900561595,0.35421805144));
#3225 = CARTESIAN_POINT('',(0.759836526507,0.367108632218));
#3226 = CARTESIAN_POINT('',(0.759770940639,0.380036309333));
#3227 = CARTESIAN_POINT('',(0.759685687804,0.396563496124));
#3228 = CARTESIAN_POINT('',(0.759667209581,0.400129592014));
#3229 = CARTESIAN_POINT('',(0.75964863972,0.403698400657));
#3230 = CARTESIAN_POINT('',(0.759629984151,0.407269895699));
#3231 = CARTESIAN_POINT('',(0.759611249187,0.410844043881));
#3232 = CARTESIAN_POINT('',(0.75959244152,0.414420805049));
#3233 = CARTESIAN_POINT('',(0.759559278849,0.42071011794));
#3234 = CARTESIAN_POINT('',(0.759544951835,0.423421574641));
#3235 = CARTESIAN_POINT('',(0.759530590245,0.426134481847));
#3236 = CARTESIAN_POINT('',(0.759516197229,0.428848816995));
#3237 = CARTESIAN_POINT('',(0.759501776025,0.431564555359));
#3238 = CARTESIAN_POINT('',(0.759487329959,0.434281670049));
#3239 = CARTESIAN_POINT('',(0.759441781493,0.442840278506));
#3240 = CARTESIAN_POINT('',(0.759410601533,0.448686642107));
#3241 = CARTESIAN_POINT('',(0.759379356297,0.454538937069));
#3242 = CARTESIAN_POINT('',(0.759348081055,0.460396830206));
#3243 = CARTESIAN_POINT('',(0.759316812147,0.466259944554));
#3244 = CARTESIAN_POINT('',(0.759285586523,0.472127863024));
#3245 = CARTESIAN_POINT('',(0.759159964051,0.495813299591));
#3246 = CARTESIAN_POINT('',(0.75906622527,0.513666717781));
#3247 = CARTESIAN_POINT('',(0.758974261635,0.531547459184));
#3248 = CARTESIAN_POINT('',(0.75888512508,0.549439381349));
#3249 = CARTESIAN_POINT('',(0.758799766683,0.567324276497));
#3250 = CARTESIAN_POINT('',(0.758718963527,0.585183650439));
#3251 = CARTESIAN_POINT('',(0.758575919493,0.618865723883));
#3252 = CARTESIAN_POINT('',(0.758512612821,0.63469775269));
#3253 = CARTESIAN_POINT('',(0.758453792583,0.650483770403));
#3254 = CARTESIAN_POINT('',(0.758399742214,0.666213220966));
#3255 = CARTESIAN_POINT('',(0.758350611162,0.681878272721));
#3256 = CARTESIAN_POINT('',(0.758306419618,0.697474317289));
#3257 = CARTESIAN_POINT('',(0.758256533987,0.71715807863));
#3258 = CARTESIAN_POINT('',(0.758246343646,0.721310993961));
#3259 = CARTESIAN_POINT('',(0.758236498787,0.725458864955));
#3260 = CARTESIAN_POINT('',(0.758226996939,0.729601690319));
#3261 = CARTESIAN_POINT('',(0.758217835037,0.733739485981));
#3262 = CARTESIAN_POINT('',(0.75820900942,0.737872285091));
#3263 = CARTESIAN_POINT('',(0.758188107142,0.748030712544));
#3264 = CARTESIAN_POINT('',(0.758176407155,0.754050718319));
#3265 = CARTESIAN_POINT('',(0.758165402561,0.760060326644));
#3266 = CARTESIAN_POINT('',(0.758155077461,0.766059762648));
#3267 = CARTESIAN_POINT('',(0.758145413292,0.772049307343));
#3268 = CARTESIAN_POINT('',(0.758136388764,0.778029299675));
#3269 = CARTESIAN_POINT('',(0.758122742666,0.787718792315));
#3270 = CARTESIAN_POINT('',(0.758117744301,0.791433889274));
#3271 = CARTESIAN_POINT('',(0.758112978899,0.79514552347));
#3272 = CARTESIAN_POINT('',(0.758108440222,0.798853790932));
#3273 = CARTESIAN_POINT('',(0.758104121586,0.802558789702));
#3274 = CARTESIAN_POINT('',(0.758100015868,0.806260619838));
#3275 = CARTESIAN_POINT('',(0.758096115503,0.80995938341));
#3276 = ( GEOMETRIC_REPRESENTATION_CONTEXT(2) 
PARAMETRIC_REPRESENTATION_CONTEXT() REPRESENTATION_CONTEXT('2D SPACE',''
  ) );
#3277 = PCURVE('',#2236,#3278);
#3278 = DEFINITIONAL_REPRESENTATION('',(#3279),#3366);
#3279 = B_SPLINE_CURVE_WITH_KNOTS('',7,(#3280,#3281,#3282,#3283,#3284,
    #3285,#3286,#3287,#3288,#3289,#3290,#3291,#3292,#3293,#3294,#3295,
    #3296,#3297,#3298,#3299,#3300,#3301,#3302,#3303,#3304,#3305,#3306,
    #3307,#3308,#3309,#3310,#3311,#3312,#3313,#3314,#3315,#3316,#3317,
    #3318,#3319,#3320,#3321,#3322,#3323,#3324,#3325,#3326,#3327,#3328,
    #3329,#3330,#3331,#3332,#3333,#3334,#3335,#3336,#3337,#3338,#3339,
    #3340,#3341,#3342,#3343,#3344,#3345,#3346,#3347,#3348,#3349,#3350,
    #3351,#3352,#3353,#3354,#3355,#3356,#3357,#3358,#3359,#3360,#3361,
    #3362,#3363,#3364,#3365),.UNSPECIFIED.,.F.,.F.,(8,6,6,6,6,6,6,6,6,6,
    6,6,6,6,8),(0.,6.923136785196E-02,0.10327410469,0.144870488468,
    0.219205766768,0.262187733472,0.394311893351,0.430628836912,
    0.458125178667,0.517196324701,0.696385018822,0.855952653307,
    0.898686166044,0.961117565068,1.),.UNSPECIFIED.);
#3280 = CARTESIAN_POINT('',(16.052867423632,0.));
#3281 = CARTESIAN_POINT('',(16.61329164794,-0.215780351622));
#3282 = CARTESIAN_POINT('',(17.172603681237,-0.434442065745));
#3283 = CARTESIAN_POINT('',(17.730987336416,-0.655470014301));
#3284 = CARTESIAN_POINT('',(18.288604905577,-0.878419681468));
#3285 = CARTESIAN_POINT('',(18.845601030306,-1.102907420096));
#3286 = CARTESIAN_POINT('',(19.402106571949,-1.328600708137));
#3287 = CARTESIAN_POINT('',(20.231707950152,-1.66663688659));
#3288 = CARTESIAN_POINT('',(20.50508344195,-1.778286208932));
#3289 = CARTESIAN_POINT('',(20.778382800946,-1.890121910953));
#3290 = CARTESIAN_POINT('',(21.051619057688,-2.002111717642));
#3291 = CARTESIAN_POINT('',(21.324804429609,-2.114225540133));
#3292 = CARTESIAN_POINT('',(21.597950321033,-2.226435475702));
#3293 = CARTESIAN_POINT('',(22.204785487226,-2.475909706301));
#3294 = CARTESIAN_POINT('',(22.538460558431,-2.613208426351));
#3295 = CARTESIAN_POINT('',(22.872111825284,-2.750565073711));
#3296 = CARTESIAN_POINT('',(23.205756981595,-2.887936629982));
#3297 = CARTESIAN_POINT('',(23.539412126477,-3.02528395258));
#3298 = CARTESIAN_POINT('',(23.873091764349,-3.162571774732));
#3299 = CARTESIAN_POINT('',(24.803181538152,-3.544947999988));
#3300 = CARTESIAN_POINT('',(25.399673872414,-3.789836502779));
#3301 = CARTESIAN_POINT('',(25.996359883737,-4.034253470143));
#3302 = CARTESIAN_POINT('',(26.593298782124,-4.278052971835));
#3303 = CARTESIAN_POINT('',(27.190536086594,-4.521121018303));
#3304 = CARTESIAN_POINT('',(27.78810480021,-4.763372687913));
#3305 = CARTESIAN_POINT('',(28.731755488504,-5.144317434612));
#3306 = CARTESIAN_POINT('',(29.077602505072,-5.283593014493));
#3307 = CARTESIAN_POINT('',(29.423571757449,-5.422564850518));
#3308 = CARTESIAN_POINT('',(29.769666217202,-5.561224608397));
#3309 = CARTESIAN_POINT('',(30.115887704823,-5.699566762851));
#3310 = CARTESIAN_POINT('',(30.46223688973,-5.837588597614));
#3311 = CARTESIAN_POINT('',(31.873762352655,-6.398577240468));
#3312 = CARTESIAN_POINT('',(32.940015720261,-6.818838510638));
#3313 = CARTESIAN_POINT('',(34.007457875612,-7.236071527946));
#3314 = CARTESIAN_POINT('',(35.075986183641,-7.650509840046));
#3315 = CARTESIAN_POINT('',(36.145422153292,-8.062594012471));
#3316 = CARTESIAN_POINT('',(37.215525403407,-8.472935585038));
#3317 = CARTESIAN_POINT('',(38.580254328863,-8.994788778029));
#3318 = CARTESIAN_POINT('',(38.874527271209,-9.107227753436));
#3319 = CARTESIAN_POINT('',(39.168823232986,-9.21960638274));
#3320 = CARTESIAN_POINT('',(39.463136065982,-9.331940726634));
#3321 = CARTESIAN_POINT('',(39.757459400714,-9.444247452408));
#3322 = CARTESIAN_POINT('',(40.051786646433,-9.556543833954));
#3323 = CARTESIAN_POINT('',(40.568950304538,-9.753875471647));
#3324 = CARTESIAN_POINT('',(40.79178796321,-9.838907476447));
#3325 = CARTESIAN_POINT('',(41.01462101548,-9.923951510664));
#3326 = CARTESIAN_POINT('',(41.237446457527,-10.00901544388));
#3327 = CARTESIAN_POINT('',(41.46026123336,-10.09410727076));
#3328 = CARTESIAN_POINT('',(41.683062234821,-10.17923511107));
#3329 = CARTESIAN_POINT('',(42.384459429789,-10.4473847677));
#3330 = CARTESIAN_POINT('',(42.862994327599,-10.6305665131));
#3331 = CARTESIAN_POINT('',(43.34141988276,-10.81403395058));
#3332 = CARTESIAN_POINT('',(43.819703878511,-10.99787050029));
#3333 = CARTESIAN_POINT('',(44.297813430374,-11.18216036151));
#3334 = CARTESIAN_POINT('',(44.775715422926,-11.36698737652));
#3335 = CARTESIAN_POINT('',(46.702333846925,-12.11497451858));
#3336 = CARTESIAN_POINT('',(48.1490956928,-12.68322247769));
#3337 = CARTESIAN_POINT('',(49.592721871509,-13.25946725904));
#3338 = CARTESIAN_POINT('',(51.032277275755,-13.84586293614));
#3339 = CARTESIAN_POINT('',(52.46695854112,-14.44411849745));
#3340 = CARTESIAN_POINT('',(53.896236105768,-15.0551481262));
#3341 = CARTESIAN_POINT('',(56.587733969121,-16.2343108812));
#3342 = CARTESIAN_POINT('',(57.851145909652,-16.7998301968));
#3343 = CARTESIAN_POINT('',(59.110026413464,-17.3753813202));
#3344 = CARTESIAN_POINT('',(60.364553579055,-17.96032167531));
#3345 = CARTESIAN_POINT('',(61.615264741984,-18.55333478112));
#3346 = CARTESIAN_POINT('',(62.863078273272,-19.15238306647));
#3347 = CARTESIAN_POINT('',(64.44304506934,-19.91600541025));
#3348 = CARTESIAN_POINT('',(64.776679237779,-20.07754558317));
#3349 = CARTESIAN_POINT('',(65.110225367661,-20.23926762068));
#3350 = CARTESIAN_POINT('',(65.443710876377,-20.4011147065));
#3351 = CARTESIAN_POINT('',(65.777165162005,-20.56302612782));
#3352 = CARTESIAN_POINT('',(66.110619603313,-20.72493727531));
#3353 = CARTESIAN_POINT('',(66.931315803229,-21.12322277166));
#3354 = CARTESIAN_POINT('',(67.418594628614,-21.359518581));
#3355 = CARTESIAN_POINT('',(67.906049257016,-21.59545369135));
#3356 = CARTESIAN_POINT('',(68.393791963187,-21.83079565289));
#3357 = CARTESIAN_POINT('',(68.881942398696,-22.06529227462));
#3358 = CARTESIAN_POINT('',(69.370627915086,-22.29867095318));
#3359 = CARTESIAN_POINT('',(70.164756037527,-22.6751076726));
#3360 = CARTESIAN_POINT('',(70.469787739073,-22.81902949567));
#3361 = CARTESIAN_POINT('',(70.775111486888,-22.96233253074));
#3362 = CARTESIAN_POINT('',(71.080760437752,-23.10494223105));
#3363 = CARTESIAN_POINT('',(71.386768410015,-23.24678044325));
#3364 = CARTESIAN_POINT('',(71.6931698836,-23.38776540738));
#3365 = CARTESIAN_POINT('',(72.,-23.52781175692));
#3366 = ( GEOMETRIC_REPRESENTATION_CONTEXT(2) 
PARAMETRIC_REPRESENTATION_CONTEXT() REPRESENTATION_CONTEXT('2D SPACE',''
  ) );
#3367 = ADVANCED_FACE('',(#3368),#1921,.T.);
#3368 = FACE_BOUND('',#3369,.F.);
#3369 = EDGE_LOOP('',(#3370,#3401,#3438,#3471,#3494,#3516,#3517,#3539,
    #3540,#3562,#3563,#3591));
#3370 = ORIENTED_EDGE('',*,*,#3371,.F.);
#3371 = EDGE_CURVE('',#3372,#3374,#3376,.T.);
#3372 = VERTEX_POINT('',#3373);
#3373 = CARTESIAN_POINT('',(4.593528518281,-53.07222409511,-87.));
#3374 = VERTEX_POINT('',#3375);
#3375 = CARTESIAN_POINT('',(14.196152422707,-52.,-87.));
#3376 = SURFACE_CURVE('',#3377,(#3382,#3389),.PCURVE_S1.);
#3377 = CIRCLE('',#3378,6.);
#3378 = AXIS2_PLACEMENT_3D('',#3379,#3380,#3381);
#3379 = CARTESIAN_POINT('',(9.,-49.,-87.));
#3380 = DIRECTION('',(0.,0.,1.));
#3381 = DIRECTION('',(1.,0.,0.));
#3382 = PCURVE('',#1921,#3383);
#3383 = DEFINITIONAL_REPRESENTATION('',(#3384),#3388);
#3384 = LINE('',#3385,#3386);
#3385 = CARTESIAN_POINT('',(-0.,0.));
#3386 = VECTOR('',#3387,1.);
#3387 = DIRECTION('',(-1.,0.));
#3388 = ( GEOMETRIC_REPRESENTATION_CONTEXT(2) 
PARAMETRIC_REPRESENTATION_CONTEXT() REPRESENTATION_CONTEXT('2D SPACE',''
  ) );
#3389 = PCURVE('',#3390,#3395);
#3390 = PLANE('',#3391);
#3391 = AXIS2_PLACEMENT_3D('',#3392,#3393,#3394);
#3392 = CARTESIAN_POINT('',(9.,-49.,-87.));
#3393 = DIRECTION('',(0.,0.,1.));
#3394 = DIRECTION('',(1.,0.,-0.));
#3395 = DEFINITIONAL_REPRESENTATION('',(#3396),#3400);
#3396 = CIRCLE('',#3397,6.);
#3397 = AXIS2_PLACEMENT_2D('',#3398,#3399);
#3398 = CARTESIAN_POINT('',(0.,7.105427357601E-15));
#3399 = DIRECTION('',(1.,0.));
#3400 = ( GEOMETRIC_REPRESENTATION_CONTEXT(2) 
PARAMETRIC_REPRESENTATION_CONTEXT() REPRESENTATION_CONTEXT('2D SPACE',''
  ) );
#3401 = ORIENTED_EDGE('',*,*,#3402,.F.);
#3402 = EDGE_CURVE('',#3403,#3372,#3405,.T.);
#3403 = VERTEX_POINT('',#3404);
#3404 = CARTESIAN_POINT('',(4.593528518281,-53.07222409511,-83.9));
#3405 = SURFACE_CURVE('',#3406,(#3412,#3421),.PCURVE_S1.);
#3406 = B_SPLINE_CURVE_WITH_KNOTS('',4,(#3407,#3408,#3409,#3410,#3411),
  .UNSPECIFIED.,.F.,.F.,(5,5),(0.,1.),.PIECEWISE_BEZIER_KNOTS.);
#3407 = CARTESIAN_POINT('',(4.593528518281,-53.07222409511,-83.8999994)
  );
#3408 = CARTESIAN_POINT('',(4.593528518281,-53.07222409511,-84.6749997)
  );
#3409 = CARTESIAN_POINT('',(4.593528518281,-53.07222409511,-85.45));
#3410 = CARTESIAN_POINT('',(4.593528518281,-53.07222409511,-86.2250003)
  );
#3411 = CARTESIAN_POINT('',(4.593528518281,-53.07222409511,-87.0000006)
  );
#3412 = PCURVE('',#1921,#3413);
#3413 = DEFINITIONAL_REPRESENTATION('',(#3414),#3420);
#3414 = B_SPLINE_CURVE_WITH_KNOTS('',4,(#3415,#3416,#3417,#3418,#3419),
  .UNSPECIFIED.,.F.,.F.,(5,5),(0.,1.),.PIECEWISE_BEZIER_KNOTS.);
#3415 = CARTESIAN_POINT('',(-3.887589190408,-3.1000006));
#3416 = CARTESIAN_POINT('',(-3.887589190408,-2.3250003));
#3417 = CARTESIAN_POINT('',(-3.887589190408,-1.55));
#3418 = CARTESIAN_POINT('',(-3.887589190408,-0.7749997));
#3419 = CARTESIAN_POINT('',(-3.887589190408,5.999999999062E-07));
#3420 = ( GEOMETRIC_REPRESENTATION_CONTEXT(2) 
PARAMETRIC_REPRESENTATION_CONTEXT() REPRESENTATION_CONTEXT('2D SPACE',''
  ) );
#3421 = PCURVE('',#3422,#3430);
#3422 = SURFACE_OF_LINEAR_EXTRUSION('',#3423,#3428);
#3423 = ELLIPSE('',#3424,17.,11.5);
#3424 = AXIS2_PLACEMENT_3D('',#3425,#3426,#3427);
#3425 = CARTESIAN_POINT('',(0.,-42.,-88.));
#3426 = DIRECTION('',(0.,0.,1.));
#3427 = DIRECTION('',(1.,0.,0.));
#3428 = VECTOR('',#3429,1.);
#3429 = DIRECTION('',(-0.,-0.,-1.));
#3430 = DEFINITIONAL_REPRESENTATION('',(#3431),#3437);
#3431 = B_SPLINE_CURVE_WITH_KNOTS('',4,(#3432,#3433,#3434,#3435,#3436),
  .UNSPECIFIED.,.F.,.F.,(5,5),(0.,1.),.PIECEWISE_BEZIER_KNOTS.);
#3432 = CARTESIAN_POINT('',(4.985997584318,-4.1000006));
#3433 = CARTESIAN_POINT('',(4.985997584318,-3.3250003));
#3434 = CARTESIAN_POINT('',(4.985997584318,-2.55));
#3435 = CARTESIAN_POINT('',(4.985997584318,-1.7749997));
#3436 = CARTESIAN_POINT('',(4.985997584318,-0.9999994));
#3437 = ( GEOMETRIC_REPRESENTATION_CONTEXT(2) 
PARAMETRIC_REPRESENTATION_CONTEXT() REPRESENTATION_CONTEXT('2D SPACE',''
  ) );
#3438 = ORIENTED_EDGE('',*,*,#3439,.T.);
#3439 = EDGE_CURVE('',#3403,#3440,#3442,.T.);
#3440 = VERTEX_POINT('',#3441);
#3441 = CARTESIAN_POINT('',(15.,-49.,-83.9));
#3442 = SURFACE_CURVE('',#3443,(#3448,#3455),.PCURVE_S1.);
#3443 = CIRCLE('',#3444,6.);
#3444 = AXIS2_PLACEMENT_3D('',#3445,#3446,#3447);
#3445 = CARTESIAN_POINT('',(9.,-49.,-83.9));
#3446 = DIRECTION('',(0.,0.,-1.));
#3447 = DIRECTION('',(1.,0.,0.));
#3448 = PCURVE('',#1921,#3449);
#3449 = DEFINITIONAL_REPRESENTATION('',(#3450),#3454);
#3450 = LINE('',#3451,#3452);
#3451 = CARTESIAN_POINT('',(-6.28318530718,-3.1));
#3452 = VECTOR('',#3453,1.);
#3453 = DIRECTION('',(1.,-0.));
#3454 = ( GEOMETRIC_REPRESENTATION_CONTEXT(2) 
PARAMETRIC_REPRESENTATION_CONTEXT() REPRESENTATION_CONTEXT('2D SPACE',''
  ) );
#3455 = PCURVE('',#3456,#3461);
#3456 = PLANE('',#3457);
#3457 = AXIS2_PLACEMENT_3D('',#3458,#3459,#3460);
#3458 = CARTESIAN_POINT('',(-26.,-52.,-83.9));
#3459 = DIRECTION('',(0.,0.,1.));
#3460 = DIRECTION('',(1.,0.,0.));
#3461 = DEFINITIONAL_REPRESENTATION('',(#3462),#3470);
#3462 = ( BOUNDED_CURVE() B_SPLINE_CURVE(2,(#3463,#3464,#3465,#3466,
#3467,#3468,#3469),.UNSPECIFIED.,.T.,.F.) B_SPLINE_CURVE_WITH_KNOTS((1,2
    ,2,2,2,1),(-2.094395102393,0.,2.094395102393,4.188790204786,
6.28318530718,8.377580409573),.UNSPECIFIED.) CURVE() 
GEOMETRIC_REPRESENTATION_ITEM() RATIONAL_B_SPLINE_CURVE((1.,0.5,1.,0.5,
1.,0.5,1.)) REPRESENTATION_ITEM('') );
#3463 = CARTESIAN_POINT('',(41.,3.));
#3464 = CARTESIAN_POINT('',(41.,-7.392304845413));
#3465 = CARTESIAN_POINT('',(32.,-2.196152422707));
#3466 = CARTESIAN_POINT('',(23.,3.));
#3467 = CARTESIAN_POINT('',(32.,8.196152422707));
#3468 = CARTESIAN_POINT('',(41.,13.392304845413));
#3469 = CARTESIAN_POINT('',(41.,3.));
#3470 = ( GEOMETRIC_REPRESENTATION_CONTEXT(2) 
PARAMETRIC_REPRESENTATION_CONTEXT() REPRESENTATION_CONTEXT('2D SPACE',''
  ) );
#3471 = ORIENTED_EDGE('',*,*,#3472,.T.);
#3472 = EDGE_CURVE('',#3440,#3473,#3475,.T.);
#3473 = VERTEX_POINT('',#3474);
#3474 = CARTESIAN_POINT('',(15.,-49.,-72.));
#3475 = SEAM_CURVE('',#3476,(#3480,#3487),.PCURVE_S1.);
#3476 = LINE('',#3477,#3478);
#3477 = CARTESIAN_POINT('',(15.,-49.,-87.));
#3478 = VECTOR('',#3479,1.);
#3479 = DIRECTION('',(0.,0.,1.));
#3480 = PCURVE('',#1921,#3481);
#3481 = DEFINITIONAL_REPRESENTATION('',(#3482),#3486);
#3482 = LINE('',#3483,#3484);
#3483 = CARTESIAN_POINT('',(-6.28318530718,0.));
#3484 = VECTOR('',#3485,1.);
#3485 = DIRECTION('',(-0.,-1.));
#3486 = ( GEOMETRIC_REPRESENTATION_CONTEXT(2) 
PARAMETRIC_REPRESENTATION_CONTEXT() REPRESENTATION_CONTEXT('2D SPACE',''
  ) );
#3487 = PCURVE('',#1921,#3488);
#3488 = DEFINITIONAL_REPRESENTATION('',(#3489),#3493);
#3489 = LINE('',#3490,#3491);
#3490 = CARTESIAN_POINT('',(-0.,0.));
#3491 = VECTOR('',#3492,1.);
#3492 = DIRECTION('',(-0.,-1.));
#3493 = ( GEOMETRIC_REPRESENTATION_CONTEXT(2) 
PARAMETRIC_REPRESENTATION_CONTEXT() REPRESENTATION_CONTEXT('2D SPACE',''
  ) );
#3494 = ORIENTED_EDGE('',*,*,#3495,.T.);
#3495 = EDGE_CURVE('',#3473,#1894,#3496,.T.);
#3496 = SURFACE_CURVE('',#3497,(#3502,#3509),.PCURVE_S1.);
#3497 = CIRCLE('',#3498,6.);
#3498 = AXIS2_PLACEMENT_3D('',#3499,#3500,#3501);
#3499 = CARTESIAN_POINT('',(9.,-49.,-72.));
#3500 = DIRECTION('',(0.,0.,1.));
#3501 = DIRECTION('',(1.,0.,0.));
#3502 = PCURVE('',#1921,#3503);
#3503 = DEFINITIONAL_REPRESENTATION('',(#3504),#3508);
#3504 = LINE('',#3505,#3506);
#3505 = CARTESIAN_POINT('',(-0.,-15.));
#3506 = VECTOR('',#3507,1.);
#3507 = DIRECTION('',(-1.,0.));
#3508 = ( GEOMETRIC_REPRESENTATION_CONTEXT(2) 
PARAMETRIC_REPRESENTATION_CONTEXT() REPRESENTATION_CONTEXT('2D SPACE',''
  ) );
#3509 = PCURVE('',#2735,#3510);
#3510 = DEFINITIONAL_REPRESENTATION('',(#3511),#3515);
#3511 = CIRCLE('',#3512,6.);
#3512 = AXIS2_PLACEMENT_2D('',#3513,#3514);
#3513 = CARTESIAN_POINT('',(0.,7.105427357601E-15));
#3514 = DIRECTION('',(1.,0.));
#3515 = ( GEOMETRIC_REPRESENTATION_CONTEXT(2) 
PARAMETRIC_REPRESENTATION_CONTEXT() REPRESENTATION_CONTEXT('2D SPACE',''
  ) );
#3516 = ORIENTED_EDGE('',*,*,#1893,.T.);
#3517 = ORIENTED_EDGE('',*,*,#3518,.F.);
#3518 = EDGE_CURVE('',#2619,#1896,#3519,.T.);
#3519 = SURFACE_CURVE('',#3520,(#3525,#3532),.PCURVE_S1.);
#3520 = CIRCLE('',#3521,6.);
#3521 = AXIS2_PLACEMENT_3D('',#3522,#3523,#3524);
#3522 = CARTESIAN_POINT('',(9.,-49.,-76.));
#3523 = DIRECTION('',(0.,0.,-1.));
#3524 = DIRECTION('',(1.,0.,0.));
#3525 = PCURVE('',#1921,#3526);
#3526 = DEFINITIONAL_REPRESENTATION('',(#3527),#3531);
#3527 = LINE('',#3528,#3529);
#3528 = CARTESIAN_POINT('',(-6.28318530718,-11.));
#3529 = VECTOR('',#3530,1.);
#3530 = DIRECTION('',(1.,-0.));
#3531 = ( GEOMETRIC_REPRESENTATION_CONTEXT(2) 
PARAMETRIC_REPRESENTATION_CONTEXT() REPRESENTATION_CONTEXT('2D SPACE',''
  ) );
#3532 = PCURVE('',#1966,#3533);
#3533 = DEFINITIONAL_REPRESENTATION('',(#3534),#3538);
#3534 = CIRCLE('',#3535,6.);
#3535 = AXIS2_PLACEMENT_2D('',#3536,#3537);
#3536 = CARTESIAN_POINT('',(10.,-9.5));
#3537 = DIRECTION('',(-1.,3.739698609511E-16));
#3538 = ( GEOMETRIC_REPRESENTATION_CONTEXT(2) 
PARAMETRIC_REPRESENTATION_CONTEXT() REPRESENTATION_CONTEXT('2D SPACE',''
  ) );
#3539 = ORIENTED_EDGE('',*,*,#2665,.T.);
#3540 = ORIENTED_EDGE('',*,*,#3541,.T.);
#3541 = EDGE_CURVE('',#2666,#3473,#3542,.T.);
#3542 = SURFACE_CURVE('',#3543,(#3548,#3555),.PCURVE_S1.);
#3543 = CIRCLE('',#3544,6.);
#3544 = AXIS2_PLACEMENT_3D('',#3545,#3546,#3547);
#3545 = CARTESIAN_POINT('',(9.,-49.,-72.));
#3546 = DIRECTION('',(0.,0.,1.));
#3547 = DIRECTION('',(1.,0.,0.));
#3548 = PCURVE('',#1921,#3549);
#3549 = DEFINITIONAL_REPRESENTATION('',(#3550),#3554);
#3550 = LINE('',#3551,#3552);
#3551 = CARTESIAN_POINT('',(-0.,-15.));
#3552 = VECTOR('',#3553,1.);
#3553 = DIRECTION('',(-1.,0.));
#3554 = ( GEOMETRIC_REPRESENTATION_CONTEXT(2) 
PARAMETRIC_REPRESENTATION_CONTEXT() REPRESENTATION_CONTEXT('2D SPACE',''
  ) );
#3555 = PCURVE('',#2735,#3556);
#3556 = DEFINITIONAL_REPRESENTATION('',(#3557),#3561);
#3557 = CIRCLE('',#3558,6.);
#3558 = AXIS2_PLACEMENT_2D('',#3559,#3560);
#3559 = CARTESIAN_POINT('',(0.,7.105427357601E-15));
#3560 = DIRECTION('',(1.,0.));
#3561 = ( GEOMETRIC_REPRESENTATION_CONTEXT(2) 
PARAMETRIC_REPRESENTATION_CONTEXT() REPRESENTATION_CONTEXT('2D SPACE',''
  ) );
#3562 = ORIENTED_EDGE('',*,*,#3472,.F.);
#3563 = ORIENTED_EDGE('',*,*,#3564,.T.);
#3564 = EDGE_CURVE('',#3440,#3565,#3567,.T.);
#3565 = VERTEX_POINT('',#3566);
#3566 = CARTESIAN_POINT('',(14.196152422707,-52.,-83.9));
#3567 = SURFACE_CURVE('',#3568,(#3573,#3580),.PCURVE_S1.);
#3568 = CIRCLE('',#3569,6.);
#3569 = AXIS2_PLACEMENT_3D('',#3570,#3571,#3572);
#3570 = CARTESIAN_POINT('',(9.,-49.,-83.9));
#3571 = DIRECTION('',(0.,0.,-1.));
#3572 = DIRECTION('',(1.,0.,0.));
#3573 = PCURVE('',#1921,#3574);
#3574 = DEFINITIONAL_REPRESENTATION('',(#3575),#3579);
#3575 = LINE('',#3576,#3577);
#3576 = CARTESIAN_POINT('',(-6.28318530718,-3.1));
#3577 = VECTOR('',#3578,1.);
#3578 = DIRECTION('',(1.,-0.));
#3579 = ( GEOMETRIC_REPRESENTATION_CONTEXT(2) 
PARAMETRIC_REPRESENTATION_CONTEXT() REPRESENTATION_CONTEXT('2D SPACE',''
  ) );
#3580 = PCURVE('',#3456,#3581);
#3581 = DEFINITIONAL_REPRESENTATION('',(#3582),#3590);
#3582 = ( BOUNDED_CURVE() B_SPLINE_CURVE(2,(#3583,#3584,#3585,#3586,
#3587,#3588,#3589),.UNSPECIFIED.,.T.,.F.) B_SPLINE_CURVE_WITH_KNOTS((1,2
    ,2,2,2,1),(-2.094395102393,0.,2.094395102393,4.188790204786,
6.28318530718,8.377580409573),.UNSPECIFIED.) CURVE() 
GEOMETRIC_REPRESENTATION_ITEM() RATIONAL_B_SPLINE_CURVE((1.,0.5,1.,0.5,
1.,0.5,1.)) REPRESENTATION_ITEM('') );
#3583 = CARTESIAN_POINT('',(41.,3.));
#3584 = CARTESIAN_POINT('',(41.,-7.392304845413));
#3585 = CARTESIAN_POINT('',(32.,-2.196152422707));
#3586 = CARTESIAN_POINT('',(23.,3.));
#3587 = CARTESIAN_POINT('',(32.,8.196152422707));
#3588 = CARTESIAN_POINT('',(41.,13.392304845413));
#3589 = CARTESIAN_POINT('',(41.,3.));
#3590 = ( GEOMETRIC_REPRESENTATION_CONTEXT(2) 
PARAMETRIC_REPRESENTATION_CONTEXT() REPRESENTATION_CONTEXT('2D SPACE',''
  ) );
#3591 = ORIENTED_EDGE('',*,*,#3592,.T.);
#3592 = EDGE_CURVE('',#3565,#3374,#3593,.T.);
#3593 = SURFACE_CURVE('',#3594,(#3598,#3604),.PCURVE_S1.);
#3594 = LINE('',#3595,#3596);
#3595 = CARTESIAN_POINT('',(14.196152422707,-52.,-87.));
#3596 = VECTOR('',#3597,1.);
#3597 = DIRECTION('',(-0.,-0.,-1.));
#3598 = PCURVE('',#1921,#3599);
#3599 = DEFINITIONAL_REPRESENTATION('',(#3600),#3603);
#3600 = B_SPLINE_CURVE_WITH_KNOTS('',1,(#3601,#3602),.UNSPECIFIED.,.F.,
  .F.,(2,2),(-3.51,6.000000070117E-07),.PIECEWISE_BEZIER_KNOTS.);
#3601 = CARTESIAN_POINT('',(-5.759586531581,-3.51));
#3602 = CARTESIAN_POINT('',(-5.759586531581,6.000000070117E-07));
#3603 = ( GEOMETRIC_REPRESENTATION_CONTEXT(2) 
PARAMETRIC_REPRESENTATION_CONTEXT() REPRESENTATION_CONTEXT('2D SPACE',''
  ) );
#3604 = PCURVE('',#3605,#3610);
#3605 = PLANE('',#3606);
#3606 = AXIS2_PLACEMENT_3D('',#3607,#3608,#3609);
#3607 = CARTESIAN_POINT('',(-26.,-52.,-88.));
#3608 = DIRECTION('',(0.,1.,0.));
#3609 = DIRECTION('',(0.,0.,1.));
#3610 = DEFINITIONAL_REPRESENTATION('',(#3611),#3614);
#3611 = B_SPLINE_CURVE_WITH_KNOTS('',1,(#3612,#3613),.UNSPECIFIED.,.F.,
  .F.,(2,2),(-3.51,6.000000070117E-07),.PIECEWISE_BEZIER_KNOTS.);
#3612 = CARTESIAN_POINT('',(4.51,40.196152422707));
#3613 = CARTESIAN_POINT('',(0.9999994,40.196152422707));
#3614 = ( GEOMETRIC_REPRESENTATION_CONTEXT(2) 
PARAMETRIC_REPRESENTATION_CONTEXT() REPRESENTATION_CONTEXT('2D SPACE',''
  ) );
#3615 = ADVANCED_FACE('',(#3616),#2735,.T.);
#3616 = FACE_BOUND('',#3617,.T.);
#3617 = EDGE_LOOP('',(#3618,#3619,#3620));
#3618 = ORIENTED_EDGE('',*,*,#3541,.T.);
#3619 = ORIENTED_EDGE('',*,*,#3495,.T.);
#3620 = ORIENTED_EDGE('',*,*,#2703,.T.);
#3621 = ADVANCED_FACE('',(#3622,#3689),#1966,.T.);
#3622 = FACE_BOUND('',#3623,.T.);
#3623 = EDGE_LOOP('',(#3624,#3625,#3626,#3627,#3628,#3649,#3670));
#3624 = ORIENTED_EDGE('',*,*,#2019,.F.);
#3625 = ORIENTED_EDGE('',*,*,#1938,.F.);
#3626 = ORIENTED_EDGE('',*,*,#3518,.F.);
#3627 = ORIENTED_EDGE('',*,*,#2618,.F.);
#3628 = ORIENTED_EDGE('',*,*,#3629,.T.);
#3629 = EDGE_CURVE('',#2360,#3630,#3632,.T.);
#3630 = VERTEX_POINT('',#3631);
#3631 = CARTESIAN_POINT('',(-1.5,-50.,-76.));
#3632 = SURFACE_CURVE('',#3633,(#3637,#3643),.PCURVE_S1.);
#3633 = LINE('',#3634,#3635);
#3634 = CARTESIAN_POINT('',(-1.5,-44.75,-76.));
#3635 = VECTOR('',#3636,1.);
#3636 = DIRECTION('',(0.,-1.,0.));
#3637 = PCURVE('',#1966,#3638);
#3638 = DEFINITIONAL_REPRESENTATION('',(#3639),#3642);
#3639 = B_SPLINE_CURVE_WITH_KNOTS('',1,(#3640,#3641),.UNSPECIFIED.,.F.,
  .F.,(2,2),(-21.78024418902,5.25),.PIECEWISE_BEZIER_KNOTS.);
#3640 = CARTESIAN_POINT('',(20.5,16.530244189025));
#3641 = CARTESIAN_POINT('',(20.5,-10.5));
#3642 = ( GEOMETRIC_REPRESENTATION_CONTEXT(2) 
PARAMETRIC_REPRESENTATION_CONTEXT() REPRESENTATION_CONTEXT('2D SPACE',''
  ) );
#3643 = PCURVE('',#2529,#3644);
#3644 = DEFINITIONAL_REPRESENTATION('',(#3645),#3648);
#3645 = B_SPLINE_CURVE_WITH_KNOTS('',1,(#3646,#3647),.UNSPECIFIED.,.F.,
  .F.,(2,2),(-21.78024418902,5.25),.PIECEWISE_BEZIER_KNOTS.);
#3646 = CARTESIAN_POINT('',(6.,-27.03024418902));
#3647 = CARTESIAN_POINT('',(6.,0.));
#3648 = ( GEOMETRIC_REPRESENTATION_CONTEXT(2) 
PARAMETRIC_REPRESENTATION_CONTEXT() REPRESENTATION_CONTEXT('2D SPACE',''
  ) );
#3649 = ORIENTED_EDGE('',*,*,#3650,.T.);
#3650 = EDGE_CURVE('',#3630,#3651,#3653,.T.);
#3651 = VERTEX_POINT('',#3652);
#3652 = CARTESIAN_POINT('',(1.5,-50.,-76.));
#3653 = SURFACE_CURVE('',#3654,(#3658,#3664),.PCURVE_S1.);
#3654 = LINE('',#3655,#3656);
#3655 = CARTESIAN_POINT('',(8.75,-50.,-76.));
#3656 = VECTOR('',#3657,1.);
#3657 = DIRECTION('',(1.,-0.,0.));
#3658 = PCURVE('',#1966,#3659);
#3659 = DEFINITIONAL_REPRESENTATION('',(#3660),#3663);
#3660 = B_SPLINE_CURVE_WITH_KNOTS('',1,(#3661,#3662),.UNSPECIFIED.,.F.,
  .F.,(2,2),(-10.25,-7.25),.PIECEWISE_BEZIER_KNOTS.);
#3661 = CARTESIAN_POINT('',(20.5,-10.5));
#3662 = CARTESIAN_POINT('',(17.5,-10.5));
#3663 = ( GEOMETRIC_REPRESENTATION_CONTEXT(2) 
PARAMETRIC_REPRESENTATION_CONTEXT() REPRESENTATION_CONTEXT('2D SPACE',''
  ) );
#3664 = PCURVE('',#2782,#3665);
#3665 = DEFINITIONAL_REPRESENTATION('',(#3666),#3669);
#3666 = B_SPLINE_CURVE_WITH_KNOTS('',1,(#3667,#3668),.UNSPECIFIED.,.F.,
  .F.,(2,2),(-10.25,-7.25),.PIECEWISE_BEZIER_KNOTS.);
#3667 = CARTESIAN_POINT('',(6.,0.));
#3668 = CARTESIAN_POINT('',(6.,3.));
#3669 = ( GEOMETRIC_REPRESENTATION_CONTEXT(2) 
PARAMETRIC_REPRESENTATION_CONTEXT() REPRESENTATION_CONTEXT('2D SPACE',''
  ) );
#3670 = ORIENTED_EDGE('',*,*,#3671,.F.);
#3671 = EDGE_CURVE('',#2020,#3651,#3672,.T.);
#3672 = SURFACE_CURVE('',#3673,(#3677,#3683),.PCURVE_S1.);
#3673 = LINE('',#3674,#3675);
#3674 = CARTESIAN_POINT('',(1.5,-44.75,-76.));
#3675 = VECTOR('',#3676,1.);
#3676 = DIRECTION('',(0.,-1.,0.));
#3677 = PCURVE('',#1966,#3678);
#3678 = DEFINITIONAL_REPRESENTATION('',(#3679),#3682);
#3679 = B_SPLINE_CURVE_WITH_KNOTS('',1,(#3680,#3681),.UNSPECIFIED.,.F.,
  .F.,(2,2),(-21.78024418902,5.25),.PIECEWISE_BEZIER_KNOTS.);
#3680 = CARTESIAN_POINT('',(17.5,16.530244189025));
#3681 = CARTESIAN_POINT('',(17.5,-10.5));
#3682 = ( GEOMETRIC_REPRESENTATION_CONTEXT(2) 
PARAMETRIC_REPRESENTATION_CONTEXT() REPRESENTATION_CONTEXT('2D SPACE',''
  ) );
#3683 = PCURVE('',#2236,#3684);
#3684 = DEFINITIONAL_REPRESENTATION('',(#3685),#3688);
#3685 = B_SPLINE_CURVE_WITH_KNOTS('',1,(#3686,#3687),.UNSPECIFIED.,.F.,
  .F.,(2,2),(-21.78024418902,5.25),.PIECEWISE_BEZIER_KNOTS.);
#3686 = CARTESIAN_POINT('',(6.,-27.03024418902));
#3687 = CARTESIAN_POINT('',(6.,0.));
#3688 = ( GEOMETRIC_REPRESENTATION_CONTEXT(2) 
PARAMETRIC_REPRESENTATION_CONTEXT() REPRESENTATION_CONTEXT('2D SPACE',''
  ) );
#3689 = FACE_BOUND('',#3690,.T.);
#3690 = EDGE_LOOP('',(#3691));
#3691 = ORIENTED_EDGE('',*,*,#3692,.F.);
#3692 = EDGE_CURVE('',#3693,#3693,#3695,.T.);
#3693 = VERTEX_POINT('',#3694);
#3694 = CARTESIAN_POINT('',(15.,-35.,-76.));
#3695 = SURFACE_CURVE('',#3696,(#3701,#3708),.PCURVE_S1.);
#3696 = CIRCLE('',#3697,6.);
#3697 = AXIS2_PLACEMENT_3D('',#3698,#3699,#3700);
#3698 = CARTESIAN_POINT('',(9.,-35.,-76.));
#3699 = DIRECTION('',(0.,0.,-1.));
#3700 = DIRECTION('',(1.,0.,0.));
#3701 = PCURVE('',#1966,#3702);
#3702 = DEFINITIONAL_REPRESENTATION('',(#3703),#3707);
#3703 = CIRCLE('',#3704,6.);
#3704 = AXIS2_PLACEMENT_2D('',#3705,#3706);
#3705 = CARTESIAN_POINT('',(10.,4.5));
#3706 = DIRECTION('',(-1.,3.739698609511E-16));
#3707 = ( GEOMETRIC_REPRESENTATION_CONTEXT(2) 
PARAMETRIC_REPRESENTATION_CONTEXT() REPRESENTATION_CONTEXT('2D SPACE',''
  ) );
#3708 = PCURVE('',#3709,#3714);
#3709 = CYLINDRICAL_SURFACE('',#3710,6.);
#3710 = AXIS2_PLACEMENT_3D('',#3711,#3712,#3713);
#3711 = CARTESIAN_POINT('',(9.,-35.,-87.));
#3712 = DIRECTION('',(-0.,-0.,-1.));
#3713 = DIRECTION('',(1.,0.,0.));
#3714 = DEFINITIONAL_REPRESENTATION('',(#3715),#3719);
#3715 = LINE('',#3716,#3717);
#3716 = CARTESIAN_POINT('',(-6.28318530718,-11.));
#3717 = VECTOR('',#3718,1.);
#3718 = DIRECTION('',(1.,-0.));
#3719 = ( GEOMETRIC_REPRESENTATION_CONTEXT(2) 
PARAMETRIC_REPRESENTATION_CONTEXT() REPRESENTATION_CONTEXT('2D SPACE',''
  ) );
#3720 = ADVANCED_FACE('',(#3721),#2529,.T.);
#3721 = FACE_BOUND('',#3722,.T.);
#3722 = EDGE_LOOP('',(#3723,#3744,#3745,#3746,#3767));
#3723 = ORIENTED_EDGE('',*,*,#3724,.F.);
#3724 = EDGE_CURVE('',#3630,#2759,#3725,.T.);
#3725 = SURFACE_CURVE('',#3726,(#3730,#3737),.PCURVE_S1.);
#3726 = LINE('',#3727,#3728);
#3727 = CARTESIAN_POINT('',(-1.5,-50.,-82.));
#3728 = VECTOR('',#3729,1.);
#3729 = DIRECTION('',(0.,0.,1.));
#3730 = PCURVE('',#2529,#3731);
#3731 = DEFINITIONAL_REPRESENTATION('',(#3732),#3736);
#3732 = LINE('',#3733,#3734);
#3733 = CARTESIAN_POINT('',(0.,0.));
#3734 = VECTOR('',#3735,1.);
#3735 = DIRECTION('',(1.,0.));
#3736 = ( GEOMETRIC_REPRESENTATION_CONTEXT(2) 
PARAMETRIC_REPRESENTATION_CONTEXT() REPRESENTATION_CONTEXT('2D SPACE',''
  ) );
#3737 = PCURVE('',#2782,#3738);
#3738 = DEFINITIONAL_REPRESENTATION('',(#3739),#3743);
#3739 = LINE('',#3740,#3741);
#3740 = CARTESIAN_POINT('',(0.,0.));
#3741 = VECTOR('',#3742,1.);
#3742 = DIRECTION('',(1.,0.));
#3743 = ( GEOMETRIC_REPRESENTATION_CONTEXT(2) 
PARAMETRIC_REPRESENTATION_CONTEXT() REPRESENTATION_CONTEXT('2D SPACE',''
  ) );
#3744 = ORIENTED_EDGE('',*,*,#3629,.F.);
#3745 = ORIENTED_EDGE('',*,*,#2359,.T.);
#3746 = ORIENTED_EDGE('',*,*,#3747,.F.);
#3747 = EDGE_CURVE('',#2798,#2326,#3748,.T.);
#3748 = SURFACE_CURVE('',#3749,(#3753,#3760),.PCURVE_S1.);
#3749 = LINE('',#3750,#3751);
#3750 = CARTESIAN_POINT('',(-1.5,-50.,-10.));
#3751 = VECTOR('',#3752,1.);
#3752 = DIRECTION('',(0.,1.,0.));
#3753 = PCURVE('',#2529,#3754);
#3754 = DEFINITIONAL_REPRESENTATION('',(#3755),#3759);
#3755 = LINE('',#3756,#3757);
#3756 = CARTESIAN_POINT('',(72.,0.));
#3757 = VECTOR('',#3758,1.);
#3758 = DIRECTION('',(0.,-1.));
#3759 = ( GEOMETRIC_REPRESENTATION_CONTEXT(2) 
PARAMETRIC_REPRESENTATION_CONTEXT() REPRESENTATION_CONTEXT('2D SPACE',''
  ) );
#3760 = PCURVE('',#2345,#3761);
#3761 = DEFINITIONAL_REPRESENTATION('',(#3762),#3766);
#3762 = LINE('',#3763,#3764);
#3763 = CARTESIAN_POINT('',(0.,0.));
#3764 = VECTOR('',#3765,1.);
#3765 = DIRECTION('',(0.,1.));
#3766 = ( GEOMETRIC_REPRESENTATION_CONTEXT(2) 
PARAMETRIC_REPRESENTATION_CONTEXT() REPRESENTATION_CONTEXT('2D SPACE',''
  ) );
#3767 = ORIENTED_EDGE('',*,*,#2797,.F.);
#3768 = ADVANCED_FACE('',(#3769),#2345,.F.);
#3769 = FACE_BOUND('',#3770,.F.);
#3770 = EDGE_LOOP('',(#3771,#3772,#3773,#3794));
#3771 = ORIENTED_EDGE('',*,*,#3747,.F.);
#3772 = ORIENTED_EDGE('',*,*,#3069,.F.);
#3773 = ORIENTED_EDGE('',*,*,#3774,.T.);
#3774 = EDGE_CURVE('',#3070,#2067,#3775,.T.);
#3775 = SURFACE_CURVE('',#3776,(#3780,#3787),.PCURVE_S1.);
#3776 = LINE('',#3777,#3778);
#3777 = CARTESIAN_POINT('',(1.5,-50.,-10.));
#3778 = VECTOR('',#3779,1.);
#3779 = DIRECTION('',(0.,1.,0.));
#3780 = PCURVE('',#2345,#3781);
#3781 = DEFINITIONAL_REPRESENTATION('',(#3782),#3786);
#3782 = LINE('',#3783,#3784);
#3783 = CARTESIAN_POINT('',(3.,0.));
#3784 = VECTOR('',#3785,1.);
#3785 = DIRECTION('',(0.,1.));
#3786 = ( GEOMETRIC_REPRESENTATION_CONTEXT(2) 
PARAMETRIC_REPRESENTATION_CONTEXT() REPRESENTATION_CONTEXT('2D SPACE',''
  ) );
#3787 = PCURVE('',#2236,#3788);
#3788 = DEFINITIONAL_REPRESENTATION('',(#3789),#3793);
#3789 = LINE('',#3790,#3791);
#3790 = CARTESIAN_POINT('',(72.,0.));
#3791 = VECTOR('',#3792,1.);
#3792 = DIRECTION('',(0.,-1.));
#3793 = ( GEOMETRIC_REPRESENTATION_CONTEXT(2) 
PARAMETRIC_REPRESENTATION_CONTEXT() REPRESENTATION_CONTEXT('2D SPACE',''
  ) );
#3794 = ORIENTED_EDGE('',*,*,#2325,.F.);
#3795 = ADVANCED_FACE('',(#3796),#2236,.F.);
#3796 = FACE_BOUND('',#3797,.F.);
#3797 = EDGE_LOOP('',(#3798,#3819,#3820,#3821,#3822));
#3798 = ORIENTED_EDGE('',*,*,#3799,.F.);
#3799 = EDGE_CURVE('',#3651,#2761,#3800,.T.);
#3800 = SURFACE_CURVE('',#3801,(#3805,#3812),.PCURVE_S1.);
#3801 = LINE('',#3802,#3803);
#3802 = CARTESIAN_POINT('',(1.5,-50.,-82.));
#3803 = VECTOR('',#3804,1.);
#3804 = DIRECTION('',(0.,0.,1.));
#3805 = PCURVE('',#2236,#3806);
#3806 = DEFINITIONAL_REPRESENTATION('',(#3807),#3811);
#3807 = LINE('',#3808,#3809);
#3808 = CARTESIAN_POINT('',(0.,0.));
#3809 = VECTOR('',#3810,1.);
#3810 = DIRECTION('',(1.,0.));
#3811 = ( GEOMETRIC_REPRESENTATION_CONTEXT(2) 
PARAMETRIC_REPRESENTATION_CONTEXT() REPRESENTATION_CONTEXT('2D SPACE',''
  ) );
#3812 = PCURVE('',#2782,#3813);
#3813 = DEFINITIONAL_REPRESENTATION('',(#3814),#3818);
#3814 = LINE('',#3815,#3816);
#3815 = CARTESIAN_POINT('',(0.,3.));
#3816 = VECTOR('',#3817,1.);
#3817 = DIRECTION('',(1.,0.));
#3818 = ( GEOMETRIC_REPRESENTATION_CONTEXT(2) 
PARAMETRIC_REPRESENTATION_CONTEXT() REPRESENTATION_CONTEXT('2D SPACE',''
  ) );
#3819 = ORIENTED_EDGE('',*,*,#3671,.F.);
#3820 = ORIENTED_EDGE('',*,*,#2066,.T.);
#3821 = ORIENTED_EDGE('',*,*,#3774,.F.);
#3822 = ORIENTED_EDGE('',*,*,#3098,.F.);
#3823 = ADVANCED_FACE('',(#3824),#2782,.T.);
#3824 = FACE_BOUND('',#3825,.T.);
#3825 = EDGE_LOOP('',(#3826,#3827,#3828,#3829));
#3826 = ORIENTED_EDGE('',*,*,#3799,.F.);
#3827 = ORIENTED_EDGE('',*,*,#3650,.F.);
#3828 = ORIENTED_EDGE('',*,*,#3724,.T.);
#3829 = ORIENTED_EDGE('',*,*,#2758,.T.);
#3830 = ADVANCED_FACE('',(#3831),#3390,.F.);
#3831 = FACE_BOUND('',#3832,.F.);
#3832 = EDGE_LOOP('',(#3833,#3868,#3869));
#3833 = ORIENTED_EDGE('',*,*,#3834,.T.);
#3834 = EDGE_CURVE('',#3835,#3372,#3837,.T.);
#3835 = VERTEX_POINT('',#3836);
#3836 = CARTESIAN_POINT('',(8.394907989444,-52.,-87.));
#3837 = SURFACE_CURVE('',#3838,(#3846,#3857),.PCURVE_S1.);
#3838 = B_SPLINE_CURVE_WITH_KNOTS('',6,(#3839,#3840,#3841,#3842,#3843,
    #3844,#3845),.UNSPECIFIED.,.F.,.F.,(7,7),(0.,1.),
  .PIECEWISE_BEZIER_KNOTS.);
#3839 = CARTESIAN_POINT('',(8.394907989444,-52.,-87.));
#3840 = CARTESIAN_POINT('',(7.52873950859,-52.33274853688,-87.));
#3841 = CARTESIAN_POINT('',(6.644390073537,-52.61799716598,-87.));
#3842 = CARTESIAN_POINT('',(5.746127644669,-52.85796872772,-87.));
#3843 = CARTESIAN_POINT('',(4.837478704265,-53.05416154573,-87.));
#3844 = CARTESIAN_POINT('',(3.92135370177,-53.20777572229,-87.));
#3845 = CARTESIAN_POINT('',(3.,-53.31951800604,-87.));
#3846 = PCURVE('',#3390,#3847);
#3847 = DEFINITIONAL_REPRESENTATION('',(#3848),#3856);
#3848 = B_SPLINE_CURVE_WITH_KNOTS('',6,(#3849,#3850,#3851,#3852,#3853,
    #3854,#3855),.UNSPECIFIED.,.F.,.F.,(7,7),(0.,1.),
  .PIECEWISE_BEZIER_KNOTS.);
#3849 = CARTESIAN_POINT('',(-0.605092010556,-3.));
#3850 = CARTESIAN_POINT('',(-1.47126049141,-3.332748536883));
#3851 = CARTESIAN_POINT('',(-2.355609926463,-3.617997165982));
#3852 = CARTESIAN_POINT('',(-3.253872355331,-3.857968727721));
#3853 = CARTESIAN_POINT('',(-4.162521295735,-4.05416154573));
#3854 = CARTESIAN_POINT('',(-5.07864629823,-4.207775722294));
#3855 = CARTESIAN_POINT('',(-6.,-4.319518006049));
#3856 = ( GEOMETRIC_REPRESENTATION_CONTEXT(2) 
PARAMETRIC_REPRESENTATION_CONTEXT() REPRESENTATION_CONTEXT('2D SPACE',''
  ) );
#3857 = PCURVE('',#3422,#3858);
#3858 = DEFINITIONAL_REPRESENTATION('',(#3859),#3867);
#3859 = B_SPLINE_CURVE_WITH_KNOTS('',6,(#3860,#3861,#3862,#3863,#3864,
    #3865,#3866),.UNSPECIFIED.,.F.,.F.,(7,7),(0.,1.),
  .PIECEWISE_BEZIER_KNOTS.);
#3860 = CARTESIAN_POINT('',(5.228864121232,-1.));
#3861 = CARTESIAN_POINT('',(5.170270371056,-1.));
#3862 = CARTESIAN_POINT('',(5.112786249897,-1.));
#3863 = CARTESIAN_POINT('',(5.056173078621,-1.));
#3864 = CARTESIAN_POINT('',(5.000251295681,-1.));
#3865 = CARTESIAN_POINT('',(4.944850000009,-1.));
#3866 = CARTESIAN_POINT('',(4.889788584825,-1.));
#3867 = ( GEOMETRIC_REPRESENTATION_CONTEXT(2) 
PARAMETRIC_REPRESENTATION_CONTEXT() REPRESENTATION_CONTEXT('2D SPACE',''
  ) );
#3868 = ORIENTED_EDGE('',*,*,#3371,.T.);
#3869 = ORIENTED_EDGE('',*,*,#3870,.T.);
#3870 = EDGE_CURVE('',#3374,#3835,#3871,.T.);
#3871 = SURFACE_CURVE('',#3872,(#3876,#3882),.PCURVE_S1.);
#3872 = LINE('',#3873,#3874);
#3873 = CARTESIAN_POINT('',(-8.5,-52.,-87.));
#3874 = VECTOR('',#3875,1.);
#3875 = DIRECTION('',(-1.,0.,0.));
#3876 = PCURVE('',#3390,#3877);
#3877 = DEFINITIONAL_REPRESENTATION('',(#3878),#3881);
#3878 = B_SPLINE_CURVE_WITH_KNOTS('',1,(#3879,#3880),.UNSPECIFIED.,.F.,
  .F.,(2,2),(-23.5,-16.89490798944),.PIECEWISE_BEZIER_KNOTS.);
#3879 = CARTESIAN_POINT('',(6.,-3.));
#3880 = CARTESIAN_POINT('',(-0.605092010556,-3.));
#3881 = ( GEOMETRIC_REPRESENTATION_CONTEXT(2) 
PARAMETRIC_REPRESENTATION_CONTEXT() REPRESENTATION_CONTEXT('2D SPACE',''
  ) );
#3882 = PCURVE('',#3605,#3883);
#3883 = DEFINITIONAL_REPRESENTATION('',(#3884),#3887);
#3884 = B_SPLINE_CURVE_WITH_KNOTS('',1,(#3885,#3886),.UNSPECIFIED.,.F.,
  .F.,(2,2),(-23.5,-16.89490798944),.PIECEWISE_BEZIER_KNOTS.);
#3885 = CARTESIAN_POINT('',(1.,41.));
#3886 = CARTESIAN_POINT('',(1.,34.394907989444));
#3887 = ( GEOMETRIC_REPRESENTATION_CONTEXT(2) 
PARAMETRIC_REPRESENTATION_CONTEXT() REPRESENTATION_CONTEXT('2D SPACE',''
  ) );
#3888 = ADVANCED_FACE('',(#3889),#3605,.F.);
#3889 = FACE_BOUND('',#3890,.F.);
#3890 = EDGE_LOOP('',(#3891,#3921,#3948,#3949,#3950,#3973));
#3891 = ORIENTED_EDGE('',*,*,#3892,.F.);
#3892 = EDGE_CURVE('',#3893,#3895,#3897,.T.);
#3893 = VERTEX_POINT('',#3894);
#3894 = CARTESIAN_POINT('',(8.394907989444,-52.,-88.));
#3895 = VERTEX_POINT('',#3896);
#3896 = CARTESIAN_POINT('',(21.462396208697,-51.99999999999,-88.));
#3897 = SURFACE_CURVE('',#3898,(#3902,#3909),.PCURVE_S1.);
#3898 = LINE('',#3899,#3900);
#3899 = CARTESIAN_POINT('',(-26.,-52.,-88.));
#3900 = VECTOR('',#3901,1.);
#3901 = DIRECTION('',(1.,0.,0.));
#3902 = PCURVE('',#3605,#3903);
#3903 = DEFINITIONAL_REPRESENTATION('',(#3904),#3908);
#3904 = LINE('',#3905,#3906);
#3905 = CARTESIAN_POINT('',(0.,0.));
#3906 = VECTOR('',#3907,1.);
#3907 = DIRECTION('',(0.,1.));
#3908 = ( GEOMETRIC_REPRESENTATION_CONTEXT(2) 
PARAMETRIC_REPRESENTATION_CONTEXT() REPRESENTATION_CONTEXT('2D SPACE',''
  ) );
#3909 = PCURVE('',#3910,#3915);
#3910 = PLANE('',#3911);
#3911 = AXIS2_PLACEMENT_3D('',#3912,#3913,#3914);
#3912 = CARTESIAN_POINT('',(0.848889233593,-42.,-88.));
#3913 = DIRECTION('',(0.,0.,1.));
#3914 = DIRECTION('',(1.,0.,-0.));
#3915 = DEFINITIONAL_REPRESENTATION('',(#3916),#3920);
#3916 = LINE('',#3917,#3918);
#3917 = CARTESIAN_POINT('',(-26.84888923359,-10.));
#3918 = VECTOR('',#3919,1.);
#3919 = DIRECTION('',(1.,0.));
#3920 = ( GEOMETRIC_REPRESENTATION_CONTEXT(2) 
PARAMETRIC_REPRESENTATION_CONTEXT() REPRESENTATION_CONTEXT('2D SPACE',''
  ) );
#3921 = ORIENTED_EDGE('',*,*,#3922,.F.);
#3922 = EDGE_CURVE('',#3835,#3893,#3923,.T.);
#3923 = SURFACE_CURVE('',#3924,(#3930,#3939),.PCURVE_S1.);
#3924 = B_SPLINE_CURVE_WITH_KNOTS('',4,(#3925,#3926,#3927,#3928,#3929),
  .UNSPECIFIED.,.F.,.F.,(5,5),(0.,1.),.PIECEWISE_BEZIER_KNOTS.);
#3925 = CARTESIAN_POINT('',(8.394907989444,-52.,-83.9));
#3926 = CARTESIAN_POINT('',(8.394907989444,-52.,-84.92499999989));
#3927 = CARTESIAN_POINT('',(8.394907989444,-52.,-85.95));
#3928 = CARTESIAN_POINT('',(8.394907989444,-52.,-86.9750000001));
#3929 = CARTESIAN_POINT('',(8.394907989444,-52.,-88.));
#3930 = PCURVE('',#3605,#3931);
#3931 = DEFINITIONAL_REPRESENTATION('',(#3932),#3938);
#3932 = B_SPLINE_CURVE_WITH_KNOTS('',4,(#3933,#3934,#3935,#3936,#3937),
  .UNSPECIFIED.,.F.,.F.,(5,5),(0.,1.),.PIECEWISE_BEZIER_KNOTS.);
#3933 = CARTESIAN_POINT('',(4.1,34.394907989444));
#3934 = CARTESIAN_POINT('',(3.075000000102,34.394907989444));
#3935 = CARTESIAN_POINT('',(2.05,34.394907989444));
#3936 = CARTESIAN_POINT('',(1.024999999898,34.394907989444));
#3937 = CARTESIAN_POINT('',(0.,34.394907989444));
#3938 = ( GEOMETRIC_REPRESENTATION_CONTEXT(2) 
PARAMETRIC_REPRESENTATION_CONTEXT() REPRESENTATION_CONTEXT('2D SPACE',''
  ) );
#3939 = PCURVE('',#3422,#3940);
#3940 = DEFINITIONAL_REPRESENTATION('',(#3941),#3947);
#3941 = B_SPLINE_CURVE_WITH_KNOTS('',4,(#3942,#3943,#3944,#3945,#3946),
  .UNSPECIFIED.,.F.,.F.,(5,5),(0.,1.),.PIECEWISE_BEZIER_KNOTS.);
#3942 = CARTESIAN_POINT('',(5.228864121232,-4.09999999959));
#3943 = CARTESIAN_POINT('',(5.228864121232,-3.074999999693));
#3944 = CARTESIAN_POINT('',(5.228864121232,-2.05));
#3945 = CARTESIAN_POINT('',(5.228864121232,-1.025000000307));
#3946 = CARTESIAN_POINT('',(5.228864121232,-4.099467432184E-10));
#3947 = ( GEOMETRIC_REPRESENTATION_CONTEXT(2) 
PARAMETRIC_REPRESENTATION_CONTEXT() REPRESENTATION_CONTEXT('2D SPACE',''
  ) );
#3948 = ORIENTED_EDGE('',*,*,#3870,.F.);
#3949 = ORIENTED_EDGE('',*,*,#3592,.F.);
#3950 = ORIENTED_EDGE('',*,*,#3951,.T.);
#3951 = EDGE_CURVE('',#3565,#3952,#3954,.T.);
#3952 = VERTEX_POINT('',#3953);
#3953 = CARTESIAN_POINT('',(21.462396208697,-51.99999999999,-83.9));
#3954 = SURFACE_CURVE('',#3955,(#3959,#3966),.PCURVE_S1.);
#3955 = LINE('',#3956,#3957);
#3956 = CARTESIAN_POINT('',(-26.,-52.,-83.9));
#3957 = VECTOR('',#3958,1.);
#3958 = DIRECTION('',(1.,0.,0.));
#3959 = PCURVE('',#3605,#3960);
#3960 = DEFINITIONAL_REPRESENTATION('',(#3961),#3965);
#3961 = LINE('',#3962,#3963);
#3962 = CARTESIAN_POINT('',(4.1,0.));
#3963 = VECTOR('',#3964,1.);
#3964 = DIRECTION('',(0.,1.));
#3965 = ( GEOMETRIC_REPRESENTATION_CONTEXT(2) 
PARAMETRIC_REPRESENTATION_CONTEXT() REPRESENTATION_CONTEXT('2D SPACE',''
  ) );
#3966 = PCURVE('',#3456,#3967);
#3967 = DEFINITIONAL_REPRESENTATION('',(#3968),#3972);
#3968 = LINE('',#3969,#3970);
#3969 = CARTESIAN_POINT('',(0.,0.));
#3970 = VECTOR('',#3971,1.);
#3971 = DIRECTION('',(1.,0.));
#3972 = ( GEOMETRIC_REPRESENTATION_CONTEXT(2) 
PARAMETRIC_REPRESENTATION_CONTEXT() REPRESENTATION_CONTEXT('2D SPACE',''
  ) );
#3973 = ORIENTED_EDGE('',*,*,#3974,.T.);
#3974 = EDGE_CURVE('',#3952,#3895,#3975,.T.);
#3975 = SURFACE_CURVE('',#3976,(#3982,#3991),.PCURVE_S1.);
#3976 = B_SPLINE_CURVE_WITH_KNOTS('',4,(#3977,#3978,#3979,#3980,#3981),
  .UNSPECIFIED.,.F.,.F.,(5,5),(0.,1.),.PIECEWISE_BEZIER_KNOTS.);
#3977 = CARTESIAN_POINT('',(21.462396208696,-52.,-83.9));
#3978 = CARTESIAN_POINT('',(21.462396208696,-52.,-84.92499999989));
#3979 = CARTESIAN_POINT('',(21.462396208696,-52.,-85.95));
#3980 = CARTESIAN_POINT('',(21.462396208696,-52.,-86.9750000001));
#3981 = CARTESIAN_POINT('',(21.462396208696,-52.,-88.));
#3982 = PCURVE('',#3605,#3983);
#3983 = DEFINITIONAL_REPRESENTATION('',(#3984),#3990);
#3984 = B_SPLINE_CURVE_WITH_KNOTS('',4,(#3985,#3986,#3987,#3988,#3989),
  .UNSPECIFIED.,.F.,.F.,(5,5),(0.,1.),.PIECEWISE_BEZIER_KNOTS.);
#3985 = CARTESIAN_POINT('',(4.1,47.462396208696));
#3986 = CARTESIAN_POINT('',(3.075000000102,47.462396208696));
#3987 = CARTESIAN_POINT('',(2.05,47.462396208696));
#3988 = CARTESIAN_POINT('',(1.024999999898,47.462396208696));
#3989 = CARTESIAN_POINT('',(0.,47.462396208696));
#3990 = ( GEOMETRIC_REPRESENTATION_CONTEXT(2) 
PARAMETRIC_REPRESENTATION_CONTEXT() REPRESENTATION_CONTEXT('2D SPACE',''
  ) );
#3991 = PCURVE('',#3992,#4000);
#3992 = SURFACE_OF_LINEAR_EXTRUSION('',#3993,#3998);
#3993 = ELLIPSE('',#3994,25.,19.5);
#3994 = AXIS2_PLACEMENT_3D('',#3995,#3996,#3997);
#3995 = CARTESIAN_POINT('',(0.,-42.,-88.));
#3996 = DIRECTION('',(0.,0.,1.));
#3997 = DIRECTION('',(1.,0.,0.));
#3998 = VECTOR('',#3999,1.);
#3999 = DIRECTION('',(-0.,-0.,-1.));
#4000 = DEFINITIONAL_REPRESENTATION('',(#4001),#4007);
#4001 = B_SPLINE_CURVE_WITH_KNOTS('',4,(#4002,#4003,#4004,#4005,#4006),
  .UNSPECIFIED.,.F.,.F.,(5,5),(0.,1.),.PIECEWISE_BEZIER_KNOTS.);
#4002 = CARTESIAN_POINT('',(5.744718316273,-4.09999999959));
#4003 = CARTESIAN_POINT('',(5.744718316273,-3.074999999693));
#4004 = CARTESIAN_POINT('',(5.744718316273,-2.05));
#4005 = CARTESIAN_POINT('',(5.744718316273,-1.025000000307));
#4006 = CARTESIAN_POINT('',(5.744718316273,-4.099467432184E-10));
#4007 = ( GEOMETRIC_REPRESENTATION_CONTEXT(2) 
PARAMETRIC_REPRESENTATION_CONTEXT() REPRESENTATION_CONTEXT('2D SPACE',''
  ) );
#4008 = ADVANCED_FACE('',(#4009),#3456,.T.);
#4009 = FACE_BOUND('',#4010,.T.);
#4010 = EDGE_LOOP('',(#4011,#4041,#4069,#4097,#4129,#4157,#4189,#4217,
    #4239,#4240,#4241,#4242,#4265));
#4011 = ORIENTED_EDGE('',*,*,#4012,.F.);
#4012 = EDGE_CURVE('',#4013,#4015,#4017,.T.);
#4013 = VERTEX_POINT('',#4014);
#4014 = CARTESIAN_POINT('',(14.196152422707,-32.,-83.9));
#4015 = VERTEX_POINT('',#4016);
#4016 = CARTESIAN_POINT('',(21.462396208697,-32.,-83.9));
#4017 = SURFACE_CURVE('',#4018,(#4022,#4029),.PCURVE_S1.);
#4018 = LINE('',#4019,#4020);
#4019 = CARTESIAN_POINT('',(-26.,-32.,-83.9));
#4020 = VECTOR('',#4021,1.);
#4021 = DIRECTION('',(1.,0.,0.));
#4022 = PCURVE('',#3456,#4023);
#4023 = DEFINITIONAL_REPRESENTATION('',(#4024),#4028);
#4024 = LINE('',#4025,#4026);
#4025 = CARTESIAN_POINT('',(0.,20.));
#4026 = VECTOR('',#4027,1.);
#4027 = DIRECTION('',(1.,0.));
#4028 = ( GEOMETRIC_REPRESENTATION_CONTEXT(2) 
PARAMETRIC_REPRESENTATION_CONTEXT() REPRESENTATION_CONTEXT('2D SPACE',''
  ) );
#4029 = PCURVE('',#4030,#4035);
#4030 = PLANE('',#4031);
#4031 = AXIS2_PLACEMENT_3D('',#4032,#4033,#4034);
#4032 = CARTESIAN_POINT('',(-26.,-32.,-88.));
#4033 = DIRECTION('',(0.,1.,0.));
#4034 = DIRECTION('',(0.,0.,1.));
#4035 = DEFINITIONAL_REPRESENTATION('',(#4036),#4040);
#4036 = LINE('',#4037,#4038);
#4037 = CARTESIAN_POINT('',(4.1,0.));
#4038 = VECTOR('',#4039,1.);
#4039 = DIRECTION('',(0.,1.));
#4040 = ( GEOMETRIC_REPRESENTATION_CONTEXT(2) 
PARAMETRIC_REPRESENTATION_CONTEXT() REPRESENTATION_CONTEXT('2D SPACE',''
  ) );
#4041 = ORIENTED_EDGE('',*,*,#4042,.T.);
#4042 = EDGE_CURVE('',#4013,#4043,#4045,.T.);
#4043 = VERTEX_POINT('',#4044);
#4044 = CARTESIAN_POINT('',(15.,-35.,-83.9));
#4045 = SURFACE_CURVE('',#4046,(#4051,#4062),.PCURVE_S1.);
#4046 = CIRCLE('',#4047,6.);
#4047 = AXIS2_PLACEMENT_3D('',#4048,#4049,#4050);
#4048 = CARTESIAN_POINT('',(9.,-35.,-83.9));
#4049 = DIRECTION('',(0.,0.,-1.));
#4050 = DIRECTION('',(1.,0.,0.));
#4051 = PCURVE('',#3456,#4052);
#4052 = DEFINITIONAL_REPRESENTATION('',(#4053),#4061);
#4053 = ( BOUNDED_CURVE() B_SPLINE_CURVE(2,(#4054,#4055,#4056,#4057,
#4058,#4059,#4060),.UNSPECIFIED.,.T.,.F.) B_SPLINE_CURVE_WITH_KNOTS((1,2
    ,2,2,2,1),(-2.094395102393,0.,2.094395102393,4.188790204786,
6.28318530718,8.377580409573),.UNSPECIFIED.) CURVE() 
GEOMETRIC_REPRESENTATION_ITEM() RATIONAL_B_SPLINE_CURVE((1.,0.5,1.,0.5,
1.,0.5,1.)) REPRESENTATION_ITEM('') );
#4054 = CARTESIAN_POINT('',(41.,17.));
#4055 = CARTESIAN_POINT('',(41.,6.607695154587));
#4056 = CARTESIAN_POINT('',(32.,11.803847577293));
#4057 = CARTESIAN_POINT('',(23.,17.));
#4058 = CARTESIAN_POINT('',(32.,22.196152422707));
#4059 = CARTESIAN_POINT('',(41.,27.392304845413));
#4060 = CARTESIAN_POINT('',(41.,17.));
#4061 = ( GEOMETRIC_REPRESENTATION_CONTEXT(2) 
PARAMETRIC_REPRESENTATION_CONTEXT() REPRESENTATION_CONTEXT('2D SPACE',''
  ) );
#4062 = PCURVE('',#3709,#4063);
#4063 = DEFINITIONAL_REPRESENTATION('',(#4064),#4068);
#4064 = LINE('',#4065,#4066);
#4065 = CARTESIAN_POINT('',(-6.28318530718,-3.1));
#4066 = VECTOR('',#4067,1.);
#4067 = DIRECTION('',(1.,-0.));
#4068 = ( GEOMETRIC_REPRESENTATION_CONTEXT(2) 
PARAMETRIC_REPRESENTATION_CONTEXT() REPRESENTATION_CONTEXT('2D SPACE',''
  ) );
#4069 = ORIENTED_EDGE('',*,*,#4070,.T.);
#4070 = EDGE_CURVE('',#4043,#4071,#4073,.T.);
#4071 = VERTEX_POINT('',#4072);
#4072 = CARTESIAN_POINT('',(4.593528518281,-30.92777590489,-83.9));
#4073 = SURFACE_CURVE('',#4074,(#4079,#4090),.PCURVE_S1.);
#4074 = CIRCLE('',#4075,6.);
#4075 = AXIS2_PLACEMENT_3D('',#4076,#4077,#4078);
#4076 = CARTESIAN_POINT('',(9.,-35.,-83.9));
#4077 = DIRECTION('',(0.,0.,-1.));
#4078 = DIRECTION('',(1.,0.,0.));
#4079 = PCURVE('',#3456,#4080);
#4080 = DEFINITIONAL_REPRESENTATION('',(#4081),#4089);
#4081 = ( BOUNDED_CURVE() B_SPLINE_CURVE(2,(#4082,#4083,#4084,#4085,
#4086,#4087,#4088),.UNSPECIFIED.,.T.,.F.) B_SPLINE_CURVE_WITH_KNOTS((1,2
    ,2,2,2,1),(-2.094395102393,0.,2.094395102393,4.188790204786,
6.28318530718,8.377580409573),.UNSPECIFIED.) CURVE() 
GEOMETRIC_REPRESENTATION_ITEM() RATIONAL_B_SPLINE_CURVE((1.,0.5,1.,0.5,
1.,0.5,1.)) REPRESENTATION_ITEM('') );
#4082 = CARTESIAN_POINT('',(41.,17.));
#4083 = CARTESIAN_POINT('',(41.,6.607695154587));
#4084 = CARTESIAN_POINT('',(32.,11.803847577293));
#4085 = CARTESIAN_POINT('',(23.,17.));
#4086 = CARTESIAN_POINT('',(32.,22.196152422707));
#4087 = CARTESIAN_POINT('',(41.,27.392304845413));
#4088 = CARTESIAN_POINT('',(41.,17.));
#4089 = ( GEOMETRIC_REPRESENTATION_CONTEXT(2) 
PARAMETRIC_REPRESENTATION_CONTEXT() REPRESENTATION_CONTEXT('2D SPACE',''
  ) );
#4090 = PCURVE('',#3709,#4091);
#4091 = DEFINITIONAL_REPRESENTATION('',(#4092),#4096);
#4092 = LINE('',#4093,#4094);
#4093 = CARTESIAN_POINT('',(-6.28318530718,-3.1));
#4094 = VECTOR('',#4095,1.);
#4095 = DIRECTION('',(1.,-0.));
#4096 = ( GEOMETRIC_REPRESENTATION_CONTEXT(2) 
PARAMETRIC_REPRESENTATION_CONTEXT() REPRESENTATION_CONTEXT('2D SPACE',''
  ) );
#4097 = ORIENTED_EDGE('',*,*,#4098,.T.);
#4098 = EDGE_CURVE('',#4071,#4099,#4101,.T.);
#4099 = VERTEX_POINT('',#4100);
#4100 = CARTESIAN_POINT('',(-8.394907989444,-32.,-83.9));
#4101 = SURFACE_CURVE('',#4102,(#4107,#4114),.PCURVE_S1.);
#4102 = ELLIPSE('',#4103,17.,11.5);
#4103 = AXIS2_PLACEMENT_3D('',#4104,#4105,#4106);
#4104 = CARTESIAN_POINT('',(0.,-42.,-83.9));
#4105 = DIRECTION('',(0.,0.,1.));
#4106 = DIRECTION('',(1.,0.,0.));
#4107 = PCURVE('',#3456,#4108);
#4108 = DEFINITIONAL_REPRESENTATION('',(#4109),#4113);
#4109 = ELLIPSE('',#4110,17.,11.5);
#4110 = AXIS2_PLACEMENT_2D('',#4111,#4112);
#4111 = CARTESIAN_POINT('',(26.,10.));
#4112 = DIRECTION('',(1.,0.));
#4113 = ( GEOMETRIC_REPRESENTATION_CONTEXT(2) 
PARAMETRIC_REPRESENTATION_CONTEXT() REPRESENTATION_CONTEXT('2D SPACE',''
  ) );
#4114 = PCURVE('',#4115,#4123);
#4115 = SURFACE_OF_LINEAR_EXTRUSION('',#4116,#4121);
#4116 = ELLIPSE('',#4117,17.,11.5);
#4117 = AXIS2_PLACEMENT_3D('',#4118,#4119,#4120);
#4118 = CARTESIAN_POINT('',(0.,-42.,-88.));
#4119 = DIRECTION('',(0.,0.,1.));
#4120 = DIRECTION('',(1.,0.,0.));
#4121 = VECTOR('',#4122,1.);
#4122 = DIRECTION('',(-0.,-0.,-1.));
#4123 = DEFINITIONAL_REPRESENTATION('',(#4124),#4128);
#4124 = LINE('',#4125,#4126);
#4125 = CARTESIAN_POINT('',(0.,-4.1));
#4126 = VECTOR('',#4127,1.);
#4127 = DIRECTION('',(1.,0.));
#4128 = ( GEOMETRIC_REPRESENTATION_CONTEXT(2) 
PARAMETRIC_REPRESENTATION_CONTEXT() REPRESENTATION_CONTEXT('2D SPACE',''
  ) );
#4129 = ORIENTED_EDGE('',*,*,#4130,.F.);
#4130 = EDGE_CURVE('',#4131,#4099,#4133,.T.);
#4131 = VERTEX_POINT('',#4132);
#4132 = CARTESIAN_POINT('',(-21.46239620869,-32.,-83.9));
#4133 = SURFACE_CURVE('',#4134,(#4138,#4145),.PCURVE_S1.);
#4134 = LINE('',#4135,#4136);
#4135 = CARTESIAN_POINT('',(-26.,-32.,-83.9));
#4136 = VECTOR('',#4137,1.);
#4137 = DIRECTION('',(1.,0.,0.));
#4138 = PCURVE('',#3456,#4139);
#4139 = DEFINITIONAL_REPRESENTATION('',(#4140),#4144);
#4140 = LINE('',#4141,#4142);
#4141 = CARTESIAN_POINT('',(0.,20.));
#4142 = VECTOR('',#4143,1.);
#4143 = DIRECTION('',(1.,0.));
#4144 = ( GEOMETRIC_REPRESENTATION_CONTEXT(2) 
PARAMETRIC_REPRESENTATION_CONTEXT() REPRESENTATION_CONTEXT('2D SPACE',''
  ) );
#4145 = PCURVE('',#4146,#4151);
#4146 = PLANE('',#4147);
#4147 = AXIS2_PLACEMENT_3D('',#4148,#4149,#4150);
#4148 = CARTESIAN_POINT('',(-26.,-32.,-88.));
#4149 = DIRECTION('',(0.,1.,0.));
#4150 = DIRECTION('',(0.,0.,1.));
#4151 = DEFINITIONAL_REPRESENTATION('',(#4152),#4156);
#4152 = LINE('',#4153,#4154);
#4153 = CARTESIAN_POINT('',(4.1,0.));
#4154 = VECTOR('',#4155,1.);
#4155 = DIRECTION('',(0.,1.));
#4156 = ( GEOMETRIC_REPRESENTATION_CONTEXT(2) 
PARAMETRIC_REPRESENTATION_CONTEXT() REPRESENTATION_CONTEXT('2D SPACE',''
  ) );
#4157 = ORIENTED_EDGE('',*,*,#4158,.T.);
#4158 = EDGE_CURVE('',#4131,#4159,#4161,.T.);
#4159 = VERTEX_POINT('',#4160);
#4160 = CARTESIAN_POINT('',(-21.46239620869,-52.,-83.9));
#4161 = SURFACE_CURVE('',#4162,(#4167,#4174),.PCURVE_S1.);
#4162 = ELLIPSE('',#4163,25.,19.5);
#4163 = AXIS2_PLACEMENT_3D('',#4164,#4165,#4166);
#4164 = CARTESIAN_POINT('',(0.,-42.,-83.9));
#4165 = DIRECTION('',(0.,0.,1.));
#4166 = DIRECTION('',(1.,0.,0.));
#4167 = PCURVE('',#3456,#4168);
#4168 = DEFINITIONAL_REPRESENTATION('',(#4169),#4173);
#4169 = ELLIPSE('',#4170,25.,19.5);
#4170 = AXIS2_PLACEMENT_2D('',#4171,#4172);
#4171 = CARTESIAN_POINT('',(26.,10.));
#4172 = DIRECTION('',(1.,0.));
#4173 = ( GEOMETRIC_REPRESENTATION_CONTEXT(2) 
PARAMETRIC_REPRESENTATION_CONTEXT() REPRESENTATION_CONTEXT('2D SPACE',''
  ) );
#4174 = PCURVE('',#4175,#4183);
#4175 = SURFACE_OF_LINEAR_EXTRUSION('',#4176,#4181);
#4176 = ELLIPSE('',#4177,25.,19.5);
#4177 = AXIS2_PLACEMENT_3D('',#4178,#4179,#4180);
#4178 = CARTESIAN_POINT('',(0.,-42.,-88.));
#4179 = DIRECTION('',(0.,0.,1.));
#4180 = DIRECTION('',(1.,0.,0.));
#4181 = VECTOR('',#4182,1.);
#4182 = DIRECTION('',(-0.,-0.,-1.));
#4183 = DEFINITIONAL_REPRESENTATION('',(#4184),#4188);
#4184 = LINE('',#4185,#4186);
#4185 = CARTESIAN_POINT('',(0.,-4.1));
#4186 = VECTOR('',#4187,1.);
#4187 = DIRECTION('',(1.,0.));
#4188 = ( GEOMETRIC_REPRESENTATION_CONTEXT(2) 
PARAMETRIC_REPRESENTATION_CONTEXT() REPRESENTATION_CONTEXT('2D SPACE',''
  ) );
#4189 = ORIENTED_EDGE('',*,*,#4190,.T.);
#4190 = EDGE_CURVE('',#4159,#4191,#4193,.T.);
#4191 = VERTEX_POINT('',#4192);
#4192 = CARTESIAN_POINT('',(-8.394907989444,-52.,-83.9));
#4193 = SURFACE_CURVE('',#4194,(#4198,#4205),.PCURVE_S1.);
#4194 = LINE('',#4195,#4196);
#4195 = CARTESIAN_POINT('',(-26.,-52.,-83.9));
#4196 = VECTOR('',#4197,1.);
#4197 = DIRECTION('',(1.,0.,0.));
#4198 = PCURVE('',#3456,#4199);
#4199 = DEFINITIONAL_REPRESENTATION('',(#4200),#4204);
#4200 = LINE('',#4201,#4202);
#4201 = CARTESIAN_POINT('',(0.,0.));
#4202 = VECTOR('',#4203,1.);
#4203 = DIRECTION('',(1.,0.));
#4204 = ( GEOMETRIC_REPRESENTATION_CONTEXT(2) 
PARAMETRIC_REPRESENTATION_CONTEXT() REPRESENTATION_CONTEXT('2D SPACE',''
  ) );
#4205 = PCURVE('',#4206,#4211);
#4206 = PLANE('',#4207);
#4207 = AXIS2_PLACEMENT_3D('',#4208,#4209,#4210);
#4208 = CARTESIAN_POINT('',(-26.,-52.,-88.));
#4209 = DIRECTION('',(0.,1.,0.));
#4210 = DIRECTION('',(0.,0.,1.));
#4211 = DEFINITIONAL_REPRESENTATION('',(#4212),#4216);
#4212 = LINE('',#4213,#4214);
#4213 = CARTESIAN_POINT('',(4.1,0.));
#4214 = VECTOR('',#4215,1.);
#4215 = DIRECTION('',(0.,1.));
#4216 = ( GEOMETRIC_REPRESENTATION_CONTEXT(2) 
PARAMETRIC_REPRESENTATION_CONTEXT() REPRESENTATION_CONTEXT('2D SPACE',''
  ) );
#4217 = ORIENTED_EDGE('',*,*,#4218,.T.);
#4218 = EDGE_CURVE('',#4191,#3403,#4219,.T.);
#4219 = SURFACE_CURVE('',#4220,(#4225,#4232),.PCURVE_S1.);
#4220 = ELLIPSE('',#4221,17.,11.5);
#4221 = AXIS2_PLACEMENT_3D('',#4222,#4223,#4224);
#4222 = CARTESIAN_POINT('',(0.,-42.,-83.9));
#4223 = DIRECTION('',(0.,0.,1.));
#4224 = DIRECTION('',(1.,0.,0.));
#4225 = PCURVE('',#3456,#4226);
#4226 = DEFINITIONAL_REPRESENTATION('',(#4227),#4231);
#4227 = ELLIPSE('',#4228,17.,11.5);
#4228 = AXIS2_PLACEMENT_2D('',#4229,#4230);
#4229 = CARTESIAN_POINT('',(26.,10.));
#4230 = DIRECTION('',(1.,0.));
#4231 = ( GEOMETRIC_REPRESENTATION_CONTEXT(2) 
PARAMETRIC_REPRESENTATION_CONTEXT() REPRESENTATION_CONTEXT('2D SPACE',''
  ) );
#4232 = PCURVE('',#3422,#4233);
#4233 = DEFINITIONAL_REPRESENTATION('',(#4234),#4238);
#4234 = LINE('',#4235,#4236);
#4235 = CARTESIAN_POINT('',(0.,-4.1));
#4236 = VECTOR('',#4237,1.);
#4237 = DIRECTION('',(1.,0.));
#4238 = ( GEOMETRIC_REPRESENTATION_CONTEXT(2) 
PARAMETRIC_REPRESENTATION_CONTEXT() REPRESENTATION_CONTEXT('2D SPACE',''
  ) );
#4239 = ORIENTED_EDGE('',*,*,#3439,.T.);
#4240 = ORIENTED_EDGE('',*,*,#3564,.T.);
#4241 = ORIENTED_EDGE('',*,*,#3951,.T.);
#4242 = ORIENTED_EDGE('',*,*,#4243,.T.);
#4243 = EDGE_CURVE('',#3952,#4244,#4246,.T.);
#4244 = VERTEX_POINT('',#4245);
#4245 = CARTESIAN_POINT('',(25.,-42.,-83.9));
#4246 = SURFACE_CURVE('',#4247,(#4252,#4259),.PCURVE_S1.);
#4247 = ELLIPSE('',#4248,25.,19.5);
#4248 = AXIS2_PLACEMENT_3D('',#4249,#4250,#4251);
#4249 = CARTESIAN_POINT('',(0.,-42.,-83.9));
#4250 = DIRECTION('',(0.,0.,1.));
#4251 = DIRECTION('',(1.,0.,0.));
#4252 = PCURVE('',#3456,#4253);
#4253 = DEFINITIONAL_REPRESENTATION('',(#4254),#4258);
#4254 = ELLIPSE('',#4255,25.,19.5);
#4255 = AXIS2_PLACEMENT_2D('',#4256,#4257);
#4256 = CARTESIAN_POINT('',(26.,10.));
#4257 = DIRECTION('',(1.,0.));
#4258 = ( GEOMETRIC_REPRESENTATION_CONTEXT(2) 
PARAMETRIC_REPRESENTATION_CONTEXT() REPRESENTATION_CONTEXT('2D SPACE',''
  ) );
#4259 = PCURVE('',#3992,#4260);
#4260 = DEFINITIONAL_REPRESENTATION('',(#4261),#4264);
#4261 = B_SPLINE_CURVE_WITH_KNOTS('',1,(#4262,#4263),.UNSPECIFIED.,.F.,
  .F.,(2,2),(5.744718316273,6.28318530718),.PIECEWISE_BEZIER_KNOTS.);
#4262 = CARTESIAN_POINT('',(5.744718316273,-4.1));
#4263 = CARTESIAN_POINT('',(6.28318530718,-4.1));
#4264 = ( GEOMETRIC_REPRESENTATION_CONTEXT(2) 
PARAMETRIC_REPRESENTATION_CONTEXT() REPRESENTATION_CONTEXT('2D SPACE',''
  ) );
#4265 = ORIENTED_EDGE('',*,*,#4266,.T.);
#4266 = EDGE_CURVE('',#4244,#4015,#4267,.T.);
#4267 = SURFACE_CURVE('',#4268,(#4273,#4280),.PCURVE_S1.);
#4268 = ELLIPSE('',#4269,25.,19.5);
#4269 = AXIS2_PLACEMENT_3D('',#4270,#4271,#4272);
#4270 = CARTESIAN_POINT('',(0.,-42.,-83.9));
#4271 = DIRECTION('',(0.,0.,1.));
#4272 = DIRECTION('',(1.,0.,0.));
#4273 = PCURVE('',#3456,#4274);
#4274 = DEFINITIONAL_REPRESENTATION('',(#4275),#4279);
#4275 = ELLIPSE('',#4276,25.,19.5);
#4276 = AXIS2_PLACEMENT_2D('',#4277,#4278);
#4277 = CARTESIAN_POINT('',(26.,10.));
#4278 = DIRECTION('',(1.,0.));
#4279 = ( GEOMETRIC_REPRESENTATION_CONTEXT(2) 
PARAMETRIC_REPRESENTATION_CONTEXT() REPRESENTATION_CONTEXT('2D SPACE',''
  ) );
#4280 = PCURVE('',#3992,#4281);
#4281 = DEFINITIONAL_REPRESENTATION('',(#4282),#4285);
#4282 = B_SPLINE_CURVE_WITH_KNOTS('',1,(#4283,#4284),.UNSPECIFIED.,.F.,
  .F.,(2,2),(0.,0.538466990907),.PIECEWISE_BEZIER_KNOTS.);
#4283 = CARTESIAN_POINT('',(6.28318530718,-4.1));
#4284 = CARTESIAN_POINT('',(6.821652298086,-4.1));
#4285 = ( GEOMETRIC_REPRESENTATION_CONTEXT(2) 
PARAMETRIC_REPRESENTATION_CONTEXT() REPRESENTATION_CONTEXT('2D SPACE',''
  ) );
#4286 = ADVANCED_FACE('',(#4287),#3422,.F.);
#4287 = FACE_BOUND('',#4288,.F.);
#4288 = EDGE_LOOP('',(#4289,#4290,#4291,#4315,#4342,#4343));
#4289 = ORIENTED_EDGE('',*,*,#3834,.F.);
#4290 = ORIENTED_EDGE('',*,*,#3922,.T.);
#4291 = ORIENTED_EDGE('',*,*,#4292,.F.);
#4292 = EDGE_CURVE('',#4293,#3893,#4295,.T.);
#4293 = VERTEX_POINT('',#4294);
#4294 = CARTESIAN_POINT('',(-8.394907989444,-52.,-88.));
#4295 = SURFACE_CURVE('',#4296,(#4301,#4308),.PCURVE_S1.);
#4296 = ELLIPSE('',#4297,17.,11.5);
#4297 = AXIS2_PLACEMENT_3D('',#4298,#4299,#4300);
#4298 = CARTESIAN_POINT('',(0.,-42.,-88.));
#4299 = DIRECTION('',(0.,0.,1.));
#4300 = DIRECTION('',(1.,0.,0.));
#4301 = PCURVE('',#3422,#4302);
#4302 = DEFINITIONAL_REPRESENTATION('',(#4303),#4307);
#4303 = LINE('',#4304,#4305);
#4304 = CARTESIAN_POINT('',(0.,0.));
#4305 = VECTOR('',#4306,1.);
#4306 = DIRECTION('',(1.,0.));
#4307 = ( GEOMETRIC_REPRESENTATION_CONTEXT(2) 
PARAMETRIC_REPRESENTATION_CONTEXT() REPRESENTATION_CONTEXT('2D SPACE',''
  ) );
#4308 = PCURVE('',#3910,#4309);
#4309 = DEFINITIONAL_REPRESENTATION('',(#4310),#4314);
#4310 = ELLIPSE('',#4311,17.,11.5);
#4311 = AXIS2_PLACEMENT_2D('',#4312,#4313);
#4312 = CARTESIAN_POINT('',(-0.848889233593,0.));
#4313 = DIRECTION('',(1.,0.));
#4314 = ( GEOMETRIC_REPRESENTATION_CONTEXT(2) 
PARAMETRIC_REPRESENTATION_CONTEXT() REPRESENTATION_CONTEXT('2D SPACE',''
  ) );
#4315 = ORIENTED_EDGE('',*,*,#4316,.F.);
#4316 = EDGE_CURVE('',#4191,#4293,#4317,.T.);
#4317 = SURFACE_CURVE('',#4318,(#4324,#4333),.PCURVE_S1.);
#4318 = B_SPLINE_CURVE_WITH_KNOTS('',4,(#4319,#4320,#4321,#4322,#4323),
  .UNSPECIFIED.,.F.,.F.,(5,5),(0.,1.),.PIECEWISE_BEZIER_KNOTS.);
#4319 = CARTESIAN_POINT('',(-8.394907989444,-52.,-83.9));
#4320 = CARTESIAN_POINT('',(-8.394907989444,-52.,-84.92499999989));
#4321 = CARTESIAN_POINT('',(-8.394907989444,-52.,-85.95));
#4322 = CARTESIAN_POINT('',(-8.394907989444,-52.,-86.9750000001));
#4323 = CARTESIAN_POINT('',(-8.394907989444,-52.,-88.));
#4324 = PCURVE('',#3422,#4325);
#4325 = DEFINITIONAL_REPRESENTATION('',(#4326),#4332);
#4326 = B_SPLINE_CURVE_WITH_KNOTS('',4,(#4327,#4328,#4329,#4330,#4331),
  .UNSPECIFIED.,.F.,.F.,(5,5),(0.,1.),.PIECEWISE_BEZIER_KNOTS.);
#4327 = CARTESIAN_POINT('',(4.195913839538,-4.09999999959));
#4328 = CARTESIAN_POINT('',(4.195913839538,-3.074999999693));
#4329 = CARTESIAN_POINT('',(4.195913839538,-2.05));
#4330 = CARTESIAN_POINT('',(4.195913839538,-1.025000000307));
#4331 = CARTESIAN_POINT('',(4.195913839538,-4.099467432184E-10));
#4332 = ( GEOMETRIC_REPRESENTATION_CONTEXT(2) 
PARAMETRIC_REPRESENTATION_CONTEXT() REPRESENTATION_CONTEXT('2D SPACE',''
  ) );
#4333 = PCURVE('',#4206,#4334);
#4334 = DEFINITIONAL_REPRESENTATION('',(#4335),#4341);
#4335 = B_SPLINE_CURVE_WITH_KNOTS('',4,(#4336,#4337,#4338,#4339,#4340),
  .UNSPECIFIED.,.F.,.F.,(5,5),(0.,1.),.PIECEWISE_BEZIER_KNOTS.);
#4336 = CARTESIAN_POINT('',(4.1,17.605092010556));
#4337 = CARTESIAN_POINT('',(3.075000000102,17.605092010556));
#4338 = CARTESIAN_POINT('',(2.05,17.605092010556));
#4339 = CARTESIAN_POINT('',(1.024999999898,17.605092010556));
#4340 = CARTESIAN_POINT('',(0.,17.605092010556));
#4341 = ( GEOMETRIC_REPRESENTATION_CONTEXT(2) 
PARAMETRIC_REPRESENTATION_CONTEXT() REPRESENTATION_CONTEXT('2D SPACE',''
  ) );
#4342 = ORIENTED_EDGE('',*,*,#4218,.T.);
#4343 = ORIENTED_EDGE('',*,*,#3402,.T.);
#4344 = ADVANCED_FACE('',(#4345),#3709,.T.);
#4345 = FACE_BOUND('',#4346,.F.);
#4346 = EDGE_LOOP('',(#4347,#4378,#4397,#4398,#4419,#4420,#4421,#4422));
#4347 = ORIENTED_EDGE('',*,*,#4348,.F.);
#4348 = EDGE_CURVE('',#4349,#4351,#4353,.T.);
#4349 = VERTEX_POINT('',#4350);
#4350 = CARTESIAN_POINT('',(14.196152422707,-32.,-87.));
#4351 = VERTEX_POINT('',#4352);
#4352 = CARTESIAN_POINT('',(4.593528518281,-30.92777590489,-87.));
#4353 = SURFACE_CURVE('',#4354,(#4359,#4366),.PCURVE_S1.);
#4354 = CIRCLE('',#4355,6.);
#4355 = AXIS2_PLACEMENT_3D('',#4356,#4357,#4358);
#4356 = CARTESIAN_POINT('',(9.,-35.,-87.));
#4357 = DIRECTION('',(0.,0.,1.));
#4358 = DIRECTION('',(1.,0.,0.));
#4359 = PCURVE('',#3709,#4360);
#4360 = DEFINITIONAL_REPRESENTATION('',(#4361),#4365);
#4361 = LINE('',#4362,#4363);
#4362 = CARTESIAN_POINT('',(-0.,0.));
#4363 = VECTOR('',#4364,1.);
#4364 = DIRECTION('',(-1.,0.));
#4365 = ( GEOMETRIC_REPRESENTATION_CONTEXT(2) 
PARAMETRIC_REPRESENTATION_CONTEXT() REPRESENTATION_CONTEXT('2D SPACE',''
  ) );
#4366 = PCURVE('',#4367,#4372);
#4367 = PLANE('',#4368);
#4368 = AXIS2_PLACEMENT_3D('',#4369,#4370,#4371);
#4369 = CARTESIAN_POINT('',(9.,-35.,-87.));
#4370 = DIRECTION('',(0.,0.,1.));
#4371 = DIRECTION('',(1.,0.,-0.));
#4372 = DEFINITIONAL_REPRESENTATION('',(#4373),#4377);
#4373 = CIRCLE('',#4374,6.);
#4374 = AXIS2_PLACEMENT_2D('',#4375,#4376);
#4375 = CARTESIAN_POINT('',(0.,7.105427357601E-15));
#4376 = DIRECTION('',(1.,0.));
#4377 = ( GEOMETRIC_REPRESENTATION_CONTEXT(2) 
PARAMETRIC_REPRESENTATION_CONTEXT() REPRESENTATION_CONTEXT('2D SPACE',''
  ) );
#4378 = ORIENTED_EDGE('',*,*,#4379,.F.);
#4379 = EDGE_CURVE('',#4013,#4349,#4380,.T.);
#4380 = SURFACE_CURVE('',#4381,(#4385,#4391),.PCURVE_S1.);
#4381 = LINE('',#4382,#4383);
#4382 = CARTESIAN_POINT('',(14.196152422707,-32.,-87.));
#4383 = VECTOR('',#4384,1.);
#4384 = DIRECTION('',(-0.,-0.,-1.));
#4385 = PCURVE('',#3709,#4386);
#4386 = DEFINITIONAL_REPRESENTATION('',(#4387),#4390);
#4387 = B_SPLINE_CURVE_WITH_KNOTS('',1,(#4388,#4389),.UNSPECIFIED.,.F.,
  .F.,(2,2),(-3.51,6.000000070117E-07),.PIECEWISE_BEZIER_KNOTS.);
#4388 = CARTESIAN_POINT('',(-0.523598775598,-3.51));
#4389 = CARTESIAN_POINT('',(-0.523598775598,6.000000070117E-07));
#4390 = ( GEOMETRIC_REPRESENTATION_CONTEXT(2) 
PARAMETRIC_REPRESENTATION_CONTEXT() REPRESENTATION_CONTEXT('2D SPACE',''
  ) );
#4391 = PCURVE('',#4030,#4392);
#4392 = DEFINITIONAL_REPRESENTATION('',(#4393),#4396);
#4393 = B_SPLINE_CURVE_WITH_KNOTS('',1,(#4394,#4395),.UNSPECIFIED.,.F.,
  .F.,(2,2),(-3.51,6.000000070117E-07),.PIECEWISE_BEZIER_KNOTS.);
#4394 = CARTESIAN_POINT('',(4.51,40.196152422707));
#4395 = CARTESIAN_POINT('',(0.9999994,40.196152422707));
#4396 = ( GEOMETRIC_REPRESENTATION_CONTEXT(2) 
PARAMETRIC_REPRESENTATION_CONTEXT() REPRESENTATION_CONTEXT('2D SPACE',''
  ) );
#4397 = ORIENTED_EDGE('',*,*,#4042,.T.);
#4398 = ORIENTED_EDGE('',*,*,#4399,.T.);
#4399 = EDGE_CURVE('',#4043,#3693,#4400,.T.);
#4400 = SEAM_CURVE('',#4401,(#4405,#4412),.PCURVE_S1.);
#4401 = LINE('',#4402,#4403);
#4402 = CARTESIAN_POINT('',(15.,-35.,-87.));
#4403 = VECTOR('',#4404,1.);
#4404 = DIRECTION('',(0.,0.,1.));
#4405 = PCURVE('',#3709,#4406);
#4406 = DEFINITIONAL_REPRESENTATION('',(#4407),#4411);
#4407 = LINE('',#4408,#4409);
#4408 = CARTESIAN_POINT('',(-6.28318530718,0.));
#4409 = VECTOR('',#4410,1.);
#4410 = DIRECTION('',(-0.,-1.));
#4411 = ( GEOMETRIC_REPRESENTATION_CONTEXT(2) 
PARAMETRIC_REPRESENTATION_CONTEXT() REPRESENTATION_CONTEXT('2D SPACE',''
  ) );
#4412 = PCURVE('',#3709,#4413);
#4413 = DEFINITIONAL_REPRESENTATION('',(#4414),#4418);
#4414 = LINE('',#4415,#4416);
#4415 = CARTESIAN_POINT('',(-0.,0.));
#4416 = VECTOR('',#4417,1.);
#4417 = DIRECTION('',(-0.,-1.));
#4418 = ( GEOMETRIC_REPRESENTATION_CONTEXT(2) 
PARAMETRIC_REPRESENTATION_CONTEXT() REPRESENTATION_CONTEXT('2D SPACE',''
  ) );
#4419 = ORIENTED_EDGE('',*,*,#3692,.F.);
#4420 = ORIENTED_EDGE('',*,*,#4399,.F.);
#4421 = ORIENTED_EDGE('',*,*,#4070,.T.);
#4422 = ORIENTED_EDGE('',*,*,#4423,.T.);
#4423 = EDGE_CURVE('',#4071,#4351,#4424,.T.);
#4424 = SURFACE_CURVE('',#4425,(#4431,#4440),.PCURVE_S1.);
#4425 = B_SPLINE_CURVE_WITH_KNOTS('',4,(#4426,#4427,#4428,#4429,#4430),
  .UNSPECIFIED.,.F.,.F.,(5,5),(0.,1.),.PIECEWISE_BEZIER_KNOTS.);
#4426 = CARTESIAN_POINT('',(4.593528518281,-30.92777590489,-83.8999994)
  );
#4427 = CARTESIAN_POINT('',(4.593528518281,-30.92777590489,-84.6749997)
  );
#4428 = CARTESIAN_POINT('',(4.593528518281,-30.92777590489,-85.45));
#4429 = CARTESIAN_POINT('',(4.593528518281,-30.92777590489,-86.2250003)
  );
#4430 = CARTESIAN_POINT('',(4.593528518281,-30.92777590489,-87.0000006)
  );
#4431 = PCURVE('',#3709,#4432);
#4432 = DEFINITIONAL_REPRESENTATION('',(#4433),#4439);
#4433 = B_SPLINE_CURVE_WITH_KNOTS('',4,(#4434,#4435,#4436,#4437,#4438),
  .UNSPECIFIED.,.F.,.F.,(5,5),(0.,1.),.PIECEWISE_BEZIER_KNOTS.);
#4434 = CARTESIAN_POINT('',(-2.395596116772,-3.1000006));
#4435 = CARTESIAN_POINT('',(-2.395596116772,-2.3250003));
#4436 = CARTESIAN_POINT('',(-2.395596116772,-1.55));
#4437 = CARTESIAN_POINT('',(-2.395596116772,-0.7749997));
#4438 = CARTESIAN_POINT('',(-2.395596116772,5.999999999062E-07));
#4439 = ( GEOMETRIC_REPRESENTATION_CONTEXT(2) 
PARAMETRIC_REPRESENTATION_CONTEXT() REPRESENTATION_CONTEXT('2D SPACE',''
  ) );
#4440 = PCURVE('',#4115,#4441);
#4441 = DEFINITIONAL_REPRESENTATION('',(#4442),#4448);
#4442 = B_SPLINE_CURVE_WITH_KNOTS('',4,(#4443,#4444,#4445,#4446,#4447),
  .UNSPECIFIED.,.F.,.F.,(5,5),(0.,1.),.PIECEWISE_BEZIER_KNOTS.);
#4443 = CARTESIAN_POINT('',(1.297187722861,-4.1000006));
#4444 = CARTESIAN_POINT('',(1.297187722861,-3.3250003));
#4445 = CARTESIAN_POINT('',(1.297187722861,-2.55));
#4446 = CARTESIAN_POINT('',(1.297187722861,-1.7749997));
#4447 = CARTESIAN_POINT('',(1.297187722861,-0.9999994));
#4448 = ( GEOMETRIC_REPRESENTATION_CONTEXT(2) 
PARAMETRIC_REPRESENTATION_CONTEXT() REPRESENTATION_CONTEXT('2D SPACE',''
  ) );
#4449 = ADVANCED_FACE('',(#4450),#3910,.F.);
#4450 = FACE_BOUND('',#4451,.F.);
#4451 = EDGE_LOOP('',(#4452,#4477,#4501,#4524,#4548,#4569,#4570,#4571,
    #4594));
#4452 = ORIENTED_EDGE('',*,*,#4453,.F.);
#4453 = EDGE_CURVE('',#4454,#4456,#4458,.T.);
#4454 = VERTEX_POINT('',#4455);
#4455 = CARTESIAN_POINT('',(8.394907989444,-32.,-88.));
#4456 = VERTEX_POINT('',#4457);
#4457 = CARTESIAN_POINT('',(21.462396208697,-32.,-88.));
#4458 = SURFACE_CURVE('',#4459,(#4463,#4470),.PCURVE_S1.);
#4459 = LINE('',#4460,#4461);
#4460 = CARTESIAN_POINT('',(-26.,-32.,-88.));
#4461 = VECTOR('',#4462,1.);
#4462 = DIRECTION('',(1.,0.,0.));
#4463 = PCURVE('',#3910,#4464);
#4464 = DEFINITIONAL_REPRESENTATION('',(#4465),#4469);
#4465 = LINE('',#4466,#4467);
#4466 = CARTESIAN_POINT('',(-26.84888923359,10.));
#4467 = VECTOR('',#4468,1.);
#4468 = DIRECTION('',(1.,0.));
#4469 = ( GEOMETRIC_REPRESENTATION_CONTEXT(2) 
PARAMETRIC_REPRESENTATION_CONTEXT() REPRESENTATION_CONTEXT('2D SPACE',''
  ) );
#4470 = PCURVE('',#4030,#4471);
#4471 = DEFINITIONAL_REPRESENTATION('',(#4472),#4476);
#4472 = LINE('',#4473,#4474);
#4473 = CARTESIAN_POINT('',(0.,0.));
#4474 = VECTOR('',#4475,1.);
#4475 = DIRECTION('',(0.,1.));
#4476 = ( GEOMETRIC_REPRESENTATION_CONTEXT(2) 
PARAMETRIC_REPRESENTATION_CONTEXT() REPRESENTATION_CONTEXT('2D SPACE',''
  ) );
#4477 = ORIENTED_EDGE('',*,*,#4478,.T.);
#4478 = EDGE_CURVE('',#4454,#4479,#4481,.T.);
#4479 = VERTEX_POINT('',#4480);
#4480 = CARTESIAN_POINT('',(-8.394907989444,-32.,-88.));
#4481 = SURFACE_CURVE('',#4482,(#4487,#4494),.PCURVE_S1.);
#4482 = ELLIPSE('',#4483,17.,11.5);
#4483 = AXIS2_PLACEMENT_3D('',#4484,#4485,#4486);
#4484 = CARTESIAN_POINT('',(0.,-42.,-88.));
#4485 = DIRECTION('',(0.,0.,1.));
#4486 = DIRECTION('',(1.,0.,0.));
#4487 = PCURVE('',#3910,#4488);
#4488 = DEFINITIONAL_REPRESENTATION('',(#4489),#4493);
#4489 = ELLIPSE('',#4490,17.,11.5);
#4490 = AXIS2_PLACEMENT_2D('',#4491,#4492);
#4491 = CARTESIAN_POINT('',(-0.848889233593,0.));
#4492 = DIRECTION('',(1.,0.));
#4493 = ( GEOMETRIC_REPRESENTATION_CONTEXT(2) 
PARAMETRIC_REPRESENTATION_CONTEXT() REPRESENTATION_CONTEXT('2D SPACE',''
  ) );
#4494 = PCURVE('',#4115,#4495);
#4495 = DEFINITIONAL_REPRESENTATION('',(#4496),#4500);
#4496 = LINE('',#4497,#4498);
#4497 = CARTESIAN_POINT('',(0.,0.));
#4498 = VECTOR('',#4499,1.);
#4499 = DIRECTION('',(1.,0.));
#4500 = ( GEOMETRIC_REPRESENTATION_CONTEXT(2) 
PARAMETRIC_REPRESENTATION_CONTEXT() REPRESENTATION_CONTEXT('2D SPACE',''
  ) );
#4501 = ORIENTED_EDGE('',*,*,#4502,.F.);
#4502 = EDGE_CURVE('',#4503,#4479,#4505,.T.);
#4503 = VERTEX_POINT('',#4504);
#4504 = CARTESIAN_POINT('',(-21.46239620869,-32.,-88.));
#4505 = SURFACE_CURVE('',#4506,(#4510,#4517),.PCURVE_S1.);
#4506 = LINE('',#4507,#4508);
#4507 = CARTESIAN_POINT('',(-26.,-32.,-88.));
#4508 = VECTOR('',#4509,1.);
#4509 = DIRECTION('',(1.,0.,0.));
#4510 = PCURVE('',#3910,#4511);
#4511 = DEFINITIONAL_REPRESENTATION('',(#4512),#4516);
#4512 = LINE('',#4513,#4514);
#4513 = CARTESIAN_POINT('',(-26.84888923359,10.));
#4514 = VECTOR('',#4515,1.);
#4515 = DIRECTION('',(1.,0.));
#4516 = ( GEOMETRIC_REPRESENTATION_CONTEXT(2) 
PARAMETRIC_REPRESENTATION_CONTEXT() REPRESENTATION_CONTEXT('2D SPACE',''
  ) );
#4517 = PCURVE('',#4146,#4518);
#4518 = DEFINITIONAL_REPRESENTATION('',(#4519),#4523);
#4519 = LINE('',#4520,#4521);
#4520 = CARTESIAN_POINT('',(0.,0.));
#4521 = VECTOR('',#4522,1.);
#4522 = DIRECTION('',(0.,1.));
#4523 = ( GEOMETRIC_REPRESENTATION_CONTEXT(2) 
PARAMETRIC_REPRESENTATION_CONTEXT() REPRESENTATION_CONTEXT('2D SPACE',''
  ) );
#4524 = ORIENTED_EDGE('',*,*,#4525,.T.);
#4525 = EDGE_CURVE('',#4503,#4526,#4528,.T.);
#4526 = VERTEX_POINT('',#4527);
#4527 = CARTESIAN_POINT('',(-21.46239620869,-52.,-88.));
#4528 = SURFACE_CURVE('',#4529,(#4534,#4541),.PCURVE_S1.);
#4529 = ELLIPSE('',#4530,25.,19.5);
#4530 = AXIS2_PLACEMENT_3D('',#4531,#4532,#4533);
#4531 = CARTESIAN_POINT('',(0.,-42.,-88.));
#4532 = DIRECTION('',(0.,0.,1.));
#4533 = DIRECTION('',(1.,0.,0.));
#4534 = PCURVE('',#3910,#4535);
#4535 = DEFINITIONAL_REPRESENTATION('',(#4536),#4540);
#4536 = ELLIPSE('',#4537,25.,19.5);
#4537 = AXIS2_PLACEMENT_2D('',#4538,#4539);
#4538 = CARTESIAN_POINT('',(-0.848889233593,0.));
#4539 = DIRECTION('',(1.,0.));
#4540 = ( GEOMETRIC_REPRESENTATION_CONTEXT(2) 
PARAMETRIC_REPRESENTATION_CONTEXT() REPRESENTATION_CONTEXT('2D SPACE',''
  ) );
#4541 = PCURVE('',#4175,#4542);
#4542 = DEFINITIONAL_REPRESENTATION('',(#4543),#4547);
#4543 = LINE('',#4544,#4545);
#4544 = CARTESIAN_POINT('',(0.,0.));
#4545 = VECTOR('',#4546,1.);
#4546 = DIRECTION('',(1.,0.));
#4547 = ( GEOMETRIC_REPRESENTATION_CONTEXT(2) 
PARAMETRIC_REPRESENTATION_CONTEXT() REPRESENTATION_CONTEXT('2D SPACE',''
  ) );
#4548 = ORIENTED_EDGE('',*,*,#4549,.T.);
#4549 = EDGE_CURVE('',#4526,#4293,#4550,.T.);
#4550 = SURFACE_CURVE('',#4551,(#4555,#4562),.PCURVE_S1.);
#4551 = LINE('',#4552,#4553);
#4552 = CARTESIAN_POINT('',(-26.,-52.,-88.));
#4553 = VECTOR('',#4554,1.);
#4554 = DIRECTION('',(1.,0.,0.));
#4555 = PCURVE('',#3910,#4556);
#4556 = DEFINITIONAL_REPRESENTATION('',(#4557),#4561);
#4557 = LINE('',#4558,#4559);
#4558 = CARTESIAN_POINT('',(-26.84888923359,-10.));
#4559 = VECTOR('',#4560,1.);
#4560 = DIRECTION('',(1.,0.));
#4561 = ( GEOMETRIC_REPRESENTATION_CONTEXT(2) 
PARAMETRIC_REPRESENTATION_CONTEXT() REPRESENTATION_CONTEXT('2D SPACE',''
  ) );
#4562 = PCURVE('',#4206,#4563);
#4563 = DEFINITIONAL_REPRESENTATION('',(#4564),#4568);
#4564 = LINE('',#4565,#4566);
#4565 = CARTESIAN_POINT('',(0.,0.));
#4566 = VECTOR('',#4567,1.);
#4567 = DIRECTION('',(0.,1.));
#4568 = ( GEOMETRIC_REPRESENTATION_CONTEXT(2) 
PARAMETRIC_REPRESENTATION_CONTEXT() REPRESENTATION_CONTEXT('2D SPACE',''
  ) );
#4569 = ORIENTED_EDGE('',*,*,#4292,.T.);
#4570 = ORIENTED_EDGE('',*,*,#3892,.T.);
#4571 = ORIENTED_EDGE('',*,*,#4572,.T.);
#4572 = EDGE_CURVE('',#3895,#4573,#4575,.T.);
#4573 = VERTEX_POINT('',#4574);
#4574 = CARTESIAN_POINT('',(25.,-42.,-88.));
#4575 = SURFACE_CURVE('',#4576,(#4581,#4588),.PCURVE_S1.);
#4576 = ELLIPSE('',#4577,25.,19.5);
#4577 = AXIS2_PLACEMENT_3D('',#4578,#4579,#4580);
#4578 = CARTESIAN_POINT('',(0.,-42.,-88.));
#4579 = DIRECTION('',(0.,0.,1.));
#4580 = DIRECTION('',(1.,0.,0.));
#4581 = PCURVE('',#3910,#4582);
#4582 = DEFINITIONAL_REPRESENTATION('',(#4583),#4587);
#4583 = ELLIPSE('',#4584,25.,19.5);
#4584 = AXIS2_PLACEMENT_2D('',#4585,#4586);
#4585 = CARTESIAN_POINT('',(-0.848889233593,0.));
#4586 = DIRECTION('',(1.,0.));
#4587 = ( GEOMETRIC_REPRESENTATION_CONTEXT(2) 
PARAMETRIC_REPRESENTATION_CONTEXT() REPRESENTATION_CONTEXT('2D SPACE',''
  ) );
#4588 = PCURVE('',#3992,#4589);
#4589 = DEFINITIONAL_REPRESENTATION('',(#4590),#4593);
#4590 = B_SPLINE_CURVE_WITH_KNOTS('',1,(#4591,#4592),.UNSPECIFIED.,.F.,
  .F.,(2,2),(5.744718316273,6.28318530718),.PIECEWISE_BEZIER_KNOTS.);
#4591 = CARTESIAN_POINT('',(5.744718316273,0.));
#4592 = CARTESIAN_POINT('',(6.28318530718,0.));
#4593 = ( GEOMETRIC_REPRESENTATION_CONTEXT(2) 
PARAMETRIC_REPRESENTATION_CONTEXT() REPRESENTATION_CONTEXT('2D SPACE',''
  ) );
#4594 = ORIENTED_EDGE('',*,*,#4595,.T.);
#4595 = EDGE_CURVE('',#4573,#4456,#4596,.T.);
#4596 = SURFACE_CURVE('',#4597,(#4602,#4609),.PCURVE_S1.);
#4597 = ELLIPSE('',#4598,25.,19.5);
#4598 = AXIS2_PLACEMENT_3D('',#4599,#4600,#4601);
#4599 = CARTESIAN_POINT('',(0.,-42.,-88.));
#4600 = DIRECTION('',(0.,0.,1.));
#4601 = DIRECTION('',(1.,0.,0.));
#4602 = PCURVE('',#3910,#4603);
#4603 = DEFINITIONAL_REPRESENTATION('',(#4604),#4608);
#4604 = ELLIPSE('',#4605,25.,19.5);
#4605 = AXIS2_PLACEMENT_2D('',#4606,#4607);
#4606 = CARTESIAN_POINT('',(-0.848889233593,0.));
#4607 = DIRECTION('',(1.,0.));
#4608 = ( GEOMETRIC_REPRESENTATION_CONTEXT(2) 
PARAMETRIC_REPRESENTATION_CONTEXT() REPRESENTATION_CONTEXT('2D SPACE',''
  ) );
#4609 = PCURVE('',#3992,#4610);
#4610 = DEFINITIONAL_REPRESENTATION('',(#4611),#4614);
#4611 = B_SPLINE_CURVE_WITH_KNOTS('',1,(#4612,#4613),.UNSPECIFIED.,.F.,
  .F.,(2,2),(0.,0.538466990907),.PIECEWISE_BEZIER_KNOTS.);
#4612 = CARTESIAN_POINT('',(6.28318530718,0.));
#4613 = CARTESIAN_POINT('',(6.821652298086,0.));
#4614 = ( GEOMETRIC_REPRESENTATION_CONTEXT(2) 
PARAMETRIC_REPRESENTATION_CONTEXT() REPRESENTATION_CONTEXT('2D SPACE',''
  ) );
#4615 = ADVANCED_FACE('',(#4616),#3992,.F.);
#4616 = FACE_BOUND('',#4617,.F.);
#4617 = EDGE_LOOP('',(#4618,#4619,#4620,#4647,#4648,#4649));
#4618 = ORIENTED_EDGE('',*,*,#4243,.T.);
#4619 = ORIENTED_EDGE('',*,*,#4266,.T.);
#4620 = ORIENTED_EDGE('',*,*,#4621,.T.);
#4621 = EDGE_CURVE('',#4015,#4456,#4622,.T.);
#4622 = SURFACE_CURVE('',#4623,(#4629,#4638),.PCURVE_S1.);
#4623 = B_SPLINE_CURVE_WITH_KNOTS('',4,(#4624,#4625,#4626,#4627,#4628),
  .UNSPECIFIED.,.F.,.F.,(5,5),(0.,1.),.PIECEWISE_BEZIER_KNOTS.);
#4624 = CARTESIAN_POINT('',(21.462396208696,-32.,-83.9));
#4625 = CARTESIAN_POINT('',(21.462396208696,-32.,-84.92499999989));
#4626 = CARTESIAN_POINT('',(21.462396208696,-32.,-85.95));
#4627 = CARTESIAN_POINT('',(21.462396208696,-32.,-86.9750000001));
#4628 = CARTESIAN_POINT('',(21.462396208696,-32.,-88.));
#4629 = PCURVE('',#3992,#4630);
#4630 = DEFINITIONAL_REPRESENTATION('',(#4631),#4637);
#4631 = B_SPLINE_CURVE_WITH_KNOTS('',4,(#4632,#4633,#4634,#4635,#4636),
  .UNSPECIFIED.,.F.,.F.,(5,5),(0.,1.),.PIECEWISE_BEZIER_KNOTS.);
#4632 = CARTESIAN_POINT('',(6.821652298086,-4.09999999959));
#4633 = CARTESIAN_POINT('',(6.821652298086,-3.074999999693));
#4634 = CARTESIAN_POINT('',(6.821652298086,-2.05));
#4635 = CARTESIAN_POINT('',(6.821652298086,-1.025000000307));
#4636 = CARTESIAN_POINT('',(6.821652298086,-4.099467432184E-10));
#4637 = ( GEOMETRIC_REPRESENTATION_CONTEXT(2) 
PARAMETRIC_REPRESENTATION_CONTEXT() REPRESENTATION_CONTEXT('2D SPACE',''
  ) );
#4638 = PCURVE('',#4030,#4639);
#4639 = DEFINITIONAL_REPRESENTATION('',(#4640),#4646);
#4640 = B_SPLINE_CURVE_WITH_KNOTS('',4,(#4641,#4642,#4643,#4644,#4645),
  .UNSPECIFIED.,.F.,.F.,(5,5),(0.,1.),.PIECEWISE_BEZIER_KNOTS.);
#4641 = CARTESIAN_POINT('',(4.1,47.462396208696));
#4642 = CARTESIAN_POINT('',(3.075000000102,47.462396208696));
#4643 = CARTESIAN_POINT('',(2.05,47.462396208696));
#4644 = CARTESIAN_POINT('',(1.024999999898,47.462396208696));
#4645 = CARTESIAN_POINT('',(0.,47.462396208696));
#4646 = ( GEOMETRIC_REPRESENTATION_CONTEXT(2) 
PARAMETRIC_REPRESENTATION_CONTEXT() REPRESENTATION_CONTEXT('2D SPACE',''
  ) );
#4647 = ORIENTED_EDGE('',*,*,#4595,.F.);
#4648 = ORIENTED_EDGE('',*,*,#4572,.F.);
#4649 = ORIENTED_EDGE('',*,*,#3974,.F.);
#4650 = ADVANCED_FACE('',(#4651),#4030,.T.);
#4651 = FACE_BOUND('',#4652,.T.);
#4652 = EDGE_LOOP('',(#4653,#4654,#4683,#4702,#4703,#4704));
#4653 = ORIENTED_EDGE('',*,*,#4453,.F.);
#4654 = ORIENTED_EDGE('',*,*,#4655,.F.);
#4655 = EDGE_CURVE('',#4656,#4454,#4658,.T.);
#4656 = VERTEX_POINT('',#4657);
#4657 = CARTESIAN_POINT('',(8.394907989444,-32.,-87.));
#4658 = SURFACE_CURVE('',#4659,(#4665,#4674),.PCURVE_S1.);
#4659 = B_SPLINE_CURVE_WITH_KNOTS('',4,(#4660,#4661,#4662,#4663,#4664),
  .UNSPECIFIED.,.F.,.F.,(5,5),(0.,1.),.PIECEWISE_BEZIER_KNOTS.);
#4660 = CARTESIAN_POINT('',(8.394907989444,-32.,-83.9));
#4661 = CARTESIAN_POINT('',(8.394907989444,-32.,-84.92499999989));
#4662 = CARTESIAN_POINT('',(8.394907989444,-32.,-85.95));
#4663 = CARTESIAN_POINT('',(8.394907989444,-32.,-86.9750000001));
#4664 = CARTESIAN_POINT('',(8.394907989444,-32.,-88.));
#4665 = PCURVE('',#4030,#4666);
#4666 = DEFINITIONAL_REPRESENTATION('',(#4667),#4673);
#4667 = B_SPLINE_CURVE_WITH_KNOTS('',4,(#4668,#4669,#4670,#4671,#4672),
  .UNSPECIFIED.,.F.,.F.,(5,5),(0.,1.),.PIECEWISE_BEZIER_KNOTS.);
#4668 = CARTESIAN_POINT('',(4.1,34.394907989444));
#4669 = CARTESIAN_POINT('',(3.075000000102,34.394907989444));
#4670 = CARTESIAN_POINT('',(2.05,34.394907989444));
#4671 = CARTESIAN_POINT('',(1.024999999898,34.394907989444));
#4672 = CARTESIAN_POINT('',(0.,34.394907989444));
#4673 = ( GEOMETRIC_REPRESENTATION_CONTEXT(2) 
PARAMETRIC_REPRESENTATION_CONTEXT() REPRESENTATION_CONTEXT('2D SPACE',''
  ) );
#4674 = PCURVE('',#4115,#4675);
#4675 = DEFINITIONAL_REPRESENTATION('',(#4676),#4682);
#4676 = B_SPLINE_CURVE_WITH_KNOTS('',4,(#4677,#4678,#4679,#4680,#4681),
  .UNSPECIFIED.,.F.,.F.,(5,5),(0.,1.),.PIECEWISE_BEZIER_KNOTS.);
#4677 = CARTESIAN_POINT('',(1.054321185948,-4.09999999959));
#4678 = CARTESIAN_POINT('',(1.054321185948,-3.074999999693));
#4679 = CARTESIAN_POINT('',(1.054321185948,-2.05));
#4680 = CARTESIAN_POINT('',(1.054321185948,-1.025000000307));
#4681 = CARTESIAN_POINT('',(1.054321185948,-4.099467432184E-10));
#4682 = ( GEOMETRIC_REPRESENTATION_CONTEXT(2) 
PARAMETRIC_REPRESENTATION_CONTEXT() REPRESENTATION_CONTEXT('2D SPACE',''
  ) );
#4683 = ORIENTED_EDGE('',*,*,#4684,.F.);
#4684 = EDGE_CURVE('',#4349,#4656,#4685,.T.);
#4685 = SURFACE_CURVE('',#4686,(#4690,#4696),.PCURVE_S1.);
#4686 = LINE('',#4687,#4688);
#4687 = CARTESIAN_POINT('',(-8.5,-32.,-87.));
#4688 = VECTOR('',#4689,1.);
#4689 = DIRECTION('',(-1.,0.,0.));
#4690 = PCURVE('',#4030,#4691);
#4691 = DEFINITIONAL_REPRESENTATION('',(#4692),#4695);
#4692 = B_SPLINE_CURVE_WITH_KNOTS('',1,(#4693,#4694),.UNSPECIFIED.,.F.,
  .F.,(2,2),(-23.5,-16.89490798944),.PIECEWISE_BEZIER_KNOTS.);
#4693 = CARTESIAN_POINT('',(1.,41.));
#4694 = CARTESIAN_POINT('',(1.,34.394907989444));
#4695 = ( GEOMETRIC_REPRESENTATION_CONTEXT(2) 
PARAMETRIC_REPRESENTATION_CONTEXT() REPRESENTATION_CONTEXT('2D SPACE',''
  ) );
#4696 = PCURVE('',#4367,#4697);
#4697 = DEFINITIONAL_REPRESENTATION('',(#4698),#4701);
#4698 = B_SPLINE_CURVE_WITH_KNOTS('',1,(#4699,#4700),.UNSPECIFIED.,.F.,
  .F.,(2,2),(-23.5,-16.89490798944),.PIECEWISE_BEZIER_KNOTS.);
#4699 = CARTESIAN_POINT('',(6.,3.));
#4700 = CARTESIAN_POINT('',(-0.605092010556,3.));
#4701 = ( GEOMETRIC_REPRESENTATION_CONTEXT(2) 
PARAMETRIC_REPRESENTATION_CONTEXT() REPRESENTATION_CONTEXT('2D SPACE',''
  ) );
#4702 = ORIENTED_EDGE('',*,*,#4379,.F.);
#4703 = ORIENTED_EDGE('',*,*,#4012,.T.);
#4704 = ORIENTED_EDGE('',*,*,#4621,.T.);
#4705 = ADVANCED_FACE('',(#4706),#4206,.F.);
#4706 = FACE_BOUND('',#4707,.F.);
#4707 = EDGE_LOOP('',(#4708,#4709,#4736,#4737));
#4708 = ORIENTED_EDGE('',*,*,#4549,.F.);
#4709 = ORIENTED_EDGE('',*,*,#4710,.F.);
#4710 = EDGE_CURVE('',#4159,#4526,#4711,.T.);
#4711 = SURFACE_CURVE('',#4712,(#4718,#4727),.PCURVE_S1.);
#4712 = B_SPLINE_CURVE_WITH_KNOTS('',4,(#4713,#4714,#4715,#4716,#4717),
  .UNSPECIFIED.,.F.,.F.,(5,5),(0.,1.),.PIECEWISE_BEZIER_KNOTS.);
#4713 = CARTESIAN_POINT('',(-21.46239620869,-52.,-83.9));
#4714 = CARTESIAN_POINT('',(-21.46239620869,-52.,-84.92499999989));
#4715 = CARTESIAN_POINT('',(-21.46239620869,-52.,-85.95));
#4716 = CARTESIAN_POINT('',(-21.46239620869,-52.,-86.9750000001));
#4717 = CARTESIAN_POINT('',(-21.46239620869,-52.,-88.));
#4718 = PCURVE('',#4206,#4719);
#4719 = DEFINITIONAL_REPRESENTATION('',(#4720),#4726);
#4720 = B_SPLINE_CURVE_WITH_KNOTS('',4,(#4721,#4722,#4723,#4724,#4725),
  .UNSPECIFIED.,.F.,.F.,(5,5),(0.,1.),.PIECEWISE_BEZIER_KNOTS.);
#4721 = CARTESIAN_POINT('',(4.1,4.537603791304));
#4722 = CARTESIAN_POINT('',(3.075000000102,4.537603791304));
#4723 = CARTESIAN_POINT('',(2.05,4.537603791304));
#4724 = CARTESIAN_POINT('',(1.024999999898,4.537603791304));
#4725 = CARTESIAN_POINT('',(0.,4.537603791304));
#4726 = ( GEOMETRIC_REPRESENTATION_CONTEXT(2) 
PARAMETRIC_REPRESENTATION_CONTEXT() REPRESENTATION_CONTEXT('2D SPACE',''
  ) );
#4727 = PCURVE('',#4175,#4728);
#4728 = DEFINITIONAL_REPRESENTATION('',(#4729),#4735);
#4729 = B_SPLINE_CURVE_WITH_KNOTS('',4,(#4730,#4731,#4732,#4733,#4734),
  .UNSPECIFIED.,.F.,.F.,(5,5),(0.,1.),.PIECEWISE_BEZIER_KNOTS.);
#4730 = CARTESIAN_POINT('',(3.680059644497,-4.09999999959));
#4731 = CARTESIAN_POINT('',(3.680059644497,-3.074999999693));
#4732 = CARTESIAN_POINT('',(3.680059644497,-2.05));
#4733 = CARTESIAN_POINT('',(3.680059644497,-1.025000000307));
#4734 = CARTESIAN_POINT('',(3.680059644497,-4.099467432184E-10));
#4735 = ( GEOMETRIC_REPRESENTATION_CONTEXT(2) 
PARAMETRIC_REPRESENTATION_CONTEXT() REPRESENTATION_CONTEXT('2D SPACE',''
  ) );
#4736 = ORIENTED_EDGE('',*,*,#4190,.T.);
#4737 = ORIENTED_EDGE('',*,*,#4316,.T.);
#4738 = ADVANCED_FACE('',(#4739),#4175,.F.);
#4739 = FACE_BOUND('',#4740,.F.);
#4740 = EDGE_LOOP('',(#4741,#4742,#4769,#4770));
#4741 = ORIENTED_EDGE('',*,*,#4525,.F.);
#4742 = ORIENTED_EDGE('',*,*,#4743,.F.);
#4743 = EDGE_CURVE('',#4131,#4503,#4744,.T.);
#4744 = SURFACE_CURVE('',#4745,(#4751,#4760),.PCURVE_S1.);
#4745 = B_SPLINE_CURVE_WITH_KNOTS('',4,(#4746,#4747,#4748,#4749,#4750),
  .UNSPECIFIED.,.F.,.F.,(5,5),(0.,1.),.PIECEWISE_BEZIER_KNOTS.);
#4746 = CARTESIAN_POINT('',(-21.46239620869,-32.,-83.9));
#4747 = CARTESIAN_POINT('',(-21.46239620869,-32.,-84.92499999989));
#4748 = CARTESIAN_POINT('',(-21.46239620869,-32.,-85.95));
#4749 = CARTESIAN_POINT('',(-21.46239620869,-32.,-86.9750000001));
#4750 = CARTESIAN_POINT('',(-21.46239620869,-32.,-88.));
#4751 = PCURVE('',#4175,#4752);
#4752 = DEFINITIONAL_REPRESENTATION('',(#4753),#4759);
#4753 = B_SPLINE_CURVE_WITH_KNOTS('',4,(#4754,#4755,#4756,#4757,#4758),
  .UNSPECIFIED.,.F.,.F.,(5,5),(0.,1.),.PIECEWISE_BEZIER_KNOTS.);
#4754 = CARTESIAN_POINT('',(2.603125662683,-4.09999999959));
#4755 = CARTESIAN_POINT('',(2.603125662683,-3.074999999693));
#4756 = CARTESIAN_POINT('',(2.603125662683,-2.05));
#4757 = CARTESIAN_POINT('',(2.603125662683,-1.025000000307));
#4758 = CARTESIAN_POINT('',(2.603125662683,-4.099467432184E-10));
#4759 = ( GEOMETRIC_REPRESENTATION_CONTEXT(2) 
PARAMETRIC_REPRESENTATION_CONTEXT() REPRESENTATION_CONTEXT('2D SPACE',''
  ) );
#4760 = PCURVE('',#4146,#4761);
#4761 = DEFINITIONAL_REPRESENTATION('',(#4762),#4768);
#4762 = B_SPLINE_CURVE_WITH_KNOTS('',4,(#4763,#4764,#4765,#4766,#4767),
  .UNSPECIFIED.,.F.,.F.,(5,5),(0.,1.),.PIECEWISE_BEZIER_KNOTS.);
#4763 = CARTESIAN_POINT('',(4.1,4.537603791304));
#4764 = CARTESIAN_POINT('',(3.075000000102,4.537603791304));
#4765 = CARTESIAN_POINT('',(2.05,4.537603791304));
#4766 = CARTESIAN_POINT('',(1.024999999898,4.537603791304));
#4767 = CARTESIAN_POINT('',(0.,4.537603791304));
#4768 = ( GEOMETRIC_REPRESENTATION_CONTEXT(2) 
PARAMETRIC_REPRESENTATION_CONTEXT() REPRESENTATION_CONTEXT('2D SPACE',''
  ) );
#4769 = ORIENTED_EDGE('',*,*,#4158,.T.);
#4770 = ORIENTED_EDGE('',*,*,#4710,.T.);
#4771 = ADVANCED_FACE('',(#4772),#4146,.T.);
#4772 = FACE_BOUND('',#4773,.T.);
#4773 = EDGE_LOOP('',(#4774,#4775,#4776,#4777));
#4774 = ORIENTED_EDGE('',*,*,#4502,.F.);
#4775 = ORIENTED_EDGE('',*,*,#4743,.F.);
#4776 = ORIENTED_EDGE('',*,*,#4130,.T.);
#4777 = ORIENTED_EDGE('',*,*,#4778,.T.);
#4778 = EDGE_CURVE('',#4099,#4479,#4779,.T.);
#4779 = SURFACE_CURVE('',#4780,(#4786,#4795),.PCURVE_S1.);
#4780 = B_SPLINE_CURVE_WITH_KNOTS('',4,(#4781,#4782,#4783,#4784,#4785),
  .UNSPECIFIED.,.F.,.F.,(5,5),(0.,1.),.PIECEWISE_BEZIER_KNOTS.);
#4781 = CARTESIAN_POINT('',(-8.394907989444,-32.,-83.9));
#4782 = CARTESIAN_POINT('',(-8.394907989444,-32.,-84.92499999989));
#4783 = CARTESIAN_POINT('',(-8.394907989444,-32.,-85.95));
#4784 = CARTESIAN_POINT('',(-8.394907989444,-32.,-86.9750000001));
#4785 = CARTESIAN_POINT('',(-8.394907989444,-32.,-88.));
#4786 = PCURVE('',#4146,#4787);
#4787 = DEFINITIONAL_REPRESENTATION('',(#4788),#4794);
#4788 = B_SPLINE_CURVE_WITH_KNOTS('',4,(#4789,#4790,#4791,#4792,#4793),
  .UNSPECIFIED.,.F.,.F.,(5,5),(0.,1.),.PIECEWISE_BEZIER_KNOTS.);
#4789 = CARTESIAN_POINT('',(4.1,17.605092010556));
#4790 = CARTESIAN_POINT('',(3.075000000102,17.605092010556));
#4791 = CARTESIAN_POINT('',(2.05,17.605092010556));
#4792 = CARTESIAN_POINT('',(1.024999999898,17.605092010556));
#4793 = CARTESIAN_POINT('',(0.,17.605092010556));
#4794 = ( GEOMETRIC_REPRESENTATION_CONTEXT(2) 
PARAMETRIC_REPRESENTATION_CONTEXT() REPRESENTATION_CONTEXT('2D SPACE',''
  ) );
#4795 = PCURVE('',#4115,#4796);
#4796 = DEFINITIONAL_REPRESENTATION('',(#4797),#4803);
#4797 = B_SPLINE_CURVE_WITH_KNOTS('',4,(#4798,#4799,#4800,#4801,#4802),
  .UNSPECIFIED.,.F.,.F.,(5,5),(0.,1.),.PIECEWISE_BEZIER_KNOTS.);
#4798 = CARTESIAN_POINT('',(2.087271467642,-4.09999999959));
#4799 = CARTESIAN_POINT('',(2.087271467642,-3.074999999693));
#4800 = CARTESIAN_POINT('',(2.087271467642,-2.05));
#4801 = CARTESIAN_POINT('',(2.087271467642,-1.025000000307));
#4802 = CARTESIAN_POINT('',(2.087271467642,-4.099467432184E-10));
#4803 = ( GEOMETRIC_REPRESENTATION_CONTEXT(2) 
PARAMETRIC_REPRESENTATION_CONTEXT() REPRESENTATION_CONTEXT('2D SPACE',''
  ) );
#4804 = ADVANCED_FACE('',(#4805),#4115,.F.);
#4805 = FACE_BOUND('',#4806,.F.);
#4806 = EDGE_LOOP('',(#4807,#4808,#4809,#4842,#4843,#4844));
#4807 = ORIENTED_EDGE('',*,*,#4478,.F.);
#4808 = ORIENTED_EDGE('',*,*,#4655,.F.);
#4809 = ORIENTED_EDGE('',*,*,#4810,.F.);
#4810 = EDGE_CURVE('',#4351,#4656,#4811,.T.);
#4811 = SURFACE_CURVE('',#4812,(#4820,#4831),.PCURVE_S1.);
#4812 = B_SPLINE_CURVE_WITH_KNOTS('',6,(#4813,#4814,#4815,#4816,#4817,
    #4818,#4819),.UNSPECIFIED.,.F.,.F.,(7,7),(0.,1.),
  .PIECEWISE_BEZIER_KNOTS.);
#4813 = CARTESIAN_POINT('',(3.,-30.68048199395,-87.));
#4814 = CARTESIAN_POINT('',(3.92135370177,-30.7922242777,-87.));
#4815 = CARTESIAN_POINT('',(4.837478704264,-30.94583845427,-87.));
#4816 = CARTESIAN_POINT('',(5.746127644669,-31.14203127227,-87.));
#4817 = CARTESIAN_POINT('',(6.644390073538,-31.38200283401,-87.));
#4818 = CARTESIAN_POINT('',(7.52873950859,-31.66725146311,-87.));
#4819 = CARTESIAN_POINT('',(8.394907989444,-32.,-87.));
#4820 = PCURVE('',#4115,#4821);
#4821 = DEFINITIONAL_REPRESENTATION('',(#4822),#4830);
#4822 = B_SPLINE_CURVE_WITH_KNOTS('',6,(#4823,#4824,#4825,#4826,#4827,
    #4828,#4829),.UNSPECIFIED.,.F.,.F.,(7,7),(0.,1.),
  .PIECEWISE_BEZIER_KNOTS.);
#4823 = CARTESIAN_POINT('',(1.393396722355,-1.));
#4824 = CARTESIAN_POINT('',(1.338335307171,-1.));
#4825 = CARTESIAN_POINT('',(1.282934011499,-1.));
#4826 = CARTESIAN_POINT('',(1.227012228558,-1.));
#4827 = CARTESIAN_POINT('',(1.170399057283,-1.));
#4828 = CARTESIAN_POINT('',(1.112914936123,-1.));
#4829 = CARTESIAN_POINT('',(1.054321185948,-1.));
#4830 = ( GEOMETRIC_REPRESENTATION_CONTEXT(2) 
PARAMETRIC_REPRESENTATION_CONTEXT() REPRESENTATION_CONTEXT('2D SPACE',''
  ) );
#4831 = PCURVE('',#4367,#4832);
#4832 = DEFINITIONAL_REPRESENTATION('',(#4833),#4841);
#4833 = B_SPLINE_CURVE_WITH_KNOTS('',6,(#4834,#4835,#4836,#4837,#4838,
    #4839,#4840),.UNSPECIFIED.,.F.,.F.,(7,7),(0.,1.),
  .PIECEWISE_BEZIER_KNOTS.);
#4834 = CARTESIAN_POINT('',(-6.,4.319518006049));
#4835 = CARTESIAN_POINT('',(-5.07864629823,4.207775722294));
#4836 = CARTESIAN_POINT('',(-4.162521295736,4.05416154573));
#4837 = CARTESIAN_POINT('',(-3.253872355331,3.857968727721));
#4838 = CARTESIAN_POINT('',(-2.355609926462,3.617997165982));
#4839 = CARTESIAN_POINT('',(-1.47126049141,3.332748536883));
#4840 = CARTESIAN_POINT('',(-0.605092010556,3.));
#4841 = ( GEOMETRIC_REPRESENTATION_CONTEXT(2) 
PARAMETRIC_REPRESENTATION_CONTEXT() REPRESENTATION_CONTEXT('2D SPACE',''
  ) );
#4842 = ORIENTED_EDGE('',*,*,#4423,.F.);
#4843 = ORIENTED_EDGE('',*,*,#4098,.T.);
#4844 = ORIENTED_EDGE('',*,*,#4778,.T.);
#4845 = ADVANCED_FACE('',(#4846),#4367,.F.);
#4846 = FACE_BOUND('',#4847,.F.);
#4847 = EDGE_LOOP('',(#4848,#4849,#4850));
#4848 = ORIENTED_EDGE('',*,*,#4684,.F.);
#4849 = ORIENTED_EDGE('',*,*,#4348,.T.);
#4850 = ORIENTED_EDGE('',*,*,#4810,.T.);
#4851 = ( GEOMETRIC_REPRESENTATION_CONTEXT(3) 
GLOBAL_UNCERTAINTY_ASSIGNED_CONTEXT((#4855)) 
GLOBAL_UNIT_ASSIGNED_CONTEXT((#4852,#4853,#4854)) REPRESENTATION_CONTEXT
('Context #1','3D Context with UNIT and UNCERTAINTY') );
#4852 = ( LENGTH_UNIT() NAMED_UNIT(*) SI_UNIT(.MILLI.,.METRE.) );
#4853 = ( NAMED_UNIT(*) PLANE_ANGLE_UNIT() SI_UNIT($,.RADIAN.) );
#4854 = ( NAMED_UNIT(*) SI_UNIT($,.STERADIAN.) SOLID_ANGLE_UNIT() );
#4855 = UNCERTAINTY_MEASURE_WITH_UNIT(LENGTH_MEASURE(2.E-06),#4852,
  'distance_accuracy_value','confusion accuracy');
#4856 = PRODUCT_RELATED_PRODUCT_CATEGORY('part',$,(#7));
ENDSEC;
END-ISO-10303-21;
