ISO-10303-21;
HEADER;
FILE_DESCRIPTION(('Open CASCADE Model'),'2;1');
FILE_NAME('Open CASCADE Shape Model','2026-09-09T16:23:47',('Author'),(
    'Open CASCADE'),'Open CASCADE STEP processor 7.9','Open CASCADE 7.9'
  ,'Unknown');
FILE_SCHEMA(('AUTOMOTIVE_DESIGN { 1 0 10303 214 1 1 1 1 }'));
ENDSEC;
DATA;
#1 = APPLICATION_PROTOCOL_DEFINITION('international standard',
  'automotive_design',2000,#2);
#2 = APPLICATION_CONTEXT(
  'core data for automotive mechanical design processes');
#3 = SHAPE_DEFINITION_REPRESENTATION(#4,#10);
#4 = PRODUCT_DEFINITION_SHAPE('','',#5);
#5 = PRODUCT_DEFINITION('design','',#6,#9);
#6 = PRODUCT_DEFINITION_FORMATION('','',#7);
#7 = PRODUCT('Open CASCADE STEP translator 7.9 5',
  'Open CASCADE STEP translator 7.9 5','',(#8));
#8 = PRODUCT_CONTEXT('',#2,'mechanical');
#9 = PRODUCT_DEFINITION_CONTEXT('part definition',#2,'design');
#10 = SHAPE_REPRESENTATION('',(#11,#15,#19),#23);
#11 = AXIS2_PLACEMENT_3D('',#12,#13,#14);
#12 = CARTESIAN_POINT('',(0.,0.,0.));
#13 = DIRECTION('',(0.,0.,1.));
#14 = DIRECTION('',(1.,0.,-0.));
#15 = AXIS2_PLACEMENT_3D('',#16,#17,#18);
#16 = CARTESIAN_POINT('',(0.,0.,0.));
#17 = DIRECTION('',(0.,0.,1.));
#18 = DIRECTION('',(1.,0.,-0.));
#19 = AXIS2_PLACEMENT_3D('',#20,#21,#22);
#20 = CARTESIAN_POINT('',(0.,0.,0.));
#21 = DIRECTION('',(0.,0.,1.));
#22 = DIRECTION('',(1.,0.,-0.));
#23 = ( GEOMETRIC_REPRESENTATION_CONTEXT(3) 
GLOBAL_UNCERTAINTY_ASSIGNED_CONTEXT((#27)) GLOBAL_UNIT_ASSIGNED_CONTEXT(
(#24,#25,#26)) REPRESENTATION_CONTEXT('Context #1',
  '3D Context with UNIT and UNCERTAINTY') );
#24 = ( LENGTH_UNIT() NAMED_UNIT(*) SI_UNIT(.MILLI.,.METRE.) );
#25 = ( NAMED_UNIT(*) PLANE_ANGLE_UNIT() SI_UNIT($,.RADIAN.) );
#26 = ( NAMED_UNIT(*) SI_UNIT($,.STERADIAN.) SOLID_ANGLE_UNIT() );
#27 = UNCERTAINTY_MEASURE_WITH_UNIT(LENGTH_MEASURE(2.E-06),#24,
  'distance_accuracy_value','confusion accuracy');
#28 = PRODUCT_RELATED_PRODUCT_CATEGORY('part',$,(#7));
#29 = SHAPE_DEFINITION_REPRESENTATION(#30,#36);
#30 = PRODUCT_DEFINITION_SHAPE('','',#31);
#31 = PRODUCT_DEFINITION('design','',#32,#35);
#32 = PRODUCT_DEFINITION_FORMATION('','',#33);
#33 = PRODUCT('Open CASCADE STEP translator 7.9 5.1',
  'Open CASCADE STEP translator 7.9 5.1','',(#34));
#34 = PRODUCT_CONTEXT('',#2,'mechanical');
#35 = PRODUCT_DEFINITION_CONTEXT('part definition',#2,'design');
#36 = ADVANCED_BREP_SHAPE_REPRESENTATION('',(#11,#37),#1317);
#37 = MANIFOLD_SOLID_BREP('',#38);
#38 = CLOSED_SHELL('',(#39,#634,#728,#795,#1234,#1285,#1311));
#39 = ADVANCED_FACE('',(#40),#54,.F.);
#40 = FACE_BOUND('',#41,.F.);
#41 = EDGE_LOOP('',(#42,#77,#608));
#42 = ORIENTED_EDGE('',*,*,#43,.F.);
#43 = EDGE_CURVE('',#44,#46,#48,.T.);
#44 = VERTEX_POINT('',#45);
#45 = CARTESIAN_POINT('',(-22.35,-22.66608152456,-18.));
#46 = VERTEX_POINT('',#47);
#47 = CARTESIAN_POINT('',(-22.35,-6.,-18.));
#48 = SURFACE_CURVE('',#49,(#53,#65),.PCURVE_S1.);
#49 = LINE('',#50,#51);
#50 = CARTESIAN_POINT('',(-22.35,-42.,-18.));
#51 = VECTOR('',#52,1.);
#52 = DIRECTION('',(0.,1.,0.));
#53 = PCURVE('',#54,#59);
#54 = PLANE('',#55);
#55 = AXIS2_PLACEMENT_3D('',#56,#57,#58);
#56 = CARTESIAN_POINT('',(-22.35,-42.,-69.));
#57 = DIRECTION('',(1.,0.,0.));
#58 = DIRECTION('',(0.,0.,1.));
#59 = DEFINITIONAL_REPRESENTATION('',(#60),#64);
#60 = LINE('',#61,#62);
#61 = CARTESIAN_POINT('',(51.,0.));
#62 = VECTOR('',#63,1.);
#63 = DIRECTION('',(0.,-1.));
#64 = ( GEOMETRIC_REPRESENTATION_CONTEXT(2) 
PARAMETRIC_REPRESENTATION_CONTEXT() REPRESENTATION_CONTEXT('2D SPACE',''
  ) );
#65 = PCURVE('',#66,#71);
#66 = PLANE('',#67);
#67 = AXIS2_PLACEMENT_3D('',#68,#69,#70);
#68 = CARTESIAN_POINT('',(-22.35,-42.,-18.));
#69 = DIRECTION('',(0.,0.,1.));
#70 = DIRECTION('',(1.,0.,0.));
#71 = DEFINITIONAL_REPRESENTATION('',(#72),#76);
#72 = LINE('',#73,#74);
#73 = CARTESIAN_POINT('',(0.,0.));
#74 = VECTOR('',#75,1.);
#75 = DIRECTION('',(0.,1.));
#76 = ( GEOMETRIC_REPRESENTATION_CONTEXT(2) 
PARAMETRIC_REPRESENTATION_CONTEXT() REPRESENTATION_CONTEXT('2D SPACE',''
  ) );
#77 = ORIENTED_EDGE('',*,*,#78,.T.);
#78 = EDGE_CURVE('',#44,#79,#81,.T.);
#79 = VERTEX_POINT('',#80);
#80 = CARTESIAN_POINT('',(-22.35,-6.,-30.72982469396));
#81 = SURFACE_CURVE('',#82,(#225,#371),.PCURVE_S1.);
#82 = B_SPLINE_CURVE_WITH_KNOTS('',8,(#83,#84,#85,#86,#87,#88,#89,#90,
    #91,#92,#93,#94,#95,#96,#97,#98,#99,#100,#101,#102,#103,#104,#105,
    #106,#107,#108,#109,#110,#111,#112,#113,#114,#115,#116,#117,#118,
    #119,#120,#121,#122,#123,#124,#125,#126,#127,#128,#129,#130,#131,
    #132,#133,#134,#135,#136,#137,#138,#139,#140,#141,#142,#143,#144,
    #145,#146,#147,#148,#149,#150,#151,#152,#153,#154,#155,#156,#157,
    #158,#159,#160,#161,#162,#163,#164,#165,#166,#167,#168,#169,#170,
    #171,#172,#173,#174,#175,#176,#177,#178,#179,#180,#181,#182,#183,
    #184,#185,#186,#187,#188,#189,#190,#191,#192,#193,#194,#195,#196,
    #197,#198,#199,#200,#201,#202,#203,#204,#205,#206,#207,#208,#209,
    #210,#211,#212,#213,#214,#215,#216,#217,#218,#219,#220,#221,#222,
    #223,#224),.UNSPECIFIED.,.F.,.F.,(9,7,7,7,7,7,7,7,7,7,7,7,7,7,7,7,7,
    7,7,7,9),(0.,0.116785544436,0.304234621299,0.351170340321,
    0.41597852685,0.45320997871,0.483303552135,0.503515112968,
    0.516448261921,0.530504726607,0.538487969182,0.552073440762,
    0.580370027342,0.625674129859,0.677229538826,0.718204627461,
    0.751717155439,0.805333250176,0.868217831743,0.979055154167,1.),
  .UNSPECIFIED.);
#83 = CARTESIAN_POINT('',(-22.35,-22.66608152456,-18.));
#84 = CARTESIAN_POINT('',(-22.35,-23.17912633072,-19.15701731291));
#85 = CARTESIAN_POINT('',(-22.35,-23.68360689451,-20.31788072442));
#86 = CARTESIAN_POINT('',(-22.35,-24.17701809824,-21.48354907061));
#87 = CARTESIAN_POINT('',(-22.35,-24.65732331875,-22.65472299086));
#88 = CARTESIAN_POINT('',(-22.35,-25.12295945211,-23.83184301432));
#89 = CARTESIAN_POINT('',(-22.35,-25.57285353933,-25.01508269723));
#90 = CARTESIAN_POINT('',(-22.35,-26.00642492157,-26.20434740001));
#91 = CARTESIAN_POINT('',(-22.35,-27.09305712102,-29.31725573272));
#92 = CARTESIAN_POINT('',(-22.35,-27.72024307996,-31.25000369983));
#93 = CARTESIAN_POINT('',(-22.35,-28.30460592819,-33.19618596673));
#94 = CARTESIAN_POINT('',(-22.35,-28.84900750784,-35.15387648593));
#95 = CARTESIAN_POINT('',(-22.35,-29.35915724343,-37.12070077662));
#96 = CARTESIAN_POINT('',(-22.35,-29.84215742033,-39.09421119564));
#97 = CARTESIAN_POINT('',(-22.35,-30.3054717018,-41.07216466692));
#98 = CARTESIAN_POINT('',(-22.35,-30.86672162073,-43.54922614294));
#99 = CARTESIAN_POINT('',(-22.35,-30.97820884399,-44.04546381348));
#100 = CARTESIAN_POINT('',(-22.35,-31.08887409669,-44.5418858518));
#101 = CARTESIAN_POINT('',(-22.35,-31.19879088046,-45.03847431743));
#102 = CARTESIAN_POINT('',(-22.35,-31.30802072129,-45.53521421565));
#103 = CARTESIAN_POINT('',(-22.35,-31.41660918658,-46.03209437096));
#104 = CARTESIAN_POINT('',(-22.35,-31.52458190225,-46.52910830059));
#105 = CARTESIAN_POINT('',(-22.35,-31.78017992122,-47.71270844159));
#106 = CARTESIAN_POINT('',(-22.35,-31.92724656968,-48.39940729295));
#107 = CARTESIAN_POINT('',(-22.35,-32.0731429031,-49.08635748268));
#108 = CARTESIAN_POINT('',(-22.35,-32.21778167033,-49.77357867846));
#109 = CARTESIAN_POINT('',(-22.35,-32.36094147837,-50.46111350841));
#110 = CARTESIAN_POINT('',(-22.35,-32.50223648062,-51.14903390015));
#111 = CARTESIAN_POINT('',(-22.35,-32.64103683938,-51.8374576207));
#112 = CARTESIAN_POINT('',(-22.35,-32.85396998143,-52.92248436957));
#113 = CARTESIAN_POINT('',(-22.35,-32.93048601953,-53.31860255443));
#114 = CARTESIAN_POINT('',(-22.35,-33.00562322594,-53.71498881278));
#115 = CARTESIAN_POINT('',(-22.35,-33.07913159853,-54.11168879469));
#116 = CARTESIAN_POINT('',(-22.35,-33.15069390378,-54.50875082185));
#117 = CARTESIAN_POINT('',(-22.35,-33.21991115401,-54.90622851965));
#118 = CARTESIAN_POINT('',(-22.35,-33.28626679603,-55.30418725821));
#119 = CARTESIAN_POINT('',(-22.35,-33.3997861153,-56.02484540992));
#120 = CARTESIAN_POINT('',(-22.35,-33.44818247044,-56.34729344726));
#121 = CARTESIAN_POINT('',(-22.35,-33.49385947388,-56.67015629924));
#122 = CARTESIAN_POINT('',(-22.35,-33.53636010531,-56.99349369241));
#123 = CARTESIAN_POINT('',(-22.35,-33.57508281697,-57.31733755275));
#124 = CARTESIAN_POINT('',(-22.35,-33.60926736326,-57.64169405427));
#125 = CARTESIAN_POINT('',(-22.35,-33.63789791515,-57.96655508029));
#126 = CARTESIAN_POINT('',(-22.35,-33.67383067194,-58.5104633499));
#127 = CARTESIAN_POINT('',(-22.35,-33.68503796038,-58.72906530834));
#128 = CARTESIAN_POINT('',(-22.35,-33.69255450983,-58.94787414363));
#129 = CARTESIAN_POINT('',(-22.35,-33.69577212174,-59.16690182122));
#130 = CARTESIAN_POINT('',(-22.35,-33.69393643898,-59.38603948909));
#131 = CARTESIAN_POINT('',(-22.35,-33.68598571403,-59.60504865046));
#132 = CARTESIAN_POINT('',(-22.35,-33.6705829815,-59.8235659592));
#133 = CARTESIAN_POINT('',(-22.35,-33.62925428564,-60.18026825988));
#134 = CARTESIAN_POINT('',(-22.35,-33.60915811276,-60.31867097824));
#135 = CARTESIAN_POINT('',(-22.35,-33.58447962239,-60.45647298053));
#136 = CARTESIAN_POINT('',(-22.35,-33.55442669251,-60.5934913484));
#137 = CARTESIAN_POINT('',(-22.35,-33.51803429428,-60.72918804898));
#138 = CARTESIAN_POINT('',(-22.35,-33.47404888435,-60.86262199153));
#139 = CARTESIAN_POINT('',(-22.35,-33.42097199826,-60.99247398187));
#140 = CARTESIAN_POINT('',(-22.35,-33.28649389285,-61.25208285774));
#141 = CARTESIAN_POINT('',(-22.35,-33.20082870831,-61.38510502077));
#142 = CARTESIAN_POINT('',(-22.35,-33.0980593601,-61.50720014514));
#143 = CARTESIAN_POINT('',(-22.35,-32.97753058358,-61.61036635499));
#144 = CARTESIAN_POINT('',(-22.35,-32.84021205087,-61.68860286842));
#145 = CARTESIAN_POINT('',(-22.35,-32.68946556054,-61.73885702528));
#146 = CARTESIAN_POINT('',(-22.35,-32.53210296038,-61.76278820748));
#147 = CARTESIAN_POINT('',(-22.35,-32.2912386956,-61.76853948345));
#148 = CARTESIAN_POINT('',(-22.35,-32.2039652159,-61.76409858052));
#149 = CARTESIAN_POINT('',(-22.35,-32.11707725753,-61.75399596231));
#150 = CARTESIAN_POINT('',(-22.35,-32.03088699538,-61.73899517968));
#151 = CARTESIAN_POINT('',(-22.35,-31.94560584868,-61.71976091428));
#152 = CARTESIAN_POINT('',(-22.35,-31.86134448103,-61.6968589786));
#153 = CARTESIAN_POINT('',(-22.35,-31.77811280035,-61.67075631597));
#154 = CARTESIAN_POINT('',(-22.35,-31.55577823428,-61.59258036907));
#155 = CARTESIAN_POINT('',(-22.35,-31.41869142761,-61.53530076467));
#156 = CARTESIAN_POINT('',(-22.35,-31.28439364815,-61.47153167092));
#157 = CARTESIAN_POINT('',(-22.35,-31.15270484853,-61.40254572418));
#158 = CARTESIAN_POINT('',(-22.35,-31.02343082476,-61.32933871356));
#159 = CARTESIAN_POINT('',(-22.35,-30.89636321623,-61.25262958095));
#160 = CARTESIAN_POINT('',(-22.35,-30.77127950569,-61.17286042101));
#161 = CARTESIAN_POINT('',(-22.35,-30.39105082789,-60.91801936402));
#162 = CARTESIAN_POINT('',(-22.35,-30.14229913966,-60.73406541187));
#163 = CARTESIAN_POINT('',(-22.35,-29.89983783327,-60.54166538554));
#164 = CARTESIAN_POINT('',(-22.35,-29.6628570684,-60.34257768402));
#165 = CARTESIAN_POINT('',(-22.35,-29.43061648473,-60.13820157362));
#166 = CARTESIAN_POINT('',(-22.35,-29.20256494538,-59.92941128687));
#167 = CARTESIAN_POINT('',(-22.35,-28.97813201471,-59.71683545246));
#168 = CARTESIAN_POINT('',(-22.35,-28.40231140759,-59.15495282102));
#169 = CARTESIAN_POINT('',(-22.35,-28.05615920974,-58.80071443841));
#170 = CARTESIAN_POINT('',(-22.35,-27.71652634953,-58.44014018727));
#171 = CARTESIAN_POINT('',(-22.35,-27.38238332954,-58.07448008931));
#172 = CARTESIAN_POINT('',(-22.35,-27.05289395294,-57.70470042929));
#173 = CARTESIAN_POINT('',(-22.35,-26.72741052286,-57.33148583067));
#174 = CARTESIAN_POINT('',(-22.35,-26.40535569373,-56.95535172495));
#175 = CARTESIAN_POINT('',(-22.35,-25.72303170604,-56.14569710833));
#176 = CARTESIAN_POINT('',(-22.35,-25.36370037115,-55.71151409327));
#177 = CARTESIAN_POINT('',(-22.35,-25.00753091812,-55.27472268156));
#178 = CARTESIAN_POINT('',(-22.35,-24.65400479084,-54.83578990327));
#179 = CARTESIAN_POINT('',(-22.35,-24.30270173398,-54.39508703015));
#180 = CARTESIAN_POINT('',(-22.35,-23.95326844457,-53.95291482906));
#181 = CARTESIAN_POINT('',(-22.35,-23.60540518351,-53.50951431775));
#182 = CARTESIAN_POINT('',(-22.35,-22.98341416984,-52.71185399918));
#183 = CARTESIAN_POINT('',(-22.35,-22.70880950004,-52.35798105324));
#184 = CARTESIAN_POINT('',(-22.35,-22.43490772241,-52.00356328332));
#185 = CARTESIAN_POINT('',(-22.35,-22.16159850387,-51.64868845236));
#186 = CARTESIAN_POINT('',(-22.35,-21.88878617305,-51.29343210934));
#187 = CARTESIAN_POINT('',(-22.35,-21.61638728449,-50.93785946743));
#188 = CARTESIAN_POINT('',(-22.35,-21.34432818289,-50.58202728199));
#189 = CARTESIAN_POINT('',(-22.35,-20.8502557254,-49.93478800557));
#190 = CARTESIAN_POINT('',(-22.35,-20.62815214993,-49.64345046746));
#191 = CARTESIAN_POINT('',(-22.35,-20.40619609502,-49.35200051782));
#192 = CARTESIAN_POINT('',(-22.35,-20.18435555943,-49.06046265235));
#193 = CARTESIAN_POINT('',(-22.35,-19.96260188846,-48.76885876181));
#194 = CARTESIAN_POINT('',(-22.35,-19.74090937599,-48.4772084349));
#195 = CARTESIAN_POINT('',(-22.35,-19.51925486644,-48.18552926103));
#196 = CARTESIAN_POINT('',(-22.35,-18.94302346511,-47.42716410966));
#197 = CARTESIAN_POINT('',(-22.35,-18.5884730878,-46.96045813457));
#198 = CARTESIAN_POINT('',(-22.35,-18.23388101425,-46.49378382558));
#199 = CARTESIAN_POINT('',(-22.35,-17.87917615659,-46.02719518317));
#200 = CARTESIAN_POINT('',(-22.35,-17.5242997056,-45.56073699195));
#201 = CARTESIAN_POINT('',(-22.35,-17.16920328656,-45.09444622184));
#202 = CARTESIAN_POINT('',(-22.35,-16.81384711524,-44.62835342932));
#203 = CARTESIAN_POINT('',(-22.35,-16.04106900184,-43.61608117469));
#204 = CARTESIAN_POINT('',(-22.35,-15.62353707022,-43.0699855818));
#205 = CARTESIAN_POINT('',(-22.35,-15.20555028437,-42.52423785863));
#206 = CARTESIAN_POINT('',(-22.35,-14.7870696889,-41.97886856339));
#207 = CARTESIAN_POINT('',(-22.35,-14.36806813473,-41.43389933948));
#208 = CARTESIAN_POINT('',(-22.35,-13.94852896633,-40.88934392118));
#209 = CARTESIAN_POINT('',(-22.35,-13.52844470894,-40.34520913926));
#210 = CARTESIAN_POINT('',(-22.35,-12.36643550416,-38.84317331178));
#211 = CARTESIAN_POINT('',(-22.35,-11.62336243758,-37.88615889384));
#212 = CARTESIAN_POINT('',(-22.35,-10.87860194022,-36.93045637556));
#213 = CARTESIAN_POINT('',(-22.35,-10.13223822888,-35.97600602388));
#214 = CARTESIAN_POINT('',(-22.35,-9.38442758271,-35.02268994302));
#215 = CARTESIAN_POINT('',(-22.35,-8.635396418658,-34.07033356354));
#216 = CARTESIAN_POINT('',(-22.35,-7.88544421269,-33.11870334723));
#217 = CARTESIAN_POINT('',(-22.35,-6.993131176618,-31.98775265739));
#218 = CARTESIAN_POINT('',(-22.35,-6.851291761652,-31.80801985941));
#219 = CARTESIAN_POINT('',(-22.35,-6.709435579042,-31.62830029973));
#220 = CARTESIAN_POINT('',(-22.35,-6.567565290956,-31.44859188005));
#221 = CARTESIAN_POINT('',(-22.35,-6.425683664496,-31.26889241802));
#222 = CARTESIAN_POINT('',(-22.35,-6.283793571707,-31.08919964727));
#223 = CARTESIAN_POINT('',(-22.35,-6.141897989569,-30.9095112174));
#224 = CARTESIAN_POINT('',(-22.35,-6.,-30.72982469396));
#225 = PCURVE('',#54,#226);
#226 = DEFINITIONAL_REPRESENTATION('',(#227),#370);
#227 = B_SPLINE_CURVE_WITH_KNOTS('',8,(#228,#229,#230,#231,#232,#233,
    #234,#235,#236,#237,#238,#239,#240,#241,#242,#243,#244,#245,#246,
    #247,#248,#249,#250,#251,#252,#253,#254,#255,#256,#257,#258,#259,
    #260,#261,#262,#263,#264,#265,#266,#267,#268,#269,#270,#271,#272,
    #273,#274,#275,#276,#277,#278,#279,#280,#281,#282,#283,#284,#285,
    #286,#287,#288,#289,#290,#291,#292,#293,#294,#295,#296,#297,#298,
    #299,#300,#301,#302,#303,#304,#305,#306,#307,#308,#309,#310,#311,
    #312,#313,#314,#315,#316,#317,#318,#319,#320,#321,#322,#323,#324,
    #325,#326,#327,#328,#329,#330,#331,#332,#333,#334,#335,#336,#337,
    #338,#339,#340,#341,#342,#343,#344,#345,#346,#347,#348,#349,#350,
    #351,#352,#353,#354,#355,#356,#357,#358,#359,#360,#361,#362,#363,
    #364,#365,#366,#367,#368,#369),.UNSPECIFIED.,.F.,.F.,(9,7,7,7,7,7,7,
    7,7,7,7,7,7,7,7,7,7,7,7,7,9),(0.,0.116785544436,0.304234621299,
    0.351170340321,0.41597852685,0.45320997871,0.483303552135,
    0.503515112968,0.516448261921,0.530504726607,0.538487969182,
    0.552073440762,0.580370027342,0.625674129859,0.677229538826,
    0.718204627461,0.751717155439,0.805333250176,0.868217831743,
    0.979055154167,1.),.UNSPECIFIED.);
#228 = CARTESIAN_POINT('',(51.,-19.33391847543));
#229 = CARTESIAN_POINT('',(49.842982687084,-18.82087366927));
#230 = CARTESIAN_POINT('',(48.682119275575,-18.31639310548));
#231 = CARTESIAN_POINT('',(47.516450929386,-17.82298190175));
#232 = CARTESIAN_POINT('',(46.345277009139,-17.34267668124));
#233 = CARTESIAN_POINT('',(45.168156985673,-16.87704054788));
#234 = CARTESIAN_POINT('',(43.984917302766,-16.42714646066));
#235 = CARTESIAN_POINT('',(42.795652599986,-15.99357507842));
#236 = CARTESIAN_POINT('',(39.682744267275,-14.90694287897));
#237 = CARTESIAN_POINT('',(37.749996300165,-14.27975692003));
#238 = CARTESIAN_POINT('',(35.803814033264,-13.69539407181));
#239 = CARTESIAN_POINT('',(33.846123514066,-13.15099249215));
#240 = CARTESIAN_POINT('',(31.87929922338,-12.64084275657));
#241 = CARTESIAN_POINT('',(29.905788804352,-12.15784257966));
#242 = CARTESIAN_POINT('',(27.927835333079,-11.69452829819));
#243 = CARTESIAN_POINT('',(25.450773857058,-11.13327837926));
#244 = CARTESIAN_POINT('',(24.954536186515,-11.02179115601));
#245 = CARTESIAN_POINT('',(24.458114148193,-10.9111259033));
#246 = CARTESIAN_POINT('',(23.961525682562,-10.80120911953));
#247 = CARTESIAN_POINT('',(23.464785784345,-10.6919792787));
#248 = CARTESIAN_POINT('',(22.967905629034,-10.58339081341));
#249 = CARTESIAN_POINT('',(22.47089169941,-10.47541809774));
#250 = CARTESIAN_POINT('',(21.28729155841,-10.21982007877));
#251 = CARTESIAN_POINT('',(20.600592707041,-10.07275343031));
#252 = CARTESIAN_POINT('',(19.913642517318,-9.926857096894));
#253 = CARTESIAN_POINT('',(19.226421321535,-9.782218329668));
#254 = CARTESIAN_POINT('',(18.538886491586,-9.639058521623));
#255 = CARTESIAN_POINT('',(17.850966099841,-9.497763519376));
#256 = CARTESIAN_POINT('',(17.162542379294,-9.358963160618));
#257 = CARTESIAN_POINT('',(16.077515630422,-9.146030018564));
#258 = CARTESIAN_POINT('',(15.681397445564,-9.06951398047));
#259 = CARTESIAN_POINT('',(15.285011187215,-8.994376774053));
#260 = CARTESIAN_POINT('',(14.888311205304,-8.920868401464));
#261 = CARTESIAN_POINT('',(14.491249178146,-8.849306096215));
#262 = CARTESIAN_POINT('',(14.093771480345,-8.780088845982));
#263 = CARTESIAN_POINT('',(13.695812741787,-8.713733203967));
#264 = CARTESIAN_POINT('',(12.975154590074,-8.600213884694));
#265 = CARTESIAN_POINT('',(12.652706552731,-8.551817529559));
#266 = CARTESIAN_POINT('',(12.329843700755,-8.506140526114));
#267 = CARTESIAN_POINT('',(12.006506307588,-8.46363989469));
#268 = CARTESIAN_POINT('',(11.682662447246,-8.424917183029));
#269 = CARTESIAN_POINT('',(11.358305945723,-8.390732636737));
#270 = CARTESIAN_POINT('',(11.033444919706,-8.362102084848));
#271 = CARTESIAN_POINT('',(10.489536650095,-8.326169328059));
#272 = CARTESIAN_POINT('',(10.27093469166,-8.314962039617));
#273 = CARTESIAN_POINT('',(10.05212585637,-8.307445490164));
#274 = CARTESIAN_POINT('',(9.833098178771,-8.304227878253));
#275 = CARTESIAN_POINT('',(9.613960510903,-8.306063561019));
#276 = CARTESIAN_POINT('',(9.394951349534,-8.314014285968));
#277 = CARTESIAN_POINT('',(9.176434040791,-8.329417018494));
#278 = CARTESIAN_POINT('',(8.819731740116,-8.370745714351));
#279 = CARTESIAN_POINT('',(8.681329021757,-8.390841887237));
#280 = CARTESIAN_POINT('',(8.543527019461,-8.415520377609));
#281 = CARTESIAN_POINT('',(8.406508651593,-8.445573307486));
#282 = CARTESIAN_POINT('',(8.270811951016,-8.481965705717));
#283 = CARTESIAN_POINT('',(8.137378008469,-8.525951115647));
#284 = CARTESIAN_POINT('',(8.007526018121,-8.579028001735));
#285 = CARTESIAN_POINT('',(7.747917142257,-8.713506107147));
#286 = CARTESIAN_POINT('',(7.614894979228,-8.799171291685));
#287 = CARTESIAN_POINT('',(7.492799854859,-8.901940639892));
#288 = CARTESIAN_POINT('',(7.38963364501,-9.022469416417));
#289 = CARTESIAN_POINT('',(7.311397131578,-9.159787949125));
#290 = CARTESIAN_POINT('',(7.261142974719,-9.310534439458));
#291 = CARTESIAN_POINT('',(7.237211792518,-9.467897039612));
#292 = CARTESIAN_POINT('',(7.231460516549,-9.708761304398));
#293 = CARTESIAN_POINT('',(7.23590141948,-9.796034784098));
#294 = CARTESIAN_POINT('',(7.246004037681,-9.882922742467));
#295 = CARTESIAN_POINT('',(7.261004820315,-9.969113004616));
#296 = CARTESIAN_POINT('',(7.280239085716,-10.05439415131));
#297 = CARTESIAN_POINT('',(7.303141021392,-10.13865551896));
#298 = CARTESIAN_POINT('',(7.329243684022,-10.22188719964));
#299 = CARTESIAN_POINT('',(7.407419630929,-10.44422176571));
#300 = CARTESIAN_POINT('',(7.464699235328,-10.58130857239));
#301 = CARTESIAN_POINT('',(7.528468329072,-10.71560635184));
#302 = CARTESIAN_POINT('',(7.597454275813,-10.84729515146));
#303 = CARTESIAN_POINT('',(7.670661286431,-10.97656917523));
#304 = CARTESIAN_POINT('',(7.747370419041,-11.10363678376));
#305 = CARTESIAN_POINT('',(7.827139578988,-11.2287204943));
#306 = CARTESIAN_POINT('',(8.081980635979,-11.6089491721));
#307 = CARTESIAN_POINT('',(8.265934588125,-11.85770086033));
#308 = CARTESIAN_POINT('',(8.458334614454,-12.10016216672));
#309 = CARTESIAN_POINT('',(8.657422315976,-12.33714293159));
#310 = CARTESIAN_POINT('',(8.861798426375,-12.56938351526));
#311 = CARTESIAN_POINT('',(9.070588713125,-12.79743505461));
#312 = CARTESIAN_POINT('',(9.28316454754,-13.02186798528));
#313 = CARTESIAN_POINT('',(9.845047178973,-13.5976885924));
#314 = CARTESIAN_POINT('',(10.199285561585,-13.94384079025));
#315 = CARTESIAN_POINT('',(10.559859812724,-14.28347365047));
#316 = CARTESIAN_POINT('',(10.925519910683,-14.61761667045));
#317 = CARTESIAN_POINT('',(11.29529957071,-14.94710604705));
#318 = CARTESIAN_POINT('',(11.66851416933,-15.27258947713));
#319 = CARTESIAN_POINT('',(12.044648275041,-15.59464430626));
#320 = CARTESIAN_POINT('',(12.854302891667,-16.27696829395));
#321 = CARTESIAN_POINT('',(13.288485906724,-16.63629962884));
#322 = CARTESIAN_POINT('',(13.725277318431,-16.99246908187));
#323 = CARTESIAN_POINT('',(14.164210096722,-17.34599520915));
#324 = CARTESIAN_POINT('',(14.604912969842,-17.69729826601));
#325 = CARTESIAN_POINT('',(15.047085170937,-18.04673155542));
#326 = CARTESIAN_POINT('',(15.490485682245,-18.39459481648));
#327 = CARTESIAN_POINT('',(16.288146000814,-19.01658583016));
#328 = CARTESIAN_POINT('',(16.642018946755,-19.29119049995));
#329 = CARTESIAN_POINT('',(16.996436716673,-19.56509227759));
#330 = CARTESIAN_POINT('',(17.351311547638,-19.83840149612));
#331 = CARTESIAN_POINT('',(17.706567890652,-20.11121382694));
#332 = CARTESIAN_POINT('',(18.062140532567,-20.3836127155));
#333 = CARTESIAN_POINT('',(18.417972718008,-20.65567181711));
#334 = CARTESIAN_POINT('',(19.065211994424,-21.14974427459));
#335 = CARTESIAN_POINT('',(19.356549532533,-21.37184785007));
#336 = CARTESIAN_POINT('',(19.647999482173,-21.59380390497));
#337 = CARTESIAN_POINT('',(19.939537347648,-21.81564444056));
#338 = CARTESIAN_POINT('',(20.231141238185,-22.03739811153));
#339 = CARTESIAN_POINT('',(20.522791565099,-22.259090624));
#340 = CARTESIAN_POINT('',(20.814470738962,-22.48074513355));
#341 = CARTESIAN_POINT('',(21.572835890339,-23.05697653488));
#342 = CARTESIAN_POINT('',(22.039541865424,-23.41152691219));
#343 = CARTESIAN_POINT('',(22.506216174417,-23.76611898574));
#344 = CARTESIAN_POINT('',(22.972804816825,-24.1208238434));
#345 = CARTESIAN_POINT('',(23.439263008049,-24.47570029439));
#346 = CARTESIAN_POINT('',(23.905553778159,-24.83079671343));
#347 = CARTESIAN_POINT('',(24.371646570678,-25.18615288475));
#348 = CARTESIAN_POINT('',(25.383918825304,-25.95893099815));
#349 = CARTESIAN_POINT('',(25.930014418199,-26.37646292977));
#350 = CARTESIAN_POINT('',(26.475762141369,-26.79444971562));
#351 = CARTESIAN_POINT('',(27.021131436608,-27.21293031109));
#352 = CARTESIAN_POINT('',(27.566100660511,-27.63193186526));
#353 = CARTESIAN_POINT('',(28.110656078815,-28.05147103366));
#354 = CARTESIAN_POINT('',(28.654790860734,-28.47155529105));
#355 = CARTESIAN_POINT('',(30.15682668822,-29.63356449583));
#356 = CARTESIAN_POINT('',(31.113841106159,-30.37663756241));
#357 = CARTESIAN_POINT('',(32.069543624433,-31.12139805977));
#358 = CARTESIAN_POINT('',(33.023993976117,-31.86776177111));
#359 = CARTESIAN_POINT('',(33.977310056973,-32.61557241729));
#360 = CARTESIAN_POINT('',(34.929666436452,-33.36460358134));
#361 = CARTESIAN_POINT('',(35.881296652768,-34.11455578731));
#362 = CARTESIAN_POINT('',(37.012247342603,-35.00686882338));
#363 = CARTESIAN_POINT('',(37.191980140584,-35.14870823834));
#364 = CARTESIAN_POINT('',(37.371699700262,-35.29056442095));
#365 = CARTESIAN_POINT('',(37.551408119946,-35.43243470904));
#366 = CARTESIAN_POINT('',(37.731107581977,-35.5743163355));
#367 = CARTESIAN_POINT('',(37.910800352727,-35.71620642829));
#368 = CARTESIAN_POINT('',(38.0904887826,-35.85810201043));
#369 = CARTESIAN_POINT('',(38.270175306031,-36.));
#370 = ( GEOMETRIC_REPRESENTATION_CONTEXT(2) 
PARAMETRIC_REPRESENTATION_CONTEXT() REPRESENTATION_CONTEXT('2D SPACE',''
  ) );
#371 = PCURVE('',#372,#463);
#372 = ( BOUNDED_SURFACE() B_SPLINE_SURFACE(14,5,(
    (#373,#374,#375,#376,#377,#378)
    ,(#379,#380,#381,#382,#383,#384)
    ,(#385,#386,#387,#388,#389,#390)
    ,(#391,#392,#393,#394,#395,#396)
    ,(#397,#398,#399,#400,#401,#402)
    ,(#403,#404,#405,#406,#407,#408)
    ,(#409,#410,#411,#412,#413,#414)
    ,(#415,#416,#417,#418,#419,#420)
    ,(#421,#422,#423,#424,#425,#426)
    ,(#427,#428,#429,#430,#431,#432)
    ,(#433,#434,#435,#436,#437,#438)
    ,(#439,#440,#441,#442,#443,#444)
    ,(#445,#446,#447,#448,#449,#450)
    ,(#451,#452,#453,#454,#455,#456)
    ,(#457,#458,#459,#460,#461,#462
)),.UNSPECIFIED.,.T.,.F.,.F.) B_SPLINE_SURFACE_WITH_KNOTS((1,14,14,1),(6
    ,6),(-1.,0.,1.,2.),(0.,1.),.UNSPECIFIED.) 
GEOMETRIC_REPRESENTATION_ITEM() RATIONAL_B_SPLINE_SURFACE((
    (1.,1.,1.,1.,1.,1.)
    ,(1.,1.,1.,1.,1.,1.)
    ,(1.,1.,1.,1.,1.,1.)
    ,(1.,1.,1.,1.,1.,1.)
    ,(1.,1.,1.,1.,1.,1.)
    ,(1.,1.,1.,1.,1.,1.)
    ,(1.,1.,1.,1.,1.,1.)
    ,(1.,1.,1.,1.,1.,1.)
    ,(1.,1.,1.,1.,1.,1.)
    ,(1.,1.,1.,1.,1.,1.)
    ,(1.,1.,1.,1.,1.,1.)
    ,(1.,1.,1.,1.,1.,1.)
    ,(1.,1.,1.,1.,1.,1.)
    ,(1.,1.,1.,1.,1.,1.)
,(1.,1.,1.,1.,1.,1.))) REPRESENTATION_ITEM('') SURFACE() );
#373 = CARTESIAN_POINT('',(19.,-39.5,-76.));
#374 = CARTESIAN_POINT('',(26.123044569638,-31.99413370891,
    -60.56609949556));
#375 = CARTESIAN_POINT('',(18.446256865827,-20.970921322,-42.36281686344
    ));
#376 = CARTESIAN_POINT('',(32.849170364805,-19.98045879275,
    -25.95429108986));
#377 = CARTESIAN_POINT('',(28.769192019074,-0.104288645744,
    -12.74783882291));
#378 = CARTESIAN_POINT('',(30.,2.606519132579E-15,7.));
#379 = CARTESIAN_POINT('',(19.000000000005,-33.44121416807,-76.));
#380 = CARTESIAN_POINT('',(26.123044569632,-23.559953842,-60.56609949556
    ));
#381 = CARTESIAN_POINT('',(18.446256865842,-14.9258404115,
    -42.36281686344));
#382 = CARTESIAN_POINT('',(32.849170364797,-9.726407995956,
    -25.95429108986));
#383 = CARTESIAN_POINT('',(28.769192019074,9.484455769287,
    -12.74783882291));
#384 = CARTESIAN_POINT('',(30.000000000004,9.873576911289,7.));
#385 = CARTESIAN_POINT('',(14.878627137192,-27.38242609971,-76.));
#386 = CARTESIAN_POINT('',(20.456581044264,-15.12577086188,
    -60.56609949556));
#387 = CARTESIAN_POINT('',(14.444998841191,-8.880757269646,
    -42.36281686344));
#388 = CARTESIAN_POINT('',(25.723713559232,0.527646585869,
    -25.95429108986));
#389 = CARTESIAN_POINT('',(22.528741110033,19.073203723689,
    -12.74783882291));
#390 = CARTESIAN_POINT('',(23.492569164001,19.747157467127,7.));
#391 = CARTESIAN_POINT('',(6.63587614289,-22.85693882126,-76.));
#392 = CARTESIAN_POINT('',(9.123646749275,-8.826031153147,
    -60.56609949556));
#393 = CARTESIAN_POINT('',(6.442477677037,-4.365506604458,
    -42.36281686344));
#394 = CARTESIAN_POINT('',(11.472790838629,8.186702000639,
    -25.95429108986));
#395 = CARTESIAN_POINT('',(10.047831314101,26.235322021146,
    -12.74783882291));
#396 = CARTESIAN_POINT('',(10.477699172943,27.122025624609,7.));
#397 = CARTESIAN_POINT('',(-4.49560168009,-21.39788245634,-76.));
#398 = CARTESIAN_POINT('',(-6.180989634211,-6.794940410138,
    -60.56609949556));
#399 = CARTESIAN_POINT('',(-4.364580176906,-2.909750612558,
    -42.36281686344));
#400 = CARTESIAN_POINT('',(-7.772462393418,10.656047922045,
    -25.95429108986));
#401 = CARTESIAN_POINT('',(-6.807096209055,28.544451103577,
    -12.74783882291));
#402 = CARTESIAN_POINT('',(-7.098318442164,29.499747108174,7.));
#403 = CARTESIAN_POINT('',(-16.05073754757,-23.98881237636,-76.));
#404 = CARTESIAN_POINT('',(-22.06811222847,-10.40166452504,
    -60.56609949556));
#405 = CARTESIAN_POINT('',(-15.58294882544,-5.494819871234,
    -42.36281686344));
#406 = CARTESIAN_POINT('',(-27.75017958895,6.27108899616,-25.95429108986
    ));
#407 = CARTESIAN_POINT('',(-24.30351318741,24.443998391336,
    -12.74783882291));
#408 = CARTESIAN_POINT('',(-25.34326981209,25.277490942222,7.));
#409 = CARTESIAN_POINT('',(-24.87179233162,-30.51054918893,-76.));
#410 = CARTESIAN_POINT('',(-34.19615471539,-19.48029889978,
    -60.56609949556));
#411 = CARTESIAN_POINT('',(-24.14691947723,-12.00180457149,
    -42.36281686344));
#412 = CARTESIAN_POINT('',(-43.00093387213,-4.766472391532,
    -25.95429108986));
#413 = CARTESIAN_POINT('',(-37.66007207561,14.122579351813,
    -12.74783882291));
#414 = CARTESIAN_POINT('',(-39.27125104975,14.649475395817,7.));
#415 = CARTESIAN_POINT('',(-28.1927434388,-39.49999999981,-76.));
#416 = CARTESIAN_POINT('',(-38.76212070561,-31.99413370856,
    -60.56609949556));
#417 = CARTESIAN_POINT('',(-27.37108353795,-20.97092132161,
    -42.36281686344));
#418 = CARTESIAN_POINT('',(-48.74253854099,-19.980458793,-25.95429108986
    ));
#419 = CARTESIAN_POINT('',(-42.68854997622,-0.104288644992,
    -12.74783882291));
#420 = CARTESIAN_POINT('',(-44.51485806145,2.913297794736E-10,7.));
#421 = CARTESIAN_POINT('',(-24.87179233162,-48.4894508114,-76.));
#422 = CARTESIAN_POINT('',(-34.19615471541,-44.50796851866,
    -60.56609949556));
#423 = CARTESIAN_POINT('',(-24.14691947705,-29.94003807322,
    -42.36281686344));
#424 = CARTESIAN_POINT('',(-43.00093387246,-35.19444519352,
    -25.95429108986));
#425 = CARTESIAN_POINT('',(-37.66007207547,-14.33115664466,
    -12.74783882291));
#426 = CARTESIAN_POINT('',(-39.27125104976,-14.64947539635,7.));
#427 = CARTESIAN_POINT('',(-16.05073754757,-55.01118762338,-76.));
#428 = CARTESIAN_POINT('',(-22.06811222844,-53.58660289229,
    -60.56609949556));
#429 = CARTESIAN_POINT('',(-15.58294882572,-36.44702277223,
    -42.36281686344));
#430 = CARTESIAN_POINT('',(-27.75017958847,-46.23200658198,
    -25.95429108986));
#431 = CARTESIAN_POINT('',(-24.30351318761,-24.65257568179,
    -12.74783882291));
#432 = CARTESIAN_POINT('',(-25.34326981208,-25.27749094181,7.));
#433 = CARTESIAN_POINT('',(-4.495601680088,-57.60211754381,-76.));
#434 = CARTESIAN_POINT('',(-6.180989634247,-57.19332700798,
    -60.56609949556));
#435 = CARTESIAN_POINT('',(-4.364580176666,-39.03209203177,
    -42.36281686344));
#436 = CARTESIAN_POINT('',(-7.772462393832,-50.61696550737,
    -25.95429108986));
#437 = CARTESIAN_POINT('',(-6.807096208891,-28.75302839569,
    -12.74783882291));
#438 = CARTESIAN_POINT('',(-7.098318442175,-29.49974710843,7.));
#439 = CARTESIAN_POINT('',(6.635876142889,-56.14306117865,-76.));
#440 = CARTESIAN_POINT('',(9.123646749297,-55.16223626452,
    -60.56609949556));
#441 = CARTESIAN_POINT('',(6.442477676893,-37.57633603939,
    -42.36281686344));
#442 = CARTESIAN_POINT('',(11.472790838871,-48.14761958621,
    -25.95429108986));
#443 = CARTESIAN_POINT('',(10.047831314009,-26.44389931232,
    -12.74783882291));
#444 = CARTESIAN_POINT('',(10.47769917295,-27.12202562447,7.));
#445 = CARTESIAN_POINT('',(14.878627137192,-51.61757390031,-76.));
#446 = CARTESIAN_POINT('',(20.456581044254,-48.86249655599,
    -60.56609949556));
#447 = CARTESIAN_POINT('',(14.444998841251,-33.06108537441,
    -42.36281686344));
#448 = CARTESIAN_POINT('',(25.723713559135,-40.48856417135,
    -25.95429108986));
#449 = CARTESIAN_POINT('',(22.528741110068,-19.28178101528,
    -12.74783882291));
#450 = CARTESIAN_POINT('',(23.492569163999,-19.74715746717,7.));
#451 = CARTESIAN_POINT('',(19.000000000005,-45.55878583192,-76.));
#452 = CARTESIAN_POINT('',(26.123044569634,-40.4283135758,
    -60.56609949556));
#453 = CARTESIAN_POINT('',(18.446256865828,-27.01600223248,
    -42.36281686344));
#454 = CARTESIAN_POINT('',(32.849170364819,-30.23450958955,
    -25.95429108986));
#455 = CARTESIAN_POINT('',(28.769192019067,-9.69303306075,
    -12.74783882291));
#456 = CARTESIAN_POINT('',(30.000000000005,-9.873576911278,7.));
#457 = CARTESIAN_POINT('',(19.,-39.5,-76.));
#458 = CARTESIAN_POINT('',(26.123044569638,-31.99413370891,
    -60.56609949556));
#459 = CARTESIAN_POINT('',(18.446256865827,-20.970921322,-42.36281686344
    ));
#460 = CARTESIAN_POINT('',(32.849170364805,-19.98045879275,
    -25.95429108986));
#461 = CARTESIAN_POINT('',(28.769192019074,-0.104288645744,
    -12.74783882291));
#462 = CARTESIAN_POINT('',(30.,2.606519132579E-15,7.));
#463 = DEFINITIONAL_REPRESENTATION('',(#464),#607);
#464 = B_SPLINE_CURVE_WITH_KNOTS('',8,(#465,#466,#467,#468,#469,#470,
    #471,#472,#473,#474,#475,#476,#477,#478,#479,#480,#481,#482,#483,
    #484,#485,#486,#487,#488,#489,#490,#491,#492,#493,#494,#495,#496,
    #497,#498,#499,#500,#501,#502,#503,#504,#505,#506,#507,#508,#509,
    #510,#511,#512,#513,#514,#515,#516,#517,#518,#519,#520,#521,#522,
    #523,#524,#525,#526,#527,#528,#529,#530,#531,#532,#533,#534,#535,
    #536,#537,#538,#539,#540,#541,#542,#543,#544,#545,#546,#547,#548,
    #549,#550,#551,#552,#553,#554,#555,#556,#557,#558,#559,#560,#561,
    #562,#563,#564,#565,#566,#567,#568,#569,#570,#571,#572,#573,#574,
    #575,#576,#577,#578,#579,#580,#581,#582,#583,#584,#585,#586,#587,
    #588,#589,#590,#591,#592,#593,#594,#595,#596,#597,#598,#599,#600,
    #601,#602,#603,#604,#605,#606),.UNSPECIFIED.,.F.,.F.,(9,7,7,7,7,7,7,
    7,7,7,7,7,7,7,7,7,7,7,7,7,9),(0.,0.116785544436,0.304234621299,
    0.351170340321,0.41597852685,0.45320997871,0.483303552135,
    0.503515112968,0.516448261921,0.530504726607,0.538487969182,
    0.552073440762,0.580370027342,0.625674129859,0.677229538826,
    0.718204627461,0.751717155439,0.805333250176,0.868217831743,
    0.979055154167,1.),.UNSPECIFIED.);
#465 = CARTESIAN_POINT('',(0.609142866528,0.711638308331));
#466 = CARTESIAN_POINT('',(0.608276620899,0.697220318508));
#467 = CARTESIAN_POINT('',(0.607305787639,0.682712810101));
#468 = CARTESIAN_POINT('',(0.606225257995,0.668116512772));
#469 = CARTESIAN_POINT('',(0.605030967629,0.653434690659));
#470 = CARTESIAN_POINT('',(0.603719979968,0.638673125052));
#471 = CARTESIAN_POINT('',(0.602290699087,0.623840025319));
#472 = CARTESIAN_POINT('',(0.600743103819,0.608945817522));
#473 = CARTESIAN_POINT('',(0.596407721366,0.570018093862));
#474 = CARTESIAN_POINT('',(0.593435898465,0.545905632879));
#475 = CARTESIAN_POINT('',(0.590170291094,0.521714942187));
#476 = CARTESIAN_POINT('',(0.586627352787,0.497494035418));
#477 = CARTESIAN_POINT('',(0.58283397161,0.473285926805));
#478 = CARTESIAN_POINT('',(0.578824202653,0.44912389097));
#479 = CARTESIAN_POINT('',(0.574636707468,0.425029840704));
#480 = CARTESIAN_POINT('',(0.569201109063,0.3949928051));
#481 = CARTESIAN_POINT('',(0.568102595759,0.388982238137));
#482 = CARTESIAN_POINT('',(0.566994322356,0.382976086597));
#483 = CARTESIAN_POINT('',(0.565876494311,0.376974341725));
#484 = CARTESIAN_POINT('',(0.564749210207,0.37097693174));
#485 = CARTESIAN_POINT('',(0.563612420266,0.364983712613));
#486 = CARTESIAN_POINT('',(0.562465884848,0.358994458833));
#487 = CARTESIAN_POINT('',(0.559711906079,0.344744014709));
#488 = CARTESIAN_POINT('',(0.558095215586,0.336486226485));
#489 = CARTESIAN_POINT('',(0.556457761528,0.328234557025));
#490 = CARTESIAN_POINT('',(0.554797400341,0.319987821517));
#491 = CARTESIAN_POINT('',(0.553110659593,0.311744476979));
#492 = CARTESIAN_POINT('',(0.551392404835,0.303502549738));
#493 = CARTESIAN_POINT('',(0.549634955239,0.295259437758));
#494 = CARTESIAN_POINT('',(0.546786691941,0.282273056795));
#495 = CARTESIAN_POINT('',(0.545730451961,0.277533204704));
#496 = CARTESIAN_POINT('',(0.544654852015,0.272791077076));
#497 = CARTESIAN_POINT('',(0.543557043516,0.268045875969));
#498 = CARTESIAN_POINT('',(0.542433498474,0.263296761476));
#499 = CARTESIAN_POINT('',(0.541279850194,0.258542819563));
#500 = CARTESIAN_POINT('',(0.540090501131,0.253782983968));
#501 = CARTESIAN_POINT('',(0.537861284666,0.245162668817));
#502 = CARTESIAN_POINT('',(0.536836642079,0.241305347889));
#503 = CARTESIAN_POINT('',(0.535779549913,0.237442621827));
#504 = CARTESIAN_POINT('',(0.534685083385,0.233573613134));
#505 = CARTESIAN_POINT('',(0.533546996692,0.229697769856));
#506 = CARTESIAN_POINT('',(0.532357571941,0.225814841295));
#507 = CARTESIAN_POINT('',(0.531106594737,0.221924741145));
#508 = CARTESIAN_POINT('',(0.528885842528,0.215409416598));
#509 = CARTESIAN_POINT('',(0.527959275888,0.212790250131));
#510 = CARTESIAN_POINT('',(0.526993111742,0.21016795429));
#511 = CARTESIAN_POINT('',(0.525981175964,0.207542326254));
#512 = CARTESIAN_POINT('',(0.524916404096,0.204914609346));
#513 = CARTESIAN_POINT('',(0.523789285313,0.202287602713));
#514 = CARTESIAN_POINT('',(0.52258816474,0.199665609432));
#515 = CARTESIAN_POINT('',(0.520462657456,0.195384004918));
#516 = CARTESIAN_POINT('',(0.519596598376,0.193722332649));
#517 = CARTESIAN_POINT('',(0.518686867217,0.192067479761));
#518 = CARTESIAN_POINT('',(0.517726434092,0.190421631501));
#519 = CARTESIAN_POINT('',(0.516708262023,0.188791241428));
#520 = CARTESIAN_POINT('',(0.515624415334,0.187187617937));
#521 = CARTESIAN_POINT('',(0.514466397495,0.185626637148));
#522 = CARTESIAN_POINT('',(0.511866973674,0.182505057591));
#523 = CARTESIAN_POINT('',(0.510367093004,0.180905127325));
#524 = CARTESIAN_POINT('',(0.508748922324,0.17943614771));
#525 = CARTESIAN_POINT('',(0.507045275533,0.178194501628));
#526 = CARTESIAN_POINT('',(0.50529588878,0.177252687452));
#527 = CARTESIAN_POINT('',(0.503550263912,0.176647686904));
#528 = CARTESIAN_POINT('',(0.501868725598,0.176359579225));
#529 = CARTESIAN_POINT('',(0.499447737965,0.176290339553));
#530 = CARTESIAN_POINT('',(0.49860283039,0.176343805176));
#531 = CARTESIAN_POINT('',(0.497789854117,0.176465431251));
#532 = CARTESIAN_POINT('',(0.497008187749,0.17664602159));
#533 = CARTESIAN_POINT('',(0.496256681929,0.176877569042));
#534 = CARTESIAN_POINT('',(0.495533659338,0.177153255487));
#535 = CARTESIAN_POINT('',(0.494836914702,0.177467451848));
#536 = CARTESIAN_POINT('',(0.493018097791,0.178408379633));
#537 = CARTESIAN_POINT('',(0.491942229064,0.179097731733));
#538 = CARTESIAN_POINT('',(0.49092677941,0.179865089264));
#539 = CARTESIAN_POINT('',(0.489963642375,0.180695104527));
#540 = CARTESIAN_POINT('',(0.489045934235,0.181575767229));
#541 = CARTESIAN_POINT('',(0.488167994002,0.182498404487));
#542 = CARTESIAN_POINT('',(0.487325383424,0.18345768083));
#543 = CARTESIAN_POINT('',(0.48482673927,0.186521785349));
#544 = CARTESIAN_POINT('',(0.483279623694,0.188732846595));
#545 = CARTESIAN_POINT('',(0.481838361654,0.191044592045));
#546 = CARTESIAN_POINT('',(0.480485913862,0.193435816087));
#547 = CARTESIAN_POINT('',(0.479207761282,0.19588967009));
#548 = CARTESIAN_POINT('',(0.47799390841,0.19839564622));
#549 = CARTESIAN_POINT('',(0.47683543024,0.200946202281));
#550 = CARTESIAN_POINT('',(0.47394693377,0.207685706968));
#551 = CARTESIAN_POINT('',(0.472294207496,0.211932535015));
#552 = CARTESIAN_POINT('',(0.470738569393,0.216253329995));
#553 = CARTESIAN_POINT('',(0.469263298424,0.220633259572));
#554 = CARTESIAN_POINT('',(0.46785513556,0.225060940011));
#555 = CARTESIAN_POINT('',(0.466504200729,0.229528395685));
#556 = CARTESIAN_POINT('',(0.465202239883,0.23402969318));
#557 = CARTESIAN_POINT('',(0.462508876096,0.243717228631));
#558 = CARTESIAN_POINT('',(0.461130228579,0.248911144271));
#559 = CARTESIAN_POINT('',(0.459796785237,0.254135538267));
#560 = CARTESIAN_POINT('',(0.458501350563,0.259385204366));
#561 = CARTESIAN_POINT('',(0.457238267642,0.264656086617));
#562 = CARTESIAN_POINT('',(0.456002961878,0.269944969499));
#563 = CARTESIAN_POINT('',(0.454791740446,0.275249345392));
#564 = CARTESIAN_POINT('',(0.452655610778,0.284793801931));
#565 = CARTESIAN_POINT('',(0.451722970776,0.289028825582));
#566 = CARTESIAN_POINT('',(0.45080211934,0.293271286228));
#567 = CARTESIAN_POINT('',(0.449891802313,0.297520313418));
#568 = CARTESIAN_POINT('',(0.448990984217,0.30177517799));
#569 = CARTESIAN_POINT('',(0.448098811778,0.306035269096));
#570 = CARTESIAN_POINT('',(0.447214577456,0.310300071209));
#571 = CARTESIAN_POINT('',(0.445620492298,0.318060709573));
#572 = CARTESIAN_POINT('',(0.44490821347,0.321555130035));
#573 = CARTESIAN_POINT('',(0.444200524819,0.325052160721));
#574 = CARTESIAN_POINT('',(0.443497158001,0.328551591817));
#575 = CARTESIAN_POINT('',(0.442797891774,0.332053241819));
#576 = CARTESIAN_POINT('',(0.442102545774,0.33555695384));
#577 = CARTESIAN_POINT('',(0.441410974299,0.339062591919));
#578 = CARTESIAN_POINT('',(0.43962247843,0.348181536564));
#579 = CARTESIAN_POINT('',(0.438531256843,0.353797659409));
#580 = CARTESIAN_POINT('',(0.437448926013,0.359417925323));
#581 = CARTESIAN_POINT('',(0.436375200299,0.365041960744));
#582 = CARTESIAN_POINT('',(0.435309946429,0.37066948197));
#583 = CARTESIAN_POINT('',(0.434253152201,0.376300278036));
#584 = CARTESIAN_POINT('',(0.433204895182,0.381934193595));
#585 = CARTESIAN_POINT('',(0.430946017254,0.394182470659));
#586 = CARTESIAN_POINT('',(0.429738654472,0.400797961125));
#587 = CARTESIAN_POINT('',(0.4285434598,0.407417403451));
#588 = CARTESIAN_POINT('',(0.427360786307,0.414040696121));
#589 = CARTESIAN_POINT('',(0.426191075455,0.420667803034));
#590 = CARTESIAN_POINT('',(0.425034829157,0.427298740688));
#591 = CARTESIAN_POINT('',(0.423892581841,0.433933565358));
#592 = CARTESIAN_POINT('',(0.420777226583,0.452273579177));
#593 = CARTESIAN_POINT('',(0.418834745855,0.46398714951));
#594 = CARTESIAN_POINT('',(0.416940426195,0.475713543767));
#595 = CARTESIAN_POINT('',(0.415097378164,0.487453571552));
#596 = CARTESIAN_POINT('',(0.413308599028,0.499208302729));
#597 = CARTESIAN_POINT('',(0.411576827153,0.510979031735));
#598 = CARTESIAN_POINT('',(0.409904478763,0.522767283034));
#599 = CARTESIAN_POINT('',(0.407989273192,0.536806126282));
#600 = CARTESIAN_POINT('',(0.407687076658,0.539038085047));
#601 = CARTESIAN_POINT('',(0.407387091678,0.541270746189));
#602 = CARTESIAN_POINT('',(0.407089332042,0.54350412222));
#603 = CARTESIAN_POINT('',(0.406793811126,0.545738226001));
#604 = CARTESIAN_POINT('',(0.406500541886,0.547973070745));
#605 = CARTESIAN_POINT('',(0.406209536862,0.550208670016));
#606 = CARTESIAN_POINT('',(0.405920808177,0.552445037727));
#607 = ( GEOMETRIC_REPRESENTATION_CONTEXT(2) 
PARAMETRIC_REPRESENTATION_CONTEXT() REPRESENTATION_CONTEXT('2D SPACE',''
  ) );
#608 = ORIENTED_EDGE('',*,*,#609,.T.);
#609 = EDGE_CURVE('',#79,#46,#610,.T.);
#610 = SURFACE_CURVE('',#611,(#615,#622),.PCURVE_S1.);
#611 = LINE('',#612,#613);
#612 = CARTESIAN_POINT('',(-22.35,-6.,-69.));
#613 = VECTOR('',#614,1.);
#614 = DIRECTION('',(0.,0.,1.));
#615 = PCURVE('',#54,#616);
#616 = DEFINITIONAL_REPRESENTATION('',(#617),#621);
#617 = LINE('',#618,#619);
#618 = CARTESIAN_POINT('',(0.,-36.));
#619 = VECTOR('',#620,1.);
#620 = DIRECTION('',(1.,0.));
#621 = ( GEOMETRIC_REPRESENTATION_CONTEXT(2) 
PARAMETRIC_REPRESENTATION_CONTEXT() REPRESENTATION_CONTEXT('2D SPACE',''
  ) );
#622 = PCURVE('',#623,#628);
#623 = PLANE('',#624);
#624 = AXIS2_PLACEMENT_3D('',#625,#626,#627);
#625 = CARTESIAN_POINT('',(-22.35,-6.,-69.));
#626 = DIRECTION('',(0.,1.,0.));
#627 = DIRECTION('',(0.,0.,1.));
#628 = DEFINITIONAL_REPRESENTATION('',(#629),#633);
#629 = LINE('',#630,#631);
#630 = CARTESIAN_POINT('',(0.,0.));
#631 = VECTOR('',#632,1.);
#632 = DIRECTION('',(1.,0.));
#633 = ( GEOMETRIC_REPRESENTATION_CONTEXT(2) 
PARAMETRIC_REPRESENTATION_CONTEXT() REPRESENTATION_CONTEXT('2D SPACE',''
  ) );
#634 = ADVANCED_FACE('',(#635),#66,.T.);
#635 = FACE_BOUND('',#636,.T.);
#636 = EDGE_LOOP('',(#637,#638,#679,#707));
#637 = ORIENTED_EDGE('',*,*,#43,.F.);
#638 = ORIENTED_EDGE('',*,*,#639,.F.);
#639 = EDGE_CURVE('',#640,#44,#642,.T.);
#640 = VERTEX_POINT('',#641);
#641 = CARTESIAN_POINT('',(-9.65,-29.12561143756,-18.));
#642 = SURFACE_CURVE('',#643,(#653,#666),.PCURVE_S1.);
#643 = B_SPLINE_CURVE_WITH_KNOTS('',8,(#644,#645,#646,#647,#648,#649,
    #650,#651,#652),.UNSPECIFIED.,.F.,.F.,(9,9),(0.,1.),
  .PIECEWISE_BEZIER_KNOTS.);
#644 = CARTESIAN_POINT('',(-9.65,-29.12561143756,-18.));
#645 = CARTESIAN_POINT('',(-11.39171681073,-28.67896985731,-18.));
#646 = CARTESIAN_POINT('',(-13.1070624119,-28.13537963226,-18.));
#647 = CARTESIAN_POINT('',(-14.79075524549,-27.49228346778,-18.));
#648 = CARTESIAN_POINT('',(-16.43447738791,-26.74630043355,-18.));
#649 = CARTESIAN_POINT('',(-18.02722756696,-25.89396261491,-18.));
#650 = CARTESIAN_POINT('',(-19.55533502678,-24.93186080099,-18.));
#651 = CARTESIAN_POINT('',(-21.00267447833,-23.85707042561,-18.));
#652 = CARTESIAN_POINT('',(-22.35,-22.66608152456,-18.));
#653 = PCURVE('',#66,#654);
#654 = DEFINITIONAL_REPRESENTATION('',(#655),#665);
#655 = B_SPLINE_CURVE_WITH_KNOTS('',8,(#656,#657,#658,#659,#660,#661,
    #662,#663,#664),.UNSPECIFIED.,.F.,.F.,(9,9),(0.,1.),
  .PIECEWISE_BEZIER_KNOTS.);
#656 = CARTESIAN_POINT('',(12.7,12.874388562431));
#657 = CARTESIAN_POINT('',(10.958283189269,13.321030142687));
#658 = CARTESIAN_POINT('',(9.242937588099,13.864620367737));
#659 = CARTESIAN_POINT('',(7.55924475451,14.507716532218));
#660 = CARTESIAN_POINT('',(5.915522612081,15.253699566449));
#661 = CARTESIAN_POINT('',(4.322772433035,16.106037385089));
#662 = CARTESIAN_POINT('',(2.794664973214,17.068139199005));
#663 = CARTESIAN_POINT('',(1.34732552167,18.14292957439));
#664 = CARTESIAN_POINT('',(0.,19.333918475434));
#665 = ( GEOMETRIC_REPRESENTATION_CONTEXT(2) 
PARAMETRIC_REPRESENTATION_CONTEXT() REPRESENTATION_CONTEXT('2D SPACE',''
  ) );
#666 = PCURVE('',#372,#667);
#667 = DEFINITIONAL_REPRESENTATION('',(#668),#678);
#668 = B_SPLINE_CURVE_WITH_KNOTS('',8,(#669,#670,#671,#672,#673,#674,
    #675,#676,#677),.UNSPECIFIED.,.F.,.F.,(9,9),(0.,1.),
  .PIECEWISE_BEZIER_KNOTS.);
#669 = CARTESIAN_POINT('',(0.695773735885,0.711638308331));
#670 = CARTESIAN_POINT('',(0.685589330905,0.711638308331));
#671 = CARTESIAN_POINT('',(0.675295057252,0.711638308331));
#672 = CARTESIAN_POINT('',(0.664848330459,0.711638308331));
#673 = CARTESIAN_POINT('',(0.654214295399,0.711638308331));
#674 = CARTESIAN_POINT('',(0.643361545606,0.711638308331));
#675 = CARTESIAN_POINT('',(0.632257837505,0.711638308331));
#676 = CARTESIAN_POINT('',(0.620868437414,0.711638308331));
#677 = CARTESIAN_POINT('',(0.609142866528,0.711638308331));
#678 = ( GEOMETRIC_REPRESENTATION_CONTEXT(2) 
PARAMETRIC_REPRESENTATION_CONTEXT() REPRESENTATION_CONTEXT('2D SPACE',''
  ) );
#679 = ORIENTED_EDGE('',*,*,#680,.T.);
#680 = EDGE_CURVE('',#640,#681,#683,.T.);
#681 = VERTEX_POINT('',#682);
#682 = CARTESIAN_POINT('',(-9.65,-6.,-18.));
#683 = SURFACE_CURVE('',#684,(#688,#695),.PCURVE_S1.);
#684 = LINE('',#685,#686);
#685 = CARTESIAN_POINT('',(-9.65,-42.,-18.));
#686 = VECTOR('',#687,1.);
#687 = DIRECTION('',(0.,1.,0.));
#688 = PCURVE('',#66,#689);
#689 = DEFINITIONAL_REPRESENTATION('',(#690),#694);
#690 = LINE('',#691,#692);
#691 = CARTESIAN_POINT('',(12.7,0.));
#692 = VECTOR('',#693,1.);
#693 = DIRECTION('',(0.,1.));
#694 = ( GEOMETRIC_REPRESENTATION_CONTEXT(2) 
PARAMETRIC_REPRESENTATION_CONTEXT() REPRESENTATION_CONTEXT('2D SPACE',''
  ) );
#695 = PCURVE('',#696,#701);
#696 = PLANE('',#697);
#697 = AXIS2_PLACEMENT_3D('',#698,#699,#700);
#698 = CARTESIAN_POINT('',(-9.65,-42.,-69.));
#699 = DIRECTION('',(1.,0.,0.));
#700 = DIRECTION('',(0.,0.,1.));
#701 = DEFINITIONAL_REPRESENTATION('',(#702),#706);
#702 = LINE('',#703,#704);
#703 = CARTESIAN_POINT('',(51.,0.));
#704 = VECTOR('',#705,1.);
#705 = DIRECTION('',(0.,-1.));
#706 = ( GEOMETRIC_REPRESENTATION_CONTEXT(2) 
PARAMETRIC_REPRESENTATION_CONTEXT() REPRESENTATION_CONTEXT('2D SPACE',''
  ) );
#707 = ORIENTED_EDGE('',*,*,#708,.F.);
#708 = EDGE_CURVE('',#46,#681,#709,.T.);
#709 = SURFACE_CURVE('',#710,(#714,#721),.PCURVE_S1.);
#710 = LINE('',#711,#712);
#711 = CARTESIAN_POINT('',(-22.35,-6.,-18.));
#712 = VECTOR('',#713,1.);
#713 = DIRECTION('',(1.,0.,0.));
#714 = PCURVE('',#66,#715);
#715 = DEFINITIONAL_REPRESENTATION('',(#716),#720);
#716 = LINE('',#717,#718);
#717 = CARTESIAN_POINT('',(0.,36.));
#718 = VECTOR('',#719,1.);
#719 = DIRECTION('',(1.,0.));
#720 = ( GEOMETRIC_REPRESENTATION_CONTEXT(2) 
PARAMETRIC_REPRESENTATION_CONTEXT() REPRESENTATION_CONTEXT('2D SPACE',''
  ) );
#721 = PCURVE('',#623,#722);
#722 = DEFINITIONAL_REPRESENTATION('',(#723),#727);
#723 = LINE('',#724,#725);
#724 = CARTESIAN_POINT('',(51.,0.));
#725 = VECTOR('',#726,1.);
#726 = DIRECTION('',(0.,1.));
#727 = ( GEOMETRIC_REPRESENTATION_CONTEXT(2) 
PARAMETRIC_REPRESENTATION_CONTEXT() REPRESENTATION_CONTEXT('2D SPACE',''
  ) );
#728 = ADVANCED_FACE('',(#729),#623,.T.);
#729 = FACE_BOUND('',#730,.T.);
#730 = EDGE_LOOP('',(#731,#754,#793,#794));
#731 = ORIENTED_EDGE('',*,*,#732,.F.);
#732 = EDGE_CURVE('',#733,#681,#735,.T.);
#733 = VERTEX_POINT('',#734);
#734 = CARTESIAN_POINT('',(-9.65,-6.,-41.65716172116));
#735 = SURFACE_CURVE('',#736,(#740,#747),.PCURVE_S1.);
#736 = LINE('',#737,#738);
#737 = CARTESIAN_POINT('',(-9.65,-6.,-69.));
#738 = VECTOR('',#739,1.);
#739 = DIRECTION('',(0.,0.,1.));
#740 = PCURVE('',#623,#741);
#741 = DEFINITIONAL_REPRESENTATION('',(#742),#746);
#742 = LINE('',#743,#744);
#743 = CARTESIAN_POINT('',(0.,12.7));
#744 = VECTOR('',#745,1.);
#745 = DIRECTION('',(1.,0.));
#746 = ( GEOMETRIC_REPRESENTATION_CONTEXT(2) 
PARAMETRIC_REPRESENTATION_CONTEXT() REPRESENTATION_CONTEXT('2D SPACE',''
  ) );
#747 = PCURVE('',#696,#748);
#748 = DEFINITIONAL_REPRESENTATION('',(#749),#753);
#749 = LINE('',#750,#751);
#750 = CARTESIAN_POINT('',(0.,-36.));
#751 = VECTOR('',#752,1.);
#752 = DIRECTION('',(1.,0.));
#753 = ( GEOMETRIC_REPRESENTATION_CONTEXT(2) 
PARAMETRIC_REPRESENTATION_CONTEXT() REPRESENTATION_CONTEXT('2D SPACE',''
  ) );
#754 = ORIENTED_EDGE('',*,*,#755,.F.);
#755 = EDGE_CURVE('',#79,#733,#756,.T.);
#756 = SURFACE_CURVE('',#757,(#767,#780),.PCURVE_S1.);
#757 = B_SPLINE_CURVE_WITH_KNOTS('',8,(#758,#759,#760,#761,#762,#763,
    #764,#765,#766),.UNSPECIFIED.,.F.,.F.,(9,9),(0.,1.),
  .PIECEWISE_BEZIER_KNOTS.);
#758 = CARTESIAN_POINT('',(-22.35,-6.,-30.72982469396));
#759 = CARTESIAN_POINT('',(-21.09300568342,-6.,-32.43132175751));
#760 = CARTESIAN_POINT('',(-19.73756032327,-6.,-34.05649819693));
#761 = CARTESIAN_POINT('',(-18.28761641609,-6.,-35.60374078863));
#762 = CARTESIAN_POINT('',(-16.74470883478,-6.,-37.06396628083));
#763 = CARTESIAN_POINT('',(-15.1092594218,-6.,-38.42199836085));
#764 = CARTESIAN_POINT('',(-13.38102049185,-6.,-39.65710308696));
#765 = CARTESIAN_POINT('',(-11.56046448597,-6.,-40.74458514725));
#766 = CARTESIAN_POINT('',(-9.65,-6.,-41.65716172116));
#767 = PCURVE('',#623,#768);
#768 = DEFINITIONAL_REPRESENTATION('',(#769),#779);
#769 = B_SPLINE_CURVE_WITH_KNOTS('',8,(#770,#771,#772,#773,#774,#775,
    #776,#777,#778),.UNSPECIFIED.,.F.,.F.,(9,9),(0.,1.),
  .PIECEWISE_BEZIER_KNOTS.);
#770 = CARTESIAN_POINT('',(38.270175306031,0.));
#771 = CARTESIAN_POINT('',(36.56867824249,1.256994316576));
#772 = CARTESIAN_POINT('',(34.943501803065,2.612439676727));
#773 = CARTESIAN_POINT('',(33.396259211361,4.062383583909));
#774 = CARTESIAN_POINT('',(31.936033719167,5.605291165215));
#775 = CARTESIAN_POINT('',(30.578001639148,7.240740578195));
#776 = CARTESIAN_POINT('',(29.34289691304,8.968979508144));
#777 = CARTESIAN_POINT('',(28.255414852743,10.789535514029));
#778 = CARTESIAN_POINT('',(27.342838278832,12.7));
#779 = ( GEOMETRIC_REPRESENTATION_CONTEXT(2) 
PARAMETRIC_REPRESENTATION_CONTEXT() REPRESENTATION_CONTEXT('2D SPACE',''
  ) );
#780 = PCURVE('',#372,#781);
#781 = DEFINITIONAL_REPRESENTATION('',(#782),#792);
#782 = B_SPLINE_CURVE_WITH_KNOTS('',8,(#783,#784,#785,#786,#787,#788,
    #789,#790,#791),.UNSPECIFIED.,.F.,.F.,(9,9),(0.,1.),
  .PIECEWISE_BEZIER_KNOTS.);
#783 = CARTESIAN_POINT('',(0.405920808177,0.552445037727));
#784 = CARTESIAN_POINT('',(0.395318398094,0.531268307162));
#785 = CARTESIAN_POINT('',(0.384523872281,0.511112490459));
#786 = CARTESIAN_POINT('',(0.373477461264,0.49200040266));
#787 = CARTESIAN_POINT('',(0.362133000623,0.474036762554));
#788 = CARTESIAN_POINT('',(0.350456086108,0.457394330305));
#789 = CARTESIAN_POINT('',(0.338421648058,0.442307699248));
#790 = CARTESIAN_POINT('',(0.326009329408,0.429058250268));
#791 = CARTESIAN_POINT('',(0.313202259196,0.417960332288));
#792 = ( GEOMETRIC_REPRESENTATION_CONTEXT(2) 
PARAMETRIC_REPRESENTATION_CONTEXT() REPRESENTATION_CONTEXT('2D SPACE',''
  ) );
#793 = ORIENTED_EDGE('',*,*,#609,.T.);
#794 = ORIENTED_EDGE('',*,*,#708,.T.);
#795 = ADVANCED_FACE('',(#796),#372,.T.);
#796 = FACE_BOUND('',#797,.T.);
#797 = EDGE_LOOP('',(#798,#799,#800,#801,#896,#1047,#1126));
#798 = ORIENTED_EDGE('',*,*,#639,.T.);
#799 = ORIENTED_EDGE('',*,*,#78,.T.);
#800 = ORIENTED_EDGE('',*,*,#755,.T.);
#801 = ORIENTED_EDGE('',*,*,#802,.F.);
#802 = EDGE_CURVE('',#803,#733,#805,.T.);
#803 = VERTEX_POINT('',#804);
#804 = CARTESIAN_POINT('',(-9.65,-22.48310535967,-69.));
#805 = SURFACE_CURVE('',#806,(#834,#865),.PCURVE_S1.);
#806 = B_SPLINE_CURVE_WITH_KNOTS('',6,(#807,#808,#809,#810,#811,#812,
    #813,#814,#815,#816,#817,#818,#819,#820,#821,#822,#823,#824,#825,
    #826,#827,#828,#829,#830,#831,#832,#833),.UNSPECIFIED.,.F.,.F.,(7,5,
    5,5,5,7),(0.,0.312823111828,0.442881484061,0.527504730613,
    0.648422688965,1.),.UNSPECIFIED.);
#807 = CARTESIAN_POINT('',(-9.65,-22.48310535967,-69.));
#808 = CARTESIAN_POINT('',(-9.65,-21.54232376651,-67.62639421569));
#809 = CARTESIAN_POINT('',(-9.65,-20.62981146028,-66.23352789561));
#810 = CARTESIAN_POINT('',(-9.65,-19.74079577889,-64.8255210056));
#811 = CARTESIAN_POINT('',(-9.65,-18.87046910262,-63.40606440269));
#812 = CARTESIAN_POINT('',(-9.65,-18.01419344396,-61.97829400939));
#813 = CARTESIAN_POINT('',(-9.65,-16.81568215093,-59.94867464361));
#814 = CARTESIAN_POINT('',(-9.65,-16.46540988267,-59.35165270783));
#815 = CARTESIAN_POINT('',(-9.65,-16.11651800713,-58.75382286947));
#816 = CARTESIAN_POINT('',(-9.65,-15.76871405672,-58.15536089158));
#817 = CARTESIAN_POINT('',(-9.65,-15.42172012079,-57.55643051894));
#818 = CARTESIAN_POINT('',(-9.65,-14.8498548839,-56.56727985848));
#819 = CARTESIAN_POINT('',(-9.65,-14.62466858883,-56.1772423609));
#820 = CARTESIAN_POINT('',(-9.65,-14.39964164259,-55.78711290796));
#821 = CARTESIAN_POINT('',(-9.65,-14.17470480923,-55.39693153714));
#822 = CARTESIAN_POINT('',(-9.65,-13.94979193465,-55.00673640068));
#823 = CARTESIAN_POINT('',(-9.65,-13.40340657907,-54.05904700331));
#824 = CARTESIAN_POINT('',(-9.65,-13.08189353779,-53.50157633814));
#825 = CARTESIAN_POINT('',(-9.65,-12.76011675401,-52.94425753629));
#826 = CARTESIAN_POINT('',(-9.65,-12.4379060666,-52.38718914589));
#827 = CARTESIAN_POINT('',(-9.65,-12.1151052221,-51.83046249704));
#828 = CARTESIAN_POINT('',(-9.65,-10.8508763333,-49.65667873749));
#829 = CARTESIAN_POINT('',(-9.65,-9.903983730224,-48.04278712589));
#830 = CARTESIAN_POINT('',(-9.65,-8.947409287522,-46.43457471265));
#831 = CARTESIAN_POINT('',(-9.65,-7.978684181633,-44.83361447653));
#832 = CARTESIAN_POINT('',(-9.65,-6.996365129922,-43.24095915607));
#833 = CARTESIAN_POINT('',(-9.65,-6.,-41.65716172116));
#834 = PCURVE('',#372,#835);
#835 = DEFINITIONAL_REPRESENTATION('',(#836),#864);
#836 = B_SPLINE_CURVE_WITH_KNOTS('',6,(#837,#838,#839,#840,#841,#842,
    #843,#844,#845,#846,#847,#848,#849,#850,#851,#852,#853,#854,#855,
    #856,#857,#858,#859,#860,#861,#862,#863),.UNSPECIFIED.,.F.,.F.,(7,5,
    5,5,5,7),(0.,0.312823111828,0.442881484061,0.527504730613,
    0.648422688965,1.),.UNSPECIFIED.);
#837 = CARTESIAN_POINT('',(0.325129331422,8.830527298961E-02));
#838 = CARTESIAN_POINT('',(0.324020779371,0.105255266855));
#839 = CARTESIAN_POINT('',(0.323124849811,0.122303422166));
#840 = CARTESIAN_POINT('',(0.322371715715,0.139421471076));
#841 = CARTESIAN_POINT('',(0.321716043965,0.156587730759));
#842 = CARTESIAN_POINT('',(0.321123082753,0.173786297034));
#843 = CARTESIAN_POINT('',(0.320337129267,0.198167100867));
#844 = CARTESIAN_POINT('',(0.320112853017,0.205330619496));
#845 = CARTESIAN_POINT('',(0.319893328743,0.212497084418));
#846 = CARTESIAN_POINT('',(0.319677021159,0.219665774529));
#847 = CARTESIAN_POINT('',(0.319462637752,0.226836054248));
#848 = CARTESIAN_POINT('',(0.319110207914,0.238673434677));
#849 = CARTESIAN_POINT('',(0.318971654202,0.243339932947));
#850 = CARTESIAN_POINT('',(0.318833175404,0.248006714419));
#851 = CARTESIAN_POINT('',(0.318694514866,0.252673635344));
#852 = CARTESIAN_POINT('',(0.31855545153,0.257340562132));
#853 = CARTESIAN_POINT('',(0.318216252086,0.268675764082));
#854 = CARTESIAN_POINT('',(0.318015498862,0.275343914122));
#855 = CARTESIAN_POINT('',(0.317813003837,0.282011462452));
#856 = CARTESIAN_POINT('',(0.317608351521,0.288678079433));
#857 = CARTESIAN_POINT('',(0.317401247347,0.295343464799));
#858 = CARTESIAN_POINT('',(0.316581714184,0.321383047099));
#859 = CARTESIAN_POINT('',(0.315949686827,0.340746145096));
#860 = CARTESIAN_POINT('',(0.315290924257,0.360089705897));
#861 = CARTESIAN_POINT('',(0.314608488498,0.379408695405));
#862 = CARTESIAN_POINT('',(0.313909455361,0.398699642795));
#863 = CARTESIAN_POINT('',(0.313202259196,0.417960332288));
#864 = ( GEOMETRIC_REPRESENTATION_CONTEXT(2) 
PARAMETRIC_REPRESENTATION_CONTEXT() REPRESENTATION_CONTEXT('2D SPACE',''
  ) );
#865 = PCURVE('',#696,#866);
#866 = DEFINITIONAL_REPRESENTATION('',(#867),#895);
#867 = B_SPLINE_CURVE_WITH_KNOTS('',6,(#868,#869,#870,#871,#872,#873,
    #874,#875,#876,#877,#878,#879,#880,#881,#882,#883,#884,#885,#886,
    #887,#888,#889,#890,#891,#892,#893,#894),.UNSPECIFIED.,.F.,.F.,(7,5,
    5,5,5,7),(0.,0.312823111828,0.442881484061,0.527504730613,
    0.648422688965,1.),.UNSPECIFIED.);
#868 = CARTESIAN_POINT('',(0.,-19.51689464032));
#869 = CARTESIAN_POINT('',(1.373605784305,-20.45767623348));
#870 = CARTESIAN_POINT('',(2.766472104385,-21.37018853971));
#871 = CARTESIAN_POINT('',(4.174478994396,-22.2592042211));
#872 = CARTESIAN_POINT('',(5.593935597303,-23.12953089737));
#873 = CARTESIAN_POINT('',(7.021705990603,-23.98580655603));
#874 = CARTESIAN_POINT('',(9.051325356388,-25.18431784906));
#875 = CARTESIAN_POINT('',(9.648347292168,-25.53459011733));
#876 = CARTESIAN_POINT('',(10.246177130528,-25.88348199286));
#877 = CARTESIAN_POINT('',(10.844639108417,-26.23128594327));
#878 = CARTESIAN_POINT('',(11.44356948106,-26.5782798792));
#879 = CARTESIAN_POINT('',(12.432720141517,-27.15014511609));
#880 = CARTESIAN_POINT('',(12.822757639098,-27.37533141116));
#881 = CARTESIAN_POINT('',(13.212887092033,-27.6003583574));
#882 = CARTESIAN_POINT('',(13.603068462859,-27.82529519076));
#883 = CARTESIAN_POINT('',(13.99326359932,-28.05020806534));
#884 = CARTESIAN_POINT('',(14.940952996687,-28.59659342093));
#885 = CARTESIAN_POINT('',(15.498423661854,-28.9181064622));
#886 = CARTESIAN_POINT('',(16.055742463704,-29.23988324598));
#887 = CARTESIAN_POINT('',(16.612810854105,-29.56209393339));
#888 = CARTESIAN_POINT('',(17.169537502956,-29.88489477789));
#889 = CARTESIAN_POINT('',(19.343321262507,-31.14912366669));
#890 = CARTESIAN_POINT('',(20.957212874103,-32.09601626977));
#891 = CARTESIAN_POINT('',(22.565425287347,-33.05259071247));
#892 = CARTESIAN_POINT('',(24.166385523465,-34.02131581836));
#893 = CARTESIAN_POINT('',(25.759040843927,-35.00363487007));
#894 = CARTESIAN_POINT('',(27.342838278832,-36.));
#895 = ( GEOMETRIC_REPRESENTATION_CONTEXT(2) 
PARAMETRIC_REPRESENTATION_CONTEXT() REPRESENTATION_CONTEXT('2D SPACE',''
  ) );
#896 = ORIENTED_EDGE('',*,*,#897,.F.);
#897 = EDGE_CURVE('',#898,#803,#900,.T.);
#898 = VERTEX_POINT('',#899);
#899 = CARTESIAN_POINT('',(-19.48683251259,-42.,-69.));
#900 = SURFACE_CURVE('',#901,(#946,#994),.PCURVE_S1.);
#901 = B_SPLINE_CURVE_WITH_KNOTS('',8,(#902,#903,#904,#905,#906,#907,
    #908,#909,#910,#911,#912,#913,#914,#915,#916,#917,#918,#919,#920,
    #921,#922,#923,#924,#925,#926,#927,#928,#929,#930,#931,#932,#933,
    #934,#935,#936,#937,#938,#939,#940,#941,#942,#943,#944,#945),
  .UNSPECIFIED.,.F.,.F.,(9,7,7,7,7,7,9),(0.,8.650876285205E-02,
    0.250473279627,0.391157313893,0.457674086405,0.584261195324,1.),
  .UNSPECIFIED.);
#902 = CARTESIAN_POINT('',(-19.48683251259,-42.,-69.));
#903 = CARTESIAN_POINT('',(-19.62804696947,-41.76598561698,-69.));
#904 = CARTESIAN_POINT('',(-19.76379594485,-41.528671887,-69.));
#905 = CARTESIAN_POINT('',(-19.89387793774,-41.28814163917,-69.));
#906 = CARTESIAN_POINT('',(-20.01808988825,-41.04449123276,-69.));
#907 = CARTESIAN_POINT('',(-20.13622951305,-40.79783168268,-69.));
#908 = CARTESIAN_POINT('',(-20.24809764089,-40.54828978502,-69.));
#909 = CARTESIAN_POINT('',(-20.35350054803,-40.29600924258,-69.));
#910 = CARTESIAN_POINT('',(-20.63942156699,-39.55810732628,-69.));
#911 = CARTESIAN_POINT('',(-20.8027411481,-39.06569446874,-69.));
#912 = CARTESIAN_POINT('',(-20.94087535593,-38.56513962911,-69.));
#913 = CARTESIAN_POINT('',(-21.05267868162,-38.05780051283,-69.));
#914 = CARTESIAN_POINT('',(-21.13721946655,-37.54517053845,-69.));
#915 = CARTESIAN_POINT('',(-21.19381991919,-37.02888580059,-69.));
#916 = CARTESIAN_POINT('',(-21.22211247095,-36.51073457703,-69.));
#917 = CARTESIAN_POINT('',(-21.22211247095,-35.54816160824,-69.));
#918 = CARTESIAN_POINT('',(-21.20128387907,-35.103608711,-69.));
#919 = CARTESIAN_POINT('',(-21.15961963417,-34.66022395624,-69.));
#920 = CARTESIAN_POINT('',(-21.09731563714,-34.21914228542,-69.));
#921 = CARTESIAN_POINT('',(-21.01474041909,-33.7814247136,-69.));
#922 = CARTESIAN_POINT('',(-20.91241126703,-33.34806182736,-69.));
#923 = CARTESIAN_POINT('',(-20.79097680738,-32.91997638001,-69.));
#924 = CARTESIAN_POINT('',(-20.5851210793,-32.29852228203,-69.));
#925 = CARTESIAN_POINT('',(-20.5149328887,-32.10037838952,-69.));
#926 = CARTESIAN_POINT('',(-20.44071961774,-31.90367727587,-69.));
#927 = CARTESIAN_POINT('',(-20.36256338974,-31.7084965287,-69.));
#928 = CARTESIAN_POINT('',(-20.28054960367,-31.51490763925,-69.));
#929 = CARTESIAN_POINT('',(-20.1947662291,-31.32297628747,-69.));
#930 = CARTESIAN_POINT('',(-20.10530310105,-31.13276262707,-69.));
#931 = CARTESIAN_POINT('',(-19.83516551444,-30.58570211833,-69.));
#932 = CARTESIAN_POINT('',(-19.64508416611,-30.23350633581,-69.));
#933 = CARTESIAN_POINT('',(-19.44263147052,-29.88810425386,-69.));
#934 = CARTESIAN_POINT('',(-19.22844364795,-29.5497930848,-69.));
#935 = CARTESIAN_POINT('',(-19.00315496349,-29.21880608557,-69.));
#936 = CARTESIAN_POINT('',(-18.76738593865,-28.89532013878,-69.));
#937 = CARTESIAN_POINT('',(-18.5217336494,-28.57946205162,-69.));
#938 = CARTESIAN_POINT('',(-17.42939028788,-27.25928887802,-69.));
#939 = CARTESIAN_POINT('',(-16.49300585718,-26.33221575547,-69.));
#940 = CARTESIAN_POINT('',(-15.47615561705,-25.48991789065,-69.));
#941 = CARTESIAN_POINT('',(-14.39469350167,-24.73136802453,-69.));
#942 = CARTESIAN_POINT('',(-13.26208901529,-24.05436963754,-69.));
#943 = CARTESIAN_POINT('',(-12.0890882801,-23.45606425786,-69.));
#944 = CARTESIAN_POINT('',(-10.88355512515,-22.93324598568,-69.));
#945 = CARTESIAN_POINT('',(-9.65,-22.48310535967,-69.));
#946 = PCURVE('',#372,#947);
#947 = DEFINITIONAL_REPRESENTATION('',(#948),#993);
#948 = B_SPLINE_CURVE_WITH_KNOTS('',8,(#949,#950,#951,#952,#953,#954,
    #955,#956,#957,#958,#959,#960,#961,#962,#963,#964,#965,#966,#967,
    #968,#969,#970,#971,#972,#973,#974,#975,#976,#977,#978,#979,#980,
    #981,#982,#983,#984,#985,#986,#987,#988,#989,#990,#991,#992),
  .UNSPECIFIED.,.F.,.F.,(9,7,7,7,7,7,9),(0.,8.650876285205E-02,
    0.250473279627,0.391157313893,0.457674086405,0.584261195324,1.),
  .UNSPECIFIED.);
#949 = CARTESIAN_POINT('',(0.564808244005,8.830527298961E-02));
#950 = CARTESIAN_POINT('',(0.56213419358,8.830527298961E-02));
#951 = CARTESIAN_POINT('',(0.559444587804,8.830527298961E-02));
#952 = CARTESIAN_POINT('',(0.556739674939,8.830527298961E-02));
#953 = CARTESIAN_POINT('',(0.554019778531,8.830527298961E-02));
#954 = CARTESIAN_POINT('',(0.551285306998,8.830527298961E-02));
#955 = CARTESIAN_POINT('',(0.548536763203,8.830527298961E-02));
#956 = CARTESIAN_POINT('',(0.545774754037,8.830527298961E-02));
#957 = CARTESIAN_POINT('',(0.537740865667,8.830527298961E-02));
#958 = CARTESIAN_POINT('',(0.532434739374,8.830527298961E-02));
#959 = CARTESIAN_POINT('',(0.527087936576,8.830527298961E-02));
#960 = CARTESIAN_POINT('',(0.521707086208,8.830527298961E-02));
#961 = CARTESIAN_POINT('',(0.516299310201,8.830527298961E-02));
#962 = CARTESIAN_POINT('',(0.510872516834,8.830527298961E-02));
#963 = CARTESIAN_POINT('',(0.50543580795,8.830527298961E-02));
#964 = CARTESIAN_POINT('',(0.495335994599,8.830527298961E-02));
#965 = CARTESIAN_POINT('',(0.490671516289,8.830527298961E-02));
#966 = CARTESIAN_POINT('',(0.486013189288,8.830527298961E-02));
#967 = CARTESIAN_POINT('',(0.481366818156,8.830527298961E-02));
#968 = CARTESIAN_POINT('',(0.476737617769,8.830527298961E-02));
#969 = CARTESIAN_POINT('',(0.472130401363,8.830527298961E-02));
#970 = CARTESIAN_POINT('',(0.467549726648,8.830527298961E-02));
#971 = CARTESIAN_POINT('',(0.460848845223,8.830527298961E-02));
#972 = CARTESIAN_POINT('',(0.458704474818,8.830527298961E-02));
#973 = CARTESIAN_POINT('',(0.456567281863,8.830527298961E-02));
#974 = CARTESIAN_POINT('',(0.454437617839,8.830527298961E-02));
#975 = CARTESIAN_POINT('',(0.452315795762,8.830527298961E-02));
#976 = CARTESIAN_POINT('',(0.450202093305,8.830527298961E-02));
#977 = CARTESIAN_POINT('',(0.448096755928,8.830527298961E-02));
#978 = CARTESIAN_POINT('',(0.442009694082,8.830527298961E-02));
#979 = CARTESIAN_POINT('',(0.438050509563,8.830527298961E-02));
#980 = CARTESIAN_POINT('',(0.43412384271,8.830527298961E-02));
#981 = CARTESIAN_POINT('',(0.430230652338,8.830527298961E-02));
#982 = CARTESIAN_POINT('',(0.426371534012,8.830527298961E-02));
#983 = CARTESIAN_POINT('',(0.422546770094,8.830527298961E-02));
#984 = CARTESIAN_POINT('',(0.418756355615,8.830527298961E-02));
#985 = CARTESIAN_POINT('',(0.402663334705,8.830527298961E-02));
#986 = CARTESIAN_POINT('',(0.390715915326,8.830527298961E-02));
#987 = CARTESIAN_POINT('',(0.379114026441,8.830527298961E-02));
#988 = CARTESIAN_POINT('',(0.367825769347,8.830527298961E-02));
#989 = CARTESIAN_POINT('',(0.356819687555,8.830527298961E-02));
#990 = CARTESIAN_POINT('',(0.346062875941,8.830527298961E-02));
#991 = CARTESIAN_POINT('',(0.335516309058,8.830527298961E-02));
#992 = CARTESIAN_POINT('',(0.325129331422,8.830527298961E-02));
#993 = ( GEOMETRIC_REPRESENTATION_CONTEXT(2) 
PARAMETRIC_REPRESENTATION_CONTEXT() REPRESENTATION_CONTEXT('2D SPACE',''
  ) );
#994 = PCURVE('',#995,#1000);
#995 = PLANE('',#996);
#996 = AXIS2_PLACEMENT_3D('',#997,#998,#999);
#997 = CARTESIAN_POINT('',(-22.35,-42.,-69.));
#998 = DIRECTION('',(0.,0.,1.));
#999 = DIRECTION('',(1.,0.,0.));
#1000 = DEFINITIONAL_REPRESENTATION('',(#1001),#1046);
#1001 = B_SPLINE_CURVE_WITH_KNOTS('',8,(#1002,#1003,#1004,#1005,#1006,
    #1007,#1008,#1009,#1010,#1011,#1012,#1013,#1014,#1015,#1016,#1017,
    #1018,#1019,#1020,#1021,#1022,#1023,#1024,#1025,#1026,#1027,#1028,
    #1029,#1030,#1031,#1032,#1033,#1034,#1035,#1036,#1037,#1038,#1039,
    #1040,#1041,#1042,#1043,#1044,#1045),.UNSPECIFIED.,.F.,.F.,(9,7,7,7,
    7,7,9),(0.,8.650876285205E-02,0.250473279627,0.391157313893,
    0.457674086405,0.584261195324,1.),.UNSPECIFIED.);
#1002 = CARTESIAN_POINT('',(2.863167487404,0.));
#1003 = CARTESIAN_POINT('',(2.721953030525,0.234014383015));
#1004 = CARTESIAN_POINT('',(2.586204055145,0.471328112997));
#1005 = CARTESIAN_POINT('',(2.456122062253,0.711858360821));
#1006 = CARTESIAN_POINT('',(2.331910111746,0.955508767231));
#1007 = CARTESIAN_POINT('',(2.213770486943,1.202168317313));
#1008 = CARTESIAN_POINT('',(2.101902359109,1.451710214974));
#1009 = CARTESIAN_POINT('',(1.996499451968,1.703990757412));
#1010 = CARTESIAN_POINT('',(1.71057843301,2.441892673719));
#1011 = CARTESIAN_POINT('',(1.547258851893,2.934305531253));
#1012 = CARTESIAN_POINT('',(1.409124644065,3.434860370884));
#1013 = CARTESIAN_POINT('',(1.297321318376,3.942199487162));
#1014 = CARTESIAN_POINT('',(1.212780533446,4.454829461546));
#1015 = CARTESIAN_POINT('',(1.156180080803,4.971114199404));
#1016 = CARTESIAN_POINT('',(1.127887529047,5.489265422964));
#1017 = CARTESIAN_POINT('',(1.127887529047,6.451838391755));
#1018 = CARTESIAN_POINT('',(1.148716120923,6.896391289));
#1019 = CARTESIAN_POINT('',(1.190380365829,7.339776043752));
#1020 = CARTESIAN_POINT('',(1.252684362853,7.780857714579));
#1021 = CARTESIAN_POINT('',(1.335259580908,8.218575286398));
#1022 = CARTESIAN_POINT('',(1.437588732966,8.65193817264));
#1023 = CARTESIAN_POINT('',(1.559023192611,9.08002361999));
#1024 = CARTESIAN_POINT('',(1.764878920695,9.701477717964));
#1025 = CARTESIAN_POINT('',(1.835067111298,9.899621610476));
#1026 = CARTESIAN_POINT('',(1.909280382252,10.09632272413));
#1027 = CARTESIAN_POINT('',(1.987436610258,10.291503471296));
#1028 = CARTESIAN_POINT('',(2.069450396327,10.485092360741));
#1029 = CARTESIAN_POINT('',(2.155233770897,10.677023712527));
#1030 = CARTESIAN_POINT('',(2.244696898949,10.867237372925));
#1031 = CARTESIAN_POINT('',(2.514834485551,11.414297881661));
#1032 = CARTESIAN_POINT('',(2.70491583389,11.766493664183));
#1033 = CARTESIAN_POINT('',(2.907368529475,12.111895746132));
#1034 = CARTESIAN_POINT('',(3.121556352041,12.450206915197));
#1035 = CARTESIAN_POINT('',(3.346845036503,12.781193914426));
#1036 = CARTESIAN_POINT('',(3.582614061345,13.104679861216));
#1037 = CARTESIAN_POINT('',(3.828266350596,13.420537948371));
#1038 = CARTESIAN_POINT('',(4.920609712119,14.740711121977));
#1039 = CARTESIAN_POINT('',(5.856994142812,15.667784244526));
#1040 = CARTESIAN_POINT('',(6.873844382949,16.510082109349));
#1041 = CARTESIAN_POINT('',(7.95530649833,17.268631975462));
#1042 = CARTESIAN_POINT('',(9.087910984706,17.945630362459));
#1043 = CARTESIAN_POINT('',(10.260911719896,18.543935742139));
#1044 = CARTESIAN_POINT('',(11.466444874847,19.066754014313));
#1045 = CARTESIAN_POINT('',(12.7,19.516894640328));
#1046 = ( GEOMETRIC_REPRESENTATION_CONTEXT(2) 
PARAMETRIC_REPRESENTATION_CONTEXT() REPRESENTATION_CONTEXT('2D SPACE',''
  ) );
#1047 = ORIENTED_EDGE('',*,*,#1048,.T.);
#1048 = EDGE_CURVE('',#898,#1049,#1051,.T.);
#1049 = VERTEX_POINT('',#1050);
#1050 = CARTESIAN_POINT('',(-9.65,-42.,-49.70055502509));
#1051 = SURFACE_CURVE('',#1052,(#1073,#1097),.PCURVE_S1.);
#1052 = B_SPLINE_CURVE_WITH_KNOTS('',7,(#1053,#1054,#1055,#1056,#1057,
    #1058,#1059,#1060,#1061,#1062,#1063,#1064,#1065,#1066,#1067,#1068,
    #1069,#1070,#1071,#1072),.UNSPECIFIED.,.F.,.F.,(8,6,6,8),(0.,
    0.47304362858,0.843782170428,1.),.UNSPECIFIED.);
#1053 = CARTESIAN_POINT('',(-19.48683251259,-42.,-69.));
#1054 = CARTESIAN_POINT('',(-19.37550873983,-42.,-67.50454822625));
#1055 = CARTESIAN_POINT('',(-19.14271363885,-42.,-66.02020860424));
#1056 = CARTESIAN_POINT('',(-18.8060168781,-42.,-64.55394162933));
#1057 = CARTESIAN_POINT('',(-18.37964775075,-42.,-63.11130560649));
#1058 = CARTESIAN_POINT('',(-17.87354494954,-42.,-61.69670308596));
#1059 = CARTESIAN_POINT('',(-17.29377315276,-42.,-60.31326400954));
#1060 = CARTESIAN_POINT('',(-16.12972698559,-42.,-57.9052884733));
#1061 = CARTESIAN_POINT('',(-15.57412706796,-42.,-56.86904649728));
#1062 = CARTESIAN_POINT('',(-14.97523920578,-42.,-55.85615207346));
#1063 = CARTESIAN_POINT('',(-14.33292178931,-42.,-54.86952882125));
#1064 = CARTESIAN_POINT('',(-13.64633402608,-42.,-53.91325629476));
#1065 = CARTESIAN_POINT('',(-12.91399936236,-42.,-52.99253929474));
#1066 = CARTESIAN_POINT('',(-11.80481077292,-42.,-51.74357444215));
#1067 = CARTESIAN_POINT('',(-11.46752189287,-42.,-51.3808439463));
#1068 = CARTESIAN_POINT('',(-11.12163320082,-42.,-51.02615668733));
#1069 = CARTESIAN_POINT('',(-10.76702417939,-42.,-50.68010043645));
#1070 = CARTESIAN_POINT('',(-10.40359367508,-42.,-50.34332965713));
#1071 = CARTESIAN_POINT('',(-10.03126649439,-42.,-50.01655870453));
#1072 = CARTESIAN_POINT('',(-9.65,-42.,-49.70055502509));
#1073 = PCURVE('',#372,#1074);
#1074 = DEFINITIONAL_REPRESENTATION('',(#1075),#1096);
#1075 = B_SPLINE_CURVE_WITH_KNOTS('',7,(#1076,#1077,#1078,#1079,#1080,
    #1081,#1082,#1083,#1084,#1085,#1086,#1087,#1088,#1089,#1090,#1091,
    #1092,#1093,#1094,#1095),.UNSPECIFIED.,.F.,.F.,(8,6,6,8),(0.,
    0.47304362858,0.843782170428,1.),.UNSPECIFIED.);
#1076 = CARTESIAN_POINT('',(0.564808244005,8.830527298961E-02));
#1077 = CARTESIAN_POINT('',(0.572397033298,0.106758819619));
#1078 = CARTESIAN_POINT('',(0.580024037588,0.124914479795));
#1079 = CARTESIAN_POINT('',(0.587692298086,0.142725688554));
#1080 = CARTESIAN_POINT('',(0.595399154947,0.16015909146));
#1081 = CARTESIAN_POINT('',(0.603146618952,0.17718926994));
#1082 = CARTESIAN_POINT('',(0.610946194395,0.193800582728));
#1083 = CARTESIAN_POINT('',(0.62501001039,0.2226645886));
#1084 = CARTESIAN_POINT('',(0.631234458469,0.235068499084));
#1085 = CARTESIAN_POINT('',(0.637516336539,0.247183456743));
#1086 = CARTESIAN_POINT('',(0.64386590267,0.258980925979));
#1087 = CARTESIAN_POINT('',(0.650293321871,0.270416965477));
#1088 = CARTESIAN_POINT('',(0.656811198767,0.28143260597));
#1089 = CARTESIAN_POINT('',(0.666229895263,0.29638477217));
#1090 = CARTESIAN_POINT('',(0.66904086117,0.300728471827));
#1091 = CARTESIAN_POINT('',(0.671871669433,0.30497721996));
#1092 = CARTESIAN_POINT('',(0.674723286409,0.309124046105));
#1093 = CARTESIAN_POINT('',(0.677596588641,0.31316112655));
#1094 = CARTESIAN_POINT('',(0.680492384537,0.317079865828));
#1095 = CARTESIAN_POINT('',(0.683411436062,0.320870978207));
#1096 = ( GEOMETRIC_REPRESENTATION_CONTEXT(2) 
PARAMETRIC_REPRESENTATION_CONTEXT() REPRESENTATION_CONTEXT('2D SPACE',''
  ) );
#1097 = PCURVE('',#1098,#1103);
#1098 = PLANE('',#1099);
#1099 = AXIS2_PLACEMENT_3D('',#1100,#1101,#1102);
#1100 = CARTESIAN_POINT('',(-22.35,-42.,-69.));
#1101 = DIRECTION('',(0.,1.,0.));
#1102 = DIRECTION('',(0.,0.,1.));
#1103 = DEFINITIONAL_REPRESENTATION('',(#1104),#1125);
#1104 = B_SPLINE_CURVE_WITH_KNOTS('',7,(#1105,#1106,#1107,#1108,#1109,
    #1110,#1111,#1112,#1113,#1114,#1115,#1116,#1117,#1118,#1119,#1120,
    #1121,#1122,#1123,#1124),.UNSPECIFIED.,.F.,.F.,(8,6,6,8),(0.,
    0.47304362858,0.843782170428,1.),.UNSPECIFIED.);
#1105 = CARTESIAN_POINT('',(0.,2.863167487404));
#1106 = CARTESIAN_POINT('',(1.495451773744,2.97449126017));
#1107 = CARTESIAN_POINT('',(2.97979139576,3.207286361149));
#1108 = CARTESIAN_POINT('',(4.446058370669,3.543983121895));
#1109 = CARTESIAN_POINT('',(5.888694393506,3.970352249249));
#1110 = CARTESIAN_POINT('',(7.303296914036,4.476455050453));
#1111 = CARTESIAN_POINT('',(8.686735990452,5.056226847231));
#1112 = CARTESIAN_POINT('',(11.0947115267,6.220273014405));
#1113 = CARTESIAN_POINT('',(12.130953502715,6.775872932033));
#1114 = CARTESIAN_POINT('',(13.143847926532,7.37476079422));
#1115 = CARTESIAN_POINT('',(14.130471178742,8.017078210689));
#1116 = CARTESIAN_POINT('',(15.086743705233,8.703665973917));
#1117 = CARTESIAN_POINT('',(16.007460705253,9.436000637638));
#1118 = CARTESIAN_POINT('',(17.256425557847,10.54518922708));
#1119 = CARTESIAN_POINT('',(17.619156053694,10.882478107121));
#1120 = CARTESIAN_POINT('',(17.973843312666,11.228366799174));
#1121 = CARTESIAN_POINT('',(18.319899563542,11.582975820602));
#1122 = CARTESIAN_POINT('',(18.656670342869,11.946406324913));
#1123 = CARTESIAN_POINT('',(18.983441295462,12.318733505602));
#1124 = CARTESIAN_POINT('',(19.299444974906,12.7));
#1125 = ( GEOMETRIC_REPRESENTATION_CONTEXT(2) 
PARAMETRIC_REPRESENTATION_CONTEXT() REPRESENTATION_CONTEXT('2D SPACE',''
  ) );
#1126 = ORIENTED_EDGE('',*,*,#1127,.T.);
#1127 = EDGE_CURVE('',#1049,#640,#1128,.T.);
#1128 = SURFACE_CURVE('',#1129,(#1162,#1198),.PCURVE_S1.);
#1129 = B_SPLINE_CURVE_WITH_KNOTS('',6,(#1130,#1131,#1132,#1133,#1134,
    #1135,#1136,#1137,#1138,#1139,#1140,#1141,#1142,#1143,#1144,#1145,
    #1146,#1147,#1148,#1149,#1150,#1151,#1152,#1153,#1154,#1155,#1156,
    #1157,#1158,#1159,#1160,#1161),.UNSPECIFIED.,.F.,.F.,(7,5,5,5,5,5,7)
  ,(0.,0.192117330425,0.256304577143,0.315114299324,0.442312536099,
    0.726192965894,1.),.UNSPECIFIED.);
#1130 = CARTESIAN_POINT('',(-9.65,-42.,-49.70055502509));
#1131 = CARTESIAN_POINT('',(-9.65,-41.60644952293,-48.67758803665));
#1132 = CARTESIAN_POINT('',(-9.65,-41.21590169732,-47.65346543631));
#1133 = CARTESIAN_POINT('',(-9.65,-40.82818560122,-46.62826805904));
#1134 = CARTESIAN_POINT('',(-9.65,-40.44287244025,-45.6021678296));
#1135 = CARTESIAN_POINT('',(-9.65,-40.05933068002,-44.5754070238));
#1136 = CARTESIAN_POINT('',(-9.65,-39.5489697044,-43.20510903965));
#1137 = CARTESIAN_POINT('',(-9.65,-39.42126907383,-42.86189932221));
#1138 = CARTESIAN_POINT('',(-9.65,-39.29365010118,-42.51865927955));
#1139 = CARTESIAN_POINT('',(-9.65,-39.16608212727,-42.17540033558));
#1140 = CARTESIAN_POINT('',(-9.65,-39.03853301947,-41.83213443612));
#1141 = CARTESIAN_POINT('',(-9.65,-38.79409245827,-41.17437157321));
#1142 = CARTESIAN_POINT('',(-9.65,-38.67720347044,-40.85987370365));
#1143 = CARTESIAN_POINT('',(-9.65,-38.56027637206,-40.54539002445));
#1144 = CARTESIAN_POINT('',(-9.65,-38.44328473528,-40.23093037107));
#1145 = CARTESIAN_POINT('',(-9.65,-38.32620154063,-39.91650483031));
#1146 = CARTESIAN_POINT('',(-9.65,-37.95550479812,-38.9221558907));
#1147 = CARTESIAN_POINT('',(-9.65,-37.70145325578,-38.24239626652));
#1148 = CARTESIAN_POINT('',(-9.65,-37.44656642133,-37.56294836913));
#1149 = CARTESIAN_POINT('',(-9.65,-37.19055837982,-36.88392123237));
#1150 = CARTESIAN_POINT('',(-9.65,-36.9331471026,-36.20542503177));
#1151 = CARTESIAN_POINT('',(-9.65,-36.09585039482,-34.01472562606));
#1152 = CARTESIAN_POINT('',(-9.65,-35.50931019551,-32.50504270506));
#1153 = CARTESIAN_POINT('',(-9.65,-34.91150270143,-30.99974321428));
#1154 = CARTESIAN_POINT('',(-9.65,-34.2998620454,-29.49998304951));
#1155 = CARTESIAN_POINT('',(-9.65,-33.67294256507,-28.00654904186));
#1156 = CARTESIAN_POINT('',(-9.65,-32.41156827397,-25.08557655141));
#1157 = CARTESIAN_POINT('',(-9.65,-31.77814897507,-23.65753105321));
#1158 = CARTESIAN_POINT('',(-9.65,-31.13071472974,-22.23578979721));
#1159 = CARTESIAN_POINT('',(-9.65,-30.47063944997,-20.81991175427));
#1160 = CARTESIAN_POINT('',(-9.65,-29.80080542063,-19.40866052937));
#1161 = CARTESIAN_POINT('',(-9.65,-29.12561143756,-18.));
#1162 = PCURVE('',#372,#1163);
#1163 = DEFINITIONAL_REPRESENTATION('',(#1164),#1197);
#1164 = B_SPLINE_CURVE_WITH_KNOTS('',6,(#1165,#1166,#1167,#1168,#1169,
    #1170,#1171,#1172,#1173,#1174,#1175,#1176,#1177,#1178,#1179,#1180,
    #1181,#1182,#1183,#1184,#1185,#1186,#1187,#1188,#1189,#1190,#1191,
    #1192,#1193,#1194,#1195,#1196),.UNSPECIFIED.,.F.,.F.,(7,5,5,5,5,5,7)
  ,(0.,0.192117330425,0.256304577143,0.315114299324,0.442312536099,
    0.726192965894,1.),.UNSPECIFIED.);
#1165 = CARTESIAN_POINT('',(0.683411436062,0.320870978207));
#1166 = CARTESIAN_POINT('',(0.683809911683,0.333143565727));
#1167 = CARTESIAN_POINT('',(0.684219245268,0.345446713045));
#1168 = CARTESIAN_POINT('',(0.684639987927,0.357783708491));
#1169 = CARTESIAN_POINT('',(0.685071624932,0.370156225606));
#1170 = CARTESIAN_POINT('',(0.685512829921,0.382564460617));
#1171 = CARTESIAN_POINT('',(0.686111694942,0.39916446732));
#1172 = CARTESIAN_POINT('',(0.686262528818,0.40332552476));
#1173 = CARTESIAN_POINT('',(0.686414149873,0.407490399561));
#1174 = CARTESIAN_POINT('',(0.686566481461,0.411659032789));
#1175 = CARTESIAN_POINT('',(0.686719441127,0.415831349243));
#1176 = CARTESIAN_POINT('',(0.687013580112,0.423833313465));
#1177 = CARTESIAN_POINT('',(0.687154673085,0.427662384702));
#1178 = CARTESIAN_POINT('',(0.687296151742,0.431494400821));
#1179 = CARTESIAN_POINT('',(0.68743794565,0.43532928064));
#1180 = CARTESIAN_POINT('',(0.687579981742,0.43916693213));
#1181 = CARTESIAN_POINT('',(0.688029751073,0.451313395535));
#1182 = CARTESIAN_POINT('',(0.6883380972,0.459632019472));
#1183 = CARTESIAN_POINT('',(0.688646460707,0.467962095003));
#1184 = CARTESIAN_POINT('',(0.68895403739,0.476302345633));
#1185 = CARTESIAN_POINT('',(0.689260010311,0.484651286803));
#1186 = CARTESIAN_POINT('',(0.690241083106,0.51165609841));
#1187 = CARTESIAN_POINT('',(0.690906621182,0.530340217597));
#1188 = CARTESIAN_POINT('',(0.691551275361,0.549040801947));
#1189 = CARTESIAN_POINT('',(0.692166500925,0.567734735393));
#1190 = CARTESIAN_POINT('',(0.692745594478,0.586397707124));
#1191 = CARTESIAN_POINT('',(0.693803077739,0.622956706013));
#1192 = CARTESIAN_POINT('',(0.694284330851,0.640857061632));
#1193 = CARTESIAN_POINT('',(0.694723436467,0.658688084063));
#1194 = CARTESIAN_POINT('',(0.695118067824,0.676433689886));
#1195 = CARTESIAN_POINT('',(0.695467783399,0.694084506024));
#1196 = CARTESIAN_POINT('',(0.695773735885,0.711638308331));
#1197 = ( GEOMETRIC_REPRESENTATION_CONTEXT(2) 
PARAMETRIC_REPRESENTATION_CONTEXT() REPRESENTATION_CONTEXT('2D SPACE',''
  ) );
#1198 = PCURVE('',#696,#1199);
#1199 = DEFINITIONAL_REPRESENTATION('',(#1200),#1233);
#1200 = B_SPLINE_CURVE_WITH_KNOTS('',6,(#1201,#1202,#1203,#1204,#1205,
    #1206,#1207,#1208,#1209,#1210,#1211,#1212,#1213,#1214,#1215,#1216,
    #1217,#1218,#1219,#1220,#1221,#1222,#1223,#1224,#1225,#1226,#1227,
    #1228,#1229,#1230,#1231,#1232),.UNSPECIFIED.,.F.,.F.,(7,5,5,5,5,5,7)
  ,(0.,0.192117330425,0.256304577143,0.315114299324,0.442312536099,
    0.726192965894,1.),.UNSPECIFIED.);
#1201 = CARTESIAN_POINT('',(19.299444974906,0.));
#1202 = CARTESIAN_POINT('',(20.322411963343,-0.393550477067));
#1203 = CARTESIAN_POINT('',(21.346534563685,-0.784098302675));
#1204 = CARTESIAN_POINT('',(22.371731940953,-1.171814398773));
#1205 = CARTESIAN_POINT('',(23.3978321704,-1.55712755975));
#1206 = CARTESIAN_POINT('',(24.424592976192,-1.940669319977));
#1207 = CARTESIAN_POINT('',(25.794890960348,-2.451030295596));
#1208 = CARTESIAN_POINT('',(26.138100677785,-2.578730926162));
#1209 = CARTESIAN_POINT('',(26.481340720441,-2.706349898813));
#1210 = CARTESIAN_POINT('',(26.82459966442,-2.833917872729));
#1211 = CARTESIAN_POINT('',(27.16786556388,-2.961466980524));
#1212 = CARTESIAN_POINT('',(27.825628426788,-3.205907541726));
#1213 = CARTESIAN_POINT('',(28.140126296345,-3.322796529554));
#1214 = CARTESIAN_POINT('',(28.454609975549,-3.439723627936));
#1215 = CARTESIAN_POINT('',(28.769069628926,-3.556715264717));
#1216 = CARTESIAN_POINT('',(29.083495169684,-3.673798459366));
#1217 = CARTESIAN_POINT('',(30.077844109291,-4.044495201876));
#1218 = CARTESIAN_POINT('',(30.757603733476,-4.298546744215));
#1219 = CARTESIAN_POINT('',(31.43705163087,-4.553433578664));
#1220 = CARTESIAN_POINT('',(32.116078767628,-4.809441620176));
#1221 = CARTESIAN_POINT('',(32.794574968225,-5.066852897396));
#1222 = CARTESIAN_POINT('',(34.98527437394,-5.90414960518));
#1223 = CARTESIAN_POINT('',(36.494957294937,-6.490689804481));
#1224 = CARTESIAN_POINT('',(38.000256785714,-7.088497298565));
#1225 = CARTESIAN_POINT('',(39.500016950489,-7.7001379546));
#1226 = CARTESIAN_POINT('',(40.993450958131,-8.32705743493));
#1227 = CARTESIAN_POINT('',(43.914423448586,-9.588431726029));
#1228 = CARTESIAN_POINT('',(45.342468946782,-10.22185102492));
#1229 = CARTESIAN_POINT('',(46.764210202784,-10.86928527025));
#1230 = CARTESIAN_POINT('',(48.180088245723,-11.52936055002));
#1231 = CARTESIAN_POINT('',(49.59133947063,-12.19919457936));
#1232 = CARTESIAN_POINT('',(51.,-12.87438856243));
#1233 = ( GEOMETRIC_REPRESENTATION_CONTEXT(2) 
PARAMETRIC_REPRESENTATION_CONTEXT() REPRESENTATION_CONTEXT('2D SPACE',''
  ) );
#1234 = ADVANCED_FACE('',(#1235),#696,.T.);
#1235 = FACE_BOUND('',#1236,.T.);
#1236 = EDGE_LOOP('',(#1237,#1260,#1281,#1282,#1283,#1284));
#1237 = ORIENTED_EDGE('',*,*,#1238,.F.);
#1238 = EDGE_CURVE('',#1239,#1049,#1241,.T.);
#1239 = VERTEX_POINT('',#1240);
#1240 = CARTESIAN_POINT('',(-9.65,-42.,-69.));
#1241 = SURFACE_CURVE('',#1242,(#1246,#1253),.PCURVE_S1.);
#1242 = LINE('',#1243,#1244);
#1243 = CARTESIAN_POINT('',(-9.65,-42.,-69.));
#1244 = VECTOR('',#1245,1.);
#1245 = DIRECTION('',(0.,0.,1.));
#1246 = PCURVE('',#696,#1247);
#1247 = DEFINITIONAL_REPRESENTATION('',(#1248),#1252);
#1248 = LINE('',#1249,#1250);
#1249 = CARTESIAN_POINT('',(0.,0.));
#1250 = VECTOR('',#1251,1.);
#1251 = DIRECTION('',(1.,0.));
#1252 = ( GEOMETRIC_REPRESENTATION_CONTEXT(2) 
PARAMETRIC_REPRESENTATION_CONTEXT() REPRESENTATION_CONTEXT('2D SPACE',''
  ) );
#1253 = PCURVE('',#1098,#1254);
#1254 = DEFINITIONAL_REPRESENTATION('',(#1255),#1259);
#1255 = LINE('',#1256,#1257);
#1256 = CARTESIAN_POINT('',(0.,12.7));
#1257 = VECTOR('',#1258,1.);
#1258 = DIRECTION('',(1.,0.));
#1259 = ( GEOMETRIC_REPRESENTATION_CONTEXT(2) 
PARAMETRIC_REPRESENTATION_CONTEXT() REPRESENTATION_CONTEXT('2D SPACE',''
  ) );
#1260 = ORIENTED_EDGE('',*,*,#1261,.T.);
#1261 = EDGE_CURVE('',#1239,#803,#1262,.T.);
#1262 = SURFACE_CURVE('',#1263,(#1267,#1274),.PCURVE_S1.);
#1263 = LINE('',#1264,#1265);
#1264 = CARTESIAN_POINT('',(-9.65,-42.,-69.));
#1265 = VECTOR('',#1266,1.);
#1266 = DIRECTION('',(0.,1.,0.));
#1267 = PCURVE('',#696,#1268);
#1268 = DEFINITIONAL_REPRESENTATION('',(#1269),#1273);
#1269 = LINE('',#1270,#1271);
#1270 = CARTESIAN_POINT('',(0.,0.));
#1271 = VECTOR('',#1272,1.);
#1272 = DIRECTION('',(0.,-1.));
#1273 = ( GEOMETRIC_REPRESENTATION_CONTEXT(2) 
PARAMETRIC_REPRESENTATION_CONTEXT() REPRESENTATION_CONTEXT('2D SPACE',''
  ) );
#1274 = PCURVE('',#995,#1275);
#1275 = DEFINITIONAL_REPRESENTATION('',(#1276),#1280);
#1276 = LINE('',#1277,#1278);
#1277 = CARTESIAN_POINT('',(12.7,0.));
#1278 = VECTOR('',#1279,1.);
#1279 = DIRECTION('',(0.,1.));
#1280 = ( GEOMETRIC_REPRESENTATION_CONTEXT(2) 
PARAMETRIC_REPRESENTATION_CONTEXT() REPRESENTATION_CONTEXT('2D SPACE',''
  ) );
#1281 = ORIENTED_EDGE('',*,*,#802,.T.);
#1282 = ORIENTED_EDGE('',*,*,#732,.T.);
#1283 = ORIENTED_EDGE('',*,*,#680,.F.);
#1284 = ORIENTED_EDGE('',*,*,#1127,.F.);
#1285 = ADVANCED_FACE('',(#1286),#1098,.F.);
#1286 = FACE_BOUND('',#1287,.F.);
#1287 = EDGE_LOOP('',(#1288,#1309,#1310));
#1288 = ORIENTED_EDGE('',*,*,#1289,.F.);
#1289 = EDGE_CURVE('',#898,#1239,#1290,.T.);
#1290 = SURFACE_CURVE('',#1291,(#1295,#1302),.PCURVE_S1.);
#1291 = LINE('',#1292,#1293);
#1292 = CARTESIAN_POINT('',(-22.35,-42.,-69.));
#1293 = VECTOR('',#1294,1.);
#1294 = DIRECTION('',(1.,0.,0.));
#1295 = PCURVE('',#1098,#1296);
#1296 = DEFINITIONAL_REPRESENTATION('',(#1297),#1301);
#1297 = LINE('',#1298,#1299);
#1298 = CARTESIAN_POINT('',(0.,0.));
#1299 = VECTOR('',#1300,1.);
#1300 = DIRECTION('',(0.,1.));
#1301 = ( GEOMETRIC_REPRESENTATION_CONTEXT(2) 
PARAMETRIC_REPRESENTATION_CONTEXT() REPRESENTATION_CONTEXT('2D SPACE',''
  ) );
#1302 = PCURVE('',#995,#1303);
#1303 = DEFINITIONAL_REPRESENTATION('',(#1304),#1308);
#1304 = LINE('',#1305,#1306);
#1305 = CARTESIAN_POINT('',(0.,0.));
#1306 = VECTOR('',#1307,1.);
#1307 = DIRECTION('',(1.,0.));
#1308 = ( GEOMETRIC_REPRESENTATION_CONTEXT(2) 
PARAMETRIC_REPRESENTATION_CONTEXT() REPRESENTATION_CONTEXT('2D SPACE',''
  ) );
#1309 = ORIENTED_EDGE('',*,*,#1048,.T.);
#1310 = ORIENTED_EDGE('',*,*,#1238,.F.);
#1311 = ADVANCED_FACE('',(#1312),#995,.F.);
#1312 = FACE_BOUND('',#1313,.F.);
#1313 = EDGE_LOOP('',(#1314,#1315,#1316));
#1314 = ORIENTED_EDGE('',*,*,#897,.F.);
#1315 = ORIENTED_EDGE('',*,*,#1289,.T.);
#1316 = ORIENTED_EDGE('',*,*,#1261,.T.);
#1317 = ( GEOMETRIC_REPRESENTATION_CONTEXT(3) 
GLOBAL_UNCERTAINTY_ASSIGNED_CONTEXT((#1321)) 
GLOBAL_UNIT_ASSIGNED_CONTEXT((#1318,#1319,#1320)) REPRESENTATION_CONTEXT
('Context #1','3D Context with UNIT and UNCERTAINTY') );
#1318 = ( LENGTH_UNIT() NAMED_UNIT(*) SI_UNIT(.MILLI.,.METRE.) );
#1319 = ( NAMED_UNIT(*) PLANE_ANGLE_UNIT() SI_UNIT($,.RADIAN.) );
#1320 = ( NAMED_UNIT(*) SI_UNIT($,.STERADIAN.) SOLID_ANGLE_UNIT() );
#1321 = UNCERTAINTY_MEASURE_WITH_UNIT(LENGTH_MEASURE(5.E-06),#1318,
  'distance_accuracy_value','confusion accuracy');
#1322 = CONTEXT_DEPENDENT_SHAPE_REPRESENTATION(#1323,#1325);
#1323 = ( REPRESENTATION_RELATIONSHIP('','',#36,#10) 
REPRESENTATION_RELATIONSHIP_WITH_TRANSFORMATION(#1324) 
SHAPE_REPRESENTATION_RELATIONSHIP() );
#1324 = ITEM_DEFINED_TRANSFORMATION('','',#11,#15);
#1325 = PRODUCT_DEFINITION_SHAPE('Placement','Placement of an item',
  #1326);
#1326 = NEXT_ASSEMBLY_USAGE_OCCURRENCE('1','','',#5,#31,$);
#1327 = PRODUCT_RELATED_PRODUCT_CATEGORY('part',$,(#33));
#1328 = SHAPE_DEFINITION_REPRESENTATION(#1329,#1335);
#1329 = PRODUCT_DEFINITION_SHAPE('','',#1330);
#1330 = PRODUCT_DEFINITION('design','',#1331,#1334);
#1331 = PRODUCT_DEFINITION_FORMATION('','',#1332);
#1332 = PRODUCT('Open CASCADE STEP translator 7.9 5.2',
  'Open CASCADE STEP translator 7.9 5.2','',(#1333));
#1333 = PRODUCT_CONTEXT('',#2,'mechanical');
#1334 = PRODUCT_DEFINITION_CONTEXT('part definition',#2,'design');
#1335 = ADVANCED_BREP_SHAPE_REPRESENTATION('',(#11,#1336),#2627);
#1336 = MANIFOLD_SOLID_BREP('',#1337);
#1337 = CLOSED_SHELL('',(#1338,#1754,#1900,#2009,#2494,#2539,#2621));
#1338 = ADVANCED_FACE('',(#1339),#1353,.F.);
#1339 = FACE_BOUND('',#1340,.F.);
#1340 = EDGE_LOOP('',(#1341,#1376,#1404,#1590,#1618,#1646));
#1341 = ORIENTED_EDGE('',*,*,#1342,.F.);
#1342 = EDGE_CURVE('',#1343,#1345,#1347,.T.);
#1343 = VERTEX_POINT('',#1344);
#1344 = CARTESIAN_POINT('',(9.65,-42.,-69.));
#1345 = VERTEX_POINT('',#1346);
#1346 = CARTESIAN_POINT('',(9.65,-42.,-49.70055501197));
#1347 = SURFACE_CURVE('',#1348,(#1352,#1364),.PCURVE_S1.);
#1348 = LINE('',#1349,#1350);
#1349 = CARTESIAN_POINT('',(9.65,-42.,-69.));
#1350 = VECTOR('',#1351,1.);
#1351 = DIRECTION('',(0.,0.,1.));
#1352 = PCURVE('',#1353,#1358);
#1353 = PLANE('',#1354);
#1354 = AXIS2_PLACEMENT_3D('',#1355,#1356,#1357);
#1355 = CARTESIAN_POINT('',(9.65,-42.,-69.));
#1356 = DIRECTION('',(1.,0.,0.));
#1357 = DIRECTION('',(0.,0.,1.));
#1358 = DEFINITIONAL_REPRESENTATION('',(#1359),#1363);
#1359 = LINE('',#1360,#1361);
#1360 = CARTESIAN_POINT('',(0.,0.));
#1361 = VECTOR('',#1362,1.);
#1362 = DIRECTION('',(1.,0.));
#1363 = ( GEOMETRIC_REPRESENTATION_CONTEXT(2) 
PARAMETRIC_REPRESENTATION_CONTEXT() REPRESENTATION_CONTEXT('2D SPACE',''
  ) );
#1364 = PCURVE('',#1365,#1370);
#1365 = PLANE('',#1366);
#1366 = AXIS2_PLACEMENT_3D('',#1367,#1368,#1369);
#1367 = CARTESIAN_POINT('',(9.65,-42.,-69.));
#1368 = DIRECTION('',(0.,1.,0.));
#1369 = DIRECTION('',(0.,0.,1.));
#1370 = DEFINITIONAL_REPRESENTATION('',(#1371),#1375);
#1371 = LINE('',#1372,#1373);
#1372 = CARTESIAN_POINT('',(0.,0.));
#1373 = VECTOR('',#1374,1.);
#1374 = DIRECTION('',(1.,0.));
#1375 = ( GEOMETRIC_REPRESENTATION_CONTEXT(2) 
PARAMETRIC_REPRESENTATION_CONTEXT() REPRESENTATION_CONTEXT('2D SPACE',''
  ) );
#1376 = ORIENTED_EDGE('',*,*,#1377,.T.);
#1377 = EDGE_CURVE('',#1343,#1378,#1380,.T.);
#1378 = VERTEX_POINT('',#1379);
#1379 = CARTESIAN_POINT('',(9.65,-22.48310535413,-69.));
#1380 = SURFACE_CURVE('',#1381,(#1385,#1392),.PCURVE_S1.);
#1381 = LINE('',#1382,#1383);
#1382 = CARTESIAN_POINT('',(9.65,-42.,-69.));
#1383 = VECTOR('',#1384,1.);
#1384 = DIRECTION('',(0.,1.,0.));
#1385 = PCURVE('',#1353,#1386);
#1386 = DEFINITIONAL_REPRESENTATION('',(#1387),#1391);
#1387 = LINE('',#1388,#1389);
#1388 = CARTESIAN_POINT('',(0.,0.));
#1389 = VECTOR('',#1390,1.);
#1390 = DIRECTION('',(0.,-1.));
#1391 = ( GEOMETRIC_REPRESENTATION_CONTEXT(2) 
PARAMETRIC_REPRESENTATION_CONTEXT() REPRESENTATION_CONTEXT('2D SPACE',''
  ) );
#1392 = PCURVE('',#1393,#1398);
#1393 = PLANE('',#1394);
#1394 = AXIS2_PLACEMENT_3D('',#1395,#1396,#1397);
#1395 = CARTESIAN_POINT('',(9.65,-42.,-69.));
#1396 = DIRECTION('',(0.,0.,1.));
#1397 = DIRECTION('',(1.,0.,0.));
#1398 = DEFINITIONAL_REPRESENTATION('',(#1399),#1403);
#1399 = LINE('',#1400,#1401);
#1400 = CARTESIAN_POINT('',(0.,0.));
#1401 = VECTOR('',#1402,1.);
#1402 = DIRECTION('',(0.,1.));
#1403 = ( GEOMETRIC_REPRESENTATION_CONTEXT(2) 
PARAMETRIC_REPRESENTATION_CONTEXT() REPRESENTATION_CONTEXT('2D SPACE',''
  ) );
#1404 = ORIENTED_EDGE('',*,*,#1405,.T.);
#1405 = EDGE_CURVE('',#1378,#1406,#1408,.T.);
#1406 = VERTEX_POINT('',#1407);
#1407 = CARTESIAN_POINT('',(9.65,-6.,-41.65716172852));
#1408 = SURFACE_CURVE('',#1409,(#1437,#1468),.PCURVE_S1.);
#1409 = B_SPLINE_CURVE_WITH_KNOTS('',6,(#1410,#1411,#1412,#1413,#1414,
    #1415,#1416,#1417,#1418,#1419,#1420,#1421,#1422,#1423,#1424,#1425,
    #1426,#1427,#1428,#1429,#1430,#1431,#1432,#1433,#1434,#1435,#1436),
  .UNSPECIFIED.,.F.,.F.,(7,5,5,5,5,7),(0.,0.312823111915,0.442881484185,
    0.52750473076,0.648422689144,1.),.UNSPECIFIED.);
#1410 = CARTESIAN_POINT('',(9.65,-22.48310535413,-69.));
#1411 = CARTESIAN_POINT('',(9.65,-21.54232376098,-67.6263942157));
#1412 = CARTESIAN_POINT('',(9.65,-20.62981145478,-66.23352789562));
#1413 = CARTESIAN_POINT('',(9.65,-19.74079577341,-64.8255210056));
#1414 = CARTESIAN_POINT('',(9.65,-18.87046909717,-63.4060644027));
#1415 = CARTESIAN_POINT('',(9.65,-18.01419343854,-61.9782940094));
#1416 = CARTESIAN_POINT('',(9.65,-16.81568214556,-59.94867464361));
#1417 = CARTESIAN_POINT('',(9.65,-16.46540987731,-59.35165270783));
#1418 = CARTESIAN_POINT('',(9.65,-16.11651800179,-58.75382286947));
#1419 = CARTESIAN_POINT('',(9.65,-15.76871405139,-58.15536089158));
#1420 = CARTESIAN_POINT('',(9.65,-15.42172011548,-57.55643051894));
#1421 = CARTESIAN_POINT('',(9.65,-14.84985487862,-56.56727985848));
#1422 = CARTESIAN_POINT('',(9.65,-14.62466858355,-56.1772423609));
#1423 = CARTESIAN_POINT('',(9.65,-14.39964163733,-55.78711290796));
#1424 = CARTESIAN_POINT('',(9.65,-14.17470480398,-55.39693153714));
#1425 = CARTESIAN_POINT('',(9.65,-13.94979192941,-55.00673640068));
#1426 = CARTESIAN_POINT('',(9.65,-13.40340657386,-54.05904700331));
#1427 = CARTESIAN_POINT('',(9.65,-13.0818935326,-53.50157633814));
#1428 = CARTESIAN_POINT('',(9.65,-12.76011674884,-52.94425753629));
#1429 = CARTESIAN_POINT('',(9.65,-12.43790606145,-52.38718914589));
#1430 = CARTESIAN_POINT('',(9.65,-12.11510521696,-51.83046249704));
#1431 = CARTESIAN_POINT('',(9.65,-10.85087632898,-49.65667873875));
#1432 = CARTESIAN_POINT('',(9.65,-9.903983726719,-48.04278712841));
#1433 = CARTESIAN_POINT('',(9.65,-8.947409284849,-46.4345747164));
#1434 = CARTESIAN_POINT('',(9.65,-7.978684179823,-44.83361448151));
#1435 = CARTESIAN_POINT('',(9.65,-6.996365129003,-43.24095916224));
#1436 = CARTESIAN_POINT('',(9.65,-6.,-41.65716172852));
#1437 = PCURVE('',#1353,#1438);
#1438 = DEFINITIONAL_REPRESENTATION('',(#1439),#1467);
#1439 = B_SPLINE_CURVE_WITH_KNOTS('',6,(#1440,#1441,#1442,#1443,#1444,
    #1445,#1446,#1447,#1448,#1449,#1450,#1451,#1452,#1453,#1454,#1455,
    #1456,#1457,#1458,#1459,#1460,#1461,#1462,#1463,#1464,#1465,#1466),
  .UNSPECIFIED.,.F.,.F.,(7,5,5,5,5,7),(0.,0.312823111915,0.442881484185,
    0.52750473076,0.648422689144,1.),.UNSPECIFIED.);
#1440 = CARTESIAN_POINT('',(0.,-19.51689464586));
#1441 = CARTESIAN_POINT('',(1.373605784297,-20.45767623901));
#1442 = CARTESIAN_POINT('',(2.766472104374,-21.37018854521));
#1443 = CARTESIAN_POINT('',(4.174478994391,-22.25920422658));
#1444 = CARTESIAN_POINT('',(5.593935597295,-23.12953090282));
#1445 = CARTESIAN_POINT('',(7.021705990599,-23.98580656145));
#1446 = CARTESIAN_POINT('',(9.051325356387,-25.18431785443));
#1447 = CARTESIAN_POINT('',(9.648347292167,-25.53459012268));
#1448 = CARTESIAN_POINT('',(10.246177130527,-25.8834819982));
#1449 = CARTESIAN_POINT('',(10.844639108416,-26.2312859486));
#1450 = CARTESIAN_POINT('',(11.443569481059,-26.57827988451));
#1451 = CARTESIAN_POINT('',(12.432720141516,-27.15014512137));
#1452 = CARTESIAN_POINT('',(12.822757639097,-27.37533141644));
#1453 = CARTESIAN_POINT('',(13.212887092032,-27.60035836266));
#1454 = CARTESIAN_POINT('',(13.603068462858,-27.82529519601));
#1455 = CARTESIAN_POINT('',(13.993263599319,-28.05020807058));
#1456 = CARTESIAN_POINT('',(14.940952996686,-28.59659342613));
#1457 = CARTESIAN_POINT('',(15.498423661852,-28.91810646739));
#1458 = CARTESIAN_POINT('',(16.055742463702,-29.23988325115));
#1459 = CARTESIAN_POINT('',(16.612810854103,-29.56209393854));
#1460 = CARTESIAN_POINT('',(17.169537502954,-29.88489478303));
#1461 = CARTESIAN_POINT('',(19.343321261245,-31.14912367101));
#1462 = CARTESIAN_POINT('',(20.957212871587,-32.09601627328));
#1463 = CARTESIAN_POINT('',(22.565425283594,-33.05259071515));
#1464 = CARTESIAN_POINT('',(24.16638551849,-34.02131582017));
#1465 = CARTESIAN_POINT('',(25.759040837751,-35.00363487099));
#1466 = CARTESIAN_POINT('',(27.342838271473,-36.));
#1467 = ( GEOMETRIC_REPRESENTATION_CONTEXT(2) 
PARAMETRIC_REPRESENTATION_CONTEXT() REPRESENTATION_CONTEXT('2D SPACE',''
  ) );
#1468 = PCURVE('',#1469,#1560);
#1469 = ( BOUNDED_SURFACE() B_SPLINE_SURFACE(14,5,(
    (#1470,#1471,#1472,#1473,#1474,#1475)
    ,(#1476,#1477,#1478,#1479,#1480,#1481)
    ,(#1482,#1483,#1484,#1485,#1486,#1487)
    ,(#1488,#1489,#1490,#1491,#1492,#1493)
    ,(#1494,#1495,#1496,#1497,#1498,#1499)
    ,(#1500,#1501,#1502,#1503,#1504,#1505)
    ,(#1506,#1507,#1508,#1509,#1510,#1511)
    ,(#1512,#1513,#1514,#1515,#1516,#1517)
    ,(#1518,#1519,#1520,#1521,#1522,#1523)
    ,(#1524,#1525,#1526,#1527,#1528,#1529)
    ,(#1530,#1531,#1532,#1533,#1534,#1535)
    ,(#1536,#1537,#1538,#1539,#1540,#1541)
    ,(#1542,#1543,#1544,#1545,#1546,#1547)
    ,(#1548,#1549,#1550,#1551,#1552,#1553)
    ,(#1554,#1555,#1556,#1557,#1558,#1559
)),.UNSPECIFIED.,.T.,.F.,.F.) B_SPLINE_SURFACE_WITH_KNOTS((1,14,14,1),(6
    ,6),(-1.,0.,1.,2.),(0.,1.),.UNSPECIFIED.) 
GEOMETRIC_REPRESENTATION_ITEM() RATIONAL_B_SPLINE_SURFACE((
    (1.,1.,1.,1.,1.,1.)
    ,(1.,1.,1.,1.,1.,1.)
    ,(1.,1.,1.,1.,1.,1.)
    ,(1.,1.,1.,1.,1.,1.)
    ,(1.,1.,1.,1.,1.,1.)
    ,(1.,1.,1.,1.,1.,1.)
    ,(1.,1.,1.,1.,1.,1.)
    ,(1.,1.,1.,1.,1.,1.)
    ,(1.,1.,1.,1.,1.,1.)
    ,(1.,1.,1.,1.,1.,1.)
    ,(1.,1.,1.,1.,1.,1.)
    ,(1.,1.,1.,1.,1.,1.)
    ,(1.,1.,1.,1.,1.,1.)
    ,(1.,1.,1.,1.,1.,1.)
,(1.,1.,1.,1.,1.,1.))) REPRESENTATION_ITEM('') SURFACE() );
#1470 = CARTESIAN_POINT('',(19.,-39.5,-76.));
#1471 = CARTESIAN_POINT('',(26.123044569638,-31.99413370891,
    -60.56609949556));
#1472 = CARTESIAN_POINT('',(18.446256865827,-20.970921322,
    -42.36281686344));
#1473 = CARTESIAN_POINT('',(32.849170364805,-19.98045879275,
    -25.95429108986));
#1474 = CARTESIAN_POINT('',(28.769192019074,-0.104288645744,
    -12.74783882291));
#1475 = CARTESIAN_POINT('',(30.,2.606519132579E-15,7.));
#1476 = CARTESIAN_POINT('',(19.000000000005,-33.44121416807,-76.));
#1477 = CARTESIAN_POINT('',(26.123044569632,-23.559953842,
    -60.56609949556));
#1478 = CARTESIAN_POINT('',(18.446256865842,-14.9258404115,
    -42.36281686344));
#1479 = CARTESIAN_POINT('',(32.849170364797,-9.726407995956,
    -25.95429108986));
#1480 = CARTESIAN_POINT('',(28.769192019074,9.484455769287,
    -12.74783882291));
#1481 = CARTESIAN_POINT('',(30.000000000004,9.873576911289,7.));
#1482 = CARTESIAN_POINT('',(14.878627137192,-27.38242609971,-76.));
#1483 = CARTESIAN_POINT('',(20.456581044264,-15.12577086188,
    -60.56609949556));
#1484 = CARTESIAN_POINT('',(14.444998841191,-8.880757269646,
    -42.36281686344));
#1485 = CARTESIAN_POINT('',(25.723713559232,0.527646585869,
    -25.95429108986));
#1486 = CARTESIAN_POINT('',(22.528741110033,19.073203723689,
    -12.74783882291));
#1487 = CARTESIAN_POINT('',(23.492569164001,19.747157467127,7.));
#1488 = CARTESIAN_POINT('',(6.63587614289,-22.85693882126,-76.));
#1489 = CARTESIAN_POINT('',(9.123646749275,-8.826031153147,
    -60.56609949556));
#1490 = CARTESIAN_POINT('',(6.442477677037,-4.365506604458,
    -42.36281686344));
#1491 = CARTESIAN_POINT('',(11.472790838629,8.186702000639,
    -25.95429108986));
#1492 = CARTESIAN_POINT('',(10.047831314101,26.235322021146,
    -12.74783882291));
#1493 = CARTESIAN_POINT('',(10.477699172943,27.122025624609,7.));
#1494 = CARTESIAN_POINT('',(-4.49560168009,-21.39788245634,-76.));
#1495 = CARTESIAN_POINT('',(-6.180989634211,-6.794940410138,
    -60.56609949556));
#1496 = CARTESIAN_POINT('',(-4.364580176906,-2.909750612558,
    -42.36281686344));
#1497 = CARTESIAN_POINT('',(-7.772462393418,10.656047922045,
    -25.95429108986));
#1498 = CARTESIAN_POINT('',(-6.807096209055,28.544451103577,
    -12.74783882291));
#1499 = CARTESIAN_POINT('',(-7.098318442164,29.499747108174,7.));
#1500 = CARTESIAN_POINT('',(-16.05073754757,-23.98881237636,-76.));
#1501 = CARTESIAN_POINT('',(-22.06811222847,-10.40166452504,
    -60.56609949556));
#1502 = CARTESIAN_POINT('',(-15.58294882544,-5.494819871234,
    -42.36281686344));
#1503 = CARTESIAN_POINT('',(-27.75017958895,6.27108899616,
    -25.95429108986));
#1504 = CARTESIAN_POINT('',(-24.30351318741,24.443998391336,
    -12.74783882291));
#1505 = CARTESIAN_POINT('',(-25.34326981209,25.277490942222,7.));
#1506 = CARTESIAN_POINT('',(-24.87179233162,-30.51054918893,-76.));
#1507 = CARTESIAN_POINT('',(-34.19615471539,-19.48029889978,
    -60.56609949556));
#1508 = CARTESIAN_POINT('',(-24.14691947723,-12.00180457149,
    -42.36281686344));
#1509 = CARTESIAN_POINT('',(-43.00093387213,-4.766472391532,
    -25.95429108986));
#1510 = CARTESIAN_POINT('',(-37.66007207561,14.122579351813,
    -12.74783882291));
#1511 = CARTESIAN_POINT('',(-39.27125104975,14.649475395817,7.));
#1512 = CARTESIAN_POINT('',(-28.1927434388,-39.49999999981,-76.));
#1513 = CARTESIAN_POINT('',(-38.76212070561,-31.99413370856,
    -60.56609949556));
#1514 = CARTESIAN_POINT('',(-27.37108353795,-20.97092132161,
    -42.36281686344));
#1515 = CARTESIAN_POINT('',(-48.74253854099,-19.980458793,
    -25.95429108986));
#1516 = CARTESIAN_POINT('',(-42.68854997622,-0.104288644992,
    -12.74783882291));
#1517 = CARTESIAN_POINT('',(-44.51485806145,2.913297794736E-10,7.));
#1518 = CARTESIAN_POINT('',(-24.87179233162,-48.4894508114,-76.));
#1519 = CARTESIAN_POINT('',(-34.19615471541,-44.50796851866,
    -60.56609949556));
#1520 = CARTESIAN_POINT('',(-24.14691947705,-29.94003807322,
    -42.36281686344));
#1521 = CARTESIAN_POINT('',(-43.00093387246,-35.19444519352,
    -25.95429108986));
#1522 = CARTESIAN_POINT('',(-37.66007207547,-14.33115664466,
    -12.74783882291));
#1523 = CARTESIAN_POINT('',(-39.27125104976,-14.64947539635,7.));
#1524 = CARTESIAN_POINT('',(-16.05073754757,-55.01118762338,-76.));
#1525 = CARTESIAN_POINT('',(-22.06811222844,-53.58660289229,
    -60.56609949556));
#1526 = CARTESIAN_POINT('',(-15.58294882572,-36.44702277223,
    -42.36281686344));
#1527 = CARTESIAN_POINT('',(-27.75017958847,-46.23200658198,
    -25.95429108986));
#1528 = CARTESIAN_POINT('',(-24.30351318761,-24.65257568179,
    -12.74783882291));
#1529 = CARTESIAN_POINT('',(-25.34326981208,-25.27749094181,7.));
#1530 = CARTESIAN_POINT('',(-4.495601680088,-57.60211754381,-76.));
#1531 = CARTESIAN_POINT('',(-6.180989634247,-57.19332700798,
    -60.56609949556));
#1532 = CARTESIAN_POINT('',(-4.364580176666,-39.03209203177,
    -42.36281686344));
#1533 = CARTESIAN_POINT('',(-7.772462393832,-50.61696550737,
    -25.95429108986));
#1534 = CARTESIAN_POINT('',(-6.807096208891,-28.75302839569,
    -12.74783882291));
#1535 = CARTESIAN_POINT('',(-7.098318442175,-29.49974710843,7.));
#1536 = CARTESIAN_POINT('',(6.635876142889,-56.14306117865,-76.));
#1537 = CARTESIAN_POINT('',(9.123646749297,-55.16223626452,
    -60.56609949556));
#1538 = CARTESIAN_POINT('',(6.442477676893,-37.57633603939,
    -42.36281686344));
#1539 = CARTESIAN_POINT('',(11.472790838871,-48.14761958621,
    -25.95429108986));
#1540 = CARTESIAN_POINT('',(10.047831314009,-26.44389931232,
    -12.74783882291));
#1541 = CARTESIAN_POINT('',(10.47769917295,-27.12202562447,7.));
#1542 = CARTESIAN_POINT('',(14.878627137192,-51.61757390031,-76.));
#1543 = CARTESIAN_POINT('',(20.456581044254,-48.86249655599,
    -60.56609949556));
#1544 = CARTESIAN_POINT('',(14.444998841251,-33.06108537441,
    -42.36281686344));
#1545 = CARTESIAN_POINT('',(25.723713559135,-40.48856417135,
    -25.95429108986));
#1546 = CARTESIAN_POINT('',(22.528741110068,-19.28178101528,
    -12.74783882291));
#1547 = CARTESIAN_POINT('',(23.492569163999,-19.74715746717,7.));
#1548 = CARTESIAN_POINT('',(19.000000000005,-45.55878583192,-76.));
#1549 = CARTESIAN_POINT('',(26.123044569634,-40.4283135758,
    -60.56609949556));
#1550 = CARTESIAN_POINT('',(18.446256865828,-27.01600223248,
    -42.36281686344));
#1551 = CARTESIAN_POINT('',(32.849170364819,-30.23450958955,
    -25.95429108986));
#1552 = CARTESIAN_POINT('',(28.769192019067,-9.69303306075,
    -12.74783882291));
#1553 = CARTESIAN_POINT('',(30.000000000005,-9.873576911278,7.));
#1554 = CARTESIAN_POINT('',(19.,-39.5,-76.));
#1555 = CARTESIAN_POINT('',(26.123044569638,-31.99413370891,
    -60.56609949556));
#1556 = CARTESIAN_POINT('',(18.446256865827,-20.970921322,
    -42.36281686344));
#1557 = CARTESIAN_POINT('',(32.849170364805,-19.98045879275,
    -25.95429108986));
#1558 = CARTESIAN_POINT('',(28.769192019074,-0.104288645744,
    -12.74783882291));
#1559 = CARTESIAN_POINT('',(30.,2.606519132579E-15,7.));
#1560 = DEFINITIONAL_REPRESENTATION('',(#1561),#1589);
#1561 = B_SPLINE_CURVE_WITH_KNOTS('',6,(#1562,#1563,#1564,#1565,#1566,
    #1567,#1568,#1569,#1570,#1571,#1572,#1573,#1574,#1575,#1576,#1577,
    #1578,#1579,#1580,#1581,#1582,#1583,#1584,#1585,#1586,#1587,#1588),
  .UNSPECIFIED.,.F.,.F.,(7,5,5,5,5,7),(0.,0.312823111915,0.442881484185,
    0.52750473076,0.648422689144,1.),.UNSPECIFIED.);
#1562 = CARTESIAN_POINT('',(1.174870668606,8.830527298961E-02));
#1563 = CARTESIAN_POINT('',(1.175979220657,0.105255266855));
#1564 = CARTESIAN_POINT('',(1.176875150215,0.122303422166));
#1565 = CARTESIAN_POINT('',(1.177628284311,0.139421471076));
#1566 = CARTESIAN_POINT('',(1.17828395606,0.156587730759));
#1567 = CARTESIAN_POINT('',(1.178876917272,0.173786297034));
#1568 = CARTESIAN_POINT('',(1.179662870758,0.198167100867));
#1569 = CARTESIAN_POINT('',(1.179887147007,0.205330619496));
#1570 = CARTESIAN_POINT('',(1.180106671281,0.212497084418));
#1571 = CARTESIAN_POINT('',(1.180322978865,0.219665774529));
#1572 = CARTESIAN_POINT('',(1.180537362272,0.226836054248));
#1573 = CARTESIAN_POINT('',(1.180889792109,0.238673434677));
#1574 = CARTESIAN_POINT('',(1.181028345821,0.243339932947));
#1575 = CARTESIAN_POINT('',(1.18116682462,0.248006714419));
#1576 = CARTESIAN_POINT('',(1.181305485157,0.252673635344));
#1577 = CARTESIAN_POINT('',(1.181444548493,0.257340562132));
#1578 = CARTESIAN_POINT('',(1.181783747937,0.268675764082));
#1579 = CARTESIAN_POINT('',(1.181984501161,0.275343914122));
#1580 = CARTESIAN_POINT('',(1.182186996185,0.282011462452));
#1581 = CARTESIAN_POINT('',(1.182391648501,0.288678079433));
#1582 = CARTESIAN_POINT('',(1.182598752675,0.295343464799));
#1583 = CARTESIAN_POINT('',(1.183418285837,0.321383047084));
#1584 = CARTESIAN_POINT('',(1.184050313193,0.340746145066));
#1585 = CARTESIAN_POINT('',(1.184709075761,0.360089705852));
#1586 = CARTESIAN_POINT('',(1.185391511519,0.379408695345));
#1587 = CARTESIAN_POINT('',(1.186090544656,0.39869964272));
#1588 = CARTESIAN_POINT('',(1.186797740819,0.417960332199));
#1589 = ( GEOMETRIC_REPRESENTATION_CONTEXT(2) 
PARAMETRIC_REPRESENTATION_CONTEXT() REPRESENTATION_CONTEXT('2D SPACE',''
  ) );
#1590 = ORIENTED_EDGE('',*,*,#1591,.T.);
#1591 = EDGE_CURVE('',#1406,#1592,#1594,.T.);
#1592 = VERTEX_POINT('',#1593);
#1593 = CARTESIAN_POINT('',(9.65,-6.,-18.));
#1594 = SURFACE_CURVE('',#1595,(#1599,#1606),.PCURVE_S1.);
#1595 = LINE('',#1596,#1597);
#1596 = CARTESIAN_POINT('',(9.65,-6.,-69.));
#1597 = VECTOR('',#1598,1.);
#1598 = DIRECTION('',(0.,0.,1.));
#1599 = PCURVE('',#1353,#1600);
#1600 = DEFINITIONAL_REPRESENTATION('',(#1601),#1605);
#1601 = LINE('',#1602,#1603);
#1602 = CARTESIAN_POINT('',(0.,-36.));
#1603 = VECTOR('',#1604,1.);
#1604 = DIRECTION('',(1.,0.));
#1605 = ( GEOMETRIC_REPRESENTATION_CONTEXT(2) 
PARAMETRIC_REPRESENTATION_CONTEXT() REPRESENTATION_CONTEXT('2D SPACE',''
  ) );
#1606 = PCURVE('',#1607,#1612);
#1607 = PLANE('',#1608);
#1608 = AXIS2_PLACEMENT_3D('',#1609,#1610,#1611);
#1609 = CARTESIAN_POINT('',(9.65,-6.,-69.));
#1610 = DIRECTION('',(0.,1.,0.));
#1611 = DIRECTION('',(0.,0.,1.));
#1612 = DEFINITIONAL_REPRESENTATION('',(#1613),#1617);
#1613 = LINE('',#1614,#1615);
#1614 = CARTESIAN_POINT('',(0.,0.));
#1615 = VECTOR('',#1616,1.);
#1616 = DIRECTION('',(1.,0.));
#1617 = ( GEOMETRIC_REPRESENTATION_CONTEXT(2) 
PARAMETRIC_REPRESENTATION_CONTEXT() REPRESENTATION_CONTEXT('2D SPACE',''
  ) );
#1618 = ORIENTED_EDGE('',*,*,#1619,.F.);
#1619 = EDGE_CURVE('',#1620,#1592,#1622,.T.);
#1620 = VERTEX_POINT('',#1621);
#1621 = CARTESIAN_POINT('',(9.65,-29.12561144066,-18.));
#1622 = SURFACE_CURVE('',#1623,(#1627,#1634),.PCURVE_S1.);
#1623 = LINE('',#1624,#1625);
#1624 = CARTESIAN_POINT('',(9.65,-42.,-18.));
#1625 = VECTOR('',#1626,1.);
#1626 = DIRECTION('',(0.,1.,0.));
#1627 = PCURVE('',#1353,#1628);
#1628 = DEFINITIONAL_REPRESENTATION('',(#1629),#1633);
#1629 = LINE('',#1630,#1631);
#1630 = CARTESIAN_POINT('',(51.,0.));
#1631 = VECTOR('',#1632,1.);
#1632 = DIRECTION('',(0.,-1.));
#1633 = ( GEOMETRIC_REPRESENTATION_CONTEXT(2) 
PARAMETRIC_REPRESENTATION_CONTEXT() REPRESENTATION_CONTEXT('2D SPACE',''
  ) );
#1634 = PCURVE('',#1635,#1640);
#1635 = PLANE('',#1636);
#1636 = AXIS2_PLACEMENT_3D('',#1637,#1638,#1639);
#1637 = CARTESIAN_POINT('',(9.65,-42.,-18.));
#1638 = DIRECTION('',(0.,0.,1.));
#1639 = DIRECTION('',(1.,0.,0.));
#1640 = DEFINITIONAL_REPRESENTATION('',(#1641),#1645);
#1641 = LINE('',#1642,#1643);
#1642 = CARTESIAN_POINT('',(0.,0.));
#1643 = VECTOR('',#1644,1.);
#1644 = DIRECTION('',(0.,1.));
#1645 = ( GEOMETRIC_REPRESENTATION_CONTEXT(2) 
PARAMETRIC_REPRESENTATION_CONTEXT() REPRESENTATION_CONTEXT('2D SPACE',''
  ) );
#1646 = ORIENTED_EDGE('',*,*,#1647,.F.);
#1647 = EDGE_CURVE('',#1345,#1620,#1648,.T.);
#1648 = SURFACE_CURVE('',#1649,(#1682,#1718),.PCURVE_S1.);
#1649 = B_SPLINE_CURVE_WITH_KNOTS('',6,(#1650,#1651,#1652,#1653,#1654,
    #1655,#1656,#1657,#1658,#1659,#1660,#1661,#1662,#1663,#1664,#1665,
    #1666,#1667,#1668,#1669,#1670,#1671,#1672,#1673,#1674,#1675,#1676,
    #1677,#1678,#1679,#1680,#1681),.UNSPECIFIED.,.F.,.F.,(7,5,5,5,5,5,7)
  ,(0.,0.192117330092,0.256304576836,0.315114299042,0.442312535869,
    0.726192965781,1.),.UNSPECIFIED.);
#1650 = CARTESIAN_POINT('',(9.65,-42.,-49.70055501197));
#1651 = CARTESIAN_POINT('',(9.65,-41.60644952376,-48.6775880257));
#1652 = CARTESIAN_POINT('',(9.65,-41.21590169896,-47.65346542754));
#1653 = CARTESIAN_POINT('',(9.65,-40.82818560366,-46.62826805246));
#1654 = CARTESIAN_POINT('',(9.65,-40.44287244346,-45.6021678252));
#1655 = CARTESIAN_POINT('',(9.65,-40.059330684,-44.57540702161));
#1656 = CARTESIAN_POINT('',(9.65,-39.54896970912,-43.20510903965));
#1657 = CARTESIAN_POINT('',(9.65,-39.42126907854,-42.86189932221));
#1658 = CARTESIAN_POINT('',(9.65,-39.29365010587,-42.51865927955));
#1659 = CARTESIAN_POINT('',(9.65,-39.16608213193,-42.17540033558));
#1660 = CARTESIAN_POINT('',(9.65,-39.03853302411,-41.83213443612));
#1661 = CARTESIAN_POINT('',(9.65,-38.79409246287,-41.17437157321));
#1662 = CARTESIAN_POINT('',(9.65,-38.67720347502,-40.85987370365));
#1663 = CARTESIAN_POINT('',(9.65,-38.56027637662,-40.54539002445));
#1664 = CARTESIAN_POINT('',(9.65,-38.44328473982,-40.23093037107));
#1665 = CARTESIAN_POINT('',(9.65,-38.32620154515,-39.91650483031));
#1666 = CARTESIAN_POINT('',(9.65,-37.95550480257,-38.9221558907));
#1667 = CARTESIAN_POINT('',(9.65,-37.70145326019,-38.24239626652));
#1668 = CARTESIAN_POINT('',(9.65,-37.44656642569,-37.56294836912));
#1669 = CARTESIAN_POINT('',(9.65,-37.19055838413,-36.88392123237));
#1670 = CARTESIAN_POINT('',(9.65,-36.93314710686,-36.20542503177));
#1671 = CARTESIAN_POINT('',(9.65,-36.09585039892,-34.01472562605));
#1672 = CARTESIAN_POINT('',(9.65,-35.50931019951,-32.50504270506));
#1673 = CARTESIAN_POINT('',(9.65,-34.91150270531,-30.99974321428));
#1674 = CARTESIAN_POINT('',(9.65,-34.29986204917,-29.49998304951));
#1675 = CARTESIAN_POINT('',(9.65,-33.67294256873,-28.00654904186));
#1676 = CARTESIAN_POINT('',(9.65,-32.41156827744,-25.08557655141));
#1677 = CARTESIAN_POINT('',(9.65,-31.77814897846,-23.65753105323));
#1678 = CARTESIAN_POINT('',(9.65,-31.13071473304,-22.23578979722));
#1679 = CARTESIAN_POINT('',(9.65,-30.4706394532,-20.81991175429));
#1680 = CARTESIAN_POINT('',(9.65,-29.80080542379,-19.40866052937));
#1681 = CARTESIAN_POINT('',(9.65,-29.12561144066,-18.));
#1682 = PCURVE('',#1353,#1683);
#1683 = DEFINITIONAL_REPRESENTATION('',(#1684),#1717);
#1684 = B_SPLINE_CURVE_WITH_KNOTS('',6,(#1685,#1686,#1687,#1688,#1689,
    #1690,#1691,#1692,#1693,#1694,#1695,#1696,#1697,#1698,#1699,#1700,
    #1701,#1702,#1703,#1704,#1705,#1706,#1707,#1708,#1709,#1710,#1711,
    #1712,#1713,#1714,#1715,#1716),.UNSPECIFIED.,.F.,.F.,(7,5,5,5,5,5,7)
  ,(0.,0.192117330092,0.256304576836,0.315114299042,0.442312535869,
    0.726192965781,1.),.UNSPECIFIED.);
#1685 = CARTESIAN_POINT('',(19.299444988029,0.));
#1686 = CARTESIAN_POINT('',(20.322411974293,-0.393550476237));
#1687 = CARTESIAN_POINT('',(21.346534572456,-0.784098301032));
#1688 = CARTESIAN_POINT('',(22.371731947539,-1.171814396336));
#1689 = CARTESIAN_POINT('',(23.397832174794,-1.557127556533));
#1690 = CARTESIAN_POINT('',(24.42459297839,-1.940669315993));
#1691 = CARTESIAN_POINT('',(25.794890960348,-2.451030290873));
#1692 = CARTESIAN_POINT('',(26.138100677785,-2.578730921459));
#1693 = CARTESIAN_POINT('',(26.481340720441,-2.70634989413));
#1694 = CARTESIAN_POINT('',(26.82459966442,-2.833917868068));
#1695 = CARTESIAN_POINT('',(27.16786556388,-2.961466975883));
#1696 = CARTESIAN_POINT('',(27.825628426788,-3.205907537126));
#1697 = CARTESIAN_POINT('',(28.140126296345,-3.322796524974));
#1698 = CARTESIAN_POINT('',(28.454609975549,-3.439723623377));
#1699 = CARTESIAN_POINT('',(28.769069628926,-3.556715260178));
#1700 = CARTESIAN_POINT('',(29.083495169683,-3.673798454847));
#1701 = CARTESIAN_POINT('',(30.077844109291,-4.044495197423));
#1702 = CARTESIAN_POINT('',(30.757603733477,-4.298546739809));
#1703 = CARTESIAN_POINT('',(31.437051630871,-4.553433574305));
#1704 = CARTESIAN_POINT('',(32.116078767629,-4.809441615864));
#1705 = CARTESIAN_POINT('',(32.794574968225,-5.066852893133));
#1706 = CARTESIAN_POINT('',(34.985274373942,-5.904149601075));
#1707 = CARTESIAN_POINT('',(36.494957294933,-6.490689800485));
#1708 = CARTESIAN_POINT('',(38.00025678572,-7.088497294685));
#1709 = CARTESIAN_POINT('',(39.500016950483,-7.700137950824));
#1710 = CARTESIAN_POINT('',(40.993450958131,-8.327057431261));
#1711 = CARTESIAN_POINT('',(43.914423448581,-9.588431722553));
#1712 = CARTESIAN_POINT('',(45.34246894677,-10.22185102153));
#1713 = CARTESIAN_POINT('',(46.764210202779,-10.86928526695));
#1714 = CARTESIAN_POINT('',(48.180088245709,-11.5293605468));
#1715 = CARTESIAN_POINT('',(49.591339470624,-12.1991945762));
#1716 = CARTESIAN_POINT('',(51.,-12.87438855933));
#1717 = ( GEOMETRIC_REPRESENTATION_CONTEXT(2) 
PARAMETRIC_REPRESENTATION_CONTEXT() REPRESENTATION_CONTEXT('2D SPACE',''
  ) );
#1718 = PCURVE('',#1469,#1719);
#1719 = DEFINITIONAL_REPRESENTATION('',(#1720),#1753);
#1720 = B_SPLINE_CURVE_WITH_KNOTS('',6,(#1721,#1722,#1723,#1724,#1725,
    #1726,#1727,#1728,#1729,#1730,#1731,#1732,#1733,#1734,#1735,#1736,
    #1737,#1738,#1739,#1740,#1741,#1742,#1743,#1744,#1745,#1746,#1747,
    #1748,#1749,#1750,#1751,#1752),.UNSPECIFIED.,.F.,.F.,(7,5,5,5,5,5,7)
  ,(0.,0.192117330092,0.256304576836,0.315114299042,0.442312535869,
    0.726192965781,1.),.UNSPECIFIED.);
#1721 = CARTESIAN_POINT('',(0.816588563912,0.320870978364));
#1722 = CARTESIAN_POINT('',(0.816190088292,0.333143565858));
#1723 = CARTESIAN_POINT('',(0.815780754708,0.345446713151));
#1724 = CARTESIAN_POINT('',(0.815360012051,0.35778370857));
#1725 = CARTESIAN_POINT('',(0.814928375046,0.370156225659));
#1726 = CARTESIAN_POINT('',(0.814487170058,0.382564460644));
#1727 = CARTESIAN_POINT('',(0.813888305039,0.39916446732));
#1728 = CARTESIAN_POINT('',(0.813737471164,0.40332552476));
#1729 = CARTESIAN_POINT('',(0.813585850108,0.407490399561));
#1730 = CARTESIAN_POINT('',(0.813433518521,0.411659032789));
#1731 = CARTESIAN_POINT('',(0.813280558855,0.415831349243));
#1732 = CARTESIAN_POINT('',(0.812986419871,0.423833313465));
#1733 = CARTESIAN_POINT('',(0.812845326897,0.427662384702));
#1734 = CARTESIAN_POINT('',(0.81270384824,0.431494400821));
#1735 = CARTESIAN_POINT('',(0.812562054332,0.43532928064));
#1736 = CARTESIAN_POINT('',(0.812420018241,0.43916693213));
#1737 = CARTESIAN_POINT('',(0.81197024891,0.451313395535));
#1738 = CARTESIAN_POINT('',(0.811661902783,0.459632019472));
#1739 = CARTESIAN_POINT('',(0.811353539276,0.467962095003));
#1740 = CARTESIAN_POINT('',(0.811045962594,0.476302345633));
#1741 = CARTESIAN_POINT('',(0.810739989673,0.484651286803));
#1742 = CARTESIAN_POINT('',(0.809758916879,0.51165609841));
#1743 = CARTESIAN_POINT('',(0.809093378804,0.530340217597));
#1744 = CARTESIAN_POINT('',(0.808448724625,0.549040801947));
#1745 = CARTESIAN_POINT('',(0.807833499062,0.567734735393));
#1746 = CARTESIAN_POINT('',(0.80725440551,0.586397707124));
#1747 = CARTESIAN_POINT('',(0.806196922249,0.622956706013));
#1748 = CARTESIAN_POINT('',(0.805715669138,0.640857061632));
#1749 = CARTESIAN_POINT('',(0.805276563522,0.658688084063));
#1750 = CARTESIAN_POINT('',(0.804881932166,0.676433689885));
#1751 = CARTESIAN_POINT('',(0.804532216592,0.694084506024));
#1752 = CARTESIAN_POINT('',(0.804226264105,0.711638308331));
#1753 = ( GEOMETRIC_REPRESENTATION_CONTEXT(2) 
PARAMETRIC_REPRESENTATION_CONTEXT() REPRESENTATION_CONTEXT('2D SPACE',''
  ) );
#1754 = ADVANCED_FACE('',(#1755),#1393,.F.);
#1755 = FACE_BOUND('',#1756,.F.);
#1756 = EDGE_LOOP('',(#1757,#1758,#1781));
#1757 = ORIENTED_EDGE('',*,*,#1377,.F.);
#1758 = ORIENTED_EDGE('',*,*,#1759,.T.);
#1759 = EDGE_CURVE('',#1343,#1760,#1762,.T.);
#1760 = VERTEX_POINT('',#1761);
#1761 = CARTESIAN_POINT('',(19.486832515573,-42.,-69.));
#1762 = SURFACE_CURVE('',#1763,(#1767,#1774),.PCURVE_S1.);
#1763 = LINE('',#1764,#1765);
#1764 = CARTESIAN_POINT('',(9.65,-42.,-69.));
#1765 = VECTOR('',#1766,1.);
#1766 = DIRECTION('',(1.,0.,0.));
#1767 = PCURVE('',#1393,#1768);
#1768 = DEFINITIONAL_REPRESENTATION('',(#1769),#1773);
#1769 = LINE('',#1770,#1771);
#1770 = CARTESIAN_POINT('',(0.,0.));
#1771 = VECTOR('',#1772,1.);
#1772 = DIRECTION('',(1.,0.));
#1773 = ( GEOMETRIC_REPRESENTATION_CONTEXT(2) 
PARAMETRIC_REPRESENTATION_CONTEXT() REPRESENTATION_CONTEXT('2D SPACE',''
  ) );
#1774 = PCURVE('',#1365,#1775);
#1775 = DEFINITIONAL_REPRESENTATION('',(#1776),#1780);
#1776 = LINE('',#1777,#1778);
#1777 = CARTESIAN_POINT('',(0.,0.));
#1778 = VECTOR('',#1779,1.);
#1779 = DIRECTION('',(0.,1.));
#1780 = ( GEOMETRIC_REPRESENTATION_CONTEXT(2) 
PARAMETRIC_REPRESENTATION_CONTEXT() REPRESENTATION_CONTEXT('2D SPACE',''
  ) );
#1781 = ORIENTED_EDGE('',*,*,#1782,.T.);
#1782 = EDGE_CURVE('',#1760,#1378,#1783,.T.);
#1783 = SURFACE_CURVE('',#1784,(#1815,#1849),.PCURVE_S1.);
#1784 = B_SPLINE_CURVE_WITH_KNOTS('',8,(#1785,#1786,#1787,#1788,#1789,
    #1790,#1791,#1792,#1793,#1794,#1795,#1796,#1797,#1798,#1799,#1800,
    #1801,#1802,#1803,#1804,#1805,#1806,#1807,#1808,#1809,#1810,#1811,
    #1812,#1813,#1814),.UNSPECIFIED.,.F.,.F.,(9,7,7,7,9),(0.,1.,
    1.827223519275,2.332716787557,3.992863475357),.UNSPECIFIED.);
#1785 = CARTESIAN_POINT('',(19.486832515573,-42.,-69.));
#1786 = CARTESIAN_POINT('',(19.89551459005,-41.32275006834,-69.));
#1787 = CARTESIAN_POINT('',(20.258832148762,-40.61718431969,-69.));
#1788 = CARTESIAN_POINT('',(20.571310505248,-39.88591732624,-69.));
#1789 = CARTESIAN_POINT('',(20.827840076195,-39.13231825922,-69.));
#1790 = CARTESIAN_POINT('',(21.023952007224,-38.36057842929,-69.));
#1791 = CARTESIAN_POINT('',(21.156095240021,-37.5757834642,-69.));
#1792 = CARTESIAN_POINT('',(21.222112473765,-36.78403532714,-69.));
#1793 = CARTESIAN_POINT('',(21.222112473765,-35.33803285577,-69.));
#1794 = CARTESIAN_POINT('',(21.176937187065,-34.6831852032,-69.));
#1795 = CARTESIAN_POINT('',(21.08653615666,-34.03218218611,-69.));
#1796 = CARTESIAN_POINT('',(20.951885705897,-33.38857323257,-69.));
#1797 = CARTESIAN_POINT('',(20.774688103035,-32.75546523339,-69.));
#1798 = CARTESIAN_POINT('',(20.55718658152,-32.13556219716,-69.));
#1799 = CARTESIAN_POINT('',(20.302046286008,-31.53119075874,-69.));
#1800 = CARTESIAN_POINT('',(19.8351655117,-30.58570209236,-69.));
#1801 = CARTESIAN_POINT('',(19.645084161287,-30.23350631638,-69.));
#1802 = CARTESIAN_POINT('',(19.442631463852,-29.88810424106,-69.));
#1803 = CARTESIAN_POINT('',(19.22844363991,-29.54979307853,-69.));
#1804 = CARTESIAN_POINT('',(19.003154954732,-29.21880608559,-69.));
#1805 = CARTESIAN_POINT('',(18.767385929938,-28.89532014471,-69.));
#1806 = CARTESIAN_POINT('',(18.521733641517,-28.57946206299,-69.));
#1807 = CARTESIAN_POINT('',(17.42939027688,-27.25928889842,-69.));
#1808 = CARTESIAN_POINT('',(16.493005846075,-26.33221577474,-69.));
#1809 = CARTESIAN_POINT('',(15.476155610362,-25.48991790282,-69.));
#1810 = CARTESIAN_POINT('',(14.394693500085,-24.73136802896,-69.));
#1811 = CARTESIAN_POINT('',(13.262089016551,-24.05436963607,-69.));
#1812 = CARTESIAN_POINT('',(12.089088282038,-23.45606425301,-69.));
#1813 = CARTESIAN_POINT('',(10.883555126038,-22.93324597966,-69.));
#1814 = CARTESIAN_POINT('',(9.65,-22.48310535413,-69.));
#1815 = PCURVE('',#1393,#1816);
#1816 = DEFINITIONAL_REPRESENTATION('',(#1817),#1848);
#1817 = B_SPLINE_CURVE_WITH_KNOTS('',8,(#1818,#1819,#1820,#1821,#1822,
    #1823,#1824,#1825,#1826,#1827,#1828,#1829,#1830,#1831,#1832,#1833,
    #1834,#1835,#1836,#1837,#1838,#1839,#1840,#1841,#1842,#1843,#1844,
    #1845,#1846,#1847),.UNSPECIFIED.,.F.,.F.,(9,7,7,7,9),(0.,1.,
    1.827223519275,2.332716787557,3.992863475357),.UNSPECIFIED.);
#1818 = CARTESIAN_POINT('',(9.836832515573,0.));
#1819 = CARTESIAN_POINT('',(10.24551459005,0.677249931655));
#1820 = CARTESIAN_POINT('',(10.608832148762,1.382815680309));
#1821 = CARTESIAN_POINT('',(10.921310505248,2.114082673753));
#1822 = CARTESIAN_POINT('',(11.177840076195,2.867681740779));
#1823 = CARTESIAN_POINT('',(11.373952007224,3.639421570703));
#1824 = CARTESIAN_POINT('',(11.506095240021,4.424216535796));
#1825 = CARTESIAN_POINT('',(11.572112473765,5.215964672857));
#1826 = CARTESIAN_POINT('',(11.572112473765,6.66196714423));
#1827 = CARTESIAN_POINT('',(11.526937187065,7.316814796796));
#1828 = CARTESIAN_POINT('',(11.43653615666,7.967817813885));
#1829 = CARTESIAN_POINT('',(11.301885705897,8.611426767428));
#1830 = CARTESIAN_POINT('',(11.124688103035,9.244534766605));
#1831 = CARTESIAN_POINT('',(10.90718658152,9.864437802831));
#1832 = CARTESIAN_POINT('',(10.652046286008,10.468809241257));
#1833 = CARTESIAN_POINT('',(10.1851655117,11.414297907633));
#1834 = CARTESIAN_POINT('',(9.995084161287,11.766493683614));
#1835 = CARTESIAN_POINT('',(9.792631463852,12.11189575894));
#1836 = CARTESIAN_POINT('',(9.57844363991,12.45020692147));
#1837 = CARTESIAN_POINT('',(9.353154954732,12.78119391441));
#1838 = CARTESIAN_POINT('',(9.117385929938,13.104679855286));
#1839 = CARTESIAN_POINT('',(8.871733641517,13.420537937004));
#1840 = CARTESIAN_POINT('',(7.77939027688,14.740711101574));
#1841 = CARTESIAN_POINT('',(6.843005846075,15.667784225252));
#1842 = CARTESIAN_POINT('',(5.826155610362,16.510082097177));
#1843 = CARTESIAN_POINT('',(4.744693500085,17.268631971032));
#1844 = CARTESIAN_POINT('',(3.612089016551,17.945630363924));
#1845 = CARTESIAN_POINT('',(2.439088282038,18.543935746986));
#1846 = CARTESIAN_POINT('',(1.233555126038,19.06675402034));
#1847 = CARTESIAN_POINT('',(0.,19.516894645867));
#1848 = ( GEOMETRIC_REPRESENTATION_CONTEXT(2) 
PARAMETRIC_REPRESENTATION_CONTEXT() REPRESENTATION_CONTEXT('2D SPACE',''
  ) );
#1849 = PCURVE('',#1469,#1850);
#1850 = DEFINITIONAL_REPRESENTATION('',(#1851),#1899);
#1851 = B_SPLINE_CURVE_WITH_KNOTS('',3,(#1852,#1853,#1854,#1855,#1856,
    #1857,#1858,#1859,#1860,#1861,#1862,#1863,#1864,#1865,#1866,#1867,
    #1868,#1869,#1870,#1871,#1872,#1873,#1874,#1875,#1876,#1877,#1878,
    #1879,#1880,#1881,#1882,#1883,#1884,#1885,#1886,#1887,#1888,#1889,
    #1890,#1891,#1892,#1893,#1894,#1895,#1896,#1897,#1898),
  .UNSPECIFIED.,.F.,.F.,(4,1,1,1,1,1,1,1,1,1,1,1,1,1,1,1,1,1,1,1,1,1,1,1
    ,1,1,1,1,1,1,1,1,1,1,1,1,1,1,1,1,1,1,1,1,4),(0.,9.07468971672E-02,
    0.181493794334,0.272240691502,0.362987588669,0.453734485836,
    0.544481383003,0.63522828017,0.725975177338,0.816722074505,
    0.907468971672,0.998215868839,1.088962766006,1.179709663174,
    1.270456560341,1.361203457508,1.451950354675,1.542697251842,
    1.63344414901,1.724191046177,1.814937943344,1.905684840511,
    1.996431737678,2.087178634846,2.177925532013,2.26867242918,
    2.359419326347,2.450166223514,2.540913120682,2.631660017849,
    2.722406915016,2.813153812183,2.90390070935,2.994647606517,
    3.085394503685,3.176141400852,3.266888298019,3.357635195186,
    3.448382092353,3.539128989521,3.629875886688,3.720622783855,
    3.811369681022,3.902116578189,3.992863475357),
  .QUASI_UNIFORM_KNOTS.);
#1852 = CARTESIAN_POINT('',(0.935191756129,8.830527298961E-02));
#1853 = CARTESIAN_POINT('',(0.937064469207,8.830527300206E-02));
#1854 = CARTESIAN_POINT('',(0.940831205485,8.830527300768E-02));
#1855 = CARTESIAN_POINT('',(0.946541415237,8.830527298861E-02));
#1856 = CARTESIAN_POINT('',(0.952308022798,8.830527298871E-02));
#1857 = CARTESIAN_POINT('',(0.95812690941,8.830527299739E-02));
#1858 = CARTESIAN_POINT('',(0.96399361859,8.830527297992E-02));
#1859 = CARTESIAN_POINT('',(0.969903253924,8.830527296707E-02));
#1860 = CARTESIAN_POINT('',(0.975850401875,8.830527299953E-02));
#1861 = CARTESIAN_POINT('',(0.981829045466,8.830527303599E-02));
#1862 = CARTESIAN_POINT('',(0.987832389871,8.830527298382E-02));
#1863 = CARTESIAN_POINT('',(0.993852930441,8.830527289291E-02));
#1864 = CARTESIAN_POINT('',(0.9998814975,8.830527302182E-02));
#1865 = CARTESIAN_POINT('',(1.0059099867,8.830527295691E-02));
#1866 = CARTESIAN_POINT('',(1.01193088682,8.830527299913E-02));
#1867 = CARTESIAN_POINT('',(1.01793511175,8.830527300719E-02));
#1868 = CARTESIAN_POINT('',(1.02391520466,8.830527297727E-02));
#1869 = CARTESIAN_POINT('',(1.029864275731,8.830527297278E-02));
#1870 = CARTESIAN_POINT('',(1.03577611943,8.830527300611E-02));
#1871 = CARTESIAN_POINT('',(1.041645017615,8.830527300891E-02));
#1872 = CARTESIAN_POINT('',(1.047465739068,8.830527294815E-02));
#1873 = CARTESIAN_POINT('',(1.053233167669,8.830527300915E-02));
#1874 = CARTESIAN_POINT('',(1.058943305119,8.830527294185E-02));
#1875 = CARTESIAN_POINT('',(1.06459550201,8.830527302786E-02));
#1876 = CARTESIAN_POINT('',(1.07018754948,8.830527298043E-02));
#1877 = CARTESIAN_POINT('',(1.075718485701,8.830527296382E-02));
#1878 = CARTESIAN_POINT('',(1.08118752512,8.830527303776E-02));
#1879 = CARTESIAN_POINT('',(1.086595330079,8.830527296696E-02));
#1880 = CARTESIAN_POINT('',(1.091938861495,8.830527312021E-02));
#1881 = CARTESIAN_POINT('',(1.097220204761,8.830527304318E-02));
#1882 = CARTESIAN_POINT('',(1.102441543914,8.830527293903E-02));
#1883 = CARTESIAN_POINT('',(1.107604897054,8.830527290861E-02));
#1884 = CARTESIAN_POINT('',(1.112712221262,8.8305272961E-02));
#1885 = CARTESIAN_POINT('',(1.117765414107,8.830527303196E-02));
#1886 = CARTESIAN_POINT('',(1.122766339482,8.830527306032E-02));
#1887 = CARTESIAN_POINT('',(1.12771684437,8.830527302876E-02));
#1888 = CARTESIAN_POINT('',(1.132618776153,8.830527296701E-02));
#1889 = CARTESIAN_POINT('',(1.137473998424,8.830527292476E-02));
#1890 = CARTESIAN_POINT('',(1.142284406268,8.83052729356E-02));
#1891 = CARTESIAN_POINT('',(1.147051941152,8.830527299274E-02));
#1892 = CARTESIAN_POINT('',(1.151778605531,8.830527305084E-02));
#1893 = CARTESIAN_POINT('',(1.156466477976,8.830527305506E-02));
#1894 = CARTESIAN_POINT('',(1.161117726786,8.830527298967E-02));
#1895 = CARTESIAN_POINT('',(1.165734630667,8.830527290166E-02));
#1896 = CARTESIAN_POINT('',(1.1703195754,8.83052729205E-02));
#1897 = CARTESIAN_POINT('',(1.173356620883,8.830527296253E-02));
#1898 = CARTESIAN_POINT('',(1.174870668606,8.830527298961E-02));
#1899 = ( GEOMETRIC_REPRESENTATION_CONTEXT(2) 
PARAMETRIC_REPRESENTATION_CONTEXT() REPRESENTATION_CONTEXT('2D SPACE',''
  ) );
#1900 = ADVANCED_FACE('',(#1901),#1607,.T.);
#1901 = FACE_BOUND('',#1902,.T.);
#1902 = EDGE_LOOP('',(#1903,#1933,#1987,#1988));
#1903 = ORIENTED_EDGE('',*,*,#1904,.F.);
#1904 = EDGE_CURVE('',#1905,#1907,#1909,.T.);
#1905 = VERTEX_POINT('',#1906);
#1906 = CARTESIAN_POINT('',(22.35,-6.,-30.72982464989));
#1907 = VERTEX_POINT('',#1908);
#1908 = CARTESIAN_POINT('',(22.35,-6.,-18.));
#1909 = SURFACE_CURVE('',#1910,(#1914,#1921),.PCURVE_S1.);
#1910 = LINE('',#1911,#1912);
#1911 = CARTESIAN_POINT('',(22.35,-6.,-69.));
#1912 = VECTOR('',#1913,1.);
#1913 = DIRECTION('',(0.,0.,1.));
#1914 = PCURVE('',#1607,#1915);
#1915 = DEFINITIONAL_REPRESENTATION('',(#1916),#1920);
#1916 = LINE('',#1917,#1918);
#1917 = CARTESIAN_POINT('',(0.,12.7));
#1918 = VECTOR('',#1919,1.);
#1919 = DIRECTION('',(1.,0.));
#1920 = ( GEOMETRIC_REPRESENTATION_CONTEXT(2) 
PARAMETRIC_REPRESENTATION_CONTEXT() REPRESENTATION_CONTEXT('2D SPACE',''
  ) );
#1921 = PCURVE('',#1922,#1927);
#1922 = PLANE('',#1923);
#1923 = AXIS2_PLACEMENT_3D('',#1924,#1925,#1926);
#1924 = CARTESIAN_POINT('',(22.35,-42.,-69.));
#1925 = DIRECTION('',(1.,0.,0.));
#1926 = DIRECTION('',(0.,0.,1.));
#1927 = DEFINITIONAL_REPRESENTATION('',(#1928),#1932);
#1928 = LINE('',#1929,#1930);
#1929 = CARTESIAN_POINT('',(0.,-36.));
#1930 = VECTOR('',#1931,1.);
#1931 = DIRECTION('',(1.,0.));
#1932 = ( GEOMETRIC_REPRESENTATION_CONTEXT(2) 
PARAMETRIC_REPRESENTATION_CONTEXT() REPRESENTATION_CONTEXT('2D SPACE',''
  ) );
#1933 = ORIENTED_EDGE('',*,*,#1934,.F.);
#1934 = EDGE_CURVE('',#1406,#1905,#1935,.T.);
#1935 = SURFACE_CURVE('',#1936,(#1951,#1969),.PCURVE_S1.);
#1936 = B_SPLINE_CURVE_WITH_KNOTS('',7,(#1937,#1938,#1939,#1940,#1941,
    #1942,#1943,#1944,#1945,#1946,#1947,#1948,#1949,#1950),
  .UNSPECIFIED.,.F.,.F.,(8,6,8),(0.,0.817368431414,1.),.UNSPECIFIED.);
#1937 = CARTESIAN_POINT('',(9.65,-6.,-41.65716172852));
#1938 = CARTESIAN_POINT('',(11.433446606182,-6.,-40.80525812175));
#1939 = CARTESIAN_POINT('',(13.138870662799,-6.,-39.79682255997));
#1940 = CARTESIAN_POINT('',(14.761983304224,-6.,-38.65591524575));
#1941 = CARTESIAN_POINT('',(16.301811829454,-6.,-37.4050097117));
#1942 = CARTESIAN_POINT('',(17.758495586595,-6.,-36.06223268995));
#1943 = CARTESIAN_POINT('',(19.132292749454,-6.,-34.64005465664));
#1944 = CARTESIAN_POINT('',(20.710584361229,-6.,-32.80950235607));
#1945 = CARTESIAN_POINT('',(20.994602543071,-6.,-32.47154234785));
#1946 = CARTESIAN_POINT('',(21.274364858056,-6.,-32.13002438403));
#1947 = CARTESIAN_POINT('',(21.549834789364,-6.,-31.78502654734));
#1948 = CARTESIAN_POINT('',(21.820967479305,-6.,-31.43661958869));
#1949 = CARTESIAN_POINT('',(22.087709729325,-6.,-31.08486692714));
#1950 = CARTESIAN_POINT('',(22.35,-6.,-30.72982464989));
#1951 = PCURVE('',#1607,#1952);
#1952 = DEFINITIONAL_REPRESENTATION('',(#1953),#1968);
#1953 = B_SPLINE_CURVE_WITH_KNOTS('',7,(#1954,#1955,#1956,#1957,#1958,
    #1959,#1960,#1961,#1962,#1963,#1964,#1965,#1966,#1967),
  .UNSPECIFIED.,.F.,.F.,(8,6,8),(0.,0.817368431414,1.),.UNSPECIFIED.);
#1954 = CARTESIAN_POINT('',(27.342838271473,0.));
#1955 = CARTESIAN_POINT('',(28.19474187825,1.783446606182));
#1956 = CARTESIAN_POINT('',(29.203177440023,3.488870662799));
#1957 = CARTESIAN_POINT('',(30.344084754249,5.111983304224));
#1958 = CARTESIAN_POINT('',(31.594990288291,6.651811829454));
#1959 = CARTESIAN_POINT('',(32.93776731005,8.108495586595));
#1960 = CARTESIAN_POINT('',(34.359945343357,9.482292749454));
#1961 = CARTESIAN_POINT('',(36.190497643921,11.060584361229));
#1962 = CARTESIAN_POINT('',(36.528457652142,11.344602543071));
#1963 = CARTESIAN_POINT('',(36.869975615969,11.624364858056));
#1964 = CARTESIAN_POINT('',(37.214973452657,11.899834789364));
#1965 = CARTESIAN_POINT('',(37.563380411306,12.170967479305));
#1966 = CARTESIAN_POINT('',(37.91513307286,12.437709729325));
#1967 = CARTESIAN_POINT('',(38.270175350103,12.7));
#1968 = ( GEOMETRIC_REPRESENTATION_CONTEXT(2) 
PARAMETRIC_REPRESENTATION_CONTEXT() REPRESENTATION_CONTEXT('2D SPACE',''
  ) );
#1969 = PCURVE('',#1469,#1970);
#1970 = DEFINITIONAL_REPRESENTATION('',(#1971),#1986);
#1971 = B_SPLINE_CURVE_WITH_KNOTS('',7,(#1972,#1973,#1974,#1975,#1976,
    #1977,#1978,#1979,#1980,#1981,#1982,#1983,#1984,#1985),
  .UNSPECIFIED.,.F.,.F.,(8,6,8),(0.,0.817368431414,1.),.UNSPECIFIED.);
#1972 = CARTESIAN_POINT('',(1.186797740819,0.417960332199));
#1973 = CARTESIAN_POINT('',(1.174842153025,0.428320401287));
#1974 = CARTESIAN_POINT('',(1.163224611146,0.4406058617));
#1975 = CARTESIAN_POINT('',(1.15194423198,0.454539364791));
#1976 = CARTESIAN_POINT('',(1.140987747609,0.469864408818));
#1977 = CARTESIAN_POINT('',(1.130333022896,0.48637510877));
#1978 = CARTESIAN_POINT('',(1.119944633359,0.503929582222));
#1979 = CARTESIAN_POINT('',(1.107498362927,0.526609067036));
#1980 = CARTESIAN_POINT('',(1.105236390309,0.53079946446));
#1981 = CARTESIAN_POINT('',(1.102985114252,0.53503727216));
#1982 = CARTESIAN_POINT('',(1.100744135487,0.539321560812));
#1983 = CARTESIAN_POINT('',(1.09851306818,0.543651469027));
#1984 = CARTESIAN_POINT('',(1.096291539941,0.548026203353));
#1985 = CARTESIAN_POINT('',(1.094079191818,0.552445038275));
#1986 = ( GEOMETRIC_REPRESENTATION_CONTEXT(2) 
PARAMETRIC_REPRESENTATION_CONTEXT() REPRESENTATION_CONTEXT('2D SPACE',''
  ) );
#1987 = ORIENTED_EDGE('',*,*,#1591,.T.);
#1988 = ORIENTED_EDGE('',*,*,#1989,.T.);
#1989 = EDGE_CURVE('',#1592,#1907,#1990,.T.);
#1990 = SURFACE_CURVE('',#1991,(#1995,#2002),.PCURVE_S1.);
#1991 = LINE('',#1992,#1993);
#1992 = CARTESIAN_POINT('',(9.65,-6.,-18.));
#1993 = VECTOR('',#1994,1.);
#1994 = DIRECTION('',(1.,0.,0.));
#1995 = PCURVE('',#1607,#1996);
#1996 = DEFINITIONAL_REPRESENTATION('',(#1997),#2001);
#1997 = LINE('',#1998,#1999);
#1998 = CARTESIAN_POINT('',(51.,0.));
#1999 = VECTOR('',#2000,1.);
#2000 = DIRECTION('',(0.,1.));
#2001 = ( GEOMETRIC_REPRESENTATION_CONTEXT(2) 
PARAMETRIC_REPRESENTATION_CONTEXT() REPRESENTATION_CONTEXT('2D SPACE',''
  ) );
#2002 = PCURVE('',#1635,#2003);
#2003 = DEFINITIONAL_REPRESENTATION('',(#2004),#2008);
#2004 = LINE('',#2005,#2006);
#2005 = CARTESIAN_POINT('',(0.,36.));
#2006 = VECTOR('',#2007,1.);
#2007 = DIRECTION('',(1.,0.));
#2008 = ( GEOMETRIC_REPRESENTATION_CONTEXT(2) 
PARAMETRIC_REPRESENTATION_CONTEXT() REPRESENTATION_CONTEXT('2D SPACE',''
  ) );
#2009 = ADVANCED_FACE('',(#2010),#1922,.T.);
#2010 = FACE_BOUND('',#2011,.T.);
#2011 = EDGE_LOOP('',(#2012,#2035,#2265,#2493));
#2012 = ORIENTED_EDGE('',*,*,#2013,.F.);
#2013 = EDGE_CURVE('',#2014,#1907,#2016,.T.);
#2014 = VERTEX_POINT('',#2015);
#2015 = CARTESIAN_POINT('',(22.35,-22.66608149244,-18.));
#2016 = SURFACE_CURVE('',#2017,(#2021,#2028),.PCURVE_S1.);
#2017 = LINE('',#2018,#2019);
#2018 = CARTESIAN_POINT('',(22.35,-42.,-18.));
#2019 = VECTOR('',#2020,1.);
#2020 = DIRECTION('',(0.,1.,0.));
#2021 = PCURVE('',#1922,#2022);
#2022 = DEFINITIONAL_REPRESENTATION('',(#2023),#2027);
#2023 = LINE('',#2024,#2025);
#2024 = CARTESIAN_POINT('',(51.,0.));
#2025 = VECTOR('',#2026,1.);
#2026 = DIRECTION('',(0.,-1.));
#2027 = ( GEOMETRIC_REPRESENTATION_CONTEXT(2) 
PARAMETRIC_REPRESENTATION_CONTEXT() REPRESENTATION_CONTEXT('2D SPACE',''
  ) );
#2028 = PCURVE('',#1635,#2029);
#2029 = DEFINITIONAL_REPRESENTATION('',(#2030),#2034);
#2030 = LINE('',#2031,#2032);
#2031 = CARTESIAN_POINT('',(12.7,0.));
#2032 = VECTOR('',#2033,1.);
#2033 = DIRECTION('',(0.,1.));
#2034 = ( GEOMETRIC_REPRESENTATION_CONTEXT(2) 
PARAMETRIC_REPRESENTATION_CONTEXT() REPRESENTATION_CONTEXT('2D SPACE',''
  ) );
#2035 = ORIENTED_EDGE('',*,*,#2036,.F.);
#2036 = EDGE_CURVE('',#2037,#2014,#2039,.T.);
#2037 = VERTEX_POINT('',#2038);
#2038 = CARTESIAN_POINT('',(22.35,-32.34599109976,-61.7668419136));
#2039 = SURFACE_CURVE('',#2040,(#2113,#2189),.PCURVE_S1.);
#2040 = B_SPLINE_CURVE_WITH_KNOTS('',8,(#2041,#2042,#2043,#2044,#2045,
    #2046,#2047,#2048,#2049,#2050,#2051,#2052,#2053,#2054,#2055,#2056,
    #2057,#2058,#2059,#2060,#2061,#2062,#2063,#2064,#2065,#2066,#2067,
    #2068,#2069,#2070,#2071,#2072,#2073,#2074,#2075,#2076,#2077,#2078,
    #2079,#2080,#2081,#2082,#2083,#2084,#2085,#2086,#2087,#2088,#2089,
    #2090,#2091,#2092,#2093,#2094,#2095,#2096,#2097,#2098,#2099,#2100,
    #2101,#2102,#2103,#2104,#2105,#2106,#2107,#2108,#2109,#2110,#2111,
    #2112),.UNSPECIFIED.,.F.,.F.,(9,7,7,7,7,7,7,7,7,7,9),(0.,
    2.113004232692E-02,4.300128362491E-02,7.582096401579E-02,
    0.126871943672,0.193159626598,0.274549886332,0.337388068493,
    0.564888562122,0.778779060941,1.),.UNSPECIFIED.);
#2041 = CARTESIAN_POINT('',(22.35,-32.34599109976,-61.7668419136));
#2042 = CARTESIAN_POINT('',(22.35,-32.46749771811,-61.7668419136));
#2043 = CARTESIAN_POINT('',(22.35,-32.59097566314,-61.75466160315));
#2044 = CARTESIAN_POINT('',(22.35,-32.71255626074,-61.72747523962));
#2045 = CARTESIAN_POINT('',(22.35,-32.82887290531,-61.68355640974));
#2046 = CARTESIAN_POINT('',(22.35,-32.93719801104,-61.62265118387));
#2047 = CARTESIAN_POINT('',(22.35,-33.03558864563,-61.54629671027));
#2048 = CARTESIAN_POINT('',(22.35,-33.1229336855,-61.4579560446));
#2049 = CARTESIAN_POINT('',(22.35,-33.27731805108,-61.2643874973));
#2050 = CARTESIAN_POINT('',(22.35,-33.34442520536,-61.15756166465));
#2051 = CARTESIAN_POINT('',(22.35,-33.40157677083,-61.04480192164));
#2052 = CARTESIAN_POINT('',(22.35,-33.45018860293,-60.92808353231));
#2053 = CARTESIAN_POINT('',(22.35,-33.49152452679,-60.80886386673));
#2054 = CARTESIAN_POINT('',(22.35,-33.52667482075,-60.68807320716));
#2055 = CARTESIAN_POINT('',(22.35,-33.55656617125,-60.566120041));
#2056 = CARTESIAN_POINT('',(22.35,-33.62003606348,-60.25794964166));
#2057 = CARTESIAN_POINT('',(22.35,-33.64777531527,-60.07107296935));
#2058 = CARTESIAN_POINT('',(22.35,-33.66763642563,-59.88307193093));
#2059 = CARTESIAN_POINT('',(22.35,-33.68101832257,-59.69450897252));
#2060 = CARTESIAN_POINT('',(22.35,-33.68904762742,-59.50576627459));
#2061 = CARTESIAN_POINT('',(22.35,-33.69252336412,-59.31703432186));
#2062 = CARTESIAN_POINT('',(22.35,-33.69209254958,-59.12833563326));
#2063 = CARTESIAN_POINT('',(22.35,-33.68225300977,-58.64581498254));
#2064 = CARTESIAN_POINT('',(22.35,-33.66800176738,-58.35234695702));
#2065 = CARTESIAN_POINT('',(22.35,-33.64739472197,-58.05920733479));
#2066 = CARTESIAN_POINT('',(22.35,-33.62158589035,-57.7664837276));
#2067 = CARTESIAN_POINT('',(22.35,-33.59147280751,-57.47422051255));
#2068 = CARTESIAN_POINT('',(22.35,-33.55771364625,-57.18241618418));
#2069 = CARTESIAN_POINT('',(22.35,-33.52083650732,-56.89101622883));
#2070 = CARTESIAN_POINT('',(22.35,-33.42985391939,-56.22192256026));
#2071 = CARTESIAN_POINT('',(22.35,-33.37391052562,-55.84456751594));
#2072 = CARTESIAN_POINT('',(22.35,-33.31434945975,-55.46775515518));
#2073 = CARTESIAN_POINT('',(22.35,-33.25182112768,-55.0914242498));
#2074 = CARTESIAN_POINT('',(22.35,-33.18682461847,-54.71552273948));
#2075 = CARTESIAN_POINT('',(22.35,-33.11975737478,-54.33999951157));
#2076 = CARTESIAN_POINT('',(22.35,-33.05093192203,-53.96480158274));
#2077 = CARTESIAN_POINT('',(22.35,-32.894249873,-53.129516085));
#2078 = CARTESIAN_POINT('',(22.35,-32.80563504922,-52.6695900957));
#2079 = CARTESIAN_POINT('',(22.35,-32.71523087384,-52.21001011485));
#2080 = CARTESIAN_POINT('',(22.35,-32.62338270152,-51.75071650298));
#2081 = CARTESIAN_POINT('',(22.35,-32.53034681889,-51.2916641868));
#2082 = CARTESIAN_POINT('',(22.35,-32.43631732108,-50.83281730926));
#2083 = CARTESIAN_POINT('',(22.35,-32.34144153945,-50.37414613668));
#2084 = CARTESIAN_POINT('',(22.35,-32.17200153776,-49.56162123559));
#2085 = CARTESIAN_POINT('',(22.35,-32.09773764399,-49.20770840063));
#2086 = CARTESIAN_POINT('',(22.35,-32.02308099391,-48.85387805689));
#2087 = CARTESIAN_POINT('',(22.35,-31.9480672083,-48.50012321096));
#2088 = CARTESIAN_POINT('',(22.35,-31.87272059834,-48.14643917226));
#2089 = CARTESIAN_POINT('',(22.35,-31.79705588975,-47.79282318813));
#2090 = CARTESIAN_POINT('',(22.35,-31.72107994695,-47.43927407889));
#2091 = CARTESIAN_POINT('',(22.35,-31.36860465199,-45.80603848803));
#2092 = CARTESIAN_POINT('',(22.35,-31.08834949467,-44.52718023077));
#2093 = CARTESIAN_POINT('',(22.35,-30.80403408865,-43.24919506692));
#2094 = CARTESIAN_POINT('',(22.35,-30.51455745222,-41.97234327508));
#2095 = CARTESIAN_POINT('',(22.35,-30.2183282158,-40.69702889579));
#2096 = CARTESIAN_POINT('',(22.35,-29.91354641395,-39.42373590694));
#2097 = CARTESIAN_POINT('',(22.35,-29.59834885862,-38.15299516718));
#2098 = CARTESIAN_POINT('',(22.35,-28.96326655783,-35.6935175132));
#2099 = CARTESIAN_POINT('',(22.35,-28.64479124331,-34.50442968872));
#2100 = CARTESIAN_POINT('',(22.35,-28.31417965691,-33.31859801575));
#2101 = CARTESIAN_POINT('',(22.35,-27.97012613597,-32.13655793812));
#2102 = CARTESIAN_POINT('',(22.35,-27.6115510994,-30.9588212965));
#2103 = CARTESIAN_POINT('',(22.35,-27.23769931477,-29.78584739949));
#2104 = CARTESIAN_POINT('',(22.35,-26.84821562765,-28.61802089277));
#2105 = CARTESIAN_POINT('',(22.35,-26.02429994877,-26.2534148008));
#2106 = CARTESIAN_POINT('',(22.35,-25.58875413936,-25.05692678942));
#2107 = CARTESIAN_POINT('',(22.35,-25.13667576958,-23.86653273639));
#2108 = CARTESIAN_POINT('',(22.35,-24.66864374461,-22.68233458506));
#2109 = CARTESIAN_POINT('',(22.35,-24.1857410935,-21.50416014875));
#2110 = CARTESIAN_POINT('',(22.35,-23.68955301995,-20.3315642689));
#2111 = CARTESIAN_POINT('',(22.35,-23.18214978823,-19.16383587993));
#2112 = CARTESIAN_POINT('',(22.35,-22.66608149244,-18.));
#2113 = PCURVE('',#1922,#2114);
#2114 = DEFINITIONAL_REPRESENTATION('',(#2115),#2188);
#2115 = B_SPLINE_CURVE_WITH_KNOTS('',8,(#2116,#2117,#2118,#2119,#2120,
    #2121,#2122,#2123,#2124,#2125,#2126,#2127,#2128,#2129,#2130,#2131,
    #2132,#2133,#2134,#2135,#2136,#2137,#2138,#2139,#2140,#2141,#2142,
    #2143,#2144,#2145,#2146,#2147,#2148,#2149,#2150,#2151,#2152,#2153,
    #2154,#2155,#2156,#2157,#2158,#2159,#2160,#2161,#2162,#2163,#2164,
    #2165,#2166,#2167,#2168,#2169,#2170,#2171,#2172,#2173,#2174,#2175,
    #2176,#2177,#2178,#2179,#2180,#2181,#2182,#2183,#2184,#2185,#2186,
    #2187),.UNSPECIFIED.,.F.,.F.,(9,7,7,7,7,7,7,7,7,7,9),(0.,
    2.113004232692E-02,4.300128362491E-02,7.582096401579E-02,
    0.126871943672,0.193159626598,0.274549886332,0.337388068493,
    0.564888562122,0.778779060941,1.),.UNSPECIFIED.);
#2116 = CARTESIAN_POINT('',(7.233158086396,-9.654008900239));
#2117 = CARTESIAN_POINT('',(7.233158086396,-9.532502281883));
#2118 = CARTESIAN_POINT('',(7.245338396845,-9.409024336859));
#2119 = CARTESIAN_POINT('',(7.272524760374,-9.287443739256));
#2120 = CARTESIAN_POINT('',(7.316443590252,-9.17112709469));
#2121 = CARTESIAN_POINT('',(7.377348816126,-9.062801988955));
#2122 = CARTESIAN_POINT('',(7.453703289722,-8.964411354368));
#2123 = CARTESIAN_POINT('',(7.542043955396,-8.877066314499));
#2124 = CARTESIAN_POINT('',(7.7356125027,-8.722681948913));
#2125 = CARTESIAN_POINT('',(7.842438335345,-8.65557479464));
#2126 = CARTESIAN_POINT('',(7.955198078359,-8.598423229166));
#2127 = CARTESIAN_POINT('',(8.071916467684,-8.549811397067));
#2128 = CARTESIAN_POINT('',(8.191136133263,-8.508475473201));
#2129 = CARTESIAN_POINT('',(8.311926792831,-8.473325179247));
#2130 = CARTESIAN_POINT('',(8.433879958993,-8.443433828747));
#2131 = CARTESIAN_POINT('',(8.74205035834,-8.379963936516));
#2132 = CARTESIAN_POINT('',(8.928927030645,-8.35222468473));
#2133 = CARTESIAN_POINT('',(9.116928069065,-8.332363574361));
#2134 = CARTESIAN_POINT('',(9.30549102748,-8.318981677426));
#2135 = CARTESIAN_POINT('',(9.494233725407,-8.310952372574));
#2136 = CARTESIAN_POINT('',(9.682965678131,-8.307476635877));
#2137 = CARTESIAN_POINT('',(9.871664366733,-8.307907450415));
#2138 = CARTESIAN_POINT('',(10.354185017454,-8.317746990225));
#2139 = CARTESIAN_POINT('',(10.647653042974,-8.331998232617));
#2140 = CARTESIAN_POINT('',(10.94079266521,-8.352605278022));
#2141 = CARTESIAN_POINT('',(11.233516272394,-8.378414109649));
#2142 = CARTESIAN_POINT('',(11.525779487447,-8.408527192488));
#2143 = CARTESIAN_POINT('',(11.817583815819,-8.442286353743));
#2144 = CARTESIAN_POINT('',(12.108983771169,-8.479163492678));
#2145 = CARTESIAN_POINT('',(12.778077439736,-8.570146080604));
#2146 = CARTESIAN_POINT('',(13.155432484055,-8.626089474375));
#2147 = CARTESIAN_POINT('',(13.53224484482,-8.685650540243));
#2148 = CARTESIAN_POINT('',(13.908575750198,-8.748178872319));
#2149 = CARTESIAN_POINT('',(14.284477260513,-8.813175381528));
#2150 = CARTESIAN_POINT('',(14.660000488425,-8.880242625211));
#2151 = CARTESIAN_POINT('',(15.035198417254,-8.949068077966));
#2152 = CARTESIAN_POINT('',(15.870483915,-9.105750126997));
#2153 = CARTESIAN_POINT('',(16.330409904299,-9.194364950774));
#2154 = CARTESIAN_POINT('',(16.789989885145,-9.284769126153));
#2155 = CARTESIAN_POINT('',(17.249283497011,-9.376617298478));
#2156 = CARTESIAN_POINT('',(17.708335813191,-9.469653181105));
#2157 = CARTESIAN_POINT('',(18.167182690732,-9.563682678918));
#2158 = CARTESIAN_POINT('',(18.625853863313,-9.658558460542));
#2159 = CARTESIAN_POINT('',(19.438378764403,-9.827998462235));
#2160 = CARTESIAN_POINT('',(19.792291599366,-9.90226235601));
#2161 = CARTESIAN_POINT('',(20.146121943107,-9.976919006088));
#2162 = CARTESIAN_POINT('',(20.499876789034,-10.05193279169));
#2163 = CARTESIAN_POINT('',(20.853560827733,-10.12727940165));
#2164 = CARTESIAN_POINT('',(21.20717681187,-10.20294411024));
#2165 = CARTESIAN_POINT('',(21.560725921102,-10.27892005304));
#2166 = CARTESIAN_POINT('',(23.193961511966,-10.631395348));
#2167 = CARTESIAN_POINT('',(24.472819769226,-10.91165050532));
#2168 = CARTESIAN_POINT('',(25.750804933074,-11.19596591134));
#2169 = CARTESIAN_POINT('',(27.027656724917,-11.48544254777));
#2170 = CARTESIAN_POINT('',(28.302971104202,-11.78167178419));
#2171 = CARTESIAN_POINT('',(29.576264093056,-12.08645358605));
#2172 = CARTESIAN_POINT('',(30.847004832818,-12.40165114137));
#2173 = CARTESIAN_POINT('',(33.306482486792,-13.03673344216));
#2174 = CARTESIAN_POINT('',(34.495570311276,-13.35520875668));
#2175 = CARTESIAN_POINT('',(35.681401984243,-13.68582034308));
#2176 = CARTESIAN_POINT('',(36.863442061878,-14.02987386402));
#2177 = CARTESIAN_POINT('',(38.041178703497,-14.38844890059));
#2178 = CARTESIAN_POINT('',(39.214152600506,-14.76230068522));
#2179 = CARTESIAN_POINT('',(40.381979107225,-15.15178437234));
#2180 = CARTESIAN_POINT('',(42.746585199195,-15.97570005122));
#2181 = CARTESIAN_POINT('',(43.943073210579,-16.41124586063));
#2182 = CARTESIAN_POINT('',(45.133467263603,-16.86332423041));
#2183 = CARTESIAN_POINT('',(46.317665414934,-17.33135625539));
#2184 = CARTESIAN_POINT('',(47.495839851249,-17.81425890649));
#2185 = CARTESIAN_POINT('',(48.668435731094,-18.31044698004));
#2186 = CARTESIAN_POINT('',(49.836164120062,-18.81785021176));
#2187 = CARTESIAN_POINT('',(51.,-19.33391850755));
#2188 = ( GEOMETRIC_REPRESENTATION_CONTEXT(2) 
PARAMETRIC_REPRESENTATION_CONTEXT() REPRESENTATION_CONTEXT('2D SPACE',''
  ) );
#2189 = PCURVE('',#1469,#2190);
#2190 = DEFINITIONAL_REPRESENTATION('',(#2191),#2264);
#2191 = B_SPLINE_CURVE_WITH_KNOTS('',8,(#2192,#2193,#2194,#2195,#2196,
    #2197,#2198,#2199,#2200,#2201,#2202,#2203,#2204,#2205,#2206,#2207,
    #2208,#2209,#2210,#2211,#2212,#2213,#2214,#2215,#2216,#2217,#2218,
    #2219,#2220,#2221,#2222,#2223,#2224,#2225,#2226,#2227,#2228,#2229,
    #2230,#2231,#2232,#2233,#2234,#2235,#2236,#2237,#2238,#2239,#2240,
    #2241,#2242,#2243,#2244,#2245,#2246,#2247,#2248,#2249,#2250,#2251,
    #2252,#2253,#2254,#2255,#2256,#2257,#2258,#2259,#2260,#2261,#2262,
    #2263),.UNSPECIFIED.,.F.,.F.,(9,7,7,7,7,7,7,7,7,7,9),(0.,
    2.113004232692E-02,4.300128362491E-02,7.582096401579E-02,
    0.126871943672,0.193159626598,0.274549886332,0.337388068493,
    0.564888562122,0.778779060941,1.),.UNSPECIFIED.);
#2192 = CARTESIAN_POINT('',(1.,0.176310776613));
#2193 = CARTESIAN_POINT('',(0.998793071204,0.176310776613));
#2194 = CARTESIAN_POINT('',(0.997506230605,0.17645741595));
#2195 = CARTESIAN_POINT('',(0.996164137357,0.176784711693));
#2196 = CARTESIAN_POINT('',(0.99479204053,0.177313433733));
#2197 = CARTESIAN_POINT('',(0.993416249982,0.178046567271));
#2198 = CARTESIAN_POINT('',(0.99206408844,0.178965494328));
#2199 = CARTESIAN_POINT('',(0.990763880545,0.180028428131));
#2200 = CARTESIAN_POINT('',(0.988284451642,0.182356976737));
#2201 = CARTESIAN_POINT('',(0.987096813101,0.183641797259));
#2202 = CARTESIAN_POINT('',(0.985980184898,0.18499768216));
#2203 = CARTESIAN_POINT('',(0.98493018055,0.186400832064));
#2204 = CARTESIAN_POINT('',(0.983941323778,0.187833707194));
#2205 = CARTESIAN_POINT('',(0.983007263802,0.189285124511));
#2206 = CARTESIAN_POINT('',(0.982120740187,0.190750177618));
#2207 = CARTESIAN_POINT('',(0.980002628481,0.194451476964));
#2208 = CARTESIAN_POINT('',(0.978826978783,0.196695233811));
#2209 = CARTESIAN_POINT('',(0.97772607893,0.198951768626));
#2210 = CARTESIAN_POINT('',(0.976688650036,0.201214357195));
#2211 = CARTESIAN_POINT('',(0.975705249591,0.203478449745));
#2212 = CARTESIAN_POINT('',(0.974768774913,0.205741800983));
#2213 = CARTESIAN_POINT('',(0.973872841421,0.208004179601));
#2214 = CARTESIAN_POINT('',(0.971672559041,0.213787923125));
#2215 = CARTESIAN_POINT('',(0.970420168207,0.217304281857));
#2216 = CARTESIAN_POINT('',(0.969235967262,0.220815545694));
#2217 = CARTESIAN_POINT('',(0.96810875223,0.224320805752));
#2218 = CARTESIAN_POINT('',(0.967029683829,0.227819668282));
#2219 = CARTESIAN_POINT('',(0.965992103853,0.231312283869));
#2220 = CARTESIAN_POINT('',(0.964990412063,0.234799432274));
#2221 = CARTESIAN_POINT('',(0.962759796035,0.242805233639));
#2222 = CARTESIAN_POINT('',(0.961552730997,0.247319487063));
#2223 = CARTESIAN_POINT('',(0.960388909025,0.251826662852));
#2224 = CARTESIAN_POINT('',(0.959261426134,0.256327749979));
#2225 = CARTESIAN_POINT('',(0.958164939506,0.260823616965));
#2226 = CARTESIAN_POINT('',(0.957095128229,0.265315111246));
#2227 = CARTESIAN_POINT('',(0.956048511243,0.269803093578));
#2228 = CARTESIAN_POINT('',(0.953761968579,0.279795810347));
#2229 = CARTESIAN_POINT('',(0.952532399631,0.28529891566));
#2230 = CARTESIAN_POINT('',(0.951328135314,0.290799189304));
#2231 = CARTESIAN_POINT('',(0.950145227296,0.296297731497));
#2232 = CARTESIAN_POINT('',(0.948980671018,0.301795451101));
#2233 = CARTESIAN_POINT('',(0.947832107985,0.307293130453));
#2234 = CARTESIAN_POINT('',(0.946697654913,0.312791462732));
#2235 = CARTESIAN_POINT('',(0.944709766285,0.322537083575));
#2236 = CARTESIAN_POINT('',(0.943851219655,0.326783836573));
#2237 = CARTESIAN_POINT('',(0.942999553357,0.331031584261));
#2238 = CARTESIAN_POINT('',(0.942154235538,0.33528055246));
#2239 = CARTESIAN_POINT('',(0.941314849942,0.339530933656));
#2240 = CARTESIAN_POINT('',(0.94048107689,0.343782891244));
#2241 = CARTESIAN_POINT('',(0.939652674259,0.348036563787));
#2242 = CARTESIAN_POINT('',(0.935849073047,0.367698778426));
#2243 = CARTESIAN_POINT('',(0.932936719647,0.383129293511));
#2244 = CARTESIAN_POINT('',(0.930083869252,0.3985894917));
#2245 = CARTESIAN_POINT('',(0.927292955914,0.414080811884));
#2246 = CARTESIAN_POINT('',(0.924570632173,0.429601794703));
#2247 = CARTESIAN_POINT('',(0.921925060866,0.445148670508));
#2248 = CARTESIAN_POINT('',(0.919365023142,0.460715586226));
#2249 = CARTESIAN_POINT('',(0.914579771881,0.490942511148));
#2250 = CARTESIAN_POINT('',(0.91234370603,0.505600976587));
#2251 = CARTESIAN_POINT('',(0.910197378171,0.520263236985));
#2252 = CARTESIAN_POINT('',(0.908147275165,0.534920645186));
#2253 = CARTESIAN_POINT('',(0.906198908177,0.549563473248));
#2254 = CARTESIAN_POINT('',(0.904356506302,0.564181254409));
#2255 = CARTESIAN_POINT('',(0.902622913131,0.578763122144));
#2256 = CARTESIAN_POINT('',(0.899320828277,0.608331313806));
#2257 = CARTESIAN_POINT('',(0.8977599039,0.623315470295));
#2258 = CARTESIAN_POINT('',(0.896318693252,0.638238100006));
#2259 = CARTESIAN_POINT('',(0.894997211616,0.653088548596));
#2260 = CARTESIAN_POINT('',(0.893793858652,0.667858421439));
#2261 = CARTESIAN_POINT('',(0.892705659417,0.6825418031));
#2262 = CARTESIAN_POINT('',(0.891728484121,0.697135350005));
#2263 = CARTESIAN_POINT('',(0.890857133506,0.711638308331));
#2264 = ( GEOMETRIC_REPRESENTATION_CONTEXT(2) 
PARAMETRIC_REPRESENTATION_CONTEXT() REPRESENTATION_CONTEXT('2D SPACE',''
  ) );
#2265 = ORIENTED_EDGE('',*,*,#2266,.F.);
#2266 = EDGE_CURVE('',#1905,#2037,#2267,.T.);
#2267 = SURFACE_CURVE('',#2268,(#2341,#2417),.PCURVE_S1.);
#2268 = B_SPLINE_CURVE_WITH_KNOTS('',8,(#2269,#2270,#2271,#2272,#2273,
    #2274,#2275,#2276,#2277,#2278,#2279,#2280,#2281,#2282,#2283,#2284,
    #2285,#2286,#2287,#2288,#2289,#2290,#2291,#2292,#2293,#2294,#2295,
    #2296,#2297,#2298,#2299,#2300,#2301,#2302,#2303,#2304,#2305,#2306,
    #2307,#2308,#2309,#2310,#2311,#2312,#2313,#2314,#2315,#2316,#2317,
    #2318,#2319,#2320,#2321,#2322,#2323,#2324,#2325,#2326,#2327,#2328,
    #2329,#2330,#2331,#2332,#2333,#2334,#2335,#2336,#2337,#2338,#2339,
    #2340),.UNSPECIFIED.,.F.,.F.,(9,7,7,7,7,7,7,7,7,7,9),(0.,
    8.863249095406E-02,0.28232010815,0.484865191399,0.538279936424,
    0.63793609676,0.73873068197,0.847956869882,0.929094677077,
    0.967367331251,1.),.UNSPECIFIED.);
#2269 = CARTESIAN_POINT('',(22.35,-6.,-30.72982464989));
#2270 = CARTESIAN_POINT('',(22.35,-6.281713829584,-31.08656105484));
#2271 = CARTESIAN_POINT('',(22.35,-6.563418125746,-31.44330499758));
#2272 = CARTESIAN_POINT('',(22.35,-6.845088845745,-31.80007548427));
#2273 = CARTESIAN_POINT('',(22.35,-7.126703527948,-32.15689024533));
#2274 = CARTESIAN_POINT('',(22.35,-7.408241291826,-32.5137657354));
#2275 = CARTESIAN_POINT('',(22.35,-7.689682837957,-32.87071713338));
#2276 = CARTESIAN_POINT('',(22.35,-7.971010448023,-33.2277583424));
#2277 = CARTESIAN_POINT('',(22.35,-8.866705899474,-34.36536411289));
#2278 = CARTESIAN_POINT('',(22.35,-9.480582689534,-35.14631583347));
#2279 = CARTESIAN_POINT('',(22.35,-10.09366860688,-35.92788924311));
#2280 = CARTESIAN_POINT('',(22.35,-10.70582861605,-36.71018860473));
#2281 = CARTESIAN_POINT('',(22.35,-11.31696018662,-37.49329207733));
#2282 = CARTESIAN_POINT('',(22.35,-11.92699277947,-38.27725211981));
#2283 = CARTESIAN_POINT('',(22.35,-12.53588902713,-39.06209457419));
#2284 = CARTESIAN_POINT('',(22.35,-13.77919940074,-40.66946987484));
#2285 = CARTESIAN_POINT('',(22.35,-14.41350828354,-41.49208607348));
#2286 = CARTESIAN_POINT('',(22.35,-15.0465717858,-42.31566168149));
#2287 = CARTESIAN_POINT('',(22.35,-15.67843450627,-43.14015848407));
#2288 = CARTESIAN_POINT('',(22.35,-16.30918895138,-43.96550274984));
#2289 = CARTESIAN_POINT('',(22.35,-16.93898580598,-44.79157738582));
#2290 = CARTESIAN_POINT('',(22.35,-17.56805363644,-45.61820689131));
#2291 = CARTESIAN_POINT('',(22.35,-18.36252065698,-46.66321080688));
#2292 = CARTESIAN_POINT('',(22.35,-18.52828601048,-46.88130724287));
#2293 = CARTESIAN_POINT('',(22.35,-18.69403016027,-47.09941979962));
#2294 = CARTESIAN_POINT('',(22.35,-18.85975981523,-47.31754337671));
#2295 = CARTESIAN_POINT('',(22.35,-19.02548231936,-47.53567239255));
#2296 = CARTESIAN_POINT('',(22.35,-19.19120565184,-47.75380078435));
#2297 = CARTESIAN_POINT('',(22.35,-19.356938427,-47.97192200815));
#2298 = CARTESIAN_POINT('',(22.35,-19.83193324648,-48.59695243062));
#2299 = CARTESIAN_POINT('',(22.35,-20.14124147992,-49.00382612255));
#2300 = CARTESIAN_POINT('',(22.35,-20.45067625695,-49.41060377927));
#2301 = CARTESIAN_POINT('',(22.35,-20.76030728972,-49.81723247656));
#2302 = CARTESIAN_POINT('',(22.35,-21.07021497934,-50.22365068808));
#2303 = CARTESIAN_POINT('',(22.35,-21.3804930548,-50.62978627211));
#2304 = CARTESIAN_POINT('',(22.35,-21.69125121206,-51.03555445826));
#2305 = CARTESIAN_POINT('',(22.35,-22.31754119815,-51.85078718161));
#2306 = CARTESIAN_POINT('',(22.35,-22.6330855778,-52.26023852058));
#2307 = CARTESIAN_POINT('',(22.35,-22.94938541868,-52.66910861245));
#2308 = CARTESIAN_POINT('',(22.35,-23.26659515592,-53.07727667884));
#2309 = CARTESIAN_POINT('',(22.35,-23.5848919883,-53.48460018941));
#2310 = CARTESIAN_POINT('',(22.35,-23.90448252335,-53.89090967636));
#2311 = CARTESIAN_POINT('',(22.35,-24.22561321224,-54.29600057597));
#2312 = CARTESIAN_POINT('',(22.35,-24.89857292621,-55.13700710125));
#2313 = CARTESIAN_POINT('',(22.35,-25.25069851308,-55.57263674544));
#2314 = CARTESIAN_POINT('',(22.35,-25.60536831755,-56.00621820261));
#2315 = CARTESIAN_POINT('',(22.35,-25.96303738152,-56.43737154381));
#2316 = CARTESIAN_POINT('',(22.35,-26.3242515632,-56.86559263299));
#2317 = CARTESIAN_POINT('',(22.35,-26.68966436747,-57.29023916931));
#2318 = CARTESIAN_POINT('',(22.35,-27.06010969427,-57.71046924375));
#2319 = CARTESIAN_POINT('',(22.35,-27.71664292881,-58.43303855045));
#2320 = CARTESIAN_POINT('',(22.35,-27.99979864333,-58.73776227841));
#2321 = CARTESIAN_POINT('',(22.35,-28.28688350693,-59.0388613435));
#2322 = CARTESIAN_POINT('',(22.35,-28.57854797513,-59.33571209873));
#2323 = CARTESIAN_POINT('',(22.35,-28.87547289701,-59.6274633106));
#2324 = CARTESIAN_POINT('',(22.35,-29.17858457075,-59.91279971056));
#2325 = CARTESIAN_POINT('',(22.35,-29.48896076035,-60.1900497766));
#2326 = CARTESIAN_POINT('',(22.35,-29.9596996581,-60.58165837948));
#2327 = CARTESIAN_POINT('',(22.35,-30.11258741736,-60.70460856113));
#2328 = CARTESIAN_POINT('',(22.35,-30.2677734801,-60.82471987282));
#2329 = CARTESIAN_POINT('',(22.35,-30.42552381289,-60.94159462952));
#2330 = CARTESIAN_POINT('',(22.35,-30.58611675861,-61.05465064576));
#2331 = CARTESIAN_POINT('',(22.35,-30.7498442585,-61.16312282991));
#2332 = CARTESIAN_POINT('',(22.35,-30.91706882925,-61.26598351378));
#2333 = CARTESIAN_POINT('',(22.35,-31.2345312451,-61.44319763585));
#2334 = CARTESIAN_POINT('',(22.35,-31.38268510007,-61.51898725685));
#2335 = CARTESIAN_POINT('',(22.35,-31.53417473902,-61.5886507536));
#2336 = CARTESIAN_POINT('',(22.35,-31.68969564241,-61.6509832149));
#2337 = CARTESIAN_POINT('',(22.35,-31.84936781093,-61.70374295723));
#2338 = CARTESIAN_POINT('',(22.35,-32.01272039808,-61.74376483762));
#2339 = CARTESIAN_POINT('',(22.35,-32.17872914623,-61.7668419136));
#2340 = CARTESIAN_POINT('',(22.35,-32.34599109976,-61.7668419136));
#2341 = PCURVE('',#1922,#2342);
#2342 = DEFINITIONAL_REPRESENTATION('',(#2343),#2416);
#2343 = B_SPLINE_CURVE_WITH_KNOTS('',8,(#2344,#2345,#2346,#2347,#2348,
    #2349,#2350,#2351,#2352,#2353,#2354,#2355,#2356,#2357,#2358,#2359,
    #2360,#2361,#2362,#2363,#2364,#2365,#2366,#2367,#2368,#2369,#2370,
    #2371,#2372,#2373,#2374,#2375,#2376,#2377,#2378,#2379,#2380,#2381,
    #2382,#2383,#2384,#2385,#2386,#2387,#2388,#2389,#2390,#2391,#2392,
    #2393,#2394,#2395,#2396,#2397,#2398,#2399,#2400,#2401,#2402,#2403,
    #2404,#2405,#2406,#2407,#2408,#2409,#2410,#2411,#2412,#2413,#2414,
    #2415),.UNSPECIFIED.,.F.,.F.,(9,7,7,7,7,7,7,7,7,7,9),(0.,
    8.863249095406E-02,0.28232010815,0.484865191399,0.538279936424,
    0.63793609676,0.73873068197,0.847956869882,0.929094677077,
    0.967367331251,1.),.UNSPECIFIED.);
#2344 = CARTESIAN_POINT('',(38.270175350103,-36.));
#2345 = CARTESIAN_POINT('',(37.913438945153,-35.71828617041));
#2346 = CARTESIAN_POINT('',(37.556695002416,-35.43658187425));
#2347 = CARTESIAN_POINT('',(37.199924515723,-35.15491115425));
#2348 = CARTESIAN_POINT('',(36.843109754665,-34.87329647205));
#2349 = CARTESIAN_POINT('',(36.486234264591,-34.59175870817));
#2350 = CARTESIAN_POINT('',(36.129282866612,-34.31031716204));
#2351 = CARTESIAN_POINT('',(35.7722416576,-34.02898955197));
#2352 = CARTESIAN_POINT('',(34.634635887104,-33.13329410052));
#2353 = CARTESIAN_POINT('',(33.853684166521,-32.51941731046));
#2354 = CARTESIAN_POINT('',(33.072110756888,-31.90633139311));
#2355 = CARTESIAN_POINT('',(32.289811395263,-31.29417138394));
#2356 = CARTESIAN_POINT('',(31.506707922668,-30.68303981337));
#2357 = CARTESIAN_POINT('',(30.722747880186,-30.07300722052));
#2358 = CARTESIAN_POINT('',(29.937905425807,-29.46411097286));
#2359 = CARTESIAN_POINT('',(28.330530125154,-28.22080059925));
#2360 = CARTESIAN_POINT('',(27.507913926516,-27.58649171645));
#2361 = CARTESIAN_POINT('',(26.684338318502,-26.95342821419));
#2362 = CARTESIAN_POINT('',(25.85984151593,-26.32156549372));
#2363 = CARTESIAN_POINT('',(25.034497250158,-25.69081104861));
#2364 = CARTESIAN_POINT('',(24.208422614178,-25.06101419401));
#2365 = CARTESIAN_POINT('',(23.381793108687,-24.43194636356));
#2366 = CARTESIAN_POINT('',(22.33678919312,-23.63747934301));
#2367 = CARTESIAN_POINT('',(22.118692757125,-23.47171398951));
#2368 = CARTESIAN_POINT('',(21.900580200376,-23.30596983972));
#2369 = CARTESIAN_POINT('',(21.682456623285,-23.14024018476));
#2370 = CARTESIAN_POINT('',(21.46432760745,-22.97451768063));
#2371 = CARTESIAN_POINT('',(21.246199215649,-22.80879434816));
#2372 = CARTESIAN_POINT('',(21.028077991843,-22.64306157299));
#2373 = CARTESIAN_POINT('',(20.403047569372,-22.16806675351));
#2374 = CARTESIAN_POINT('',(19.996173877442,-21.85875852007));
#2375 = CARTESIAN_POINT('',(19.589396220726,-21.54932374305));
#2376 = CARTESIAN_POINT('',(19.182767523436,-21.23969271027));
#2377 = CARTESIAN_POINT('',(18.776349311913,-20.92978502065));
#2378 = CARTESIAN_POINT('',(18.370213727889,-20.61950694519));
#2379 = CARTESIAN_POINT('',(17.964445541739,-20.30874878794));
#2380 = CARTESIAN_POINT('',(17.149212818389,-19.68245880184));
#2381 = CARTESIAN_POINT('',(16.739761479418,-19.36691442219));
#2382 = CARTESIAN_POINT('',(16.330891387549,-19.05061458132));
#2383 = CARTESIAN_POINT('',(15.922723321151,-18.73340484407));
#2384 = CARTESIAN_POINT('',(15.515399810585,-18.41510801169));
#2385 = CARTESIAN_POINT('',(15.109090323631,-18.09551747665));
#2386 = CARTESIAN_POINT('',(14.703999424028,-17.77438678775));
#2387 = CARTESIAN_POINT('',(13.862992898748,-17.10142707378));
#2388 = CARTESIAN_POINT('',(13.427363254558,-16.74930148691));
#2389 = CARTESIAN_POINT('',(12.993781797389,-16.39463168244));
#2390 = CARTESIAN_POINT('',(12.562628456183,-16.03696261847));
#2391 = CARTESIAN_POINT('',(12.134407367007,-15.67574843679));
#2392 = CARTESIAN_POINT('',(11.709760830681,-15.31033563252));
#2393 = CARTESIAN_POINT('',(11.289530756243,-14.93989030572));
#2394 = CARTESIAN_POINT('',(10.566961449544,-14.28335707119));
#2395 = CARTESIAN_POINT('',(10.262237721585,-14.00020135666));
#2396 = CARTESIAN_POINT('',(9.961138656498,-13.71311649306));
#2397 = CARTESIAN_POINT('',(9.664287901266,-13.42145202486));
#2398 = CARTESIAN_POINT('',(9.372536689398,-13.12452710298));
#2399 = CARTESIAN_POINT('',(9.087200289436,-12.82141542924));
#2400 = CARTESIAN_POINT('',(8.809950223398,-12.51103923965));
#2401 = CARTESIAN_POINT('',(8.418341620517,-12.04030034189));
#2402 = CARTESIAN_POINT('',(8.295391438869,-11.88741258263));
#2403 = CARTESIAN_POINT('',(8.175280127178,-11.73222651989));
#2404 = CARTESIAN_POINT('',(8.058405370476,-11.5744761871));
#2405 = CARTESIAN_POINT('',(7.945349354233,-11.41388324138));
#2406 = CARTESIAN_POINT('',(7.836877170085,-11.25015574149));
#2407 = CARTESIAN_POINT('',(7.734016486213,-11.08293117074));
#2408 = CARTESIAN_POINT('',(7.556802364147,-10.76546875489));
#2409 = CARTESIAN_POINT('',(7.481012743145,-10.61731489993));
#2410 = CARTESIAN_POINT('',(7.411349246395,-10.46582526097));
#2411 = CARTESIAN_POINT('',(7.349016785099,-10.31030435758));
#2412 = CARTESIAN_POINT('',(7.296257042766,-10.15063218906));
#2413 = CARTESIAN_POINT('',(7.256235162372,-9.987279601914));
#2414 = CARTESIAN_POINT('',(7.233158086396,-9.82127085377));
#2415 = CARTESIAN_POINT('',(7.233158086397,-9.654008900239));
#2416 = ( GEOMETRIC_REPRESENTATION_CONTEXT(2) 
PARAMETRIC_REPRESENTATION_CONTEXT() REPRESENTATION_CONTEXT('2D SPACE',''
  ) );
#2417 = PCURVE('',#1469,#2418);
#2418 = DEFINITIONAL_REPRESENTATION('',(#2419),#2492);
#2419 = B_SPLINE_CURVE_WITH_KNOTS('',8,(#2420,#2421,#2422,#2423,#2424,
    #2425,#2426,#2427,#2428,#2429,#2430,#2431,#2432,#2433,#2434,#2435,
    #2436,#2437,#2438,#2439,#2440,#2441,#2442,#2443,#2444,#2445,#2446,
    #2447,#2448,#2449,#2450,#2451,#2452,#2453,#2454,#2455,#2456,#2457,
    #2458,#2459,#2460,#2461,#2462,#2463,#2464,#2465,#2466,#2467,#2468,
    #2469,#2470,#2471,#2472,#2473,#2474,#2475,#2476,#2477,#2478,#2479,
    #2480,#2481,#2482,#2483,#2484,#2485,#2486,#2487,#2488,#2489,#2490,
    #2491),.UNSPECIFIED.,.F.,.F.,(9,7,7,7,7,7,7,7,7,7,9),(0.,
    8.863249095406E-02,0.28232010815,0.484865191399,0.538279936424,
    0.63793609676,0.73873068197,0.847956869882,0.929094677077,
    0.967367331251,1.),.UNSPECIFIED.);
#2420 = CARTESIAN_POINT('',(1.094079191818,0.552445038275));
#2421 = CARTESIAN_POINT('',(1.093505971128,0.548005118341));
#2422 = CARTESIAN_POINT('',(1.092923778104,0.543568227135));
#2423 = CARTESIAN_POINT('',(1.092332707774,0.539134255985));
#2424 = CARTESIAN_POINT('',(1.091732861539,0.534703101519));
#2425 = CARTESIAN_POINT('',(1.091124347174,0.530274665669));
#2426 = CARTESIAN_POINT('',(1.090507278833,0.525848855674));
#2427 = CARTESIAN_POINT('',(1.089881777042,0.521425584071));
#2428 = CARTESIAN_POINT('',(1.087862914254,0.507344009032));
#2429 = CARTESIAN_POINT('',(1.086438190295,0.49769497513));
#2430 = CARTESIAN_POINT('',(1.084975120574,0.488056810222));
#2431 = CARTESIAN_POINT('',(1.083475159409,0.47842877235));
#2432 = CARTESIAN_POINT('',(1.081939887458,0.468810222407));
#2433 = CARTESIAN_POINT('',(1.080370978612,0.459200626824));
#2434 = CARTESIAN_POINT('',(1.078770138018,0.449599574948));
#2435 = CARTESIAN_POINT('',(1.075433291879,0.429975363629));
#2436 = CARTESIAN_POINT('',(1.07369444716,0.419952966339));
#2437 = CARTESIAN_POINT('',(1.071924368378,0.40993932573));
#2438 = CARTESIAN_POINT('',(1.070124833275,0.399934337991));
#2439 = CARTESIAN_POINT('',(1.068297429451,0.389938103426));
#2440 = CARTESIAN_POINT('',(1.066443335002,0.379951026502));
#2441 = CARTESIAN_POINT('',(1.064562956352,0.369974001487));
#2442 = CARTESIAN_POINT('',(1.062152372852,0.357380651943));
#2443 = CARTESIAN_POINT('',(1.061647432737,0.354753434824));
#2444 = CARTESIAN_POINT('',(1.061140588463,0.352127061734));
#2445 = CARTESIAN_POINT('',(1.060631817462,0.349501566865));
#2446 = CARTESIAN_POINT('',(1.06012108907,0.346876989202));
#2447 = CARTESIAN_POINT('',(1.059608364531,0.34425337252));
#2448 = CARTESIAN_POINT('',(1.059093596996,0.341630765386));
#2449 = CARTESIAN_POINT('',(1.057612412993,0.334118192818));
#2450 = CARTESIAN_POINT('',(1.056640791747,0.329230867844));
#2451 = CARTESIAN_POINT('',(1.055661489291,0.324347601529));
#2452 = CARTESIAN_POINT('',(1.054674018658,0.31946881636));
#2453 = CARTESIAN_POINT('',(1.053677743788,0.314595026593));
#2454 = CARTESIAN_POINT('',(1.052671838905,0.309726862818));
#2455 = CARTESIAN_POINT('',(1.051655247896,0.304865096531));
#2456 = CARTESIAN_POINT('',(1.049586289196,0.29510077813));
#2457 = CARTESIAN_POINT('',(1.048533646925,0.290198424218));
#2458 = CARTESIAN_POINT('',(1.047467334091,0.285304553079));
#2459 = CARTESIAN_POINT('',(1.046385657463,0.280420339064));
#2460 = CARTESIAN_POINT('',(1.045286568841,0.275547207732));
#2461 = CARTESIAN_POINT('',(1.044167566368,0.270686899355));
#2462 = CARTESIAN_POINT('',(1.043025541684,0.26584156897));
#2463 = CARTESIAN_POINT('',(1.040589818369,0.255782437849));
#2464 = CARTESIAN_POINT('',(1.039291513512,0.250572076742));
#2465 = CARTESIAN_POINT('',(1.037956556935,0.245385969146));
#2466 = CARTESIAN_POINT('',(1.036578869436,0.240228284096));
#2467 = CARTESIAN_POINT('',(1.035150768942,0.23510468127));
#2468 = CARTESIAN_POINT('',(1.033662713949,0.230022485369));
#2469 = CARTESIAN_POINT('',(1.032102246236,0.224991438444));
#2470 = CARTESIAN_POINT('',(1.029224321362,0.216337262737));
#2471 = CARTESIAN_POINT('',(1.027948118268,0.212686483608));
#2472 = CARTESIAN_POINT('',(1.026614448233,0.209077884937));
#2473 = CARTESIAN_POINT('',(1.025213629285,0.205518841027));
#2474 = CARTESIAN_POINT('',(1.023734473552,0.202019476135));
#2475 = CARTESIAN_POINT('',(1.022160965309,0.19859552592));
#2476 = CARTESIAN_POINT('',(1.020473710703,0.195267057383));
#2477 = CARTESIAN_POINT('',(1.017767547565,0.190563520376));
#2478 = CARTESIAN_POINT('',(1.016867048729,0.189086448591));
#2479 = CARTESIAN_POINT('',(1.015929140295,0.187643146261));
#2480 = CARTESIAN_POINT('',(1.014949146603,0.186238407535));
#2481 = CARTESIAN_POINT('',(1.013921345207,0.184879251726));
#2482 = CARTESIAN_POINT('',(1.012838963295,0.183574907371));
#2483 = CARTESIAN_POINT('',(1.011693222737,0.182337774722));
#2484 = CARTESIAN_POINT('',(1.009426743657,0.180205967802));
#2485 = CARTESIAN_POINT('',(1.008334037303,0.179294081315));
#2486 = CARTESIAN_POINT('',(1.007177169377,0.178455756615));
#2487 = CARTESIAN_POINT('',(1.005943218494,0.177705530805));
#2488 = CARTESIAN_POINT('',(1.004619852882,0.177070425556));
#2489 = CARTESIAN_POINT('',(1.003196084186,0.176588602158));
#2490 = CARTESIAN_POINT('',(1.001661417879,0.176310776613));
#2491 = CARTESIAN_POINT('',(1.,0.176310776613));
#2492 = ( GEOMETRIC_REPRESENTATION_CONTEXT(2) 
PARAMETRIC_REPRESENTATION_CONTEXT() REPRESENTATION_CONTEXT('2D SPACE',''
  ) );
#2493 = ORIENTED_EDGE('',*,*,#1904,.T.);
#2494 = ADVANCED_FACE('',(#2495),#1635,.T.);
#2495 = FACE_BOUND('',#2496,.T.);
#2496 = EDGE_LOOP('',(#2497,#2498,#2537,#2538));
#2497 = ORIENTED_EDGE('',*,*,#1619,.F.);
#2498 = ORIENTED_EDGE('',*,*,#2499,.F.);
#2499 = EDGE_CURVE('',#2014,#1620,#2500,.T.);
#2500 = SURFACE_CURVE('',#2501,(#2511,#2524),.PCURVE_S1.);
#2501 = B_SPLINE_CURVE_WITH_KNOTS('',8,(#2502,#2503,#2504,#2505,#2506,
    #2507,#2508,#2509,#2510),.UNSPECIFIED.,.F.,.F.,(9,9),(0.,1.),
  .PIECEWISE_BEZIER_KNOTS.);
#2502 = CARTESIAN_POINT('',(22.35,-22.66608149244,-18.));
#2503 = CARTESIAN_POINT('',(21.00267448096,-23.85707040004,-18.));
#2504 = CARTESIAN_POINT('',(19.555335034003,-24.93186078665,-18.));
#2505 = CARTESIAN_POINT('',(18.02722757814,-25.89396261184,-18.));
#2506 = CARTESIAN_POINT('',(16.434477400064,-26.74630043737,-18.));
#2507 = CARTESIAN_POINT('',(14.790755255596,-27.49228347451,-18.));
#2508 = CARTESIAN_POINT('',(13.107062418288,-28.13537963896,-18.));
#2509 = CARTESIAN_POINT('',(11.391716813125,-28.67896986246,-18.));
#2510 = CARTESIAN_POINT('',(9.65,-29.12561144066,-18.));
#2511 = PCURVE('',#1635,#2512);
#2512 = DEFINITIONAL_REPRESENTATION('',(#2513),#2523);
#2513 = B_SPLINE_CURVE_WITH_KNOTS('',8,(#2514,#2515,#2516,#2517,#2518,
    #2519,#2520,#2521,#2522),.UNSPECIFIED.,.F.,.F.,(9,9),(0.,1.),
  .PIECEWISE_BEZIER_KNOTS.);
#2514 = CARTESIAN_POINT('',(12.7,19.333918507551));
#2515 = CARTESIAN_POINT('',(11.35267448096,18.142929599956));
#2516 = CARTESIAN_POINT('',(9.905335034003,17.068139213345));
#2517 = CARTESIAN_POINT('',(8.37722757814,16.106037388152));
#2518 = CARTESIAN_POINT('',(6.784477400064,15.253699562622));
#2519 = CARTESIAN_POINT('',(5.140755255596,14.507716525487));
#2520 = CARTESIAN_POINT('',(3.457062418288,13.864620361035));
#2521 = CARTESIAN_POINT('',(1.741716813125,13.32103013754));
#2522 = CARTESIAN_POINT('',(0.,12.874388559335));
#2523 = ( GEOMETRIC_REPRESENTATION_CONTEXT(2) 
PARAMETRIC_REPRESENTATION_CONTEXT() REPRESENTATION_CONTEXT('2D SPACE',''
  ) );
#2524 = PCURVE('',#1469,#2525);
#2525 = DEFINITIONAL_REPRESENTATION('',(#2526),#2536);
#2526 = B_SPLINE_CURVE_WITH_KNOTS('',8,(#2527,#2528,#2529,#2530,#2531,
    #2532,#2533,#2534,#2535),.UNSPECIFIED.,.F.,.F.,(9,9),(0.,1.),
  .PIECEWISE_BEZIER_KNOTS.);
#2527 = CARTESIAN_POINT('',(0.890857133506,0.711638308331));
#2528 = CARTESIAN_POINT('',(0.879131562611,0.711638308331));
#2529 = CARTESIAN_POINT('',(0.867742162526,0.711638308331));
#2530 = CARTESIAN_POINT('',(0.856638454433,0.711638308331));
#2531 = CARTESIAN_POINT('',(0.845785704638,0.711638308331));
#2532 = CARTESIAN_POINT('',(0.835151669565,0.711638308331));
#2533 = CARTESIAN_POINT('',(0.824704942757,0.711638308331));
#2534 = CARTESIAN_POINT('',(0.81441066909,0.711638308331));
#2535 = CARTESIAN_POINT('',(0.804226264105,0.711638308331));
#2536 = ( GEOMETRIC_REPRESENTATION_CONTEXT(2) 
PARAMETRIC_REPRESENTATION_CONTEXT() REPRESENTATION_CONTEXT('2D SPACE',''
  ) );
#2537 = ORIENTED_EDGE('',*,*,#2013,.T.);
#2538 = ORIENTED_EDGE('',*,*,#1989,.F.);
#2539 = ADVANCED_FACE('',(#2540),#1469,.T.);
#2540 = FACE_BOUND('',#2541,.T.);
#2541 = EDGE_LOOP('',(#2542,#2543,#2544,#2545,#2546,#2547,#2548,#2549));
#2542 = ORIENTED_EDGE('',*,*,#1782,.T.);
#2543 = ORIENTED_EDGE('',*,*,#1405,.T.);
#2544 = ORIENTED_EDGE('',*,*,#1934,.T.);
#2545 = ORIENTED_EDGE('',*,*,#2266,.T.);
#2546 = ORIENTED_EDGE('',*,*,#2036,.T.);
#2547 = ORIENTED_EDGE('',*,*,#2499,.T.);
#2548 = ORIENTED_EDGE('',*,*,#1647,.F.);
#2549 = ORIENTED_EDGE('',*,*,#2550,.T.);
#2550 = EDGE_CURVE('',#1345,#1760,#2551,.T.);
#2551 = SURFACE_CURVE('',#2552,(#2573,#2597),.PCURVE_S1.);
#2552 = B_SPLINE_CURVE_WITH_KNOTS('',7,(#2553,#2554,#2555,#2556,#2557,
    #2558,#2559,#2560,#2561,#2562,#2563,#2564,#2565,#2566,#2567,#2568,
    #2569,#2570,#2571,#2572),.UNSPECIFIED.,.F.,.F.,(8,6,6,8),(0.,
    0.156521776147,0.523278526122,1.),.UNSPECIFIED.);
#2553 = CARTESIAN_POINT('',(9.65,-42.,-49.70055501197));
#2554 = CARTESIAN_POINT('',(10.032009465607,-42.,-50.01717448413));
#2555 = CARTESIAN_POINT('',(10.40504469541,-42.,-50.34460319522));
#2556 = CARTESIAN_POINT('',(10.769148633031,-42.,-50.68206924129));
#2557 = CARTESIAN_POINT('',(11.124396996256,-42.,-51.02885421067));
#2558 = CARTESIAN_POINT('',(11.470891623122,-42.,-51.38430004197));
#2559 = CARTESIAN_POINT('',(11.808753817999,-42.,-51.74781588194));
#2560 = CARTESIAN_POINT('',(12.909872459497,-42.,-52.9883619349));
#2561 = CARTESIAN_POINT('',(13.634637423141,-42.,-53.89893522166));
#2562 = CARTESIAN_POINT('',(14.31461219901,-42.,-54.84435019856));
#2563 = CARTESIAN_POINT('',(14.951230719136,-42.,-55.81955356267));
#2564 = CARTESIAN_POINT('',(15.545320809879,-42.,-56.82057633718));
#2565 = CARTESIAN_POINT('',(16.097043587494,-42.,-57.84456360928));
#2566 = CARTESIAN_POINT('',(17.26666610167,-42.,-60.24877698593));
#2567 = CARTESIAN_POINT('',(17.853833656882,-42.,-61.64175377894));
#2568 = CARTESIAN_POINT('',(18.36637109243,-42.,-63.06649256431));
#2569 = CARTESIAN_POINT('',(18.798155497233,-42.,-64.51978959116));
#2570 = CARTESIAN_POINT('',(19.139086455556,-42.,-65.99714970822));
#2571 = CARTESIAN_POINT('',(19.374642501349,-42.,-67.49291182352));
#2572 = CARTESIAN_POINT('',(19.486832515573,-42.,-69.));
#2573 = PCURVE('',#1469,#2574);
#2574 = DEFINITIONAL_REPRESENTATION('',(#2575),#2596);
#2575 = B_SPLINE_CURVE_WITH_KNOTS('',7,(#2576,#2577,#2578,#2579,#2580,
    #2581,#2582,#2583,#2584,#2585,#2586,#2587,#2588,#2589,#2590,#2591,
    #2592,#2593,#2594,#2595),.UNSPECIFIED.,.F.,.F.,(8,6,6,8),(0.,
    0.156521776147,0.523278526122,1.),.UNSPECIFIED.);
#2576 = CARTESIAN_POINT('',(0.816588563912,0.320870978364));
#2577 = CARTESIAN_POINT('',(0.819513303768,0.317072478289));
#2578 = CARTESIAN_POINT('',(0.8224146969,0.313145853888));
#2579 = CARTESIAN_POINT('',(0.825293510152,0.309100444836));
#2580 = CARTESIAN_POINT('',(0.82815055693,0.304944895309));
#2581 = CARTESIAN_POINT('',(0.830986719116,0.300687071806));
#2582 = CARTESIAN_POINT('',(0.833802968995,0.296333980982));
#2583 = CARTESIAN_POINT('',(0.843155220093,0.281482649372));
#2584 = CARTESIAN_POINT('',(0.849603881407,0.270588326466));
#2585 = CARTESIAN_POINT('',(0.855963867995,0.259282042624));
#2586 = CARTESIAN_POINT('',(0.862247403128,0.247621073359));
#2587 = CARTESIAN_POINT('',(0.868464388595,0.235648219518));
#2588 = CARTESIAN_POINT('',(0.874624805694,0.223391443198));
#2589 = CARTESIAN_POINT('',(0.88869002257,0.194574853848));
#2590 = CARTESIAN_POINT('',(0.896552325233,0.17785075692));
#2591 = CARTESIAN_POINT('',(0.904361390607,0.160700599431));
#2592 = CARTESIAN_POINT('',(0.912129066997,0.143140523209));
#2593 = CARTESIAN_POINT('',(0.919857470147,0.125196509882));
#2594 = CARTESIAN_POINT('',(0.927543916825,0.106902410274));
#2595 = CARTESIAN_POINT('',(0.935191756129,8.830527298961E-02));
#2596 = ( GEOMETRIC_REPRESENTATION_CONTEXT(2) 
PARAMETRIC_REPRESENTATION_CONTEXT() REPRESENTATION_CONTEXT('2D SPACE',''
  ) );
#2597 = PCURVE('',#1365,#2598);
#2598 = DEFINITIONAL_REPRESENTATION('',(#2599),#2620);
#2599 = B_SPLINE_CURVE_WITH_KNOTS('',7,(#2600,#2601,#2602,#2603,#2604,
    #2605,#2606,#2607,#2608,#2609,#2610,#2611,#2612,#2613,#2614,#2615,
    #2616,#2617,#2618,#2619),.UNSPECIFIED.,.F.,.F.,(8,6,6,8),(0.,
    0.156521776147,0.523278526122,1.),.UNSPECIFIED.);
#2600 = CARTESIAN_POINT('',(19.299444988029,0.));
#2601 = CARTESIAN_POINT('',(18.982825515868,0.382009465607));
#2602 = CARTESIAN_POINT('',(18.655396804772,0.75504469541));
#2603 = CARTESIAN_POINT('',(18.317930758708,1.119148633031));
#2604 = CARTESIAN_POINT('',(17.971145789325,1.474396996256));
#2605 = CARTESIAN_POINT('',(17.615699958029,1.820891623122));
#2606 = CARTESIAN_POINT('',(17.252184118055,2.158753817999));
#2607 = CARTESIAN_POINT('',(16.011638065099,3.259872459497));
#2608 = CARTESIAN_POINT('',(15.101064778339,3.984637423141));
#2609 = CARTESIAN_POINT('',(14.155649801434,4.66461219901));
#2610 = CARTESIAN_POINT('',(13.18044643733,5.301230719136));
#2611 = CARTESIAN_POINT('',(12.179423662818,5.895320809879));
#2612 = CARTESIAN_POINT('',(11.155436390714,6.447043587494));
#2613 = CARTESIAN_POINT('',(8.751223014062,7.61666610167));
#2614 = CARTESIAN_POINT('',(7.358246221057,8.203833656882));
#2615 = CARTESIAN_POINT('',(5.933507435685,8.71637109243));
#2616 = CARTESIAN_POINT('',(4.480210408832,9.148155497233));
#2617 = CARTESIAN_POINT('',(3.002850291778,9.489086455556));
#2618 = CARTESIAN_POINT('',(1.507088176474,9.724642501349));
#2619 = CARTESIAN_POINT('',(0.,9.836832515573));
#2620 = ( GEOMETRIC_REPRESENTATION_CONTEXT(2) 
PARAMETRIC_REPRESENTATION_CONTEXT() REPRESENTATION_CONTEXT('2D SPACE',''
  ) );
#2621 = ADVANCED_FACE('',(#2622),#1365,.F.);
#2622 = FACE_BOUND('',#2623,.F.);
#2623 = EDGE_LOOP('',(#2624,#2625,#2626));
#2624 = ORIENTED_EDGE('',*,*,#1759,.F.);
#2625 = ORIENTED_EDGE('',*,*,#1342,.T.);
#2626 = ORIENTED_EDGE('',*,*,#2550,.T.);
#2627 = ( GEOMETRIC_REPRESENTATION_CONTEXT(3) 
GLOBAL_UNCERTAINTY_ASSIGNED_CONTEXT((#2631)) 
GLOBAL_UNIT_ASSIGNED_CONTEXT((#2628,#2629,#2630)) REPRESENTATION_CONTEXT
('Context #1','3D Context with UNIT and UNCERTAINTY') );
#2628 = ( LENGTH_UNIT() NAMED_UNIT(*) SI_UNIT(.MILLI.,.METRE.) );
#2629 = ( NAMED_UNIT(*) PLANE_ANGLE_UNIT() SI_UNIT($,.RADIAN.) );
#2630 = ( NAMED_UNIT(*) SI_UNIT($,.STERADIAN.) SOLID_ANGLE_UNIT() );
#2631 = UNCERTAINTY_MEASURE_WITH_UNIT(LENGTH_MEASURE(2.E-06),#2628,
  'distance_accuracy_value','confusion accuracy');
#2632 = CONTEXT_DEPENDENT_SHAPE_REPRESENTATION(#2633,#2635);
#2633 = ( REPRESENTATION_RELATIONSHIP('','',#1335,#10) 
REPRESENTATION_RELATIONSHIP_WITH_TRANSFORMATION(#2634) 
SHAPE_REPRESENTATION_RELATIONSHIP() );
#2634 = ITEM_DEFINED_TRANSFORMATION('','',#11,#19);
#2635 = PRODUCT_DEFINITION_SHAPE('Placement','Placement of an item',
  #2636);
#2636 = NEXT_ASSEMBLY_USAGE_OCCURRENCE('2','','',#5,#1330,$);
#2637 = PRODUCT_RELATED_PRODUCT_CATEGORY('part',$,(#1332));
ENDSEC;
END-ISO-10303-21;
