ISO-10303-21;
HEADER;
FILE_DESCRIPTION(('Open CASCADE Model'),'2;1');
FILE_NAME('Open CASCADE Shape Model','2026-08-16T23:33:06',('Author'),(
    'Open CASCADE'),'Open CASCADE STEP processor 7.8','Open CASCADE 7.8'
  ,'Unknown');
FILE_SCHEMA(('AUTOMOTIVE_DESIGN { 1 0 10303 214 1 1 1 1 }'));
ENDSEC;
DATA;
#1 = APPLICATION_PROTOCOL_DEFINITION('international standard',
  'automotive_design',2000,#2);
#2 = APPLICATION_CONTEXT(
  'core data for automotive mechanical design processes');
#3 = SHAPE_DEFINITION_REPRESENTATION(#4,#10);
#4 = PRODUCT_DEFINITION_SHAPE('','',#5);
#5 = PRODUCT_DEFINITION('design','',#6,#9);
#6 = PRODUCT_DEFINITION_FORMATION('','',#7);
#7 = PRODUCT('Open CASCADE STEP translator 7.8 41',
  'Open CASCADE STEP translator 7.8 41','',(#8));
#8 = PRODUCT_CONTEXT('',#2,'mechanical');
#9 = PRODUCT_DEFINITION_CONTEXT('part definition',#2,'design');
#10 = ADVANCED_BREP_SHAPE_REPRESENTATION('',(#11,#15),#7411);
#11 = AXIS2_PLACEMENT_3D('',#12,#13,#14);
#12 = CARTESIAN_POINT('',(0.,0.,0.));
#13 = DIRECTION('',(0.,0.,1.));
#14 = DIRECTION('',(1.,0.,-0.));
#15 = MANIFOLD_SOLID_BREP('',#16);
#16 = CLOSED_SHELL('',(#17,#2558,#2634,#2750,#3101,#3217,#3265,#3395,
    #3557,#3687,#3694,#4040,#4095,#4102,#4130,#4622,#4663,#5217,#5292,
    #5320,#5327,#5333,#5388,#5443,#5498,#5553,#5608,#5614,#6995,#7066,
    #7193,#7220,#7247,#7274,#7301,#7349,#7376,#7404));
#17 = ADVANCED_FACE('',(#18,#1217,#1889,#2074),#71,.T.);
#18 = FACE_BOUND('',#19,.T.);
#19 = EDGE_LOOP('',(#20,#273,#307,#359,#386,#877,#878,#925,#959,#1104,
    #1138,#1185));
#20 = ORIENTED_EDGE('',*,*,#21,.F.);
#21 = EDGE_CURVE('',#22,#24,#26,.T.);
#22 = VERTEX_POINT('',#23);
#23 = CARTESIAN_POINT('',(18.944113205791,-52.,-83.2));
#24 = VERTEX_POINT('',#25);
#25 = CARTESIAN_POINT('',(-18.94411323586,-52.,-83.2));
#26 = SURFACE_CURVE('',#27,(#70,#222),.PCURVE_S1.);
#27 = B_SPLINE_CURVE_WITH_KNOTS('',6,(#28,#29,#30,#31,#32,#33,#34,#35,
    #36,#37,#38,#39,#40,#41,#42,#43,#44,#45,#46,#47,#48,#49,#50,#51,#52,
    #53,#54,#55,#56,#57,#58,#59,#60,#61,#62,#63,#64,#65,#66,#67,#68,#69)
  ,.UNSPECIFIED.,.F.,.F.,(7,5,5,5,5,5,5,5,7),(0.,0.131782593194,
    0.230235051823,0.304794148387,0.499999999766,0.695205851044,
    0.769764947572,0.868217406111,1.),.UNSPECIFIED.);
#28 = CARTESIAN_POINT('',(18.94411320579,-52.,-83.2));
#29 = CARTESIAN_POINT('',(18.312976571882,-52.66539512231,-83.2));
#30 = CARTESIAN_POINT('',(17.643119623757,-53.29395539094,-83.2));
#31 = CARTESIAN_POINT('',(16.939349808993,-53.88509340009,-83.2));
#32 = CARTESIAN_POINT('',(16.206033131177,-54.43872553935,-83.2));
#33 = CARTESIAN_POINT('',(15.446976294793,-54.95512487883,-83.2));
#34 = CARTESIAN_POINT('',(14.08133884395,-55.79311152092,-83.2));
#35 = CARTESIAN_POINT('',(13.484782787204,-56.13091718025,-83.2));
#36 = CARTESIAN_POINT('',(12.876970752527,-56.44838172255,-83.2));
#37 = CARTESIAN_POINT('',(12.259112631675,-56.74571561112,-83.2));
#38 = CARTESIAN_POINT('',(11.632294101642,-57.02314032463,-83.2));
#39 = CARTESIAN_POINT('',(10.51671549256,-57.47606830045,-83.2));
#40 = CARTESIAN_POINT('',(10.031375357139,-57.65996405876,-83.2));
#41 = CARTESIAN_POINT('',(9.541872705533,-57.83266250759,-83.2));
#42 = CARTESIAN_POINT('',(9.048601578329,-57.99425355029,-83.2));
#43 = CARTESIAN_POINT('',(8.551929535725,-58.1448213605,-83.2));
#44 = CARTESIAN_POINT('',(6.743831660074,-58.649996435,-83.2));
#45 = CARTESIAN_POINT('',(5.414648012953,-58.94048170804,-83.2));
#46 = CARTESIAN_POINT('',(4.070513155081,-59.15740328888,-83.2));
#47 = CARTESIAN_POINT('',(2.716805547335,-59.30163961609,-83.2));
#48 = CARTESIAN_POINT('',(1.358473746127,-59.3737724373,-83.2));
#49 = CARTESIAN_POINT('',(-1.358473748693,-59.37377243811,-83.2));
#50 = CARTESIAN_POINT('',(-2.716805549361,-59.3016396178,-83.2));
#51 = CARTESIAN_POINT('',(-4.070513156536,-59.15740329088,-83.2));
#52 = CARTESIAN_POINT('',(-5.41464801361,-58.94048170904,-83.2));
#53 = CARTESIAN_POINT('',(-6.743831659713,-58.64999643412,-83.2));
#54 = CARTESIAN_POINT('',(-8.551929533739,-58.14482135724,-83.2));
#55 = CARTESIAN_POINT('',(-9.048601575893,-57.99425354639,-83.2));
#56 = CARTESIAN_POINT('',(-9.541872702652,-57.83266250313,-83.2));
#57 = CARTESIAN_POINT('',(-10.03137535384,-57.65996405387,-83.2));
#58 = CARTESIAN_POINT('',(-10.51671548891,-57.47606829533,-83.2));
#59 = CARTESIAN_POINT('',(-11.63229409712,-57.02314031966,-83.2));
#60 = CARTESIAN_POINT('',(-12.25911262671,-56.74571560673,-83.2));
#61 = CARTESIAN_POINT('',(-12.87697074739,-56.4483817193,-83.2));
#62 = CARTESIAN_POINT('',(-13.48478278225,-56.13091717876,-83.2));
#63 = CARTESIAN_POINT('',(-14.08133883958,-55.79311152178,-83.2));
#64 = CARTESIAN_POINT('',(-15.44697629751,-54.95512488317,-83.2));
#65 = CARTESIAN_POINT('',(-16.20603314037,-54.43872554468,-83.2));
#66 = CARTESIAN_POINT('',(-16.939349825,-53.88509340632,-83.2));
#67 = CARTESIAN_POINT('',(-17.64311964619,-53.2939553971,-83.2));
#68 = CARTESIAN_POINT('',(-18.31297659931,-52.66539512653,-83.2));
#69 = CARTESIAN_POINT('',(-18.94411323586,-52.,-83.2));
#70 = PCURVE('',#71,#177);
#71 = ( BOUNDED_SURFACE() B_SPLINE_SURFACE(14,6,(
    (#72,#73,#74,#75,#76,#77,#78)
    ,(#79,#80,#81,#82,#83,#84,#85)
    ,(#86,#87,#88,#89,#90,#91,#92)
    ,(#93,#94,#95,#96,#97,#98,#99)
    ,(#100,#101,#102,#103,#104,#105,#106)
    ,(#107,#108,#109,#110,#111,#112,#113)
    ,(#114,#115,#116,#117,#118,#119,#120)
    ,(#121,#122,#123,#124,#125,#126,#127)
    ,(#128,#129,#130,#131,#132,#133,#134)
    ,(#135,#136,#137,#138,#139,#140,#141)
    ,(#142,#143,#144,#145,#146,#147,#148)
    ,(#149,#150,#151,#152,#153,#154,#155)
    ,(#156,#157,#158,#159,#160,#161,#162)
    ,(#163,#164,#165,#166,#167,#168,#169)
    ,(#170,#171,#172,#173,#174,#175,#176
)),.UNSPECIFIED.,.T.,.F.,.F.) B_SPLINE_SURFACE_WITH_KNOTS((15,15),(7,7),
  (0.,1.),(0.,1.),.PIECEWISE_BEZIER_KNOTS.) 
GEOMETRIC_REPRESENTATION_ITEM() RATIONAL_B_SPLINE_SURFACE((
    (1.,1.,1.,1.,1.,1.,1.)
    ,(1.,1.,1.,1.,1.,1.,1.)
    ,(1.,1.,1.,1.,1.,1.,1.)
    ,(1.,1.,1.,1.,1.,1.,1.)
    ,(1.,1.,1.,1.,1.,1.,1.)
    ,(1.,1.,1.,1.,1.,1.,1.)
    ,(1.,1.,1.,1.,1.,1.,1.)
    ,(1.,1.,1.,1.,1.,1.,1.)
    ,(1.,1.,1.,1.,1.,1.,1.)
    ,(1.,1.,1.,1.,1.,1.,1.)
    ,(1.,1.,1.,1.,1.,1.,1.)
    ,(1.,1.,1.,1.,1.,1.,1.)
    ,(1.,1.,1.,1.,1.,1.,1.)
    ,(1.,1.,1.,1.,1.,1.,1.)
,(1.,1.,1.,1.,1.,1.,1.))) REPRESENTATION_ITEM('') SURFACE() );
#72 = CARTESIAN_POINT('',(23.,-42.,-84.));
#73 = CARTESIAN_POINT('',(29.641655582445,-34.95073296893,
    -70.12860299017));
#74 = CARTESIAN_POINT('',(23.436722547952,-26.26855404717,
    -53.21501549349));
#75 = CARTESIAN_POINT('',(29.824773752888,-27.83468103672,
    -35.80865665334));
#76 = CARTESIAN_POINT('',(36.616847298916,-5.652860175088,
    -27.69446660503));
#77 = CARTESIAN_POINT('',(31.035997239754,-4.91384139844,-8.429467067994
    ));
#78 = CARTESIAN_POINT('',(36.,-2.495388277643E-14,7.));
#79 = CARTESIAN_POINT('',(23.000000000002,-34.14601836602,-84.));
#80 = CARTESIAN_POINT('',(29.641655582445,-24.7891125089,-70.12860299017
    ));
#81 = CARTESIAN_POINT('',(23.436722547984,-18.77055271239,
    -53.21501549349));
#82 = CARTESIAN_POINT('',(29.824773752835,-16.41978213297,
    -35.80865665334));
#83 = CARTESIAN_POINT('',(36.616847298978,5.323710405559,-27.69446660503
    ));
#84 = CARTESIAN_POINT('',(31.035997239732,5.958097496413,-8.429467067994
    ));
#85 = CARTESIAN_POINT('',(36.000000000008,12.117571663854,7.));
#86 = CARTESIAN_POINT('',(18.010969692408,-26.29203383296,-84.));
#87 = CARTESIAN_POINT('',(23.211954796886,-14.627488298,-70.12860299017)
  );
#88 = CARTESIAN_POINT('',(18.352960847719,-11.27254860993,
    -53.21501549349));
#89 = CARTESIAN_POINT('',(23.355352006594,-5.004879015781,
    -35.80865665334));
#90 = CARTESIAN_POINT('',(28.67412725767,16.300285037886,-27.69446660503
    ));
#91 = CARTESIAN_POINT('',(24.303843724406,16.830040404339,
    -8.429467067994));
#92 = CARTESIAN_POINT('',(28.191082996787,24.235147800565,7.));
#93 = CARTESIAN_POINT('',(8.032902699235,-20.42566143498,-84.));
#94 = CARTESIAN_POINT('',(10.352545005984,-7.037471849791,
    -70.12860299017));
#95 = CARTESIAN_POINT('',(8.185430948912,-5.672068481451,-53.21501549349
    ));
#96 = CARTESIAN_POINT('',(10.416500242125,3.521248364757,-35.80865665334
    ));
#97 = CARTESIAN_POINT('',(12.788677022651,24.499011961384,
    -27.69446660503));
#98 = CARTESIAN_POINT('',(10.839528086692,24.950614810754,
    -8.429467067994));
#99 = CARTESIAN_POINT('',(12.573239007572,33.286122357475,7.));
#100 = CARTESIAN_POINT('',(-5.442044138944,-18.53429207301,-84.));
#101 = CARTESIAN_POINT('',(-7.013530349149,-4.590384690583,
    -70.12860299017));
#102 = CARTESIAN_POINT('',(-5.545377330209,-3.866425094322,
    -53.21501549349));
#103 = CARTESIAN_POINT('',(-7.056858050796,6.270145810742,
    -35.80865665334));
#104 = CARTESIAN_POINT('',(-8.663934750493,27.142352659398,
    -27.69446660503));
#105 = CARTESIAN_POINT('',(-7.343446385277,27.568758459309,
    -8.429467067994));
#106 = CARTESIAN_POINT('',(-8.51798213068,36.204235087305,7.));
#107 = CARTESIAN_POINT('',(-19.42984018936,-21.89290493236,-84.));
#108 = CARTESIAN_POINT('',(-25.04054917024,-8.935817458062,
    -70.12860299017));
#109 = CARTESIAN_POINT('',(-19.79877276709,-7.072809432167,
    -53.21501549349));
#110 = CARTESIAN_POINT('',(-25.19524294548,1.388771237918,
    -35.80865665334));
#111 = CARTESIAN_POINT('',(-30.93302135684,22.448421247381,
    -27.69446660503));
#112 = CARTESIAN_POINT('',(-26.21845506551,22.919570890481,
    -8.429467067994));
#113 = CARTESIAN_POINT('',(-30.41192377438,31.022375247273,7.));
#114 = CARTESIAN_POINT('',(-30.10795913802,-30.3470082078,-84.));
#115 = CARTESIAN_POINT('',(-38.80216326346,-19.87388592071,
    -70.12860299017));
#116 = CARTESIAN_POINT('',(-30.67964716675,-15.14373200378,
    -53.21501549349));
#117 = CARTESIAN_POINT('',(-39.04187258259,-10.89833849966,
    -35.80865665334));
#118 = CARTESIAN_POINT('',(-47.93298009996,10.63313243868,
    -27.69446660503));
#119 = CARTESIAN_POINT('',(-40.62741463807,11.216908660777,
    -8.429467067994));
#120 = CARTESIAN_POINT('',(-47.12550125988,17.978901622136,7.));
#121 = CARTESIAN_POINT('',(-34.12805784726,-41.99999999984,-84.));
#122 = CARTESIAN_POINT('',(-43.98313636543,-34.95073296858,
    -70.12860299017));
#123 = CARTESIAN_POINT('',(-34.77607925363,-26.26855404666,
    -53.21501549349));
#124 = CARTESIAN_POINT('',(-44.25485234666,-27.83468103645,
    -35.80865665334));
#125 = CARTESIAN_POINT('',(-54.33312533652,-5.65286017434,
    -27.69446660503));
#126 = CARTESIAN_POINT('',(-46.05210039882,-4.913841398336,
    -8.429467067994));
#127 = CARTESIAN_POINT('',(-53.41782967355,3.62907517548E-10,7.));
#128 = CARTESIAN_POINT('',(-30.107959138,-53.65299179247,-84.));
#129 = CARTESIAN_POINT('',(-38.80216326354,-50.0275800178,
    -70.12860299017));
#130 = CARTESIAN_POINT('',(-30.67964716655,-37.39337609149,
    -53.21501549349));
#131 = CARTESIAN_POINT('',(-39.04187258293,-44.77102357427,
    -35.80865665334));
#132 = CARTESIAN_POINT('',(-47.93298009964,-21.93885279023,
    -27.69446660503));
#133 = CARTESIAN_POINT('',(-40.6274146382,-21.04459145784,
    -8.429467067994));
#134 = CARTESIAN_POINT('',(-47.12550125989,-17.9789016228,7.));
#135 = CARTESIAN_POINT('',(-19.42984018938,-62.10709506741,-84.));
#136 = CARTESIAN_POINT('',(-25.04054917012,-60.9656484793,
    -70.12860299017));
#137 = CARTESIAN_POINT('',(-19.79877276736,-45.46429866149,
    -53.21501549349));
#138 = CARTESIAN_POINT('',(-25.19524294501,-57.05813331099,
    -35.80865665334));
#139 = CARTESIAN_POINT('',(-30.93302135729,-33.75414159647,
    -27.69446660503));
#140 = CARTESIAN_POINT('',(-26.21845506534,-32.74725368723,
    -8.429467067994));
#141 = CARTESIAN_POINT('',(-30.41192377437,-31.02237524676,7.));
#142 = CARTESIAN_POINT('',(-5.442044138928,-65.46570792711,-84.));
#143 = CARTESIAN_POINT('',(-7.013530349247,-65.31108124762,
    -70.12860299017));
#144 = CARTESIAN_POINT('',(-5.545377329988,-48.67068300044,
    -53.21501549349));
#145 = CARTESIAN_POINT('',(-7.056858051178,-61.93950788441,
    -35.80865665334));
#146 = CARTESIAN_POINT('',(-8.663934750141,-38.44807301026,
    -27.69446660503));
#147 = CARTESIAN_POINT('',(-7.343446385417,-37.39644125626,
    -8.429467067994));
#148 = CARTESIAN_POINT('',(-8.517982130688,-36.20423508762,7.));
#149 = CARTESIAN_POINT('',(8.032902699226,-63.57433856495,-84.));
#150 = CARTESIAN_POINT('',(10.352545006041,-62.86399408791,
    -70.12860299017));
#151 = CARTESIAN_POINT('',(8.185430948788,-46.8650396127,-53.21501549349
    ));
#152 = CARTESIAN_POINT('',(10.416500242332,-59.19061043809,
    -35.80865665334));
#153 = CARTESIAN_POINT('',(12.788677022461,-35.8047323112,
    -27.69446660503));
#154 = CARTESIAN_POINT('',(10.839528086767,-34.7782976076,
    -8.429467067994));
#155 = CARTESIAN_POINT('',(12.573239007577,-33.28612235731,7.));
#156 = CARTESIAN_POINT('',(18.010969692412,-57.70796616706,-84.));
#157 = CARTESIAN_POINT('',(23.211954796863,-55.27397763993,
    -70.12860299017));
#158 = CARTESIAN_POINT('',(18.352960847766,-41.26455948448,
    -53.21501549349));
#159 = CARTESIAN_POINT('',(23.355352006518,-50.6644830577,
    -35.80865665334));
#160 = CARTESIAN_POINT('',(28.67412725774,-27.60600538819,
    -27.69446660503));
#161 = CARTESIAN_POINT('',(24.303843724378,-26.65772320123,
    -8.429467067994));
#162 = CARTESIAN_POINT('',(28.191082996785,-24.23514780062,7.));
#163 = CARTESIAN_POINT('',(23.000000000001,-49.85398163397,-84.));
#164 = CARTESIAN_POINT('',(29.641655582451,-45.11235342895,
    -70.12860299017));
#165 = CARTESIAN_POINT('',(23.436722547972,-33.76655538194,
    -53.21501549349));
#166 = CARTESIAN_POINT('',(29.824773752856,-39.24957994046,
    -35.80865665334));
#167 = CARTESIAN_POINT('',(36.61684729896,-16.6294307557,-27.69446660503
    ));
#168 = CARTESIAN_POINT('',(31.035997239739,-15.78578029329,
    -8.429467067994));
#169 = CARTESIAN_POINT('',(36.000000000009,-12.11757166384,7.));
#170 = CARTESIAN_POINT('',(23.,-42.,-84.));
#171 = CARTESIAN_POINT('',(29.641655582445,-34.95073296893,
    -70.12860299017));
#172 = CARTESIAN_POINT('',(23.436722547953,-26.26855404717,
    -53.21501549349));
#173 = CARTESIAN_POINT('',(29.824773752888,-27.83468103672,
    -35.80865665334));
#174 = CARTESIAN_POINT('',(36.616847298916,-5.652860175088,
    -27.69446660503));
#175 = CARTESIAN_POINT('',(31.035997239754,-4.913841398441,
    -8.429467067994));
#176 = CARTESIAN_POINT('',(36.,3.467826405124E-15,7.));
#177 = DEFINITIONAL_REPRESENTATION('',(#178),#221);
#178 = B_SPLINE_CURVE_WITH_KNOTS('',6,(#179,#180,#181,#182,#183,#184,
    #185,#186,#187,#188,#189,#190,#191,#192,#193,#194,#195,#196,#197,
    #198,#199,#200,#201,#202,#203,#204,#205,#206,#207,#208,#209,#210,
    #211,#212,#213,#214,#215,#216,#217,#218,#219,#220),.UNSPECIFIED.,.F.
  ,.F.,(7,5,5,5,5,5,5,5,7),(0.,0.131782593194,0.230235051823,
    0.304794148387,0.499999999766,0.695205851044,0.769764947572,
    0.868217406111,1.),.UNSPECIFIED.);
#179 = CARTESIAN_POINT('',(0.900491656121,9.562515914489E-03));
#180 = CARTESIAN_POINT('',(0.893145970213,9.562515914489E-03));
#181 = CARTESIAN_POINT('',(0.885913262036,9.562515914489E-03));
#182 = CARTESIAN_POINT('',(0.878788747746,9.562515914489E-03));
#183 = CARTESIAN_POINT('',(0.871766700764,9.562515914489E-03));
#184 = CARTESIAN_POINT('',(0.864840053656,9.562515914489E-03));
#185 = CARTESIAN_POINT('',(0.852889916162,9.562515914489E-03));
#186 = CARTESIAN_POINT('',(0.847828449727,9.562515914489E-03));
#187 = CARTESIAN_POINT('',(0.842812101131,9.562515914489E-03));
#188 = CARTESIAN_POINT('',(0.83783752052,9.562515914489E-03));
#189 = CARTESIAN_POINT('',(0.832901339018,9.562515914489E-03));
#190 = CARTESIAN_POINT('',(0.824288163706,9.562515914489E-03));
#191 = CARTESIAN_POINT('',(0.82059635581,9.562515914489E-03));
#192 = CARTESIAN_POINT('',(0.816923091188,9.562515914489E-03));
#193 = CARTESIAN_POINT('',(0.813266904334,9.562515914489E-03));
#194 = CARTESIAN_POINT('',(0.809626349362,9.562515914489E-03));
#195 = CARTESIAN_POINT('',(0.796505724356,9.562515914489E-03));
#196 = CARTESIAN_POINT('',(0.787109896974,9.562515914489E-03));
#197 = CARTESIAN_POINT('',(0.777784640858,9.562515914489E-03));
#198 = CARTESIAN_POINT('',(0.768506907051,9.562515914489E-03));
#199 = CARTESIAN_POINT('',(0.759253932349,9.562515914489E-03));
#200 = CARTESIAN_POINT('',(0.740746067656,9.562515914489E-03));
#201 = CARTESIAN_POINT('',(0.731493092954,9.562515914489E-03));
#202 = CARTESIAN_POINT('',(0.722215359146,9.562515914489E-03));
#203 = CARTESIAN_POINT('',(0.712890103029,9.562515914489E-03));
#204 = CARTESIAN_POINT('',(0.703494275645,9.562515914489E-03));
#205 = CARTESIAN_POINT('',(0.690373650638,9.562515914489E-03));
#206 = CARTESIAN_POINT('',(0.686733095665,9.562515914489E-03));
#207 = CARTESIAN_POINT('',(0.683076908812,9.562515914489E-03));
#208 = CARTESIAN_POINT('',(0.67940364419,9.562515914489E-03));
#209 = CARTESIAN_POINT('',(0.675711836294,9.562515914489E-03));
#210 = CARTESIAN_POINT('',(0.667098660984,9.562515914489E-03));
#211 = CARTESIAN_POINT('',(0.662162479484,9.562515914489E-03));
#212 = CARTESIAN_POINT('',(0.657187898874,9.562515914489E-03));
#213 = CARTESIAN_POINT('',(0.652171550278,9.562515914489E-03));
#214 = CARTESIAN_POINT('',(0.647110083841,9.562515914489E-03));
#215 = CARTESIAN_POINT('',(0.635159946298,9.562515914489E-03));
#216 = CARTESIAN_POINT('',(0.628233299139,9.562515914489E-03));
#217 = CARTESIAN_POINT('',(0.621211252103,9.562515914489E-03));
#218 = CARTESIAN_POINT('',(0.614086737757,9.562515914489E-03));
#219 = CARTESIAN_POINT('',(0.606854029531,9.562515914489E-03));
#220 = CARTESIAN_POINT('',(0.59950834359,9.562515914489E-03));
#221 = ( GEOMETRIC_REPRESENTATION_CONTEXT(2) 
PARAMETRIC_REPRESENTATION_CONTEXT() REPRESENTATION_CONTEXT('2D SPACE',''
  ) );
#222 = PCURVE('',#223,#228);
#223 = PLANE('',#224);
#224 = AXIS2_PLACEMENT_3D('',#225,#226,#227);
#225 = CARTESIAN_POINT('',(0.792052859068,-42.,-83.2));
#226 = DIRECTION('',(0.,0.,1.));
#227 = DIRECTION('',(1.,0.,-0.));
#228 = DEFINITIONAL_REPRESENTATION('',(#229),#272);
#229 = B_SPLINE_CURVE_WITH_KNOTS('',6,(#230,#231,#232,#233,#234,#235,
    #236,#237,#238,#239,#240,#241,#242,#243,#244,#245,#246,#247,#248,
    #249,#250,#251,#252,#253,#254,#255,#256,#257,#258,#259,#260,#261,
    #262,#263,#264,#265,#266,#267,#268,#269,#270,#271),.UNSPECIFIED.,.F.
  ,.F.,(7,5,5,5,5,5,5,5,7),(0.,0.131782593194,0.230235051823,
    0.304794148387,0.499999999766,0.695205851044,0.769764947572,
    0.868217406111,1.),.UNSPECIFIED.);
#230 = CARTESIAN_POINT('',(18.152060346723,-10.));
#231 = CARTESIAN_POINT('',(17.520923712814,-10.66539512231));
#232 = CARTESIAN_POINT('',(16.851066764689,-11.29395539094));
#233 = CARTESIAN_POINT('',(16.147296949925,-11.88509340009));
#234 = CARTESIAN_POINT('',(15.41398027211,-12.43872553935));
#235 = CARTESIAN_POINT('',(14.654923435725,-12.95512487883));
#236 = CARTESIAN_POINT('',(13.289285984882,-13.79311152092));
#237 = CARTESIAN_POINT('',(12.692729928136,-14.13091718025));
#238 = CARTESIAN_POINT('',(12.08491789346,-14.44838172255));
#239 = CARTESIAN_POINT('',(11.467059772607,-14.74571561112));
#240 = CARTESIAN_POINT('',(10.840241242574,-15.02314032463));
#241 = CARTESIAN_POINT('',(9.724662633492,-15.47606830045));
#242 = CARTESIAN_POINT('',(9.239322498071,-15.65996405876));
#243 = CARTESIAN_POINT('',(8.749819846465,-15.83266250759));
#244 = CARTESIAN_POINT('',(8.256548719261,-15.99425355029));
#245 = CARTESIAN_POINT('',(7.759876676657,-16.1448213605));
#246 = CARTESIAN_POINT('',(5.951778801006,-16.649996435));
#247 = CARTESIAN_POINT('',(4.622595153885,-16.94048170804));
#248 = CARTESIAN_POINT('',(3.278460296014,-17.15740328888));
#249 = CARTESIAN_POINT('',(1.924752688267,-17.30163961609));
#250 = CARTESIAN_POINT('',(0.566420887059,-17.3737724373));
#251 = CARTESIAN_POINT('',(-2.150526607761,-17.37377243811));
#252 = CARTESIAN_POINT('',(-3.508858408429,-17.3016396178));
#253 = CARTESIAN_POINT('',(-4.862566015604,-17.15740329088));
#254 = CARTESIAN_POINT('',(-6.206700872678,-16.94048170904));
#255 = CARTESIAN_POINT('',(-7.535884518781,-16.64999643412));
#256 = CARTESIAN_POINT('',(-9.343982392807,-16.14482135724));
#257 = CARTESIAN_POINT('',(-9.840654434961,-15.99425354639));
#258 = CARTESIAN_POINT('',(-10.33392556172,-15.83266250313));
#259 = CARTESIAN_POINT('',(-10.82342821291,-15.65996405387));
#260 = CARTESIAN_POINT('',(-11.30876834797,-15.47606829533));
#261 = CARTESIAN_POINT('',(-12.42434695619,-15.02314031966));
#262 = CARTESIAN_POINT('',(-13.05116548578,-14.74571560673));
#263 = CARTESIAN_POINT('',(-13.66902360646,-14.4483817193));
#264 = CARTESIAN_POINT('',(-14.27683564132,-14.13091717876));
#265 = CARTESIAN_POINT('',(-14.87339169865,-13.79311152178));
#266 = CARTESIAN_POINT('',(-16.23902915658,-12.95512488317));
#267 = CARTESIAN_POINT('',(-16.99808599943,-12.43872554468));
#268 = CARTESIAN_POINT('',(-17.73140268407,-11.88509340632));
#269 = CARTESIAN_POINT('',(-18.43517250526,-11.2939553971));
#270 = CARTESIAN_POINT('',(-19.10502945838,-10.66539512653));
#271 = CARTESIAN_POINT('',(-19.73616609493,-10.));
#272 = ( GEOMETRIC_REPRESENTATION_CONTEXT(2) 
PARAMETRIC_REPRESENTATION_CONTEXT() REPRESENTATION_CONTEXT('2D SPACE',''
  ) );
#273 = ORIENTED_EDGE('',*,*,#274,.T.);
#274 = EDGE_CURVE('',#22,#275,#277,.T.);
#275 = VERTEX_POINT('',#276);
#276 = CARTESIAN_POINT('',(18.874991522194,-52.,-84.));
#277 = SURFACE_CURVE('',#278,(#284,#293),.PCURVE_S1.);
#278 = B_SPLINE_CURVE_WITH_KNOTS('',4,(#279,#280,#281,#282,#283),
  .UNSPECIFIED.,.F.,.F.,(5,5),(0.,1.),.PIECEWISE_BEZIER_KNOTS.);
#279 = CARTESIAN_POINT('',(18.944113236986,-52.,-83.1999994));
#280 = CARTESIAN_POINT('',(18.933688108582,-52.,-83.40051377015));
#281 = CARTESIAN_POINT('',(18.918779654389,-52.,-83.60079539571));
#282 = CARTESIAN_POINT('',(18.899249110408,-52.,-83.80068532542));
#283 = CARTESIAN_POINT('',(18.874991522194,-52.,-84.));
#284 = PCURVE('',#71,#285);
#285 = DEFINITIONAL_REPRESENTATION('',(#286),#292);
#286 = B_SPLINE_CURVE_WITH_KNOTS('',4,(#287,#288,#289,#290,#291),
  .UNSPECIFIED.,.F.,.F.,(5,5),(0.,1.),.PIECEWISE_BEZIER_KNOTS.);
#287 = CARTESIAN_POINT('',(0.90049165404,9.562523049977E-03));
#288 = CARTESIAN_POINT('',(0.901187255009,7.177910033993E-03));
#289 = CARTESIAN_POINT('',(0.901870468955,4.788110416051E-03));
#290 = CARTESIAN_POINT('',(0.902540074177,2.394792132728E-03));
#291 = CARTESIAN_POINT('',(0.903194709162,0.));
#292 = ( GEOMETRIC_REPRESENTATION_CONTEXT(2) 
PARAMETRIC_REPRESENTATION_CONTEXT() REPRESENTATION_CONTEXT('2D SPACE',''
  ) );
#293 = PCURVE('',#294,#299);
#294 = PLANE('',#295);
#295 = AXIS2_PLACEMENT_3D('',#296,#297,#298);
#296 = CARTESIAN_POINT('',(-26.,-52.,-88.1));
#297 = DIRECTION('',(0.,1.,0.));
#298 = DIRECTION('',(0.,0.,1.));
#299 = DEFINITIONAL_REPRESENTATION('',(#300),#306);
#300 = B_SPLINE_CURVE_WITH_KNOTS('',4,(#301,#302,#303,#304,#305),
  .UNSPECIFIED.,.F.,.F.,(5,5),(0.,1.),.PIECEWISE_BEZIER_KNOTS.);
#301 = CARTESIAN_POINT('',(4.9000006,44.944113236986));
#302 = CARTESIAN_POINT('',(4.699486229841,44.933688108582));
#303 = CARTESIAN_POINT('',(4.49920460429,44.918779654389));
#304 = CARTESIAN_POINT('',(4.299314674574,44.899249110408));
#305 = CARTESIAN_POINT('',(4.1,44.874991522194));
#306 = ( GEOMETRIC_REPRESENTATION_CONTEXT(2) 
PARAMETRIC_REPRESENTATION_CONTEXT() REPRESENTATION_CONTEXT('2D SPACE',''
  ) );
#307 = ORIENTED_EDGE('',*,*,#308,.T.);
#308 = EDGE_CURVE('',#275,#309,#311,.T.);
#309 = VERTEX_POINT('',#310);
#310 = CARTESIAN_POINT('',(23.,-42.,-84.));
#311 = SURFACE_CURVE('',#312,(#328,#335),.PCURVE_S1.);
#312 = B_SPLINE_CURVE_WITH_KNOTS('',14,(#313,#314,#315,#316,#317,#318,
    #319,#320,#321,#322,#323,#324,#325,#326,#327),.UNSPECIFIED.,.T.,.F.,
  (15,15),(0.,1.),.PIECEWISE_BEZIER_KNOTS.);
#313 = CARTESIAN_POINT('',(23.,-42.,-84.));
#314 = CARTESIAN_POINT('',(23.000000000002,-34.14601836602,-84.));
#315 = CARTESIAN_POINT('',(18.010969692408,-26.29203383296,-84.));
#316 = CARTESIAN_POINT('',(8.032902699235,-20.42566143498,-84.));
#317 = CARTESIAN_POINT('',(-5.442044138944,-18.53429207301,-84.));
#318 = CARTESIAN_POINT('',(-19.42984018936,-21.89290493236,-84.));
#319 = CARTESIAN_POINT('',(-30.10795913802,-30.3470082078,-84.));
#320 = CARTESIAN_POINT('',(-34.12805784726,-41.99999999984,-84.));
#321 = CARTESIAN_POINT('',(-30.107959138,-53.65299179247,-84.));
#322 = CARTESIAN_POINT('',(-19.42984018938,-62.10709506741,-84.));
#323 = CARTESIAN_POINT('',(-5.442044138928,-65.46570792711,-84.));
#324 = CARTESIAN_POINT('',(8.032902699226,-63.57433856495,-84.));
#325 = CARTESIAN_POINT('',(18.010969692412,-57.70796616706,-84.));
#326 = CARTESIAN_POINT('',(23.000000000001,-49.85398163397,-84.));
#327 = CARTESIAN_POINT('',(23.,-42.,-84.));
#328 = PCURVE('',#71,#329);
#329 = DEFINITIONAL_REPRESENTATION('',(#330),#334);
#330 = LINE('',#331,#332);
#331 = CARTESIAN_POINT('',(0.,0.));
#332 = VECTOR('',#333,1.);
#333 = DIRECTION('',(1.,0.));
#334 = ( GEOMETRIC_REPRESENTATION_CONTEXT(2) 
PARAMETRIC_REPRESENTATION_CONTEXT() REPRESENTATION_CONTEXT('2D SPACE',''
  ) );
#335 = PCURVE('',#336,#341);
#336 = PLANE('',#337);
#337 = AXIS2_PLACEMENT_3D('',#338,#339,#340);
#338 = CARTESIAN_POINT('',(23.,-42.,-84.));
#339 = DIRECTION('',(0.,0.,1.));
#340 = DIRECTION('',(-1.,3.08931624264E-16,0.));
#341 = DEFINITIONAL_REPRESENTATION('',(#342),#358);
#342 = B_SPLINE_CURVE_WITH_KNOTS('',14,(#343,#344,#345,#346,#347,#348,
    #349,#350,#351,#352,#353,#354,#355,#356,#357),.UNSPECIFIED.,.F.,.F.,
  (15,15),(0.,1.),.PIECEWISE_BEZIER_KNOTS.);
#343 = CARTESIAN_POINT('',(0.,0.));
#344 = CARTESIAN_POINT('',(-1.83675297194E-12,-7.853981633979));
#345 = CARTESIAN_POINT('',(4.989030307592,-15.70796616703));
#346 = CARTESIAN_POINT('',(14.967097300765,-21.57433856501));
#347 = CARTESIAN_POINT('',(28.442044138944,-23.46570792698));
#348 = CARTESIAN_POINT('',(42.429840189362,-20.10709506763));
#349 = CARTESIAN_POINT('',(53.10795913802,-11.65299179219));
#350 = CARTESIAN_POINT('',(57.128057847267,-1.522693082734E-10));
#351 = CARTESIAN_POINT('',(53.107959138008,11.652991792471));
#352 = CARTESIAN_POINT('',(42.429840189379,20.107095067418));
#353 = CARTESIAN_POINT('',(28.442044138928,23.465707927117));
#354 = CARTESIAN_POINT('',(14.967097300774,21.574338564951));
#355 = CARTESIAN_POINT('',(4.989030307588,15.707966167061));
#356 = CARTESIAN_POINT('',(-7.993605777301E-13,7.853981633973));
#357 = CARTESIAN_POINT('',(-2.48689957516E-14,7.105427357601E-15));
#358 = ( GEOMETRIC_REPRESENTATION_CONTEXT(2) 
PARAMETRIC_REPRESENTATION_CONTEXT() REPRESENTATION_CONTEXT('2D SPACE',''
  ) );
#359 = ORIENTED_EDGE('',*,*,#360,.T.);
#360 = EDGE_CURVE('',#309,#361,#363,.T.);
#361 = VERTEX_POINT('',#362);
#362 = CARTESIAN_POINT('',(35.197079212467,-0.891624918283,4.));
#363 = SEAM_CURVE('',#364,(#372,#379),.PCURVE_S1.);
#364 = ( BOUNDED_CURVE() B_SPLINE_CURVE(6,(#365,#366,#367,#368,#369,#370
,#371),.UNSPECIFIED.,.F.,.F.) B_SPLINE_CURVE_WITH_KNOTS((7,7),(0.,1.),
.PIECEWISE_BEZIER_KNOTS.) CURVE() GEOMETRIC_REPRESENTATION_ITEM() 
RATIONAL_B_SPLINE_CURVE((1.,1.,1.,1.,1.,1.,1.)) REPRESENTATION_ITEM('') 
  );
#365 = CARTESIAN_POINT('',(23.,-42.,-84.));
#366 = CARTESIAN_POINT('',(29.641655582445,-34.95073296893,
    -70.12860299017));
#367 = CARTESIAN_POINT('',(23.436722547952,-26.26855404717,
    -53.21501549349));
#368 = CARTESIAN_POINT('',(29.824773752888,-27.83468103672,
    -35.80865665334));
#369 = CARTESIAN_POINT('',(36.616847298916,-5.652860175088,
    -27.69446660503));
#370 = CARTESIAN_POINT('',(31.035997239754,-4.91384139844,
    -8.429467067994));
#371 = CARTESIAN_POINT('',(36.,-2.495388277643E-14,7.));
#372 = PCURVE('',#71,#373);
#373 = DEFINITIONAL_REPRESENTATION('',(#374),#378);
#374 = LINE('',#375,#376);
#375 = CARTESIAN_POINT('',(0.,0.));
#376 = VECTOR('',#377,1.);
#377 = DIRECTION('',(0.,1.));
#378 = ( GEOMETRIC_REPRESENTATION_CONTEXT(2) 
PARAMETRIC_REPRESENTATION_CONTEXT() REPRESENTATION_CONTEXT('2D SPACE',''
  ) );
#379 = PCURVE('',#71,#380);
#380 = DEFINITIONAL_REPRESENTATION('',(#381),#385);
#381 = LINE('',#382,#383);
#382 = CARTESIAN_POINT('',(1.,0.));
#383 = VECTOR('',#384,1.);
#384 = DIRECTION('',(0.,1.));
#385 = ( GEOMETRIC_REPRESENTATION_CONTEXT(2) 
PARAMETRIC_REPRESENTATION_CONTEXT() REPRESENTATION_CONTEXT('2D SPACE',''
  ) );
#386 = ORIENTED_EDGE('',*,*,#387,.T.);
#387 = EDGE_CURVE('',#361,#361,#388,.T.);
#388 = SURFACE_CURVE('',#389,(#548,#710),.PCURVE_S1.);
#389 = B_SPLINE_CURVE_WITH_KNOTS('',7,(#390,#391,#392,#393,#394,#395,
    #396,#397,#398,#399,#400,#401,#402,#403,#404,#405,#406,#407,#408,
    #409,#410,#411,#412,#413,#414,#415,#416,#417,#418,#419,#420,#421,
    #422,#423,#424,#425,#426,#427,#428,#429,#430,#431,#432,#433,#434,
    #435,#436,#437,#438,#439,#440,#441,#442,#443,#444,#445,#446,#447,
    #448,#449,#450,#451,#452,#453,#454,#455,#456,#457,#458,#459,#460,
    #461,#462,#463,#464,#465,#466,#467,#468,#469,#470,#471,#472,#473,
    #474,#475,#476,#477,#478,#479,#480,#481,#482,#483,#484,#485,#486,
    #487,#488,#489,#490,#491,#492,#493,#494,#495,#496,#497,#498,#499,
    #500,#501,#502,#503,#504,#505,#506,#507,#508,#509,#510,#511,#512,
    #513,#514,#515,#516,#517,#518,#519,#520,#521,#522,#523,#524,#525,
    #526,#527,#528,#529,#530,#531,#532,#533,#534,#535,#536,#537,#538,
    #539,#540,#541,#542,#543,#544,#545,#546,#547),.UNSPECIFIED.,.T.,.F.,
  (8,6,6,6,6,6,6,6,6,6,6,6,6,6,6,6,6,6,6,6,6,6,6,6,6,6,8),(0.,
    5.397890302347E-02,8.739264391449E-02,0.130184759431,0.162939108542,
    0.186985986388,0.249995740303,0.313005494187,0.337052372022,
    0.369806721103,0.412598836572,0.446012577747,0.463778459359,
    0.499999999999,0.536221540639,0.553987422251,0.587401163427,
    0.630193278896,0.662947627977,0.686994505812,0.750004259696,
    0.813014013612,0.837060891458,0.869815240569,0.912607356086,
    0.946021096976,1.),.UNSPECIFIED.);
#390 = CARTESIAN_POINT('',(35.197079212467,-0.891624918283,4.));
#391 = CARTESIAN_POINT('',(35.197079359843,-2.393957765905,4.));
#392 = CARTESIAN_POINT('',(35.065236846349,-3.897358243266,4.));
#393 = CARTESIAN_POINT('',(34.801219959258,-5.385863997694,4.));
#394 = CARTESIAN_POINT('',(34.409968166551,-6.846328211763,4.));
#395 = CARTESIAN_POINT('',(33.899285410978,-8.26788004969,4.));
#396 = CARTESIAN_POINT('',(33.278962164913,-9.641712344982,4.));
#397 = CARTESIAN_POINT('',(32.114977423754,-11.77748140573,4.));
#398 = CARTESIAN_POINT('',(31.632007224889,-12.5733896118,4.));
#399 = CARTESIAN_POINT('',(31.113535656367,-13.34720773582,4.));
#400 = CARTESIAN_POINT('',(30.562030385911,-14.09789828028,4.));
#401 = CARTESIAN_POINT('',(29.979904088291,-14.82472733043,4.));
#402 = CARTESIAN_POINT('',(29.369443158406,-15.527212831,4.));
#403 = CARTESIAN_POINT('',(27.917370535042,-17.07322379047,4.));
#404 = CARTESIAN_POINT('',(27.059042557686,-17.9009177422,4.));
#405 = CARTESIAN_POINT('',(26.162165850245,-18.68767630888,4.));
#406 = CARTESIAN_POINT('',(25.230812801783,-19.4333604759,4.));
#407 = CARTESIAN_POINT('',(24.268678746617,-20.13811431006,4.));
#408 = CARTESIAN_POINT('',(23.279025034677,-20.80229398225,4.));
#409 = CARTESIAN_POINT('',(21.488168516522,-21.90410318503,4.));
#410 = CARTESIAN_POINT('',(20.697266535469,-22.35829822249,4.));
#411 = CARTESIAN_POINT('',(19.893191644465,-22.7891906551,4.));
#412 = CARTESIAN_POINT('',(19.077127096239,-23.19700097749,4.));
#413 = CARTESIAN_POINT('',(18.250161960396,-23.58195742121,4.));
#414 = CARTESIAN_POINT('',(17.41328917333,-23.94429194986,4.));
#415 = CARTESIAN_POINT('',(15.946388993459,-24.5338093756,4.));
#416 = CARTESIAN_POINT('',(15.320525160131,-24.77131064661,4.));
#417 = CARTESIAN_POINT('',(14.690171225628,-24.99682980465,4.));
#418 = CARTESIAN_POINT('',(14.055668814259,-25.21045220948,4.));
#419 = CARTESIAN_POINT('',(13.417342037165,-25.41225884314,4.));
#420 = CARTESIAN_POINT('',(12.775497492309,-25.60232630997,4.));
#421 = CARTESIAN_POINT('',(10.440147438009,-26.24818707668,4.));
#422 = CARTESIAN_POINT('',(8.727877259524,-26.63549480613,4.));
#423 = CARTESIAN_POINT('',(6.998588415858,-26.94403317543,4.));
#424 = CARTESIAN_POINT('',(5.256938883961,-27.17475058458,4.));
#425 = CARTESIAN_POINT('',(3.507292937644,-27.32831194712,4.));
#426 = CARTESIAN_POINT('',(1.753724379433,-27.40510554245,4.));
#427 = CARTESIAN_POINT('',(-1.753724383467,-27.40510554349,4.));
#428 = CARTESIAN_POINT('',(-3.507292940914,-27.32831194928,4.));
#429 = CARTESIAN_POINT('',(-5.256938886496,-27.17475058737,4.));
#430 = CARTESIAN_POINT('',(-6.998588417511,-26.94403317777,4.));
#431 = CARTESIAN_POINT('',(-8.72787726006,-26.63549480682,4.));
#432 = CARTESIAN_POINT('',(-10.44014743721,-26.24818707499,4.));
#433 = CARTESIAN_POINT('',(-12.77549748941,-25.60232630526,4.));
#434 = CARTESIAN_POINT('',(-13.41734203369,-25.4122588376,4.));
#435 = CARTESIAN_POINT('',(-14.05566881021,-25.21045220318,4.));
#436 = CARTESIAN_POINT('',(-14.69017122102,-24.99682979772,4.));
#437 = CARTESIAN_POINT('',(-15.32052515501,-24.77131063922,4.));
#438 = CARTESIAN_POINT('',(-15.9463889879,-24.53380936796,4.));
#439 = CARTESIAN_POINT('',(-17.41328916662,-23.94429194242,4.));
#440 = CARTESIAN_POINT('',(-18.25016195306,-23.58195741446,4.));
#441 = CARTESIAN_POINT('',(-19.07712708856,-23.19700097204,4.));
#442 = CARTESIAN_POINT('',(-19.89319163682,-22.78919065164,4.));
#443 = CARTESIAN_POINT('',(-20.69726652828,-22.3582982217,4.));
#444 = CARTESIAN_POINT('',(-21.48816851024,-21.90410318755,4.));
#445 = CARTESIAN_POINT('',(-23.27902503127,-20.80229399355,4.));
#446 = CARTESIAN_POINT('',(-24.26867874538,-20.13811432718,4.));
#447 = CARTESIAN_POINT('',(-25.23081280342,-19.43336049928,4.));
#448 = CARTESIAN_POINT('',(-26.16216585506,-18.68767633828,4.));
#449 = CARTESIAN_POINT('',(-27.05904256522,-17.90091777657,4.));
#450 = CARTESIAN_POINT('',(-27.91737054399,-17.07322382808,4.));
#451 = CARTESIAN_POINT('',(-29.36944317234,-15.52721286428,4.));
#452 = CARTESIAN_POINT('',(-29.97990410617,-14.82472735641,4.));
#453 = CARTESIAN_POINT('',(-30.56203040555,-14.09789829726,4.));
#454 = CARTESIAN_POINT('',(-31.11353567529,-13.34720774224,4.));
#455 = CARTESIAN_POINT('',(-31.63200724076,-12.57338960645,4.));
#456 = CARTESIAN_POINT('',(-32.11497743484,-11.77748138808,4.));
#457 = CARTESIAN_POINT('',(-32.79663995024,-10.52671419259,4.));
#458 = CARTESIAN_POINT('',(-33.02254026093,-10.08669197947,4.));
#459 = CARTESIAN_POINT('',(-33.23735031989,-9.64103875435,4.));
#460 = CARTESIAN_POINT('',(-33.44070785839,-9.189997332814,4.));
#461 = CARTESIAN_POINT('',(-33.63225993051,-8.733840859754,4.));
#462 = CARTESIAN_POINT('',(-33.81166816402,-8.272875160869,4.));
#463 = CARTESIAN_POINT('',(-34.3189874901,-6.858502078384,4.));
#464 = CARTESIAN_POINT('',(-34.60761208063,-5.890839415605,4.));
#465 = CARTESIAN_POINT('',(-34.84168394868,-4.907543393941,4.));
#466 = CARTESIAN_POINT('',(-35.01893781896,-3.912032787582,4.));
#467 = CARTESIAN_POINT('',(-35.13771032132,-2.908064985373,4.));
#468 = CARTESIAN_POINT('',(-35.19707931742,-1.899758080069,4.));
#469 = CARTESIAN_POINT('',(-35.19707931742,0.116508243502,4.));
#470 = CARTESIAN_POINT('',(-35.13771032132,1.124815148806,4.));
#471 = CARTESIAN_POINT('',(-35.01893781896,2.128782951016,4.));
#472 = CARTESIAN_POINT('',(-34.84168394868,3.124293557375,4.));
#473 = CARTESIAN_POINT('',(-34.60761208063,4.107589579039,4.));
#474 = CARTESIAN_POINT('',(-34.3189874901,5.075252241817,4.));
#475 = CARTESIAN_POINT('',(-33.81166816402,6.489625324303,4.));
#476 = CARTESIAN_POINT('',(-33.63225993051,6.950591023188,4.));
#477 = CARTESIAN_POINT('',(-33.44070785839,7.406747496247,4.));
#478 = CARTESIAN_POINT('',(-33.23735031989,7.857788917784,4.));
#479 = CARTESIAN_POINT('',(-33.02254026093,8.303442142905,4.));
#480 = CARTESIAN_POINT('',(-32.79663995024,8.74346435603,4.));
#481 = CARTESIAN_POINT('',(-32.11497743484,9.994231551521,4.));
#482 = CARTESIAN_POINT('',(-31.63200724076,10.790139769896,4.));
#483 = CARTESIAN_POINT('',(-31.11353567529,11.563957905681,4.));
#484 = CARTESIAN_POINT('',(-30.56203040555,12.314648460697,4.));
#485 = CARTESIAN_POINT('',(-29.97990410617,13.041477519851,4.));
#486 = CARTESIAN_POINT('',(-29.36944317234,13.743963027722,4.));
#487 = CARTESIAN_POINT('',(-27.91737054399,15.289973991515,4.));
#488 = CARTESIAN_POINT('',(-27.05904256522,16.117667940005,4.));
#489 = CARTESIAN_POINT('',(-26.16216585506,16.904426501719,4.));
#490 = CARTESIAN_POINT('',(-25.23081280342,17.650110662719,4.));
#491 = CARTESIAN_POINT('',(-24.26867874538,18.354864490623,4.));
#492 = CARTESIAN_POINT('',(-23.27902503127,19.019044156992,4.));
#493 = CARTESIAN_POINT('',(-21.48816851024,20.120853350991,4.));
#494 = CARTESIAN_POINT('',(-20.69726652828,20.57504838514,4.));
#495 = CARTESIAN_POINT('',(-19.89319163682,21.005940815076,4.));
#496 = CARTESIAN_POINT('',(-19.07712708856,21.413751135476,4.));
#497 = CARTESIAN_POINT('',(-18.25016195306,21.798707577893,4.));
#498 = CARTESIAN_POINT('',(-17.41328916662,22.16104210586,4.));
#499 = CARTESIAN_POINT('',(-15.9463889879,22.750559531403,4.));
#500 = CARTESIAN_POINT('',(-15.32052515501,22.988060802655,4.));
#501 = CARTESIAN_POINT('',(-14.69017122102,23.213579961158,4.));
#502 = CARTESIAN_POINT('',(-14.05566881021,23.427202366618,4.));
#503 = CARTESIAN_POINT('',(-13.41734203369,23.629009001033,4.));
#504 = CARTESIAN_POINT('',(-12.77549748941,23.819076468694,4.));
#505 = CARTESIAN_POINT('',(-10.44014743721,24.464937238431,4.));
#506 = CARTESIAN_POINT('',(-8.72787726006,24.852244970262,4.));
#507 = CARTESIAN_POINT('',(-6.99858841751,25.160783341211,4.));
#508 = CARTESIAN_POINT('',(-5.256938886496,25.391500750807,4.));
#509 = CARTESIAN_POINT('',(-3.507292940915,25.545062112718,4.));
#510 = CARTESIAN_POINT('',(-1.753724383466,25.621855706933,4.));
#511 = CARTESIAN_POINT('',(1.753724379437,25.62185570589,4.));
#512 = CARTESIAN_POINT('',(3.507292937635,25.545062110552,4.));
#513 = CARTESIAN_POINT('',(5.256938883966,25.391500748021,4.));
#514 = CARTESIAN_POINT('',(6.998588415864,25.160783338871,4.));
#515 = CARTESIAN_POINT('',(8.727877259516,24.852244969563,4.));
#516 = CARTESIAN_POINT('',(10.440147438012,24.464937240117,4.));
#517 = CARTESIAN_POINT('',(12.77549749231,23.819076473411,4.));
#518 = CARTESIAN_POINT('',(13.417342037165,23.629009006575,4.));
#519 = CARTESIAN_POINT('',(14.055668814259,23.427202372915,4.));
#520 = CARTESIAN_POINT('',(14.690171225627,23.213579968089,4.));
#521 = CARTESIAN_POINT('',(15.320525160131,22.988060810051,4.));
#522 = CARTESIAN_POINT('',(15.946388993459,22.750559539042,4.));
#523 = CARTESIAN_POINT('',(17.41328917333,22.1610421133,4.));
#524 = CARTESIAN_POINT('',(18.250161960396,21.798707584644,4.));
#525 = CARTESIAN_POINT('',(19.077127096239,21.413751140925,4.));
#526 = CARTESIAN_POINT('',(19.893191644465,21.005940818541,4.));
#527 = CARTESIAN_POINT('',(20.697266535469,20.575048385926,4.));
#528 = CARTESIAN_POINT('',(21.488168516522,20.120853348473,4.));
#529 = CARTESIAN_POINT('',(23.279025034676,19.019044145691,4.));
#530 = CARTESIAN_POINT('',(24.268678746618,18.354864473501,4.));
#531 = CARTESIAN_POINT('',(25.230812801784,17.650110639334,4.));
#532 = CARTESIAN_POINT('',(26.162165850244,16.904426472319,4.));
#533 = CARTESIAN_POINT('',(27.059042557685,16.11766790564,4.));
#534 = CARTESIAN_POINT('',(27.917370535043,15.289973953903,4.));
#535 = CARTESIAN_POINT('',(29.369443158401,13.743962994439,4.));
#536 = CARTESIAN_POINT('',(29.979904088302,13.041477493867,4.));
#537 = CARTESIAN_POINT('',(30.562030385904,12.314648443718,4.));
#538 = CARTESIAN_POINT('',(31.11353565636,11.563957899263,4.));
#539 = CARTESIAN_POINT('',(31.6320072249,10.790139775231,4.));
#540 = CARTESIAN_POINT('',(32.11497742375,9.994231569172,4.));
#541 = CARTESIAN_POINT('',(33.278962164919,7.85846250842,4.));
#542 = CARTESIAN_POINT('',(33.89928541096,6.484630213104,4.));
#543 = CARTESIAN_POINT('',(34.409968166578,5.063078375236,4.));
#544 = CARTESIAN_POINT('',(34.801219959234,3.602614161087,4.));
#545 = CARTESIAN_POINT('',(35.065236846362,2.114108406722,4.));
#546 = CARTESIAN_POINT('',(35.19707935984,0.610707929333,4.));
#547 = CARTESIAN_POINT('',(35.197079212467,-0.891624918283,4.));
#548 = PCURVE('',#71,#549);
#549 = DEFINITIONAL_REPRESENTATION('',(#550),#709);
#550 = B_SPLINE_CURVE_WITH_KNOTS('',7,(#551,#552,#553,#554,#555,#556,
    #557,#558,#559,#560,#561,#562,#563,#564,#565,#566,#567,#568,#569,
    #570,#571,#572,#573,#574,#575,#576,#577,#578,#579,#580,#581,#582,
    #583,#584,#585,#586,#587,#588,#589,#590,#591,#592,#593,#594,#595,
    #596,#597,#598,#599,#600,#601,#602,#603,#604,#605,#606,#607,#608,
    #609,#610,#611,#612,#613,#614,#615,#616,#617,#618,#619,#620,#621,
    #622,#623,#624,#625,#626,#627,#628,#629,#630,#631,#632,#633,#634,
    #635,#636,#637,#638,#639,#640,#641,#642,#643,#644,#645,#646,#647,
    #648,#649,#650,#651,#652,#653,#654,#655,#656,#657,#658,#659,#660,
    #661,#662,#663,#664,#665,#666,#667,#668,#669,#670,#671,#672,#673,
    #674,#675,#676,#677,#678,#679,#680,#681,#682,#683,#684,#685,#686,
    #687,#688,#689,#690,#691,#692,#693,#694,#695,#696,#697,#698,#699,
    #700,#701,#702,#703,#704,#705,#706,#707,#708),.UNSPECIFIED.,.F.,.F.,
  (8,6,6,6,6,6,6,6,6,6,6,6,6,6,6,6,6,6,6,6,6,6,6,6,6,6,8),(0.,
    5.397890302347E-02,8.739264391449E-02,0.130184759431,0.162939108542,
    0.186985986388,0.249995740303,0.313005494187,0.337052372022,
    0.369806721103,0.412598836572,0.446012577747,0.463778459359,
    0.499999999999,0.536221540639,0.553987422251,0.587401163427,
    0.630193278896,0.662947627977,0.686994505812,0.750004259696,
    0.813014013612,0.837060891458,0.869815240569,0.912607356086,
    0.946021096976,1.),.UNSPECIFIED.);
#551 = CARTESIAN_POINT('',(1.,0.968126770819));
#552 = CARTESIAN_POINT('',(0.990981805831,0.968126770819));
#553 = CARTESIAN_POINT('',(0.981957208368,0.968126770819));
#554 = CARTESIAN_POINT('',(0.972974708014,0.968126770819));
#555 = CARTESIAN_POINT('',(0.964065703156,0.968126770819));
#556 = CARTESIAN_POINT('',(0.955254338986,0.968126770819));
#557 = CARTESIAN_POINT('',(0.946560100546,0.968126770819));
#558 = CARTESIAN_POINT('',(0.932701170909,0.968126770819));
#559 = CARTESIAN_POINT('',(0.927452054138,0.968126770819));
#560 = CARTESIAN_POINT('',(0.922255042154,0.968126770819));
#561 = CARTESIAN_POINT('',(0.917111358238,0.968126770819));
#562 = CARTESIAN_POINT('',(0.912021349967,0.968126770819));
#563 = CARTESIAN_POINT('',(0.906984620833,0.968126770819));
#564 = CARTESIAN_POINT('',(0.895616324757,0.968126770819));
#565 = CARTESIAN_POINT('',(0.889318694813,0.968126770819));
#566 = CARTESIAN_POINT('',(0.883104186873,0.968126770819));
#567 = CARTESIAN_POINT('',(0.876969413529,0.968126770819));
#568 = CARTESIAN_POINT('',(0.870910396342,0.968126770819));
#569 = CARTESIAN_POINT('',(0.86492243892,0.968126770819));
#570 = CARTESIAN_POINT('',(0.854466790327,0.968126770819));
#571 = CARTESIAN_POINT('',(0.849972256618,0.968126770819));
#572 = CARTESIAN_POINT('',(0.845514067519,0.968126770819));
#573 = CARTESIAN_POINT('',(0.841089982108,0.968126770819));
#574 = CARTESIAN_POINT('',(0.836697788218,0.968126770819));
#575 = CARTESIAN_POINT('',(0.832335240751,0.968126770819));
#576 = CARTESIAN_POINT('',(0.824817246942,0.968126770819));
#577 = CARTESIAN_POINT('',(0.82164924788,0.968126770819));
#578 = CARTESIAN_POINT('',(0.818495119069,0.968126770819));
#579 = CARTESIAN_POINT('',(0.815353987295,0.968126770819));
#580 = CARTESIAN_POINT('',(0.812224989873,0.968126770819));
#581 = CARTESIAN_POINT('',(0.80910727465,0.968126770819));
#582 = CARTESIAN_POINT('',(0.79785804443,0.968126770819));
#583 = CARTESIAN_POINT('',(0.789788540039,0.968126770819));
#584 = CARTESIAN_POINT('',(0.781774986425,0.968126770819));
#585 = CARTESIAN_POINT('',(0.77380308458,0.968126770819));
#586 = CARTESIAN_POINT('',(0.765859364817,0.968126770819));
#587 = CARTESIAN_POINT('',(0.757930027989,0.968126770819));
#588 = CARTESIAN_POINT('',(0.742069972015,0.968126770819));
#589 = CARTESIAN_POINT('',(0.734140635188,0.968126770819));
#590 = CARTESIAN_POINT('',(0.726196915425,0.968126770819));
#591 = CARTESIAN_POINT('',(0.718225013579,0.968126770819));
#592 = CARTESIAN_POINT('',(0.710211459963,0.968126770819));
#593 = CARTESIAN_POINT('',(0.70214195557,0.968126770819));
#594 = CARTESIAN_POINT('',(0.69089272535,0.968126770819));
#595 = CARTESIAN_POINT('',(0.687775010126,0.968126770819));
#596 = CARTESIAN_POINT('',(0.684646012704,0.968126770819));
#597 = CARTESIAN_POINT('',(0.68150488093,0.968126770819));
#598 = CARTESIAN_POINT('',(0.67835075212,0.968126770819));
#599 = CARTESIAN_POINT('',(0.675182753058,0.968126770819));
#600 = CARTESIAN_POINT('',(0.66766475925,0.968126770819));
#601 = CARTESIAN_POINT('',(0.663302211785,0.968126770819));
#602 = CARTESIAN_POINT('',(0.658910017896,0.968126770819));
#603 = CARTESIAN_POINT('',(0.654485932487,0.968126770819));
#604 = CARTESIAN_POINT('',(0.650027743387,0.968126770819));
#605 = CARTESIAN_POINT('',(0.645533209676,0.968126770819));
#606 = CARTESIAN_POINT('',(0.635077561077,0.968126770819));
#607 = CARTESIAN_POINT('',(0.629089603652,0.968126770819));
#608 = CARTESIAN_POINT('',(0.623030586459,0.968126770819));
#609 = CARTESIAN_POINT('',(0.616895813108,0.968126770819));
#610 = CARTESIAN_POINT('',(0.610681305164,0.968126770819));
#611 = CARTESIAN_POINT('',(0.604383675225,0.968126770819));
#612 = CARTESIAN_POINT('',(0.593015379133,0.968126770819));
#613 = CARTESIAN_POINT('',(0.587978649972,0.968126770819));
#614 = CARTESIAN_POINT('',(0.582888641686,0.968126770819));
#615 = CARTESIAN_POINT('',(0.577744957768,0.968126770819));
#616 = CARTESIAN_POINT('',(0.572547945798,0.968126770819));
#617 = CARTESIAN_POINT('',(0.567298829055,0.968126770819));
#618 = CARTESIAN_POINT('',(0.559182645033,0.968126770819));
#619 = CARTESIAN_POINT('',(0.556351243215,0.968126770819));
#620 = CARTESIAN_POINT('',(0.553506176428,0.968126770819));
#621 = CARTESIAN_POINT('',(0.55064790691,0.968126770819));
#622 = CARTESIAN_POINT('',(0.547776991082,0.968126770819));
#623 = CARTESIAN_POINT('',(0.544894093363,0.968126770819));
#624 = CARTESIAN_POINT('',(0.53609944732,0.968126770819));
#625 = CARTESIAN_POINT('',(0.530151431548,0.968126770819));
#626 = CARTESIAN_POINT('',(0.524163908554,0.968126770819));
#627 = CARTESIAN_POINT('',(0.518145178545,0.968126770819));
#628 = CARTESIAN_POINT('',(0.512104270934,0.968126770819));
#629 = CARTESIAN_POINT('',(0.506051615523,0.968126770819));
#630 = CARTESIAN_POINT('',(0.493948384477,0.968126770819));
#631 = CARTESIAN_POINT('',(0.487895729066,0.968126770819));
#632 = CARTESIAN_POINT('',(0.481854821455,0.968126770819));
#633 = CARTESIAN_POINT('',(0.475836091446,0.968126770819));
#634 = CARTESIAN_POINT('',(0.469848568453,0.968126770819));
#635 = CARTESIAN_POINT('',(0.46390055268,0.968126770819));
#636 = CARTESIAN_POINT('',(0.455105906637,0.968126770819));
#637 = CARTESIAN_POINT('',(0.452223008918,0.968126770819));
#638 = CARTESIAN_POINT('',(0.44935209309,0.968126770819));
#639 = CARTESIAN_POINT('',(0.446493823572,0.968126770819));
#640 = CARTESIAN_POINT('',(0.443648756785,0.968126770819));
#641 = CARTESIAN_POINT('',(0.440817354967,0.968126770819));
#642 = CARTESIAN_POINT('',(0.432701170945,0.968126770819));
#643 = CARTESIAN_POINT('',(0.427452054202,0.968126770819));
#644 = CARTESIAN_POINT('',(0.422255042232,0.968126770819));
#645 = CARTESIAN_POINT('',(0.417111358314,0.968126770819));
#646 = CARTESIAN_POINT('',(0.412021350028,0.968126770819));
#647 = CARTESIAN_POINT('',(0.406984620867,0.968126770819));
#648 = CARTESIAN_POINT('',(0.395616324775,0.968126770819));
#649 = CARTESIAN_POINT('',(0.389318694836,0.968126770819));
#650 = CARTESIAN_POINT('',(0.383104186892,0.968126770819));
#651 = CARTESIAN_POINT('',(0.376969413541,0.968126770819));
#652 = CARTESIAN_POINT('',(0.370910396348,0.968126770819));
#653 = CARTESIAN_POINT('',(0.364922438923,0.968126770819));
#654 = CARTESIAN_POINT('',(0.354466790324,0.968126770819));
#655 = CARTESIAN_POINT('',(0.349972256613,0.968126770819));
#656 = CARTESIAN_POINT('',(0.345514067513,0.968126770819));
#657 = CARTESIAN_POINT('',(0.341089982104,0.968126770819));
#658 = CARTESIAN_POINT('',(0.336697788215,0.968126770819));
#659 = CARTESIAN_POINT('',(0.33233524075,0.968126770819));
#660 = CARTESIAN_POINT('',(0.324817246942,0.968126770819));
#661 = CARTESIAN_POINT('',(0.32164924788,0.968126770819));
#662 = CARTESIAN_POINT('',(0.31849511907,0.968126770819));
#663 = CARTESIAN_POINT('',(0.315353987296,0.968126770819));
#664 = CARTESIAN_POINT('',(0.312224989874,0.968126770819));
#665 = CARTESIAN_POINT('',(0.30910727465,0.968126770819));
#666 = CARTESIAN_POINT('',(0.29785804443,0.968126770819));
#667 = CARTESIAN_POINT('',(0.289788540037,0.968126770819));
#668 = CARTESIAN_POINT('',(0.281774986421,0.968126770819));
#669 = CARTESIAN_POINT('',(0.273803084575,0.968126770819));
#670 = CARTESIAN_POINT('',(0.265859364812,0.968126770819));
#671 = CARTESIAN_POINT('',(0.257930027985,0.968126770819));
#672 = CARTESIAN_POINT('',(0.242069972011,0.968126770819));
#673 = CARTESIAN_POINT('',(0.234140635183,0.968126770819));
#674 = CARTESIAN_POINT('',(0.22619691542,0.968126770819));
#675 = CARTESIAN_POINT('',(0.218225013575,0.968126770819));
#676 = CARTESIAN_POINT('',(0.210211459961,0.968126770819));
#677 = CARTESIAN_POINT('',(0.20214195557,0.968126770819));
#678 = CARTESIAN_POINT('',(0.19089272535,0.968126770819));
#679 = CARTESIAN_POINT('',(0.187775010127,0.968126770819));
#680 = CARTESIAN_POINT('',(0.184646012705,0.968126770819));
#681 = CARTESIAN_POINT('',(0.181504880931,0.968126770819));
#682 = CARTESIAN_POINT('',(0.17835075212,0.968126770819));
#683 = CARTESIAN_POINT('',(0.175182753058,0.968126770819));
#684 = CARTESIAN_POINT('',(0.167664759249,0.968126770819));
#685 = CARTESIAN_POINT('',(0.163302211782,0.968126770819));
#686 = CARTESIAN_POINT('',(0.158910017892,0.968126770819));
#687 = CARTESIAN_POINT('',(0.154485932481,0.968126770819));
#688 = CARTESIAN_POINT('',(0.150027743382,0.968126770819));
#689 = CARTESIAN_POINT('',(0.145533209673,0.968126770819));
#690 = CARTESIAN_POINT('',(0.13507756108,0.968126770819));
#691 = CARTESIAN_POINT('',(0.129089603658,0.968126770819));
#692 = CARTESIAN_POINT('',(0.123030586471,0.968126770819));
#693 = CARTESIAN_POINT('',(0.116895813127,0.968126770819));
#694 = CARTESIAN_POINT('',(0.110681305187,0.968126770819));
#695 = CARTESIAN_POINT('',(0.104383675243,0.968126770819));
#696 = CARTESIAN_POINT('',(9.301537916656E-02,0.968126770819));
#697 = CARTESIAN_POINT('',(8.797865003273E-02,0.968126770819));
#698 = CARTESIAN_POINT('',(8.288864176209E-02,0.968126770819));
#699 = CARTESIAN_POINT('',(7.774495784604E-02,0.968126770819));
#700 = CARTESIAN_POINT('',(7.254794586176E-02,0.968126770819));
#701 = CARTESIAN_POINT('',(6.729882909105E-02,0.968126770819));
#702 = CARTESIAN_POINT('',(5.343989945401E-02,0.968126770819));
#703 = CARTESIAN_POINT('',(4.474566101426E-02,0.968126770819));
#704 = CARTESIAN_POINT('',(3.593429684422E-02,0.968126770819));
#705 = CARTESIAN_POINT('',(2.702529198635E-02,0.968126770819));
#706 = CARTESIAN_POINT('',(1.804279163211E-02,0.968126770819));
#707 = CARTESIAN_POINT('',(9.018194168896E-03,0.968126770819));
#708 = CARTESIAN_POINT('',(0.,0.968126770819));
#709 = ( GEOMETRIC_REPRESENTATION_CONTEXT(2) 
PARAMETRIC_REPRESENTATION_CONTEXT() REPRESENTATION_CONTEXT('2D SPACE',''
  ) );
#710 = PCURVE('',#711,#716);
#711 = PLANE('',#712);
#712 = AXIS2_PLACEMENT_3D('',#713,#714,#715);
#713 = CARTESIAN_POINT('',(1.282929419417,-4.076557804336E-16,4.));
#714 = DIRECTION('',(0.,0.,1.));
#715 = DIRECTION('',(1.,0.,-0.));
#716 = DEFINITIONAL_REPRESENTATION('',(#717),#876);
#717 = B_SPLINE_CURVE_WITH_KNOTS('',7,(#718,#719,#720,#721,#722,#723,
    #724,#725,#726,#727,#728,#729,#730,#731,#732,#733,#734,#735,#736,
    #737,#738,#739,#740,#741,#742,#743,#744,#745,#746,#747,#748,#749,
    #750,#751,#752,#753,#754,#755,#756,#757,#758,#759,#760,#761,#762,
    #763,#764,#765,#766,#767,#768,#769,#770,#771,#772,#773,#774,#775,
    #776,#777,#778,#779,#780,#781,#782,#783,#784,#785,#786,#787,#788,
    #789,#790,#791,#792,#793,#794,#795,#796,#797,#798,#799,#800,#801,
    #802,#803,#804,#805,#806,#807,#808,#809,#810,#811,#812,#813,#814,
    #815,#816,#817,#818,#819,#820,#821,#822,#823,#824,#825,#826,#827,
    #828,#829,#830,#831,#832,#833,#834,#835,#836,#837,#838,#839,#840,
    #841,#842,#843,#844,#845,#846,#847,#848,#849,#850,#851,#852,#853,
    #854,#855,#856,#857,#858,#859,#860,#861,#862,#863,#864,#865,#866,
    #867,#868,#869,#870,#871,#872,#873,#874,#875),.UNSPECIFIED.,.F.,.F.,
  (8,6,6,6,6,6,6,6,6,6,6,6,6,6,6,6,6,6,6,6,6,6,6,6,6,6,8),(0.,
    5.397890302347E-02,8.739264391449E-02,0.130184759431,0.162939108542,
    0.186985986388,0.249995740303,0.313005494187,0.337052372022,
    0.369806721103,0.412598836572,0.446012577747,0.463778459359,
    0.499999999999,0.536221540639,0.553987422251,0.587401163427,
    0.630193278896,0.662947627977,0.686994505812,0.750004259696,
    0.813014013612,0.837060891458,0.869815240569,0.912607356086,
    0.946021096976,1.),.UNSPECIFIED.);
#718 = CARTESIAN_POINT('',(33.914149793049,-0.891624918283));
#719 = CARTESIAN_POINT('',(33.914149940426,-2.393957765905));
#720 = CARTESIAN_POINT('',(33.782307426932,-3.897358243266));
#721 = CARTESIAN_POINT('',(33.518290539841,-5.385863997694));
#722 = CARTESIAN_POINT('',(33.127038747134,-6.846328211763));
#723 = CARTESIAN_POINT('',(32.61635599156,-8.26788004969));
#724 = CARTESIAN_POINT('',(31.996032745496,-9.641712344982));
#725 = CARTESIAN_POINT('',(30.832048004337,-11.77748140573));
#726 = CARTESIAN_POINT('',(30.349077805472,-12.5733896118));
#727 = CARTESIAN_POINT('',(29.830606236949,-13.34720773582));
#728 = CARTESIAN_POINT('',(29.279100966493,-14.09789828028));
#729 = CARTESIAN_POINT('',(28.696974668874,-14.82472733043));
#730 = CARTESIAN_POINT('',(28.086513738989,-15.527212831));
#731 = CARTESIAN_POINT('',(26.634441115625,-17.07322379047));
#732 = CARTESIAN_POINT('',(25.776113138269,-17.9009177422));
#733 = CARTESIAN_POINT('',(24.879236430828,-18.68767630888));
#734 = CARTESIAN_POINT('',(23.947883382366,-19.4333604759));
#735 = CARTESIAN_POINT('',(22.9857493272,-20.13811431006));
#736 = CARTESIAN_POINT('',(21.99609561526,-20.80229398225));
#737 = CARTESIAN_POINT('',(20.205239097105,-21.90410318503));
#738 = CARTESIAN_POINT('',(19.414337116052,-22.35829822249));
#739 = CARTESIAN_POINT('',(18.610262225048,-22.7891906551));
#740 = CARTESIAN_POINT('',(17.794197676821,-23.19700097749));
#741 = CARTESIAN_POINT('',(16.967232540979,-23.58195742121));
#742 = CARTESIAN_POINT('',(16.130359753913,-23.94429194986));
#743 = CARTESIAN_POINT('',(14.663459574042,-24.5338093756));
#744 = CARTESIAN_POINT('',(14.037595740714,-24.77131064661));
#745 = CARTESIAN_POINT('',(13.40724180621,-24.99682980465));
#746 = CARTESIAN_POINT('',(12.772739394842,-25.21045220948));
#747 = CARTESIAN_POINT('',(12.134412617748,-25.41225884314));
#748 = CARTESIAN_POINT('',(11.492568072892,-25.60232630997));
#749 = CARTESIAN_POINT('',(9.157218018592,-26.24818707668));
#750 = CARTESIAN_POINT('',(7.444947840107,-26.63549480613));
#751 = CARTESIAN_POINT('',(5.715658996441,-26.94403317543));
#752 = CARTESIAN_POINT('',(3.974009464544,-27.17475058458));
#753 = CARTESIAN_POINT('',(2.224363518227,-27.32831194712));
#754 = CARTESIAN_POINT('',(0.470794960016,-27.40510554245));
#755 = CARTESIAN_POINT('',(-3.036653802884,-27.40510554349));
#756 = CARTESIAN_POINT('',(-4.790222360332,-27.32831194928));
#757 = CARTESIAN_POINT('',(-6.539868305913,-27.17475058737));
#758 = CARTESIAN_POINT('',(-8.281517836928,-26.94403317777));
#759 = CARTESIAN_POINT('',(-10.01080667947,-26.63549480682));
#760 = CARTESIAN_POINT('',(-11.72307685663,-26.24818707499));
#761 = CARTESIAN_POINT('',(-14.05842690883,-25.60232630526));
#762 = CARTESIAN_POINT('',(-14.7002714531,-25.4122588376));
#763 = CARTESIAN_POINT('',(-15.33859822962,-25.21045220318));
#764 = CARTESIAN_POINT('',(-15.97310064044,-24.99682979772));
#765 = CARTESIAN_POINT('',(-16.60345457443,-24.77131063922));
#766 = CARTESIAN_POINT('',(-17.22931840732,-24.53380936796));
#767 = CARTESIAN_POINT('',(-18.69621858604,-23.94429194242));
#768 = CARTESIAN_POINT('',(-19.53309137248,-23.58195741446));
#769 = CARTESIAN_POINT('',(-20.36005650798,-23.19700097204));
#770 = CARTESIAN_POINT('',(-21.17612105624,-22.78919065164));
#771 = CARTESIAN_POINT('',(-21.9801959477,-22.3582982217));
#772 = CARTESIAN_POINT('',(-22.77109792966,-21.90410318755));
#773 = CARTESIAN_POINT('',(-24.56195445069,-20.80229399355));
#774 = CARTESIAN_POINT('',(-25.5516081648,-20.13811432718));
#775 = CARTESIAN_POINT('',(-26.51374222284,-19.43336049928));
#776 = CARTESIAN_POINT('',(-27.44509527447,-18.68767633828));
#777 = CARTESIAN_POINT('',(-28.34197198463,-17.90091777657));
#778 = CARTESIAN_POINT('',(-29.20029996341,-17.07322382808));
#779 = CARTESIAN_POINT('',(-30.65237259176,-15.52721286428));
#780 = CARTESIAN_POINT('',(-31.26283352559,-14.82472735641));
#781 = CARTESIAN_POINT('',(-31.84495982496,-14.09789829726));
#782 = CARTESIAN_POINT('',(-32.3964650947,-13.34720774224));
#783 = CARTESIAN_POINT('',(-32.91493666017,-12.57338960645));
#784 = CARTESIAN_POINT('',(-33.39790685425,-11.77748138808));
#785 = CARTESIAN_POINT('',(-34.07956936965,-10.52671419259));
#786 = CARTESIAN_POINT('',(-34.30546968034,-10.08669197947));
#787 = CARTESIAN_POINT('',(-34.5202797393,-9.64103875435));
#788 = CARTESIAN_POINT('',(-34.7236372778,-9.189997332814));
#789 = CARTESIAN_POINT('',(-34.91518934992,-8.733840859754));
#790 = CARTESIAN_POINT('',(-35.09459758344,-8.272875160869));
#791 = CARTESIAN_POINT('',(-35.60191690952,-6.858502078384));
#792 = CARTESIAN_POINT('',(-35.89054150005,-5.890839415605));
#793 = CARTESIAN_POINT('',(-36.1246133681,-4.907543393941));
#794 = CARTESIAN_POINT('',(-36.30186723838,-3.912032787582));
#795 = CARTESIAN_POINT('',(-36.42063974074,-2.908064985373));
#796 = CARTESIAN_POINT('',(-36.48000873684,-1.899758080069));
#797 = CARTESIAN_POINT('',(-36.48000873684,0.116508243502));
#798 = CARTESIAN_POINT('',(-36.42063974074,1.124815148806));
#799 = CARTESIAN_POINT('',(-36.30186723838,2.128782951016));
#800 = CARTESIAN_POINT('',(-36.1246133681,3.124293557375));
#801 = CARTESIAN_POINT('',(-35.89054150005,4.107589579039));
#802 = CARTESIAN_POINT('',(-35.60191690952,5.075252241817));
#803 = CARTESIAN_POINT('',(-35.09459758344,6.489625324303));
#804 = CARTESIAN_POINT('',(-34.91518934992,6.950591023188));
#805 = CARTESIAN_POINT('',(-34.7236372778,7.406747496247));
#806 = CARTESIAN_POINT('',(-34.5202797393,7.857788917784));
#807 = CARTESIAN_POINT('',(-34.30546968034,8.303442142905));
#808 = CARTESIAN_POINT('',(-34.07956936965,8.74346435603));
#809 = CARTESIAN_POINT('',(-33.39790685425,9.994231551521));
#810 = CARTESIAN_POINT('',(-32.91493666017,10.790139769896));
#811 = CARTESIAN_POINT('',(-32.3964650947,11.563957905681));
#812 = CARTESIAN_POINT('',(-31.84495982496,12.314648460697));
#813 = CARTESIAN_POINT('',(-31.26283352559,13.041477519851));
#814 = CARTESIAN_POINT('',(-30.65237259176,13.743963027722));
#815 = CARTESIAN_POINT('',(-29.20029996341,15.289973991515));
#816 = CARTESIAN_POINT('',(-28.34197198463,16.117667940005));
#817 = CARTESIAN_POINT('',(-27.44509527447,16.904426501719));
#818 = CARTESIAN_POINT('',(-26.51374222284,17.650110662719));
#819 = CARTESIAN_POINT('',(-25.55160816479,18.354864490623));
#820 = CARTESIAN_POINT('',(-24.56195445069,19.019044156992));
#821 = CARTESIAN_POINT('',(-22.77109792966,20.120853350991));
#822 = CARTESIAN_POINT('',(-21.9801959477,20.57504838514));
#823 = CARTESIAN_POINT('',(-21.17612105624,21.005940815076));
#824 = CARTESIAN_POINT('',(-20.36005650798,21.413751135476));
#825 = CARTESIAN_POINT('',(-19.53309137248,21.798707577893));
#826 = CARTESIAN_POINT('',(-18.69621858604,22.16104210586));
#827 = CARTESIAN_POINT('',(-17.22931840732,22.750559531403));
#828 = CARTESIAN_POINT('',(-16.60345457443,22.988060802655));
#829 = CARTESIAN_POINT('',(-15.97310064044,23.213579961158));
#830 = CARTESIAN_POINT('',(-15.33859822962,23.427202366618));
#831 = CARTESIAN_POINT('',(-14.7002714531,23.629009001033));
#832 = CARTESIAN_POINT('',(-14.05842690883,23.819076468694));
#833 = CARTESIAN_POINT('',(-11.72307685663,24.464937238431));
#834 = CARTESIAN_POINT('',(-10.01080667947,24.852244970262));
#835 = CARTESIAN_POINT('',(-8.281517836928,25.160783341211));
#836 = CARTESIAN_POINT('',(-6.539868305913,25.391500750807));
#837 = CARTESIAN_POINT('',(-4.790222360332,25.545062112718));
#838 = CARTESIAN_POINT('',(-3.036653802884,25.621855706933));
#839 = CARTESIAN_POINT('',(0.47079496002,25.62185570589));
#840 = CARTESIAN_POINT('',(2.224363518218,25.545062110552));
#841 = CARTESIAN_POINT('',(3.974009464549,25.391500748021));
#842 = CARTESIAN_POINT('',(5.715658996447,25.160783338871));
#843 = CARTESIAN_POINT('',(7.444947840099,24.852244969563));
#844 = CARTESIAN_POINT('',(9.157218018595,24.464937240117));
#845 = CARTESIAN_POINT('',(11.492568072892,23.819076473411));
#846 = CARTESIAN_POINT('',(12.134412617748,23.629009006575));
#847 = CARTESIAN_POINT('',(12.772739394842,23.427202372915));
#848 = CARTESIAN_POINT('',(13.40724180621,23.213579968089));
#849 = CARTESIAN_POINT('',(14.037595740714,22.988060810051));
#850 = CARTESIAN_POINT('',(14.663459574042,22.750559539042));
#851 = CARTESIAN_POINT('',(16.130359753912,22.1610421133));
#852 = CARTESIAN_POINT('',(16.967232540979,21.798707584644));
#853 = CARTESIAN_POINT('',(17.794197676822,21.413751140925));
#854 = CARTESIAN_POINT('',(18.610262225048,21.005940818541));
#855 = CARTESIAN_POINT('',(19.414337116051,20.575048385926));
#856 = CARTESIAN_POINT('',(20.205239097105,20.120853348473));
#857 = CARTESIAN_POINT('',(21.996095615259,19.019044145691));
#858 = CARTESIAN_POINT('',(22.985749327201,18.354864473501));
#859 = CARTESIAN_POINT('',(23.947883382366,17.650110639334));
#860 = CARTESIAN_POINT('',(24.879236430827,16.904426472319));
#861 = CARTESIAN_POINT('',(25.776113138268,16.11766790564));
#862 = CARTESIAN_POINT('',(26.634441115626,15.289973953903));
#863 = CARTESIAN_POINT('',(28.086513738984,13.743962994439));
#864 = CARTESIAN_POINT('',(28.696974668885,13.041477493867));
#865 = CARTESIAN_POINT('',(29.279100966487,12.314648443718));
#866 = CARTESIAN_POINT('',(29.830606236943,11.563957899263));
#867 = CARTESIAN_POINT('',(30.349077805482,10.790139775231));
#868 = CARTESIAN_POINT('',(30.832048004332,9.994231569172));
#869 = CARTESIAN_POINT('',(31.996032745502,7.85846250842));
#870 = CARTESIAN_POINT('',(32.616355991543,6.484630213104));
#871 = CARTESIAN_POINT('',(33.127038747161,5.063078375236));
#872 = CARTESIAN_POINT('',(33.518290539816,3.602614161087));
#873 = CARTESIAN_POINT('',(33.782307426945,2.114108406722));
#874 = CARTESIAN_POINT('',(33.914149940422,0.610707929333));
#875 = CARTESIAN_POINT('',(33.914149793049,-0.891624918283));
#876 = ( GEOMETRIC_REPRESENTATION_CONTEXT(2) 
PARAMETRIC_REPRESENTATION_CONTEXT() REPRESENTATION_CONTEXT('2D SPACE',''
  ) );
#877 = ORIENTED_EDGE('',*,*,#360,.F.);
#878 = ORIENTED_EDGE('',*,*,#879,.T.);
#879 = EDGE_CURVE('',#309,#880,#882,.T.);
#880 = VERTEX_POINT('',#881);
#881 = CARTESIAN_POINT('',(18.874991522194,-32.,-84.));
#882 = SURFACE_CURVE('',#883,(#899,#906),.PCURVE_S1.);
#883 = B_SPLINE_CURVE_WITH_KNOTS('',14,(#884,#885,#886,#887,#888,#889,
    #890,#891,#892,#893,#894,#895,#896,#897,#898),.UNSPECIFIED.,.T.,.F.,
  (15,15),(0.,1.),.PIECEWISE_BEZIER_KNOTS.);
#884 = CARTESIAN_POINT('',(23.,-42.,-84.));
#885 = CARTESIAN_POINT('',(23.000000000002,-34.14601836602,-84.));
#886 = CARTESIAN_POINT('',(18.010969692408,-26.29203383296,-84.));
#887 = CARTESIAN_POINT('',(8.032902699235,-20.42566143498,-84.));
#888 = CARTESIAN_POINT('',(-5.442044138944,-18.53429207301,-84.));
#889 = CARTESIAN_POINT('',(-19.42984018936,-21.89290493236,-84.));
#890 = CARTESIAN_POINT('',(-30.10795913802,-30.3470082078,-84.));
#891 = CARTESIAN_POINT('',(-34.12805784726,-41.99999999984,-84.));
#892 = CARTESIAN_POINT('',(-30.107959138,-53.65299179247,-84.));
#893 = CARTESIAN_POINT('',(-19.42984018938,-62.10709506741,-84.));
#894 = CARTESIAN_POINT('',(-5.442044138928,-65.46570792711,-84.));
#895 = CARTESIAN_POINT('',(8.032902699226,-63.57433856495,-84.));
#896 = CARTESIAN_POINT('',(18.010969692412,-57.70796616706,-84.));
#897 = CARTESIAN_POINT('',(23.000000000001,-49.85398163397,-84.));
#898 = CARTESIAN_POINT('',(23.,-42.,-84.));
#899 = PCURVE('',#71,#900);
#900 = DEFINITIONAL_REPRESENTATION('',(#901),#905);
#901 = LINE('',#902,#903);
#902 = CARTESIAN_POINT('',(0.,0.));
#903 = VECTOR('',#904,1.);
#904 = DIRECTION('',(1.,0.));
#905 = ( GEOMETRIC_REPRESENTATION_CONTEXT(2) 
PARAMETRIC_REPRESENTATION_CONTEXT() REPRESENTATION_CONTEXT('2D SPACE',''
  ) );
#906 = PCURVE('',#336,#907);
#907 = DEFINITIONAL_REPRESENTATION('',(#908),#924);
#908 = B_SPLINE_CURVE_WITH_KNOTS('',14,(#909,#910,#911,#912,#913,#914,
    #915,#916,#917,#918,#919,#920,#921,#922,#923),.UNSPECIFIED.,.F.,.F.,
  (15,15),(0.,1.),.PIECEWISE_BEZIER_KNOTS.);
#909 = CARTESIAN_POINT('',(0.,0.));
#910 = CARTESIAN_POINT('',(-1.83675297194E-12,-7.853981633979));
#911 = CARTESIAN_POINT('',(4.989030307592,-15.70796616703));
#912 = CARTESIAN_POINT('',(14.967097300765,-21.57433856501));
#913 = CARTESIAN_POINT('',(28.442044138944,-23.46570792698));
#914 = CARTESIAN_POINT('',(42.429840189362,-20.10709506763));
#915 = CARTESIAN_POINT('',(53.10795913802,-11.65299179219));
#916 = CARTESIAN_POINT('',(57.128057847267,-1.522693082734E-10));
#917 = CARTESIAN_POINT('',(53.107959138008,11.652991792471));
#918 = CARTESIAN_POINT('',(42.429840189379,20.107095067418));
#919 = CARTESIAN_POINT('',(28.442044138928,23.465707927117));
#920 = CARTESIAN_POINT('',(14.967097300774,21.574338564951));
#921 = CARTESIAN_POINT('',(4.989030307588,15.707966167061));
#922 = CARTESIAN_POINT('',(-7.993605777301E-13,7.853981633973));
#923 = CARTESIAN_POINT('',(-2.48689957516E-14,7.105427357601E-15));
#924 = ( GEOMETRIC_REPRESENTATION_CONTEXT(2) 
PARAMETRIC_REPRESENTATION_CONTEXT() REPRESENTATION_CONTEXT('2D SPACE',''
  ) );
#925 = ORIENTED_EDGE('',*,*,#926,.T.);
#926 = EDGE_CURVE('',#880,#927,#929,.T.);
#927 = VERTEX_POINT('',#928);
#928 = CARTESIAN_POINT('',(19.671163606335,-32.,-83.2));
#929 = SURFACE_CURVE('',#930,(#936,#945),.PCURVE_S1.);
#930 = B_SPLINE_CURVE_WITH_KNOTS('',4,(#931,#932,#933,#934,#935),
  .UNSPECIFIED.,.F.,.F.,(5,5),(0.,1.),.PIECEWISE_BEZIER_KNOTS.);
#931 = CARTESIAN_POINT('',(18.874991522194,-32.,-84.));
#932 = CARTESIAN_POINT('',(19.079515987266,-32.,-83.80555576033));
#933 = CARTESIAN_POINT('',(19.280473099173,-32.,-83.60735941324));
#934 = CARTESIAN_POINT('',(19.47772756154,-32.,-83.40547610716));
#935 = CARTESIAN_POINT('',(19.671164171178,-32.,-83.1999994));
#936 = PCURVE('',#71,#937);
#937 = DEFINITIONAL_REPRESENTATION('',(#938),#944);
#938 = B_SPLINE_CURVE_WITH_KNOTS('',4,(#939,#940,#941,#942,#943),
  .UNSPECIFIED.,.F.,.F.,(5,5),(0.,1.),.PIECEWISE_BEZIER_KNOTS.);
#939 = CARTESIAN_POINT('',(9.680529083839E-02,0.));
#940 = CARTESIAN_POINT('',(9.525378865823E-02,2.336273214215E-03));
#941 = CARTESIAN_POINT('',(9.372009323889E-02,4.709648522708E-03));
#942 = CARTESIAN_POINT('',(9.220381612777E-02,7.118895543383E-03));
#943 = CARTESIAN_POINT('',(9.070460376709E-02,9.562523049977E-03));
#944 = ( GEOMETRIC_REPRESENTATION_CONTEXT(2) 
PARAMETRIC_REPRESENTATION_CONTEXT() REPRESENTATION_CONTEXT('2D SPACE',''
  ) );
#945 = PCURVE('',#946,#951);
#946 = PLANE('',#947);
#947 = AXIS2_PLACEMENT_3D('',#948,#949,#950);
#948 = CARTESIAN_POINT('',(-26.,-32.,-88.1));
#949 = DIRECTION('',(0.,1.,0.));
#950 = DIRECTION('',(0.,0.,1.));
#951 = DEFINITIONAL_REPRESENTATION('',(#952),#958);
#952 = B_SPLINE_CURVE_WITH_KNOTS('',4,(#953,#954,#955,#956,#957),
  .UNSPECIFIED.,.F.,.F.,(5,5),(0.,1.),.PIECEWISE_BEZIER_KNOTS.);
#953 = CARTESIAN_POINT('',(4.1,44.874991522194));
#954 = CARTESIAN_POINT('',(4.294444239667,45.079515987266));
#955 = CARTESIAN_POINT('',(4.492640586758,45.280473099173));
#956 = CARTESIAN_POINT('',(4.694523892835,45.47772756154));
#957 = CARTESIAN_POINT('',(4.9000006,45.671164171178));
#958 = ( GEOMETRIC_REPRESENTATION_CONTEXT(2) 
PARAMETRIC_REPRESENTATION_CONTEXT() REPRESENTATION_CONTEXT('2D SPACE',''
  ) );
#959 = ORIENTED_EDGE('',*,*,#960,.F.);
#960 = EDGE_CURVE('',#961,#927,#963,.T.);
#961 = VERTEX_POINT('',#962);
#962 = CARTESIAN_POINT('',(-19.67116363266,-32.,-83.2));
#963 = SURFACE_CURVE('',#964,(#1007,#1053),.PCURVE_S1.);
#964 = B_SPLINE_CURVE_WITH_KNOTS('',6,(#965,#966,#967,#968,#969,#970,
    #971,#972,#973,#974,#975,#976,#977,#978,#979,#980,#981,#982,#983,
    #984,#985,#986,#987,#988,#989,#990,#991,#992,#993,#994,#995,#996,
    #997,#998,#999,#1000,#1001,#1002,#1003,#1004,#1005,#1006),
  .UNSPECIFIED.,.F.,.F.,(7,5,5,5,5,5,5,5,7),(0.,0.131841829717,
    0.230934261792,0.30472966541,0.500000000191,0.695270335075,
    0.769065738728,0.868158170913,1.),.UNSPECIFIED.);
#965 = CARTESIAN_POINT('',(-19.67116363266,-32.,-83.2));
#966 = CARTESIAN_POINT('',(-19.04927385276,-31.26149718563,-83.2));
#967 = CARTESIAN_POINT('',(-18.38003799762,-30.56300681319,-83.2));
#968 = CARTESIAN_POINT('',(-17.66941470238,-29.90573968126,-83.2));
#969 = CARTESIAN_POINT('',(-16.92289247539,-29.29009445034,-83.2));
#970 = CARTESIAN_POINT('',(-16.14525302979,-28.71592002108,-83.2));
#971 = CARTESIAN_POINT('',(-14.73546154397,-27.78197064839,-83.2));
#972 = CARTESIAN_POINT('',(-14.11519454832,-27.40439448672,-83.2));
#973 = CARTESIAN_POINT('',(-13.48127745,-27.04979759797,-83.2));
#974 = CARTESIAN_POINT('',(-12.83523456558,-26.71794413693,-83.2));
#975 = CARTESIAN_POINT('',(-12.17842293301,-26.40857338419,-83.2));
#976 = CARTESIAN_POINT('',(-11.0157499111,-25.90756338951,-83.2));
#977 = CARTESIAN_POINT('',(-10.51416734511,-25.70603515329,-83.2));
#978 = CARTESIAN_POINT('',(-10.00777213876,-25.51671990114,-83.2));
#979 = CARTESIAN_POINT('',(-9.497025863968,-25.33951363501,-83.2));
#980 = CARTESIAN_POINT('',(-8.982356821444,-25.1743181283,-83.2));
#981 = CARTESIAN_POINT('',(-7.09295731137,-24.61545346125,-83.2));
#982 = CARTESIAN_POINT('',(-5.697257999472,-24.29337762825,-83.2));
#983 = CARTESIAN_POINT('',(-4.284047775371,-24.05296969504,-83.2));
#984 = CARTESIAN_POINT('',(-2.859673925423,-23.89316835333,-83.2));
#985 = CARTESIAN_POINT('',(-1.429929487453,-23.81324751101,-83.2));
#986 = CARTESIAN_POINT('',(1.429929484936,-23.81324751187,-83.2));
#987 = CARTESIAN_POINT('',(2.85967392345,-23.89316835513,-83.2));
#988 = CARTESIAN_POINT('',(4.284047774009,-24.05296969707,-83.2));
#989 = CARTESIAN_POINT('',(5.697257998993,-24.29337762902,-83.2));
#990 = CARTESIAN_POINT('',(7.092957312032,-24.61545345985,-83.2));
#991 = CARTESIAN_POINT('',(8.982356823837,-25.17431812451,-83.2));
#992 = CARTESIAN_POINT('',(9.497025866825,-25.33951363061,-83.2));
#993 = CARTESIAN_POINT('',(10.007772142065,-25.51671989625,-83.2));
#994 = CARTESIAN_POINT('',(10.514167348804,-25.70603514811,-83.2));
#995 = CARTESIAN_POINT('',(11.015749915095,-25.90756338429,-83.2));
#996 = CARTESIAN_POINT('',(12.178422937796,-26.40857337976,-83.2));
#997 = CARTESIAN_POINT('',(12.83523457076,-26.71794413361,-83.2));
#998 = CARTESIAN_POINT('',(13.481277455194,-27.04979759644,-83.2));
#999 = CARTESIAN_POINT('',(14.115194553075,-27.40439448766,-83.2));
#1000 = CARTESIAN_POINT('',(14.735461547825,-27.7819706524,-83.2));
#1001 = CARTESIAN_POINT('',(16.145253025937,-28.71592002978,-83.2));
#1002 = CARTESIAN_POINT('',(16.922892464773,-29.2900944604,-83.2));
#1003 = CARTESIAN_POINT('',(17.66941468498,-29.905739692,-83.2));
#1004 = CARTESIAN_POINT('',(18.380037974466,-30.56300682303,-83.2));
#1005 = CARTESIAN_POINT('',(19.049273826422,-31.26149719177,-83.2));
#1006 = CARTESIAN_POINT('',(19.671163606335,-32.,-83.2));
#1007 = PCURVE('',#71,#1008);
#1008 = DEFINITIONAL_REPRESENTATION('',(#1009),#1052);
#1009 = B_SPLINE_CURVE_WITH_KNOTS('',6,(#1010,#1011,#1012,#1013,#1014,
    #1015,#1016,#1017,#1018,#1019,#1020,#1021,#1022,#1023,#1024,#1025,
    #1026,#1027,#1028,#1029,#1030,#1031,#1032,#1033,#1034,#1035,#1036,
    #1037,#1038,#1039,#1040,#1041,#1042,#1043,#1044,#1045,#1046,#1047,
    #1048,#1049,#1050,#1051),.UNSPECIFIED.,.F.,.F.,(7,5,5,5,5,5,5,5,7),(
    0.,0.131841829717,0.230934261792,0.30472966541,0.500000000191,
    0.695270335075,0.769065738728,0.868158170913,1.),.UNSPECIFIED.);
#1010 = CARTESIAN_POINT('',(0.409295392105,9.562515914489E-03));
#1011 = CARTESIAN_POINT('',(0.401443955545,9.562515914489E-03));
#1012 = CARTESIAN_POINT('',(0.393720051517,9.562515914489E-03));
#1013 = CARTESIAN_POINT('',(0.386120309331,9.562515914489E-03));
#1014 = CARTESIAN_POINT('',(0.378639112106,9.562515914489E-03));
#1015 = CARTESIAN_POINT('',(0.371269067307,9.562515914489E-03));
#1016 = CARTESIAN_POINT('',(0.35853656279,9.562515914489E-03));
#1017 = CARTESIAN_POINT('',(0.353130546634,9.562515914489E-03));
#1018 = CARTESIAN_POINT('',(0.347777863365,9.562515914489E-03));
#1019 = CARTESIAN_POINT('',(0.342474585342,9.562515914489E-03));
#1020 = CARTESIAN_POINT('',(0.337216722601,9.562515914489E-03));
#1021 = CARTESIAN_POINT('',(0.328115039849,9.562515914489E-03));
#1022 = CARTESIAN_POINT('',(0.324252957932,9.562515914489E-03));
#1023 = CARTESIAN_POINT('',(0.320412067553,9.562515914489E-03));
#1024 = CARTESIAN_POINT('',(0.316590703436,9.562515914489E-03));
#1025 = CARTESIAN_POINT('',(0.312787221728,9.562515914489E-03));
#1026 = CARTESIAN_POINT('',(0.298978616303,9.562515914489E-03));
#1027 = CARTESIAN_POINT('',(0.289072496179,9.562515914489E-03));
#1028 = CARTESIAN_POINT('',(0.279248586202,9.562515914489E-03));
#1029 = CARTESIAN_POINT('',(0.269480131532,9.562515914489E-03));
#1030 = CARTESIAN_POINT('',(0.25974068932,9.562515914489E-03));
#1031 = CARTESIAN_POINT('',(0.240259310675,9.562515914489E-03));
#1032 = CARTESIAN_POINT('',(0.230519868462,9.562515914489E-03));
#1033 = CARTESIAN_POINT('',(0.220751413794,9.562515914489E-03));
#1034 = CARTESIAN_POINT('',(0.210927503819,9.562515914489E-03));
#1035 = CARTESIAN_POINT('',(0.201021383697,9.562515914489E-03));
#1036 = CARTESIAN_POINT('',(0.187212778272,9.562515914489E-03));
#1037 = CARTESIAN_POINT('',(0.183409296564,9.562515914489E-03));
#1038 = CARTESIAN_POINT('',(0.179587932447,9.562515914489E-03));
#1039 = CARTESIAN_POINT('',(0.175747042068,9.562515914489E-03));
#1040 = CARTESIAN_POINT('',(0.171884960151,9.562515914489E-03));
#1041 = CARTESIAN_POINT('',(0.162783277396,9.562515914489E-03));
#1042 = CARTESIAN_POINT('',(0.157525414653,9.562515914489E-03));
#1043 = CARTESIAN_POINT('',(0.152222136628,9.562515914489E-03));
#1044 = CARTESIAN_POINT('',(0.14686945336,9.562515914489E-03));
#1045 = CARTESIAN_POINT('',(0.141463437206,9.562515914489E-03));
#1046 = CARTESIAN_POINT('',(0.128730932741,9.562515914489E-03));
#1047 = CARTESIAN_POINT('',(0.121360887993,9.562515914489E-03));
#1048 = CARTESIAN_POINT('',(0.113879690823,9.562515914489E-03));
#1049 = CARTESIAN_POINT('',(0.106279948688,9.562515914489E-03));
#1050 = CARTESIAN_POINT('',(9.855604469565E-02,9.562515914489E-03));
#1051 = CARTESIAN_POINT('',(9.070460814485E-02,9.562515914489E-03));
#1052 = ( GEOMETRIC_REPRESENTATION_CONTEXT(2) 
PARAMETRIC_REPRESENTATION_CONTEXT() REPRESENTATION_CONTEXT('2D SPACE',''
  ) );
#1053 = PCURVE('',#1054,#1059);
#1054 = PLANE('',#1055);
#1055 = AXIS2_PLACEMENT_3D('',#1056,#1057,#1058);
#1056 = CARTESIAN_POINT('',(0.792052859068,-42.,-83.2));
#1057 = DIRECTION('',(0.,0.,1.));
#1058 = DIRECTION('',(1.,0.,-0.));
#1059 = DEFINITIONAL_REPRESENTATION('',(#1060),#1103);
#1060 = B_SPLINE_CURVE_WITH_KNOTS('',6,(#1061,#1062,#1063,#1064,#1065,
    #1066,#1067,#1068,#1069,#1070,#1071,#1072,#1073,#1074,#1075,#1076,
    #1077,#1078,#1079,#1080,#1081,#1082,#1083,#1084,#1085,#1086,#1087,
    #1088,#1089,#1090,#1091,#1092,#1093,#1094,#1095,#1096,#1097,#1098,
    #1099,#1100,#1101,#1102),.UNSPECIFIED.,.F.,.F.,(7,5,5,5,5,5,5,5,7),(
    0.,0.131841829717,0.230934261792,0.30472966541,0.500000000191,
    0.695270335075,0.769065738728,0.868158170913,1.),.UNSPECIFIED.);
#1061 = CARTESIAN_POINT('',(-20.46321649173,10.));
#1062 = CARTESIAN_POINT('',(-19.84132671183,10.738502814365));
#1063 = CARTESIAN_POINT('',(-19.17209085669,11.436993186807));
#1064 = CARTESIAN_POINT('',(-18.46146756145,12.094260318737));
#1065 = CARTESIAN_POINT('',(-17.71494533446,12.709905549657));
#1066 = CARTESIAN_POINT('',(-16.93730588885,13.284079978914));
#1067 = CARTESIAN_POINT('',(-15.52751440304,14.218029351609));
#1068 = CARTESIAN_POINT('',(-14.90724740738,14.595605513279));
#1069 = CARTESIAN_POINT('',(-14.27333030906,14.950202402023));
#1070 = CARTESIAN_POINT('',(-13.62728742465,15.282055863069));
#1071 = CARTESIAN_POINT('',(-12.97047579208,15.591426615806));
#1072 = CARTESIAN_POINT('',(-11.80780277017,16.092436610487));
#1073 = CARTESIAN_POINT('',(-11.30622020418,16.293964846704));
#1074 = CARTESIAN_POINT('',(-10.79982499783,16.483280098859));
#1075 = CARTESIAN_POINT('',(-10.28907872303,16.660486364984));
#1076 = CARTESIAN_POINT('',(-9.774409680512,16.825681871698));
#1077 = CARTESIAN_POINT('',(-7.885010170438,17.384546538749));
#1078 = CARTESIAN_POINT('',(-6.48931085854,17.706622371745));
#1079 = CARTESIAN_POINT('',(-5.076100634439,17.947030304955));
#1080 = CARTESIAN_POINT('',(-3.651726784491,18.106831646668));
#1081 = CARTESIAN_POINT('',(-2.221982346521,18.186752488989));
#1082 = CARTESIAN_POINT('',(0.637876625868,18.186752488129));
#1083 = CARTESIAN_POINT('',(2.067621064382,18.106831644869));
#1084 = CARTESIAN_POINT('',(3.491994914942,17.947030302922));
#1085 = CARTESIAN_POINT('',(4.905205139925,17.706622370977));
#1086 = CARTESIAN_POINT('',(6.300904452964,17.384546540144));
#1087 = CARTESIAN_POINT('',(8.19030396477,16.825681875488));
#1088 = CARTESIAN_POINT('',(8.704973007758,16.660486369384));
#1089 = CARTESIAN_POINT('',(9.215719282997,16.483280103743));
#1090 = CARTESIAN_POINT('',(9.722114489736,16.293964851882));
#1091 = CARTESIAN_POINT('',(10.223697056027,16.092436615707));
#1092 = CARTESIAN_POINT('',(11.386370078729,15.591426620232));
#1093 = CARTESIAN_POINT('',(12.043181711692,15.282055866387));
#1094 = CARTESIAN_POINT('',(12.689224596126,14.950202403559));
#1095 = CARTESIAN_POINT('',(13.323141694007,14.595605512335));
#1096 = CARTESIAN_POINT('',(13.943408688757,14.218029347597));
#1097 = CARTESIAN_POINT('',(15.353200166869,13.284079970211));
#1098 = CARTESIAN_POINT('',(16.130839605705,12.709905539597));
#1099 = CARTESIAN_POINT('',(16.877361825912,12.094260307993));
#1100 = CARTESIAN_POINT('',(17.587985115399,11.43699317697));
#1101 = CARTESIAN_POINT('',(18.257220967355,10.738502808222));
#1102 = CARTESIAN_POINT('',(18.879110747268,10.));
#1103 = ( GEOMETRIC_REPRESENTATION_CONTEXT(2) 
PARAMETRIC_REPRESENTATION_CONTEXT() REPRESENTATION_CONTEXT('2D SPACE',''
  ) );
#1104 = ORIENTED_EDGE('',*,*,#1105,.F.);
#1105 = EDGE_CURVE('',#1106,#961,#1108,.T.);
#1106 = VERTEX_POINT('',#1107);
#1107 = CARTESIAN_POINT('',(-18.8749915511,-32.,-84.));
#1108 = SURFACE_CURVE('',#1109,(#1115,#1124),.PCURVE_S1.);
#1109 = B_SPLINE_CURVE_WITH_KNOTS('',4,(#1110,#1111,#1112,#1113,#1114),
  .UNSPECIFIED.,.F.,.F.,(5,5),(0.,1.),.PIECEWISE_BEZIER_KNOTS.);
#1110 = CARTESIAN_POINT('',(-18.8749915511,-32.,-84.));
#1111 = CARTESIAN_POINT('',(-19.07951601566,-32.,-83.80555576045));
#1112 = CARTESIAN_POINT('',(-19.28047312697,-32.,-83.60735941339));
#1113 = CARTESIAN_POINT('',(-19.47772758865,-32.,-83.40547610727));
#1114 = CARTESIAN_POINT('',(-19.67116419751,-32.,-83.1999994));
#1115 = PCURVE('',#71,#1116);
#1116 = DEFINITIONAL_REPRESENTATION('',(#1117),#1123);
#1117 = B_SPLINE_CURVE_WITH_KNOTS('',4,(#1118,#1119,#1120,#1121,#1122),
  .UNSPECIFIED.,.F.,.F.,(5,5),(0.,1.),.PIECEWISE_BEZIER_KNOTS.);
#1118 = CARTESIAN_POINT('',(0.403194709444,0.));
#1119 = CARTESIAN_POINT('',(0.404746211617,2.336273212812E-03));
#1120 = CARTESIAN_POINT('',(0.406279907029,4.709648520861E-03));
#1121 = CARTESIAN_POINT('',(0.407796184132,7.118895542032E-03));
#1122 = CARTESIAN_POINT('',(0.409295396483,9.562523049977E-03));
#1123 = ( GEOMETRIC_REPRESENTATION_CONTEXT(2) 
PARAMETRIC_REPRESENTATION_CONTEXT() REPRESENTATION_CONTEXT('2D SPACE',''
  ) );
#1124 = PCURVE('',#1125,#1130);
#1125 = PLANE('',#1126);
#1126 = AXIS2_PLACEMENT_3D('',#1127,#1128,#1129);
#1127 = CARTESIAN_POINT('',(-26.,-32.,-88.1));
#1128 = DIRECTION('',(0.,1.,0.));
#1129 = DIRECTION('',(0.,0.,1.));
#1130 = DEFINITIONAL_REPRESENTATION('',(#1131),#1137);
#1131 = B_SPLINE_CURVE_WITH_KNOTS('',4,(#1132,#1133,#1134,#1135,#1136),
  .UNSPECIFIED.,.F.,.F.,(5,5),(0.,1.),.PIECEWISE_BEZIER_KNOTS.);
#1132 = CARTESIAN_POINT('',(4.1,7.125008448892));
#1133 = CARTESIAN_POINT('',(4.29444423955,6.920483984334));
#1134 = CARTESIAN_POINT('',(4.492640586603,6.719526873025));
#1135 = CARTESIAN_POINT('',(4.694523892721,6.522272411345));
#1136 = CARTESIAN_POINT('',(4.9000006,6.32883580249));
#1137 = ( GEOMETRIC_REPRESENTATION_CONTEXT(2) 
PARAMETRIC_REPRESENTATION_CONTEXT() REPRESENTATION_CONTEXT('2D SPACE',''
  ) );
#1138 = ORIENTED_EDGE('',*,*,#1139,.T.);
#1139 = EDGE_CURVE('',#1106,#1140,#1142,.T.);
#1140 = VERTEX_POINT('',#1141);
#1141 = CARTESIAN_POINT('',(-18.8749915511,-52.,-84.));
#1142 = SURFACE_CURVE('',#1143,(#1159,#1166),.PCURVE_S1.);
#1143 = B_SPLINE_CURVE_WITH_KNOTS('',14,(#1144,#1145,#1146,#1147,#1148,
    #1149,#1150,#1151,#1152,#1153,#1154,#1155,#1156,#1157,#1158),
  .UNSPECIFIED.,.T.,.F.,(15,15),(0.,1.),.PIECEWISE_BEZIER_KNOTS.);
#1144 = CARTESIAN_POINT('',(23.,-42.,-84.));
#1145 = CARTESIAN_POINT('',(23.000000000002,-34.14601836602,-84.));
#1146 = CARTESIAN_POINT('',(18.010969692408,-26.29203383296,-84.));
#1147 = CARTESIAN_POINT('',(8.032902699235,-20.42566143498,-84.));
#1148 = CARTESIAN_POINT('',(-5.442044138944,-18.53429207301,-84.));
#1149 = CARTESIAN_POINT('',(-19.42984018936,-21.89290493236,-84.));
#1150 = CARTESIAN_POINT('',(-30.10795913802,-30.3470082078,-84.));
#1151 = CARTESIAN_POINT('',(-34.12805784726,-41.99999999984,-84.));
#1152 = CARTESIAN_POINT('',(-30.107959138,-53.65299179247,-84.));
#1153 = CARTESIAN_POINT('',(-19.42984018938,-62.10709506741,-84.));
#1154 = CARTESIAN_POINT('',(-5.442044138928,-65.46570792711,-84.));
#1155 = CARTESIAN_POINT('',(8.032902699226,-63.57433856495,-84.));
#1156 = CARTESIAN_POINT('',(18.010969692412,-57.70796616706,-84.));
#1157 = CARTESIAN_POINT('',(23.000000000001,-49.85398163397,-84.));
#1158 = CARTESIAN_POINT('',(23.,-42.,-84.));
#1159 = PCURVE('',#71,#1160);
#1160 = DEFINITIONAL_REPRESENTATION('',(#1161),#1165);
#1161 = LINE('',#1162,#1163);
#1162 = CARTESIAN_POINT('',(0.,0.));
#1163 = VECTOR('',#1164,1.);
#1164 = DIRECTION('',(1.,0.));
#1165 = ( GEOMETRIC_REPRESENTATION_CONTEXT(2) 
PARAMETRIC_REPRESENTATION_CONTEXT() REPRESENTATION_CONTEXT('2D SPACE',''
  ) );
#1166 = PCURVE('',#336,#1167);
#1167 = DEFINITIONAL_REPRESENTATION('',(#1168),#1184);
#1168 = B_SPLINE_CURVE_WITH_KNOTS('',14,(#1169,#1170,#1171,#1172,#1173,
    #1174,#1175,#1176,#1177,#1178,#1179,#1180,#1181,#1182,#1183),
  .UNSPECIFIED.,.F.,.F.,(15,15),(0.,1.),.PIECEWISE_BEZIER_KNOTS.);
#1169 = CARTESIAN_POINT('',(0.,0.));
#1170 = CARTESIAN_POINT('',(-1.83675297194E-12,-7.853981633979));
#1171 = CARTESIAN_POINT('',(4.989030307592,-15.70796616703));
#1172 = CARTESIAN_POINT('',(14.967097300765,-21.57433856501));
#1173 = CARTESIAN_POINT('',(28.442044138944,-23.46570792698));
#1174 = CARTESIAN_POINT('',(42.429840189362,-20.10709506763));
#1175 = CARTESIAN_POINT('',(53.10795913802,-11.65299179219));
#1176 = CARTESIAN_POINT('',(57.128057847267,-1.522693082734E-10));
#1177 = CARTESIAN_POINT('',(53.107959138008,11.652991792471));
#1178 = CARTESIAN_POINT('',(42.429840189379,20.107095067418));
#1179 = CARTESIAN_POINT('',(28.442044138928,23.465707927117));
#1180 = CARTESIAN_POINT('',(14.967097300774,21.574338564951));
#1181 = CARTESIAN_POINT('',(4.989030307588,15.707966167061));
#1182 = CARTESIAN_POINT('',(-7.993605777301E-13,7.853981633973));
#1183 = CARTESIAN_POINT('',(-2.48689957516E-14,7.105427357601E-15));
#1184 = ( GEOMETRIC_REPRESENTATION_CONTEXT(2) 
PARAMETRIC_REPRESENTATION_CONTEXT() REPRESENTATION_CONTEXT('2D SPACE',''
  ) );
#1185 = ORIENTED_EDGE('',*,*,#1186,.T.);
#1186 = EDGE_CURVE('',#1140,#24,#1187,.T.);
#1187 = SURFACE_CURVE('',#1188,(#1194,#1203),.PCURVE_S1.);
#1188 = B_SPLINE_CURVE_WITH_KNOTS('',4,(#1189,#1190,#1191,#1192,#1193),
  .UNSPECIFIED.,.F.,.F.,(5,5),(0.,1.),.PIECEWISE_BEZIER_KNOTS.);
#1189 = CARTESIAN_POINT('',(-18.8749915511,-52.,-84.));
#1190 = CARTESIAN_POINT('',(-18.89924914045,-52.,-83.80068531884));
#1191 = CARTESIAN_POINT('',(-18.91877968361,-52.,-83.60079539863));
#1192 = CARTESIAN_POINT('',(-18.93368813858,-52.,-83.40051376693));
#1193 = CARTESIAN_POINT('',(-18.94411326705,-52.,-83.1999994));
#1194 = PCURVE('',#71,#1195);
#1195 = DEFINITIONAL_REPRESENTATION('',(#1196),#1202);
#1196 = B_SPLINE_CURVE_WITH_KNOTS('',4,(#1197,#1198,#1199,#1200,#1201),
  .UNSPECIFIED.,.F.,.F.,(5,5),(0.,1.),.PIECEWISE_BEZIER_KNOTS.);
#1197 = CARTESIAN_POINT('',(0.596805290556,0.));
#1198 = CARTESIAN_POINT('',(0.597459925561,2.394792211742E-03));
#1199 = CARTESIAN_POINT('',(0.598129530749,4.788110380956E-03));
#1200 = CARTESIAN_POINT('',(0.598812744714,7.177910072296E-03));
#1201 = CARTESIAN_POINT('',(0.599508345671,9.562523049977E-03));
#1202 = ( GEOMETRIC_REPRESENTATION_CONTEXT(2) 
PARAMETRIC_REPRESENTATION_CONTEXT() REPRESENTATION_CONTEXT('2D SPACE',''
  ) );
#1203 = PCURVE('',#1204,#1209);
#1204 = PLANE('',#1205);
#1205 = AXIS2_PLACEMENT_3D('',#1206,#1207,#1208);
#1206 = CARTESIAN_POINT('',(-26.,-52.,-88.1));
#1207 = DIRECTION('',(0.,1.,0.));
#1208 = DIRECTION('',(0.,0.,1.));
#1209 = DEFINITIONAL_REPRESENTATION('',(#1210),#1216);
#1210 = B_SPLINE_CURVE_WITH_KNOTS('',4,(#1211,#1212,#1213,#1214,#1215),
  .UNSPECIFIED.,.F.,.F.,(5,5),(0.,1.),.PIECEWISE_BEZIER_KNOTS.);
#1211 = CARTESIAN_POINT('',(4.1,7.125008448892));
#1212 = CARTESIAN_POINT('',(4.299314681151,7.100750859543));
#1213 = CARTESIAN_POINT('',(4.499204601365,7.081220316388));
#1214 = CARTESIAN_POINT('',(4.699486233062,7.066311861418));
#1215 = CARTESIAN_POINT('',(4.9000006,7.055886732941));
#1216 = ( GEOMETRIC_REPRESENTATION_CONTEXT(2) 
PARAMETRIC_REPRESENTATION_CONTEXT() REPRESENTATION_CONTEXT('2D SPACE',''
  ) );
#1217 = FACE_BOUND('',#1218,.T.);
#1218 = EDGE_LOOP('',(#1219,#1581,#1609,#1863));
#1219 = ORIENTED_EDGE('',*,*,#1220,.F.);
#1220 = EDGE_CURVE('',#1221,#1223,#1225,.T.);
#1221 = VERTEX_POINT('',#1222);
#1222 = CARTESIAN_POINT('',(-1.5,-22.87625746282,-82.));
#1223 = VERTEX_POINT('',#1224);
#1224 = CARTESIAN_POINT('',(-1.5,19.899644004642,-10.));
#1225 = SURFACE_CURVE('',#1226,(#1301,#1397),.PCURVE_S1.);
#1226 = B_SPLINE_CURVE_WITH_KNOTS('',7,(#1227,#1228,#1229,#1230,#1231,
    #1232,#1233,#1234,#1235,#1236,#1237,#1238,#1239,#1240,#1241,#1242,
    #1243,#1244,#1245,#1246,#1247,#1248,#1249,#1250,#1251,#1252,#1253,
    #1254,#1255,#1256,#1257,#1258,#1259,#1260,#1261,#1262,#1263,#1264,
    #1265,#1266,#1267,#1268,#1269,#1270,#1271,#1272,#1273,#1274,#1275,
    #1276,#1277,#1278,#1279,#1280,#1281,#1282,#1283,#1284,#1285,#1286,
    #1287,#1288,#1289,#1290,#1291,#1292,#1293,#1294,#1295,#1296,#1297,
    #1298,#1299,#1300),.UNSPECIFIED.,.F.,.F.,(8,6,6,6,6,6,6,6,6,6,6,6,8)
  ,(0.,0.156290345287,0.209700293946,0.246978913377,0.310443106007,
    0.437861819522,0.622910549232,0.65699732042,0.688538471198,
    0.722554792549,0.826579851202,0.940818227105,1.),.UNSPECIFIED.);
#1227 = CARTESIAN_POINT('',(-1.5,-22.87625746282,-82.));
#1228 = CARTESIAN_POINT('',(-1.5,-21.71982630686,-80.52625210817));
#1229 = CARTESIAN_POINT('',(-1.5,-20.63049032913,-79.00030695055));
#1230 = CARTESIAN_POINT('',(-1.5,-19.60481910544,-77.43046793239));
#1231 = CARTESIAN_POINT('',(-1.5,-18.63502856869,-75.82591966623));
#1232 = CARTESIAN_POINT('',(-1.5,-17.7108939964,-74.19558839332));
#1233 = CARTESIAN_POINT('',(-1.5,-16.82183298611,-72.54683871576));
#1234 = CARTESIAN_POINT('',(-1.5,-15.66204771658,-70.31727698562));
#1235 = CARTESIAN_POINT('',(-1.5,-15.36954213252,-69.74791548318));
#1236 = CARTESIAN_POINT('',(-1.5,-15.07951547274,-69.17728507228));
#1237 = CARTESIAN_POINT('',(-1.5,-14.79156931324,-68.60560404104));
#1238 = CARTESIAN_POINT('',(-1.5,-14.5053176331,-68.03307712214));
#1239 = CARTESIAN_POINT('',(-1.5,-14.22038880291,-67.45989448551));
#1240 = CARTESIAN_POINT('',(-1.5,-13.73823074121,-66.48582980702));
#1241 = CARTESIAN_POINT('',(-1.5,-13.5405058417,-66.0851955137));
#1242 = CARTESIAN_POINT('',(-1.5,-13.34313214433,-65.68438801472));
#1243 = CARTESIAN_POINT('',(-1.5,-13.14599350955,-65.28346492288));
#1244 = CARTESIAN_POINT('',(-1.5,-12.94897838862,-64.8824813001));
#1245 = CARTESIAN_POINT('',(-1.5,-12.75197982355,-64.48148965735));
#1246 = CARTESIAN_POINT('',(-1.5,-12.21937334298,-63.39795166276));
#1247 = CARTESIAN_POINT('',(-1.5,-11.88360357969,-62.71548645878));
#1248 = CARTESIAN_POINT('',(-1.5,-11.54708136865,-62.03339000836));
#1249 = CARTESIAN_POINT('',(-1.5,-11.20934511257,-61.35189124637));
#1250 = CARTESIAN_POINT('',(-1.5,-10.86997707422,-60.67120204786));
#1251 = CARTESIAN_POINT('',(-1.5,-10.52860404522,-59.99151689896));
#1252 = CARTESIAN_POINT('',(-1.5,-9.494830460158,-57.95076173916));
#1253 = CARTESIAN_POINT('',(-1.5,-8.795345359944,-56.59324475592));
#1254 = CARTESIAN_POINT('',(-1.5,-8.083814237893,-55.24194944626));
#1255 = CARTESIAN_POINT('',(-1.5,-7.358327723659,-53.89805170365));
#1256 = CARTESIAN_POINT('',(-1.5,-6.617698229166,-52.56241432905));
#1257 = CARTESIAN_POINT('',(-1.5,-5.861436503939,-51.23559990999));
#1258 = CARTESIAN_POINT('',(-1.5,-3.968921041052,-48.00421405045));
#1259 = CARTESIAN_POINT('',(-1.5,-2.81539558133,-46.10956038839));
#1260 = CARTESIAN_POINT('',(-1.5,-1.62962857267,-44.23487587024));
#1261 = CARTESIAN_POINT('',(-1.5,-0.414594417918,-42.37914189184));
#1262 = CARTESIAN_POINT('',(-1.5,0.824700762758,-40.53967271074));
#1263 = CARTESIAN_POINT('',(-1.5,2.081768320298,-38.71247363616));
#1264 = CARTESIAN_POINT('',(-1.5,3.582590196946,-36.55733437202));
#1265 = CARTESIAN_POINT('',(-1.5,3.816396164872,-36.22234485971));
#1266 = CARTESIAN_POINT('',(-1.5,4.050507170123,-35.88756839517));
#1267 = CARTESIAN_POINT('',(-1.5,4.284875779063,-35.55297228974));
#1268 = CARTESIAN_POINT('',(-1.5,4.519453540839,-35.21852291843));
#1269 = CARTESIAN_POINT('',(-1.5,4.754190987384,-34.88418571993));
#1270 = CARTESIAN_POINT('',(-1.5,5.206345791807,-34.24062744856));
#1271 = CARTESIAN_POINT('',(-1.5,5.423747492382,-33.93139547183));
#1272 = CARTESIAN_POINT('',(-1.5,5.641202748229,-33.62220114583));
#1273 = CARTESIAN_POINT('',(-1.5,5.858670984662,-33.31301594414));
#1274 = CARTESIAN_POINT('',(-1.5,6.076111039225,-33.00381093451));
#1275 = CARTESIAN_POINT('',(-1.5,6.29348116169,-32.69455677887));
#1276 = CARTESIAN_POINT('',(-1.5,6.745046030122,-32.05161598525));
#1277 = CARTESIAN_POINT('',(-1.5,6.97922251802,-31.71791664659));
#1278 = CARTESIAN_POINT('',(-1.5,7.213215343464,-31.38408836224));
#1279 = CARTESIAN_POINT('',(-1.5,7.446970810268,-31.05009367083));
#1280 = CARTESIAN_POINT('',(-1.5,7.68043466035,-30.71589500473));
#1281 = CARTESIAN_POINT('',(-1.5,7.913552073727,-30.38145469001));
#1282 = CARTESIAN_POINT('',(-1.5,8.857933493524,-29.0231309949));
#1283 = CARTESIAN_POINT('',(-1.5,9.565835362337,-27.99692418183));
#1284 = CARTESIAN_POINT('',(-1.5,10.268405322057,-26.96702140697));
#1285 = CARTESIAN_POINT('',(-1.5,10.964022110305,-25.93236719786));
#1286 = CARTESIAN_POINT('',(-1.5,11.651051316064,-24.89197062171));
#1287 = CARTESIAN_POINT('',(-1.5,12.327905904592,-23.84494583764));
#1288 = CARTESIAN_POINT('',(-1.5,13.723660601882,-21.6326663684));
#1289 = CARTESIAN_POINT('',(-1.5,14.440180529263,-20.46587035021));
#1290 = CARTESIAN_POINT('',(-1.5,15.140708008662,-19.28929033956));
#1291 = CARTESIAN_POINT('',(-1.5,15.823467268127,-18.10224879231));
#1292 = CARTESIAN_POINT('',(-1.5,16.487030537253,-16.90436114444));
#1293 = CARTESIAN_POINT('',(-1.5,17.130479122867,-15.6956282373));
#1294 = CARTESIAN_POINT('',(-1.5,18.076381597504,-13.84498290715));
#1295 = CARTESIAN_POINT('',(-1.5,18.393727960152,-13.21063549268));
#1296 = CARTESIAN_POINT('',(-1.5,18.705589485863,-12.5735586302));
#1297 = CARTESIAN_POINT('',(-1.5,19.011991868098,-11.93383599561));
#1298 = CARTESIAN_POINT('',(-1.5,19.313021690322,-11.29157497096));
#1299 = CARTESIAN_POINT('',(-1.5,19.608831353675,-10.64690900937));
#1300 = CARTESIAN_POINT('',(-1.5,19.899644004642,-10.));
#1301 = PCURVE('',#71,#1302);
#1302 = DEFINITIONAL_REPRESENTATION('',(#1303),#1396);
#1303 = B_SPLINE_CURVE_WITH_KNOTS('',7,(#1304,#1305,#1306,#1307,#1308,
    #1309,#1310,#1311,#1312,#1313,#1314,#1315,#1316,#1317,#1318,#1319,
    #1320,#1321,#1322,#1323,#1324,#1325,#1326,#1327,#1328,#1329,#1330,
    #1331,#1332,#1333,#1334,#1335,#1336,#1337,#1338,#1339,#1340,#1341,
    #1342,#1343,#1344,#1345,#1346,#1347,#1348,#1349,#1350,#1351,#1352,
    #1353,#1354,#1355,#1356,#1357,#1358,#1359,#1360,#1361,#1362,#1363,
    #1364,#1365,#1366,#1367,#1368,#1369,#1370,#1371,#1372,#1373,#1374,
    #1375,#1376,#1377,#1378,#1379,#1380,#1381,#1382,#1383,#1384,#1385,
    #1386,#1387,#1388,#1389,#1390,#1391,#1392,#1393,#1394,#1395),
  .UNSPECIFIED.,.F.,.F.,(8,6,6,6,6,6,6,6,6,6,6,6,6,6,6,8),(0.,0.125,
    0.15234375,0.205322265625,0.304656982422,0.391574859619,
    0.429601430893,0.465251341462,0.598938506097,0.649071192835,
    0.736803394626,0.802602545969,0.851951909477,0.925975954739,
    0.962987977369,1.),.UNSPECIFIED.);
#1304 = CARTESIAN_POINT('',(0.260018983661,2.373009526522E-02));
#1305 = CARTESIAN_POINT('',(0.259835650428,3.75479021811E-02));
#1306 = CARTESIAN_POINT('',(0.259687521233,5.153952158398E-02));
#1307 = CARTESIAN_POINT('',(0.259566736119,6.566348856843E-02));
#1308 = CARTESIAN_POINT('',(0.25946741471,7.988238162814E-02));
#1309 = CARTESIAN_POINT('',(0.259384887801,9.416502911064E-02));
#1310 = CARTESIAN_POINT('',(0.259315286603,0.108487820269));
#1311 = CARTESIAN_POINT('',(0.259242408928,0.125973592839));
#1312 = CARTESIAN_POINT('',(0.259229797061,0.129113237603));
#1313 = CARTESIAN_POINT('',(0.259217621286,0.132253891323));
#1314 = CARTESIAN_POINT('',(0.259205850297,0.1353954086));
#1315 = CARTESIAN_POINT('',(0.259194454246,0.138537662512));
#1316 = CARTESIAN_POINT('',(0.259183404744,0.141680544618));
#1317 = CARTESIAN_POINT('',(0.259151885654,0.150914347298));
#1318 = CARTESIAN_POINT('',(0.259132296022,0.157006765362));
#1319 = CARTESIAN_POINT('',(0.259113710352,0.163100265833));
#1320 = CARTESIAN_POINT('',(0.259095951293,0.169194347163));
#1321 = CARTESIAN_POINT('',(0.259078859162,0.175288531286));
#1322 = CARTESIAN_POINT('',(0.259062290532,0.181382313453));
#1323 = CARTESIAN_POINT('',(0.259015788892,0.198900198848));
#1324 = CARTESIAN_POINT('',(0.258986847041,0.21032264797));
#1325 = CARTESIAN_POINT('',(0.258958441515,0.22174087657));
#1326 = CARTESIAN_POINT('',(0.258929901177,0.233153768956));
#1327 = CARTESIAN_POINT('',(0.258900712881,0.244560719983));
#1328 = CARTESIAN_POINT('',(0.258870501667,0.255961300311));
#1329 = CARTESIAN_POINT('',(0.258811456685,0.277324341037));
#1330 = CARTESIAN_POINT('',(0.258782923087,0.287288474979));
#1331 = CARTESIAN_POINT('',(0.258753238007,0.297247302435));
#1332 = CARTESIAN_POINT('',(0.25872230276,0.307199753251));
#1333 = CARTESIAN_POINT('',(0.2586900762,0.317146076757));
#1334 = CARTESIAN_POINT('',(0.258656571146,0.327085566105));
#1335 = CARTESIAN_POINT('',(0.258606646655,0.341363496373));
#1336 = CARTESIAN_POINT('',(0.258591215871,0.345707604216));
#1337 = CARTESIAN_POINT('',(0.258575554969,0.350050335192));
#1338 = CARTESIAN_POINT('',(0.258559671138,0.354391659692));
#1339 = CARTESIAN_POINT('',(0.258543571562,0.358731548109));
#1340 = CARTESIAN_POINT('',(0.258527263427,0.363069970834));
#1341 = CARTESIAN_POINT('',(0.258495277435,0.371472767156));
#1342 = CARTESIAN_POINT('',(0.258479626058,0.375537331814));
#1343 = CARTESIAN_POINT('',(0.258463808191,0.379600424098));
#1344 = CARTESIAN_POINT('',(0.2584478304,0.38366255774));
#1345 = CARTESIAN_POINT('',(0.258431704356,0.387723088096));
#1346 = CARTESIAN_POINT('',(0.258415438322,0.391782421058));
#1347 = CARTESIAN_POINT('',(0.25833756227,0.411057733285));
#1348 = CARTESIAN_POINT('',(0.25827426113,0.426256256919));
#1349 = CARTESIAN_POINT('',(0.258209691205,0.441435755621));
#1350 = CARTESIAN_POINT('',(0.258144471422,0.456597671323));
#1351 = CARTESIAN_POINT('',(0.258079239983,0.471744825357));
#1352 = CARTESIAN_POINT('',(0.258014606097,0.486881163064));
#1353 = CARTESIAN_POINT('',(0.257927287819,0.507685377707));
#1354 = CARTESIAN_POINT('',(0.257903633328,0.513358382023));
#1355 = CARTESIAN_POINT('',(0.257880166104,0.519030946148));
#1356 = CARTESIAN_POINT('',(0.257856915488,0.524702826467));
#1357 = CARTESIAN_POINT('',(0.257833904169,0.530375142268));
#1358 = CARTESIAN_POINT('',(0.257811158881,0.536047662175));
#1359 = CARTESIAN_POINT('',(0.257749401407,0.551649151396));
#1360 = CARTESIAN_POINT('',(0.257710983866,0.561579549868));
#1361 = CARTESIAN_POINT('',(0.257673571935,0.57151387192));
#1362 = CARTESIAN_POINT('',(0.257637274042,0.581453975711));
#1363 = CARTESIAN_POINT('',(0.257602183178,0.591401692393));
#1364 = CARTESIAN_POINT('',(0.257568375981,0.601358682576));
#1365 = CARTESIAN_POINT('',(0.257511563799,0.618802008265));
#1366 = CARTESIAN_POINT('',(0.257487970732,0.626283720359));
#1367 = CARTESIAN_POINT('',(0.257465158161,0.633772054306));
#1368 = CARTESIAN_POINT('',(0.257443145393,0.641267509084));
#1369 = CARTESIAN_POINT('',(0.257421945496,0.648770457428));
#1370 = CARTESIAN_POINT('',(0.257401565302,0.656281145833));
#1371 = CARTESIAN_POINT('',(0.257367335389,0.669438604686));
#1372 = CARTESIAN_POINT('',(0.257353126557,0.675081926693));
#1373 = CARTESIAN_POINT('',(0.257339378725,0.68072976637));
#1374 = CARTESIAN_POINT('',(0.25732609004,0.686381879656));
#1375 = CARTESIAN_POINT('',(0.257313254573,0.692038759639));
#1376 = CARTESIAN_POINT('',(0.257300866131,0.697699747413));
#1377 = CARTESIAN_POINT('',(0.257270986208,0.711862557235));
#1378 = CARTESIAN_POINT('',(0.257254039216,0.720369442253));
#1379 = CARTESIAN_POINT('',(0.257238040656,0.728884889599));
#1380 = CARTESIAN_POINT('',(0.257222941059,0.737408050495));
#1381 = CARTESIAN_POINT('',(0.257208673873,0.74593786718));
#1382 = CARTESIAN_POINT('',(0.257195155457,0.754473072906));
#1383 = CARTESIAN_POINT('',(0.257175849735,0.767281745186));
#1384 = CARTESIAN_POINT('',(0.257169576059,0.771552313955));
#1385 = CARTESIAN_POINT('',(0.257163451387,0.775823587533));
#1386 = CARTESIAN_POINT('',(0.257157461468,0.780095500245));
#1387 = CARTESIAN_POINT('',(0.257151590905,0.784367907014));
#1388 = CARTESIAN_POINT('',(0.257145823172,0.788640545336));
#1389 = CARTESIAN_POINT('',(0.257134457255,0.797186021395));
#1390 = CARTESIAN_POINT('',(0.257128859075,0.801458852086));
#1391 = CARTESIAN_POINT('',(0.257123327699,0.805731604936));
#1392 = CARTESIAN_POINT('',(0.257117843795,0.810004119647));
#1393 = CARTESIAN_POINT('',(0.257112386664,0.814276246448));
#1394 = CARTESIAN_POINT('',(0.257106934248,0.818547846093));
#1395 = CARTESIAN_POINT('',(0.257101463124,0.822818789865));
#1396 = ( GEOMETRIC_REPRESENTATION_CONTEXT(2) 
PARAMETRIC_REPRESENTATION_CONTEXT() REPRESENTATION_CONTEXT('2D SPACE',''
  ) );
#1397 = PCURVE('',#1398,#1504);
#1398 = ( BOUNDED_SURFACE() B_SPLINE_SURFACE(14,6,(
    (#1399,#1400,#1401,#1402,#1403,#1404,#1405)
    ,(#1406,#1407,#1408,#1409,#1410,#1411,#1412)
    ,(#1413,#1414,#1415,#1416,#1417,#1418,#1419)
    ,(#1420,#1421,#1422,#1423,#1424,#1425,#1426)
    ,(#1427,#1428,#1429,#1430,#1431,#1432,#1433)
    ,(#1434,#1435,#1436,#1437,#1438,#1439,#1440)
    ,(#1441,#1442,#1443,#1444,#1445,#1446,#1447)
    ,(#1448,#1449,#1450,#1451,#1452,#1453,#1454)
    ,(#1455,#1456,#1457,#1458,#1459,#1460,#1461)
    ,(#1462,#1463,#1464,#1465,#1466,#1467,#1468)
    ,(#1469,#1470,#1471,#1472,#1473,#1474,#1475)
    ,(#1476,#1477,#1478,#1479,#1480,#1481,#1482)
    ,(#1483,#1484,#1485,#1486,#1487,#1488,#1489)
    ,(#1490,#1491,#1492,#1493,#1494,#1495,#1496)
    ,(#1497,#1498,#1499,#1500,#1501,#1502,#1503
)),.UNSPECIFIED.,.T.,.F.,.F.) B_SPLINE_SURFACE_WITH_KNOTS((15,15),(7,7),
  (0.,1.),(0.,1.),.PIECEWISE_BEZIER_KNOTS.) 
GEOMETRIC_REPRESENTATION_ITEM() RATIONAL_B_SPLINE_SURFACE((
    (1.,1.,1.,1.,1.,1.,1.)
    ,(1.,1.,1.,1.,1.,1.,1.)
    ,(1.,1.,1.,1.,1.,1.,1.)
    ,(1.,1.,1.,1.,1.,1.,1.)
    ,(1.,1.,1.,1.,1.,1.,1.)
    ,(1.,1.,1.,1.,1.,1.,1.)
    ,(1.,1.,1.,1.,1.,1.,1.)
    ,(1.,1.,1.,1.,1.,1.,1.)
    ,(1.,1.,1.,1.,1.,1.,1.)
    ,(1.,1.,1.,1.,1.,1.,1.)
    ,(1.,1.,1.,1.,1.,1.,1.)
    ,(1.,1.,1.,1.,1.,1.,1.)
    ,(1.,1.,1.,1.,1.,1.,1.)
    ,(1.,1.,1.,1.,1.,1.,1.)
,(1.,1.,1.,1.,1.,1.,1.))) REPRESENTATION_ITEM('') SURFACE() );
#1399 = CARTESIAN_POINT('',(23.,-42.,-84.));
#1400 = CARTESIAN_POINT('',(29.641655582445,-34.95073296893,
    -70.12860299017));
#1401 = CARTESIAN_POINT('',(23.436722547952,-26.26855404717,
    -53.21501549349));
#1402 = CARTESIAN_POINT('',(29.824773752888,-27.83468103672,
    -35.80865665334));
#1403 = CARTESIAN_POINT('',(36.616847298916,-5.652860175088,
    -27.69446660503));
#1404 = CARTESIAN_POINT('',(31.035997239754,-4.91384139844,
    -8.429467067994));
#1405 = CARTESIAN_POINT('',(36.,-2.495388277643E-14,7.));
#1406 = CARTESIAN_POINT('',(23.000000000002,-34.14601836602,-84.));
#1407 = CARTESIAN_POINT('',(29.641655582445,-24.7891125089,
    -70.12860299017));
#1408 = CARTESIAN_POINT('',(23.436722547984,-18.77055271239,
    -53.21501549349));
#1409 = CARTESIAN_POINT('',(29.824773752835,-16.41978213297,
    -35.80865665334));
#1410 = CARTESIAN_POINT('',(36.616847298978,5.323710405559,
    -27.69446660503));
#1411 = CARTESIAN_POINT('',(31.035997239732,5.958097496413,
    -8.429467067994));
#1412 = CARTESIAN_POINT('',(36.000000000008,12.117571663854,7.));
#1413 = CARTESIAN_POINT('',(18.010969692408,-26.29203383296,-84.));
#1414 = CARTESIAN_POINT('',(23.211954796886,-14.627488298,
    -70.12860299017));
#1415 = CARTESIAN_POINT('',(18.352960847719,-11.27254860993,
    -53.21501549349));
#1416 = CARTESIAN_POINT('',(23.355352006594,-5.004879015781,
    -35.80865665334));
#1417 = CARTESIAN_POINT('',(28.67412725767,16.300285037886,
    -27.69446660503));
#1418 = CARTESIAN_POINT('',(24.303843724406,16.830040404339,
    -8.429467067994));
#1419 = CARTESIAN_POINT('',(28.191082996787,24.235147800565,7.));
#1420 = CARTESIAN_POINT('',(8.032902699235,-20.42566143498,-84.));
#1421 = CARTESIAN_POINT('',(10.352545005984,-7.037471849791,
    -70.12860299017));
#1422 = CARTESIAN_POINT('',(8.185430948912,-5.672068481451,
    -53.21501549349));
#1423 = CARTESIAN_POINT('',(10.416500242125,3.521248364757,
    -35.80865665334));
#1424 = CARTESIAN_POINT('',(12.788677022651,24.499011961384,
    -27.69446660503));
#1425 = CARTESIAN_POINT('',(10.839528086692,24.950614810754,
    -8.429467067994));
#1426 = CARTESIAN_POINT('',(12.573239007572,33.286122357475,7.));
#1427 = CARTESIAN_POINT('',(-5.442044138944,-18.53429207301,-84.));
#1428 = CARTESIAN_POINT('',(-7.013530349149,-4.590384690583,
    -70.12860299017));
#1429 = CARTESIAN_POINT('',(-5.545377330209,-3.866425094322,
    -53.21501549349));
#1430 = CARTESIAN_POINT('',(-7.056858050796,6.270145810742,
    -35.80865665334));
#1431 = CARTESIAN_POINT('',(-8.663934750493,27.142352659398,
    -27.69446660503));
#1432 = CARTESIAN_POINT('',(-7.343446385277,27.568758459309,
    -8.429467067994));
#1433 = CARTESIAN_POINT('',(-8.51798213068,36.204235087305,7.));
#1434 = CARTESIAN_POINT('',(-19.42984018936,-21.89290493236,-84.));
#1435 = CARTESIAN_POINT('',(-25.04054917024,-8.935817458062,
    -70.12860299017));
#1436 = CARTESIAN_POINT('',(-19.79877276709,-7.072809432167,
    -53.21501549349));
#1437 = CARTESIAN_POINT('',(-25.19524294548,1.388771237918,
    -35.80865665334));
#1438 = CARTESIAN_POINT('',(-30.93302135684,22.448421247381,
    -27.69446660503));
#1439 = CARTESIAN_POINT('',(-26.21845506551,22.919570890481,
    -8.429467067994));
#1440 = CARTESIAN_POINT('',(-30.41192377438,31.022375247273,7.));
#1441 = CARTESIAN_POINT('',(-30.10795913802,-30.3470082078,-84.));
#1442 = CARTESIAN_POINT('',(-38.80216326346,-19.87388592071,
    -70.12860299017));
#1443 = CARTESIAN_POINT('',(-30.67964716675,-15.14373200378,
    -53.21501549349));
#1444 = CARTESIAN_POINT('',(-39.04187258259,-10.89833849966,
    -35.80865665334));
#1445 = CARTESIAN_POINT('',(-47.93298009996,10.63313243868,
    -27.69446660503));
#1446 = CARTESIAN_POINT('',(-40.62741463807,11.216908660777,
    -8.429467067994));
#1447 = CARTESIAN_POINT('',(-47.12550125988,17.978901622136,7.));
#1448 = CARTESIAN_POINT('',(-34.12805784726,-41.99999999984,-84.));
#1449 = CARTESIAN_POINT('',(-43.98313636543,-34.95073296858,
    -70.12860299017));
#1450 = CARTESIAN_POINT('',(-34.77607925363,-26.26855404666,
    -53.21501549349));
#1451 = CARTESIAN_POINT('',(-44.25485234666,-27.83468103645,
    -35.80865665334));
#1452 = CARTESIAN_POINT('',(-54.33312533652,-5.65286017434,
    -27.69446660503));
#1453 = CARTESIAN_POINT('',(-46.05210039882,-4.913841398336,
    -8.429467067994));
#1454 = CARTESIAN_POINT('',(-53.41782967355,3.62907517548E-10,7.));
#1455 = CARTESIAN_POINT('',(-30.107959138,-53.65299179247,-84.));
#1456 = CARTESIAN_POINT('',(-38.80216326354,-50.0275800178,
    -70.12860299017));
#1457 = CARTESIAN_POINT('',(-30.67964716655,-37.39337609149,
    -53.21501549349));
#1458 = CARTESIAN_POINT('',(-39.04187258293,-44.77102357427,
    -35.80865665334));
#1459 = CARTESIAN_POINT('',(-47.93298009964,-21.93885279023,
    -27.69446660503));
#1460 = CARTESIAN_POINT('',(-40.6274146382,-21.04459145784,
    -8.429467067994));
#1461 = CARTESIAN_POINT('',(-47.12550125989,-17.9789016228,7.));
#1462 = CARTESIAN_POINT('',(-19.42984018938,-62.10709506741,-84.));
#1463 = CARTESIAN_POINT('',(-25.04054917012,-60.9656484793,
    -70.12860299017));
#1464 = CARTESIAN_POINT('',(-19.79877276736,-45.46429866149,
    -53.21501549349));
#1465 = CARTESIAN_POINT('',(-25.19524294501,-57.05813331099,
    -35.80865665334));
#1466 = CARTESIAN_POINT('',(-30.93302135729,-33.75414159647,
    -27.69446660503));
#1467 = CARTESIAN_POINT('',(-26.21845506534,-32.74725368723,
    -8.429467067994));
#1468 = CARTESIAN_POINT('',(-30.41192377437,-31.02237524676,7.));
#1469 = CARTESIAN_POINT('',(-5.442044138928,-65.46570792711,-84.));
#1470 = CARTESIAN_POINT('',(-7.013530349247,-65.31108124762,
    -70.12860299017));
#1471 = CARTESIAN_POINT('',(-5.545377329988,-48.67068300044,
    -53.21501549349));
#1472 = CARTESIAN_POINT('',(-7.056858051178,-61.93950788441,
    -35.80865665334));
#1473 = CARTESIAN_POINT('',(-8.663934750141,-38.44807301026,
    -27.69446660503));
#1474 = CARTESIAN_POINT('',(-7.343446385417,-37.39644125626,
    -8.429467067994));
#1475 = CARTESIAN_POINT('',(-8.517982130688,-36.20423508762,7.));
#1476 = CARTESIAN_POINT('',(8.032902699226,-63.57433856495,-84.));
#1477 = CARTESIAN_POINT('',(10.352545006041,-62.86399408791,
    -70.12860299017));
#1478 = CARTESIAN_POINT('',(8.185430948788,-46.8650396127,
    -53.21501549349));
#1479 = CARTESIAN_POINT('',(10.416500242332,-59.19061043809,
    -35.80865665334));
#1480 = CARTESIAN_POINT('',(12.788677022461,-35.8047323112,
    -27.69446660503));
#1481 = CARTESIAN_POINT('',(10.839528086767,-34.7782976076,
    -8.429467067994));
#1482 = CARTESIAN_POINT('',(12.573239007577,-33.28612235731,7.));
#1483 = CARTESIAN_POINT('',(18.010969692412,-57.70796616706,-84.));
#1484 = CARTESIAN_POINT('',(23.211954796863,-55.27397763993,
    -70.12860299017));
#1485 = CARTESIAN_POINT('',(18.352960847766,-41.26455948448,
    -53.21501549349));
#1486 = CARTESIAN_POINT('',(23.355352006518,-50.6644830577,
    -35.80865665334));
#1487 = CARTESIAN_POINT('',(28.67412725774,-27.60600538819,
    -27.69446660503));
#1488 = CARTESIAN_POINT('',(24.303843724378,-26.65772320123,
    -8.429467067994));
#1489 = CARTESIAN_POINT('',(28.191082996785,-24.23514780062,7.));
#1490 = CARTESIAN_POINT('',(23.000000000001,-49.85398163397,-84.));
#1491 = CARTESIAN_POINT('',(29.641655582451,-45.11235342895,
    -70.12860299017));
#1492 = CARTESIAN_POINT('',(23.436722547972,-33.76655538194,
    -53.21501549349));
#1493 = CARTESIAN_POINT('',(29.824773752856,-39.24957994046,
    -35.80865665334));
#1494 = CARTESIAN_POINT('',(36.61684729896,-16.6294307557,
    -27.69446660503));
#1495 = CARTESIAN_POINT('',(31.035997239739,-15.78578029329,
    -8.429467067994));
#1496 = CARTESIAN_POINT('',(36.000000000009,-12.11757166384,7.));
#1497 = CARTESIAN_POINT('',(23.,-42.,-84.));
#1498 = CARTESIAN_POINT('',(29.641655582445,-34.95073296893,
    -70.12860299017));
#1499 = CARTESIAN_POINT('',(23.436722547953,-26.26855404717,
    -53.21501549349));
#1500 = CARTESIAN_POINT('',(29.824773752888,-27.83468103672,
    -35.80865665334));
#1501 = CARTESIAN_POINT('',(36.616847298916,-5.652860175088,
    -27.69446660503));
#1502 = CARTESIAN_POINT('',(31.035997239754,-4.913841398441,
    -8.429467067994));
#1503 = CARTESIAN_POINT('',(36.,3.467826405124E-15,7.));
#1504 = DEFINITIONAL_REPRESENTATION('',(#1505),#1580);
#1505 = B_SPLINE_CURVE_WITH_KNOTS('',7,(#1506,#1507,#1508,#1509,#1510,
    #1511,#1512,#1513,#1514,#1515,#1516,#1517,#1518,#1519,#1520,#1521,
    #1522,#1523,#1524,#1525,#1526,#1527,#1528,#1529,#1530,#1531,#1532,
    #1533,#1534,#1535,#1536,#1537,#1538,#1539,#1540,#1541,#1542,#1543,
    #1544,#1545,#1546,#1547,#1548,#1549,#1550,#1551,#1552,#1553,#1554,
    #1555,#1556,#1557,#1558,#1559,#1560,#1561,#1562,#1563,#1564,#1565,
    #1566,#1567,#1568,#1569,#1570,#1571,#1572,#1573,#1574,#1575,#1576,
    #1577,#1578,#1579),.UNSPECIFIED.,.F.,.F.,(8,6,6,6,6,6,6,6,6,6,6,6,8)
  ,(0.,0.156290345287,0.209700293946,0.246978913377,0.310443106007,
    0.437861819522,0.622910549232,0.65699732042,0.688538471198,
    0.722554792549,0.826579851202,0.940818227105,1.),.UNSPECIFIED.);
#1506 = CARTESIAN_POINT('',(0.260018983661,2.373009526522E-02));
#1507 = CARTESIAN_POINT('',(0.259789756936,4.100681297299E-02));
#1508 = CARTESIAN_POINT('',(0.259615572583,5.855525605485E-02));
#1509 = CARTESIAN_POINT('',(0.259481031274,7.62943674664E-02));
#1510 = CARTESIAN_POINT('',(0.259375702622,9.415299058496E-02));
#1511 = CARTESIAN_POINT('',(0.259291373034,0.112076569577));
#1512 = CARTESIAN_POINT('',(0.259221766718,0.130030527571));
#1513 = CARTESIAN_POINT('',(0.259141536833,0.154140910232));
#1514 = CARTESIAN_POINT('',(0.259122248859,0.160283425862));
#1515 = CARTESIAN_POINT('',(0.259103912014,0.16642689942));
#1516 = CARTESIAN_POINT('',(0.259086350378,0.172570727958));
#1517 = CARTESIAN_POINT('',(0.259069405727,0.178714427623));
#1518 = CARTESIAN_POINT('',(0.259052935974,0.184857630118));
#1519 = CARTESIAN_POINT('',(0.25902556067,0.195287333241));
#1520 = CARTESIAN_POINT('',(0.259014476916,0.199574208827));
#1521 = CARTESIAN_POINT('',(0.259003519272,0.203860612435));
#1522 = CARTESIAN_POINT('',(0.258992647926,0.208146463207));
#1523 = CARTESIAN_POINT('',(0.258981826332,0.212431692909));
#1524 = CARTESIAN_POINT('',(0.258971021214,0.216716245932));
#1525 = CARTESIAN_POINT('',(0.258941784584,0.228293000265));
#1526 = CARTESIAN_POINT('',(0.258923327164,0.235583816765));
#1527 = CARTESIAN_POINT('',(0.258904681263,0.24287231874));
#1528 = CARTESIAN_POINT('',(0.258885723204,0.250158332956));
#1529 = CARTESIAN_POINT('',(0.258866352691,0.257441713949));
#1530 = CARTESIAN_POINT('',(0.258846490818,0.264722334968));
#1531 = CARTESIAN_POINT('',(0.258785094891,0.286611795123));
#1532 = CARTESIAN_POINT('',(0.258741890503,0.301212193519));
#1533 = CARTESIAN_POINT('',(0.258695984756,0.315799725657));
#1534 = CARTESIAN_POINT('',(0.258647214408,0.330373281375));
#1535 = CARTESIAN_POINT('',(0.258595667987,0.34493191399));
#1536 = CARTESIAN_POINT('',(0.258541619081,0.359474606261));
#1537 = CARTESIAN_POINT('',(0.258403896042,0.395095251174));
#1538 = CARTESIAN_POINT('',(0.258317871576,0.416156184561));
#1539 = CARTESIAN_POINT('',(0.25822858084,0.437178435681));
#1540 = CARTESIAN_POINT('',(0.2581377238,0.458164491208));
#1541 = CARTESIAN_POINT('',(0.258047050647,0.479121964317));
#1542 = CARTESIAN_POINT('',(0.257958126812,0.500062341748));
#1543 = CARTESIAN_POINT('',(0.257856447198,0.524856897419));
#1544 = CARTESIAN_POINT('',(0.257840734528,0.528713659905));
#1545 = CARTESIAN_POINT('',(0.25782513375,0.532570461325));
#1546 = CARTESIAN_POINT('',(0.25780965273,0.536427401068));
#1547 = CARTESIAN_POINT('',(0.257794299017,0.540284580718));
#1548 = CARTESIAN_POINT('',(0.257779079843,0.544142104056));
#1549 = CARTESIAN_POINT('',(0.257750050411,0.551569934336));
#1550 = CARTESIAN_POINT('',(0.257736219809,0.555140175754));
#1551 = CARTESIAN_POINT('',(0.257722515787,0.55871088528));
#1552 = CARTESIAN_POINT('',(0.257708943564,0.562282146703));
#1553 = CARTESIAN_POINT('',(0.257695508104,0.565854043627));
#1554 = CARTESIAN_POINT('',(0.257682214117,0.569426659476));
#1555 = CARTESIAN_POINT('',(0.257654886212,0.576853917081));
#1556 = CARTESIAN_POINT('',(0.257640876089,0.580708688463));
#1557 = CARTESIAN_POINT('',(0.257627041278,0.584564496321));
#1558 = CARTESIAN_POINT('',(0.257613386998,0.588421442247));
#1559 = CARTESIAN_POINT('',(0.257599918099,0.592279624743));
#1560 = CARTESIAN_POINT('',(0.257586639062,0.596139139221));
#1561 = CARTESIAN_POINT('',(0.25753353866,0.611807186102));
#1562 = CARTESIAN_POINT('',(0.257495337662,0.623627499266));
#1563 = CARTESIAN_POINT('',(0.257459067499,0.635463833116));
#1564 = CARTESIAN_POINT('',(0.257424812092,0.647318313713));
#1565 = CARTESIAN_POINT('',(0.257392619124,0.659192313593));
#1566 = CARTESIAN_POINT('',(0.25736249421,0.671086369169));
#1567 = CARTESIAN_POINT('',(0.257303532599,0.696083493559));
#1568 = CARTESIAN_POINT('',(0.257275112121,0.709190906805));
#1569 = CARTESIAN_POINT('',(0.257249074527,0.722320949004));
#1570 = CARTESIAN_POINT('',(0.257225289285,0.735471139206));
#1571 = CARTESIAN_POINT('',(0.257203537686,0.74863782973));
#1572 = CARTESIAN_POINT('',(0.257183498878,0.761816168596));
#1573 = CARTESIAN_POINT('',(0.257155016615,0.781830073051));
#1574 = CARTESIAN_POINT('',(0.257145639087,0.788661693267));
#1575 = CARTESIAN_POINT('',(0.257136543326,0.795494153296));
#1576 = CARTESIAN_POINT('',(0.257127660182,0.80232672393));
#1577 = CARTESIAN_POINT('',(0.25711891179,0.809158739462));
#1578 = CARTESIAN_POINT('',(0.257110211389,0.815989602679));
#1579 = CARTESIAN_POINT('',(0.257101463124,0.822818789865));
#1580 = ( GEOMETRIC_REPRESENTATION_CONTEXT(2) 
PARAMETRIC_REPRESENTATION_CONTEXT() REPRESENTATION_CONTEXT('2D SPACE',''
  ) );
#1581 = ORIENTED_EDGE('',*,*,#1582,.T.);
#1582 = EDGE_CURVE('',#1221,#1583,#1585,.T.);
#1583 = VERTEX_POINT('',#1584);
#1584 = CARTESIAN_POINT('',(1.5,-22.87625746381,-82.));
#1585 = SURFACE_CURVE('',#1586,(#1592,#1600),.PCURVE_S1.);
#1586 = B_SPLINE_CURVE_WITH_KNOTS('',4,(#1587,#1588,#1589,#1590,#1591),
  .UNSPECIFIED.,.F.,.F.,(5,5),(0.,1.),.PIECEWISE_BEZIER_KNOTS.);
#1587 = CARTESIAN_POINT('',(-1.5,-22.87625746282,-82.));
#1588 = CARTESIAN_POINT('',(-0.750574346923,-22.84030796336,-82.));
#1589 = CARTESIAN_POINT('',(1.675259930778E-11,-22.82834644322,-82.));
#1590 = CARTESIAN_POINT('',(0.750574346943,-22.84030796393,-82.));
#1591 = CARTESIAN_POINT('',(1.5,-22.87625746381,-82.));
#1592 = PCURVE('',#71,#1593);
#1593 = DEFINITIONAL_REPRESENTATION('',(#1594),#1599);
#1594 = B_SPLINE_CURVE_WITH_KNOTS('',3,(#1595,#1596,#1597,#1598),
  .UNSPECIFIED.,.F.,.F.,(4,4),(0.,1.),.PIECEWISE_BEZIER_KNOTS.);
#1595 = CARTESIAN_POINT('',(0.260018983661,2.373009526522E-02));
#1596 = CARTESIAN_POINT('',(0.253335949173,2.373009527104E-02));
#1597 = CARTESIAN_POINT('',(0.246664050804,2.373009527105E-02));
#1598 = CARTESIAN_POINT('',(0.239981016318,2.373009526522E-02));
#1599 = ( GEOMETRIC_REPRESENTATION_CONTEXT(2) 
PARAMETRIC_REPRESENTATION_CONTEXT() REPRESENTATION_CONTEXT('2D SPACE',''
  ) );
#1600 = PCURVE('',#1398,#1601);
#1601 = DEFINITIONAL_REPRESENTATION('',(#1602),#1608);
#1602 = B_SPLINE_CURVE_WITH_KNOTS('',4,(#1603,#1604,#1605,#1606,#1607),
  .UNSPECIFIED.,.F.,.F.,(5,5),(0.,1.),.PIECEWISE_BEZIER_KNOTS.);
#1603 = CARTESIAN_POINT('',(0.260018983661,2.373009526522E-02));
#1604 = CARTESIAN_POINT('',(0.255006705363,2.373009526522E-02));
#1605 = CARTESIAN_POINT('',(0.249999999989,2.373009526522E-02));
#1606 = CARTESIAN_POINT('',(0.244993294615,2.373009526522E-02));
#1607 = CARTESIAN_POINT('',(0.239981016318,2.373009526522E-02));
#1608 = ( GEOMETRIC_REPRESENTATION_CONTEXT(2) 
PARAMETRIC_REPRESENTATION_CONTEXT() REPRESENTATION_CONTEXT('2D SPACE',''
  ) );
#1609 = ORIENTED_EDGE('',*,*,#1610,.T.);
#1610 = EDGE_CURVE('',#1583,#1611,#1613,.T.);
#1611 = VERTEX_POINT('',#1612);
#1612 = CARTESIAN_POINT('',(1.5,19.899644003638,-10.));
#1613 = SURFACE_CURVE('',#1614,(#1689,#1785),.PCURVE_S1.);
#1614 = B_SPLINE_CURVE_WITH_KNOTS('',7,(#1615,#1616,#1617,#1618,#1619,
    #1620,#1621,#1622,#1623,#1624,#1625,#1626,#1627,#1628,#1629,#1630,
    #1631,#1632,#1633,#1634,#1635,#1636,#1637,#1638,#1639,#1640,#1641,
    #1642,#1643,#1644,#1645,#1646,#1647,#1648,#1649,#1650,#1651,#1652,
    #1653,#1654,#1655,#1656,#1657,#1658,#1659,#1660,#1661,#1662,#1663,
    #1664,#1665,#1666,#1667,#1668,#1669,#1670,#1671,#1672,#1673,#1674,
    #1675,#1676,#1677,#1678,#1679,#1680,#1681,#1682,#1683,#1684,#1685,
    #1686,#1687,#1688),.UNSPECIFIED.,.F.,.F.,(8,6,6,6,6,6,6,6,6,6,6,6,8)
  ,(0.,0.156290345287,0.209700293946,0.246978913377,0.310443106007,
    0.437861819522,0.622910549233,0.65699732042,0.688538471198,
    0.722554792549,0.826579851202,0.940818227105,1.),.UNSPECIFIED.);
#1615 = CARTESIAN_POINT('',(1.5,-22.87625746381,-82.));
#1616 = CARTESIAN_POINT('',(1.5,-21.71982630785,-80.52625210817));
#1617 = CARTESIAN_POINT('',(1.5,-20.63049033011,-79.00030695055));
#1618 = CARTESIAN_POINT('',(1.5,-19.60481910643,-77.43046793238));
#1619 = CARTESIAN_POINT('',(1.5,-18.63502856969,-75.82591966624));
#1620 = CARTESIAN_POINT('',(1.5,-17.71089399738,-74.19558839332));
#1621 = CARTESIAN_POINT('',(1.5,-16.8218329871,-72.54683871576));
#1622 = CARTESIAN_POINT('',(1.5,-15.66204771757,-70.31727698562));
#1623 = CARTESIAN_POINT('',(1.5,-15.36954213352,-69.74791548318));
#1624 = CARTESIAN_POINT('',(1.5,-15.07951547374,-69.17728507229));
#1625 = CARTESIAN_POINT('',(1.5,-14.79156931423,-68.60560404104));
#1626 = CARTESIAN_POINT('',(1.5,-14.5053176341,-68.03307712214));
#1627 = CARTESIAN_POINT('',(1.5,-14.22038880391,-67.45989448551));
#1628 = CARTESIAN_POINT('',(1.5,-13.73823074221,-66.48582980702));
#1629 = CARTESIAN_POINT('',(1.5,-13.5405058427,-66.0851955137));
#1630 = CARTESIAN_POINT('',(1.5,-13.34313214532,-65.68438801472));
#1631 = CARTESIAN_POINT('',(1.5,-13.14599351055,-65.28346492288));
#1632 = CARTESIAN_POINT('',(1.5,-12.94897838962,-64.8824813001));
#1633 = CARTESIAN_POINT('',(1.5,-12.75197982455,-64.48148965735));
#1634 = CARTESIAN_POINT('',(1.5,-12.21937334398,-63.39795166276));
#1635 = CARTESIAN_POINT('',(1.5,-11.88360358069,-62.71548645878));
#1636 = CARTESIAN_POINT('',(1.5,-11.54708136965,-62.03339000836));
#1637 = CARTESIAN_POINT('',(1.5,-11.20934511357,-61.35189124637));
#1638 = CARTESIAN_POINT('',(1.5,-10.86997707522,-60.67120204786));
#1639 = CARTESIAN_POINT('',(1.5,-10.52860404622,-59.99151689896));
#1640 = CARTESIAN_POINT('',(1.5,-9.494830461158,-57.95076173916));
#1641 = CARTESIAN_POINT('',(1.5,-8.795345360944,-56.59324475592));
#1642 = CARTESIAN_POINT('',(1.5,-8.083814238895,-55.24194944626));
#1643 = CARTESIAN_POINT('',(1.5,-7.358327724661,-53.89805170365));
#1644 = CARTESIAN_POINT('',(1.5,-6.617698230168,-52.56241432904));
#1645 = CARTESIAN_POINT('',(1.5,-5.861436504944,-51.23559990999));
#1646 = CARTESIAN_POINT('',(1.5,-3.968921042055,-48.00421405045));
#1647 = CARTESIAN_POINT('',(1.5,-2.815395582341,-46.10956038841));
#1648 = CARTESIAN_POINT('',(1.5,-1.629628573669,-44.2348758702));
#1649 = CARTESIAN_POINT('',(1.5,-0.414594418933,-42.37914189187));
#1650 = CARTESIAN_POINT('',(1.5,0.82470076176,-40.53967271072));
#1651 = CARTESIAN_POINT('',(1.5,2.08176831929,-38.71247363616));
#1652 = CARTESIAN_POINT('',(1.5,3.582590195941,-36.55733437202));
#1653 = CARTESIAN_POINT('',(1.5,3.816396163868,-36.22234485971));
#1654 = CARTESIAN_POINT('',(1.5,4.050507169119,-35.88756839517));
#1655 = CARTESIAN_POINT('',(1.5,4.284875778058,-35.55297228974));
#1656 = CARTESIAN_POINT('',(1.5,4.519453539835,-35.21852291843));
#1657 = CARTESIAN_POINT('',(1.5,4.75419098638,-34.88418571993));
#1658 = CARTESIAN_POINT('',(1.5,5.206345790803,-34.24062744856));
#1659 = CARTESIAN_POINT('',(1.5,5.423747491378,-33.93139547183));
#1660 = CARTESIAN_POINT('',(1.5,5.641202747225,-33.62220114583));
#1661 = CARTESIAN_POINT('',(1.5,5.858670983658,-33.31301594414));
#1662 = CARTESIAN_POINT('',(1.5,6.076111038222,-33.00381093451));
#1663 = CARTESIAN_POINT('',(1.5,6.293481160687,-32.69455677887));
#1664 = CARTESIAN_POINT('',(1.5,6.745046029119,-32.05161598525));
#1665 = CARTESIAN_POINT('',(1.5,6.979222517017,-31.71791664659));
#1666 = CARTESIAN_POINT('',(1.5,7.213215342461,-31.38408836224));
#1667 = CARTESIAN_POINT('',(1.5,7.446970809266,-31.05009367083));
#1668 = CARTESIAN_POINT('',(1.5,7.680434659348,-30.71589500473));
#1669 = CARTESIAN_POINT('',(1.5,7.913552072726,-30.38145469001));
#1670 = CARTESIAN_POINT('',(1.5,8.857933492523,-29.0231309949));
#1671 = CARTESIAN_POINT('',(1.5,9.565835361336,-27.99692418183));
#1672 = CARTESIAN_POINT('',(1.5,10.268405321057,-26.96702140697));
#1673 = CARTESIAN_POINT('',(1.5,10.964022109306,-25.93236719786));
#1674 = CARTESIAN_POINT('',(1.5,11.651051315065,-24.89197062171));
#1675 = CARTESIAN_POINT('',(1.5,12.327905903593,-23.84494583764));
#1676 = CARTESIAN_POINT('',(1.5,13.723660600883,-21.6326663684));
#1677 = CARTESIAN_POINT('',(1.5,14.440180528265,-20.46587035021));
#1678 = CARTESIAN_POINT('',(1.5,15.140708007663,-19.28929033956));
#1679 = CARTESIAN_POINT('',(1.5,15.823467267128,-18.10224879231));
#1680 = CARTESIAN_POINT('',(1.5,16.487030536254,-16.90436114444));
#1681 = CARTESIAN_POINT('',(1.5,17.130479121868,-15.6956282373));
#1682 = CARTESIAN_POINT('',(1.5,18.076381596504,-13.84498290715));
#1683 = CARTESIAN_POINT('',(1.5,18.39372795915,-13.21063549268));
#1684 = CARTESIAN_POINT('',(1.5,18.705589484861,-12.5735586302));
#1685 = CARTESIAN_POINT('',(1.5,19.011991867096,-11.93383599561));
#1686 = CARTESIAN_POINT('',(1.5,19.31302168932,-11.29157497096));
#1687 = CARTESIAN_POINT('',(1.5,19.608831352672,-10.64690900937));
#1688 = CARTESIAN_POINT('',(1.5,19.899644003638,-10.));
#1689 = PCURVE('',#71,#1690);
#1690 = DEFINITIONAL_REPRESENTATION('',(#1691),#1784);
#1691 = B_SPLINE_CURVE_WITH_KNOTS('',7,(#1692,#1693,#1694,#1695,#1696,
    #1697,#1698,#1699,#1700,#1701,#1702,#1703,#1704,#1705,#1706,#1707,
    #1708,#1709,#1710,#1711,#1712,#1713,#1714,#1715,#1716,#1717,#1718,
    #1719,#1720,#1721,#1722,#1723,#1724,#1725,#1726,#1727,#1728,#1729,
    #1730,#1731,#1732,#1733,#1734,#1735,#1736,#1737,#1738,#1739,#1740,
    #1741,#1742,#1743,#1744,#1745,#1746,#1747,#1748,#1749,#1750,#1751,
    #1752,#1753,#1754,#1755,#1756,#1757,#1758,#1759,#1760,#1761,#1762,
    #1763,#1764,#1765,#1766,#1767,#1768,#1769,#1770,#1771,#1772,#1773,
    #1774,#1775,#1776,#1777,#1778,#1779,#1780,#1781,#1782,#1783),
  .UNSPECIFIED.,.F.,.F.,(8,6,6,6,6,6,6,6,6,6,6,6,6,6,6,8),(0.,0.125,
    0.15234375,0.205322265625,0.304656982422,0.391574859619,
    0.429601430893,0.465251341462,0.598938506097,0.649071192835,
    0.736803394626,0.802602545969,0.851951909477,0.925975954739,
    0.962987977369,1.),.UNSPECIFIED.);
#1692 = CARTESIAN_POINT('',(0.239981016318,2.373009526522E-02));
#1693 = CARTESIAN_POINT('',(0.240164349551,3.754790218113E-02));
#1694 = CARTESIAN_POINT('',(0.240312478747,5.153952158396E-02));
#1695 = CARTESIAN_POINT('',(0.24043326386,6.566348856848E-02));
#1696 = CARTESIAN_POINT('',(0.240532585268,7.988238162817E-02));
#1697 = CARTESIAN_POINT('',(0.240615112179,9.41650291106E-02));
#1698 = CARTESIAN_POINT('',(0.240684713376,0.108487820269));
#1699 = CARTESIAN_POINT('',(0.240757591051,0.125973592839));
#1700 = CARTESIAN_POINT('',(0.240770202917,0.129113237603));
#1701 = CARTESIAN_POINT('',(0.240782378692,0.132253891323));
#1702 = CARTESIAN_POINT('',(0.240794149682,0.1353954086));
#1703 = CARTESIAN_POINT('',(0.240805545733,0.138537662512));
#1704 = CARTESIAN_POINT('',(0.240816595235,0.141680544618));
#1705 = CARTESIAN_POINT('',(0.240848114325,0.150914347298));
#1706 = CARTESIAN_POINT('',(0.240867703957,0.157006765362));
#1707 = CARTESIAN_POINT('',(0.240886289626,0.163100265833));
#1708 = CARTESIAN_POINT('',(0.240904048685,0.169194347163));
#1709 = CARTESIAN_POINT('',(0.240921140816,0.175288531286));
#1710 = CARTESIAN_POINT('',(0.240937709447,0.181382313453));
#1711 = CARTESIAN_POINT('',(0.240984211087,0.198900198848));
#1712 = CARTESIAN_POINT('',(0.241013152938,0.21032264797));
#1713 = CARTESIAN_POINT('',(0.241041558464,0.22174087657));
#1714 = CARTESIAN_POINT('',(0.241070098802,0.233153768956));
#1715 = CARTESIAN_POINT('',(0.241099287098,0.244560719983));
#1716 = CARTESIAN_POINT('',(0.241129498312,0.255961300312));
#1717 = CARTESIAN_POINT('',(0.241188543294,0.277324341037));
#1718 = CARTESIAN_POINT('',(0.241217076893,0.287288474981));
#1719 = CARTESIAN_POINT('',(0.241246761967,0.297247302429));
#1720 = CARTESIAN_POINT('',(0.24127769722,0.307199753253));
#1721 = CARTESIAN_POINT('',(0.241309923777,0.317146076754));
#1722 = CARTESIAN_POINT('',(0.241343428834,0.327085566106));
#1723 = CARTESIAN_POINT('',(0.241393353323,0.341363496373));
#1724 = CARTESIAN_POINT('',(0.241408784108,0.345707604216));
#1725 = CARTESIAN_POINT('',(0.241424445009,0.350050335192));
#1726 = CARTESIAN_POINT('',(0.241440328841,0.354391659693));
#1727 = CARTESIAN_POINT('',(0.241456428417,0.358731548109));
#1728 = CARTESIAN_POINT('',(0.241472736552,0.363069970834));
#1729 = CARTESIAN_POINT('',(0.241504722544,0.371472767157));
#1730 = CARTESIAN_POINT('',(0.241520373923,0.375537331811));
#1731 = CARTESIAN_POINT('',(0.241536191784,0.379600424101));
#1732 = CARTESIAN_POINT('',(0.241552169583,0.383662557735));
#1733 = CARTESIAN_POINT('',(0.241568295621,0.387723088099));
#1734 = CARTESIAN_POINT('',(0.241584561658,0.391782421057));
#1735 = CARTESIAN_POINT('',(0.241662437709,0.411057733285));
#1736 = CARTESIAN_POINT('',(0.241725738849,0.426256256919));
#1737 = CARTESIAN_POINT('',(0.241790308774,0.441435755621));
#1738 = CARTESIAN_POINT('',(0.241855528556,0.456597671323));
#1739 = CARTESIAN_POINT('',(0.241920759996,0.471744825357));
#1740 = CARTESIAN_POINT('',(0.241985393882,0.486881163063));
#1741 = CARTESIAN_POINT('',(0.24207271216,0.507685377706));
#1742 = CARTESIAN_POINT('',(0.24209636665,0.513358382027));
#1743 = CARTESIAN_POINT('',(0.242119833873,0.519030946141));
#1744 = CARTESIAN_POINT('',(0.242143084491,0.524702826477));
#1745 = CARTESIAN_POINT('',(0.242166095807,0.530375142265));
#1746 = CARTESIAN_POINT('',(0.242188841098,0.536047662176));
#1747 = CARTESIAN_POINT('',(0.242250598571,0.551649151396));
#1748 = CARTESIAN_POINT('',(0.242289016112,0.561579549868));
#1749 = CARTESIAN_POINT('',(0.242326428043,0.57151387192));
#1750 = CARTESIAN_POINT('',(0.242362725936,0.581453975711));
#1751 = CARTESIAN_POINT('',(0.2423978168,0.591401692393));
#1752 = CARTESIAN_POINT('',(0.242431623998,0.601358682576));
#1753 = CARTESIAN_POINT('',(0.242488436179,0.618802008265));
#1754 = CARTESIAN_POINT('',(0.242512029246,0.626283720359));
#1755 = CARTESIAN_POINT('',(0.242534841817,0.633772054306));
#1756 = CARTESIAN_POINT('',(0.242556854585,0.641267509084));
#1757 = CARTESIAN_POINT('',(0.242578054482,0.648770457428));
#1758 = CARTESIAN_POINT('',(0.242598434676,0.656281145833));
#1759 = CARTESIAN_POINT('',(0.24263266459,0.669438604686));
#1760 = CARTESIAN_POINT('',(0.242646873419,0.67508192669));
#1761 = CARTESIAN_POINT('',(0.242660621255,0.680729766367));
#1762 = CARTESIAN_POINT('',(0.242673909937,0.686381879654));
#1763 = CARTESIAN_POINT('',(0.242686745406,0.692038759642));
#1764 = CARTESIAN_POINT('',(0.242699133848,0.697699747413));
#1765 = CARTESIAN_POINT('',(0.242729013771,0.711862557235));
#1766 = CARTESIAN_POINT('',(0.242745960762,0.720369442253));
#1767 = CARTESIAN_POINT('',(0.242761959322,0.728884889599));
#1768 = CARTESIAN_POINT('',(0.242777058919,0.737408050495));
#1769 = CARTESIAN_POINT('',(0.242791326106,0.74593786718));
#1770 = CARTESIAN_POINT('',(0.242804844522,0.754473072906));
#1771 = CARTESIAN_POINT('',(0.242824150243,0.767281745186));
#1772 = CARTESIAN_POINT('',(0.24283042392,0.771552313955));
#1773 = CARTESIAN_POINT('',(0.242836548592,0.775823587533));
#1774 = CARTESIAN_POINT('',(0.242842538511,0.780095500245));
#1775 = CARTESIAN_POINT('',(0.242848409074,0.784367907014));
#1776 = CARTESIAN_POINT('',(0.242854176807,0.788640545336));
#1777 = CARTESIAN_POINT('',(0.242865542723,0.797186021395));
#1778 = CARTESIAN_POINT('',(0.242871140904,0.801458852086));
#1779 = CARTESIAN_POINT('',(0.242876672279,0.805731604936));
#1780 = CARTESIAN_POINT('',(0.242882156184,0.810004119647));
#1781 = CARTESIAN_POINT('',(0.242887613314,0.814276246448));
#1782 = CARTESIAN_POINT('',(0.24289306573,0.818547846093));
#1783 = CARTESIAN_POINT('',(0.242898536854,0.822818789865));
#1784 = ( GEOMETRIC_REPRESENTATION_CONTEXT(2) 
PARAMETRIC_REPRESENTATION_CONTEXT() REPRESENTATION_CONTEXT('2D SPACE',''
  ) );
#1785 = PCURVE('',#1398,#1786);
#1786 = DEFINITIONAL_REPRESENTATION('',(#1787),#1862);
#1787 = B_SPLINE_CURVE_WITH_KNOTS('',7,(#1788,#1789,#1790,#1791,#1792,
    #1793,#1794,#1795,#1796,#1797,#1798,#1799,#1800,#1801,#1802,#1803,
    #1804,#1805,#1806,#1807,#1808,#1809,#1810,#1811,#1812,#1813,#1814,
    #1815,#1816,#1817,#1818,#1819,#1820,#1821,#1822,#1823,#1824,#1825,
    #1826,#1827,#1828,#1829,#1830,#1831,#1832,#1833,#1834,#1835,#1836,
    #1837,#1838,#1839,#1840,#1841,#1842,#1843,#1844,#1845,#1846,#1847,
    #1848,#1849,#1850,#1851,#1852,#1853,#1854,#1855,#1856,#1857,#1858,
    #1859,#1860,#1861),.UNSPECIFIED.,.F.,.F.,(8,6,6,6,6,6,6,6,6,6,6,6,8)
  ,(0.,0.156290345287,0.209700293946,0.246978913377,0.310443106007,
    0.437861819522,0.622910549233,0.65699732042,0.688538471198,
    0.722554792549,0.826579851202,0.940818227105,1.),.UNSPECIFIED.);
#1788 = CARTESIAN_POINT('',(0.239981016318,2.373009526522E-02));
#1789 = CARTESIAN_POINT('',(0.240210243043,4.1006812973E-02));
#1790 = CARTESIAN_POINT('',(0.240384427395,5.855525605486E-02));
#1791 = CARTESIAN_POINT('',(0.240518968705,7.629436746645E-02));
#1792 = CARTESIAN_POINT('',(0.240624297357,9.415299058492E-02));
#1793 = CARTESIAN_POINT('',(0.240708626945,0.112076569577));
#1794 = CARTESIAN_POINT('',(0.240778233261,0.130030527571));
#1795 = CARTESIAN_POINT('',(0.240858463146,0.154140910232));
#1796 = CARTESIAN_POINT('',(0.24087775112,0.160283425862));
#1797 = CARTESIAN_POINT('',(0.240896087964,0.16642689942));
#1798 = CARTESIAN_POINT('',(0.240913649601,0.172570727958));
#1799 = CARTESIAN_POINT('',(0.240930594252,0.178714427623));
#1800 = CARTESIAN_POINT('',(0.240947064004,0.184857630118));
#1801 = CARTESIAN_POINT('',(0.240974439309,0.195287333241));
#1802 = CARTESIAN_POINT('',(0.240985523063,0.199574208827));
#1803 = CARTESIAN_POINT('',(0.240996480706,0.203860612435));
#1804 = CARTESIAN_POINT('',(0.241007352053,0.208146463207));
#1805 = CARTESIAN_POINT('',(0.241018173647,0.212431692909));
#1806 = CARTESIAN_POINT('',(0.241028978765,0.216716245932));
#1807 = CARTESIAN_POINT('',(0.241058215394,0.228293000265));
#1808 = CARTESIAN_POINT('',(0.241076672814,0.235583816765));
#1809 = CARTESIAN_POINT('',(0.241095318716,0.24287231874));
#1810 = CARTESIAN_POINT('',(0.241114276775,0.250158332956));
#1811 = CARTESIAN_POINT('',(0.241133647287,0.257441713949));
#1812 = CARTESIAN_POINT('',(0.241153509161,0.264722334968));
#1813 = CARTESIAN_POINT('',(0.241214905088,0.286611795123));
#1814 = CARTESIAN_POINT('',(0.241258109476,0.301212193519));
#1815 = CARTESIAN_POINT('',(0.241304015223,0.315799725657));
#1816 = CARTESIAN_POINT('',(0.241352785571,0.330373281375));
#1817 = CARTESIAN_POINT('',(0.241404331992,0.34493191399));
#1818 = CARTESIAN_POINT('',(0.241458380898,0.359474606261));
#1819 = CARTESIAN_POINT('',(0.241596103936,0.395095251174));
#1820 = CARTESIAN_POINT('',(0.241682128403,0.416156184561));
#1821 = CARTESIAN_POINT('',(0.241771419139,0.437178435682));
#1822 = CARTESIAN_POINT('',(0.241862276178,0.458164491207));
#1823 = CARTESIAN_POINT('',(0.241952949331,0.479121964317));
#1824 = CARTESIAN_POINT('',(0.242041873167,0.500062341748));
#1825 = CARTESIAN_POINT('',(0.242143552781,0.524856897419));
#1826 = CARTESIAN_POINT('',(0.24215926545,0.528713659905));
#1827 = CARTESIAN_POINT('',(0.242174866228,0.532570461325));
#1828 = CARTESIAN_POINT('',(0.242190347248,0.536427401068));
#1829 = CARTESIAN_POINT('',(0.242205700961,0.540284580718));
#1830 = CARTESIAN_POINT('',(0.242220920136,0.544142104056));
#1831 = CARTESIAN_POINT('',(0.242249949567,0.551569934336));
#1832 = CARTESIAN_POINT('',(0.24226378017,0.555140175754));
#1833 = CARTESIAN_POINT('',(0.242277484192,0.55871088528));
#1834 = CARTESIAN_POINT('',(0.242291056415,0.562282146703));
#1835 = CARTESIAN_POINT('',(0.242304491874,0.565854043627));
#1836 = CARTESIAN_POINT('',(0.242317785861,0.569426659476));
#1837 = CARTESIAN_POINT('',(0.242345113766,0.576853917081));
#1838 = CARTESIAN_POINT('',(0.242359123889,0.580708688463));
#1839 = CARTESIAN_POINT('',(0.2423729587,0.584564496321));
#1840 = CARTESIAN_POINT('',(0.24238661298,0.588421442247));
#1841 = CARTESIAN_POINT('',(0.242400081879,0.592279624743));
#1842 = CARTESIAN_POINT('',(0.242413360916,0.596139139221));
#1843 = CARTESIAN_POINT('',(0.242466461319,0.611807186102));
#1844 = CARTESIAN_POINT('',(0.242504662316,0.623627499265));
#1845 = CARTESIAN_POINT('',(0.24254093248,0.635463833116));
#1846 = CARTESIAN_POINT('',(0.242575187886,0.647318313713));
#1847 = CARTESIAN_POINT('',(0.242607380854,0.659192313593));
#1848 = CARTESIAN_POINT('',(0.242637505769,0.671086369169));
#1849 = CARTESIAN_POINT('',(0.24269646738,0.696083493559));
#1850 = CARTESIAN_POINT('',(0.242724887857,0.709190906805));
#1851 = CARTESIAN_POINT('',(0.242750925451,0.722320949004));
#1852 = CARTESIAN_POINT('',(0.242774710693,0.735471139206));
#1853 = CARTESIAN_POINT('',(0.242796462292,0.74863782973));
#1854 = CARTESIAN_POINT('',(0.2428165011,0.761816168596));
#1855 = CARTESIAN_POINT('',(0.242844983364,0.781830073051));
#1856 = CARTESIAN_POINT('',(0.242854360891,0.788661693267));
#1857 = CARTESIAN_POINT('',(0.242863456652,0.795494153296));
#1858 = CARTESIAN_POINT('',(0.242872339797,0.80232672393));
#1859 = CARTESIAN_POINT('',(0.242881088188,0.809158739462));
#1860 = CARTESIAN_POINT('',(0.242889788589,0.815989602679));
#1861 = CARTESIAN_POINT('',(0.242898536854,0.822818789865));
#1862 = ( GEOMETRIC_REPRESENTATION_CONTEXT(2) 
PARAMETRIC_REPRESENTATION_CONTEXT() REPRESENTATION_CONTEXT('2D SPACE',''
  ) );
#1863 = ORIENTED_EDGE('',*,*,#1864,.F.);
#1864 = EDGE_CURVE('',#1223,#1611,#1865,.T.);
#1865 = SURFACE_CURVE('',#1866,(#1872,#1880),.PCURVE_S1.);
#1866 = B_SPLINE_CURVE_WITH_KNOTS('',4,(#1867,#1868,#1869,#1870,#1871),
  .UNSPECIFIED.,.F.,.F.,(5,5),(0.,1.),.PIECEWISE_BEZIER_KNOTS.);
#1867 = CARTESIAN_POINT('',(-1.5,19.899644004642,-10.));
#1868 = CARTESIAN_POINT('',(-0.750278227288,19.924663331057,-10.));
#1869 = CARTESIAN_POINT('',(1.152500317403E-11,19.932994633844,-10.));
#1870 = CARTESIAN_POINT('',(0.750278227304,19.924663330516,-10.));
#1871 = CARTESIAN_POINT('',(1.5,19.899644003638,-10.));
#1872 = PCURVE('',#71,#1873);
#1873 = DEFINITIONAL_REPRESENTATION('',(#1874),#1879);
#1874 = B_SPLINE_CURVE_WITH_KNOTS('',3,(#1875,#1876,#1877,#1878),
  .UNSPECIFIED.,.F.,.F.,(4,4),(0.,1.),.PIECEWISE_BEZIER_KNOTS.);
#1875 = CARTESIAN_POINT('',(0.257101463124,0.822818789865));
#1876 = CARTESIAN_POINT('',(0.252365768044,0.822818789865));
#1877 = CARTESIAN_POINT('',(0.247634231934,0.822818789865));
#1878 = CARTESIAN_POINT('',(0.242898536854,0.822818789865));
#1879 = ( GEOMETRIC_REPRESENTATION_CONTEXT(2) 
PARAMETRIC_REPRESENTATION_CONTEXT() REPRESENTATION_CONTEXT('2D SPACE',''
  ) );
#1880 = PCURVE('',#1398,#1881);
#1881 = DEFINITIONAL_REPRESENTATION('',(#1882),#1888);
#1882 = B_SPLINE_CURVE_WITH_KNOTS('',4,(#1883,#1884,#1885,#1886,#1887),
  .UNSPECIFIED.,.F.,.F.,(5,5),(0.,1.),.PIECEWISE_BEZIER_KNOTS.);
#1883 = CARTESIAN_POINT('',(0.257101463124,0.822818789865));
#1884 = CARTESIAN_POINT('',(0.253549691351,0.822818789865));
#1885 = CARTESIAN_POINT('',(0.249999999989,0.822818789865));
#1886 = CARTESIAN_POINT('',(0.246450308627,0.822818789865));
#1887 = CARTESIAN_POINT('',(0.242898536854,0.822818789865));
#1888 = ( GEOMETRIC_REPRESENTATION_CONTEXT(2) 
PARAMETRIC_REPRESENTATION_CONTEXT() REPRESENTATION_CONTEXT('2D SPACE',''
  ) );
#1889 = FACE_BOUND('',#1890,.T.);
#1890 = EDGE_LOOP('',(#1891,#2036));
#1891 = ORIENTED_EDGE('',*,*,#1892,.T.);
#1892 = EDGE_CURVE('',#1893,#1895,#1897,.T.);
#1893 = VERTEX_POINT('',#1894);
#1894 = CARTESIAN_POINT('',(13.446983155262,-53.02794498681,-72.));
#1895 = VERTEX_POINT('',#1896);
#1896 = CARTESIAN_POINT('',(8.004021063433,-54.91675806146,-72.));
#1897 = SURFACE_CURVE('',#1898,(#1929,#1980),.PCURVE_S1.);
#1898 = B_SPLINE_CURVE_WITH_KNOTS('',8,(#1899,#1900,#1901,#1902,#1903,
    #1904,#1905,#1906,#1907,#1908,#1909,#1910,#1911,#1912,#1913,#1914,
    #1915,#1916,#1917,#1918,#1919,#1920,#1921,#1922,#1923,#1924,#1925,
    #1926,#1927,#1928),.UNSPECIFIED.,.F.,.F.,(9,7,7,7,9),(
    3.548211523847E-07,0.46756774697,1.,1.63831696219,3.766555991823),
  .UNSPECIFIED.);
#1899 = CARTESIAN_POINT('',(13.446983155262,-53.02794498681,-72.));
#1900 = CARTESIAN_POINT('',(13.39267981704,-53.08789765031,
    -72.09883163051));
#1901 = CARTESIAN_POINT('',(13.336188849049,-53.14841015707,
    -72.19685859683));
#1902 = CARTESIAN_POINT('',(13.27734499867,-53.20951010173,
    -72.29400319535));
#1903 = CARTESIAN_POINT('',(13.215972131567,-53.27121916699,
    -72.39016366579));
#1904 = CARTESIAN_POINT('',(13.15187285873,-53.33355486288,
    -72.48520996869));
#1905 = CARTESIAN_POINT('',(13.08481816352,-53.39653226588,
    -72.57897956291));
#1906 = CARTESIAN_POINT('',(13.014537028713,-53.4601657582,
    -72.67127318311));
#1907 = CARTESIAN_POINT('',(12.856632649123,-53.59769670451,
    -72.86499371097));
#1908 = CARTESIAN_POINT('',(12.768058306197,-53.6717063626,
    -72.96579013937));
#1909 = CARTESIAN_POINT('',(12.674408312321,-53.74660456582,
    -73.06400184819));
#1910 = CARTESIAN_POINT('',(12.575108224837,-53.82240853076,
    -73.15917870552));
#1911 = CARTESIAN_POINT('',(12.469561977306,-53.89904606061,
    -73.25064444152));
#1912 = CARTESIAN_POINT('',(12.357129975932,-53.97635373979,
    -73.33748258817));
#1913 = CARTESIAN_POINT('',(12.237107195993,-54.05407512859,
    -73.41852241893));
#1914 = CARTESIAN_POINT('',(11.954759298108,-54.22511164348,
    -73.58080444229));
#1915 = CARTESIAN_POINT('',(11.801999420523,-54.31042963605,
    -73.65126590703));
#1916 = CARTESIAN_POINT('',(11.65062236502,-54.38841738939,
    -73.7055016556));
#1917 = CARTESIAN_POINT('',(11.500729008819,-54.45963358962,
    -73.74508466536));
#1918 = CARTESIAN_POINT('',(11.352320386852,-54.524591155,-73.7713685182
    ));
#1919 = CARTESIAN_POINT('',(11.205297691763,-54.58375723598,
    -73.7854874005));
#1920 = CARTESIAN_POINT('',(11.059462273907,-54.6375532152,
    -73.78835610314));
#1921 = CARTESIAN_POINT('',(10.431243068477,-54.84906578465,
    -73.75504353835));
#1922 = CARTESIAN_POINT('',(9.97807399594,-54.94938141393,
    -73.61310721441));
#1923 = CARTESIAN_POINT('',(9.562853703144,-55.00202775774,
    -73.39845819525));
#1924 = CARTESIAN_POINT('',(9.188645853348,-55.02022874569,
    -73.14377731805));
#1925 = CARTESIAN_POINT('',(8.853611076887,-55.01526831115,
    -72.8712583648));
#1926 = CARTESIAN_POINT('',(8.551750221732,-54.99459800946,
    -72.59185816664));
#1927 = CARTESIAN_POINT('',(8.272898386414,-54.96201868348,
    -72.30546760274));
#1928 = CARTESIAN_POINT('',(8.004021063433,-54.91675806146,-72.));
#1929 = PCURVE('',#71,#1930);
#1930 = DEFINITIONAL_REPRESENTATION('',(#1931),#1979);
#1931 = B_SPLINE_CURVE_WITH_KNOTS('',3,(#1932,#1933,#1934,#1935,#1936,
    #1937,#1938,#1939,#1940,#1941,#1942,#1943,#1944,#1945,#1946,#1947,
    #1948,#1949,#1950,#1951,#1952,#1953,#1954,#1955,#1956,#1957,#1958,
    #1959,#1960,#1961,#1962,#1963,#1964,#1965,#1966,#1967,#1968,#1969,
    #1970,#1971,#1972,#1973,#1974,#1975,#1976,#1977,#1978),
  .UNSPECIFIED.,.F.,.F.,(4,1,1,1,1,1,1,1,1,1,1,1,1,1,1,1,1,1,1,1,1,1,1,1
    ,1,1,1,1,1,1,1,1,1,1,1,1,1,1,1,1,1,1,1,1,4),(3.548211523847E-07,
    8.560389202574E-02,0.17120742923,0.256810966435,0.342414503639,
    0.428018040844,0.513621578049,0.599225115253,0.684828652458,
    0.770432189662,0.856035726867,0.941639264072,1.027242801276,
    1.112846338481,1.198449875685,1.28405341289,1.369656950095,
    1.455260487299,1.540864024504,1.626467561708,1.712071098913,
    1.797674636117,1.883278173322,1.968881710527,2.054485247731,
    2.140088784936,2.22569232214,2.311295859345,2.39689939655,
    2.482502933754,2.568106470959,2.653710008163,2.739313545368,
    2.824917082572,2.910520619777,2.996124156982,3.081727694186,
    3.167331231391,3.252934768595,3.3385383058,3.424141843005,
    3.509745380209,3.595348917414,3.680952454618,3.766555991823),
  .QUASI_UNIFORM_KNOTS.);
#1932 = CARTESIAN_POINT('',(0.836690435701,0.135918515323));
#1933 = CARTESIAN_POINT('',(0.836520513093,0.135394499032));
#1934 = CARTESIAN_POINT('',(0.836171112746,0.134351433342));
#1935 = CARTESIAN_POINT('',(0.835615553337,0.13280437418));
#1936 = CARTESIAN_POINT('',(0.835025871693,0.131277252106));
#1937 = CARTESIAN_POINT('',(0.834398948956,0.129773308257));
#1938 = CARTESIAN_POINT('',(0.833731244979,0.128296424506));
#1939 = CARTESIAN_POINT('',(0.833018656155,0.126851245958));
#1940 = CARTESIAN_POINT('',(0.832257184342,0.125444702396));
#1941 = CARTESIAN_POINT('',(0.831440781194,0.124082692553));
#1942 = CARTESIAN_POINT('',(0.830563974852,0.122774860371));
#1943 = CARTESIAN_POINT('',(0.829619080342,0.12153218479));
#1944 = CARTESIAN_POINT('',(0.828604861052,0.120373990571));
#1945 = CARTESIAN_POINT('',(0.827494106022,0.119303019005));
#1946 = CARTESIAN_POINT('',(0.826381758893,0.11842307605));
#1947 = CARTESIAN_POINT('',(0.825277042707,0.117722020239));
#1948 = CARTESIAN_POINT('',(0.824178824718,0.117185834486));
#1949 = CARTESIAN_POINT('',(0.823088250767,0.116802596897));
#1950 = CARTESIAN_POINT('',(0.822005234033,0.116561425883));
#1951 = CARTESIAN_POINT('',(0.82092985285,0.116452765466));
#1952 = CARTESIAN_POINT('',(0.819860268472,0.116468325725));
#1953 = CARTESIAN_POINT('',(0.818799663345,0.11660105269));
#1954 = CARTESIAN_POINT('',(0.817760415171,0.116840264713));
#1955 = CARTESIAN_POINT('',(0.816741042351,0.117176296015));
#1956 = CARTESIAN_POINT('',(0.815743348897,0.117599870922));
#1957 = CARTESIAN_POINT('',(0.814768024965,0.118102262614));
#1958 = CARTESIAN_POINT('',(0.813815829902,0.118675254024));
#1959 = CARTESIAN_POINT('',(0.812887280333,0.119311151622));
#1960 = CARTESIAN_POINT('',(0.811982739445,0.120002784852));
#1961 = CARTESIAN_POINT('',(0.811102399217,0.120743509202));
#1962 = CARTESIAN_POINT('',(0.810246291601,0.121527208078));
#1963 = CARTESIAN_POINT('',(0.809414292075,0.122348294791));
#1964 = CARTESIAN_POINT('',(0.808606125259,0.123201714301));
#1965 = CARTESIAN_POINT('',(0.807821369917,0.124082944857));
#1966 = CARTESIAN_POINT('',(0.807059464002,0.124987999505));
#1967 = CARTESIAN_POINT('',(0.806319709526,0.125913427529));
#1968 = CARTESIAN_POINT('',(0.805601277316,0.12685631584));
#1969 = CARTESIAN_POINT('',(0.804903211638,0.127814290371));
#1970 = CARTESIAN_POINT('',(0.804224434731,0.128785517491));
#1971 = CARTESIAN_POINT('',(0.803563751257,0.129768705642));
#1972 = CARTESIAN_POINT('',(0.802919852814,0.130763106687));
#1973 = CARTESIAN_POINT('',(0.802291322253,0.131768519232));
#1974 = CARTESIAN_POINT('',(0.801676639068,0.13278528579));
#1975 = CARTESIAN_POINT('',(0.801074181407,0.133814314546));
#1976 = CARTESIAN_POINT('',(0.800482241829,0.134857011427));
#1977 = CARTESIAN_POINT('',(0.800093409446,0.135562703463));
#1978 = CARTESIAN_POINT('',(0.799900142939,0.135918515323));
#1979 = ( GEOMETRIC_REPRESENTATION_CONTEXT(2) 
PARAMETRIC_REPRESENTATION_CONTEXT() REPRESENTATION_CONTEXT('2D SPACE',''
  ) );
#1980 = PCURVE('',#1981,#1986);
#1981 = CYLINDRICAL_SURFACE('',#1982,6.);
#1982 = AXIS2_PLACEMENT_3D('',#1983,#1984,#1985);
#1983 = CARTESIAN_POINT('',(9.,-49.,-87.));
#1984 = DIRECTION('',(-0.,-0.,-1.));
#1985 = DIRECTION('',(1.,0.,0.));
#1986 = DEFINITIONAL_REPRESENTATION('',(#1987),#2035);
#1987 = B_SPLINE_CURVE_WITH_KNOTS('',3,(#1988,#1989,#1990,#1991,#1992,
    #1993,#1994,#1995,#1996,#1997,#1998,#1999,#2000,#2001,#2002,#2003,
    #2004,#2005,#2006,#2007,#2008,#2009,#2010,#2011,#2012,#2013,#2014,
    #2015,#2016,#2017,#2018,#2019,#2020,#2021,#2022,#2023,#2024,#2025,
    #2026,#2027,#2028,#2029,#2030,#2031,#2032,#2033,#2034),
  .UNSPECIFIED.,.F.,.F.,(4,1,1,1,1,1,1,1,1,1,1,1,1,1,1,1,1,1,1,1,1,1,1,1
    ,1,1,1,1,1,1,1,1,1,1,1,1,1,1,1,1,1,1,1,1,4),(3.548211523847E-07,
    8.560389202574E-02,0.17120742923,0.256810966435,0.342414503639,
    0.428018040844,0.513621578049,0.599225115253,0.684828652458,
    0.770432189662,0.856035726867,0.941639264072,1.027242801276,
    1.112846338481,1.198449875685,1.28405341289,1.369656950095,
    1.455260487299,1.540864024504,1.626467561708,1.712071098913,
    1.797674636117,1.883278173322,1.968881710527,2.054485247731,
    2.140088784936,2.22569232214,2.311295859345,2.39689939655,
    2.482502933754,2.568106470959,2.653710008163,2.739313545368,
    2.824917082572,2.910520619777,2.996124156982,3.081727694186,
    3.167331231391,3.252934768595,3.3385383058,3.424141843005,
    3.509745380209,3.595348917414,3.680952454618,3.766555991823),
  .QUASI_UNIFORM_KNOTS.);
#1988 = CARTESIAN_POINT('',(-5.54719136052,-15.));
#1989 = CARTESIAN_POINT('',(-5.540608923713,-14.9517527157));
#1990 = CARTESIAN_POINT('',(-5.527249151259,-14.85574519198));
#1991 = CARTESIAN_POINT('',(-5.506565063394,-14.7134361443));
#1992 = CARTESIAN_POINT('',(-5.485179313112,-14.57304854756));
#1993 = CARTESIAN_POINT('',(-5.463025919185,-14.4348782306));
#1994 = CARTESIAN_POINT('',(-5.440030157893,-14.29927894074));
#1995 = CARTESIAN_POINT('',(-5.416105004002,-14.16667364814));
#1996 = CARTESIAN_POINT('',(-5.391173795375,-14.03769350538));
#1997 = CARTESIAN_POINT('',(-5.365101734407,-13.91287349766));
#1998 = CARTESIAN_POINT('',(-5.337780618649,-13.79309055328));
#1999 = CARTESIAN_POINT('',(-5.309047586191,-13.67934179977));
#2000 = CARTESIAN_POINT('',(-5.278929442328,-13.57338464971));
#2001 = CARTESIAN_POINT('',(-5.246724690678,-13.47545910601));
#2002 = CARTESIAN_POINT('',(-5.215199588769,-13.39503787161));
#2003 = CARTESIAN_POINT('',(-5.184508556803,-13.3309899011));
#2004 = CARTESIAN_POINT('',(-5.154541728013,-13.28201940582));
#2005 = CARTESIAN_POINT('',(-5.125258264686,-13.24702588885));
#2006 = CARTESIAN_POINT('',(-5.096592914737,-13.22500776466));
#2007 = CARTESIAN_POINT('',(-5.068492000421,-13.21508784555));
#2008 = CARTESIAN_POINT('',(-5.040858838312,-13.21650777619));
#2009 = CARTESIAN_POINT('',(-5.013732399531,-13.22862480907));
#2010 = CARTESIAN_POINT('',(-4.987384120832,-13.25046492554));
#2011 = CARTESIAN_POINT('',(-4.961733120285,-13.28114905176));
#2012 = CARTESIAN_POINT('',(-4.936787863282,-13.31983422428));
#2013 = CARTESIAN_POINT('',(-4.912532459597,-13.36572805072));
#2014 = CARTESIAN_POINT('',(-4.888956873077,-13.41808476711));
#2015 = CARTESIAN_POINT('',(-4.866048590127,-13.47620629703));
#2016 = CARTESIAN_POINT('',(-4.843794631978,-13.53944202893));
#2017 = CARTESIAN_POINT('',(-4.822180809367,-13.60718898443));
#2018 = CARTESIAN_POINT('',(-4.801191728077,-13.67889191984));
#2019 = CARTESIAN_POINT('',(-4.780810603795,-13.75404347572));
#2020 = CARTESIAN_POINT('',(-4.761019137627,-13.8321843369));
#2021 = CARTESIAN_POINT('',(-4.741797384446,-13.91290340815));
#2022 = CARTESIAN_POINT('',(-4.723123632148,-13.99583800018));
#2023 = CARTESIAN_POINT('',(-4.70497428716,-14.08067402537));
#2024 = CARTESIAN_POINT('',(-4.687323767952,-14.16714620219));
#2025 = CARTESIAN_POINT('',(-4.670144406651,-14.25503827022));
#2026 = CARTESIAN_POINT('',(-4.653406359689,-14.34418321372));
#2027 = CARTESIAN_POINT('',(-4.637077527428,-14.43446351124));
#2028 = CARTESIAN_POINT('',(-4.621123486081,-14.52581136099));
#2029 = CARTESIAN_POINT('',(-4.605507422818,-14.61820909078));
#2030 = CARTESIAN_POINT('',(-4.590190111193,-14.71168899881));
#2031 = CARTESIAN_POINT('',(-4.575129791103,-14.80633546968));
#2032 = CARTESIAN_POINT('',(-4.56028246256,-14.90227878743));
#2033 = CARTESIAN_POINT('',(-4.550494617099,-14.96723970604));
#2034 = CARTESIAN_POINT('',(-4.545620545952,-15.));
#2035 = ( GEOMETRIC_REPRESENTATION_CONTEXT(2) 
PARAMETRIC_REPRESENTATION_CONTEXT() REPRESENTATION_CONTEXT('2D SPACE',''
  ) );
#2036 = ORIENTED_EDGE('',*,*,#2037,.F.);
#2037 = EDGE_CURVE('',#1893,#1895,#2038,.T.);
#2038 = SURFACE_CURVE('',#2039,(#2047,#2058),.PCURVE_S1.);
#2039 = B_SPLINE_CURVE_WITH_KNOTS('',6,(#2040,#2041,#2042,#2043,#2044,
    #2045,#2046),.UNSPECIFIED.,.F.,.F.,(7,7),(0.,1.),
  .PIECEWISE_BEZIER_KNOTS.);
#2040 = CARTESIAN_POINT('',(15.,-52.25543468742,-72.));
#2041 = CARTESIAN_POINT('',(13.845727885425,-52.8755060754,-72.));
#2042 = CARTESIAN_POINT('',(12.655738228555,-53.42878110955,-72.));
#2043 = CARTESIAN_POINT('',(11.436631411554,-53.9166706182,-72.));
#2044 = CARTESIAN_POINT('',(10.194100482509,-54.34041022289,-72.));
#2045 = CARTESIAN_POINT('',(8.932996718457,-54.70120670612,-72.));
#2046 = CARTESIAN_POINT('',(7.657243040134,-55.,-72.));
#2047 = PCURVE('',#71,#2048);
#2048 = DEFINITIONAL_REPRESENTATION('',(#2049),#2057);
#2049 = B_SPLINE_CURVE_WITH_KNOTS('',6,(#2050,#2051,#2052,#2053,#2054,
    #2055,#2056),.UNSPECIFIED.,.F.,.F.,(7,7),(0.,1.),
  .PIECEWISE_BEZIER_KNOTS.);
#2050 = CARTESIAN_POINT('',(0.848082813693,0.135918515323));
#2051 = CARTESIAN_POINT('',(0.839408157932,0.135918515323));
#2052 = CARTESIAN_POINT('',(0.830866934442,0.135918515323));
#2053 = CARTESIAN_POINT('',(0.822439226901,0.135918515323));
#2054 = CARTESIAN_POINT('',(0.814108384668,0.135918515323));
#2055 = CARTESIAN_POINT('',(0.805857871043,0.135918515323));
#2056 = CARTESIAN_POINT('',(0.79766944847,0.135918515323));
#2057 = ( GEOMETRIC_REPRESENTATION_CONTEXT(2) 
PARAMETRIC_REPRESENTATION_CONTEXT() REPRESENTATION_CONTEXT('2D SPACE',''
  ) );
#2058 = PCURVE('',#2059,#2064);
#2059 = PLANE('',#2060);
#2060 = AXIS2_PLACEMENT_3D('',#2061,#2062,#2063);
#2061 = CARTESIAN_POINT('',(9.,-49.,-72.));
#2062 = DIRECTION('',(0.,0.,1.));
#2063 = DIRECTION('',(1.,0.,-0.));
#2064 = DEFINITIONAL_REPRESENTATION('',(#2065),#2073);
#2065 = B_SPLINE_CURVE_WITH_KNOTS('',6,(#2066,#2067,#2068,#2069,#2070,
    #2071,#2072),.UNSPECIFIED.,.F.,.F.,(7,7),(0.,1.),
  .PIECEWISE_BEZIER_KNOTS.);
#2066 = CARTESIAN_POINT('',(6.,-3.255434687425));
#2067 = CARTESIAN_POINT('',(4.845727885425,-3.875506075403));
#2068 = CARTESIAN_POINT('',(3.655738228555,-4.428781109554));
#2069 = CARTESIAN_POINT('',(2.436631411554,-4.916670618201));
#2070 = CARTESIAN_POINT('',(1.194100482509,-5.340410222896));
#2071 = CARTESIAN_POINT('',(-6.700328154285E-02,-5.701206706125));
#2072 = CARTESIAN_POINT('',(-1.342756959866,-6.));
#2073 = ( GEOMETRIC_REPRESENTATION_CONTEXT(2) 
PARAMETRIC_REPRESENTATION_CONTEXT() REPRESENTATION_CONTEXT('2D SPACE',''
  ) );
#2074 = FACE_BOUND('',#2075,.T.);
#2075 = EDGE_LOOP('',(#2076,#2216,#2374,#2402));
#2076 = ORIENTED_EDGE('',*,*,#2077,.F.);
#2077 = EDGE_CURVE('',#2078,#2080,#2082,.T.);
#2078 = VERTEX_POINT('',#2079);
#2079 = CARTESIAN_POINT('',(-1.5,-50.,-55.87316308009));
#2080 = VERTEX_POINT('',#2081);
#2081 = CARTESIAN_POINT('',(1.5,-50.,-55.87316308289));
#2082 = SURFACE_CURVE('',#2083,(#2090,#2100),.PCURVE_S1.);
#2083 = B_SPLINE_CURVE_WITH_KNOTS('',5,(#2084,#2085,#2086,#2087,#2088,
    #2089),.UNSPECIFIED.,.F.,.F.,(6,6),(0.,1.),
  .PIECEWISE_BEZIER_KNOTS.);
#2084 = CARTESIAN_POINT('',(-1.5,-50.,-55.87316308009));
#2085 = CARTESIAN_POINT('',(-0.902709397894,-50.,-55.80344786475));
#2086 = CARTESIAN_POINT('',(-0.301352968034,-50.,-55.76813079462));
#2087 = CARTESIAN_POINT('',(0.301356209799,-50.,-55.76813139843));
#2088 = CARTESIAN_POINT('',(0.902707671001,-50.,-55.803447665));
#2089 = CARTESIAN_POINT('',(1.5,-50.,-55.87316308289));
#2090 = PCURVE('',#71,#2091);
#2091 = DEFINITIONAL_REPRESENTATION('',(#2092),#2099);
#2092 = B_SPLINE_CURVE_WITH_KNOTS('',5,(#2093,#2094,#2095,#2096,#2097,
    #2098),.UNSPECIFIED.,.F.,.F.,(6,6),(0.,1.),
  .PIECEWISE_BEZIER_KNOTS.);
#2093 = CARTESIAN_POINT('',(0.741284611915,0.309027439117));
#2094 = CARTESIAN_POINT('',(0.744760899034,0.30978096734));
#2095 = CARTESIAN_POINT('',(0.748252064166,0.310162877355));
#2096 = CARTESIAN_POINT('',(0.751747954685,0.310162870857));
#2097 = CARTESIAN_POINT('',(0.755239090954,0.309780969499));
#2098 = CARTESIAN_POINT('',(0.758715388107,0.309027439087));
#2099 = ( GEOMETRIC_REPRESENTATION_CONTEXT(2) 
PARAMETRIC_REPRESENTATION_CONTEXT() REPRESENTATION_CONTEXT('2D SPACE',''
  ) );
#2100 = PCURVE('',#2101,#2207);
#2101 = ( BOUNDED_SURFACE() B_SPLINE_SURFACE(14,6,(
    (#2102,#2103,#2104,#2105,#2106,#2107,#2108)
    ,(#2109,#2110,#2111,#2112,#2113,#2114,#2115)
    ,(#2116,#2117,#2118,#2119,#2120,#2121,#2122)
    ,(#2123,#2124,#2125,#2126,#2127,#2128,#2129)
    ,(#2130,#2131,#2132,#2133,#2134,#2135,#2136)
    ,(#2137,#2138,#2139,#2140,#2141,#2142,#2143)
    ,(#2144,#2145,#2146,#2147,#2148,#2149,#2150)
    ,(#2151,#2152,#2153,#2154,#2155,#2156,#2157)
    ,(#2158,#2159,#2160,#2161,#2162,#2163,#2164)
    ,(#2165,#2166,#2167,#2168,#2169,#2170,#2171)
    ,(#2172,#2173,#2174,#2175,#2176,#2177,#2178)
    ,(#2179,#2180,#2181,#2182,#2183,#2184,#2185)
    ,(#2186,#2187,#2188,#2189,#2190,#2191,#2192)
    ,(#2193,#2194,#2195,#2196,#2197,#2198,#2199)
    ,(#2200,#2201,#2202,#2203,#2204,#2205,#2206
)),.UNSPECIFIED.,.T.,.F.,.F.) B_SPLINE_SURFACE_WITH_KNOTS((15,15),(7,7),
  (0.,1.),(0.,1.),.PIECEWISE_BEZIER_KNOTS.) 
GEOMETRIC_REPRESENTATION_ITEM() RATIONAL_B_SPLINE_SURFACE((
    (1.,1.,1.,1.,1.,1.,1.)
    ,(1.,1.,1.,1.,1.,1.,1.)
    ,(1.,1.,1.,1.,1.,1.,1.)
    ,(1.,1.,1.,1.,1.,1.,1.)
    ,(1.,1.,1.,1.,1.,1.,1.)
    ,(1.,1.,1.,1.,1.,1.,1.)
    ,(1.,1.,1.,1.,1.,1.,1.)
    ,(1.,1.,1.,1.,1.,1.,1.)
    ,(1.,1.,1.,1.,1.,1.,1.)
    ,(1.,1.,1.,1.,1.,1.,1.)
    ,(1.,1.,1.,1.,1.,1.,1.)
    ,(1.,1.,1.,1.,1.,1.,1.)
    ,(1.,1.,1.,1.,1.,1.,1.)
    ,(1.,1.,1.,1.,1.,1.,1.)
,(1.,1.,1.,1.,1.,1.,1.))) REPRESENTATION_ITEM('') SURFACE() );
#2102 = CARTESIAN_POINT('',(23.,-42.,-84.));
#2103 = CARTESIAN_POINT('',(29.641655582445,-34.95073296893,
    -70.12860299017));
#2104 = CARTESIAN_POINT('',(23.436722547952,-26.26855404717,
    -53.21501549349));
#2105 = CARTESIAN_POINT('',(29.824773752888,-27.83468103672,
    -35.80865665334));
#2106 = CARTESIAN_POINT('',(36.616847298916,-5.652860175088,
    -27.69446660503));
#2107 = CARTESIAN_POINT('',(31.035997239754,-4.91384139844,
    -8.429467067994));
#2108 = CARTESIAN_POINT('',(36.,-2.495388277643E-14,7.));
#2109 = CARTESIAN_POINT('',(23.000000000002,-34.14601836602,-84.));
#2110 = CARTESIAN_POINT('',(29.641655582445,-24.7891125089,
    -70.12860299017));
#2111 = CARTESIAN_POINT('',(23.436722547984,-18.77055271239,
    -53.21501549349));
#2112 = CARTESIAN_POINT('',(29.824773752835,-16.41978213297,
    -35.80865665334));
#2113 = CARTESIAN_POINT('',(36.616847298978,5.323710405559,
    -27.69446660503));
#2114 = CARTESIAN_POINT('',(31.035997239732,5.958097496413,
    -8.429467067994));
#2115 = CARTESIAN_POINT('',(36.000000000008,12.117571663854,7.));
#2116 = CARTESIAN_POINT('',(18.010969692408,-26.29203383296,-84.));
#2117 = CARTESIAN_POINT('',(23.211954796886,-14.627488298,
    -70.12860299017));
#2118 = CARTESIAN_POINT('',(18.352960847719,-11.27254860993,
    -53.21501549349));
#2119 = CARTESIAN_POINT('',(23.355352006594,-5.004879015781,
    -35.80865665334));
#2120 = CARTESIAN_POINT('',(28.67412725767,16.300285037886,
    -27.69446660503));
#2121 = CARTESIAN_POINT('',(24.303843724406,16.830040404339,
    -8.429467067994));
#2122 = CARTESIAN_POINT('',(28.191082996787,24.235147800565,7.));
#2123 = CARTESIAN_POINT('',(8.032902699235,-20.42566143498,-84.));
#2124 = CARTESIAN_POINT('',(10.352545005984,-7.037471849791,
    -70.12860299017));
#2125 = CARTESIAN_POINT('',(8.185430948912,-5.672068481451,
    -53.21501549349));
#2126 = CARTESIAN_POINT('',(10.416500242125,3.521248364757,
    -35.80865665334));
#2127 = CARTESIAN_POINT('',(12.788677022651,24.499011961384,
    -27.69446660503));
#2128 = CARTESIAN_POINT('',(10.839528086692,24.950614810754,
    -8.429467067994));
#2129 = CARTESIAN_POINT('',(12.573239007572,33.286122357475,7.));
#2130 = CARTESIAN_POINT('',(-5.442044138944,-18.53429207301,-84.));
#2131 = CARTESIAN_POINT('',(-7.013530349149,-4.590384690583,
    -70.12860299017));
#2132 = CARTESIAN_POINT('',(-5.545377330209,-3.866425094322,
    -53.21501549349));
#2133 = CARTESIAN_POINT('',(-7.056858050796,6.270145810742,
    -35.80865665334));
#2134 = CARTESIAN_POINT('',(-8.663934750493,27.142352659398,
    -27.69446660503));
#2135 = CARTESIAN_POINT('',(-7.343446385277,27.568758459309,
    -8.429467067994));
#2136 = CARTESIAN_POINT('',(-8.51798213068,36.204235087305,7.));
#2137 = CARTESIAN_POINT('',(-19.42984018936,-21.89290493236,-84.));
#2138 = CARTESIAN_POINT('',(-25.04054917024,-8.935817458062,
    -70.12860299017));
#2139 = CARTESIAN_POINT('',(-19.79877276709,-7.072809432167,
    -53.21501549349));
#2140 = CARTESIAN_POINT('',(-25.19524294548,1.388771237918,
    -35.80865665334));
#2141 = CARTESIAN_POINT('',(-30.93302135684,22.448421247381,
    -27.69446660503));
#2142 = CARTESIAN_POINT('',(-26.21845506551,22.919570890481,
    -8.429467067994));
#2143 = CARTESIAN_POINT('',(-30.41192377438,31.022375247273,7.));
#2144 = CARTESIAN_POINT('',(-30.10795913802,-30.3470082078,-84.));
#2145 = CARTESIAN_POINT('',(-38.80216326346,-19.87388592071,
    -70.12860299017));
#2146 = CARTESIAN_POINT('',(-30.67964716675,-15.14373200378,
    -53.21501549349));
#2147 = CARTESIAN_POINT('',(-39.04187258259,-10.89833849966,
    -35.80865665334));
#2148 = CARTESIAN_POINT('',(-47.93298009996,10.63313243868,
    -27.69446660503));
#2149 = CARTESIAN_POINT('',(-40.62741463807,11.216908660777,
    -8.429467067994));
#2150 = CARTESIAN_POINT('',(-47.12550125988,17.978901622136,7.));
#2151 = CARTESIAN_POINT('',(-34.12805784726,-41.99999999984,-84.));
#2152 = CARTESIAN_POINT('',(-43.98313636543,-34.95073296858,
    -70.12860299017));
#2153 = CARTESIAN_POINT('',(-34.77607925363,-26.26855404666,
    -53.21501549349));
#2154 = CARTESIAN_POINT('',(-44.25485234666,-27.83468103645,
    -35.80865665334));
#2155 = CARTESIAN_POINT('',(-54.33312533652,-5.65286017434,
    -27.69446660503));
#2156 = CARTESIAN_POINT('',(-46.05210039882,-4.913841398336,
    -8.429467067994));
#2157 = CARTESIAN_POINT('',(-53.41782967355,3.62907517548E-10,7.));
#2158 = CARTESIAN_POINT('',(-30.107959138,-53.65299179247,-84.));
#2159 = CARTESIAN_POINT('',(-38.80216326354,-50.0275800178,
    -70.12860299017));
#2160 = CARTESIAN_POINT('',(-30.67964716655,-37.39337609149,
    -53.21501549349));
#2161 = CARTESIAN_POINT('',(-39.04187258293,-44.77102357427,
    -35.80865665334));
#2162 = CARTESIAN_POINT('',(-47.93298009964,-21.93885279023,
    -27.69446660503));
#2163 = CARTESIAN_POINT('',(-40.6274146382,-21.04459145784,
    -8.429467067994));
#2164 = CARTESIAN_POINT('',(-47.12550125989,-17.9789016228,7.));
#2165 = CARTESIAN_POINT('',(-19.42984018938,-62.10709506741,-84.));
#2166 = CARTESIAN_POINT('',(-25.04054917012,-60.9656484793,
    -70.12860299017));
#2167 = CARTESIAN_POINT('',(-19.79877276736,-45.46429866149,
    -53.21501549349));
#2168 = CARTESIAN_POINT('',(-25.19524294501,-57.05813331099,
    -35.80865665334));
#2169 = CARTESIAN_POINT('',(-30.93302135729,-33.75414159647,
    -27.69446660503));
#2170 = CARTESIAN_POINT('',(-26.21845506534,-32.74725368723,
    -8.429467067994));
#2171 = CARTESIAN_POINT('',(-30.41192377437,-31.02237524676,7.));
#2172 = CARTESIAN_POINT('',(-5.442044138928,-65.46570792711,-84.));
#2173 = CARTESIAN_POINT('',(-7.013530349247,-65.31108124762,
    -70.12860299017));
#2174 = CARTESIAN_POINT('',(-5.545377329988,-48.67068300044,
    -53.21501549349));
#2175 = CARTESIAN_POINT('',(-7.056858051178,-61.93950788441,
    -35.80865665334));
#2176 = CARTESIAN_POINT('',(-8.663934750141,-38.44807301026,
    -27.69446660503));
#2177 = CARTESIAN_POINT('',(-7.343446385417,-37.39644125626,
    -8.429467067994));
#2178 = CARTESIAN_POINT('',(-8.517982130688,-36.20423508762,7.));
#2179 = CARTESIAN_POINT('',(8.032902699226,-63.57433856495,-84.));
#2180 = CARTESIAN_POINT('',(10.352545006041,-62.86399408791,
    -70.12860299017));
#2181 = CARTESIAN_POINT('',(8.185430948788,-46.8650396127,
    -53.21501549349));
#2182 = CARTESIAN_POINT('',(10.416500242332,-59.19061043809,
    -35.80865665334));
#2183 = CARTESIAN_POINT('',(12.788677022461,-35.8047323112,
    -27.69446660503));
#2184 = CARTESIAN_POINT('',(10.839528086767,-34.7782976076,
    -8.429467067994));
#2185 = CARTESIAN_POINT('',(12.573239007577,-33.28612235731,7.));
#2186 = CARTESIAN_POINT('',(18.010969692412,-57.70796616706,-84.));
#2187 = CARTESIAN_POINT('',(23.211954796863,-55.27397763993,
    -70.12860299017));
#2188 = CARTESIAN_POINT('',(18.352960847766,-41.26455948448,
    -53.21501549349));
#2189 = CARTESIAN_POINT('',(23.355352006518,-50.6644830577,
    -35.80865665334));
#2190 = CARTESIAN_POINT('',(28.67412725774,-27.60600538819,
    -27.69446660503));
#2191 = CARTESIAN_POINT('',(24.303843724378,-26.65772320123,
    -8.429467067994));
#2192 = CARTESIAN_POINT('',(28.191082996785,-24.23514780062,7.));
#2193 = CARTESIAN_POINT('',(23.000000000001,-49.85398163397,-84.));
#2194 = CARTESIAN_POINT('',(29.641655582451,-45.11235342895,
    -70.12860299017));
#2195 = CARTESIAN_POINT('',(23.436722547972,-33.76655538194,
    -53.21501549349));
#2196 = CARTESIAN_POINT('',(29.824773752856,-39.24957994046,
    -35.80865665334));
#2197 = CARTESIAN_POINT('',(36.61684729896,-16.6294307557,
    -27.69446660503));
#2198 = CARTESIAN_POINT('',(31.035997239739,-15.78578029329,
    -8.429467067994));
#2199 = CARTESIAN_POINT('',(36.000000000009,-12.11757166384,7.));
#2200 = CARTESIAN_POINT('',(23.,-42.,-84.));
#2201 = CARTESIAN_POINT('',(29.641655582445,-34.95073296893,
    -70.12860299017));
#2202 = CARTESIAN_POINT('',(23.436722547953,-26.26855404717,
    -53.21501549349));
#2203 = CARTESIAN_POINT('',(29.824773752888,-27.83468103672,
    -35.80865665334));
#2204 = CARTESIAN_POINT('',(36.616847298916,-5.652860175088,
    -27.69446660503));
#2205 = CARTESIAN_POINT('',(31.035997239754,-4.913841398441,
    -8.429467067994));
#2206 = CARTESIAN_POINT('',(36.,3.467826405124E-15,7.));
#2207 = DEFINITIONAL_REPRESENTATION('',(#2208),#2215);
#2208 = B_SPLINE_CURVE_WITH_KNOTS('',5,(#2209,#2210,#2211,#2212,#2213,
    #2214),.UNSPECIFIED.,.F.,.F.,(6,6),(0.,1.),
  .PIECEWISE_BEZIER_KNOTS.);
#2209 = CARTESIAN_POINT('',(0.741284611915,0.309027439117));
#2210 = CARTESIAN_POINT('',(0.744760899042,0.309780967471));
#2211 = CARTESIAN_POINT('',(0.74825206415,0.310162877256));
#2212 = CARTESIAN_POINT('',(0.751747954711,0.310162870777));
#2213 = CARTESIAN_POINT('',(0.75523909093,0.30978096963));
#2214 = CARTESIAN_POINT('',(0.758715388107,0.309027439087));
#2215 = ( GEOMETRIC_REPRESENTATION_CONTEXT(2) 
PARAMETRIC_REPRESENTATION_CONTEXT() REPRESENTATION_CONTEXT('2D SPACE',''
  ) );
#2216 = ORIENTED_EDGE('',*,*,#2217,.T.);
#2217 = EDGE_CURVE('',#2078,#2218,#2220,.T.);
#2218 = VERTEX_POINT('',#2219);
#2219 = CARTESIAN_POINT('',(-1.5,-30.3189623089,-10.));
#2220 = SURFACE_CURVE('',#2221,(#2266,#2326),.PCURVE_S1.);
#2221 = B_SPLINE_CURVE_WITH_KNOTS('',7,(#2222,#2223,#2224,#2225,#2226,
    #2227,#2228,#2229,#2230,#2231,#2232,#2233,#2234,#2235,#2236,#2237,
    #2238,#2239,#2240,#2241,#2242,#2243,#2244,#2245,#2246,#2247,#2248,
    #2249,#2250,#2251,#2252,#2253,#2254,#2255,#2256,#2257,#2258,#2259,
    #2260,#2261,#2262,#2263,#2264,#2265),.UNSPECIFIED.,.F.,.F.,(8,6,6,6,
    6,6,6,8),(0.,0.101607400729,0.305915231829,0.536528225137,
    0.592744712699,0.645319662463,0.74522234837,1.),.UNSPECIFIED.);
#2222 = CARTESIAN_POINT('',(-1.5,-50.,-55.87316308009));
#2223 = CARTESIAN_POINT('',(-1.5,-49.75619535062,-55.19010281819));
#2224 = CARTESIAN_POINT('',(-1.5,-49.51177241858,-54.50726400138));
#2225 = CARTESIAN_POINT('',(-1.5,-49.26647133306,-53.82473901086));
#2226 = CARTESIAN_POINT('',(-1.5,-49.0200216199,-53.14262659045));
#2227 = CARTESIAN_POINT('',(-1.5,-48.77215002325,-52.46102902083));
#2228 = CARTESIAN_POINT('',(-1.5,-48.52258832723,-51.78004929374));
#2229 = CARTESIAN_POINT('',(-1.5,-47.76536131987,-49.73194844333));
#2230 = CARTESIAN_POINT('',(-1.5,-47.25176740709,-48.36699417658));
#2231 = CARTESIAN_POINT('',(-1.5,-46.72824030894,-47.00578021141));
#2232 = CARTESIAN_POINT('',(-1.5,-46.19292010193,-45.64913463918));
#2233 = CARTESIAN_POINT('',(-1.5,-45.64443430394,-44.29774494348));
#2234 = CARTESIAN_POINT('',(-1.5,-45.08209419877,-42.95208116746));
#2235 = CARTESIAN_POINT('',(-1.5,-43.85573058699,-40.10013822134));
#2236 = CARTESIAN_POINT('',(-1.5,-43.18790436436,-38.59541316031));
#2237 = CARTESIAN_POINT('',(-1.5,-42.50266961038,-37.09852219077));
#2238 = CARTESIAN_POINT('',(-1.5,-41.8013283528,-35.60915090414));
#2239 = CARTESIAN_POINT('',(-1.5,-41.08645429676,-34.12627579338));
#2240 = CARTESIAN_POINT('',(-1.5,-40.36164632844,-32.6482821606));
#2241 = CARTESIAN_POINT('',(-1.5,-39.45315779274,-30.81351042529));
#2242 = CARTESIAN_POINT('',(-1.5,-39.27476545273,-30.45407455968));
#2243 = CARTESIAN_POINT('',(-1.5,-39.09610035576,-30.09477412869));
#2244 = CARTESIAN_POINT('',(-1.5,-38.91722712762,-29.73557728564));
#2245 = CARTESIAN_POINT('',(-1.5,-38.73821256792,-29.37645092349));
#2246 = CARTESIAN_POINT('',(-1.5,-38.55912565012,-29.01736067489));
#2247 = CARTESIAN_POINT('',(-1.5,-38.21255019212,-28.32244192212));
#2248 = CARTESIAN_POINT('',(-1.5,-38.0450616466,-27.98661358367));
#2249 = CARTESIAN_POINT('',(-1.5,-37.87763004805,-27.65075675571));
#2250 = CARTESIAN_POINT('',(-1.5,-37.7103147311,-27.31484186312));
#2251 = CARTESIAN_POINT('',(-1.5,-37.54317620189,-26.9788388967));
#2252 = CARTESIAN_POINT('',(-1.5,-37.37627613802,-26.64271741318));
#2253 = CARTESIAN_POINT('',(-1.5,-36.89310718535,-25.66746610725));
#2254 = CARTESIAN_POINT('',(-1.5,-36.57762557793,-25.02794836516));
#2255 = CARTESIAN_POINT('',(-1.5,-36.26366095202,-24.3876800838));
#2256 = CARTESIAN_POINT('',(-1.5,-35.95165589713,-23.74644949876));
#2257 = CARTESIAN_POINT('',(-1.5,-35.64206191862,-23.1040488779));
#2258 = CARTESIAN_POINT('',(-1.5,-35.33533414974,-22.46027709275));
#2259 = CARTESIAN_POINT('',(-1.5,-34.25815708109,-20.16917151283));
#2260 = CARTESIAN_POINT('',(-1.5,-33.50593941855,-18.51315300784));
#2261 = CARTESIAN_POINT('',(-1.5,-32.78284853775,-16.84380268091));
#2262 = CARTESIAN_POINT('',(-1.5,-32.09648093623,-15.15867991805));
#2263 = CARTESIAN_POINT('',(-1.5,-31.45381288565,-13.4562473763));
#2264 = CARTESIAN_POINT('',(-1.5,-30.86033495359,-11.73621954823));
#2265 = CARTESIAN_POINT('',(-1.5,-30.3189623089,-10.));
#2266 = PCURVE('',#71,#2267);
#2267 = DEFINITIONAL_REPRESENTATION('',(#2268),#2325);
#2268 = B_SPLINE_CURVE_WITH_KNOTS('',7,(#2269,#2270,#2271,#2272,#2273,
    #2274,#2275,#2276,#2277,#2278,#2279,#2280,#2281,#2282,#2283,#2284,
    #2285,#2286,#2287,#2288,#2289,#2290,#2291,#2292,#2293,#2294,#2295,
    #2296,#2297,#2298,#2299,#2300,#2301,#2302,#2303,#2304,#2305,#2306,
    #2307,#2308,#2309,#2310,#2311,#2312,#2313,#2314,#2315,#2316,#2317,
    #2318,#2319,#2320,#2321,#2322,#2323,#2324),.UNSPECIFIED.,.F.,.F.,(8,
    6,6,6,6,6,6,6,6,8),(0.,0.125,0.234375,0.2822265625,0.327087402344,
    0.495315551758,0.558401107788,0.668800830841,0.751600623131,1.),
  .UNSPECIFIED.);
#2269 = CARTESIAN_POINT('',(0.741284611915,0.309027439117));
#2270 = CARTESIAN_POINT('',(0.741313553933,0.318110150676));
#2271 = CARTESIAN_POINT('',(0.741343627857,0.327213398792));
#2272 = CARTESIAN_POINT('',(0.741374865109,0.336337862159));
#2273 = CARTESIAN_POINT('',(0.741407261238,0.34548415088));
#2274 = CARTESIAN_POINT('',(0.741440775382,0.354651539512));
#2275 = CARTESIAN_POINT('',(0.741475340101,0.363839723728));
#2276 = CARTESIAN_POINT('',(0.741541944772,0.381104139047));
#2277 = CARTESIAN_POINT('',(0.741573760161,0.389175783611));
#2278 = CARTESIAN_POINT('',(0.741606246599,0.397261516372));
#2279 = CARTESIAN_POINT('',(0.741639327803,0.405360249535));
#2280 = CARTESIAN_POINT('',(0.741672916487,0.41347067295));
#2281 = CARTESIAN_POINT('',(0.741706917474,0.421591288241));
#2282 = CARTESIAN_POINT('',(0.741756242881,0.433276948024));
#2283 = CARTESIAN_POINT('',(0.741771314777,0.436835088182));
#2284 = CARTESIAN_POINT('',(0.741786438062,0.44039472435));
#2285 = CARTESIAN_POINT('',(0.741801604206,0.443955712889));
#2286 = CARTESIAN_POINT('',(0.741816804578,0.44751790558));
#2287 = CARTESIAN_POINT('',(0.74183203045,0.451081149621));
#2288 = CARTESIAN_POINT('',(0.741861562881,0.457986663482));
#2289 = CARTESIAN_POINT('',(0.741875867523,0.461328843024));
#2290 = CARTESIAN_POINT('',(0.74189017953,0.464671654857));
#2291 = CARTESIAN_POINT('',(0.741904491739,0.468014984199));
#2292 = CARTESIAN_POINT('',(0.741918797086,0.471358735604));
#2293 = CARTESIAN_POINT('',(0.741933088485,0.474702795692));
#2294 = CARTESIAN_POINT('',(0.742000871792,0.490587750868));
#2295 = CARTESIAN_POINT('',(0.742054088864,0.503130663365));
#2296 = CARTESIAN_POINT('',(0.742106633059,0.515668711849));
#2297 = CARTESIAN_POINT('',(0.74215815223,0.528195475352));
#2298 = CARTESIAN_POINT('',(0.742208330644,0.540705382565));
#2299 = CARTESIAN_POINT('',(0.742256900693,0.553193960937));
#2300 = CARTESIAN_POINT('',(0.742321187217,0.570332129288));
#2301 = CARTESIAN_POINT('',(0.742338464327,0.575002740518));
#2302 = CARTESIAN_POINT('',(0.742355474737,0.57966973699));
#2303 = CARTESIAN_POINT('',(0.742372208392,0.584332974911));
#2304 = CARTESIAN_POINT('',(0.742388656375,0.588992349179));
#2305 = CARTESIAN_POINT('',(0.742404810906,0.593647793381));
#2306 = CARTESIAN_POINT('',(0.742448410603,0.606439372636));
#2307 = CARTESIAN_POINT('',(0.742475236528,0.614567289847));
#2308 = CARTESIAN_POINT('',(0.742501107057,0.622682733458));
#2309 = CARTESIAN_POINT('',(0.742525996272,0.63078565291));
#2310 = CARTESIAN_POINT('',(0.742549888288,0.638876204799));
#2311 = CARTESIAN_POINT('',(0.742572777135,0.646954712623));
#2312 = CARTESIAN_POINT('',(0.742611083782,0.661071810817));
#2313 = CARTESIAN_POINT('',(0.742626938847,0.667115500581));
#2314 = CARTESIAN_POINT('',(0.742642233337,0.67315282478));
#2315 = CARTESIAN_POINT('',(0.742656972146,0.679184095486));
#2316 = CARTESIAN_POINT('',(0.742671163047,0.685209541963));
#2317 = CARTESIAN_POINT('',(0.742684816843,0.69122934788));
#2318 = CARTESIAN_POINT('',(0.742737342612,0.715287934553));
#2319 = CARTESIAN_POINT('',(0.742772033367,0.73328535865));
#2320 = CARTESIAN_POINT('',(0.742802408373,0.751243266507));
#2321 = CARTESIAN_POINT('',(0.742829108047,0.769168532172));
#2322 = CARTESIAN_POINT('',(0.742853081985,0.787068067904));
#2323 = CARTESIAN_POINT('',(0.742875645618,0.804948990872));
#2324 = CARTESIAN_POINT('',(0.742898536876,0.822818789865));
#2325 = ( GEOMETRIC_REPRESENTATION_CONTEXT(2) 
PARAMETRIC_REPRESENTATION_CONTEXT() REPRESENTATION_CONTEXT('2D SPACE',''
  ) );
#2326 = PCURVE('',#2101,#2327);
#2327 = DEFINITIONAL_REPRESENTATION('',(#2328),#2373);
#2328 = B_SPLINE_CURVE_WITH_KNOTS('',7,(#2329,#2330,#2331,#2332,#2333,
    #2334,#2335,#2336,#2337,#2338,#2339,#2340,#2341,#2342,#2343,#2344,
    #2345,#2346,#2347,#2348,#2349,#2350,#2351,#2352,#2353,#2354,#2355,
    #2356,#2357,#2358,#2359,#2360,#2361,#2362,#2363,#2364,#2365,#2366,
    #2367,#2368,#2369,#2370,#2371,#2372),.UNSPECIFIED.,.F.,.F.,(8,6,6,6,
    6,6,6,8),(0.,0.101607400729,0.305915231829,0.536528225137,
    0.592744712699,0.645319662463,0.74522234837,1.),.UNSPECIFIED.);
#2329 = CARTESIAN_POINT('',(0.741284612059,0.309027437987));
#2330 = CARTESIAN_POINT('',(0.741308137855,0.316410407001));
#2331 = CARTESIAN_POINT('',(0.741332411215,0.32380692564));
#2332 = CARTESIAN_POINT('',(0.741357449801,0.33121743371));
#2333 = CARTESIAN_POINT('',(0.741383254271,0.338642133362));
#2334 = CARTESIAN_POINT('',(0.741409810124,0.346081000467));
#2335 = CARTESIAN_POINT('',(0.741437089541,0.353533795993));
#2336 = CARTESIAN_POINT('',(0.741521281427,0.37601295779));
#2337 = CARTESIAN_POINT('',(0.741580276563,0.391080592122));
#2338 = CARTESIAN_POINT('',(0.741641717369,0.406199017102));
#2339 = CARTESIAN_POINT('',(0.741705087038,0.421360957627));
#2340 = CARTESIAN_POINT('',(0.741769742953,0.436556461958));
#2341 = CARTESIAN_POINT('',(0.741834987791,0.451773721664));
#2342 = CARTESIAN_POINT('',(0.741973685034,0.484186863523));
#2343 = CARTESIAN_POINT('',(0.742047115888,0.501386077129));
#2344 = CARTESIAN_POINT('',(0.742119454401,0.518579143043));
#2345 = CARTESIAN_POINT('',(0.742189752822,0.535748831304));
#2346 = CARTESIAN_POINT('',(0.742257216931,0.552881147284));
#2347 = CARTESIAN_POINT('',(0.74232124728,0.569966517113));
#2348 = CARTESIAN_POINT('',(0.742396111832,0.591152345742));
#2349 = CARTESIAN_POINT('',(0.742410556706,0.595301556436));
#2350 = CARTESIAN_POINT('',(0.742424767705,0.599447646363));
#2351 = CARTESIAN_POINT('',(0.742438739675,0.603590567747));
#2352 = CARTESIAN_POINT('',(0.742452468145,0.607730288508));
#2353 = CARTESIAN_POINT('',(0.74246594933,0.61186679226));
#2354 = CARTESIAN_POINT('',(0.74249155388,0.619865622319));
#2355 = CARTESIAN_POINT('',(0.742503708628,0.623728350673));
#2356 = CARTESIAN_POINT('',(0.742515641841,0.627588263057));
#2357 = CARTESIAN_POINT('',(0.742527351495,0.631445368648));
#2358 = CARTESIAN_POINT('',(0.742538836083,0.635299686115));
#2359 = CARTESIAN_POINT('',(0.742550094607,0.63915124362));
#2360 = CARTESIAN_POINT('',(0.742582089492,0.65031361836));
#2361 = CARTESIAN_POINT('',(0.742602234321,0.657617306166));
#2362 = CARTESIAN_POINT('',(0.742621557847,0.664911425701));
#2363 = CARTESIAN_POINT('',(0.742640063263,0.672196323748));
#2364 = CARTESIAN_POINT('',(0.742657760322,0.679472409123));
#2365 = CARTESIAN_POINT('',(0.742674665487,0.686740151401));
#2366 = CARTESIAN_POINT('',(0.742731954567,0.712514771707));
#2367 = CARTESIAN_POINT('',(0.742768110142,0.730979564718));
#2368 = CARTESIAN_POINT('',(0.742799654786,0.749402063583));
#2369 = CARTESIAN_POINT('',(0.742827257835,0.767789653726));
#2370 = CARTESIAN_POINT('',(0.742851924125,0.786149780317));
#2371 = CARTESIAN_POINT('',(0.742875057672,0.804490140676));
#2372 = CARTESIAN_POINT('',(0.742898536876,0.822818789865));
#2373 = ( GEOMETRIC_REPRESENTATION_CONTEXT(2) 
PARAMETRIC_REPRESENTATION_CONTEXT() REPRESENTATION_CONTEXT('2D SPACE',''
  ) );
#2374 = ORIENTED_EDGE('',*,*,#2375,.F.);
#2375 = EDGE_CURVE('',#2376,#2218,#2378,.T.);
#2376 = VERTEX_POINT('',#2377);
#2377 = CARTESIAN_POINT('',(1.5,-30.3189623079,-10.));
#2378 = SURFACE_CURVE('',#2379,(#2385,#2393),.PCURVE_S1.);
#2379 = B_SPLINE_CURVE_WITH_KNOTS('',4,(#2380,#2381,#2382,#2383,#2384),
  .UNSPECIFIED.,.F.,.F.,(5,5),(0.,1.),.PIECEWISE_BEZIER_KNOTS.);
#2380 = CARTESIAN_POINT('',(1.5,-30.3189623079,-10.));
#2381 = CARTESIAN_POINT('',(0.750278227304,-30.34398163477,-10.));
#2382 = CARTESIAN_POINT('',(1.163158458439E-11,-30.3523129381,-10.));
#2383 = CARTESIAN_POINT('',(-0.750278227288,-30.34398163531,-10.));
#2384 = CARTESIAN_POINT('',(-1.5,-30.3189623089,-10.));
#2385 = PCURVE('',#71,#2386);
#2386 = DEFINITIONAL_REPRESENTATION('',(#2387),#2392);
#2387 = B_SPLINE_CURVE_WITH_KNOTS('',3,(#2388,#2389,#2390,#2391),
  .UNSPECIFIED.,.F.,.F.,(4,4),(0.,1.),.PIECEWISE_BEZIER_KNOTS.);
#2388 = CARTESIAN_POINT('',(0.757101463146,0.822818789865));
#2389 = CARTESIAN_POINT('',(0.752365768066,0.822818789864));
#2390 = CARTESIAN_POINT('',(0.747634231956,0.822818789864));
#2391 = CARTESIAN_POINT('',(0.742898536876,0.822818789865));
#2392 = ( GEOMETRIC_REPRESENTATION_CONTEXT(2) 
PARAMETRIC_REPRESENTATION_CONTEXT() REPRESENTATION_CONTEXT('2D SPACE',''
  ) );
#2393 = PCURVE('',#2101,#2394);
#2394 = DEFINITIONAL_REPRESENTATION('',(#2395),#2401);
#2395 = B_SPLINE_CURVE_WITH_KNOTS('',4,(#2396,#2397,#2398,#2399,#2400),
  .UNSPECIFIED.,.F.,.F.,(5,5),(0.,1.),.PIECEWISE_BEZIER_KNOTS.);
#2396 = CARTESIAN_POINT('',(0.757101463146,0.822818789865));
#2397 = CARTESIAN_POINT('',(0.753549691373,0.822818789865));
#2398 = CARTESIAN_POINT('',(0.750000000011,0.822818789865));
#2399 = CARTESIAN_POINT('',(0.746450308649,0.822818789865));
#2400 = CARTESIAN_POINT('',(0.742898536876,0.822818789865));
#2401 = ( GEOMETRIC_REPRESENTATION_CONTEXT(2) 
PARAMETRIC_REPRESENTATION_CONTEXT() REPRESENTATION_CONTEXT('2D SPACE',''
  ) );
#2402 = ORIENTED_EDGE('',*,*,#2403,.F.);
#2403 = EDGE_CURVE('',#2080,#2376,#2404,.T.);
#2404 = SURFACE_CURVE('',#2405,(#2450,#2510),.PCURVE_S1.);
#2405 = B_SPLINE_CURVE_WITH_KNOTS('',7,(#2406,#2407,#2408,#2409,#2410,
    #2411,#2412,#2413,#2414,#2415,#2416,#2417,#2418,#2419,#2420,#2421,
    #2422,#2423,#2424,#2425,#2426,#2427,#2428,#2429,#2430,#2431,#2432,
    #2433,#2434,#2435,#2436,#2437,#2438,#2439,#2440,#2441,#2442,#2443,
    #2444,#2445,#2446,#2447,#2448,#2449),.UNSPECIFIED.,.F.,.F.,(8,6,6,6,
    6,6,6,8),(0.,0.101607400783,0.30591523187,0.536528225164,
    0.592744712724,0.645319662484,0.745222348385,1.),.UNSPECIFIED.);
#2406 = CARTESIAN_POINT('',(1.5,-50.,-55.87316308289));
#2407 = CARTESIAN_POINT('',(1.5,-49.75619535048,-55.19010282059));
#2408 = CARTESIAN_POINT('',(1.5,-49.5117724183,-54.50726400339));
#2409 = CARTESIAN_POINT('',(1.5,-49.26647133264,-53.82473901246));
#2410 = CARTESIAN_POINT('',(1.5,-49.02002161934,-53.14262659165));
#2411 = CARTESIAN_POINT('',(1.5,-48.77215002254,-52.46102902163));
#2412 = CARTESIAN_POINT('',(1.5,-48.52258832637,-51.78004929414));
#2413 = CARTESIAN_POINT('',(1.5,-47.76536131886,-49.73194844333));
#2414 = CARTESIAN_POINT('',(1.5,-47.25176740609,-48.36699417658));
#2415 = CARTESIAN_POINT('',(1.5,-46.72824030793,-47.00578021141));
#2416 = CARTESIAN_POINT('',(1.5,-46.19292010092,-45.64913463918));
#2417 = CARTESIAN_POINT('',(1.5,-45.64443430293,-44.29774494348));
#2418 = CARTESIAN_POINT('',(1.5,-45.08209419777,-42.95208116746));
#2419 = CARTESIAN_POINT('',(1.5,-43.85573058599,-40.10013822134));
#2420 = CARTESIAN_POINT('',(1.5,-43.18790436336,-38.59541316032));
#2421 = CARTESIAN_POINT('',(1.5,-42.50266960937,-37.09852219075));
#2422 = CARTESIAN_POINT('',(1.5,-41.80132835181,-35.60915090416));
#2423 = CARTESIAN_POINT('',(1.5,-41.08645429575,-34.12627579337));
#2424 = CARTESIAN_POINT('',(1.5,-40.36164632744,-32.6482821606));
#2425 = CARTESIAN_POINT('',(1.5,-39.45315779173,-30.81351042529));
#2426 = CARTESIAN_POINT('',(1.5,-39.27476545173,-30.45407455968));
#2427 = CARTESIAN_POINT('',(1.5,-39.09610035476,-30.09477412869));
#2428 = CARTESIAN_POINT('',(1.5,-38.91722712662,-29.73557728564));
#2429 = CARTESIAN_POINT('',(1.5,-38.73821256692,-29.37645092349));
#2430 = CARTESIAN_POINT('',(1.5,-38.55912564912,-29.01736067489));
#2431 = CARTESIAN_POINT('',(1.5,-38.21255019112,-28.32244192212));
#2432 = CARTESIAN_POINT('',(1.5,-38.0450616456,-27.98661358367));
#2433 = CARTESIAN_POINT('',(1.5,-37.87763004705,-27.65075675571));
#2434 = CARTESIAN_POINT('',(1.5,-37.7103147301,-27.31484186312));
#2435 = CARTESIAN_POINT('',(1.5,-37.54317620089,-26.9788388967));
#2436 = CARTESIAN_POINT('',(1.5,-37.37627613702,-26.64271741318));
#2437 = CARTESIAN_POINT('',(1.5,-36.89310718435,-25.66746610725));
#2438 = CARTESIAN_POINT('',(1.5,-36.57762557693,-25.02794836516));
#2439 = CARTESIAN_POINT('',(1.5,-36.26366095103,-24.3876800838));
#2440 = CARTESIAN_POINT('',(1.5,-35.95165589614,-23.74644949876));
#2441 = CARTESIAN_POINT('',(1.5,-35.64206191762,-23.1040488779));
#2442 = CARTESIAN_POINT('',(1.5,-35.33533414874,-22.46027709275));
#2443 = CARTESIAN_POINT('',(1.5,-34.25815708009,-20.16917151283));
#2444 = CARTESIAN_POINT('',(1.5,-33.50593941755,-18.51315300784));
#2445 = CARTESIAN_POINT('',(1.5,-32.78284853676,-16.84380268091));
#2446 = CARTESIAN_POINT('',(1.5,-32.09648093523,-15.15867991805));
#2447 = CARTESIAN_POINT('',(1.5,-31.45381288465,-13.4562473763));
#2448 = CARTESIAN_POINT('',(1.5,-30.86033495258,-11.73621954823));
#2449 = CARTESIAN_POINT('',(1.5,-30.3189623079,-10.));
#2450 = PCURVE('',#71,#2451);
#2451 = DEFINITIONAL_REPRESENTATION('',(#2452),#2509);
#2452 = B_SPLINE_CURVE_WITH_KNOTS('',7,(#2453,#2454,#2455,#2456,#2457,
    #2458,#2459,#2460,#2461,#2462,#2463,#2464,#2465,#2466,#2467,#2468,
    #2469,#2470,#2471,#2472,#2473,#2474,#2475,#2476,#2477,#2478,#2479,
    #2480,#2481,#2482,#2483,#2484,#2485,#2486,#2487,#2488,#2489,#2490,
    #2491,#2492,#2493,#2494,#2495,#2496,#2497,#2498,#2499,#2500,#2501,
    #2502,#2503,#2504,#2505,#2506,#2507,#2508),.UNSPECIFIED.,.F.,.F.,(8,
    6,6,6,6,6,6,6,6,8),(0.,0.125,0.234375,0.2822265625,0.327087402344,
    0.495315551758,0.558401107788,0.668800830841,0.751600623131,1.),
  .UNSPECIFIED.);
#2453 = CARTESIAN_POINT('',(0.758715388107,0.309027439087));
#2454 = CARTESIAN_POINT('',(0.75868644609,0.318110150646));
#2455 = CARTESIAN_POINT('',(0.758656372163,0.327213398766));
#2456 = CARTESIAN_POINT('',(0.758625134914,0.336337862129));
#2457 = CARTESIAN_POINT('',(0.758592738786,0.345484150857));
#2458 = CARTESIAN_POINT('',(0.758559224642,0.354651539482));
#2459 = CARTESIAN_POINT('',(0.758524659922,0.363839723701));
#2460 = CARTESIAN_POINT('',(0.758458055249,0.381104139021));
#2461 = CARTESIAN_POINT('',(0.75842623986,0.389175783585));
#2462 = CARTESIAN_POINT('',(0.758393753422,0.397261516346));
#2463 = CARTESIAN_POINT('',(0.758360672218,0.40536024951));
#2464 = CARTESIAN_POINT('',(0.758327083534,0.413470672926));
#2465 = CARTESIAN_POINT('',(0.758293082548,0.421591288217));
#2466 = CARTESIAN_POINT('',(0.758243757141,0.433276948));
#2467 = CARTESIAN_POINT('',(0.758228685245,0.436835088158));
#2468 = CARTESIAN_POINT('',(0.758213561959,0.440394724326));
#2469 = CARTESIAN_POINT('',(0.758198395816,0.443955712866));
#2470 = CARTESIAN_POINT('',(0.758183195444,0.447517905557));
#2471 = CARTESIAN_POINT('',(0.758167969571,0.451081149599));
#2472 = CARTESIAN_POINT('',(0.75813843714,0.45798666346));
#2473 = CARTESIAN_POINT('',(0.758124132499,0.461328843002));
#2474 = CARTESIAN_POINT('',(0.758109820492,0.464671654835));
#2475 = CARTESIAN_POINT('',(0.758095508283,0.468014984177));
#2476 = CARTESIAN_POINT('',(0.758081202935,0.471358735583));
#2477 = CARTESIAN_POINT('',(0.758066911537,0.474702795671));
#2478 = CARTESIAN_POINT('',(0.75799912823,0.490587750847));
#2479 = CARTESIAN_POINT('',(0.757945911158,0.503130663346));
#2480 = CARTESIAN_POINT('',(0.757893366962,0.51566871183));
#2481 = CARTESIAN_POINT('',(0.757841847792,0.528195475334));
#2482 = CARTESIAN_POINT('',(0.757791669378,0.540705382547));
#2483 = CARTESIAN_POINT('',(0.757743099329,0.553193960921));
#2484 = CARTESIAN_POINT('',(0.757678812805,0.570332129273));
#2485 = CARTESIAN_POINT('',(0.757661535695,0.575002740503));
#2486 = CARTESIAN_POINT('',(0.757644525284,0.579669736975));
#2487 = CARTESIAN_POINT('',(0.757627791629,0.584332974897));
#2488 = CARTESIAN_POINT('',(0.757611343646,0.588992349164));
#2489 = CARTESIAN_POINT('',(0.757595189115,0.593647793367));
#2490 = CARTESIAN_POINT('',(0.757551589419,0.606439372622));
#2491 = CARTESIAN_POINT('',(0.757524763494,0.614567289834));
#2492 = CARTESIAN_POINT('',(0.757498892965,0.622682733446));
#2493 = CARTESIAN_POINT('',(0.75747400375,0.630785652898));
#2494 = CARTESIAN_POINT('',(0.757450111734,0.638876204787));
#2495 = CARTESIAN_POINT('',(0.757427222886,0.646954712613));
#2496 = CARTESIAN_POINT('',(0.75738891624,0.661071810807));
#2497 = CARTESIAN_POINT('',(0.757373061175,0.667115500572));
#2498 = CARTESIAN_POINT('',(0.757357766686,0.67315282477));
#2499 = CARTESIAN_POINT('',(0.757343027876,0.679184095477));
#2500 = CARTESIAN_POINT('',(0.757328836975,0.685209541955));
#2501 = CARTESIAN_POINT('',(0.757315183178,0.691229347872));
#2502 = CARTESIAN_POINT('',(0.757262657409,0.715287934546));
#2503 = CARTESIAN_POINT('',(0.757227966654,0.733285358645));
#2504 = CARTESIAN_POINT('',(0.757197591649,0.751243266502));
#2505 = CARTESIAN_POINT('',(0.757170891974,0.769168532169));
#2506 = CARTESIAN_POINT('',(0.757146918037,0.787068067902));
#2507 = CARTESIAN_POINT('',(0.757124354403,0.804948990871));
#2508 = CARTESIAN_POINT('',(0.757101463146,0.822818789865));
#2509 = ( GEOMETRIC_REPRESENTATION_CONTEXT(2) 
PARAMETRIC_REPRESENTATION_CONTEXT() REPRESENTATION_CONTEXT('2D SPACE',''
  ) );
#2510 = PCURVE('',#2101,#2511);
#2511 = DEFINITIONAL_REPRESENTATION('',(#2512),#2557);
#2512 = B_SPLINE_CURVE_WITH_KNOTS('',7,(#2513,#2514,#2515,#2516,#2517,
    #2518,#2519,#2520,#2521,#2522,#2523,#2524,#2525,#2526,#2527,#2528,
    #2529,#2530,#2531,#2532,#2533,#2534,#2535,#2536,#2537,#2538,#2539,
    #2540,#2541,#2542,#2543,#2544,#2545,#2546,#2547,#2548,#2549,#2550,
    #2551,#2552,#2553,#2554,#2555,#2556),.UNSPECIFIED.,.F.,.F.,(8,6,6,6,
    6,6,6,8),(0.,0.101607400783,0.30591523187,0.536528225164,
    0.592744712724,0.645319662484,0.745222348385,1.),.UNSPECIFIED.);
#2513 = CARTESIAN_POINT('',(0.758715387963,0.309027437957));
#2514 = CARTESIAN_POINT('',(0.758691862166,0.316410406975));
#2515 = CARTESIAN_POINT('',(0.758667588807,0.323806925618));
#2516 = CARTESIAN_POINT('',(0.758642550221,0.331217433693));
#2517 = CARTESIAN_POINT('',(0.758616745751,0.338642133349));
#2518 = CARTESIAN_POINT('',(0.758590189898,0.346081000458));
#2519 = CARTESIAN_POINT('',(0.758562910481,0.353533795989));
#2520 = CARTESIAN_POINT('',(0.758478718595,0.37601295779));
#2521 = CARTESIAN_POINT('',(0.758419723459,0.391080592122));
#2522 = CARTESIAN_POINT('',(0.758358282653,0.406199017102));
#2523 = CARTESIAN_POINT('',(0.758294912983,0.421360957627));
#2524 = CARTESIAN_POINT('',(0.758230257069,0.436556461958));
#2525 = CARTESIAN_POINT('',(0.75816501223,0.451773721664));
#2526 = CARTESIAN_POINT('',(0.758026314987,0.484186863523));
#2527 = CARTESIAN_POINT('',(0.757952884133,0.501386077129));
#2528 = CARTESIAN_POINT('',(0.757880545621,0.518579143043));
#2529 = CARTESIAN_POINT('',(0.7578102472,0.535748831304));
#2530 = CARTESIAN_POINT('',(0.757742783091,0.552881147284));
#2531 = CARTESIAN_POINT('',(0.757678752741,0.569966517113));
#2532 = CARTESIAN_POINT('',(0.75760388819,0.591152345742));
#2533 = CARTESIAN_POINT('',(0.757589443316,0.595301556436));
#2534 = CARTESIAN_POINT('',(0.757575232316,0.599447646363));
#2535 = CARTESIAN_POINT('',(0.757561260347,0.603590567747));
#2536 = CARTESIAN_POINT('',(0.757547531877,0.607730288508));
#2537 = CARTESIAN_POINT('',(0.757534050692,0.61186679226));
#2538 = CARTESIAN_POINT('',(0.757508446141,0.619865622319));
#2539 = CARTESIAN_POINT('',(0.757496291393,0.623728350673));
#2540 = CARTESIAN_POINT('',(0.757484358181,0.627588263057));
#2541 = CARTESIAN_POINT('',(0.757472648526,0.631445368648));
#2542 = CARTESIAN_POINT('',(0.757461163939,0.635299686115));
#2543 = CARTESIAN_POINT('',(0.757449905415,0.63915124362));
#2544 = CARTESIAN_POINT('',(0.757417910529,0.65031361836));
#2545 = CARTESIAN_POINT('',(0.757397765701,0.657617306166));
#2546 = CARTESIAN_POINT('',(0.757378442175,0.664911425701));
#2547 = CARTESIAN_POINT('',(0.757359936758,0.672196323748));
#2548 = CARTESIAN_POINT('',(0.7573422397,0.679472409123));
#2549 = CARTESIAN_POINT('',(0.757325334535,0.686740151401));
#2550 = CARTESIAN_POINT('',(0.757268045455,0.712514771707));
#2551 = CARTESIAN_POINT('',(0.757231889879,0.730979564718));
#2552 = CARTESIAN_POINT('',(0.757200345236,0.749402063583));
#2553 = CARTESIAN_POINT('',(0.757172742187,0.767789653726));
#2554 = CARTESIAN_POINT('',(0.757148075896,0.786149780317));
#2555 = CARTESIAN_POINT('',(0.75712494235,0.804490140676));
#2556 = CARTESIAN_POINT('',(0.757101463146,0.822818789865));
#2557 = ( GEOMETRIC_REPRESENTATION_CONTEXT(2) 
PARAMETRIC_REPRESENTATION_CONTEXT() REPRESENTATION_CONTEXT('2D SPACE',''
  ) );
#2558 = ADVANCED_FACE('',(#2559),#223,.T.);
#2559 = FACE_BOUND('',#2560,.T.);
#2560 = EDGE_LOOP('',(#2561,#2582,#2614,#2633));
#2561 = ORIENTED_EDGE('',*,*,#2562,.T.);
#2562 = EDGE_CURVE('',#24,#2563,#2565,.T.);
#2563 = VERTEX_POINT('',#2564);
#2564 = CARTESIAN_POINT('',(-21.46239620869,-52.,-83.2));
#2565 = SURFACE_CURVE('',#2566,(#2570,#2576),.PCURVE_S1.);
#2566 = LINE('',#2567,#2568);
#2567 = CARTESIAN_POINT('',(-12.60397357046,-52.,-83.2));
#2568 = VECTOR('',#2569,1.);
#2569 = DIRECTION('',(-1.,0.,0.));
#2570 = PCURVE('',#223,#2571);
#2571 = DEFINITIONAL_REPRESENTATION('',(#2572),#2575);
#2572 = B_SPLINE_CURVE_WITH_KNOTS('',1,(#2573,#2574),.UNSPECIFIED.,.F.,
  .F.,(2,2),(-37.60397357046,12.396026429534),.PIECEWISE_BEZIER_KNOTS.);
#2573 = CARTESIAN_POINT('',(24.207947140932,-10.));
#2574 = CARTESIAN_POINT('',(-25.79205285906,-10.));
#2575 = ( GEOMETRIC_REPRESENTATION_CONTEXT(2) 
PARAMETRIC_REPRESENTATION_CONTEXT() REPRESENTATION_CONTEXT('2D SPACE',''
  ) );
#2576 = PCURVE('',#1204,#2577);
#2577 = DEFINITIONAL_REPRESENTATION('',(#2578),#2581);
#2578 = B_SPLINE_CURVE_WITH_KNOTS('',1,(#2579,#2580),.UNSPECIFIED.,.F.,
  .F.,(2,2),(-37.60397357046,12.396026429534),.PIECEWISE_BEZIER_KNOTS.);
#2579 = CARTESIAN_POINT('',(4.9,51.));
#2580 = CARTESIAN_POINT('',(4.9,1.));
#2581 = ( GEOMETRIC_REPRESENTATION_CONTEXT(2) 
PARAMETRIC_REPRESENTATION_CONTEXT() REPRESENTATION_CONTEXT('2D SPACE',''
  ) );
#2582 = ORIENTED_EDGE('',*,*,#2583,.T.);
#2583 = EDGE_CURVE('',#2563,#2584,#2586,.T.);
#2584 = VERTEX_POINT('',#2585);
#2585 = CARTESIAN_POINT('',(21.462396208696,-52.,-83.2));
#2586 = SURFACE_CURVE('',#2587,(#2592,#2599),.PCURVE_S1.);
#2587 = ELLIPSE('',#2588,25.,19.5);
#2588 = AXIS2_PLACEMENT_3D('',#2589,#2590,#2591);
#2589 = CARTESIAN_POINT('',(0.,-42.,-83.2));
#2590 = DIRECTION('',(0.,0.,1.));
#2591 = DIRECTION('',(1.,0.,0.));
#2592 = PCURVE('',#223,#2593);
#2593 = DEFINITIONAL_REPRESENTATION('',(#2594),#2598);
#2594 = ELLIPSE('',#2595,25.,19.5);
#2595 = AXIS2_PLACEMENT_2D('',#2596,#2597);
#2596 = CARTESIAN_POINT('',(-0.792052859068,-7.105427357601E-15));
#2597 = DIRECTION('',(1.,0.));
#2598 = ( GEOMETRIC_REPRESENTATION_CONTEXT(2) 
PARAMETRIC_REPRESENTATION_CONTEXT() REPRESENTATION_CONTEXT('2D SPACE',''
  ) );
#2599 = PCURVE('',#2600,#2608);
#2600 = SURFACE_OF_LINEAR_EXTRUSION('',#2601,#2606);
#2601 = ELLIPSE('',#2602,25.,19.5);
#2602 = AXIS2_PLACEMENT_3D('',#2603,#2604,#2605);
#2603 = CARTESIAN_POINT('',(0.,-42.,-88.));
#2604 = DIRECTION('',(0.,0.,1.));
#2605 = DIRECTION('',(1.,0.,0.));
#2606 = VECTOR('',#2607,1.);
#2607 = DIRECTION('',(-0.,-0.,-1.));
#2608 = DEFINITIONAL_REPRESENTATION('',(#2609),#2613);
#2609 = LINE('',#2610,#2611);
#2610 = CARTESIAN_POINT('',(0.,-4.8));
#2611 = VECTOR('',#2612,1.);
#2612 = DIRECTION('',(1.,0.));
#2613 = ( GEOMETRIC_REPRESENTATION_CONTEXT(2) 
PARAMETRIC_REPRESENTATION_CONTEXT() REPRESENTATION_CONTEXT('2D SPACE',''
  ) );
#2614 = ORIENTED_EDGE('',*,*,#2615,.T.);
#2615 = EDGE_CURVE('',#2584,#22,#2616,.T.);
#2616 = SURFACE_CURVE('',#2617,(#2621,#2627),.PCURVE_S1.);
#2617 = LINE('',#2618,#2619);
#2618 = CARTESIAN_POINT('',(-12.60397357046,-52.,-83.2));
#2619 = VECTOR('',#2620,1.);
#2620 = DIRECTION('',(-1.,0.,0.));
#2621 = PCURVE('',#223,#2622);
#2622 = DEFINITIONAL_REPRESENTATION('',(#2623),#2626);
#2623 = B_SPLINE_CURVE_WITH_KNOTS('',1,(#2624,#2625),.UNSPECIFIED.,.F.,
  .F.,(2,2),(-37.60397357046,12.396026429534),.PIECEWISE_BEZIER_KNOTS.);
#2624 = CARTESIAN_POINT('',(24.207947140932,-10.));
#2625 = CARTESIAN_POINT('',(-25.79205285906,-10.));
#2626 = ( GEOMETRIC_REPRESENTATION_CONTEXT(2) 
PARAMETRIC_REPRESENTATION_CONTEXT() REPRESENTATION_CONTEXT('2D SPACE',''
  ) );
#2627 = PCURVE('',#294,#2628);
#2628 = DEFINITIONAL_REPRESENTATION('',(#2629),#2632);
#2629 = B_SPLINE_CURVE_WITH_KNOTS('',1,(#2630,#2631),.UNSPECIFIED.,.F.,
  .F.,(2,2),(-37.60397357046,12.396026429534),.PIECEWISE_BEZIER_KNOTS.);
#2630 = CARTESIAN_POINT('',(4.9,51.));
#2631 = CARTESIAN_POINT('',(4.9,1.));
#2632 = ( GEOMETRIC_REPRESENTATION_CONTEXT(2) 
PARAMETRIC_REPRESENTATION_CONTEXT() REPRESENTATION_CONTEXT('2D SPACE',''
  ) );
#2633 = ORIENTED_EDGE('',*,*,#21,.T.);
#2634 = ADVANCED_FACE('',(#2635),#1204,.T.);
#2635 = FACE_BOUND('',#2636,.T.);
#2636 = EDGE_LOOP('',(#2637,#2666,#2667,#2668,#2689,#2726));
#2637 = ORIENTED_EDGE('',*,*,#2638,.F.);
#2638 = EDGE_CURVE('',#2563,#2639,#2641,.T.);
#2639 = VERTEX_POINT('',#2640);
#2640 = CARTESIAN_POINT('',(-21.46239620869,-52.,-88.));
#2641 = SURFACE_CURVE('',#2642,(#2648,#2657),.PCURVE_S1.);
#2642 = B_SPLINE_CURVE_WITH_KNOTS('',4,(#2643,#2644,#2645,#2646,#2647),
  .UNSPECIFIED.,.F.,.F.,(5,5),(0.,1.),.PIECEWISE_BEZIER_KNOTS.);
#2643 = CARTESIAN_POINT('',(-21.46239620869,-52.,-83.1999994));
#2644 = CARTESIAN_POINT('',(-21.46239620869,-52.,-84.3999997));
#2645 = CARTESIAN_POINT('',(-21.46239620869,-52.,-85.6));
#2646 = CARTESIAN_POINT('',(-21.46239620869,-52.,-86.8000003));
#2647 = CARTESIAN_POINT('',(-21.46239620869,-52.,-88.0000006));
#2648 = PCURVE('',#1204,#2649);
#2649 = DEFINITIONAL_REPRESENTATION('',(#2650),#2656);
#2650 = B_SPLINE_CURVE_WITH_KNOTS('',4,(#2651,#2652,#2653,#2654,#2655),
  .UNSPECIFIED.,.F.,.F.,(5,5),(0.,1.),.PIECEWISE_BEZIER_KNOTS.);
#2651 = CARTESIAN_POINT('',(4.9000006,4.537603791304));
#2652 = CARTESIAN_POINT('',(3.7000003,4.537603791304));
#2653 = CARTESIAN_POINT('',(2.5,4.537603791304));
#2654 = CARTESIAN_POINT('',(1.2999997,4.537603791304));
#2655 = CARTESIAN_POINT('',(9.999939999999E-02,4.537603791304));
#2656 = ( GEOMETRIC_REPRESENTATION_CONTEXT(2) 
PARAMETRIC_REPRESENTATION_CONTEXT() REPRESENTATION_CONTEXT('2D SPACE',''
  ) );
#2657 = PCURVE('',#2600,#2658);
#2658 = DEFINITIONAL_REPRESENTATION('',(#2659),#2665);
#2659 = B_SPLINE_CURVE_WITH_KNOTS('',4,(#2660,#2661,#2662,#2663,#2664),
  .UNSPECIFIED.,.F.,.F.,(5,5),(0.,1.),.PIECEWISE_BEZIER_KNOTS.);
#2660 = CARTESIAN_POINT('',(3.680059644497,-4.8000006));
#2661 = CARTESIAN_POINT('',(3.680059644497,-3.6000003));
#2662 = CARTESIAN_POINT('',(3.680059644497,-2.4));
#2663 = CARTESIAN_POINT('',(3.680059644497,-1.1999997));
#2664 = CARTESIAN_POINT('',(3.680059644497,5.999999999062E-07));
#2665 = ( GEOMETRIC_REPRESENTATION_CONTEXT(2) 
PARAMETRIC_REPRESENTATION_CONTEXT() REPRESENTATION_CONTEXT('2D SPACE',''
  ) );
#2666 = ORIENTED_EDGE('',*,*,#2562,.F.);
#2667 = ORIENTED_EDGE('',*,*,#1186,.F.);
#2668 = ORIENTED_EDGE('',*,*,#2669,.F.);
#2669 = EDGE_CURVE('',#2670,#1140,#2672,.T.);
#2670 = VERTEX_POINT('',#2671);
#2671 = CARTESIAN_POINT('',(-8.394907989444,-52.,-84.));
#2672 = SURFACE_CURVE('',#2673,(#2677,#2683),.PCURVE_S1.);
#2673 = LINE('',#2674,#2675);
#2674 = CARTESIAN_POINT('',(-1.5,-52.,-84.));
#2675 = VECTOR('',#2676,1.);
#2676 = DIRECTION('',(-1.,0.,0.));
#2677 = PCURVE('',#1204,#2678);
#2678 = DEFINITIONAL_REPRESENTATION('',(#2679),#2682);
#2679 = B_SPLINE_CURVE_WITH_KNOTS('',1,(#2680,#2681),.UNSPECIFIED.,.F.,
  .F.,(2,2),(6.894907989444,19.962396208696),.PIECEWISE_BEZIER_KNOTS.);
#2680 = CARTESIAN_POINT('',(4.1,17.605092010556));
#2681 = CARTESIAN_POINT('',(4.1,4.537603791304));
#2682 = ( GEOMETRIC_REPRESENTATION_CONTEXT(2) 
PARAMETRIC_REPRESENTATION_CONTEXT() REPRESENTATION_CONTEXT('2D SPACE',''
  ) );
#2683 = PCURVE('',#336,#2684);
#2684 = DEFINITIONAL_REPRESENTATION('',(#2685),#2688);
#2685 = B_SPLINE_CURVE_WITH_KNOTS('',1,(#2686,#2687),.UNSPECIFIED.,.F.,
  .F.,(2,2),(6.894907989444,19.962396208696),.PIECEWISE_BEZIER_KNOTS.);
#2686 = CARTESIAN_POINT('',(31.394907989444,10.));
#2687 = CARTESIAN_POINT('',(44.462396208696,10.));
#2688 = ( GEOMETRIC_REPRESENTATION_CONTEXT(2) 
PARAMETRIC_REPRESENTATION_CONTEXT() REPRESENTATION_CONTEXT('2D SPACE',''
  ) );
#2689 = ORIENTED_EDGE('',*,*,#2690,.T.);
#2690 = EDGE_CURVE('',#2670,#2691,#2693,.T.);
#2691 = VERTEX_POINT('',#2692);
#2692 = CARTESIAN_POINT('',(-8.394908014499,-52.,-88.));
#2693 = SURFACE_CURVE('',#2694,(#2700,#2709),.PCURVE_S1.);
#2694 = B_SPLINE_CURVE_WITH_KNOTS('',4,(#2695,#2696,#2697,#2698,#2699),
  .UNSPECIFIED.,.F.,.F.,(5,5),(0.,1.),.PIECEWISE_BEZIER_KNOTS.);
#2695 = CARTESIAN_POINT('',(-8.394907989444,-52.,-83.1999994));
#2696 = CARTESIAN_POINT('',(-8.394907989444,-52.,-84.3999997));
#2697 = CARTESIAN_POINT('',(-8.394907989444,-52.,-85.6));
#2698 = CARTESIAN_POINT('',(-8.394907989444,-52.,-86.8000003));
#2699 = CARTESIAN_POINT('',(-8.394907989444,-52.,-88.0000006));
#2700 = PCURVE('',#1204,#2701);
#2701 = DEFINITIONAL_REPRESENTATION('',(#2702),#2708);
#2702 = B_SPLINE_CURVE_WITH_KNOTS('',4,(#2703,#2704,#2705,#2706,#2707),
  .UNSPECIFIED.,.F.,.F.,(5,5),(0.,1.),.PIECEWISE_BEZIER_KNOTS.);
#2703 = CARTESIAN_POINT('',(4.9000006,17.605092010556));
#2704 = CARTESIAN_POINT('',(3.7000003,17.605092010556));
#2705 = CARTESIAN_POINT('',(2.5,17.605092010556));
#2706 = CARTESIAN_POINT('',(1.2999997,17.605092010556));
#2707 = CARTESIAN_POINT('',(9.999939999994E-02,17.605092010556));
#2708 = ( GEOMETRIC_REPRESENTATION_CONTEXT(2) 
PARAMETRIC_REPRESENTATION_CONTEXT() REPRESENTATION_CONTEXT('2D SPACE',''
  ) );
#2709 = PCURVE('',#2710,#2718);
#2710 = SURFACE_OF_LINEAR_EXTRUSION('',#2711,#2716);
#2711 = ELLIPSE('',#2712,17.,11.5);
#2712 = AXIS2_PLACEMENT_3D('',#2713,#2714,#2715);
#2713 = CARTESIAN_POINT('',(0.,-42.,-88.1));
#2714 = DIRECTION('',(0.,0.,1.));
#2715 = DIRECTION('',(1.,0.,0.));
#2716 = VECTOR('',#2717,1.);
#2717 = DIRECTION('',(-0.,-0.,-1.));
#2718 = DEFINITIONAL_REPRESENTATION('',(#2719),#2725);
#2719 = B_SPLINE_CURVE_WITH_KNOTS('',4,(#2720,#2721,#2722,#2723,#2724),
  .UNSPECIFIED.,.F.,.F.,(5,5),(0.,1.),.PIECEWISE_BEZIER_KNOTS.);
#2720 = CARTESIAN_POINT('',(4.195913839538,-4.9000006));
#2721 = CARTESIAN_POINT('',(4.195913839538,-3.7000003));
#2722 = CARTESIAN_POINT('',(4.195913839538,-2.5));
#2723 = CARTESIAN_POINT('',(4.195913839538,-1.2999997));
#2724 = CARTESIAN_POINT('',(4.195913839538,-9.999939999994E-02));
#2725 = ( GEOMETRIC_REPRESENTATION_CONTEXT(2) 
PARAMETRIC_REPRESENTATION_CONTEXT() REPRESENTATION_CONTEXT('2D SPACE',''
  ) );
#2726 = ORIENTED_EDGE('',*,*,#2727,.T.);
#2727 = EDGE_CURVE('',#2691,#2639,#2728,.T.);
#2728 = SURFACE_CURVE('',#2729,(#2733,#2739),.PCURVE_S1.);
#2729 = LINE('',#2730,#2731);
#2730 = CARTESIAN_POINT('',(-12.60397357046,-52.,-88.));
#2731 = VECTOR('',#2732,1.);
#2732 = DIRECTION('',(-1.,0.,0.));
#2733 = PCURVE('',#1204,#2734);
#2734 = DEFINITIONAL_REPRESENTATION('',(#2735),#2738);
#2735 = B_SPLINE_CURVE_WITH_KNOTS('',1,(#2736,#2737),.UNSPECIFIED.,.F.,
  .F.,(2,2),(-37.60397357046,12.396026429534),.PIECEWISE_BEZIER_KNOTS.);
#2736 = CARTESIAN_POINT('',(9.999999999999E-02,51.));
#2737 = CARTESIAN_POINT('',(9.999999999999E-02,1.));
#2738 = ( GEOMETRIC_REPRESENTATION_CONTEXT(2) 
PARAMETRIC_REPRESENTATION_CONTEXT() REPRESENTATION_CONTEXT('2D SPACE',''
  ) );
#2739 = PCURVE('',#2740,#2745);
#2740 = PLANE('',#2741);
#2741 = AXIS2_PLACEMENT_3D('',#2742,#2743,#2744);
#2742 = CARTESIAN_POINT('',(0.792052859068,-42.,-88.));
#2743 = DIRECTION('',(0.,0.,1.));
#2744 = DIRECTION('',(1.,0.,-0.));
#2745 = DEFINITIONAL_REPRESENTATION('',(#2746),#2749);
#2746 = B_SPLINE_CURVE_WITH_KNOTS('',1,(#2747,#2748),.UNSPECIFIED.,.F.,
  .F.,(2,2),(-37.60397357046,12.396026429534),.PIECEWISE_BEZIER_KNOTS.);
#2747 = CARTESIAN_POINT('',(24.207947140932,-10.));
#2748 = CARTESIAN_POINT('',(-25.79205285906,-10.));
#2749 = ( GEOMETRIC_REPRESENTATION_CONTEXT(2) 
PARAMETRIC_REPRESENTATION_CONTEXT() REPRESENTATION_CONTEXT('2D SPACE',''
  ) );
#2750 = ADVANCED_FACE('',(#2751),#336,.F.);
#2751 = FACE_BOUND('',#2752,.F.);
#2752 = EDGE_LOOP('',(#2753,#2774,#2775,#2776,#2797,#2830,#2858,#2946,
    #2965,#2966,#2967,#3047,#3075));
#2753 = ORIENTED_EDGE('',*,*,#2754,.F.);
#2754 = EDGE_CURVE('',#275,#2755,#2757,.T.);
#2755 = VERTEX_POINT('',#2756);
#2756 = CARTESIAN_POINT('',(14.196152422707,-52.,-84.));
#2757 = SURFACE_CURVE('',#2758,(#2762,#2768),.PCURVE_S1.);
#2758 = LINE('',#2759,#2760);
#2759 = CARTESIAN_POINT('',(-1.5,-52.,-84.));
#2760 = VECTOR('',#2761,1.);
#2761 = DIRECTION('',(-1.,0.,0.));
#2762 = PCURVE('',#336,#2763);
#2763 = DEFINITIONAL_REPRESENTATION('',(#2764),#2767);
#2764 = B_SPLINE_CURVE_WITH_KNOTS('',1,(#2765,#2766),.UNSPECIFIED.,.F.,
  .F.,(2,2),(-22.96239620869,-9.894907989444),.PIECEWISE_BEZIER_KNOTS.);
#2765 = CARTESIAN_POINT('',(1.537603791304,10.));
#2766 = CARTESIAN_POINT('',(14.605092010556,10.));
#2767 = ( GEOMETRIC_REPRESENTATION_CONTEXT(2) 
PARAMETRIC_REPRESENTATION_CONTEXT() REPRESENTATION_CONTEXT('2D SPACE',''
  ) );
#2768 = PCURVE('',#294,#2769);
#2769 = DEFINITIONAL_REPRESENTATION('',(#2770),#2773);
#2770 = B_SPLINE_CURVE_WITH_KNOTS('',1,(#2771,#2772),.UNSPECIFIED.,.F.,
  .F.,(2,2),(-22.96239620869,-9.894907989444),.PIECEWISE_BEZIER_KNOTS.);
#2771 = CARTESIAN_POINT('',(4.1,47.462396208696));
#2772 = CARTESIAN_POINT('',(4.1,34.394907989444));
#2773 = ( GEOMETRIC_REPRESENTATION_CONTEXT(2) 
PARAMETRIC_REPRESENTATION_CONTEXT() REPRESENTATION_CONTEXT('2D SPACE',''
  ) );
#2774 = ORIENTED_EDGE('',*,*,#308,.T.);
#2775 = ORIENTED_EDGE('',*,*,#879,.T.);
#2776 = ORIENTED_EDGE('',*,*,#2777,.T.);
#2777 = EDGE_CURVE('',#880,#2778,#2780,.T.);
#2778 = VERTEX_POINT('',#2779);
#2779 = CARTESIAN_POINT('',(14.196152422707,-32.,-84.));
#2780 = SURFACE_CURVE('',#2781,(#2785,#2791),.PCURVE_S1.);
#2781 = LINE('',#2782,#2783);
#2782 = CARTESIAN_POINT('',(-1.5,-32.,-84.));
#2783 = VECTOR('',#2784,1.);
#2784 = DIRECTION('',(-1.,0.,0.));
#2785 = PCURVE('',#336,#2786);
#2786 = DEFINITIONAL_REPRESENTATION('',(#2787),#2790);
#2787 = B_SPLINE_CURVE_WITH_KNOTS('',1,(#2788,#2789),.UNSPECIFIED.,.F.,
  .F.,(2,2),(-22.96239620869,-9.894907989444),.PIECEWISE_BEZIER_KNOTS.);
#2788 = CARTESIAN_POINT('',(1.537603791304,-10.));
#2789 = CARTESIAN_POINT('',(14.605092010556,-10.));
#2790 = ( GEOMETRIC_REPRESENTATION_CONTEXT(2) 
PARAMETRIC_REPRESENTATION_CONTEXT() REPRESENTATION_CONTEXT('2D SPACE',''
  ) );
#2791 = PCURVE('',#946,#2792);
#2792 = DEFINITIONAL_REPRESENTATION('',(#2793),#2796);
#2793 = B_SPLINE_CURVE_WITH_KNOTS('',1,(#2794,#2795),.UNSPECIFIED.,.F.,
  .F.,(2,2),(-22.96239620869,-9.894907989444),.PIECEWISE_BEZIER_KNOTS.);
#2794 = CARTESIAN_POINT('',(4.1,47.462396208696));
#2795 = CARTESIAN_POINT('',(4.1,34.394907989444));
#2796 = ( GEOMETRIC_REPRESENTATION_CONTEXT(2) 
PARAMETRIC_REPRESENTATION_CONTEXT() REPRESENTATION_CONTEXT('2D SPACE',''
  ) );
#2797 = ORIENTED_EDGE('',*,*,#2798,.T.);
#2798 = EDGE_CURVE('',#2778,#2799,#2801,.T.);
#2799 = VERTEX_POINT('',#2800);
#2800 = CARTESIAN_POINT('',(15.,-35.,-84.));
#2801 = SURFACE_CURVE('',#2802,(#2807,#2818),.PCURVE_S1.);
#2802 = CIRCLE('',#2803,6.);
#2803 = AXIS2_PLACEMENT_3D('',#2804,#2805,#2806);
#2804 = CARTESIAN_POINT('',(9.,-35.,-84.));
#2805 = DIRECTION('',(0.,0.,-1.));
#2806 = DIRECTION('',(1.,0.,0.));
#2807 = PCURVE('',#336,#2808);
#2808 = DEFINITIONAL_REPRESENTATION('',(#2809),#2817);
#2809 = ( BOUNDED_CURVE() B_SPLINE_CURVE(2,(#2810,#2811,#2812,#2813,
#2814,#2815,#2816),.UNSPECIFIED.,.T.,.F.) B_SPLINE_CURVE_WITH_KNOTS((1,2
    ,2,2,2,1),(-2.094395102393,0.,2.094395102393,4.188790204786,
6.28318530718,8.377580409573),.UNSPECIFIED.) CURVE() 
GEOMETRIC_REPRESENTATION_ITEM() RATIONAL_B_SPLINE_CURVE((1.,0.5,1.,0.5,
1.,0.5,1.)) REPRESENTATION_ITEM('') );
#2810 = CARTESIAN_POINT('',(8.,-7.));
#2811 = CARTESIAN_POINT('',(8.,3.392304845413));
#2812 = CARTESIAN_POINT('',(17.,-1.803847577293));
#2813 = CARTESIAN_POINT('',(26.,-7.));
#2814 = CARTESIAN_POINT('',(17.,-12.1961524227));
#2815 = CARTESIAN_POINT('',(8.,-17.39230484541));
#2816 = CARTESIAN_POINT('',(8.,-7.));
#2817 = ( GEOMETRIC_REPRESENTATION_CONTEXT(2) 
PARAMETRIC_REPRESENTATION_CONTEXT() REPRESENTATION_CONTEXT('2D SPACE',''
  ) );
#2818 = PCURVE('',#2819,#2824);
#2819 = CYLINDRICAL_SURFACE('',#2820,6.);
#2820 = AXIS2_PLACEMENT_3D('',#2821,#2822,#2823);
#2821 = CARTESIAN_POINT('',(9.,-35.,-87.));
#2822 = DIRECTION('',(-0.,-0.,-1.));
#2823 = DIRECTION('',(1.,0.,0.));
#2824 = DEFINITIONAL_REPRESENTATION('',(#2825),#2829);
#2825 = LINE('',#2826,#2827);
#2826 = CARTESIAN_POINT('',(-6.28318530718,-3.));
#2827 = VECTOR('',#2828,1.);
#2828 = DIRECTION('',(1.,-0.));
#2829 = ( GEOMETRIC_REPRESENTATION_CONTEXT(2) 
PARAMETRIC_REPRESENTATION_CONTEXT() REPRESENTATION_CONTEXT('2D SPACE',''
  ) );
#2830 = ORIENTED_EDGE('',*,*,#2831,.T.);
#2831 = EDGE_CURVE('',#2799,#2832,#2834,.T.);
#2832 = VERTEX_POINT('',#2833);
#2833 = CARTESIAN_POINT('',(4.593528515288,-30.92777590812,-84.));
#2834 = SURFACE_CURVE('',#2835,(#2840,#2851),.PCURVE_S1.);
#2835 = CIRCLE('',#2836,6.);
#2836 = AXIS2_PLACEMENT_3D('',#2837,#2838,#2839);
#2837 = CARTESIAN_POINT('',(9.,-35.,-84.));
#2838 = DIRECTION('',(0.,0.,-1.));
#2839 = DIRECTION('',(1.,0.,0.));
#2840 = PCURVE('',#336,#2841);
#2841 = DEFINITIONAL_REPRESENTATION('',(#2842),#2850);
#2842 = ( BOUNDED_CURVE() B_SPLINE_CURVE(2,(#2843,#2844,#2845,#2846,
#2847,#2848,#2849),.UNSPECIFIED.,.T.,.F.) B_SPLINE_CURVE_WITH_KNOTS((1,2
    ,2,2,2,1),(-2.094395102393,0.,2.094395102393,4.188790204786,
6.28318530718,8.377580409573),.UNSPECIFIED.) CURVE() 
GEOMETRIC_REPRESENTATION_ITEM() RATIONAL_B_SPLINE_CURVE((1.,0.5,1.,0.5,
1.,0.5,1.)) REPRESENTATION_ITEM('') );
#2843 = CARTESIAN_POINT('',(8.,-7.));
#2844 = CARTESIAN_POINT('',(8.,3.392304845413));
#2845 = CARTESIAN_POINT('',(17.,-1.803847577293));
#2846 = CARTESIAN_POINT('',(26.,-7.));
#2847 = CARTESIAN_POINT('',(17.,-12.1961524227));
#2848 = CARTESIAN_POINT('',(8.,-17.39230484541));
#2849 = CARTESIAN_POINT('',(8.,-7.));
#2850 = ( GEOMETRIC_REPRESENTATION_CONTEXT(2) 
PARAMETRIC_REPRESENTATION_CONTEXT() REPRESENTATION_CONTEXT('2D SPACE',''
  ) );
#2851 = PCURVE('',#2819,#2852);
#2852 = DEFINITIONAL_REPRESENTATION('',(#2853),#2857);
#2853 = LINE('',#2854,#2855);
#2854 = CARTESIAN_POINT('',(-6.28318530718,-3.));
#2855 = VECTOR('',#2856,1.);
#2856 = DIRECTION('',(1.,-0.));
#2857 = ( GEOMETRIC_REPRESENTATION_CONTEXT(2) 
PARAMETRIC_REPRESENTATION_CONTEXT() REPRESENTATION_CONTEXT('2D SPACE',''
  ) );
#2858 = ORIENTED_EDGE('',*,*,#2859,.F.);
#2859 = EDGE_CURVE('',#2860,#2832,#2862,.T.);
#2860 = VERTEX_POINT('',#2861);
#2861 = CARTESIAN_POINT('',(-8.394907989444,-32.,-84.));
#2862 = SURFACE_CURVE('',#2863,(#2886,#2912),.PCURVE_S1.);
#2863 = B_SPLINE_CURVE_WITH_KNOTS('',6,(#2864,#2865,#2866,#2867,#2868,
    #2869,#2870,#2871,#2872,#2873,#2874,#2875,#2876,#2877,#2878,#2879,
    #2880,#2881,#2882,#2883,#2884,#2885),.UNSPECIFIED.,.F.,.F.,(7,5,5,5,
    7),(0.,0.135939808971,0.500005314899,0.754430206833,1.),
  .UNSPECIFIED.);
#2864 = CARTESIAN_POINT('',(-8.394908003659,-32.00000000546,-84.));
#2865 = CARTESIAN_POINT('',(-8.032243857516,-31.86067842202,-84.));
#2866 = CARTESIAN_POINT('',(-7.66637292431,-31.72967661249,-84.));
#2867 = CARTESIAN_POINT('',(-7.297624639898,-31.60683938382,-84.));
#2868 = CARTESIAN_POINT('',(-6.92629849839,-31.4920279319,-84.));
#2869 = CARTESIAN_POINT('',(-6.552664762934,-31.38511796135,-84.));
#2870 = CARTESIAN_POINT('',(-5.170790009334,-31.02054039432,-84.));
#2871 = CARTESIAN_POINT('',(-4.149965757822,-30.81099865724,-84.));
#2872 = CARTESIAN_POINT('',(-3.118870254965,-30.65513348328,-84.));
#2873 = CARTESIAN_POINT('',(-2.081335978239,-30.55172208437,-84.));
#2874 = CARTESIAN_POINT('',(-1.040746674382,-30.5,-84.));
#2875 = CARTESIAN_POINT('',(0.727319275925,-30.5,-84.));
#2876 = CARTESIAN_POINT('',(1.454614692048,-30.52525992058,-84.));
#2877 = CARTESIAN_POINT('',(2.180835829861,-30.57577645879,-84.));
#2878 = CARTESIAN_POINT('',(2.904855970264,-30.65171996205,-84.));
#2879 = CARTESIAN_POINT('',(3.625474214379,-30.7533991013,-84.));
#2880 = CARTESIAN_POINT('',(5.032424777899,-31.00479266655,-84.));
#2881 = CARTESIAN_POINT('',(5.719020365711,-31.1527020508,-84.));
#2882 = CARTESIAN_POINT('',(6.400068179787,-31.32550346719,-84.));
#2883 = CARTESIAN_POINT('',(7.074190695371,-31.52380160712,-84.));
#2884 = CARTESIAN_POINT('',(7.739768064075,-31.74832049777,-84.));
#2885 = CARTESIAN_POINT('',(8.394908003659,-32.00000000546,-84.));
#2886 = PCURVE('',#336,#2887);
#2887 = DEFINITIONAL_REPRESENTATION('',(#2888),#2911);
#2888 = B_SPLINE_CURVE_WITH_KNOTS('',6,(#2889,#2890,#2891,#2892,#2893,
    #2894,#2895,#2896,#2897,#2898,#2899,#2900,#2901,#2902,#2903,#2904,
    #2905,#2906,#2907,#2908,#2909,#2910),.UNSPECIFIED.,.F.,.F.,(7,5,5,5,
    7),(0.,0.135939808971,0.500005314899,0.754430206833,1.),
  .UNSPECIFIED.);
#2889 = CARTESIAN_POINT('',(31.394908003659,-9.999999994539));
#2890 = CARTESIAN_POINT('',(31.032243857516,-10.13932157798));
#2891 = CARTESIAN_POINT('',(30.66637292431,-10.2703233875));
#2892 = CARTESIAN_POINT('',(30.297624639898,-10.39316061617));
#2893 = CARTESIAN_POINT('',(29.92629849839,-10.5079720681));
#2894 = CARTESIAN_POINT('',(29.552664762934,-10.61488203864));
#2895 = CARTESIAN_POINT('',(28.170790009334,-10.97945960567));
#2896 = CARTESIAN_POINT('',(27.149965757822,-11.18900134275));
#2897 = CARTESIAN_POINT('',(26.118870254965,-11.34486651671));
#2898 = CARTESIAN_POINT('',(25.081335978239,-11.44827791562));
#2899 = CARTESIAN_POINT('',(24.040746674382,-11.5));
#2900 = CARTESIAN_POINT('',(22.272680724075,-11.5));
#2901 = CARTESIAN_POINT('',(21.545385307952,-11.47474007941));
#2902 = CARTESIAN_POINT('',(20.819164170139,-11.4242235412));
#2903 = CARTESIAN_POINT('',(20.095144029736,-11.34828003794));
#2904 = CARTESIAN_POINT('',(19.374525785621,-11.24660089869));
#2905 = CARTESIAN_POINT('',(17.967575222101,-10.99520733344));
#2906 = CARTESIAN_POINT('',(17.280979634289,-10.84729794919));
#2907 = CARTESIAN_POINT('',(16.599931820213,-10.6744965328));
#2908 = CARTESIAN_POINT('',(15.925809304629,-10.47619839287));
#2909 = CARTESIAN_POINT('',(15.260231935925,-10.25167950222));
#2910 = CARTESIAN_POINT('',(14.605091996341,-9.999999994539));
#2911 = ( GEOMETRIC_REPRESENTATION_CONTEXT(2) 
PARAMETRIC_REPRESENTATION_CONTEXT() REPRESENTATION_CONTEXT('2D SPACE',''
  ) );
#2912 = PCURVE('',#2913,#2921);
#2913 = SURFACE_OF_LINEAR_EXTRUSION('',#2914,#2919);
#2914 = ELLIPSE('',#2915,17.,11.5);
#2915 = AXIS2_PLACEMENT_3D('',#2916,#2917,#2918);
#2916 = CARTESIAN_POINT('',(0.,-42.,-88.1));
#2917 = DIRECTION('',(0.,0.,1.));
#2918 = DIRECTION('',(1.,0.,0.));
#2919 = VECTOR('',#2920,1.);
#2920 = DIRECTION('',(-0.,-0.,-1.));
#2921 = DEFINITIONAL_REPRESENTATION('',(#2922),#2945);
#2922 = B_SPLINE_CURVE_WITH_KNOTS('',6,(#2923,#2924,#2925,#2926,#2927,
    #2928,#2929,#2930,#2931,#2932,#2933,#2934,#2935,#2936,#2937,#2938,
    #2939,#2940,#2941,#2942,#2943,#2944),.UNSPECIFIED.,.F.,.F.,(7,5,5,5,
    7),(0.,0.135939808971,0.500005314899,0.754430206833,1.),
  .UNSPECIFIED.);
#2923 = CARTESIAN_POINT('',(2.087271468603,-4.1));
#2924 = CARTESIAN_POINT('',(2.062738305763,-4.1));
#2925 = CARTESIAN_POINT('',(2.038398367428,-4.1));
#2926 = CARTESIAN_POINT('',(2.014235273975,-4.1));
#2927 = CARTESIAN_POINT('',(1.990233872541,-4.1));
#2928 = CARTESIAN_POINT('',(1.966379697161,-4.1));
#2929 = CARTESIAN_POINT('',(1.879129609803,-4.1));
#2930 = CARTESIAN_POINT('',(1.816564547382,-4.1));
#2931 = CARTESIAN_POINT('',(1.75467178146,-4.1));
#2932 = CARTESIAN_POINT('',(1.693227990398,-4.1));
#2933 = CARTESIAN_POINT('',(1.632016719406,-4.1));
#2934 = CARTESIAN_POINT('',(1.528012839976,-4.1));
#2935 = CARTESIAN_POINT('',(1.485230746784,-4.1));
#2936 = CARTESIAN_POINT('',(1.442370942486,-4.1));
#2937 = CARTESIAN_POINT('',(1.399358556733,-4.1));
#2938 = CARTESIAN_POINT('',(1.356116844632,-4.1));
#2939 = CARTESIAN_POINT('',(1.270516679105,-4.1));
#2940 = CARTESIAN_POINT('',(1.228183313484,-4.1));
#2941 = CARTESIAN_POINT('',(1.185479016804,-4.1));
#2942 = CARTESIAN_POINT('',(1.142325365385,-4.1));
#2943 = CARTESIAN_POINT('',(1.098639475041,-4.1));
#2944 = CARTESIAN_POINT('',(1.054321184986,-4.1));
#2945 = ( GEOMETRIC_REPRESENTATION_CONTEXT(2) 
PARAMETRIC_REPRESENTATION_CONTEXT() REPRESENTATION_CONTEXT('2D SPACE',''
  ) );
#2946 = ORIENTED_EDGE('',*,*,#2947,.T.);
#2947 = EDGE_CURVE('',#2860,#1106,#2948,.T.);
#2948 = SURFACE_CURVE('',#2949,(#2953,#2959),.PCURVE_S1.);
#2949 = LINE('',#2950,#2951);
#2950 = CARTESIAN_POINT('',(-1.5,-32.,-84.));
#2951 = VECTOR('',#2952,1.);
#2952 = DIRECTION('',(-1.,0.,0.));
#2953 = PCURVE('',#336,#2954);
#2954 = DEFINITIONAL_REPRESENTATION('',(#2955),#2958);
#2955 = B_SPLINE_CURVE_WITH_KNOTS('',1,(#2956,#2957),.UNSPECIFIED.,.F.,
  .F.,(2,2),(6.894907989444,19.962396208696),.PIECEWISE_BEZIER_KNOTS.);
#2956 = CARTESIAN_POINT('',(31.394907989444,-10.));
#2957 = CARTESIAN_POINT('',(44.462396208696,-10.));
#2958 = ( GEOMETRIC_REPRESENTATION_CONTEXT(2) 
PARAMETRIC_REPRESENTATION_CONTEXT() REPRESENTATION_CONTEXT('2D SPACE',''
  ) );
#2959 = PCURVE('',#1125,#2960);
#2960 = DEFINITIONAL_REPRESENTATION('',(#2961),#2964);
#2961 = B_SPLINE_CURVE_WITH_KNOTS('',1,(#2962,#2963),.UNSPECIFIED.,.F.,
  .F.,(2,2),(6.894907989444,19.962396208696),.PIECEWISE_BEZIER_KNOTS.);
#2962 = CARTESIAN_POINT('',(4.1,17.605092010556));
#2963 = CARTESIAN_POINT('',(4.1,4.537603791304));
#2964 = ( GEOMETRIC_REPRESENTATION_CONTEXT(2) 
PARAMETRIC_REPRESENTATION_CONTEXT() REPRESENTATION_CONTEXT('2D SPACE',''
  ) );
#2965 = ORIENTED_EDGE('',*,*,#1139,.T.);
#2966 = ORIENTED_EDGE('',*,*,#2669,.F.);
#2967 = ORIENTED_EDGE('',*,*,#2968,.F.);
#2968 = EDGE_CURVE('',#2969,#2670,#2971,.T.);
#2969 = VERTEX_POINT('',#2970);
#2970 = CARTESIAN_POINT('',(4.593528514948,-53.0722240915,-84.));
#2971 = SURFACE_CURVE('',#2972,(#2995,#3021),.PCURVE_S1.);
#2972 = B_SPLINE_CURVE_WITH_KNOTS('',6,(#2973,#2974,#2975,#2976,#2977,
    #2978,#2979,#2980,#2981,#2982,#2983,#2984,#2985,#2986,#2987,#2988,
    #2989,#2990,#2991,#2992,#2993,#2994),.UNSPECIFIED.,.F.,.F.,(7,5,5,5,
    7),(0.,0.24657551294,0.499994694756,0.864060193654,1.),
  .UNSPECIFIED.);
#2973 = CARTESIAN_POINT('',(8.394908003659,-51.99999999453,-84.));
#2974 = CARTESIAN_POINT('',(7.737084964534,-52.25271024563,-84.));
#2975 = CARTESIAN_POINT('',(7.068739202258,-52.47803681339,-84.));
#2976 = CARTESIAN_POINT('',(6.391785799549,-52.67693141718,-84.));
#2977 = CARTESIAN_POINT('',(5.707863326522,-52.85012609585,-84.));
#2978 = CARTESIAN_POINT('',(5.018364591632,-52.99823184233,-84.));
#2979 = CARTESIAN_POINT('',(3.611231526772,-53.24860645565,-84.));
#2980 = CARTESIAN_POINT('',(2.893408384785,-53.34947837378,-84.));
#2981 = CARTESIAN_POINT('',(2.172224300367,-53.42482137121,-84.));
#2982 = CARTESIAN_POINT('',(1.448865198588,-53.47493938317,-84.));
#2983 = CARTESIAN_POINT('',(0.724444286808,-53.5,-84.));
#2984 = CARTESIAN_POINT('',(-1.040746674378,-53.5,-84.));
#2985 = CARTESIAN_POINT('',(-2.081335978243,-53.44827791562,-84.));
#2986 = CARTESIAN_POINT('',(-3.118870254954,-53.34486651671,-84.));
#2987 = CARTESIAN_POINT('',(-4.149965757824,-53.18900134275,-84.));
#2988 = CARTESIAN_POINT('',(-5.170790009328,-52.97945960567,-84.));
#2989 = CARTESIAN_POINT('',(-6.552664762931,-52.61488203864,-84.));
#2990 = CARTESIAN_POINT('',(-6.926298498386,-52.5079720681,-84.));
#2991 = CARTESIAN_POINT('',(-7.297624639896,-52.39316061617,-84.));
#2992 = CARTESIAN_POINT('',(-7.666372924309,-52.2703233875,-84.));
#2993 = CARTESIAN_POINT('',(-8.032243857515,-52.13932157798,-84.));
#2994 = CARTESIAN_POINT('',(-8.394908003659,-51.99999999453,-84.));
#2995 = PCURVE('',#336,#2996);
#2996 = DEFINITIONAL_REPRESENTATION('',(#2997),#3020);
#2997 = B_SPLINE_CURVE_WITH_KNOTS('',6,(#2998,#2999,#3000,#3001,#3002,
    #3003,#3004,#3005,#3006,#3007,#3008,#3009,#3010,#3011,#3012,#3013,
    #3014,#3015,#3016,#3017,#3018,#3019),.UNSPECIFIED.,.F.,.F.,(7,5,5,5,
    7),(0.,0.24657551294,0.499994694756,0.864060193654,1.),
  .UNSPECIFIED.);
#2998 = CARTESIAN_POINT('',(14.605091996341,9.999999994539));
#2999 = CARTESIAN_POINT('',(15.262915035465,10.252710245634));
#3000 = CARTESIAN_POINT('',(15.931260797742,10.478036813396));
#3001 = CARTESIAN_POINT('',(16.608214200451,10.676931417183));
#3002 = CARTESIAN_POINT('',(17.292136673478,10.850126095856));
#3003 = CARTESIAN_POINT('',(17.981635408368,10.998231842332));
#3004 = CARTESIAN_POINT('',(19.388768473228,11.248606455653));
#3005 = CARTESIAN_POINT('',(20.106591615215,11.349478373782));
#3006 = CARTESIAN_POINT('',(20.827775699633,11.424821371212));
#3007 = CARTESIAN_POINT('',(21.551134801412,11.474939383178));
#3008 = CARTESIAN_POINT('',(22.275555713192,11.5));
#3009 = CARTESIAN_POINT('',(24.040746674378,11.5));
#3010 = CARTESIAN_POINT('',(25.081335978243,11.448277915621));
#3011 = CARTESIAN_POINT('',(26.118870254954,11.344866516716));
#3012 = CARTESIAN_POINT('',(27.149965757824,11.189001342756));
#3013 = CARTESIAN_POINT('',(28.170790009328,10.979459605674));
#3014 = CARTESIAN_POINT('',(29.552664762931,10.614882038648));
#3015 = CARTESIAN_POINT('',(29.926298498386,10.507972068101));
#3016 = CARTESIAN_POINT('',(30.297624639896,10.393160616175));
#3017 = CARTESIAN_POINT('',(30.666372924309,10.270323387505));
#3018 = CARTESIAN_POINT('',(31.032243857515,10.139321577981));
#3019 = CARTESIAN_POINT('',(31.394908003659,9.999999994539));
#3020 = ( GEOMETRIC_REPRESENTATION_CONTEXT(2) 
PARAMETRIC_REPRESENTATION_CONTEXT() REPRESENTATION_CONTEXT('2D SPACE',''
  ) );
#3021 = PCURVE('',#2710,#3022);
#3022 = DEFINITIONAL_REPRESENTATION('',(#3023),#3046);
#3023 = B_SPLINE_CURVE_WITH_KNOTS('',6,(#3024,#3025,#3026,#3027,#3028,
    #3029,#3030,#3031,#3032,#3033,#3034,#3035,#3036,#3037,#3038,#3039,
    #3040,#3041,#3042,#3043,#3044,#3045),.UNSPECIFIED.,.F.,.F.,(7,5,5,5,
    7),(0.,0.24657551294,0.499994694756,0.864060193654,1.),
  .UNSPECIFIED.);
#3024 = CARTESIAN_POINT('',(5.228864122193,-4.1));
#3025 = CARTESIAN_POINT('',(5.184364328346,-4.1));
#3026 = CARTESIAN_POINT('',(5.140502149624,-4.1));
#3027 = CARTESIAN_POINT('',(5.097176152008,-4.1));
#3028 = CARTESIAN_POINT('',(5.05430249235,-4.1));
#3029 = CARTESIAN_POINT('',(5.011801840632,-4.1));
#3030 = CARTESIAN_POINT('',(4.926213877591,-4.1));
#3031 = CARTESIAN_POINT('',(4.883146701862,-4.1));
#3032 = CARTESIAN_POINT('',(4.840306140195,-4.1));
#3033 = CARTESIAN_POINT('',(4.797616354619,-4.1));
#3034 = CARTESIAN_POINT('',(4.755003350197,-4.1));
#3035 = CARTESIAN_POINT('',(4.651168587774,-4.1));
#3036 = CARTESIAN_POINT('',(4.589957316781,-4.1));
#3037 = CARTESIAN_POINT('',(4.528513525721,-4.1));
#3038 = CARTESIAN_POINT('',(4.466620759797,-4.1));
#3039 = CARTESIAN_POINT('',(4.404055697377,-4.1));
#3040 = CARTESIAN_POINT('',(4.316805610019,-4.1));
#3041 = CARTESIAN_POINT('',(4.292951434639,-4.1));
#3042 = CARTESIAN_POINT('',(4.268950033205,-4.1));
#3043 = CARTESIAN_POINT('',(4.244786939752,-4.1));
#3044 = CARTESIAN_POINT('',(4.220447001417,-4.1));
#3045 = CARTESIAN_POINT('',(4.195913838576,-4.1));
#3046 = ( GEOMETRIC_REPRESENTATION_CONTEXT(2) 
PARAMETRIC_REPRESENTATION_CONTEXT() REPRESENTATION_CONTEXT('2D SPACE',''
  ) );
#3047 = ORIENTED_EDGE('',*,*,#3048,.T.);
#3048 = EDGE_CURVE('',#2969,#3049,#3051,.T.);
#3049 = VERTEX_POINT('',#3050);
#3050 = CARTESIAN_POINT('',(15.,-49.,-84.));
#3051 = SURFACE_CURVE('',#3052,(#3057,#3068),.PCURVE_S1.);
#3052 = CIRCLE('',#3053,6.);
#3053 = AXIS2_PLACEMENT_3D('',#3054,#3055,#3056);
#3054 = CARTESIAN_POINT('',(9.,-49.,-84.));
#3055 = DIRECTION('',(0.,0.,-1.));
#3056 = DIRECTION('',(1.,0.,0.));
#3057 = PCURVE('',#336,#3058);
#3058 = DEFINITIONAL_REPRESENTATION('',(#3059),#3067);
#3059 = ( BOUNDED_CURVE() B_SPLINE_CURVE(2,(#3060,#3061,#3062,#3063,
#3064,#3065,#3066),.UNSPECIFIED.,.T.,.F.) B_SPLINE_CURVE_WITH_KNOTS((1,2
    ,2,2,2,1),(-2.094395102393,0.,2.094395102393,4.188790204786,
6.28318530718,8.377580409573),.UNSPECIFIED.) CURVE() 
GEOMETRIC_REPRESENTATION_ITEM() RATIONAL_B_SPLINE_CURVE((1.,0.5,1.,0.5,
1.,0.5,1.)) REPRESENTATION_ITEM('') );
#3060 = CARTESIAN_POINT('',(8.,7.));
#3061 = CARTESIAN_POINT('',(8.,17.392304845413));
#3062 = CARTESIAN_POINT('',(17.,12.196152422707));
#3063 = CARTESIAN_POINT('',(26.,7.));
#3064 = CARTESIAN_POINT('',(17.,1.803847577293));
#3065 = CARTESIAN_POINT('',(8.,-3.392304845413));
#3066 = CARTESIAN_POINT('',(8.,7.));
#3067 = ( GEOMETRIC_REPRESENTATION_CONTEXT(2) 
PARAMETRIC_REPRESENTATION_CONTEXT() REPRESENTATION_CONTEXT('2D SPACE',''
  ) );
#3068 = PCURVE('',#1981,#3069);
#3069 = DEFINITIONAL_REPRESENTATION('',(#3070),#3074);
#3070 = LINE('',#3071,#3072);
#3071 = CARTESIAN_POINT('',(-6.28318530718,-3.));
#3072 = VECTOR('',#3073,1.);
#3073 = DIRECTION('',(1.,-0.));
#3074 = ( GEOMETRIC_REPRESENTATION_CONTEXT(2) 
PARAMETRIC_REPRESENTATION_CONTEXT() REPRESENTATION_CONTEXT('2D SPACE',''
  ) );
#3075 = ORIENTED_EDGE('',*,*,#3076,.T.);
#3076 = EDGE_CURVE('',#3049,#2755,#3077,.T.);
#3077 = SURFACE_CURVE('',#3078,(#3083,#3094),.PCURVE_S1.);
#3078 = CIRCLE('',#3079,6.);
#3079 = AXIS2_PLACEMENT_3D('',#3080,#3081,#3082);
#3080 = CARTESIAN_POINT('',(9.,-49.,-84.));
#3081 = DIRECTION('',(0.,0.,-1.));
#3082 = DIRECTION('',(1.,0.,0.));
#3083 = PCURVE('',#336,#3084);
#3084 = DEFINITIONAL_REPRESENTATION('',(#3085),#3093);
#3085 = ( BOUNDED_CURVE() B_SPLINE_CURVE(2,(#3086,#3087,#3088,#3089,
#3090,#3091,#3092),.UNSPECIFIED.,.T.,.F.) B_SPLINE_CURVE_WITH_KNOTS((1,2
    ,2,2,2,1),(-2.094395102393,0.,2.094395102393,4.188790204786,
6.28318530718,8.377580409573),.UNSPECIFIED.) CURVE() 
GEOMETRIC_REPRESENTATION_ITEM() RATIONAL_B_SPLINE_CURVE((1.,0.5,1.,0.5,
1.,0.5,1.)) REPRESENTATION_ITEM('') );
#3086 = CARTESIAN_POINT('',(8.,7.));
#3087 = CARTESIAN_POINT('',(8.,17.392304845413));
#3088 = CARTESIAN_POINT('',(17.,12.196152422707));
#3089 = CARTESIAN_POINT('',(26.,7.));
#3090 = CARTESIAN_POINT('',(17.,1.803847577293));
#3091 = CARTESIAN_POINT('',(8.,-3.392304845413));
#3092 = CARTESIAN_POINT('',(8.,7.));
#3093 = ( GEOMETRIC_REPRESENTATION_CONTEXT(2) 
PARAMETRIC_REPRESENTATION_CONTEXT() REPRESENTATION_CONTEXT('2D SPACE',''
  ) );
#3094 = PCURVE('',#1981,#3095);
#3095 = DEFINITIONAL_REPRESENTATION('',(#3096),#3100);
#3096 = LINE('',#3097,#3098);
#3097 = CARTESIAN_POINT('',(-6.28318530718,-3.));
#3098 = VECTOR('',#3099,1.);
#3099 = DIRECTION('',(1.,-0.));
#3100 = ( GEOMETRIC_REPRESENTATION_CONTEXT(2) 
PARAMETRIC_REPRESENTATION_CONTEXT() REPRESENTATION_CONTEXT('2D SPACE',''
  ) );
#3101 = ADVANCED_FACE('',(#3102),#1125,.F.);
#3102 = FACE_BOUND('',#3103,.F.);
#3103 = EDGE_LOOP('',(#3104,#3143,#3162,#3163,#3164,#3193));
#3104 = ORIENTED_EDGE('',*,*,#3105,.F.);
#3105 = EDGE_CURVE('',#3106,#3108,#3110,.T.);
#3106 = VERTEX_POINT('',#3107);
#3107 = CARTESIAN_POINT('',(-21.46239620869,-32.,-83.2));
#3108 = VERTEX_POINT('',#3109);
#3109 = CARTESIAN_POINT('',(-21.46239620869,-32.,-88.));
#3110 = SURFACE_CURVE('',#3111,(#3117,#3126),.PCURVE_S1.);
#3111 = B_SPLINE_CURVE_WITH_KNOTS('',4,(#3112,#3113,#3114,#3115,#3116),
  .UNSPECIFIED.,.F.,.F.,(5,5),(0.,1.),.PIECEWISE_BEZIER_KNOTS.);
#3112 = CARTESIAN_POINT('',(-21.46239620869,-32.,-83.1999994));
#3113 = CARTESIAN_POINT('',(-21.46239620869,-32.,-84.3999997));
#3114 = CARTESIAN_POINT('',(-21.46239620869,-32.,-85.6));
#3115 = CARTESIAN_POINT('',(-21.46239620869,-32.,-86.8000003));
#3116 = CARTESIAN_POINT('',(-21.46239620869,-32.,-88.0000006));
#3117 = PCURVE('',#1125,#3118);
#3118 = DEFINITIONAL_REPRESENTATION('',(#3119),#3125);
#3119 = B_SPLINE_CURVE_WITH_KNOTS('',4,(#3120,#3121,#3122,#3123,#3124),
  .UNSPECIFIED.,.F.,.F.,(5,5),(0.,1.),.PIECEWISE_BEZIER_KNOTS.);
#3120 = CARTESIAN_POINT('',(4.9000006,4.537603791304));
#3121 = CARTESIAN_POINT('',(3.7000003,4.537603791304));
#3122 = CARTESIAN_POINT('',(2.5,4.537603791304));
#3123 = CARTESIAN_POINT('',(1.2999997,4.537603791304));
#3124 = CARTESIAN_POINT('',(9.999939999999E-02,4.537603791304));
#3125 = ( GEOMETRIC_REPRESENTATION_CONTEXT(2) 
PARAMETRIC_REPRESENTATION_CONTEXT() REPRESENTATION_CONTEXT('2D SPACE',''
  ) );
#3126 = PCURVE('',#3127,#3135);
#3127 = SURFACE_OF_LINEAR_EXTRUSION('',#3128,#3133);
#3128 = ELLIPSE('',#3129,25.,19.5);
#3129 = AXIS2_PLACEMENT_3D('',#3130,#3131,#3132);
#3130 = CARTESIAN_POINT('',(0.,-42.,-88.));
#3131 = DIRECTION('',(0.,0.,1.));
#3132 = DIRECTION('',(1.,0.,0.));
#3133 = VECTOR('',#3134,1.);
#3134 = DIRECTION('',(-0.,-0.,-1.));
#3135 = DEFINITIONAL_REPRESENTATION('',(#3136),#3142);
#3136 = B_SPLINE_CURVE_WITH_KNOTS('',4,(#3137,#3138,#3139,#3140,#3141),
  .UNSPECIFIED.,.F.,.F.,(5,5),(0.,1.),.PIECEWISE_BEZIER_KNOTS.);
#3137 = CARTESIAN_POINT('',(2.603125662683,-4.8000006));
#3138 = CARTESIAN_POINT('',(2.603125662683,-3.6000003));
#3139 = CARTESIAN_POINT('',(2.603125662683,-2.4));
#3140 = CARTESIAN_POINT('',(2.603125662683,-1.1999997));
#3141 = CARTESIAN_POINT('',(2.603125662683,5.999999999062E-07));
#3142 = ( GEOMETRIC_REPRESENTATION_CONTEXT(2) 
PARAMETRIC_REPRESENTATION_CONTEXT() REPRESENTATION_CONTEXT('2D SPACE',''
  ) );
#3143 = ORIENTED_EDGE('',*,*,#3144,.F.);
#3144 = EDGE_CURVE('',#961,#3106,#3145,.T.);
#3145 = SURFACE_CURVE('',#3146,(#3150,#3156),.PCURVE_S1.);
#3146 = LINE('',#3147,#3148);
#3147 = CARTESIAN_POINT('',(-12.60397357046,-32.,-83.2));
#3148 = VECTOR('',#3149,1.);
#3149 = DIRECTION('',(-1.,0.,0.));
#3150 = PCURVE('',#1125,#3151);
#3151 = DEFINITIONAL_REPRESENTATION('',(#3152),#3155);
#3152 = B_SPLINE_CURVE_WITH_KNOTS('',1,(#3153,#3154),.UNSPECIFIED.,.F.,
  .F.,(2,2),(-37.60397357046,12.396026429534),.PIECEWISE_BEZIER_KNOTS.);
#3153 = CARTESIAN_POINT('',(4.9,51.));
#3154 = CARTESIAN_POINT('',(4.9,1.));
#3155 = ( GEOMETRIC_REPRESENTATION_CONTEXT(2) 
PARAMETRIC_REPRESENTATION_CONTEXT() REPRESENTATION_CONTEXT('2D SPACE',''
  ) );
#3156 = PCURVE('',#1054,#3157);
#3157 = DEFINITIONAL_REPRESENTATION('',(#3158),#3161);
#3158 = B_SPLINE_CURVE_WITH_KNOTS('',1,(#3159,#3160),.UNSPECIFIED.,.F.,
  .F.,(2,2),(-37.60397357046,12.396026429534),.PIECEWISE_BEZIER_KNOTS.);
#3159 = CARTESIAN_POINT('',(24.207947140932,10.));
#3160 = CARTESIAN_POINT('',(-25.79205285906,10.));
#3161 = ( GEOMETRIC_REPRESENTATION_CONTEXT(2) 
PARAMETRIC_REPRESENTATION_CONTEXT() REPRESENTATION_CONTEXT('2D SPACE',''
  ) );
#3162 = ORIENTED_EDGE('',*,*,#1105,.F.);
#3163 = ORIENTED_EDGE('',*,*,#2947,.F.);
#3164 = ORIENTED_EDGE('',*,*,#3165,.T.);
#3165 = EDGE_CURVE('',#2860,#3166,#3168,.T.);
#3166 = VERTEX_POINT('',#3167);
#3167 = CARTESIAN_POINT('',(-8.394908014499,-32.,-88.));
#3168 = SURFACE_CURVE('',#3169,(#3175,#3184),.PCURVE_S1.);
#3169 = B_SPLINE_CURVE_WITH_KNOTS('',4,(#3170,#3171,#3172,#3173,#3174),
  .UNSPECIFIED.,.F.,.F.,(5,5),(0.,1.),.PIECEWISE_BEZIER_KNOTS.);
#3170 = CARTESIAN_POINT('',(-8.394907989444,-32.,-83.1999994));
#3171 = CARTESIAN_POINT('',(-8.394907989444,-32.,-84.3999997));
#3172 = CARTESIAN_POINT('',(-8.394907989444,-32.,-85.6));
#3173 = CARTESIAN_POINT('',(-8.394907989444,-32.,-86.8000003));
#3174 = CARTESIAN_POINT('',(-8.394907989444,-32.,-88.0000006));
#3175 = PCURVE('',#1125,#3176);
#3176 = DEFINITIONAL_REPRESENTATION('',(#3177),#3183);
#3177 = B_SPLINE_CURVE_WITH_KNOTS('',4,(#3178,#3179,#3180,#3181,#3182),
  .UNSPECIFIED.,.F.,.F.,(5,5),(0.,1.),.PIECEWISE_BEZIER_KNOTS.);
#3178 = CARTESIAN_POINT('',(4.9000006,17.605092010556));
#3179 = CARTESIAN_POINT('',(3.7000003,17.605092010556));
#3180 = CARTESIAN_POINT('',(2.5,17.605092010556));
#3181 = CARTESIAN_POINT('',(1.2999997,17.605092010556));
#3182 = CARTESIAN_POINT('',(9.999939999994E-02,17.605092010556));
#3183 = ( GEOMETRIC_REPRESENTATION_CONTEXT(2) 
PARAMETRIC_REPRESENTATION_CONTEXT() REPRESENTATION_CONTEXT('2D SPACE',''
  ) );
#3184 = PCURVE('',#2913,#3185);
#3185 = DEFINITIONAL_REPRESENTATION('',(#3186),#3192);
#3186 = B_SPLINE_CURVE_WITH_KNOTS('',4,(#3187,#3188,#3189,#3190,#3191),
  .UNSPECIFIED.,.F.,.F.,(5,5),(0.,1.),.PIECEWISE_BEZIER_KNOTS.);
#3187 = CARTESIAN_POINT('',(2.087271467642,-4.9000006));
#3188 = CARTESIAN_POINT('',(2.087271467642,-3.7000003));
#3189 = CARTESIAN_POINT('',(2.087271467642,-2.5));
#3190 = CARTESIAN_POINT('',(2.087271467642,-1.2999997));
#3191 = CARTESIAN_POINT('',(2.087271467642,-9.999939999994E-02));
#3192 = ( GEOMETRIC_REPRESENTATION_CONTEXT(2) 
PARAMETRIC_REPRESENTATION_CONTEXT() REPRESENTATION_CONTEXT('2D SPACE',''
  ) );
#3193 = ORIENTED_EDGE('',*,*,#3194,.T.);
#3194 = EDGE_CURVE('',#3166,#3108,#3195,.T.);
#3195 = SURFACE_CURVE('',#3196,(#3200,#3206),.PCURVE_S1.);
#3196 = LINE('',#3197,#3198);
#3197 = CARTESIAN_POINT('',(-12.60397357046,-32.,-88.));
#3198 = VECTOR('',#3199,1.);
#3199 = DIRECTION('',(-1.,0.,0.));
#3200 = PCURVE('',#1125,#3201);
#3201 = DEFINITIONAL_REPRESENTATION('',(#3202),#3205);
#3202 = B_SPLINE_CURVE_WITH_KNOTS('',1,(#3203,#3204),.UNSPECIFIED.,.F.,
  .F.,(2,2),(-37.60397357046,12.396026429534),.PIECEWISE_BEZIER_KNOTS.);
#3203 = CARTESIAN_POINT('',(9.999999999999E-02,51.));
#3204 = CARTESIAN_POINT('',(9.999999999999E-02,1.));
#3205 = ( GEOMETRIC_REPRESENTATION_CONTEXT(2) 
PARAMETRIC_REPRESENTATION_CONTEXT() REPRESENTATION_CONTEXT('2D SPACE',''
  ) );
#3206 = PCURVE('',#3207,#3212);
#3207 = PLANE('',#3208);
#3208 = AXIS2_PLACEMENT_3D('',#3209,#3210,#3211);
#3209 = CARTESIAN_POINT('',(0.792052859068,-42.,-88.));
#3210 = DIRECTION('',(0.,0.,1.));
#3211 = DIRECTION('',(1.,0.,-0.));
#3212 = DEFINITIONAL_REPRESENTATION('',(#3213),#3216);
#3213 = B_SPLINE_CURVE_WITH_KNOTS('',1,(#3214,#3215),.UNSPECIFIED.,.F.,
  .F.,(2,2),(-37.60397357046,12.396026429534),.PIECEWISE_BEZIER_KNOTS.);
#3214 = CARTESIAN_POINT('',(24.207947140932,10.));
#3215 = CARTESIAN_POINT('',(-25.79205285906,10.));
#3216 = ( GEOMETRIC_REPRESENTATION_CONTEXT(2) 
PARAMETRIC_REPRESENTATION_CONTEXT() REPRESENTATION_CONTEXT('2D SPACE',''
  ) );
#3217 = ADVANCED_FACE('',(#3218),#1054,.T.);
#3218 = FACE_BOUND('',#3219,.T.);
#3219 = EDGE_LOOP('',(#3220,#3241,#3263,#3264));
#3220 = ORIENTED_EDGE('',*,*,#3221,.F.);
#3221 = EDGE_CURVE('',#3222,#927,#3224,.T.);
#3222 = VERTEX_POINT('',#3223);
#3223 = CARTESIAN_POINT('',(21.462396208696,-32.,-83.2));
#3224 = SURFACE_CURVE('',#3225,(#3229,#3235),.PCURVE_S1.);
#3225 = LINE('',#3226,#3227);
#3226 = CARTESIAN_POINT('',(-12.60397357046,-32.,-83.2));
#3227 = VECTOR('',#3228,1.);
#3228 = DIRECTION('',(-1.,0.,0.));
#3229 = PCURVE('',#1054,#3230);
#3230 = DEFINITIONAL_REPRESENTATION('',(#3231),#3234);
#3231 = B_SPLINE_CURVE_WITH_KNOTS('',1,(#3232,#3233),.UNSPECIFIED.,.F.,
  .F.,(2,2),(-37.60397357046,12.396026429534),.PIECEWISE_BEZIER_KNOTS.);
#3232 = CARTESIAN_POINT('',(24.207947140932,10.));
#3233 = CARTESIAN_POINT('',(-25.79205285906,10.));
#3234 = ( GEOMETRIC_REPRESENTATION_CONTEXT(2) 
PARAMETRIC_REPRESENTATION_CONTEXT() REPRESENTATION_CONTEXT('2D SPACE',''
  ) );
#3235 = PCURVE('',#946,#3236);
#3236 = DEFINITIONAL_REPRESENTATION('',(#3237),#3240);
#3237 = B_SPLINE_CURVE_WITH_KNOTS('',1,(#3238,#3239),.UNSPECIFIED.,.F.,
  .F.,(2,2),(-37.60397357046,12.396026429534),.PIECEWISE_BEZIER_KNOTS.);
#3238 = CARTESIAN_POINT('',(4.9,51.));
#3239 = CARTESIAN_POINT('',(4.9,1.));
#3240 = ( GEOMETRIC_REPRESENTATION_CONTEXT(2) 
PARAMETRIC_REPRESENTATION_CONTEXT() REPRESENTATION_CONTEXT('2D SPACE',''
  ) );
#3241 = ORIENTED_EDGE('',*,*,#3242,.T.);
#3242 = EDGE_CURVE('',#3222,#3106,#3243,.T.);
#3243 = SURFACE_CURVE('',#3244,(#3249,#3256),.PCURVE_S1.);
#3244 = ELLIPSE('',#3245,25.,19.5);
#3245 = AXIS2_PLACEMENT_3D('',#3246,#3247,#3248);
#3246 = CARTESIAN_POINT('',(0.,-42.,-83.2));
#3247 = DIRECTION('',(0.,0.,1.));
#3248 = DIRECTION('',(1.,0.,0.));
#3249 = PCURVE('',#1054,#3250);
#3250 = DEFINITIONAL_REPRESENTATION('',(#3251),#3255);
#3251 = ELLIPSE('',#3252,25.,19.5);
#3252 = AXIS2_PLACEMENT_2D('',#3253,#3254);
#3253 = CARTESIAN_POINT('',(-0.792052859068,-7.105427357601E-15));
#3254 = DIRECTION('',(1.,0.));
#3255 = ( GEOMETRIC_REPRESENTATION_CONTEXT(2) 
PARAMETRIC_REPRESENTATION_CONTEXT() REPRESENTATION_CONTEXT('2D SPACE',''
  ) );
#3256 = PCURVE('',#3127,#3257);
#3257 = DEFINITIONAL_REPRESENTATION('',(#3258),#3262);
#3258 = LINE('',#3259,#3260);
#3259 = CARTESIAN_POINT('',(0.,-4.8));
#3260 = VECTOR('',#3261,1.);
#3261 = DIRECTION('',(1.,0.));
#3262 = ( GEOMETRIC_REPRESENTATION_CONTEXT(2) 
PARAMETRIC_REPRESENTATION_CONTEXT() REPRESENTATION_CONTEXT('2D SPACE',''
  ) );
#3263 = ORIENTED_EDGE('',*,*,#3144,.F.);
#3264 = ORIENTED_EDGE('',*,*,#960,.T.);
#3265 = ADVANCED_FACE('',(#3266),#946,.F.);
#3266 = FACE_BOUND('',#3267,.F.);
#3267 = EDGE_LOOP('',(#3268,#3269,#3298,#3319,#3348,#3374,#3393,#3394));
#3268 = ORIENTED_EDGE('',*,*,#3221,.F.);
#3269 = ORIENTED_EDGE('',*,*,#3270,.T.);
#3270 = EDGE_CURVE('',#3222,#3271,#3273,.T.);
#3271 = VERTEX_POINT('',#3272);
#3272 = CARTESIAN_POINT('',(21.462396208696,-32.,-88.));
#3273 = SURFACE_CURVE('',#3274,(#3280,#3289),.PCURVE_S1.);
#3274 = B_SPLINE_CURVE_WITH_KNOTS('',4,(#3275,#3276,#3277,#3278,#3279),
  .UNSPECIFIED.,.F.,.F.,(5,5),(0.,1.),.PIECEWISE_BEZIER_KNOTS.);
#3275 = CARTESIAN_POINT('',(21.462396208696,-32.,-83.1999994));
#3276 = CARTESIAN_POINT('',(21.462396208696,-32.,-84.3999997));
#3277 = CARTESIAN_POINT('',(21.462396208696,-32.,-85.6));
#3278 = CARTESIAN_POINT('',(21.462396208696,-32.,-86.8000003));
#3279 = CARTESIAN_POINT('',(21.462396208696,-32.,-88.0000006));
#3280 = PCURVE('',#946,#3281);
#3281 = DEFINITIONAL_REPRESENTATION('',(#3282),#3288);
#3282 = B_SPLINE_CURVE_WITH_KNOTS('',4,(#3283,#3284,#3285,#3286,#3287),
  .UNSPECIFIED.,.F.,.F.,(5,5),(0.,1.),.PIECEWISE_BEZIER_KNOTS.);
#3283 = CARTESIAN_POINT('',(4.9000006,47.462396208696));
#3284 = CARTESIAN_POINT('',(3.7000003,47.462396208696));
#3285 = CARTESIAN_POINT('',(2.5,47.462396208696));
#3286 = CARTESIAN_POINT('',(1.2999997,47.462396208696));
#3287 = CARTESIAN_POINT('',(9.999939999999E-02,47.462396208696));
#3288 = ( GEOMETRIC_REPRESENTATION_CONTEXT(2) 
PARAMETRIC_REPRESENTATION_CONTEXT() REPRESENTATION_CONTEXT('2D SPACE',''
  ) );
#3289 = PCURVE('',#3127,#3290);
#3290 = DEFINITIONAL_REPRESENTATION('',(#3291),#3297);
#3291 = B_SPLINE_CURVE_WITH_KNOTS('',4,(#3292,#3293,#3294,#3295,#3296),
  .UNSPECIFIED.,.F.,.F.,(5,5),(0.,1.),.PIECEWISE_BEZIER_KNOTS.);
#3292 = CARTESIAN_POINT('',(0.538466990907,-4.8000006));
#3293 = CARTESIAN_POINT('',(0.538466990907,-3.6000003));
#3294 = CARTESIAN_POINT('',(0.538466990907,-2.4));
#3295 = CARTESIAN_POINT('',(0.538466990907,-1.1999997));
#3296 = CARTESIAN_POINT('',(0.538466990907,5.999999999062E-07));
#3297 = ( GEOMETRIC_REPRESENTATION_CONTEXT(2) 
PARAMETRIC_REPRESENTATION_CONTEXT() REPRESENTATION_CONTEXT('2D SPACE',''
  ) );
#3298 = ORIENTED_EDGE('',*,*,#3299,.T.);
#3299 = EDGE_CURVE('',#3271,#3300,#3302,.T.);
#3300 = VERTEX_POINT('',#3301);
#3301 = CARTESIAN_POINT('',(8.394908014499,-32.,-88.));
#3302 = SURFACE_CURVE('',#3303,(#3307,#3313),.PCURVE_S1.);
#3303 = LINE('',#3304,#3305);
#3304 = CARTESIAN_POINT('',(-12.60397357046,-32.,-88.));
#3305 = VECTOR('',#3306,1.);
#3306 = DIRECTION('',(-1.,0.,0.));
#3307 = PCURVE('',#946,#3308);
#3308 = DEFINITIONAL_REPRESENTATION('',(#3309),#3312);
#3309 = B_SPLINE_CURVE_WITH_KNOTS('',1,(#3310,#3311),.UNSPECIFIED.,.F.,
  .F.,(2,2),(-37.60397357046,12.396026429534),.PIECEWISE_BEZIER_KNOTS.);
#3310 = CARTESIAN_POINT('',(9.999999999999E-02,51.));
#3311 = CARTESIAN_POINT('',(9.999999999999E-02,1.));
#3312 = ( GEOMETRIC_REPRESENTATION_CONTEXT(2) 
PARAMETRIC_REPRESENTATION_CONTEXT() REPRESENTATION_CONTEXT('2D SPACE',''
  ) );
#3313 = PCURVE('',#3207,#3314);
#3314 = DEFINITIONAL_REPRESENTATION('',(#3315),#3318);
#3315 = B_SPLINE_CURVE_WITH_KNOTS('',1,(#3316,#3317),.UNSPECIFIED.,.F.,
  .F.,(2,2),(-37.60397357046,12.396026429534),.PIECEWISE_BEZIER_KNOTS.);
#3316 = CARTESIAN_POINT('',(24.207947140932,10.));
#3317 = CARTESIAN_POINT('',(-25.79205285906,10.));
#3318 = ( GEOMETRIC_REPRESENTATION_CONTEXT(2) 
PARAMETRIC_REPRESENTATION_CONTEXT() REPRESENTATION_CONTEXT('2D SPACE',''
  ) );
#3319 = ORIENTED_EDGE('',*,*,#3320,.F.);
#3320 = EDGE_CURVE('',#3321,#3300,#3323,.T.);
#3321 = VERTEX_POINT('',#3322);
#3322 = CARTESIAN_POINT('',(8.394907989444,-32.,-87.));
#3323 = SURFACE_CURVE('',#3324,(#3330,#3339),.PCURVE_S1.);
#3324 = B_SPLINE_CURVE_WITH_KNOTS('',4,(#3325,#3326,#3327,#3328,#3329),
  .UNSPECIFIED.,.F.,.F.,(5,5),(0.,1.),.PIECEWISE_BEZIER_KNOTS.);
#3325 = CARTESIAN_POINT('',(8.394907989444,-32.,-83.1999994));
#3326 = CARTESIAN_POINT('',(8.394907989444,-32.,-84.3999997));
#3327 = CARTESIAN_POINT('',(8.394907989444,-32.,-85.6));
#3328 = CARTESIAN_POINT('',(8.394907989444,-32.,-86.8000003));
#3329 = CARTESIAN_POINT('',(8.394907989444,-32.,-88.0000006));
#3330 = PCURVE('',#946,#3331);
#3331 = DEFINITIONAL_REPRESENTATION('',(#3332),#3338);
#3332 = B_SPLINE_CURVE_WITH_KNOTS('',4,(#3333,#3334,#3335,#3336,#3337),
  .UNSPECIFIED.,.F.,.F.,(5,5),(0.,1.),.PIECEWISE_BEZIER_KNOTS.);
#3333 = CARTESIAN_POINT('',(4.9000006,34.394907989444));
#3334 = CARTESIAN_POINT('',(3.7000003,34.394907989444));
#3335 = CARTESIAN_POINT('',(2.5,34.394907989444));
#3336 = CARTESIAN_POINT('',(1.2999997,34.394907989444));
#3337 = CARTESIAN_POINT('',(9.999939999994E-02,34.394907989444));
#3338 = ( GEOMETRIC_REPRESENTATION_CONTEXT(2) 
PARAMETRIC_REPRESENTATION_CONTEXT() REPRESENTATION_CONTEXT('2D SPACE',''
  ) );
#3339 = PCURVE('',#2913,#3340);
#3340 = DEFINITIONAL_REPRESENTATION('',(#3341),#3347);
#3341 = B_SPLINE_CURVE_WITH_KNOTS('',4,(#3342,#3343,#3344,#3345,#3346),
  .UNSPECIFIED.,.F.,.F.,(5,5),(0.,1.),.PIECEWISE_BEZIER_KNOTS.);
#3342 = CARTESIAN_POINT('',(1.054321185948,-4.9000006));
#3343 = CARTESIAN_POINT('',(1.054321185948,-3.7000003));
#3344 = CARTESIAN_POINT('',(1.054321185948,-2.5));
#3345 = CARTESIAN_POINT('',(1.054321185948,-1.2999997));
#3346 = CARTESIAN_POINT('',(1.054321185948,-9.999939999994E-02));
#3347 = ( GEOMETRIC_REPRESENTATION_CONTEXT(2) 
PARAMETRIC_REPRESENTATION_CONTEXT() REPRESENTATION_CONTEXT('2D SPACE',''
  ) );
#3348 = ORIENTED_EDGE('',*,*,#3349,.T.);
#3349 = EDGE_CURVE('',#3321,#3350,#3352,.T.);
#3350 = VERTEX_POINT('',#3351);
#3351 = CARTESIAN_POINT('',(14.196152422707,-32.,-87.));
#3352 = SURFACE_CURVE('',#3353,(#3357,#3363),.PCURVE_S1.);
#3353 = LINE('',#3354,#3355);
#3354 = CARTESIAN_POINT('',(-8.5,-32.,-87.));
#3355 = VECTOR('',#3356,1.);
#3356 = DIRECTION('',(1.,0.,0.));
#3357 = PCURVE('',#946,#3358);
#3358 = DEFINITIONAL_REPRESENTATION('',(#3359),#3362);
#3359 = B_SPLINE_CURVE_WITH_KNOTS('',1,(#3360,#3361),.UNSPECIFIED.,.F.,
  .F.,(2,2),(16.894907989444,23.5),.PIECEWISE_BEZIER_KNOTS.);
#3360 = CARTESIAN_POINT('',(1.1,34.394907989444));
#3361 = CARTESIAN_POINT('',(1.1,41.));
#3362 = ( GEOMETRIC_REPRESENTATION_CONTEXT(2) 
PARAMETRIC_REPRESENTATION_CONTEXT() REPRESENTATION_CONTEXT('2D SPACE',''
  ) );
#3363 = PCURVE('',#3364,#3369);
#3364 = PLANE('',#3365);
#3365 = AXIS2_PLACEMENT_3D('',#3366,#3367,#3368);
#3366 = CARTESIAN_POINT('',(9.,-35.,-87.));
#3367 = DIRECTION('',(0.,0.,1.));
#3368 = DIRECTION('',(1.,0.,-0.));
#3369 = DEFINITIONAL_REPRESENTATION('',(#3370),#3373);
#3370 = B_SPLINE_CURVE_WITH_KNOTS('',1,(#3371,#3372),.UNSPECIFIED.,.F.,
  .F.,(2,2),(16.894907989444,23.5),.PIECEWISE_BEZIER_KNOTS.);
#3371 = CARTESIAN_POINT('',(-0.605092010556,3.));
#3372 = CARTESIAN_POINT('',(6.,3.));
#3373 = ( GEOMETRIC_REPRESENTATION_CONTEXT(2) 
PARAMETRIC_REPRESENTATION_CONTEXT() REPRESENTATION_CONTEXT('2D SPACE',''
  ) );
#3374 = ORIENTED_EDGE('',*,*,#3375,.F.);
#3375 = EDGE_CURVE('',#2778,#3350,#3376,.T.);
#3376 = SURFACE_CURVE('',#3377,(#3381,#3387),.PCURVE_S1.);
#3377 = LINE('',#3378,#3379);
#3378 = CARTESIAN_POINT('',(14.196152422707,-32.,-87.));
#3379 = VECTOR('',#3380,1.);
#3380 = DIRECTION('',(-0.,-0.,-1.));
#3381 = PCURVE('',#946,#3382);
#3382 = DEFINITIONAL_REPRESENTATION('',(#3383),#3386);
#3383 = B_SPLINE_CURVE_WITH_KNOTS('',1,(#3384,#3385),.UNSPECIFIED.,.F.,
  .F.,(2,2),(-4.28000072,6.000000070117E-07),.PIECEWISE_BEZIER_KNOTS.);
#3384 = CARTESIAN_POINT('',(5.38000072,40.196152422707));
#3385 = CARTESIAN_POINT('',(1.0999994,40.196152422707));
#3386 = ( GEOMETRIC_REPRESENTATION_CONTEXT(2) 
PARAMETRIC_REPRESENTATION_CONTEXT() REPRESENTATION_CONTEXT('2D SPACE',''
  ) );
#3387 = PCURVE('',#2819,#3388);
#3388 = DEFINITIONAL_REPRESENTATION('',(#3389),#3392);
#3389 = B_SPLINE_CURVE_WITH_KNOTS('',1,(#3390,#3391),.UNSPECIFIED.,.F.,
  .F.,(2,2),(-4.28000072,6.000000070117E-07),.PIECEWISE_BEZIER_KNOTS.);
#3390 = CARTESIAN_POINT('',(-0.523598775598,-4.28000072));
#3391 = CARTESIAN_POINT('',(-0.523598775598,6.000000070117E-07));
#3392 = ( GEOMETRIC_REPRESENTATION_CONTEXT(2) 
PARAMETRIC_REPRESENTATION_CONTEXT() REPRESENTATION_CONTEXT('2D SPACE',''
  ) );
#3393 = ORIENTED_EDGE('',*,*,#2777,.F.);
#3394 = ORIENTED_EDGE('',*,*,#926,.T.);
#3395 = ADVANCED_FACE('',(#3396,#3430,#3461,#3492,#3523,#3526),#711,.F.
  );
#3396 = FACE_BOUND('',#3397,.F.);
#3397 = EDGE_LOOP('',(#3398));
#3398 = ORIENTED_EDGE('',*,*,#3399,.T.);
#3399 = EDGE_CURVE('',#3400,#3400,#3402,.T.);
#3400 = VERTEX_POINT('',#3401);
#3401 = CARTESIAN_POINT('',(44.,0.,4.));
#3402 = SURFACE_CURVE('',#3403,(#3408,#3415),.PCURVE_S1.);
#3403 = ELLIPSE('',#3404,44.,35.);
#3404 = AXIS2_PLACEMENT_3D('',#3405,#3406,#3407);
#3405 = CARTESIAN_POINT('',(0.,0.,4.));
#3406 = DIRECTION('',(0.,0.,1.));
#3407 = DIRECTION('',(1.,0.,0.));
#3408 = PCURVE('',#711,#3409);
#3409 = DEFINITIONAL_REPRESENTATION('',(#3410),#3414);
#3410 = ELLIPSE('',#3411,44.,35.);
#3411 = AXIS2_PLACEMENT_2D('',#3412,#3413);
#3412 = CARTESIAN_POINT('',(-1.282929419417,4.076557804336E-16));
#3413 = DIRECTION('',(1.,0.));
#3414 = ( GEOMETRIC_REPRESENTATION_CONTEXT(2) 
PARAMETRIC_REPRESENTATION_CONTEXT() REPRESENTATION_CONTEXT('2D SPACE',''
  ) );
#3415 = PCURVE('',#3416,#3424);
#3416 = SURFACE_OF_LINEAR_EXTRUSION('',#3417,#3422);
#3417 = ELLIPSE('',#3418,44.,35.);
#3418 = AXIS2_PLACEMENT_3D('',#3419,#3420,#3421);
#3419 = CARTESIAN_POINT('',(0.,0.,4.));
#3420 = DIRECTION('',(0.,0.,1.));
#3421 = DIRECTION('',(1.,0.,0.));
#3422 = VECTOR('',#3423,1.);
#3423 = DIRECTION('',(-0.,-0.,-1.));
#3424 = DEFINITIONAL_REPRESENTATION('',(#3425),#3429);
#3425 = LINE('',#3426,#3427);
#3426 = CARTESIAN_POINT('',(0.,0.));
#3427 = VECTOR('',#3428,1.);
#3428 = DIRECTION('',(1.,0.));
#3429 = ( GEOMETRIC_REPRESENTATION_CONTEXT(2) 
PARAMETRIC_REPRESENTATION_CONTEXT() REPRESENTATION_CONTEXT('2D SPACE',''
  ) );
#3430 = FACE_BOUND('',#3431,.F.);
#3431 = EDGE_LOOP('',(#3432));
#3432 = ORIENTED_EDGE('',*,*,#3433,.F.);
#3433 = EDGE_CURVE('',#3434,#3434,#3436,.T.);
#3434 = VERTEX_POINT('',#3435);
#3435 = CARTESIAN_POINT('',(-28.9,-19.,4.));
#3436 = SURFACE_CURVE('',#3437,(#3442,#3449),.PCURVE_S1.);
#3437 = CIRCLE('',#3438,3.1);
#3438 = AXIS2_PLACEMENT_3D('',#3439,#3440,#3441);
#3439 = CARTESIAN_POINT('',(-32.,-19.,4.));
#3440 = DIRECTION('',(0.,0.,1.));
#3441 = DIRECTION('',(1.,0.,-0.));
#3442 = PCURVE('',#711,#3443);
#3443 = DEFINITIONAL_REPRESENTATION('',(#3444),#3448);
#3444 = CIRCLE('',#3445,3.1);
#3445 = AXIS2_PLACEMENT_2D('',#3446,#3447);
#3446 = CARTESIAN_POINT('',(-33.28292941941,-19.));
#3447 = DIRECTION('',(1.,0.));
#3448 = ( GEOMETRIC_REPRESENTATION_CONTEXT(2) 
PARAMETRIC_REPRESENTATION_CONTEXT() REPRESENTATION_CONTEXT('2D SPACE',''
  ) );
#3449 = PCURVE('',#3450,#3455);
#3450 = CONICAL_SURFACE('',#3451,3.1,0.625485040239);
#3451 = AXIS2_PLACEMENT_3D('',#3452,#3453,#3454);
#3452 = CARTESIAN_POINT('',(-32.,-19.,4.));
#3453 = DIRECTION('',(-0.,-0.,-1.));
#3454 = DIRECTION('',(1.,0.,-0.));
#3455 = DEFINITIONAL_REPRESENTATION('',(#3456),#3460);
#3456 = LINE('',#3457,#3458);
#3457 = CARTESIAN_POINT('',(-0.,-0.));
#3458 = VECTOR('',#3459,1.);
#3459 = DIRECTION('',(-1.,-0.));
#3460 = ( GEOMETRIC_REPRESENTATION_CONTEXT(2) 
PARAMETRIC_REPRESENTATION_CONTEXT() REPRESENTATION_CONTEXT('2D SPACE',''
  ) );
#3461 = FACE_BOUND('',#3462,.F.);
#3462 = EDGE_LOOP('',(#3463));
#3463 = ORIENTED_EDGE('',*,*,#3464,.F.);
#3464 = EDGE_CURVE('',#3465,#3465,#3467,.T.);
#3465 = VERTEX_POINT('',#3466);
#3466 = CARTESIAN_POINT('',(35.1,-19.,4.));
#3467 = SURFACE_CURVE('',#3468,(#3473,#3480),.PCURVE_S1.);
#3468 = CIRCLE('',#3469,3.1);
#3469 = AXIS2_PLACEMENT_3D('',#3470,#3471,#3472);
#3470 = CARTESIAN_POINT('',(32.,-19.,4.));
#3471 = DIRECTION('',(0.,0.,1.));
#3472 = DIRECTION('',(1.,0.,-0.));
#3473 = PCURVE('',#711,#3474);
#3474 = DEFINITIONAL_REPRESENTATION('',(#3475),#3479);
#3475 = CIRCLE('',#3476,3.1);
#3476 = AXIS2_PLACEMENT_2D('',#3477,#3478);
#3477 = CARTESIAN_POINT('',(30.717070580583,-19.));
#3478 = DIRECTION('',(1.,0.));
#3479 = ( GEOMETRIC_REPRESENTATION_CONTEXT(2) 
PARAMETRIC_REPRESENTATION_CONTEXT() REPRESENTATION_CONTEXT('2D SPACE',''
  ) );
#3480 = PCURVE('',#3481,#3486);
#3481 = CONICAL_SURFACE('',#3482,3.1,0.625485040239);
#3482 = AXIS2_PLACEMENT_3D('',#3483,#3484,#3485);
#3483 = CARTESIAN_POINT('',(32.,-19.,4.));
#3484 = DIRECTION('',(-0.,-0.,-1.));
#3485 = DIRECTION('',(1.,0.,-0.));
#3486 = DEFINITIONAL_REPRESENTATION('',(#3487),#3491);
#3487 = LINE('',#3488,#3489);
#3488 = CARTESIAN_POINT('',(-0.,-0.));
#3489 = VECTOR('',#3490,1.);
#3490 = DIRECTION('',(-1.,-0.));
#3491 = ( GEOMETRIC_REPRESENTATION_CONTEXT(2) 
PARAMETRIC_REPRESENTATION_CONTEXT() REPRESENTATION_CONTEXT('2D SPACE',''
  ) );
#3492 = FACE_BOUND('',#3493,.F.);
#3493 = EDGE_LOOP('',(#3494));
#3494 = ORIENTED_EDGE('',*,*,#3495,.F.);
#3495 = EDGE_CURVE('',#3496,#3496,#3498,.T.);
#3496 = VERTEX_POINT('',#3497);
#3497 = CARTESIAN_POINT('',(-28.9,19.,4.));
#3498 = SURFACE_CURVE('',#3499,(#3504,#3511),.PCURVE_S1.);
#3499 = CIRCLE('',#3500,3.1);
#3500 = AXIS2_PLACEMENT_3D('',#3501,#3502,#3503);
#3501 = CARTESIAN_POINT('',(-32.,19.,4.));
#3502 = DIRECTION('',(0.,0.,1.));
#3503 = DIRECTION('',(1.,0.,-0.));
#3504 = PCURVE('',#711,#3505);
#3505 = DEFINITIONAL_REPRESENTATION('',(#3506),#3510);
#3506 = CIRCLE('',#3507,3.1);
#3507 = AXIS2_PLACEMENT_2D('',#3508,#3509);
#3508 = CARTESIAN_POINT('',(-33.28292941941,19.));
#3509 = DIRECTION('',(1.,0.));
#3510 = ( GEOMETRIC_REPRESENTATION_CONTEXT(2) 
PARAMETRIC_REPRESENTATION_CONTEXT() REPRESENTATION_CONTEXT('2D SPACE',''
  ) );
#3511 = PCURVE('',#3512,#3517);
#3512 = CONICAL_SURFACE('',#3513,3.1,0.625485040239);
#3513 = AXIS2_PLACEMENT_3D('',#3514,#3515,#3516);
#3514 = CARTESIAN_POINT('',(-32.,19.,4.));
#3515 = DIRECTION('',(-0.,-0.,-1.));
#3516 = DIRECTION('',(1.,0.,-0.));
#3517 = DEFINITIONAL_REPRESENTATION('',(#3518),#3522);
#3518 = LINE('',#3519,#3520);
#3519 = CARTESIAN_POINT('',(-0.,-0.));
#3520 = VECTOR('',#3521,1.);
#3521 = DIRECTION('',(-1.,-0.));
#3522 = ( GEOMETRIC_REPRESENTATION_CONTEXT(2) 
PARAMETRIC_REPRESENTATION_CONTEXT() REPRESENTATION_CONTEXT('2D SPACE',''
  ) );
#3523 = FACE_BOUND('',#3524,.F.);
#3524 = EDGE_LOOP('',(#3525));
#3525 = ORIENTED_EDGE('',*,*,#387,.T.);
#3526 = FACE_BOUND('',#3527,.F.);
#3527 = EDGE_LOOP('',(#3528));
#3528 = ORIENTED_EDGE('',*,*,#3529,.F.);
#3529 = EDGE_CURVE('',#3530,#3530,#3532,.T.);
#3530 = VERTEX_POINT('',#3531);
#3531 = CARTESIAN_POINT('',(35.1,19.,4.));
#3532 = SURFACE_CURVE('',#3533,(#3538,#3545),.PCURVE_S1.);
#3533 = CIRCLE('',#3534,3.1);
#3534 = AXIS2_PLACEMENT_3D('',#3535,#3536,#3537);
#3535 = CARTESIAN_POINT('',(32.,19.,4.));
#3536 = DIRECTION('',(0.,0.,1.));
#3537 = DIRECTION('',(1.,0.,-0.));
#3538 = PCURVE('',#711,#3539);
#3539 = DEFINITIONAL_REPRESENTATION('',(#3540),#3544);
#3540 = CIRCLE('',#3541,3.1);
#3541 = AXIS2_PLACEMENT_2D('',#3542,#3543);
#3542 = CARTESIAN_POINT('',(30.717070580583,19.));
#3543 = DIRECTION('',(1.,0.));
#3544 = ( GEOMETRIC_REPRESENTATION_CONTEXT(2) 
PARAMETRIC_REPRESENTATION_CONTEXT() REPRESENTATION_CONTEXT('2D SPACE',''
  ) );
#3545 = PCURVE('',#3546,#3551);
#3546 = CONICAL_SURFACE('',#3547,3.1,0.625485040239);
#3547 = AXIS2_PLACEMENT_3D('',#3548,#3549,#3550);
#3548 = CARTESIAN_POINT('',(32.,19.,4.));
#3549 = DIRECTION('',(-0.,-0.,-1.));
#3550 = DIRECTION('',(1.,0.,-0.));
#3551 = DEFINITIONAL_REPRESENTATION('',(#3552),#3556);
#3552 = LINE('',#3553,#3554);
#3553 = CARTESIAN_POINT('',(-0.,-0.));
#3554 = VECTOR('',#3555,1.);
#3555 = DIRECTION('',(-1.,-0.));
#3556 = ( GEOMETRIC_REPRESENTATION_CONTEXT(2) 
PARAMETRIC_REPRESENTATION_CONTEXT() REPRESENTATION_CONTEXT('2D SPACE',''
  ) );
#3557 = ADVANCED_FACE('',(#3558),#294,.T.);
#3558 = FACE_BOUND('',#3559,.T.);
#3559 = EDGE_LOOP('',(#3560,#3561,#3590,#3611,#3640,#3666,#3685,#3686));
#3560 = ORIENTED_EDGE('',*,*,#2615,.F.);
#3561 = ORIENTED_EDGE('',*,*,#3562,.T.);
#3562 = EDGE_CURVE('',#2584,#3563,#3565,.T.);
#3563 = VERTEX_POINT('',#3564);
#3564 = CARTESIAN_POINT('',(21.462396208696,-52.,-88.));
#3565 = SURFACE_CURVE('',#3566,(#3572,#3581),.PCURVE_S1.);
#3566 = B_SPLINE_CURVE_WITH_KNOTS('',4,(#3567,#3568,#3569,#3570,#3571),
  .UNSPECIFIED.,.F.,.F.,(5,5),(0.,1.),.PIECEWISE_BEZIER_KNOTS.);
#3567 = CARTESIAN_POINT('',(21.462396208696,-52.,-83.1999994));
#3568 = CARTESIAN_POINT('',(21.462396208696,-52.,-84.3999997));
#3569 = CARTESIAN_POINT('',(21.462396208696,-52.,-85.6));
#3570 = CARTESIAN_POINT('',(21.462396208696,-52.,-86.8000003));
#3571 = CARTESIAN_POINT('',(21.462396208696,-52.,-88.0000006));
#3572 = PCURVE('',#294,#3573);
#3573 = DEFINITIONAL_REPRESENTATION('',(#3574),#3580);
#3574 = B_SPLINE_CURVE_WITH_KNOTS('',4,(#3575,#3576,#3577,#3578,#3579),
  .UNSPECIFIED.,.F.,.F.,(5,5),(0.,1.),.PIECEWISE_BEZIER_KNOTS.);
#3575 = CARTESIAN_POINT('',(4.9000006,47.462396208696));
#3576 = CARTESIAN_POINT('',(3.7000003,47.462396208696));
#3577 = CARTESIAN_POINT('',(2.5,47.462396208696));
#3578 = CARTESIAN_POINT('',(1.2999997,47.462396208696));
#3579 = CARTESIAN_POINT('',(9.999939999999E-02,47.462396208696));
#3580 = ( GEOMETRIC_REPRESENTATION_CONTEXT(2) 
PARAMETRIC_REPRESENTATION_CONTEXT() REPRESENTATION_CONTEXT('2D SPACE',''
  ) );
#3581 = PCURVE('',#2600,#3582);
#3582 = DEFINITIONAL_REPRESENTATION('',(#3583),#3589);
#3583 = B_SPLINE_CURVE_WITH_KNOTS('',4,(#3584,#3585,#3586,#3587,#3588),
  .UNSPECIFIED.,.F.,.F.,(5,5),(0.,1.),.PIECEWISE_BEZIER_KNOTS.);
#3584 = CARTESIAN_POINT('',(5.744718316273,-4.8000006));
#3585 = CARTESIAN_POINT('',(5.744718316273,-3.6000003));
#3586 = CARTESIAN_POINT('',(5.744718316273,-2.4));
#3587 = CARTESIAN_POINT('',(5.744718316273,-1.1999997));
#3588 = CARTESIAN_POINT('',(5.744718316273,5.999999999062E-07));
#3589 = ( GEOMETRIC_REPRESENTATION_CONTEXT(2) 
PARAMETRIC_REPRESENTATION_CONTEXT() REPRESENTATION_CONTEXT('2D SPACE',''
  ) );
#3590 = ORIENTED_EDGE('',*,*,#3591,.T.);
#3591 = EDGE_CURVE('',#3563,#3592,#3594,.T.);
#3592 = VERTEX_POINT('',#3593);
#3593 = CARTESIAN_POINT('',(8.394908014499,-52.,-88.));
#3594 = SURFACE_CURVE('',#3595,(#3599,#3605),.PCURVE_S1.);
#3595 = LINE('',#3596,#3597);
#3596 = CARTESIAN_POINT('',(-12.60397357046,-52.,-88.));
#3597 = VECTOR('',#3598,1.);
#3598 = DIRECTION('',(-1.,0.,0.));
#3599 = PCURVE('',#294,#3600);
#3600 = DEFINITIONAL_REPRESENTATION('',(#3601),#3604);
#3601 = B_SPLINE_CURVE_WITH_KNOTS('',1,(#3602,#3603),.UNSPECIFIED.,.F.,
  .F.,(2,2),(-37.60397357046,12.396026429534),.PIECEWISE_BEZIER_KNOTS.);
#3602 = CARTESIAN_POINT('',(9.999999999999E-02,51.));
#3603 = CARTESIAN_POINT('',(9.999999999999E-02,1.));
#3604 = ( GEOMETRIC_REPRESENTATION_CONTEXT(2) 
PARAMETRIC_REPRESENTATION_CONTEXT() REPRESENTATION_CONTEXT('2D SPACE',''
  ) );
#3605 = PCURVE('',#2740,#3606);
#3606 = DEFINITIONAL_REPRESENTATION('',(#3607),#3610);
#3607 = B_SPLINE_CURVE_WITH_KNOTS('',1,(#3608,#3609),.UNSPECIFIED.,.F.,
  .F.,(2,2),(-37.60397357046,12.396026429534),.PIECEWISE_BEZIER_KNOTS.);
#3608 = CARTESIAN_POINT('',(24.207947140932,-10.));
#3609 = CARTESIAN_POINT('',(-25.79205285906,-10.));
#3610 = ( GEOMETRIC_REPRESENTATION_CONTEXT(2) 
PARAMETRIC_REPRESENTATION_CONTEXT() REPRESENTATION_CONTEXT('2D SPACE',''
  ) );
#3611 = ORIENTED_EDGE('',*,*,#3612,.F.);
#3612 = EDGE_CURVE('',#3613,#3592,#3615,.T.);
#3613 = VERTEX_POINT('',#3614);
#3614 = CARTESIAN_POINT('',(8.394907989444,-52.,-87.));
#3615 = SURFACE_CURVE('',#3616,(#3622,#3631),.PCURVE_S1.);
#3616 = B_SPLINE_CURVE_WITH_KNOTS('',4,(#3617,#3618,#3619,#3620,#3621),
  .UNSPECIFIED.,.F.,.F.,(5,5),(0.,1.),.PIECEWISE_BEZIER_KNOTS.);
#3617 = CARTESIAN_POINT('',(8.394907989444,-52.,-83.1999994));
#3618 = CARTESIAN_POINT('',(8.394907989444,-52.,-84.3999997));
#3619 = CARTESIAN_POINT('',(8.394907989444,-52.,-85.6));
#3620 = CARTESIAN_POINT('',(8.394907989444,-52.,-86.8000003));
#3621 = CARTESIAN_POINT('',(8.394907989444,-52.,-88.0000006));
#3622 = PCURVE('',#294,#3623);
#3623 = DEFINITIONAL_REPRESENTATION('',(#3624),#3630);
#3624 = B_SPLINE_CURVE_WITH_KNOTS('',4,(#3625,#3626,#3627,#3628,#3629),
  .UNSPECIFIED.,.F.,.F.,(5,5),(0.,1.),.PIECEWISE_BEZIER_KNOTS.);
#3625 = CARTESIAN_POINT('',(4.9000006,34.394907989444));
#3626 = CARTESIAN_POINT('',(3.7000003,34.394907989444));
#3627 = CARTESIAN_POINT('',(2.5,34.394907989444));
#3628 = CARTESIAN_POINT('',(1.2999997,34.394907989444));
#3629 = CARTESIAN_POINT('',(9.999939999994E-02,34.394907989444));
#3630 = ( GEOMETRIC_REPRESENTATION_CONTEXT(2) 
PARAMETRIC_REPRESENTATION_CONTEXT() REPRESENTATION_CONTEXT('2D SPACE',''
  ) );
#3631 = PCURVE('',#2710,#3632);
#3632 = DEFINITIONAL_REPRESENTATION('',(#3633),#3639);
#3633 = B_SPLINE_CURVE_WITH_KNOTS('',4,(#3634,#3635,#3636,#3637,#3638),
  .UNSPECIFIED.,.F.,.F.,(5,5),(0.,1.),.PIECEWISE_BEZIER_KNOTS.);
#3634 = CARTESIAN_POINT('',(5.228864121232,-4.9000006));
#3635 = CARTESIAN_POINT('',(5.228864121232,-3.7000003));
#3636 = CARTESIAN_POINT('',(5.228864121232,-2.5));
#3637 = CARTESIAN_POINT('',(5.228864121232,-1.2999997));
#3638 = CARTESIAN_POINT('',(5.228864121232,-9.999939999994E-02));
#3639 = ( GEOMETRIC_REPRESENTATION_CONTEXT(2) 
PARAMETRIC_REPRESENTATION_CONTEXT() REPRESENTATION_CONTEXT('2D SPACE',''
  ) );
#3640 = ORIENTED_EDGE('',*,*,#3641,.T.);
#3641 = EDGE_CURVE('',#3613,#3642,#3644,.T.);
#3642 = VERTEX_POINT('',#3643);
#3643 = CARTESIAN_POINT('',(14.196152422707,-52.,-87.));
#3644 = SURFACE_CURVE('',#3645,(#3649,#3655),.PCURVE_S1.);
#3645 = LINE('',#3646,#3647);
#3646 = CARTESIAN_POINT('',(-8.5,-52.,-87.));
#3647 = VECTOR('',#3648,1.);
#3648 = DIRECTION('',(1.,0.,0.));
#3649 = PCURVE('',#294,#3650);
#3650 = DEFINITIONAL_REPRESENTATION('',(#3651),#3654);
#3651 = B_SPLINE_CURVE_WITH_KNOTS('',1,(#3652,#3653),.UNSPECIFIED.,.F.,
  .F.,(2,2),(16.894907989444,23.5),.PIECEWISE_BEZIER_KNOTS.);
#3652 = CARTESIAN_POINT('',(1.1,34.394907989444));
#3653 = CARTESIAN_POINT('',(1.1,41.));
#3654 = ( GEOMETRIC_REPRESENTATION_CONTEXT(2) 
PARAMETRIC_REPRESENTATION_CONTEXT() REPRESENTATION_CONTEXT('2D SPACE',''
  ) );
#3655 = PCURVE('',#3656,#3661);
#3656 = PLANE('',#3657);
#3657 = AXIS2_PLACEMENT_3D('',#3658,#3659,#3660);
#3658 = CARTESIAN_POINT('',(9.,-49.,-87.));
#3659 = DIRECTION('',(0.,0.,1.));
#3660 = DIRECTION('',(1.,0.,-0.));
#3661 = DEFINITIONAL_REPRESENTATION('',(#3662),#3665);
#3662 = B_SPLINE_CURVE_WITH_KNOTS('',1,(#3663,#3664),.UNSPECIFIED.,.F.,
  .F.,(2,2),(16.894907989444,23.5),.PIECEWISE_BEZIER_KNOTS.);
#3663 = CARTESIAN_POINT('',(-0.605092010556,-3.));
#3664 = CARTESIAN_POINT('',(6.,-3.));
#3665 = ( GEOMETRIC_REPRESENTATION_CONTEXT(2) 
PARAMETRIC_REPRESENTATION_CONTEXT() REPRESENTATION_CONTEXT('2D SPACE',''
  ) );
#3666 = ORIENTED_EDGE('',*,*,#3667,.F.);
#3667 = EDGE_CURVE('',#2755,#3642,#3668,.T.);
#3668 = SURFACE_CURVE('',#3669,(#3673,#3679),.PCURVE_S1.);
#3669 = LINE('',#3670,#3671);
#3670 = CARTESIAN_POINT('',(14.196152422707,-52.,-87.));
#3671 = VECTOR('',#3672,1.);
#3672 = DIRECTION('',(-0.,-0.,-1.));
#3673 = PCURVE('',#294,#3674);
#3674 = DEFINITIONAL_REPRESENTATION('',(#3675),#3678);
#3675 = B_SPLINE_CURVE_WITH_KNOTS('',1,(#3676,#3677),.UNSPECIFIED.,.F.,
  .F.,(2,2),(-4.28000006,6.000000070117E-07),.PIECEWISE_BEZIER_KNOTS.);
#3676 = CARTESIAN_POINT('',(5.38000006,40.196152422707));
#3677 = CARTESIAN_POINT('',(1.0999994,40.196152422707));
#3678 = ( GEOMETRIC_REPRESENTATION_CONTEXT(2) 
PARAMETRIC_REPRESENTATION_CONTEXT() REPRESENTATION_CONTEXT('2D SPACE',''
  ) );
#3679 = PCURVE('',#1981,#3680);
#3680 = DEFINITIONAL_REPRESENTATION('',(#3681),#3684);
#3681 = B_SPLINE_CURVE_WITH_KNOTS('',1,(#3682,#3683),.UNSPECIFIED.,.F.,
  .F.,(2,2),(-4.28000006,6.000000070117E-07),.PIECEWISE_BEZIER_KNOTS.);
#3682 = CARTESIAN_POINT('',(-5.759586531581,-4.28000006));
#3683 = CARTESIAN_POINT('',(-5.759586531581,6.000000070117E-07));
#3684 = ( GEOMETRIC_REPRESENTATION_CONTEXT(2) 
PARAMETRIC_REPRESENTATION_CONTEXT() REPRESENTATION_CONTEXT('2D SPACE',''
  ) );
#3685 = ORIENTED_EDGE('',*,*,#2754,.F.);
#3686 = ORIENTED_EDGE('',*,*,#274,.F.);
#3687 = ADVANCED_FACE('',(#3688),#1398,.T.);
#3688 = FACE_BOUND('',#3689,.T.);
#3689 = EDGE_LOOP('',(#3690,#3691,#3692,#3693));
#3690 = ORIENTED_EDGE('',*,*,#1582,.F.);
#3691 = ORIENTED_EDGE('',*,*,#1220,.T.);
#3692 = ORIENTED_EDGE('',*,*,#1864,.T.);
#3693 = ORIENTED_EDGE('',*,*,#1610,.F.);
#3694 = ADVANCED_FACE('',(#3695),#1981,.F.);
#3695 = FACE_BOUND('',#3696,.T.);
#3696 = EDGE_LOOP('',(#3697,#3698,#3721,#3745,#3874,#3903,#3941,#3963,
    #3964,#3986,#3987,#3988,#3989,#4013));
#3697 = ORIENTED_EDGE('',*,*,#3048,.T.);
#3698 = ORIENTED_EDGE('',*,*,#3699,.T.);
#3699 = EDGE_CURVE('',#3049,#3700,#3702,.T.);
#3700 = VERTEX_POINT('',#3701);
#3701 = CARTESIAN_POINT('',(15.,-49.,-72.));
#3702 = SEAM_CURVE('',#3703,(#3707,#3714),.PCURVE_S1.);
#3703 = LINE('',#3704,#3705);
#3704 = CARTESIAN_POINT('',(15.,-49.,-87.));
#3705 = VECTOR('',#3706,1.);
#3706 = DIRECTION('',(0.,0.,1.));
#3707 = PCURVE('',#1981,#3708);
#3708 = DEFINITIONAL_REPRESENTATION('',(#3709),#3713);
#3709 = LINE('',#3710,#3711);
#3710 = CARTESIAN_POINT('',(-0.,0.));
#3711 = VECTOR('',#3712,1.);
#3712 = DIRECTION('',(-0.,-1.));
#3713 = ( GEOMETRIC_REPRESENTATION_CONTEXT(2) 
PARAMETRIC_REPRESENTATION_CONTEXT() REPRESENTATION_CONTEXT('2D SPACE',''
  ) );
#3714 = PCURVE('',#1981,#3715);
#3715 = DEFINITIONAL_REPRESENTATION('',(#3716),#3720);
#3716 = LINE('',#3717,#3718);
#3717 = CARTESIAN_POINT('',(-6.28318530718,0.));
#3718 = VECTOR('',#3719,1.);
#3719 = DIRECTION('',(-0.,-1.));
#3720 = ( GEOMETRIC_REPRESENTATION_CONTEXT(2) 
PARAMETRIC_REPRESENTATION_CONTEXT() REPRESENTATION_CONTEXT('2D SPACE',''
  ) );
#3721 = ORIENTED_EDGE('',*,*,#3722,.T.);
#3722 = EDGE_CURVE('',#3700,#3723,#3725,.T.);
#3723 = VERTEX_POINT('',#3724);
#3724 = CARTESIAN_POINT('',(14.830273331016,-47.58299157177,-72.));
#3725 = SURFACE_CURVE('',#3726,(#3731,#3738),.PCURVE_S1.);
#3726 = CIRCLE('',#3727,6.);
#3727 = AXIS2_PLACEMENT_3D('',#3728,#3729,#3730);
#3728 = CARTESIAN_POINT('',(9.,-49.,-72.));
#3729 = DIRECTION('',(0.,0.,1.));
#3730 = DIRECTION('',(1.,0.,0.));
#3731 = PCURVE('',#1981,#3732);
#3732 = DEFINITIONAL_REPRESENTATION('',(#3733),#3737);
#3733 = LINE('',#3734,#3735);
#3734 = CARTESIAN_POINT('',(-0.,-15.));
#3735 = VECTOR('',#3736,1.);
#3736 = DIRECTION('',(-1.,0.));
#3737 = ( GEOMETRIC_REPRESENTATION_CONTEXT(2) 
PARAMETRIC_REPRESENTATION_CONTEXT() REPRESENTATION_CONTEXT('2D SPACE',''
  ) );
#3738 = PCURVE('',#2059,#3739);
#3739 = DEFINITIONAL_REPRESENTATION('',(#3740),#3744);
#3740 = CIRCLE('',#3741,6.);
#3741 = AXIS2_PLACEMENT_2D('',#3742,#3743);
#3742 = CARTESIAN_POINT('',(0.,7.105427357601E-15));
#3743 = DIRECTION('',(1.,0.));
#3744 = ( GEOMETRIC_REPRESENTATION_CONTEXT(2) 
PARAMETRIC_REPRESENTATION_CONTEXT() REPRESENTATION_CONTEXT('2D SPACE',''
  ) );
#3745 = ORIENTED_EDGE('',*,*,#3746,.T.);
#3746 = EDGE_CURVE('',#3723,#3747,#3749,.T.);
#3747 = VERTEX_POINT('',#3748);
#3748 = CARTESIAN_POINT('',(14.894796396713,-47.88135106431,-76.));
#3749 = SURFACE_CURVE('',#3750,(#3759,#3771),.PCURVE_S1.);
#3750 = B_SPLINE_CURVE_WITH_KNOTS('',7,(#3751,#3752,#3753,#3754,#3755,
    #3756,#3757,#3758),.UNSPECIFIED.,.F.,.F.,(8,8),(0.,1.),
  .PIECEWISE_BEZIER_KNOTS.);
#3751 = CARTESIAN_POINT('',(14.830273306967,-47.58299147283,-71.9999994)
  );
#3752 = CARTESIAN_POINT('',(14.853066837376,-47.67677532054,
    -72.56867923215));
#3753 = CARTESIAN_POINT('',(14.871003023834,-47.75824332826,
    -73.13840284486));
#3754 = CARTESIAN_POINT('',(14.884421725812,-47.82503962177,
    -73.70933660582));
#3755 = CARTESIAN_POINT('',(14.893608360901,-47.87432061395,
    -74.28140251923));
#3756 = CARTESIAN_POINT('',(14.898724999846,-47.90273164733,
    -74.85428128784));
#3757 = CARTESIAN_POINT('',(14.899548972578,-47.906395085,
    -75.42741531046));
#3758 = CARTESIAN_POINT('',(14.894796396713,-47.88135106431,-76.));
#3759 = PCURVE('',#1981,#3760);
#3760 = DEFINITIONAL_REPRESENTATION('',(#3761),#3770);
#3761 = B_SPLINE_CURVE_WITH_KNOTS('',7,(#3762,#3763,#3764,#3765,#3766,
    #3767,#3768,#3769),.UNSPECIFIED.,.F.,.F.,(8,8),(0.,1.),
  .PIECEWISE_BEZIER_KNOTS.);
#3762 = CARTESIAN_POINT('',(-0.238420485222,-15.0000006));
#3763 = CARTESIAN_POINT('',(-0.222334816031,-14.43132076784));
#3764 = CARTESIAN_POINT('',(-0.208434884047,-13.86159715513));
#3765 = CARTESIAN_POINT('',(-0.197082265962,-13.29066339417));
#3766 = CARTESIAN_POINT('',(-0.188727028797,-12.71859748076));
#3767 = CARTESIAN_POINT('',(-0.18391581291,-12.14571871215));
#3768 = CARTESIAN_POINT('',(-0.18329037769,-11.57258468953));
#3769 = CARTESIAN_POINT('',(-0.187538873991,-11.));
#3770 = ( GEOMETRIC_REPRESENTATION_CONTEXT(2) 
PARAMETRIC_REPRESENTATION_CONTEXT() REPRESENTATION_CONTEXT('2D SPACE',''
  ) );
#3771 = PCURVE('',#3772,#3863);
#3772 = ( BOUNDED_SURFACE() B_SPLINE_SURFACE(14,5,(
    (#3773,#3774,#3775,#3776,#3777,#3778)
    ,(#3779,#3780,#3781,#3782,#3783,#3784)
    ,(#3785,#3786,#3787,#3788,#3789,#3790)
    ,(#3791,#3792,#3793,#3794,#3795,#3796)
    ,(#3797,#3798,#3799,#3800,#3801,#3802)
    ,(#3803,#3804,#3805,#3806,#3807,#3808)
    ,(#3809,#3810,#3811,#3812,#3813,#3814)
    ,(#3815,#3816,#3817,#3818,#3819,#3820)
    ,(#3821,#3822,#3823,#3824,#3825,#3826)
    ,(#3827,#3828,#3829,#3830,#3831,#3832)
    ,(#3833,#3834,#3835,#3836,#3837,#3838)
    ,(#3839,#3840,#3841,#3842,#3843,#3844)
    ,(#3845,#3846,#3847,#3848,#3849,#3850)
    ,(#3851,#3852,#3853,#3854,#3855,#3856)
    ,(#3857,#3858,#3859,#3860,#3861,#3862
)),.UNSPECIFIED.,.T.,.F.,.F.) B_SPLINE_SURFACE_WITH_KNOTS((15,15),(6,6),
  (0.,1.),(0.,1.),.PIECEWISE_BEZIER_KNOTS.) 
GEOMETRIC_REPRESENTATION_ITEM() RATIONAL_B_SPLINE_SURFACE((
    (1.,1.,1.,1.,1.,1.)
    ,(1.,1.,1.,1.,1.,1.)
    ,(1.,1.,1.,1.,1.,1.)
    ,(1.,1.,1.,1.,1.,1.)
    ,(1.,1.,1.,1.,1.,1.)
    ,(1.,1.,1.,1.,1.,1.)
    ,(1.,1.,1.,1.,1.,1.)
    ,(1.,1.,1.,1.,1.,1.)
    ,(1.,1.,1.,1.,1.,1.)
    ,(1.,1.,1.,1.,1.,1.)
    ,(1.,1.,1.,1.,1.,1.)
    ,(1.,1.,1.,1.,1.,1.)
    ,(1.,1.,1.,1.,1.,1.)
    ,(1.,1.,1.,1.,1.,1.)
,(1.,1.,1.,1.,1.,1.))) REPRESENTATION_ITEM('') SURFACE() );
#3773 = CARTESIAN_POINT('',(19.,-39.5,-76.));
#3774 = CARTESIAN_POINT('',(26.123044569638,-31.99413370891,
    -60.56609949556));
#3775 = CARTESIAN_POINT('',(18.446256865827,-20.970921322,
    -42.36281686344));
#3776 = CARTESIAN_POINT('',(32.849170364805,-19.98045879275,
    -25.95429108986));
#3777 = CARTESIAN_POINT('',(28.769192019074,-0.104288645744,
    -12.74783882291));
#3778 = CARTESIAN_POINT('',(30.,2.606519132579E-15,7.));
#3779 = CARTESIAN_POINT('',(19.000000000005,-33.44121416807,-76.));
#3780 = CARTESIAN_POINT('',(26.123044569632,-23.559953842,
    -60.56609949556));
#3781 = CARTESIAN_POINT('',(18.446256865842,-14.9258404115,
    -42.36281686344));
#3782 = CARTESIAN_POINT('',(32.849170364797,-9.726407995956,
    -25.95429108986));
#3783 = CARTESIAN_POINT('',(28.769192019074,9.484455769287,
    -12.74783882291));
#3784 = CARTESIAN_POINT('',(30.000000000004,9.873576911289,7.));
#3785 = CARTESIAN_POINT('',(14.878627137192,-27.38242609971,-76.));
#3786 = CARTESIAN_POINT('',(20.456581044264,-15.12577086188,
    -60.56609949556));
#3787 = CARTESIAN_POINT('',(14.444998841191,-8.880757269646,
    -42.36281686344));
#3788 = CARTESIAN_POINT('',(25.723713559232,0.527646585869,
    -25.95429108986));
#3789 = CARTESIAN_POINT('',(22.528741110033,19.073203723689,
    -12.74783882291));
#3790 = CARTESIAN_POINT('',(23.492569164001,19.747157467127,7.));
#3791 = CARTESIAN_POINT('',(6.63587614289,-22.85693882126,-76.));
#3792 = CARTESIAN_POINT('',(9.123646749275,-8.826031153147,
    -60.56609949556));
#3793 = CARTESIAN_POINT('',(6.442477677037,-4.365506604458,
    -42.36281686344));
#3794 = CARTESIAN_POINT('',(11.472790838629,8.186702000639,
    -25.95429108986));
#3795 = CARTESIAN_POINT('',(10.047831314101,26.235322021146,
    -12.74783882291));
#3796 = CARTESIAN_POINT('',(10.477699172943,27.122025624609,7.));
#3797 = CARTESIAN_POINT('',(-4.49560168009,-21.39788245634,-76.));
#3798 = CARTESIAN_POINT('',(-6.180989634211,-6.794940410138,
    -60.56609949556));
#3799 = CARTESIAN_POINT('',(-4.364580176906,-2.909750612558,
    -42.36281686344));
#3800 = CARTESIAN_POINT('',(-7.772462393418,10.656047922045,
    -25.95429108986));
#3801 = CARTESIAN_POINT('',(-6.807096209055,28.544451103577,
    -12.74783882291));
#3802 = CARTESIAN_POINT('',(-7.098318442164,29.499747108174,7.));
#3803 = CARTESIAN_POINT('',(-16.05073754757,-23.98881237636,-76.));
#3804 = CARTESIAN_POINT('',(-22.06811222847,-10.40166452504,
    -60.56609949556));
#3805 = CARTESIAN_POINT('',(-15.58294882544,-5.494819871234,
    -42.36281686344));
#3806 = CARTESIAN_POINT('',(-27.75017958895,6.27108899616,
    -25.95429108986));
#3807 = CARTESIAN_POINT('',(-24.30351318741,24.443998391336,
    -12.74783882291));
#3808 = CARTESIAN_POINT('',(-25.34326981209,25.277490942222,7.));
#3809 = CARTESIAN_POINT('',(-24.87179233162,-30.51054918893,-76.));
#3810 = CARTESIAN_POINT('',(-34.19615471539,-19.48029889978,
    -60.56609949556));
#3811 = CARTESIAN_POINT('',(-24.14691947723,-12.00180457149,
    -42.36281686344));
#3812 = CARTESIAN_POINT('',(-43.00093387213,-4.766472391532,
    -25.95429108986));
#3813 = CARTESIAN_POINT('',(-37.66007207561,14.122579351813,
    -12.74783882291));
#3814 = CARTESIAN_POINT('',(-39.27125104975,14.649475395817,7.));
#3815 = CARTESIAN_POINT('',(-28.1927434388,-39.49999999981,-76.));
#3816 = CARTESIAN_POINT('',(-38.76212070561,-31.99413370856,
    -60.56609949556));
#3817 = CARTESIAN_POINT('',(-27.37108353795,-20.97092132161,
    -42.36281686344));
#3818 = CARTESIAN_POINT('',(-48.74253854099,-19.980458793,
    -25.95429108986));
#3819 = CARTESIAN_POINT('',(-42.68854997622,-0.104288644992,
    -12.74783882291));
#3820 = CARTESIAN_POINT('',(-44.51485806145,2.913297794736E-10,7.));
#3821 = CARTESIAN_POINT('',(-24.87179233162,-48.4894508114,-76.));
#3822 = CARTESIAN_POINT('',(-34.19615471541,-44.50796851866,
    -60.56609949556));
#3823 = CARTESIAN_POINT('',(-24.14691947705,-29.94003807322,
    -42.36281686344));
#3824 = CARTESIAN_POINT('',(-43.00093387246,-35.19444519352,
    -25.95429108986));
#3825 = CARTESIAN_POINT('',(-37.66007207547,-14.33115664466,
    -12.74783882291));
#3826 = CARTESIAN_POINT('',(-39.27125104976,-14.64947539635,7.));
#3827 = CARTESIAN_POINT('',(-16.05073754757,-55.01118762338,-76.));
#3828 = CARTESIAN_POINT('',(-22.06811222844,-53.58660289229,
    -60.56609949556));
#3829 = CARTESIAN_POINT('',(-15.58294882572,-36.44702277223,
    -42.36281686344));
#3830 = CARTESIAN_POINT('',(-27.75017958847,-46.23200658198,
    -25.95429108986));
#3831 = CARTESIAN_POINT('',(-24.30351318761,-24.65257568179,
    -12.74783882291));
#3832 = CARTESIAN_POINT('',(-25.34326981208,-25.27749094181,7.));
#3833 = CARTESIAN_POINT('',(-4.495601680088,-57.60211754381,-76.));
#3834 = CARTESIAN_POINT('',(-6.180989634247,-57.19332700798,
    -60.56609949556));
#3835 = CARTESIAN_POINT('',(-4.364580176666,-39.03209203177,
    -42.36281686344));
#3836 = CARTESIAN_POINT('',(-7.772462393832,-50.61696550737,
    -25.95429108986));
#3837 = CARTESIAN_POINT('',(-6.807096208891,-28.75302839569,
    -12.74783882291));
#3838 = CARTESIAN_POINT('',(-7.098318442175,-29.49974710843,7.));
#3839 = CARTESIAN_POINT('',(6.635876142889,-56.14306117865,-76.));
#3840 = CARTESIAN_POINT('',(9.123646749297,-55.16223626452,
    -60.56609949556));
#3841 = CARTESIAN_POINT('',(6.442477676893,-37.57633603939,
    -42.36281686344));
#3842 = CARTESIAN_POINT('',(11.472790838871,-48.14761958621,
    -25.95429108986));
#3843 = CARTESIAN_POINT('',(10.047831314009,-26.44389931232,
    -12.74783882291));
#3844 = CARTESIAN_POINT('',(10.47769917295,-27.12202562447,7.));
#3845 = CARTESIAN_POINT('',(14.878627137192,-51.61757390031,-76.));
#3846 = CARTESIAN_POINT('',(20.456581044254,-48.86249655599,
    -60.56609949556));
#3847 = CARTESIAN_POINT('',(14.444998841251,-33.06108537441,
    -42.36281686344));
#3848 = CARTESIAN_POINT('',(25.723713559135,-40.48856417135,
    -25.95429108986));
#3849 = CARTESIAN_POINT('',(22.528741110068,-19.28178101528,
    -12.74783882291));
#3850 = CARTESIAN_POINT('',(23.492569163999,-19.74715746717,7.));
#3851 = CARTESIAN_POINT('',(19.000000000005,-45.55878583192,-76.));
#3852 = CARTESIAN_POINT('',(26.123044569634,-40.4283135758,
    -60.56609949556));
#3853 = CARTESIAN_POINT('',(18.446256865828,-27.01600223248,
    -42.36281686344));
#3854 = CARTESIAN_POINT('',(32.849170364819,-30.23450958955,
    -25.95429108986));
#3855 = CARTESIAN_POINT('',(28.769192019067,-9.69303306075,
    -12.74783882291));
#3856 = CARTESIAN_POINT('',(30.000000000005,-9.873576911278,7.));
#3857 = CARTESIAN_POINT('',(19.,-39.5,-76.));
#3858 = CARTESIAN_POINT('',(26.123044569638,-31.99413370891,
    -60.56609949556));
#3859 = CARTESIAN_POINT('',(18.446256865827,-20.970921322,
    -42.36281686344));
#3860 = CARTESIAN_POINT('',(32.849170364805,-19.98045879275,
    -25.95429108986));
#3861 = CARTESIAN_POINT('',(28.769192019074,-0.104288645743,
    -12.74783882291));
#3862 = CARTESIAN_POINT('',(30.,-1.160433578539E-14,7.));
#3863 = DEFINITIONAL_REPRESENTATION('',(#3864),#3873);
#3864 = B_SPLINE_CURVE_WITH_KNOTS('',7,(#3865,#3866,#3867,#3868,#3869,
    #3870,#3871,#3872),.UNSPECIFIED.,.F.,.F.,(8,8),(0.,1.),
  .PIECEWISE_BEZIER_KNOTS.);
#3865 = CARTESIAN_POINT('',(0.878902459416,5.097826864419E-02));
#3866 = CARTESIAN_POINT('',(0.880511631574,4.383816387918E-02));
#3867 = CARTESIAN_POINT('',(0.882219406982,3.665363331465E-02));
#3868 = CARTESIAN_POINT('',(0.884052655886,2.941999589892E-02));
#3869 = CARTESIAN_POINT('',(0.886043766143,2.213536253074E-02));
#3870 = CARTESIAN_POINT('',(0.888231912757,1.480068097143E-02));
#3871 = CARTESIAN_POINT('',(0.890664687844,7.419831291161E-03));
#3872 = CARTESIAN_POINT('',(0.893395661944,0.));
#3873 = ( GEOMETRIC_REPRESENTATION_CONTEXT(2) 
PARAMETRIC_REPRESENTATION_CONTEXT() REPRESENTATION_CONTEXT('2D SPACE',''
  ) );
#3874 = ORIENTED_EDGE('',*,*,#3875,.F.);
#3875 = EDGE_CURVE('',#3876,#3747,#3878,.T.);
#3876 = VERTEX_POINT('',#3877);
#3877 = CARTESIAN_POINT('',(4.244668978296,-52.65880128922,-76.));
#3878 = SURFACE_CURVE('',#3879,(#3884,#3891),.PCURVE_S1.);
#3879 = CIRCLE('',#3880,6.);
#3880 = AXIS2_PLACEMENT_3D('',#3881,#3882,#3883);
#3881 = CARTESIAN_POINT('',(9.,-49.,-76.));
#3882 = DIRECTION('',(0.,0.,-1.));
#3883 = DIRECTION('',(1.,0.,0.));
#3884 = PCURVE('',#1981,#3885);
#3885 = DEFINITIONAL_REPRESENTATION('',(#3886),#3890);
#3886 = LINE('',#3887,#3888);
#3887 = CARTESIAN_POINT('',(-6.28318530718,-11.));
#3888 = VECTOR('',#3889,1.);
#3889 = DIRECTION('',(1.,-0.));
#3890 = ( GEOMETRIC_REPRESENTATION_CONTEXT(2) 
PARAMETRIC_REPRESENTATION_CONTEXT() REPRESENTATION_CONTEXT('2D SPACE',''
  ) );
#3891 = PCURVE('',#3892,#3897);
#3892 = PLANE('',#3893);
#3893 = AXIS2_PLACEMENT_3D('',#3894,#3895,#3896);
#3894 = CARTESIAN_POINT('',(19.,-39.5,-76.));
#3895 = DIRECTION('',(0.,0.,-1.));
#3896 = DIRECTION('',(-1.,3.739698609511E-16,0.));
#3897 = DEFINITIONAL_REPRESENTATION('',(#3898),#3902);
#3898 = CIRCLE('',#3899,6.);
#3899 = AXIS2_PLACEMENT_2D('',#3900,#3901);
#3900 = CARTESIAN_POINT('',(10.,-9.5));
#3901 = DIRECTION('',(-1.,3.739698609511E-16));
#3902 = ( GEOMETRIC_REPRESENTATION_CONTEXT(2) 
PARAMETRIC_REPRESENTATION_CONTEXT() REPRESENTATION_CONTEXT('2D SPACE',''
  ) );
#3903 = ORIENTED_EDGE('',*,*,#3904,.T.);
#3904 = EDGE_CURVE('',#3876,#3905,#3907,.T.);
#3905 = VERTEX_POINT('',#3906);
#3906 = CARTESIAN_POINT('',(3.732227373623,-51.87238081681,-72.));
#3907 = SURFACE_CURVE('',#3908,(#3917,#3929),.PCURVE_S1.);
#3908 = B_SPLINE_CURVE_WITH_KNOTS('',7,(#3909,#3910,#3911,#3912,#3913,
    #3914,#3915,#3916),.UNSPECIFIED.,.F.,.F.,(8,8),(0.,1.),
  .PIECEWISE_BEZIER_KNOTS.);
#3909 = CARTESIAN_POINT('',(4.244668978296,-52.65880128922,-76.));
#3910 = CARTESIAN_POINT('',(4.191363651642,-52.58952054577,
    -75.42365080162));
#3911 = CARTESIAN_POINT('',(4.126999266392,-52.50342979893,
    -74.84892422591));
#3912 = CARTESIAN_POINT('',(4.054400239727,-52.40218671886,
    -74.27591664921));
#3913 = CARTESIAN_POINT('',(3.976366232487,-52.28722531507,
    -73.70463261649));
#3914 = CARTESIAN_POINT('',(3.895339499546,-52.15984580529,
    -73.13499872738));
#3915 = CARTESIAN_POINT('',(3.813384278834,-52.02121768121,
    -72.56686451909));
#3916 = CARTESIAN_POINT('',(3.732227287722,-51.87238065927,-71.9999994)
  );
#3917 = PCURVE('',#1981,#3918);
#3918 = DEFINITIONAL_REPRESENTATION('',(#3919),#3928);
#3919 = B_SPLINE_CURVE_WITH_KNOTS('',7,(#3920,#3921,#3922,#3923,#3924,
    #3925,#3926,#3927),.UNSPECIFIED.,.F.,.F.,(8,8),(0.,1.),
  .PIECEWISE_BEZIER_KNOTS.);
#3920 = CARTESIAN_POINT('',(-3.79740114281,-11.));
#3921 = CARTESIAN_POINT('',(-3.782832074298,-11.57634919837));
#3922 = CARTESIAN_POINT('',(-3.764918564416,-12.15107577408));
#3923 = CARTESIAN_POINT('',(-3.744161550734,-12.72408335078));
#3924 = CARTESIAN_POINT('',(-3.721019652764,-13.2953673835));
#3925 = CARTESIAN_POINT('',(-3.695878761913,-13.86500127261));
#3926 = CARTESIAN_POINT('',(-3.66905464855,-14.4331354809));
#3927 = CARTESIAN_POINT('',(-3.640800388151,-15.0000006));
#3928 = ( GEOMETRIC_REPRESENTATION_CONTEXT(2) 
PARAMETRIC_REPRESENTATION_CONTEXT() REPRESENTATION_CONTEXT('2D SPACE',''
  ) );
#3929 = PCURVE('',#3772,#3930);
#3930 = DEFINITIONAL_REPRESENTATION('',(#3931),#3940);
#3931 = B_SPLINE_CURVE_WITH_KNOTS('',7,(#3932,#3933,#3934,#3935,#3936,
    #3937,#3938,#3939),.UNSPECIFIED.,.F.,.F.,(8,8),(0.,1.),
  .PIECEWISE_BEZIER_KNOTS.);
#3932 = CARTESIAN_POINT('',(0.785858399004,0.));
#3933 = CARTESIAN_POINT('',(0.784889623847,7.4686136302E-03));
#3934 = CARTESIAN_POINT('',(0.783900645279,1.48694922177E-02));
#3935 = CARTESIAN_POINT('',(0.782908157436,2.220532669406E-02));
#3936 = CARTESIAN_POINT('',(0.781927733541,2.947963482035E-02));
#3937 = CARTESIAN_POINT('',(0.780971847707,3.669657355817E-02));
#3938 = CARTESIAN_POINT('',(0.780050352777,4.386094865306E-02));
#3939 = CARTESIAN_POINT('',(0.77917093191,5.097826864419E-02));
#3940 = ( GEOMETRIC_REPRESENTATION_CONTEXT(2) 
PARAMETRIC_REPRESENTATION_CONTEXT() REPRESENTATION_CONTEXT('2D SPACE',''
  ) );
#3941 = ORIENTED_EDGE('',*,*,#3942,.T.);
#3942 = EDGE_CURVE('',#3905,#1895,#3943,.T.);
#3943 = SURFACE_CURVE('',#3944,(#3949,#3956),.PCURVE_S1.);
#3944 = CIRCLE('',#3945,6.);
#3945 = AXIS2_PLACEMENT_3D('',#3946,#3947,#3948);
#3946 = CARTESIAN_POINT('',(9.,-49.,-72.));
#3947 = DIRECTION('',(0.,0.,1.));
#3948 = DIRECTION('',(1.,0.,0.));
#3949 = PCURVE('',#1981,#3950);
#3950 = DEFINITIONAL_REPRESENTATION('',(#3951),#3955);
#3951 = LINE('',#3952,#3953);
#3952 = CARTESIAN_POINT('',(-0.,-15.));
#3953 = VECTOR('',#3954,1.);
#3954 = DIRECTION('',(-1.,0.));
#3955 = ( GEOMETRIC_REPRESENTATION_CONTEXT(2) 
PARAMETRIC_REPRESENTATION_CONTEXT() REPRESENTATION_CONTEXT('2D SPACE',''
  ) );
#3956 = PCURVE('',#2059,#3957);
#3957 = DEFINITIONAL_REPRESENTATION('',(#3958),#3962);
#3958 = CIRCLE('',#3959,6.);
#3959 = AXIS2_PLACEMENT_2D('',#3960,#3961);
#3960 = CARTESIAN_POINT('',(0.,7.105427357601E-15));
#3961 = DIRECTION('',(1.,0.));
#3962 = ( GEOMETRIC_REPRESENTATION_CONTEXT(2) 
PARAMETRIC_REPRESENTATION_CONTEXT() REPRESENTATION_CONTEXT('2D SPACE',''
  ) );
#3963 = ORIENTED_EDGE('',*,*,#1892,.F.);
#3964 = ORIENTED_EDGE('',*,*,#3965,.T.);
#3965 = EDGE_CURVE('',#1893,#3700,#3966,.T.);
#3966 = SURFACE_CURVE('',#3967,(#3972,#3979),.PCURVE_S1.);
#3967 = CIRCLE('',#3968,6.);
#3968 = AXIS2_PLACEMENT_3D('',#3969,#3970,#3971);
#3969 = CARTESIAN_POINT('',(9.,-49.,-72.));
#3970 = DIRECTION('',(0.,0.,1.));
#3971 = DIRECTION('',(1.,0.,0.));
#3972 = PCURVE('',#1981,#3973);
#3973 = DEFINITIONAL_REPRESENTATION('',(#3974),#3978);
#3974 = LINE('',#3975,#3976);
#3975 = CARTESIAN_POINT('',(-0.,-15.));
#3976 = VECTOR('',#3977,1.);
#3977 = DIRECTION('',(-1.,0.));
#3978 = ( GEOMETRIC_REPRESENTATION_CONTEXT(2) 
PARAMETRIC_REPRESENTATION_CONTEXT() REPRESENTATION_CONTEXT('2D SPACE',''
  ) );
#3979 = PCURVE('',#2059,#3980);
#3980 = DEFINITIONAL_REPRESENTATION('',(#3981),#3985);
#3981 = CIRCLE('',#3982,6.);
#3982 = AXIS2_PLACEMENT_2D('',#3983,#3984);
#3983 = CARTESIAN_POINT('',(0.,7.105427357601E-15));
#3984 = DIRECTION('',(1.,0.));
#3985 = ( GEOMETRIC_REPRESENTATION_CONTEXT(2) 
PARAMETRIC_REPRESENTATION_CONTEXT() REPRESENTATION_CONTEXT('2D SPACE',''
  ) );
#3986 = ORIENTED_EDGE('',*,*,#3699,.F.);
#3987 = ORIENTED_EDGE('',*,*,#3076,.T.);
#3988 = ORIENTED_EDGE('',*,*,#3667,.T.);
#3989 = ORIENTED_EDGE('',*,*,#3990,.F.);
#3990 = EDGE_CURVE('',#3991,#3642,#3993,.T.);
#3991 = VERTEX_POINT('',#3992);
#3992 = CARTESIAN_POINT('',(4.593528518281,-53.07222409511,-87.));
#3993 = SURFACE_CURVE('',#3994,(#3999,#4006),.PCURVE_S1.);
#3994 = CIRCLE('',#3995,6.);
#3995 = AXIS2_PLACEMENT_3D('',#3996,#3997,#3998);
#3996 = CARTESIAN_POINT('',(9.,-49.,-87.));
#3997 = DIRECTION('',(0.,0.,1.));
#3998 = DIRECTION('',(1.,0.,0.));
#3999 = PCURVE('',#1981,#4000);
#4000 = DEFINITIONAL_REPRESENTATION('',(#4001),#4005);
#4001 = LINE('',#4002,#4003);
#4002 = CARTESIAN_POINT('',(-0.,0.));
#4003 = VECTOR('',#4004,1.);
#4004 = DIRECTION('',(-1.,0.));
#4005 = ( GEOMETRIC_REPRESENTATION_CONTEXT(2) 
PARAMETRIC_REPRESENTATION_CONTEXT() REPRESENTATION_CONTEXT('2D SPACE',''
  ) );
#4006 = PCURVE('',#3656,#4007);
#4007 = DEFINITIONAL_REPRESENTATION('',(#4008),#4012);
#4008 = CIRCLE('',#4009,6.);
#4009 = AXIS2_PLACEMENT_2D('',#4010,#4011);
#4010 = CARTESIAN_POINT('',(0.,7.105427357601E-15));
#4011 = DIRECTION('',(1.,0.));
#4012 = ( GEOMETRIC_REPRESENTATION_CONTEXT(2) 
PARAMETRIC_REPRESENTATION_CONTEXT() REPRESENTATION_CONTEXT('2D SPACE',''
  ) );
#4013 = ORIENTED_EDGE('',*,*,#4014,.F.);
#4014 = EDGE_CURVE('',#2969,#3991,#4015,.T.);
#4015 = SURFACE_CURVE('',#4016,(#4022,#4031),.PCURVE_S1.);
#4016 = B_SPLINE_CURVE_WITH_KNOTS('',4,(#4017,#4018,#4019,#4020,#4021),
  .UNSPECIFIED.,.F.,.F.,(5,5),(0.,1.),.PIECEWISE_BEZIER_KNOTS.);
#4017 = CARTESIAN_POINT('',(4.593528518281,-53.07222409511,-83.9999994)
  );
#4018 = CARTESIAN_POINT('',(4.593528518281,-53.07222409511,-84.7499997)
  );
#4019 = CARTESIAN_POINT('',(4.593528518281,-53.07222409511,-85.5));
#4020 = CARTESIAN_POINT('',(4.593528518281,-53.07222409511,-86.2500003)
  );
#4021 = CARTESIAN_POINT('',(4.593528518281,-53.07222409511,-87.0000006)
  );
#4022 = PCURVE('',#1981,#4023);
#4023 = DEFINITIONAL_REPRESENTATION('',(#4024),#4030);
#4024 = B_SPLINE_CURVE_WITH_KNOTS('',4,(#4025,#4026,#4027,#4028,#4029),
  .UNSPECIFIED.,.F.,.F.,(5,5),(0.,1.),.PIECEWISE_BEZIER_KNOTS.);
#4025 = CARTESIAN_POINT('',(-3.887589190408,-3.0000006));
#4026 = CARTESIAN_POINT('',(-3.887589190408,-2.2500003));
#4027 = CARTESIAN_POINT('',(-3.887589190408,-1.5));
#4028 = CARTESIAN_POINT('',(-3.887589190408,-0.7499997));
#4029 = CARTESIAN_POINT('',(-3.887589190408,5.999999999062E-07));
#4030 = ( GEOMETRIC_REPRESENTATION_CONTEXT(2) 
PARAMETRIC_REPRESENTATION_CONTEXT() REPRESENTATION_CONTEXT('2D SPACE',''
  ) );
#4031 = PCURVE('',#2710,#4032);
#4032 = DEFINITIONAL_REPRESENTATION('',(#4033),#4039);
#4033 = B_SPLINE_CURVE_WITH_KNOTS('',4,(#4034,#4035,#4036,#4037,#4038),
  .UNSPECIFIED.,.F.,.F.,(5,5),(0.,1.),.PIECEWISE_BEZIER_KNOTS.);
#4034 = CARTESIAN_POINT('',(4.985997584318,-4.1000006));
#4035 = CARTESIAN_POINT('',(4.985997584318,-3.3500003));
#4036 = CARTESIAN_POINT('',(4.985997584318,-2.6));
#4037 = CARTESIAN_POINT('',(4.985997584318,-1.8499997));
#4038 = CARTESIAN_POINT('',(4.985997584318,-1.0999994));
#4039 = ( GEOMETRIC_REPRESENTATION_CONTEXT(2) 
PARAMETRIC_REPRESENTATION_CONTEXT() REPRESENTATION_CONTEXT('2D SPACE',''
  ) );
#4040 = ADVANCED_FACE('',(#4041),#2059,.F.);
#4041 = FACE_BOUND('',#4042,.F.);
#4042 = EDGE_LOOP('',(#4043,#4044,#4045,#4093,#4094));
#4043 = ORIENTED_EDGE('',*,*,#3965,.T.);
#4044 = ORIENTED_EDGE('',*,*,#3722,.T.);
#4045 = ORIENTED_EDGE('',*,*,#4046,.T.);
#4046 = EDGE_CURVE('',#3723,#3905,#4047,.T.);
#4047 = SURFACE_CURVE('',#4048,(#4061,#4077),.PCURVE_S1.);
#4048 = B_SPLINE_CURVE_WITH_KNOTS('',6,(#4049,#4050,#4051,#4052,#4053,
    #4054,#4055,#4056,#4057,#4058,#4059,#4060),.UNSPECIFIED.,.F.,.F.,(7,
    5,7),(0.,0.482359592071,1.),.UNSPECIFIED.);
#4049 = CARTESIAN_POINT('',(15.,-47.45430036928,-72.));
#4050 = CARTESIAN_POINT('',(14.172372688378,-48.08948393493,-72.));
#4051 = CARTESIAN_POINT('',(13.301124258295,-48.66739543722,-72.));
#4052 = CARTESIAN_POINT('',(12.394637783812,-49.18974519324,-72.));
#4053 = CARTESIAN_POINT('',(11.459763431278,-49.65822380671,-72.));
#4054 = CARTESIAN_POINT('',(10.501946039894,-50.07469071778,-72.));
#4055 = CARTESIAN_POINT('',(8.476656773817,-50.83371395293,-72.));
#4056 = CARTESIAN_POINT('',(7.406653127988,-51.16850128246,-72.));
#4057 = CARTESIAN_POINT('',(6.320025527402,-51.44722424356,-72.));
#4058 = CARTESIAN_POINT('',(5.22105365389,-51.67128922207,-72.));
#4059 = CARTESIAN_POINT('',(4.113388352865,-51.84181978076,-72.));
#4060 = CARTESIAN_POINT('',(3.,-51.95942805402,-72.));
#4061 = PCURVE('',#2059,#4062);
#4062 = DEFINITIONAL_REPRESENTATION('',(#4063),#4076);
#4063 = B_SPLINE_CURVE_WITH_KNOTS('',6,(#4064,#4065,#4066,#4067,#4068,
    #4069,#4070,#4071,#4072,#4073,#4074,#4075),.UNSPECIFIED.,.F.,.F.,(7,
    5,7),(0.,0.482359592071,1.),.UNSPECIFIED.);
#4064 = CARTESIAN_POINT('',(6.,1.54569963072));
#4065 = CARTESIAN_POINT('',(5.172372688378,0.910516065065));
#4066 = CARTESIAN_POINT('',(4.301124258295,0.332604562779));
#4067 = CARTESIAN_POINT('',(3.394637783812,-0.189745193242));
#4068 = CARTESIAN_POINT('',(2.459763431278,-0.658223806716));
#4069 = CARTESIAN_POINT('',(1.501946039894,-1.07469071778));
#4070 = CARTESIAN_POINT('',(-0.523343226183,-1.833713952934));
#4071 = CARTESIAN_POINT('',(-1.593346872012,-2.16850128246));
#4072 = CARTESIAN_POINT('',(-2.679974472598,-2.447224243567));
#4073 = CARTESIAN_POINT('',(-3.77894634611,-2.671289222076));
#4074 = CARTESIAN_POINT('',(-4.886611647135,-2.841819780765));
#4075 = CARTESIAN_POINT('',(-6.,-2.959428054022));
#4076 = ( GEOMETRIC_REPRESENTATION_CONTEXT(2) 
PARAMETRIC_REPRESENTATION_CONTEXT() REPRESENTATION_CONTEXT('2D SPACE',''
  ) );
#4077 = PCURVE('',#3772,#4078);
#4078 = DEFINITIONAL_REPRESENTATION('',(#4079),#4092);
#4079 = B_SPLINE_CURVE_WITH_KNOTS('',6,(#4080,#4081,#4082,#4083,#4084,
    #4085,#4086,#4087,#4088,#4089,#4090,#4091),.UNSPECIFIED.,.F.,.F.,(7,
    5,7),(0.,0.482359592071,1.),.UNSPECIFIED.);
#4080 = CARTESIAN_POINT('',(0.880827793433,5.097826111084E-02));
#4081 = CARTESIAN_POINT('',(0.871378542776,5.097826111084E-02));
#4082 = CARTESIAN_POINT('',(0.862155656958,5.097826111084E-02));
#4083 = CARTESIAN_POINT('',(0.853129951294,5.097826111084E-02));
#4084 = CARTESIAN_POINT('',(0.844278327572,5.097826111084E-02));
#4085 = CARTESIAN_POINT('',(0.835577270372,5.097826111084E-02));
#4086 = CARTESIAN_POINT('',(0.817795369664,5.097826111084E-02));
#4087 = CARTESIAN_POINT('',(0.808736466798,5.097826111084E-02));
#4088 = CARTESIAN_POINT('',(0.799792008756,5.097826111084E-02));
#4089 = CARTESIAN_POINT('',(0.790937424122,5.097826111084E-02));
#4090 = CARTESIAN_POINT('',(0.782148980585,5.097826111084E-02));
#4091 = CARTESIAN_POINT('',(0.773401036093,5.097826111084E-02));
#4092 = ( GEOMETRIC_REPRESENTATION_CONTEXT(2) 
PARAMETRIC_REPRESENTATION_CONTEXT() REPRESENTATION_CONTEXT('2D SPACE',''
  ) );
#4093 = ORIENTED_EDGE('',*,*,#3942,.T.);
#4094 = ORIENTED_EDGE('',*,*,#2037,.F.);
#4095 = ADVANCED_FACE('',(#4096),#2101,.T.);
#4096 = FACE_BOUND('',#4097,.T.);
#4097 = EDGE_LOOP('',(#4098,#4099,#4100,#4101));
#4098 = ORIENTED_EDGE('',*,*,#2217,.F.);
#4099 = ORIENTED_EDGE('',*,*,#2077,.T.);
#4100 = ORIENTED_EDGE('',*,*,#2403,.T.);
#4101 = ORIENTED_EDGE('',*,*,#2375,.T.);
#4102 = ADVANCED_FACE('',(#4103),#2600,.F.);
#4103 = FACE_BOUND('',#4104,.F.);
#4104 = EDGE_LOOP('',(#4105,#4106,#4128,#4129));
#4105 = ORIENTED_EDGE('',*,*,#3562,.T.);
#4106 = ORIENTED_EDGE('',*,*,#4107,.F.);
#4107 = EDGE_CURVE('',#2639,#3563,#4108,.T.);
#4108 = SURFACE_CURVE('',#4109,(#4114,#4121),.PCURVE_S1.);
#4109 = ELLIPSE('',#4110,25.,19.5);
#4110 = AXIS2_PLACEMENT_3D('',#4111,#4112,#4113);
#4111 = CARTESIAN_POINT('',(0.,-42.,-88.));
#4112 = DIRECTION('',(0.,0.,1.));
#4113 = DIRECTION('',(1.,0.,0.));
#4114 = PCURVE('',#2600,#4115);
#4115 = DEFINITIONAL_REPRESENTATION('',(#4116),#4120);
#4116 = LINE('',#4117,#4118);
#4117 = CARTESIAN_POINT('',(0.,0.));
#4118 = VECTOR('',#4119,1.);
#4119 = DIRECTION('',(1.,0.));
#4120 = ( GEOMETRIC_REPRESENTATION_CONTEXT(2) 
PARAMETRIC_REPRESENTATION_CONTEXT() REPRESENTATION_CONTEXT('2D SPACE',''
  ) );
#4121 = PCURVE('',#2740,#4122);
#4122 = DEFINITIONAL_REPRESENTATION('',(#4123),#4127);
#4123 = ELLIPSE('',#4124,25.,19.5);
#4124 = AXIS2_PLACEMENT_2D('',#4125,#4126);
#4125 = CARTESIAN_POINT('',(-0.792052859068,-7.105427357601E-15));
#4126 = DIRECTION('',(1.,0.));
#4127 = ( GEOMETRIC_REPRESENTATION_CONTEXT(2) 
PARAMETRIC_REPRESENTATION_CONTEXT() REPRESENTATION_CONTEXT('2D SPACE',''
  ) );
#4128 = ORIENTED_EDGE('',*,*,#2638,.F.);
#4129 = ORIENTED_EDGE('',*,*,#2583,.T.);
#4130 = ADVANCED_FACE('',(#4131),#2740,.F.);
#4131 = FACE_BOUND('',#4132,.F.);
#4132 = EDGE_LOOP('',(#4133,#4134,#4135,#4621));
#4133 = ORIENTED_EDGE('',*,*,#4107,.T.);
#4134 = ORIENTED_EDGE('',*,*,#3591,.T.);
#4135 = ORIENTED_EDGE('',*,*,#4136,.T.);
#4136 = EDGE_CURVE('',#3592,#2691,#4137,.T.);
#4137 = SURFACE_CURVE('',#4138,(#4297,#4459),.PCURVE_S1.);
#4138 = B_SPLINE_CURVE_WITH_KNOTS('',7,(#4139,#4140,#4141,#4142,#4143,
    #4144,#4145,#4146,#4147,#4148,#4149,#4150,#4151,#4152,#4153,#4154,
    #4155,#4156,#4157,#4158,#4159,#4160,#4161,#4162,#4163,#4164,#4165,
    #4166,#4167,#4168,#4169,#4170,#4171,#4172,#4173,#4174,#4175,#4176,
    #4177,#4178,#4179,#4180,#4181,#4182,#4183,#4184,#4185,#4186,#4187,
    #4188,#4189,#4190,#4191,#4192,#4193,#4194,#4195,#4196,#4197,#4198,
    #4199,#4200,#4201,#4202,#4203,#4204,#4205,#4206,#4207,#4208,#4209,
    #4210,#4211,#4212,#4213,#4214,#4215,#4216,#4217,#4218,#4219,#4220,
    #4221,#4222,#4223,#4224,#4225,#4226,#4227,#4228,#4229,#4230,#4231,
    #4232,#4233,#4234,#4235,#4236,#4237,#4238,#4239,#4240,#4241,#4242,
    #4243,#4244,#4245,#4246,#4247,#4248,#4249,#4250,#4251,#4252,#4253,
    #4254,#4255,#4256,#4257,#4258,#4259,#4260,#4261,#4262,#4263,#4264,
    #4265,#4266,#4267,#4268,#4269,#4270,#4271,#4272,#4273,#4274,#4275,
    #4276,#4277,#4278,#4279,#4280,#4281,#4282,#4283,#4284,#4285,#4286,
    #4287,#4288,#4289,#4290,#4291,#4292,#4293,#4294,#4295,#4296),
  .UNSPECIFIED.,.T.,.F.,(8,6,6,6,6,6,6,6,6,6,6,6,6,6,6,6,6,6,6,6,6,6,6,6
    ,6,6,8),(0.,4.500270284535E-02,7.423063705875E-02,0.115011924789,
    0.148806455452,0.175475511872,0.249990612485,0.324505713099,
    0.351174769519,0.384969300182,0.425750587912,0.454978522125,
    0.479074250344,0.499996546937,0.529923970832,0.545014089952,
    0.574242498767,0.615024448703,0.648819528119,0.675489017591,
    0.750005328177,0.824521638764,0.851191128235,0.884986207652,
    0.925768157587,0.954996566403,1.),.UNSPECIFIED.);
#4139 = CARTESIAN_POINT('',(17.,-42.,-88.));
#4140 = CARTESIAN_POINT('',(17.,-42.58041735056,-88.));
#4141 = CARTESIAN_POINT('',(16.949477833553,-43.16110050417,-88.));
#4142 = CARTESIAN_POINT('',(16.848351204722,-43.73609891084,-88.));
#4143 = CARTESIAN_POINT('',(16.698695036127,-44.30057687798,-88.));
#4144 = CARTESIAN_POINT('',(16.503786423845,-44.85059892236,-88.));
#4145 = CARTESIAN_POINT('',(16.267702477904,-45.38303589078,-88.));
#4146 = CARTESIAN_POINT('',(15.817843330599,-46.22830743694,-88.));
#4147 = CARTESIAN_POINT('',(15.625165456745,-46.55286833192,-88.));
#4148 = CARTESIAN_POINT('',(15.418058735575,-46.86867221591,-88.));
#4149 = CARTESIAN_POINT('',(15.197644018592,-47.17538626208,-88.));
#4150 = CARTESIAN_POINT('',(14.964998157648,-47.47280990626,-88.));
#4151 = CARTESIAN_POINT('',(14.721119749407,-47.76085080937,-88.));
#4152 = CARTESIAN_POINT('',(14.11220591595,-48.42831468428,-88.));
#4153 = CARTESIAN_POINT('',(13.737441725766,-48.79879118363,-88.));
#4154 = CARTESIAN_POINT('',(13.345004868699,-49.15100629977,-88.));
#4155 = CARTESIAN_POINT('',(12.937042514978,-49.48517584797,-88.));
#4156 = CARTESIAN_POINT('',(12.515433365953,-49.80163247808,-88.));
#4157 = CARTESIAN_POINT('',(12.081763263728,-50.10079525104,-88.));
#4158 = CARTESIAN_POINT('',(11.268984811566,-50.61711127189,-88.));
#4159 = CARTESIAN_POINT('',(10.893300324977,-50.8395068478,-88.));
#4160 = CARTESIAN_POINT('',(10.51099805106,-51.05058196384,-88.));
#4161 = CARTESIAN_POINT('',(10.122752305914,-51.25058174353,-88.));
#4162 = CARTESIAN_POINT('',(9.72916183143,-51.43974135123,-88.));
#4163 = CARTESIAN_POINT('',(9.330750615018,-51.6182869302,-88.));
#4164 = CARTESIAN_POINT('',(8.610112146257,-51.91913231595,-88.));
#4165 = CARTESIAN_POINT('',(8.289542453907,-52.04535004036,-88.));
#4166 = CARTESIAN_POINT('',(7.966486217129,-52.16519438636,-88.));
#4167 = CARTESIAN_POINT('',(7.641153424419,-52.27876205692,-88.));
#4168 = CARTESIAN_POINT('',(7.31373773868,-52.38614243985,-88.));
#4169 = CARTESIAN_POINT('',(6.984416767968,-52.48741826222,-88.));
#4170 = CARTESIAN_POINT('',(5.72833650322,-52.84879538277,-88.));
#4171 = CARTESIAN_POINT('',(4.789889387095,-53.06781447632,-88.));
#4172 = CARTESIAN_POINT('',(3.841309787321,-53.24149161405,-88.));
#4173 = CARTESIAN_POINT('',(2.885539408106,-53.37095027943,-88.));
#4174 = CARTESIAN_POINT('',(1.925220223163,-53.45697495171,-88.));
#4175 = CARTESIAN_POINT('',(0.962694489991,-53.5,-88.));
#4176 = CARTESIAN_POINT('',(-0.96269448999,-53.5,-88.));
#4177 = CARTESIAN_POINT('',(-1.925220223151,-53.45697495171,-88.));
#4178 = CARTESIAN_POINT('',(-2.885539408116,-53.37095027943,-88.));
#4179 = CARTESIAN_POINT('',(-3.841309787307,-53.24149161405,-88.));
#4180 = CARTESIAN_POINT('',(-4.789889387098,-53.06781447632,-88.));
#4181 = CARTESIAN_POINT('',(-5.728336503215,-52.84879538277,-88.));
#4182 = CARTESIAN_POINT('',(-6.984416767964,-52.48741826222,-88.));
#4183 = CARTESIAN_POINT('',(-7.313737738677,-52.38614243985,-88.));
#4184 = CARTESIAN_POINT('',(-7.641153424416,-52.27876205692,-88.));
#4185 = CARTESIAN_POINT('',(-7.966486217126,-52.16519438637,-88.));
#4186 = CARTESIAN_POINT('',(-8.289542453904,-52.04535004036,-88.));
#4187 = CARTESIAN_POINT('',(-8.610112146254,-51.91913231595,-88.));
#4188 = CARTESIAN_POINT('',(-9.330750615015,-51.6182869302,-88.));
#4189 = CARTESIAN_POINT('',(-9.729161831427,-51.43974135123,-88.));
#4190 = CARTESIAN_POINT('',(-10.12275230591,-51.25058174353,-88.));
#4191 = CARTESIAN_POINT('',(-10.51099805105,-51.05058196384,-88.));
#4192 = CARTESIAN_POINT('',(-10.89330032497,-50.8395068478,-88.));
#4193 = CARTESIAN_POINT('',(-11.26898481156,-50.61711127189,-88.));
#4194 = CARTESIAN_POINT('',(-12.08176326372,-50.10079525104,-88.));
#4195 = CARTESIAN_POINT('',(-12.51543336595,-49.80163247809,-88.));
#4196 = CARTESIAN_POINT('',(-12.93704251497,-49.48517584797,-88.));
#4197 = CARTESIAN_POINT('',(-13.34500486869,-49.15100629977,-88.));
#4198 = CARTESIAN_POINT('',(-13.73744172576,-48.79879118363,-88.));
#4199 = CARTESIAN_POINT('',(-14.11220591594,-48.42831468429,-88.));
#4200 = CARTESIAN_POINT('',(-14.7211197494,-47.76085080937,-88.));
#4201 = CARTESIAN_POINT('',(-14.96499815764,-47.47280990626,-88.));
#4202 = CARTESIAN_POINT('',(-15.19764401859,-47.17538626208,-88.));
#4203 = CARTESIAN_POINT('',(-15.41805873557,-46.86867221592,-88.));
#4204 = CARTESIAN_POINT('',(-15.62516545674,-46.55286833192,-88.));
#4205 = CARTESIAN_POINT('',(-15.81784333059,-46.22830743695,-88.));
#4206 = CARTESIAN_POINT('',(-16.14100015995,-45.62110566182,-88.));
#4207 = CARTESIAN_POINT('',(-16.27646032919,-45.34111063725,-88.));
#4208 = CARTESIAN_POINT('',(-16.40071370212,-45.05580321965,-88.));
#4209 = CARTESIAN_POINT('',(-16.5131298958,-44.76556151207,-88.));
#4210 = CARTESIAN_POINT('',(-16.61310750251,-44.47084698259,-88.));
#4211 = CARTESIAN_POINT('',(-16.70010185138,-44.17221485245,-88.));
#4212 = CARTESIAN_POINT('',(-16.83753243108,-43.60819882798,-88.));
#4213 = CARTESIAN_POINT('',(-16.89127839241,-43.34359913845,-88.));
#4214 = CARTESIAN_POINT('',(-16.93459879681,-43.07697327408,-88.));
#4215 = CARTESIAN_POINT('',(-16.96725656764,-42.80879124203,-88.));
#4216 = CARTESIAN_POINT('',(-16.9890858216,-42.53954886727,-88.));
#4217 = CARTESIAN_POINT('',(-17.,-42.26976854616,-88.));
#4218 = CARTESIAN_POINT('',(-17.,-41.61412086867,-88.));
#4219 = CARTESIAN_POINT('',(-16.97766918366,-41.22818379032,-88.));
#4220 = CARTESIAN_POINT('',(-16.93299604407,-40.84385143461,-88.));
#4221 = CARTESIAN_POINT('',(-16.86635967407,-40.46262791651,-88.));
#4222 = CARTESIAN_POINT('',(-16.77844289628,-40.08587181588,-88.));
#4223 = CARTESIAN_POINT('',(-16.67017080021,-39.71480562056,-88.));
#4224 = CARTESIAN_POINT('',(-16.47838811304,-39.16684092008,-88.));
#4225 = CARTESIAN_POINT('',(-16.40920739917,-38.98486591238,-88.));
#4226 = CARTESIAN_POINT('',(-16.33527123292,-38.80472393938,-88.));
#4227 = CARTESIAN_POINT('',(-16.25672635096,-38.62652685128,-88.));
#4228 = CARTESIAN_POINT('',(-16.17372494653,-38.45037208897,-88.));
#4229 = CARTESIAN_POINT('',(-16.08642207711,-38.27634379376,-88.));
#4230 = CARTESIAN_POINT('',(-15.8178433306,-37.77169256305,-88.));
#4231 = CARTESIAN_POINT('',(-15.62516545674,-37.44713166807,-88.));
#4232 = CARTESIAN_POINT('',(-15.41805873557,-37.13132778408,-88.));
#4233 = CARTESIAN_POINT('',(-15.19764401859,-36.82461373791,-88.));
#4234 = CARTESIAN_POINT('',(-14.96499815764,-36.52719009373,-88.));
#4235 = CARTESIAN_POINT('',(-14.7211197494,-36.23914919062,-88.));
#4236 = CARTESIAN_POINT('',(-14.11220591595,-35.57168531571,-88.));
#4237 = CARTESIAN_POINT('',(-13.73744172576,-35.20120881637,-88.));
#4238 = CARTESIAN_POINT('',(-13.34500486869,-34.84899370023,-88.));
#4239 = CARTESIAN_POINT('',(-12.93704251497,-34.51482415202,-88.));
#4240 = CARTESIAN_POINT('',(-12.51543336595,-34.19836752191,-88.));
#4241 = CARTESIAN_POINT('',(-12.08176326372,-33.89920474896,-88.));
#4242 = CARTESIAN_POINT('',(-11.26898481156,-33.3828887281,-88.));
#4243 = CARTESIAN_POINT('',(-10.89330032497,-33.16049315219,-88.));
#4244 = CARTESIAN_POINT('',(-10.51099805106,-32.94941803615,-88.));
#4245 = CARTESIAN_POINT('',(-10.12275230591,-32.74941825646,-88.));
#4246 = CARTESIAN_POINT('',(-9.729161831431,-32.56025864876,-88.));
#4247 = CARTESIAN_POINT('',(-9.330750615019,-32.38171306979,-88.));
#4248 = CARTESIAN_POINT('',(-8.610112146258,-32.08086768404,-88.));
#4249 = CARTESIAN_POINT('',(-8.289542453908,-31.95464995963,-88.));
#4250 = CARTESIAN_POINT('',(-7.966486217129,-31.83480561363,-88.));
#4251 = CARTESIAN_POINT('',(-7.64115342442,-31.72123794307,-88.));
#4252 = CARTESIAN_POINT('',(-7.313737738681,-31.61385756014,-88.));
#4253 = CARTESIAN_POINT('',(-6.984416767968,-31.51258173777,-88.));
#4254 = CARTESIAN_POINT('',(-5.728336503221,-31.15120461722,-88.));
#4255 = CARTESIAN_POINT('',(-4.789889387094,-30.93218552367,-88.));
#4256 = CARTESIAN_POINT('',(-3.841309787325,-30.75850838594,-88.));
#4257 = CARTESIAN_POINT('',(-2.885539408104,-30.62904972056,-88.));
#4258 = CARTESIAN_POINT('',(-1.925220223164,-30.54302504828,-88.));
#4259 = CARTESIAN_POINT('',(-0.962694489991,-30.5,-88.));
#4260 = CARTESIAN_POINT('',(0.962694489991,-30.5,-88.));
#4261 = CARTESIAN_POINT('',(1.925220223148,-30.54302504828,-88.));
#4262 = CARTESIAN_POINT('',(2.88553940812,-30.62904972056,-88.));
#4263 = CARTESIAN_POINT('',(3.841309787303,-30.75850838594,-88.));
#4264 = CARTESIAN_POINT('',(4.789889387099,-30.93218552367,-88.));
#4265 = CARTESIAN_POINT('',(5.728336503216,-31.15120461722,-88.));
#4266 = CARTESIAN_POINT('',(6.984416767965,-31.51258173777,-88.));
#4267 = CARTESIAN_POINT('',(7.313737738677,-31.61385756014,-88.));
#4268 = CARTESIAN_POINT('',(7.641153424416,-31.72123794307,-88.));
#4269 = CARTESIAN_POINT('',(7.966486217126,-31.83480561363,-88.));
#4270 = CARTESIAN_POINT('',(8.289542453904,-31.95464995963,-88.));
#4271 = CARTESIAN_POINT('',(8.610112146255,-32.08086768404,-88.));
#4272 = CARTESIAN_POINT('',(9.330750615016,-32.38171306979,-88.));
#4273 = CARTESIAN_POINT('',(9.729161831427,-32.56025864876,-88.));
#4274 = CARTESIAN_POINT('',(10.122752305912,-32.74941825646,-88.));
#4275 = CARTESIAN_POINT('',(10.510998051057,-32.94941803615,-88.));
#4276 = CARTESIAN_POINT('',(10.893300324974,-33.16049315219,-88.));
#4277 = CARTESIAN_POINT('',(11.268984811564,-33.3828887281,-88.));
#4278 = CARTESIAN_POINT('',(12.081763263725,-33.89920474895,-88.));
#4279 = CARTESIAN_POINT('',(12.515433365952,-34.19836752191,-88.));
#4280 = CARTESIAN_POINT('',(12.937042514977,-34.51482415202,-88.));
#4281 = CARTESIAN_POINT('',(13.345004868697,-34.84899370022,-88.));
#4282 = CARTESIAN_POINT('',(13.737441725764,-35.20120881636,-88.));
#4283 = CARTESIAN_POINT('',(14.112205915949,-35.57168531571,-88.));
#4284 = CARTESIAN_POINT('',(14.721119749406,-36.23914919062,-88.));
#4285 = CARTESIAN_POINT('',(14.964998157648,-36.52719009373,-88.));
#4286 = CARTESIAN_POINT('',(15.19764401859,-36.82461373791,-88.));
#4287 = CARTESIAN_POINT('',(15.418058735573,-37.13132778408,-88.));
#4288 = CARTESIAN_POINT('',(15.625165456745,-37.44713166807,-88.));
#4289 = CARTESIAN_POINT('',(15.817843330598,-37.77169256304,-88.));
#4290 = CARTESIAN_POINT('',(16.267702477903,-38.61696410921,-88.));
#4291 = CARTESIAN_POINT('',(16.503786423845,-39.14940107763,-88.));
#4292 = CARTESIAN_POINT('',(16.698695036127,-39.69942312201,-88.));
#4293 = CARTESIAN_POINT('',(16.848351204722,-40.26390108916,-88.));
#4294 = CARTESIAN_POINT('',(16.949477833553,-40.83889949582,-88.));
#4295 = CARTESIAN_POINT('',(17.,-41.41958264943,-88.));
#4296 = CARTESIAN_POINT('',(17.,-42.,-88.));
#4297 = PCURVE('',#2740,#4298);
#4298 = DEFINITIONAL_REPRESENTATION('',(#4299),#4458);
#4299 = B_SPLINE_CURVE_WITH_KNOTS('',7,(#4300,#4301,#4302,#4303,#4304,
    #4305,#4306,#4307,#4308,#4309,#4310,#4311,#4312,#4313,#4314,#4315,
    #4316,#4317,#4318,#4319,#4320,#4321,#4322,#4323,#4324,#4325,#4326,
    #4327,#4328,#4329,#4330,#4331,#4332,#4333,#4334,#4335,#4336,#4337,
    #4338,#4339,#4340,#4341,#4342,#4343,#4344,#4345,#4346,#4347,#4348,
    #4349,#4350,#4351,#4352,#4353,#4354,#4355,#4356,#4357,#4358,#4359,
    #4360,#4361,#4362,#4363,#4364,#4365,#4366,#4367,#4368,#4369,#4370,
    #4371,#4372,#4373,#4374,#4375,#4376,#4377,#4378,#4379,#4380,#4381,
    #4382,#4383,#4384,#4385,#4386,#4387,#4388,#4389,#4390,#4391,#4392,
    #4393,#4394,#4395,#4396,#4397,#4398,#4399,#4400,#4401,#4402,#4403,
    #4404,#4405,#4406,#4407,#4408,#4409,#4410,#4411,#4412,#4413,#4414,
    #4415,#4416,#4417,#4418,#4419,#4420,#4421,#4422,#4423,#4424,#4425,
    #4426,#4427,#4428,#4429,#4430,#4431,#4432,#4433,#4434,#4435,#4436,
    #4437,#4438,#4439,#4440,#4441,#4442,#4443,#4444,#4445,#4446,#4447,
    #4448,#4449,#4450,#4451,#4452,#4453,#4454,#4455,#4456,#4457),
  .UNSPECIFIED.,.T.,.F.,(8,6,6,6,6,6,6,6,6,6,6,6,6,6,6,6,6,6,6,6,6,6,6,6
    ,6,6,8),(0.,4.500270284535E-02,7.423063705875E-02,0.115011924789,
    0.148806455452,0.175475511872,0.249990612485,0.324505713099,
    0.351174769519,0.384969300182,0.425750587912,0.454978522125,
    0.479074250344,0.499996546937,0.529923970832,0.545014089952,
    0.574242498767,0.615024448703,0.648819528119,0.675489017591,
    0.750005328177,0.824521638764,0.851191128235,0.884986207652,
    0.925768157587,0.954996566403,1.),.UNSPECIFIED.);
#4300 = CARTESIAN_POINT('',(16.207947140932,-7.105427357601E-15));
#4301 = CARTESIAN_POINT('',(16.207947140932,-0.580417350568));
#4302 = CARTESIAN_POINT('',(16.157424974486,-1.161100504173));
#4303 = CARTESIAN_POINT('',(16.056298345654,-1.73609891084));
#4304 = CARTESIAN_POINT('',(15.906642177059,-2.300576877982));
#4305 = CARTESIAN_POINT('',(15.711733564777,-2.850598922368));
#4306 = CARTESIAN_POINT('',(15.475649618836,-3.383035890786));
#4307 = CARTESIAN_POINT('',(15.025790471531,-4.228307436949));
#4308 = CARTESIAN_POINT('',(14.833112597677,-4.552868331924));
#4309 = CARTESIAN_POINT('',(14.626005876507,-4.868672215918));
#4310 = CARTESIAN_POINT('',(14.405591159524,-5.175386262086));
#4311 = CARTESIAN_POINT('',(14.17294529858,-5.472809906262));
#4312 = CARTESIAN_POINT('',(13.92906689034,-5.760850809374));
#4313 = CARTESIAN_POINT('',(13.320153056882,-6.428314684288));
#4314 = CARTESIAN_POINT('',(12.945388866698,-6.79879118363));
#4315 = CARTESIAN_POINT('',(12.552952009631,-7.15100629977));
#4316 = CARTESIAN_POINT('',(12.14498965591,-7.485175847974));
#4317 = CARTESIAN_POINT('',(11.723380506886,-7.801632478088));
#4318 = CARTESIAN_POINT('',(11.28971040466,-8.100795251041));
#4319 = CARTESIAN_POINT('',(10.476931952498,-8.617111271898));
#4320 = CARTESIAN_POINT('',(10.101247465909,-8.839506847807));
#4321 = CARTESIAN_POINT('',(9.718945191992,-9.050581963841));
#4322 = CARTESIAN_POINT('',(9.330699446846,-9.250581743532));
#4323 = CARTESIAN_POINT('',(8.937108972362,-9.439741351238));
#4324 = CARTESIAN_POINT('',(8.538697755951,-9.618286930207));
#4325 = CARTESIAN_POINT('',(7.818059287189,-9.919132315953));
#4326 = CARTESIAN_POINT('',(7.497489594839,-10.04535004036));
#4327 = CARTESIAN_POINT('',(7.174433358061,-10.16519438636));
#4328 = CARTESIAN_POINT('',(6.849100565351,-10.27876205692));
#4329 = CARTESIAN_POINT('',(6.521684879612,-10.38614243985));
#4330 = CARTESIAN_POINT('',(6.1923639089,-10.48741826222));
#4331 = CARTESIAN_POINT('',(4.936283644152,-10.84879538277));
#4332 = CARTESIAN_POINT('',(3.997836528028,-11.06781447632));
#4333 = CARTESIAN_POINT('',(3.049256928253,-11.24149161405));
#4334 = CARTESIAN_POINT('',(2.093486549038,-11.37095027943));
#4335 = CARTESIAN_POINT('',(1.133167364095,-11.45697495171));
#4336 = CARTESIAN_POINT('',(0.170641630923,-11.5));
#4337 = CARTESIAN_POINT('',(-1.754747349058,-11.5));
#4338 = CARTESIAN_POINT('',(-2.717273082219,-11.45697495171));
#4339 = CARTESIAN_POINT('',(-3.677592267184,-11.37095027943));
#4340 = CARTESIAN_POINT('',(-4.633362646374,-11.24149161405));
#4341 = CARTESIAN_POINT('',(-5.581942246165,-11.06781447632));
#4342 = CARTESIAN_POINT('',(-6.520389362283,-10.84879538277));
#4343 = CARTESIAN_POINT('',(-7.776469627032,-10.48741826222));
#4344 = CARTESIAN_POINT('',(-8.105790597745,-10.38614243985));
#4345 = CARTESIAN_POINT('',(-8.433206283484,-10.27876205692));
#4346 = CARTESIAN_POINT('',(-8.758539076193,-10.16519438637));
#4347 = CARTESIAN_POINT('',(-9.081595312972,-10.04535004036));
#4348 = CARTESIAN_POINT('',(-9.402165005322,-9.919132315954));
#4349 = CARTESIAN_POINT('',(-10.12280347408,-9.618286930208));
#4350 = CARTESIAN_POINT('',(-10.52121469049,-9.439741351239));
#4351 = CARTESIAN_POINT('',(-10.91480516497,-9.250581743533));
#4352 = CARTESIAN_POINT('',(-11.30305091012,-9.050581963843));
#4353 = CARTESIAN_POINT('',(-11.68535318404,-8.839506847809));
#4354 = CARTESIAN_POINT('',(-12.06103767063,-8.617111271899));
#4355 = CARTESIAN_POINT('',(-12.87381612279,-8.100795251043));
#4356 = CARTESIAN_POINT('',(-13.30748622501,-7.80163247809));
#4357 = CARTESIAN_POINT('',(-13.72909537404,-7.485175847975));
#4358 = CARTESIAN_POINT('',(-14.13705772776,-7.151006299772));
#4359 = CARTESIAN_POINT('',(-14.52949458483,-6.798791183632));
#4360 = CARTESIAN_POINT('',(-14.90425877501,-6.42831468429));
#4361 = CARTESIAN_POINT('',(-15.51317260847,-5.760850809376));
#4362 = CARTESIAN_POINT('',(-15.75705101671,-5.472809906264));
#4363 = CARTESIAN_POINT('',(-15.98969687765,-5.175386262087));
#4364 = CARTESIAN_POINT('',(-16.21011159464,-4.86867221592));
#4365 = CARTESIAN_POINT('',(-16.41721831581,-4.552868331926));
#4366 = CARTESIAN_POINT('',(-16.60989618966,-4.228307436951));
#4367 = CARTESIAN_POINT('',(-16.93305301901,-3.621105661825));
#4368 = CARTESIAN_POINT('',(-17.06851318826,-3.341110637252));
#4369 = CARTESIAN_POINT('',(-17.19276656119,-3.055803219659));
#4370 = CARTESIAN_POINT('',(-17.30518275487,-2.765561512077));
#4371 = CARTESIAN_POINT('',(-17.40516036158,-2.470846982592));
#4372 = CARTESIAN_POINT('',(-17.49215471045,-2.172214852458));
#4373 = CARTESIAN_POINT('',(-17.62958529015,-1.608198827982));
#4374 = CARTESIAN_POINT('',(-17.68333125148,-1.343599138457));
#4375 = CARTESIAN_POINT('',(-17.72665165587,-1.076973274087));
#4376 = CARTESIAN_POINT('',(-17.75930942671,-0.808791242035));
#4377 = CARTESIAN_POINT('',(-17.78113868067,-0.539548867276));
#4378 = CARTESIAN_POINT('',(-17.79205285906,-0.269768546164));
#4379 = CARTESIAN_POINT('',(-17.79205285906,0.385879131321));
#4380 = CARTESIAN_POINT('',(-17.76972204273,0.771816209673));
#4381 = CARTESIAN_POINT('',(-17.72504890314,1.156148565389));
#4382 = CARTESIAN_POINT('',(-17.65841253314,1.537372083484));
#4383 = CARTESIAN_POINT('',(-17.57049575534,1.914128184118));
#4384 = CARTESIAN_POINT('',(-17.46222365928,2.285194379439));
#4385 = CARTESIAN_POINT('',(-17.27044097211,2.833159079911));
#4386 = CARTESIAN_POINT('',(-17.20126025824,3.015134087615));
#4387 = CARTESIAN_POINT('',(-17.12732409199,3.195276060616));
#4388 = CARTESIAN_POINT('',(-17.04877921003,3.373473148713));
#4389 = CARTESIAN_POINT('',(-16.9657778056,3.549627911026));
#4390 = CARTESIAN_POINT('',(-16.87847493618,3.723656206234));
#4391 = CARTESIAN_POINT('',(-16.60989618966,4.228307436948));
#4392 = CARTESIAN_POINT('',(-16.41721831581,4.552868331922));
#4393 = CARTESIAN_POINT('',(-16.21011159464,4.868672215917));
#4394 = CARTESIAN_POINT('',(-15.98969687766,5.175386262085));
#4395 = CARTESIAN_POINT('',(-15.75705101671,5.472809906261));
#4396 = CARTESIAN_POINT('',(-15.51317260847,5.760850809373));
#4397 = CARTESIAN_POINT('',(-14.90425877501,6.428314684287));
#4398 = CARTESIAN_POINT('',(-14.52949458483,6.798791183629));
#4399 = CARTESIAN_POINT('',(-14.13705772776,7.151006299769));
#4400 = CARTESIAN_POINT('',(-13.72909537404,7.485175847973));
#4401 = CARTESIAN_POINT('',(-13.30748622502,7.801632478087));
#4402 = CARTESIAN_POINT('',(-12.87381612279,8.10079525104));
#4403 = CARTESIAN_POINT('',(-12.06103767063,8.617111271897));
#4404 = CARTESIAN_POINT('',(-11.68535318404,8.839506847807));
#4405 = CARTESIAN_POINT('',(-11.30305091012,9.050581963841));
#4406 = CARTESIAN_POINT('',(-10.91480516498,9.250581743532));
#4407 = CARTESIAN_POINT('',(-10.52121469049,9.439741351238));
#4408 = CARTESIAN_POINT('',(-10.12280347408,9.618286930207));
#4409 = CARTESIAN_POINT('',(-9.402165005326,9.919132315952));
#4410 = CARTESIAN_POINT('',(-9.081595312975,10.045350040366));
#4411 = CARTESIAN_POINT('',(-8.758539076197,10.165194386369));
#4412 = CARTESIAN_POINT('',(-8.433206283488,10.278762056925));
#4413 = CARTESIAN_POINT('',(-8.105790597749,10.386142439855));
#4414 = CARTESIAN_POINT('',(-7.776469627036,10.487418262221));
#4415 = CARTESIAN_POINT('',(-6.520389362289,10.848795382775));
#4416 = CARTESIAN_POINT('',(-5.581942246162,11.067814476324));
#4417 = CARTESIAN_POINT('',(-4.633362646393,11.241491614057));
#4418 = CARTESIAN_POINT('',(-3.677592267172,11.370950279438));
#4419 = CARTESIAN_POINT('',(-2.717273082232,11.456974951711));
#4420 = CARTESIAN_POINT('',(-1.754747349059,11.5));
#4421 = CARTESIAN_POINT('',(0.170641630923,11.5));
#4422 = CARTESIAN_POINT('',(1.13316736408,11.456974951711));
#4423 = CARTESIAN_POINT('',(2.093486549052,11.370950279438));
#4424 = CARTESIAN_POINT('',(3.049256928235,11.241491614058));
#4425 = CARTESIAN_POINT('',(3.997836528031,11.067814476323));
#4426 = CARTESIAN_POINT('',(4.936283644148,10.848795382777));
#4427 = CARTESIAN_POINT('',(6.192363908897,10.487418262222));
#4428 = CARTESIAN_POINT('',(6.52168487961,10.386142439856));
#4429 = CARTESIAN_POINT('',(6.849100565348,10.278762056926));
#4430 = CARTESIAN_POINT('',(7.174433358058,10.16519438637));
#4431 = CARTESIAN_POINT('',(7.497489594836,10.045350040367));
#4432 = CARTESIAN_POINT('',(7.818059287187,9.919132315953));
#4433 = CARTESIAN_POINT('',(8.538697755948,9.618286930208));
#4434 = CARTESIAN_POINT('',(8.93710897236,9.439741351239));
#4435 = CARTESIAN_POINT('',(9.330699446844,9.250581743533));
#4436 = CARTESIAN_POINT('',(9.71894519199,9.050581963843));
#4437 = CARTESIAN_POINT('',(10.101247465906,8.839506847809));
#4438 = CARTESIAN_POINT('',(10.476931952496,8.617111271899));
#4439 = CARTESIAN_POINT('',(11.289710404658,8.100795251043));
#4440 = CARTESIAN_POINT('',(11.723380506884,7.801632478089));
#4441 = CARTESIAN_POINT('',(12.144989655909,7.485175847975));
#4442 = CARTESIAN_POINT('',(12.552952009629,7.151006299772));
#4443 = CARTESIAN_POINT('',(12.945388866696,6.798791183632));
#4444 = CARTESIAN_POINT('',(13.320153056881,6.428314684289));
#4445 = CARTESIAN_POINT('',(13.929066890338,5.760850809376));
#4446 = CARTESIAN_POINT('',(14.172945298581,5.472809906262));
#4447 = CARTESIAN_POINT('',(14.405591159523,5.175386262088));
#4448 = CARTESIAN_POINT('',(14.626005876505,4.86867221592));
#4449 = CARTESIAN_POINT('',(14.833112597677,4.552868331924));
#4450 = CARTESIAN_POINT('',(15.02579047153,4.228307436951));
#4451 = CARTESIAN_POINT('',(15.475649618835,3.383035890788));
#4452 = CARTESIAN_POINT('',(15.711733564777,2.850598922365));
#4453 = CARTESIAN_POINT('',(15.906642177059,2.30057687799));
#4454 = CARTESIAN_POINT('',(16.056298345654,1.736098910834));
#4455 = CARTESIAN_POINT('',(16.157424974486,1.161100504178));
#4456 = CARTESIAN_POINT('',(16.207947140932,0.580417350567));
#4457 = CARTESIAN_POINT('',(16.207947140932,-7.105427357601E-15));
#4458 = ( GEOMETRIC_REPRESENTATION_CONTEXT(2) 
PARAMETRIC_REPRESENTATION_CONTEXT() REPRESENTATION_CONTEXT('2D SPACE',''
  ) );
#4459 = PCURVE('',#2710,#4460);
#4460 = DEFINITIONAL_REPRESENTATION('',(#4461),#4620);
#4461 = B_SPLINE_CURVE_WITH_KNOTS('',7,(#4462,#4463,#4464,#4465,#4466,
    #4467,#4468,#4469,#4470,#4471,#4472,#4473,#4474,#4475,#4476,#4477,
    #4478,#4479,#4480,#4481,#4482,#4483,#4484,#4485,#4486,#4487,#4488,
    #4489,#4490,#4491,#4492,#4493,#4494,#4495,#4496,#4497,#4498,#4499,
    #4500,#4501,#4502,#4503,#4504,#4505,#4506,#4507,#4508,#4509,#4510,
    #4511,#4512,#4513,#4514,#4515,#4516,#4517,#4518,#4519,#4520,#4521,
    #4522,#4523,#4524,#4525,#4526,#4527,#4528,#4529,#4530,#4531,#4532,
    #4533,#4534,#4535,#4536,#4537,#4538,#4539,#4540,#4541,#4542,#4543,
    #4544,#4545,#4546,#4547,#4548,#4549,#4550,#4551,#4552,#4553,#4554,
    #4555,#4556,#4557,#4558,#4559,#4560,#4561,#4562,#4563,#4564,#4565,
    #4566,#4567,#4568,#4569,#4570,#4571,#4572,#4573,#4574,#4575,#4576,
    #4577,#4578,#4579,#4580,#4581,#4582,#4583,#4584,#4585,#4586,#4587,
    #4588,#4589,#4590,#4591,#4592,#4593,#4594,#4595,#4596,#4597,#4598,
    #4599,#4600,#4601,#4602,#4603,#4604,#4605,#4606,#4607,#4608,#4609,
    #4610,#4611,#4612,#4613,#4614,#4615,#4616,#4617,#4618,#4619),
  .UNSPECIFIED.,.F.,.F.,(8,6,6,6,6,6,6,6,6,6,6,6,6,6,6,6,6,6,6,6,6,6,6,6
    ,6,6,8),(0.,4.500270284535E-02,7.423063705875E-02,0.115011924789,
    0.148806455452,0.175475511872,0.249990612485,0.324505713099,
    0.351174769519,0.384969300182,0.425750587912,0.454978522125,
    0.479074250344,0.499996546937,0.529923970832,0.545014089952,
    0.574242498767,0.615024448703,0.648819528119,0.675489017591,
    0.750005328177,0.824521638764,0.851191128235,0.884986207652,
    0.925768157587,0.954996566403,1.),.UNSPECIFIED.);
#4462 = CARTESIAN_POINT('',(6.28318530718,-1.E-01));
#4463 = CARTESIAN_POINT('',(6.232714233217,-1.E-01));
#4464 = CARTESIAN_POINT('',(6.18222005513,-1.E-01));
#4465 = CARTESIAN_POINT('',(6.132010151221,-1.E-01));
#4466 = CARTESIAN_POINT('',(6.082294417271,-1.E-01));
#4467 = CARTESIAN_POINT('',(6.033236813805,-1.E-01));
#4468 = CARTESIAN_POINT('',(5.984970936904,-1.E-01));
#4469 = CARTESIAN_POINT('',(5.906850652162,-1.E-01));
#4470 = CARTESIAN_POINT('',(5.876457219461,-1.E-01));
#4471 = CARTESIAN_POINT('',(5.846445191538,-1.E-01));
#4472 = CARTESIAN_POINT('',(5.816821737812,-1.E-01));
#4473 = CARTESIAN_POINT('',(5.787587769728,-1.E-01));
#4474 = CARTESIAN_POINT('',(5.758738840858,-1.E-01));
#4475 = CARTESIAN_POINT('',(5.690535887501,-1.E-01));
#4476 = CARTESIAN_POINT('',(5.651543377171,-1.E-01));
#4477 = CARTESIAN_POINT('',(5.613253762368,-1.E-01));
#4478 = CARTESIAN_POINT('',(5.575632151243,-1.E-01));
#4479 = CARTESIAN_POINT('',(5.538640684589,-1.E-01));
#4480 = CARTESIAN_POINT('',(5.502236753536,-1.E-01));
#4481 = CARTESIAN_POINT('',(5.436650258607,-1.E-01));
#4482 = CARTESIAN_POINT('',(5.407302422617,-1.E-01));
#4483 = CARTESIAN_POINT('',(5.378301829282,-1.E-01));
#4484 = CARTESIAN_POINT('',(5.349624693154,-1.E-01));
#4485 = CARTESIAN_POINT('',(5.321248451698,-1.E-01));
#4486 = CARTESIAN_POINT('',(5.293150893657,-1.E-01));
#4487 = CARTESIAN_POINT('',(5.243337999368,-1.E-01));
#4488 = CARTESIAN_POINT('',(5.221526729298,-1.E-01));
#4489 = CARTESIAN_POINT('',(5.19986472519,-1.E-01));
#4490 = CARTESIAN_POINT('',(5.178341881397,-1.E-01));
#4491 = CARTESIAN_POINT('',(5.156948542888,-1.E-01));
#4492 = CARTESIAN_POINT('',(5.135675309473,-1.E-01));
#4493 = CARTESIAN_POINT('',(5.055383506262,-1.E-01));
#4494 = CARTESIAN_POINT('',(4.997130383676,-1.E-01));
#4495 = CARTESIAN_POINT('',(4.939534273222,-1.E-01));
#4496 = CARTESIAN_POINT('',(4.882423257252,-1.E-01));
#4497 = CARTESIAN_POINT('',(4.825637216479,-1.E-01));
#4498 = CARTESIAN_POINT('',(4.769018068031,-1.E-01));
#4499 = CARTESIAN_POINT('',(4.655759892738,-1.E-01));
#4500 = CARTESIAN_POINT('',(4.599140744291,-1.E-01));
#4501 = CARTESIAN_POINT('',(4.542354703517,-1.E-01));
#4502 = CARTESIAN_POINT('',(4.485243687548,-1.E-01));
#4503 = CARTESIAN_POINT('',(4.427647577094,-1.E-01));
#4504 = CARTESIAN_POINT('',(4.369394454507,-1.E-01));
#4505 = CARTESIAN_POINT('',(4.289102651297,-1.E-01));
#4506 = CARTESIAN_POINT('',(4.267829417882,-1.E-01));
#4507 = CARTESIAN_POINT('',(4.246436079372,-1.E-01));
#4508 = CARTESIAN_POINT('',(4.22491323558,-1.E-01));
#4509 = CARTESIAN_POINT('',(4.203251231471,-1.E-01));
#4510 = CARTESIAN_POINT('',(4.181439961402,-1.E-01));
#4511 = CARTESIAN_POINT('',(4.131627067112,-1.E-01));
#4512 = CARTESIAN_POINT('',(4.103529509072,-1.E-01));
#4513 = CARTESIAN_POINT('',(4.075153267616,-1.E-01));
#4514 = CARTESIAN_POINT('',(4.046476131488,-1.E-01));
#4515 = CARTESIAN_POINT('',(4.017475538153,-1.E-01));
#4516 = CARTESIAN_POINT('',(3.988127702162,-1.E-01));
#4517 = CARTESIAN_POINT('',(3.922541207233,-1.E-01));
#4518 = CARTESIAN_POINT('',(3.88613727618,-1.E-01));
#4519 = CARTESIAN_POINT('',(3.849145809527,-1.E-01));
#4520 = CARTESIAN_POINT('',(3.811524198402,-1.E-01));
#4521 = CARTESIAN_POINT('',(3.773234583598,-1.E-01));
#4522 = CARTESIAN_POINT('',(3.734242073268,-1.E-01));
#4523 = CARTESIAN_POINT('',(3.666039119911,-1.E-01));
#4524 = CARTESIAN_POINT('',(3.637190191042,-1.E-01));
#4525 = CARTESIAN_POINT('',(3.607956222957,-1.E-01));
#4526 = CARTESIAN_POINT('',(3.578332769232,-1.E-01));
#4527 = CARTESIAN_POINT('',(3.548320741308,-1.E-01));
#4528 = CARTESIAN_POINT('',(3.517927308608,-1.E-01));
#4529 = CARTESIAN_POINT('',(3.461809513345,-1.E-01));
#4530 = CARTESIAN_POINT('',(3.436202374329,-1.E-01));
#4531 = CARTESIAN_POINT('',(3.410357258829,-1.E-01));
#4532 = CARTESIAN_POINT('',(3.384288701965,-1.E-01));
#4533 = CARTESIAN_POINT('',(3.358015314473,-1.E-01));
#4534 = CARTESIAN_POINT('',(3.331560778968,-1.E-01));
#4535 = CARTESIAN_POINT('',(3.28185410991,-1.E-01));
#4536 = CARTESIAN_POINT('',(3.258637588147,-1.E-01));
#4537 = CARTESIAN_POINT('',(3.235326854191,-1.E-01));
#4538 = CARTESIAN_POINT('',(3.211943419108,-1.E-01));
#4539 = CARTESIAN_POINT('',(3.188509937528,-1.E-01));
#4540 = CARTESIAN_POINT('',(3.165050788039,-1.E-01));
#4541 = CARTESIAN_POINT('',(3.108037946518,-1.E-01));
#4542 = CARTESIAN_POINT('',(3.074478206357,-1.E-01));
#4543 = CARTESIAN_POINT('',(3.040996273551,-1.E-01));
#4544 = CARTESIAN_POINT('',(3.007661229492,-1.E-01));
#4545 = CARTESIAN_POINT('',(2.974533318924,-1.E-01));
#4546 = CARTESIAN_POINT('',(2.941667382173,-1.E-01));
#4547 = CARTESIAN_POINT('',(2.892701009446,-1.E-01));
#4548 = CARTESIAN_POINT('',(2.876365225621,-1.E-01));
#4549 = CARTESIAN_POINT('',(2.860112871757,-1.E-01));
#4550 = CARTESIAN_POINT('',(2.843948497901,-1.E-01));
#4551 = CARTESIAN_POINT('',(2.82787586596,-1.E-01));
#4552 = CARTESIAN_POINT('',(2.811898037525,-1.E-01));
#4553 = CARTESIAN_POINT('',(2.765257998572,-1.E-01));
#4554 = CARTESIAN_POINT('',(2.734864565871,-1.E-01));
#4555 = CARTESIAN_POINT('',(2.704852537948,-1.E-01));
#4556 = CARTESIAN_POINT('',(2.675229084222,-1.E-01));
#4557 = CARTESIAN_POINT('',(2.645995116138,-1.E-01));
#4558 = CARTESIAN_POINT('',(2.617146187269,-1.E-01));
#4559 = CARTESIAN_POINT('',(2.548943233911,-1.E-01));
#4560 = CARTESIAN_POINT('',(2.509950723582,-1.E-01));
#4561 = CARTESIAN_POINT('',(2.471661108778,-1.E-01));
#4562 = CARTESIAN_POINT('',(2.434039497653,-1.E-01));
#4563 = CARTESIAN_POINT('',(2.397048031,-1.E-01));
#4564 = CARTESIAN_POINT('',(2.360644099947,-1.E-01));
#4565 = CARTESIAN_POINT('',(2.295057605017,-1.E-01));
#4566 = CARTESIAN_POINT('',(2.265709769027,-1.E-01));
#4567 = CARTESIAN_POINT('',(2.236709175692,-1.E-01));
#4568 = CARTESIAN_POINT('',(2.208032039564,-1.E-01));
#4569 = CARTESIAN_POINT('',(2.179655798108,-1.E-01));
#4570 = CARTESIAN_POINT('',(2.151558240067,-1.E-01));
#4571 = CARTESIAN_POINT('',(2.101745345778,-1.E-01));
#4572 = CARTESIAN_POINT('',(2.079934075709,-1.E-01));
#4573 = CARTESIAN_POINT('',(2.0582720716,-1.E-01));
#4574 = CARTESIAN_POINT('',(2.036749227808,-1.E-01));
#4575 = CARTESIAN_POINT('',(2.015355889298,-1.E-01));
#4576 = CARTESIAN_POINT('',(1.994082655883,-1.E-01));
#4577 = CARTESIAN_POINT('',(1.913790852673,-1.E-01));
#4578 = CARTESIAN_POINT('',(1.855537730086,-1.E-01));
#4579 = CARTESIAN_POINT('',(1.797941619632,-1.E-01));
#4580 = CARTESIAN_POINT('',(1.740830603662,-1.E-01));
#4581 = CARTESIAN_POINT('',(1.684044562889,-1.E-01));
#4582 = CARTESIAN_POINT('',(1.627425414441,-1.E-01));
#4583 = CARTESIAN_POINT('',(1.514167239148,-1.E-01));
#4584 = CARTESIAN_POINT('',(1.457548090702,-1.E-01));
#4585 = CARTESIAN_POINT('',(1.400762049927,-1.E-01));
#4586 = CARTESIAN_POINT('',(1.343651033959,-1.E-01));
#4587 = CARTESIAN_POINT('',(1.286054923504,-1.E-01));
#4588 = CARTESIAN_POINT('',(1.227801800918,-1.E-01));
#4589 = CARTESIAN_POINT('',(1.147509997707,-1.E-01));
#4590 = CARTESIAN_POINT('',(1.126236764292,-1.E-01));
#4591 = CARTESIAN_POINT('',(1.104843425783,-1.E-01));
#4592 = CARTESIAN_POINT('',(1.08332058199,-1.E-01));
#4593 = CARTESIAN_POINT('',(1.061658577881,-1.E-01));
#4594 = CARTESIAN_POINT('',(1.039847307812,-1.E-01));
#4595 = CARTESIAN_POINT('',(0.990034413523,-1.E-01));
#4596 = CARTESIAN_POINT('',(0.961936855482,-1.E-01));
#4597 = CARTESIAN_POINT('',(0.933560614026,-1.E-01));
#4598 = CARTESIAN_POINT('',(0.904883477898,-1.E-01));
#4599 = CARTESIAN_POINT('',(0.875882884563,-1.E-01));
#4600 = CARTESIAN_POINT('',(0.846535048573,-1.E-01));
#4601 = CARTESIAN_POINT('',(0.780948553643,-1.E-01));
#4602 = CARTESIAN_POINT('',(0.74454462259,-1.E-01));
#4603 = CARTESIAN_POINT('',(0.707553155937,-1.E-01));
#4604 = CARTESIAN_POINT('',(0.669931544812,-1.E-01));
#4605 = CARTESIAN_POINT('',(0.631641930008,-1.E-01));
#4606 = CARTESIAN_POINT('',(0.592649419679,-1.E-01));
#4607 = CARTESIAN_POINT('',(0.524446466322,-1.E-01));
#4608 = CARTESIAN_POINT('',(0.495597537452,-1.E-01));
#4609 = CARTESIAN_POINT('',(0.466363569368,-1.E-01));
#4610 = CARTESIAN_POINT('',(0.436740115642,-1.E-01));
#4611 = CARTESIAN_POINT('',(0.406728087719,-1.E-01));
#4612 = CARTESIAN_POINT('',(0.376334655018,-1.E-01));
#4613 = CARTESIAN_POINT('',(0.298214370275,-1.E-01));
#4614 = CARTESIAN_POINT('',(0.249948493375,-9.999999999999E-02));
#4615 = CARTESIAN_POINT('',(0.20089088991,-0.1));
#4616 = CARTESIAN_POINT('',(0.151175155958,-9.999999999995E-02));
#4617 = CARTESIAN_POINT('',(0.10096525205,-0.1));
#4618 = CARTESIAN_POINT('',(5.047107396234E-02,-9.999999999999E-02));
#4619 = CARTESIAN_POINT('',(0.,-9.999999999999E-02));
#4620 = ( GEOMETRIC_REPRESENTATION_CONTEXT(2) 
PARAMETRIC_REPRESENTATION_CONTEXT() REPRESENTATION_CONTEXT('2D SPACE',''
  ) );
#4621 = ORIENTED_EDGE('',*,*,#2727,.T.);
#4622 = ADVANCED_FACE('',(#4623),#2710,.T.);
#4623 = FACE_BOUND('',#4624,.T.);
#4624 = EDGE_LOOP('',(#4625,#4626,#4627,#4660,#4661,#4662));
#4625 = ORIENTED_EDGE('',*,*,#2968,.F.);
#4626 = ORIENTED_EDGE('',*,*,#4014,.T.);
#4627 = ORIENTED_EDGE('',*,*,#4628,.F.);
#4628 = EDGE_CURVE('',#3613,#3991,#4629,.T.);
#4629 = SURFACE_CURVE('',#4630,(#4638,#4649),.PCURVE_S1.);
#4630 = B_SPLINE_CURVE_WITH_KNOTS('',6,(#4631,#4632,#4633,#4634,#4635,
    #4636,#4637),.UNSPECIFIED.,.F.,.F.,(7,7),(0.,1.),
  .PIECEWISE_BEZIER_KNOTS.);
#4631 = CARTESIAN_POINT('',(8.394908003659,-51.99999999453,-87.));
#4632 = CARTESIAN_POINT('',(7.528739520686,-52.33274853298,-87.));
#4633 = CARTESIAN_POINT('',(6.644390083366,-52.61799716335,-87.));
#4634 = CARTESIAN_POINT('',(5.746127652123,-52.85796872611,-87.));
#4635 = CARTESIAN_POINT('',(4.837478709278,-53.05416154489,-87.));
#4636 = CARTESIAN_POINT('',(3.921353704289,-53.20777572198,-87.));
#4637 = CARTESIAN_POINT('',(3.,-53.31951800604,-87.));
#4638 = PCURVE('',#2710,#4639);
#4639 = DEFINITIONAL_REPRESENTATION('',(#4640),#4648);
#4640 = B_SPLINE_CURVE_WITH_KNOTS('',6,(#4641,#4642,#4643,#4644,#4645,
    #4646,#4647),.UNSPECIFIED.,.F.,.F.,(7,7),(0.,1.),
  .PIECEWISE_BEZIER_KNOTS.);
#4641 = CARTESIAN_POINT('',(5.228864122193,-1.1));
#4642 = CARTESIAN_POINT('',(5.170270371842,-1.1));
#4643 = CARTESIAN_POINT('',(5.112786250516,-1.1));
#4644 = CARTESIAN_POINT('',(5.05617307908,-1.1));
#4645 = CARTESIAN_POINT('',(5.000251295984,-1.1));
#4646 = CARTESIAN_POINT('',(4.944850000159,-1.1));
#4647 = CARTESIAN_POINT('',(4.889788584825,-1.1));
#4648 = ( GEOMETRIC_REPRESENTATION_CONTEXT(2) 
PARAMETRIC_REPRESENTATION_CONTEXT() REPRESENTATION_CONTEXT('2D SPACE',''
  ) );
#4649 = PCURVE('',#3656,#4650);
#4650 = DEFINITIONAL_REPRESENTATION('',(#4651),#4659);
#4651 = B_SPLINE_CURVE_WITH_KNOTS('',6,(#4652,#4653,#4654,#4655,#4656,
    #4657,#4658),.UNSPECIFIED.,.F.,.F.,(7,7),(0.,1.),
  .PIECEWISE_BEZIER_KNOTS.);
#4652 = CARTESIAN_POINT('',(-0.605091996341,-2.999999994539));
#4653 = CARTESIAN_POINT('',(-1.471260479314,-3.332748532981));
#4654 = CARTESIAN_POINT('',(-2.355609916634,-3.617997163356));
#4655 = CARTESIAN_POINT('',(-3.253872347877,-3.857968726111));
#4656 = CARTESIAN_POINT('',(-4.162521290722,-4.05416154489));
#4657 = CARTESIAN_POINT('',(-5.078646295711,-4.207775721989));
#4658 = CARTESIAN_POINT('',(-6.,-4.319518006049));
#4659 = ( GEOMETRIC_REPRESENTATION_CONTEXT(2) 
PARAMETRIC_REPRESENTATION_CONTEXT() REPRESENTATION_CONTEXT('2D SPACE',''
  ) );
#4660 = ORIENTED_EDGE('',*,*,#3612,.T.);
#4661 = ORIENTED_EDGE('',*,*,#4136,.T.);
#4662 = ORIENTED_EDGE('',*,*,#2690,.F.);
#4663 = ADVANCED_FACE('',(#4664),#2913,.T.);
#4664 = FACE_BOUND('',#4665,.T.);
#4665 = EDGE_LOOP('',(#4666,#4667,#4668,#5154,#5155,#5190));
#4666 = ORIENTED_EDGE('',*,*,#2859,.F.);
#4667 = ORIENTED_EDGE('',*,*,#3165,.T.);
#4668 = ORIENTED_EDGE('',*,*,#4669,.T.);
#4669 = EDGE_CURVE('',#3166,#3300,#4670,.T.);
#4670 = SURFACE_CURVE('',#4671,(#4830,#4992),.PCURVE_S1.);
#4671 = B_SPLINE_CURVE_WITH_KNOTS('',7,(#4672,#4673,#4674,#4675,#4676,
    #4677,#4678,#4679,#4680,#4681,#4682,#4683,#4684,#4685,#4686,#4687,
    #4688,#4689,#4690,#4691,#4692,#4693,#4694,#4695,#4696,#4697,#4698,
    #4699,#4700,#4701,#4702,#4703,#4704,#4705,#4706,#4707,#4708,#4709,
    #4710,#4711,#4712,#4713,#4714,#4715,#4716,#4717,#4718,#4719,#4720,
    #4721,#4722,#4723,#4724,#4725,#4726,#4727,#4728,#4729,#4730,#4731,
    #4732,#4733,#4734,#4735,#4736,#4737,#4738,#4739,#4740,#4741,#4742,
    #4743,#4744,#4745,#4746,#4747,#4748,#4749,#4750,#4751,#4752,#4753,
    #4754,#4755,#4756,#4757,#4758,#4759,#4760,#4761,#4762,#4763,#4764,
    #4765,#4766,#4767,#4768,#4769,#4770,#4771,#4772,#4773,#4774,#4775,
    #4776,#4777,#4778,#4779,#4780,#4781,#4782,#4783,#4784,#4785,#4786,
    #4787,#4788,#4789,#4790,#4791,#4792,#4793,#4794,#4795,#4796,#4797,
    #4798,#4799,#4800,#4801,#4802,#4803,#4804,#4805,#4806,#4807,#4808,
    #4809,#4810,#4811,#4812,#4813,#4814,#4815,#4816,#4817,#4818,#4819,
    #4820,#4821,#4822,#4823,#4824,#4825,#4826,#4827,#4828,#4829),
  .UNSPECIFIED.,.T.,.F.,(8,6,6,6,6,6,6,6,6,6,6,6,6,6,6,6,6,6,6,6,6,6,6,6
    ,6,6,8),(0.,4.500270284535E-02,7.423063705875E-02,0.115011924789,
    0.148806455452,0.175475511872,0.249990612485,0.324505713099,
    0.351174769519,0.384969300182,0.425750587912,0.454978522125,
    0.479074250344,0.499996546937,0.529923970832,0.545014089952,
    0.574242498767,0.615024448703,0.648819528119,0.675489017591,
    0.750005328177,0.824521638764,0.851191128235,0.884986207652,
    0.925768157587,0.954996566403,1.),.UNSPECIFIED.);
#4672 = CARTESIAN_POINT('',(17.,-42.,-88.));
#4673 = CARTESIAN_POINT('',(17.,-42.58041735056,-88.));
#4674 = CARTESIAN_POINT('',(16.949477833553,-43.16110050417,-88.));
#4675 = CARTESIAN_POINT('',(16.848351204722,-43.73609891084,-88.));
#4676 = CARTESIAN_POINT('',(16.698695036127,-44.30057687798,-88.));
#4677 = CARTESIAN_POINT('',(16.503786423845,-44.85059892236,-88.));
#4678 = CARTESIAN_POINT('',(16.267702477904,-45.38303589078,-88.));
#4679 = CARTESIAN_POINT('',(15.817843330599,-46.22830743694,-88.));
#4680 = CARTESIAN_POINT('',(15.625165456745,-46.55286833192,-88.));
#4681 = CARTESIAN_POINT('',(15.418058735575,-46.86867221591,-88.));
#4682 = CARTESIAN_POINT('',(15.197644018592,-47.17538626208,-88.));
#4683 = CARTESIAN_POINT('',(14.964998157648,-47.47280990626,-88.));
#4684 = CARTESIAN_POINT('',(14.721119749407,-47.76085080937,-88.));
#4685 = CARTESIAN_POINT('',(14.11220591595,-48.42831468428,-88.));
#4686 = CARTESIAN_POINT('',(13.737441725766,-48.79879118363,-88.));
#4687 = CARTESIAN_POINT('',(13.345004868699,-49.15100629977,-88.));
#4688 = CARTESIAN_POINT('',(12.937042514978,-49.48517584797,-88.));
#4689 = CARTESIAN_POINT('',(12.515433365953,-49.80163247808,-88.));
#4690 = CARTESIAN_POINT('',(12.081763263728,-50.10079525104,-88.));
#4691 = CARTESIAN_POINT('',(11.268984811566,-50.61711127189,-88.));
#4692 = CARTESIAN_POINT('',(10.893300324977,-50.8395068478,-88.));
#4693 = CARTESIAN_POINT('',(10.51099805106,-51.05058196384,-88.));
#4694 = CARTESIAN_POINT('',(10.122752305914,-51.25058174353,-88.));
#4695 = CARTESIAN_POINT('',(9.72916183143,-51.43974135123,-88.));
#4696 = CARTESIAN_POINT('',(9.330750615018,-51.6182869302,-88.));
#4697 = CARTESIAN_POINT('',(8.610112146257,-51.91913231595,-88.));
#4698 = CARTESIAN_POINT('',(8.289542453907,-52.04535004036,-88.));
#4699 = CARTESIAN_POINT('',(7.966486217129,-52.16519438636,-88.));
#4700 = CARTESIAN_POINT('',(7.641153424419,-52.27876205692,-88.));
#4701 = CARTESIAN_POINT('',(7.31373773868,-52.38614243985,-88.));
#4702 = CARTESIAN_POINT('',(6.984416767968,-52.48741826222,-88.));
#4703 = CARTESIAN_POINT('',(5.72833650322,-52.84879538277,-88.));
#4704 = CARTESIAN_POINT('',(4.789889387095,-53.06781447632,-88.));
#4705 = CARTESIAN_POINT('',(3.841309787321,-53.24149161405,-88.));
#4706 = CARTESIAN_POINT('',(2.885539408106,-53.37095027943,-88.));
#4707 = CARTESIAN_POINT('',(1.925220223163,-53.45697495171,-88.));
#4708 = CARTESIAN_POINT('',(0.962694489991,-53.5,-88.));
#4709 = CARTESIAN_POINT('',(-0.96269448999,-53.5,-88.));
#4710 = CARTESIAN_POINT('',(-1.925220223151,-53.45697495171,-88.));
#4711 = CARTESIAN_POINT('',(-2.885539408116,-53.37095027943,-88.));
#4712 = CARTESIAN_POINT('',(-3.841309787307,-53.24149161405,-88.));
#4713 = CARTESIAN_POINT('',(-4.789889387098,-53.06781447632,-88.));
#4714 = CARTESIAN_POINT('',(-5.728336503215,-52.84879538277,-88.));
#4715 = CARTESIAN_POINT('',(-6.984416767964,-52.48741826222,-88.));
#4716 = CARTESIAN_POINT('',(-7.313737738677,-52.38614243985,-88.));
#4717 = CARTESIAN_POINT('',(-7.641153424416,-52.27876205692,-88.));
#4718 = CARTESIAN_POINT('',(-7.966486217126,-52.16519438637,-88.));
#4719 = CARTESIAN_POINT('',(-8.289542453904,-52.04535004036,-88.));
#4720 = CARTESIAN_POINT('',(-8.610112146254,-51.91913231595,-88.));
#4721 = CARTESIAN_POINT('',(-9.330750615015,-51.6182869302,-88.));
#4722 = CARTESIAN_POINT('',(-9.729161831427,-51.43974135123,-88.));
#4723 = CARTESIAN_POINT('',(-10.12275230591,-51.25058174353,-88.));
#4724 = CARTESIAN_POINT('',(-10.51099805105,-51.05058196384,-88.));
#4725 = CARTESIAN_POINT('',(-10.89330032497,-50.8395068478,-88.));
#4726 = CARTESIAN_POINT('',(-11.26898481156,-50.61711127189,-88.));
#4727 = CARTESIAN_POINT('',(-12.08176326372,-50.10079525104,-88.));
#4728 = CARTESIAN_POINT('',(-12.51543336595,-49.80163247809,-88.));
#4729 = CARTESIAN_POINT('',(-12.93704251497,-49.48517584797,-88.));
#4730 = CARTESIAN_POINT('',(-13.34500486869,-49.15100629977,-88.));
#4731 = CARTESIAN_POINT('',(-13.73744172576,-48.79879118363,-88.));
#4732 = CARTESIAN_POINT('',(-14.11220591594,-48.42831468429,-88.));
#4733 = CARTESIAN_POINT('',(-14.7211197494,-47.76085080937,-88.));
#4734 = CARTESIAN_POINT('',(-14.96499815764,-47.47280990626,-88.));
#4735 = CARTESIAN_POINT('',(-15.19764401859,-47.17538626208,-88.));
#4736 = CARTESIAN_POINT('',(-15.41805873557,-46.86867221592,-88.));
#4737 = CARTESIAN_POINT('',(-15.62516545674,-46.55286833192,-88.));
#4738 = CARTESIAN_POINT('',(-15.81784333059,-46.22830743695,-88.));
#4739 = CARTESIAN_POINT('',(-16.14100015995,-45.62110566182,-88.));
#4740 = CARTESIAN_POINT('',(-16.27646032919,-45.34111063725,-88.));
#4741 = CARTESIAN_POINT('',(-16.40071370212,-45.05580321965,-88.));
#4742 = CARTESIAN_POINT('',(-16.5131298958,-44.76556151207,-88.));
#4743 = CARTESIAN_POINT('',(-16.61310750251,-44.47084698259,-88.));
#4744 = CARTESIAN_POINT('',(-16.70010185138,-44.17221485245,-88.));
#4745 = CARTESIAN_POINT('',(-16.83753243108,-43.60819882798,-88.));
#4746 = CARTESIAN_POINT('',(-16.89127839241,-43.34359913845,-88.));
#4747 = CARTESIAN_POINT('',(-16.93459879681,-43.07697327408,-88.));
#4748 = CARTESIAN_POINT('',(-16.96725656764,-42.80879124203,-88.));
#4749 = CARTESIAN_POINT('',(-16.9890858216,-42.53954886727,-88.));
#4750 = CARTESIAN_POINT('',(-17.,-42.26976854616,-88.));
#4751 = CARTESIAN_POINT('',(-17.,-41.61412086867,-88.));
#4752 = CARTESIAN_POINT('',(-16.97766918366,-41.22818379032,-88.));
#4753 = CARTESIAN_POINT('',(-16.93299604407,-40.84385143461,-88.));
#4754 = CARTESIAN_POINT('',(-16.86635967407,-40.46262791651,-88.));
#4755 = CARTESIAN_POINT('',(-16.77844289628,-40.08587181588,-88.));
#4756 = CARTESIAN_POINT('',(-16.67017080021,-39.71480562056,-88.));
#4757 = CARTESIAN_POINT('',(-16.47838811304,-39.16684092008,-88.));
#4758 = CARTESIAN_POINT('',(-16.40920739917,-38.98486591238,-88.));
#4759 = CARTESIAN_POINT('',(-16.33527123292,-38.80472393938,-88.));
#4760 = CARTESIAN_POINT('',(-16.25672635096,-38.62652685128,-88.));
#4761 = CARTESIAN_POINT('',(-16.17372494653,-38.45037208897,-88.));
#4762 = CARTESIAN_POINT('',(-16.08642207711,-38.27634379376,-88.));
#4763 = CARTESIAN_POINT('',(-15.8178433306,-37.77169256305,-88.));
#4764 = CARTESIAN_POINT('',(-15.62516545674,-37.44713166807,-88.));
#4765 = CARTESIAN_POINT('',(-15.41805873557,-37.13132778408,-88.));
#4766 = CARTESIAN_POINT('',(-15.19764401859,-36.82461373791,-88.));
#4767 = CARTESIAN_POINT('',(-14.96499815764,-36.52719009373,-88.));
#4768 = CARTESIAN_POINT('',(-14.7211197494,-36.23914919062,-88.));
#4769 = CARTESIAN_POINT('',(-14.11220591595,-35.57168531571,-88.));
#4770 = CARTESIAN_POINT('',(-13.73744172576,-35.20120881637,-88.));
#4771 = CARTESIAN_POINT('',(-13.34500486869,-34.84899370023,-88.));
#4772 = CARTESIAN_POINT('',(-12.93704251497,-34.51482415202,-88.));
#4773 = CARTESIAN_POINT('',(-12.51543336595,-34.19836752191,-88.));
#4774 = CARTESIAN_POINT('',(-12.08176326372,-33.89920474896,-88.));
#4775 = CARTESIAN_POINT('',(-11.26898481156,-33.3828887281,-88.));
#4776 = CARTESIAN_POINT('',(-10.89330032497,-33.16049315219,-88.));
#4777 = CARTESIAN_POINT('',(-10.51099805106,-32.94941803615,-88.));
#4778 = CARTESIAN_POINT('',(-10.12275230591,-32.74941825646,-88.));
#4779 = CARTESIAN_POINT('',(-9.729161831431,-32.56025864876,-88.));
#4780 = CARTESIAN_POINT('',(-9.330750615019,-32.38171306979,-88.));
#4781 = CARTESIAN_POINT('',(-8.610112146258,-32.08086768404,-88.));
#4782 = CARTESIAN_POINT('',(-8.289542453908,-31.95464995963,-88.));
#4783 = CARTESIAN_POINT('',(-7.966486217129,-31.83480561363,-88.));
#4784 = CARTESIAN_POINT('',(-7.64115342442,-31.72123794307,-88.));
#4785 = CARTESIAN_POINT('',(-7.313737738681,-31.61385756014,-88.));
#4786 = CARTESIAN_POINT('',(-6.984416767968,-31.51258173777,-88.));
#4787 = CARTESIAN_POINT('',(-5.728336503221,-31.15120461722,-88.));
#4788 = CARTESIAN_POINT('',(-4.789889387094,-30.93218552367,-88.));
#4789 = CARTESIAN_POINT('',(-3.841309787325,-30.75850838594,-88.));
#4790 = CARTESIAN_POINT('',(-2.885539408104,-30.62904972056,-88.));
#4791 = CARTESIAN_POINT('',(-1.925220223164,-30.54302504828,-88.));
#4792 = CARTESIAN_POINT('',(-0.962694489991,-30.5,-88.));
#4793 = CARTESIAN_POINT('',(0.962694489991,-30.5,-88.));
#4794 = CARTESIAN_POINT('',(1.925220223148,-30.54302504828,-88.));
#4795 = CARTESIAN_POINT('',(2.88553940812,-30.62904972056,-88.));
#4796 = CARTESIAN_POINT('',(3.841309787303,-30.75850838594,-88.));
#4797 = CARTESIAN_POINT('',(4.789889387099,-30.93218552367,-88.));
#4798 = CARTESIAN_POINT('',(5.728336503216,-31.15120461722,-88.));
#4799 = CARTESIAN_POINT('',(6.984416767965,-31.51258173777,-88.));
#4800 = CARTESIAN_POINT('',(7.313737738677,-31.61385756014,-88.));
#4801 = CARTESIAN_POINT('',(7.641153424416,-31.72123794307,-88.));
#4802 = CARTESIAN_POINT('',(7.966486217126,-31.83480561363,-88.));
#4803 = CARTESIAN_POINT('',(8.289542453904,-31.95464995963,-88.));
#4804 = CARTESIAN_POINT('',(8.610112146255,-32.08086768404,-88.));
#4805 = CARTESIAN_POINT('',(9.330750615016,-32.38171306979,-88.));
#4806 = CARTESIAN_POINT('',(9.729161831427,-32.56025864876,-88.));
#4807 = CARTESIAN_POINT('',(10.122752305912,-32.74941825646,-88.));
#4808 = CARTESIAN_POINT('',(10.510998051057,-32.94941803615,-88.));
#4809 = CARTESIAN_POINT('',(10.893300324974,-33.16049315219,-88.));
#4810 = CARTESIAN_POINT('',(11.268984811564,-33.3828887281,-88.));
#4811 = CARTESIAN_POINT('',(12.081763263725,-33.89920474895,-88.));
#4812 = CARTESIAN_POINT('',(12.515433365952,-34.19836752191,-88.));
#4813 = CARTESIAN_POINT('',(12.937042514977,-34.51482415202,-88.));
#4814 = CARTESIAN_POINT('',(13.345004868697,-34.84899370022,-88.));
#4815 = CARTESIAN_POINT('',(13.737441725764,-35.20120881636,-88.));
#4816 = CARTESIAN_POINT('',(14.112205915949,-35.57168531571,-88.));
#4817 = CARTESIAN_POINT('',(14.721119749406,-36.23914919062,-88.));
#4818 = CARTESIAN_POINT('',(14.964998157648,-36.52719009373,-88.));
#4819 = CARTESIAN_POINT('',(15.19764401859,-36.82461373791,-88.));
#4820 = CARTESIAN_POINT('',(15.418058735573,-37.13132778408,-88.));
#4821 = CARTESIAN_POINT('',(15.625165456745,-37.44713166807,-88.));
#4822 = CARTESIAN_POINT('',(15.817843330598,-37.77169256304,-88.));
#4823 = CARTESIAN_POINT('',(16.267702477903,-38.61696410921,-88.));
#4824 = CARTESIAN_POINT('',(16.503786423845,-39.14940107763,-88.));
#4825 = CARTESIAN_POINT('',(16.698695036127,-39.69942312201,-88.));
#4826 = CARTESIAN_POINT('',(16.848351204722,-40.26390108916,-88.));
#4827 = CARTESIAN_POINT('',(16.949477833553,-40.83889949582,-88.));
#4828 = CARTESIAN_POINT('',(17.,-41.41958264943,-88.));
#4829 = CARTESIAN_POINT('',(17.,-42.,-88.));
#4830 = PCURVE('',#2913,#4831);
#4831 = DEFINITIONAL_REPRESENTATION('',(#4832),#4991);
#4832 = B_SPLINE_CURVE_WITH_KNOTS('',7,(#4833,#4834,#4835,#4836,#4837,
    #4838,#4839,#4840,#4841,#4842,#4843,#4844,#4845,#4846,#4847,#4848,
    #4849,#4850,#4851,#4852,#4853,#4854,#4855,#4856,#4857,#4858,#4859,
    #4860,#4861,#4862,#4863,#4864,#4865,#4866,#4867,#4868,#4869,#4870,
    #4871,#4872,#4873,#4874,#4875,#4876,#4877,#4878,#4879,#4880,#4881,
    #4882,#4883,#4884,#4885,#4886,#4887,#4888,#4889,#4890,#4891,#4892,
    #4893,#4894,#4895,#4896,#4897,#4898,#4899,#4900,#4901,#4902,#4903,
    #4904,#4905,#4906,#4907,#4908,#4909,#4910,#4911,#4912,#4913,#4914,
    #4915,#4916,#4917,#4918,#4919,#4920,#4921,#4922,#4923,#4924,#4925,
    #4926,#4927,#4928,#4929,#4930,#4931,#4932,#4933,#4934,#4935,#4936,
    #4937,#4938,#4939,#4940,#4941,#4942,#4943,#4944,#4945,#4946,#4947,
    #4948,#4949,#4950,#4951,#4952,#4953,#4954,#4955,#4956,#4957,#4958,
    #4959,#4960,#4961,#4962,#4963,#4964,#4965,#4966,#4967,#4968,#4969,
    #4970,#4971,#4972,#4973,#4974,#4975,#4976,#4977,#4978,#4979,#4980,
    #4981,#4982,#4983,#4984,#4985,#4986,#4987,#4988,#4989,#4990),
  .UNSPECIFIED.,.F.,.F.,(8,6,6,6,6,6,6,6,6,6,6,6,6,6,6,6,6,6,6,6,6,6,6,6
    ,6,6,8),(0.,4.500270284535E-02,7.423063705875E-02,0.115011924789,
    0.148806455452,0.175475511872,0.249990612485,0.324505713099,
    0.351174769519,0.384969300182,0.425750587912,0.454978522125,
    0.479074250344,0.499996546937,0.529923970832,0.545014089952,
    0.574242498767,0.615024448703,0.648819528119,0.675489017591,
    0.750005328177,0.824521638764,0.851191128235,0.884986207652,
    0.925768157587,0.954996566403,1.),.UNSPECIFIED.);
#4833 = CARTESIAN_POINT('',(6.28318530718,-1.E-01));
#4834 = CARTESIAN_POINT('',(6.232714233217,-1.E-01));
#4835 = CARTESIAN_POINT('',(6.18222005513,-1.E-01));
#4836 = CARTESIAN_POINT('',(6.132010151221,-1.E-01));
#4837 = CARTESIAN_POINT('',(6.082294417271,-1.E-01));
#4838 = CARTESIAN_POINT('',(6.033236813805,-1.E-01));
#4839 = CARTESIAN_POINT('',(5.984970936904,-1.E-01));
#4840 = CARTESIAN_POINT('',(5.906850652162,-1.E-01));
#4841 = CARTESIAN_POINT('',(5.876457219461,-1.E-01));
#4842 = CARTESIAN_POINT('',(5.846445191538,-1.E-01));
#4843 = CARTESIAN_POINT('',(5.816821737812,-1.E-01));
#4844 = CARTESIAN_POINT('',(5.787587769728,-1.E-01));
#4845 = CARTESIAN_POINT('',(5.758738840858,-1.E-01));
#4846 = CARTESIAN_POINT('',(5.690535887501,-1.E-01));
#4847 = CARTESIAN_POINT('',(5.651543377171,-1.E-01));
#4848 = CARTESIAN_POINT('',(5.613253762368,-1.E-01));
#4849 = CARTESIAN_POINT('',(5.575632151243,-1.E-01));
#4850 = CARTESIAN_POINT('',(5.538640684589,-1.E-01));
#4851 = CARTESIAN_POINT('',(5.502236753536,-1.E-01));
#4852 = CARTESIAN_POINT('',(5.436650258607,-1.E-01));
#4853 = CARTESIAN_POINT('',(5.407302422617,-1.E-01));
#4854 = CARTESIAN_POINT('',(5.378301829282,-1.E-01));
#4855 = CARTESIAN_POINT('',(5.349624693154,-1.E-01));
#4856 = CARTESIAN_POINT('',(5.321248451698,-1.E-01));
#4857 = CARTESIAN_POINT('',(5.293150893657,-1.E-01));
#4858 = CARTESIAN_POINT('',(5.243337999368,-1.E-01));
#4859 = CARTESIAN_POINT('',(5.221526729298,-1.E-01));
#4860 = CARTESIAN_POINT('',(5.19986472519,-1.E-01));
#4861 = CARTESIAN_POINT('',(5.178341881397,-1.E-01));
#4862 = CARTESIAN_POINT('',(5.156948542888,-1.E-01));
#4863 = CARTESIAN_POINT('',(5.135675309473,-1.E-01));
#4864 = CARTESIAN_POINT('',(5.055383506262,-1.E-01));
#4865 = CARTESIAN_POINT('',(4.997130383676,-1.E-01));
#4866 = CARTESIAN_POINT('',(4.939534273222,-1.E-01));
#4867 = CARTESIAN_POINT('',(4.882423257252,-1.E-01));
#4868 = CARTESIAN_POINT('',(4.825637216479,-1.E-01));
#4869 = CARTESIAN_POINT('',(4.769018068031,-1.E-01));
#4870 = CARTESIAN_POINT('',(4.655759892738,-1.E-01));
#4871 = CARTESIAN_POINT('',(4.599140744291,-1.E-01));
#4872 = CARTESIAN_POINT('',(4.542354703517,-1.E-01));
#4873 = CARTESIAN_POINT('',(4.485243687548,-1.E-01));
#4874 = CARTESIAN_POINT('',(4.427647577094,-1.E-01));
#4875 = CARTESIAN_POINT('',(4.369394454507,-1.E-01));
#4876 = CARTESIAN_POINT('',(4.289102651297,-1.E-01));
#4877 = CARTESIAN_POINT('',(4.267829417882,-1.E-01));
#4878 = CARTESIAN_POINT('',(4.246436079372,-1.E-01));
#4879 = CARTESIAN_POINT('',(4.22491323558,-1.E-01));
#4880 = CARTESIAN_POINT('',(4.203251231471,-1.E-01));
#4881 = CARTESIAN_POINT('',(4.181439961402,-1.E-01));
#4882 = CARTESIAN_POINT('',(4.131627067112,-1.E-01));
#4883 = CARTESIAN_POINT('',(4.103529509072,-1.E-01));
#4884 = CARTESIAN_POINT('',(4.075153267616,-1.E-01));
#4885 = CARTESIAN_POINT('',(4.046476131488,-1.E-01));
#4886 = CARTESIAN_POINT('',(4.017475538153,-1.E-01));
#4887 = CARTESIAN_POINT('',(3.988127702162,-1.E-01));
#4888 = CARTESIAN_POINT('',(3.922541207233,-1.E-01));
#4889 = CARTESIAN_POINT('',(3.88613727618,-1.E-01));
#4890 = CARTESIAN_POINT('',(3.849145809527,-1.E-01));
#4891 = CARTESIAN_POINT('',(3.811524198402,-1.E-01));
#4892 = CARTESIAN_POINT('',(3.773234583598,-1.E-01));
#4893 = CARTESIAN_POINT('',(3.734242073268,-1.E-01));
#4894 = CARTESIAN_POINT('',(3.666039119911,-1.E-01));
#4895 = CARTESIAN_POINT('',(3.637190191042,-1.E-01));
#4896 = CARTESIAN_POINT('',(3.607956222957,-1.E-01));
#4897 = CARTESIAN_POINT('',(3.578332769232,-1.E-01));
#4898 = CARTESIAN_POINT('',(3.548320741308,-1.E-01));
#4899 = CARTESIAN_POINT('',(3.517927308608,-1.E-01));
#4900 = CARTESIAN_POINT('',(3.461809513345,-1.E-01));
#4901 = CARTESIAN_POINT('',(3.436202374329,-1.E-01));
#4902 = CARTESIAN_POINT('',(3.410357258829,-1.E-01));
#4903 = CARTESIAN_POINT('',(3.384288701965,-1.E-01));
#4904 = CARTESIAN_POINT('',(3.358015314473,-1.E-01));
#4905 = CARTESIAN_POINT('',(3.331560778968,-1.E-01));
#4906 = CARTESIAN_POINT('',(3.28185410991,-1.E-01));
#4907 = CARTESIAN_POINT('',(3.258637588147,-1.E-01));
#4908 = CARTESIAN_POINT('',(3.235326854191,-1.E-01));
#4909 = CARTESIAN_POINT('',(3.211943419108,-1.E-01));
#4910 = CARTESIAN_POINT('',(3.188509937528,-1.E-01));
#4911 = CARTESIAN_POINT('',(3.165050788039,-1.E-01));
#4912 = CARTESIAN_POINT('',(3.108037946518,-1.E-01));
#4913 = CARTESIAN_POINT('',(3.074478206357,-1.E-01));
#4914 = CARTESIAN_POINT('',(3.040996273551,-1.E-01));
#4915 = CARTESIAN_POINT('',(3.007661229492,-1.E-01));
#4916 = CARTESIAN_POINT('',(2.974533318924,-1.E-01));
#4917 = CARTESIAN_POINT('',(2.941667382173,-1.E-01));
#4918 = CARTESIAN_POINT('',(2.892701009446,-1.E-01));
#4919 = CARTESIAN_POINT('',(2.876365225621,-1.E-01));
#4920 = CARTESIAN_POINT('',(2.860112871757,-1.E-01));
#4921 = CARTESIAN_POINT('',(2.843948497901,-1.E-01));
#4922 = CARTESIAN_POINT('',(2.82787586596,-1.E-01));
#4923 = CARTESIAN_POINT('',(2.811898037525,-1.E-01));
#4924 = CARTESIAN_POINT('',(2.765257998572,-1.E-01));
#4925 = CARTESIAN_POINT('',(2.734864565871,-1.E-01));
#4926 = CARTESIAN_POINT('',(2.704852537948,-1.E-01));
#4927 = CARTESIAN_POINT('',(2.675229084222,-1.E-01));
#4928 = CARTESIAN_POINT('',(2.645995116138,-1.E-01));
#4929 = CARTESIAN_POINT('',(2.617146187269,-1.E-01));
#4930 = CARTESIAN_POINT('',(2.548943233911,-1.E-01));
#4931 = CARTESIAN_POINT('',(2.509950723582,-1.E-01));
#4932 = CARTESIAN_POINT('',(2.471661108778,-1.E-01));
#4933 = CARTESIAN_POINT('',(2.434039497653,-1.E-01));
#4934 = CARTESIAN_POINT('',(2.397048031,-1.E-01));
#4935 = CARTESIAN_POINT('',(2.360644099947,-1.E-01));
#4936 = CARTESIAN_POINT('',(2.295057605017,-1.E-01));
#4937 = CARTESIAN_POINT('',(2.265709769027,-1.E-01));
#4938 = CARTESIAN_POINT('',(2.236709175692,-1.E-01));
#4939 = CARTESIAN_POINT('',(2.208032039564,-1.E-01));
#4940 = CARTESIAN_POINT('',(2.179655798108,-1.E-01));
#4941 = CARTESIAN_POINT('',(2.151558240067,-1.E-01));
#4942 = CARTESIAN_POINT('',(2.101745345778,-1.E-01));
#4943 = CARTESIAN_POINT('',(2.079934075709,-1.E-01));
#4944 = CARTESIAN_POINT('',(2.0582720716,-1.E-01));
#4945 = CARTESIAN_POINT('',(2.036749227808,-1.E-01));
#4946 = CARTESIAN_POINT('',(2.015355889298,-1.E-01));
#4947 = CARTESIAN_POINT('',(1.994082655883,-1.E-01));
#4948 = CARTESIAN_POINT('',(1.913790852673,-1.E-01));
#4949 = CARTESIAN_POINT('',(1.855537730086,-1.E-01));
#4950 = CARTESIAN_POINT('',(1.797941619632,-1.E-01));
#4951 = CARTESIAN_POINT('',(1.740830603662,-1.E-01));
#4952 = CARTESIAN_POINT('',(1.684044562889,-1.E-01));
#4953 = CARTESIAN_POINT('',(1.627425414441,-1.E-01));
#4954 = CARTESIAN_POINT('',(1.514167239148,-1.E-01));
#4955 = CARTESIAN_POINT('',(1.457548090702,-1.E-01));
#4956 = CARTESIAN_POINT('',(1.400762049927,-1.E-01));
#4957 = CARTESIAN_POINT('',(1.343651033959,-1.E-01));
#4958 = CARTESIAN_POINT('',(1.286054923504,-1.E-01));
#4959 = CARTESIAN_POINT('',(1.227801800918,-1.E-01));
#4960 = CARTESIAN_POINT('',(1.147509997707,-1.E-01));
#4961 = CARTESIAN_POINT('',(1.126236764292,-1.E-01));
#4962 = CARTESIAN_POINT('',(1.104843425783,-1.E-01));
#4963 = CARTESIAN_POINT('',(1.08332058199,-1.E-01));
#4964 = CARTESIAN_POINT('',(1.061658577881,-1.E-01));
#4965 = CARTESIAN_POINT('',(1.039847307812,-1.E-01));
#4966 = CARTESIAN_POINT('',(0.990034413523,-1.E-01));
#4967 = CARTESIAN_POINT('',(0.961936855482,-1.E-01));
#4968 = CARTESIAN_POINT('',(0.933560614026,-1.E-01));
#4969 = CARTESIAN_POINT('',(0.904883477898,-1.E-01));
#4970 = CARTESIAN_POINT('',(0.875882884563,-1.E-01));
#4971 = CARTESIAN_POINT('',(0.846535048573,-1.E-01));
#4972 = CARTESIAN_POINT('',(0.780948553643,-1.E-01));
#4973 = CARTESIAN_POINT('',(0.74454462259,-1.E-01));
#4974 = CARTESIAN_POINT('',(0.707553155937,-1.E-01));
#4975 = CARTESIAN_POINT('',(0.669931544812,-1.E-01));
#4976 = CARTESIAN_POINT('',(0.631641930008,-1.E-01));
#4977 = CARTESIAN_POINT('',(0.592649419679,-1.E-01));
#4978 = CARTESIAN_POINT('',(0.524446466322,-1.E-01));
#4979 = CARTESIAN_POINT('',(0.495597537452,-1.E-01));
#4980 = CARTESIAN_POINT('',(0.466363569368,-1.E-01));
#4981 = CARTESIAN_POINT('',(0.436740115642,-1.E-01));
#4982 = CARTESIAN_POINT('',(0.406728087719,-1.E-01));
#4983 = CARTESIAN_POINT('',(0.376334655018,-1.E-01));
#4984 = CARTESIAN_POINT('',(0.298214370275,-1.E-01));
#4985 = CARTESIAN_POINT('',(0.249948493375,-9.999999999999E-02));
#4986 = CARTESIAN_POINT('',(0.20089088991,-0.1));
#4987 = CARTESIAN_POINT('',(0.151175155958,-9.999999999995E-02));
#4988 = CARTESIAN_POINT('',(0.10096525205,-0.1));
#4989 = CARTESIAN_POINT('',(5.047107396234E-02,-9.999999999999E-02));
#4990 = CARTESIAN_POINT('',(0.,-9.999999999999E-02));
#4991 = ( GEOMETRIC_REPRESENTATION_CONTEXT(2) 
PARAMETRIC_REPRESENTATION_CONTEXT() REPRESENTATION_CONTEXT('2D SPACE',''
  ) );
#4992 = PCURVE('',#3207,#4993);
#4993 = DEFINITIONAL_REPRESENTATION('',(#4994),#5153);
#4994 = B_SPLINE_CURVE_WITH_KNOTS('',7,(#4995,#4996,#4997,#4998,#4999,
    #5000,#5001,#5002,#5003,#5004,#5005,#5006,#5007,#5008,#5009,#5010,
    #5011,#5012,#5013,#5014,#5015,#5016,#5017,#5018,#5019,#5020,#5021,
    #5022,#5023,#5024,#5025,#5026,#5027,#5028,#5029,#5030,#5031,#5032,
    #5033,#5034,#5035,#5036,#5037,#5038,#5039,#5040,#5041,#5042,#5043,
    #5044,#5045,#5046,#5047,#5048,#5049,#5050,#5051,#5052,#5053,#5054,
    #5055,#5056,#5057,#5058,#5059,#5060,#5061,#5062,#5063,#5064,#5065,
    #5066,#5067,#5068,#5069,#5070,#5071,#5072,#5073,#5074,#5075,#5076,
    #5077,#5078,#5079,#5080,#5081,#5082,#5083,#5084,#5085,#5086,#5087,
    #5088,#5089,#5090,#5091,#5092,#5093,#5094,#5095,#5096,#5097,#5098,
    #5099,#5100,#5101,#5102,#5103,#5104,#5105,#5106,#5107,#5108,#5109,
    #5110,#5111,#5112,#5113,#5114,#5115,#5116,#5117,#5118,#5119,#5120,
    #5121,#5122,#5123,#5124,#5125,#5126,#5127,#5128,#5129,#5130,#5131,
    #5132,#5133,#5134,#5135,#5136,#5137,#5138,#5139,#5140,#5141,#5142,
    #5143,#5144,#5145,#5146,#5147,#5148,#5149,#5150,#5151,#5152),
  .UNSPECIFIED.,.T.,.F.,(8,6,6,6,6,6,6,6,6,6,6,6,6,6,6,6,6,6,6,6,6,6,6,6
    ,6,6,8),(0.,4.500270284535E-02,7.423063705875E-02,0.115011924789,
    0.148806455452,0.175475511872,0.249990612485,0.324505713099,
    0.351174769519,0.384969300182,0.425750587912,0.454978522125,
    0.479074250344,0.499996546937,0.529923970832,0.545014089952,
    0.574242498767,0.615024448703,0.648819528119,0.675489017591,
    0.750005328177,0.824521638764,0.851191128235,0.884986207652,
    0.925768157587,0.954996566403,1.),.UNSPECIFIED.);
#4995 = CARTESIAN_POINT('',(16.207947140932,-7.105427357601E-15));
#4996 = CARTESIAN_POINT('',(16.207947140932,-0.580417350568));
#4997 = CARTESIAN_POINT('',(16.157424974486,-1.161100504173));
#4998 = CARTESIAN_POINT('',(16.056298345654,-1.73609891084));
#4999 = CARTESIAN_POINT('',(15.906642177059,-2.300576877982));
#5000 = CARTESIAN_POINT('',(15.711733564777,-2.850598922368));
#5001 = CARTESIAN_POINT('',(15.475649618836,-3.383035890786));
#5002 = CARTESIAN_POINT('',(15.025790471531,-4.228307436949));
#5003 = CARTESIAN_POINT('',(14.833112597677,-4.552868331924));
#5004 = CARTESIAN_POINT('',(14.626005876507,-4.868672215918));
#5005 = CARTESIAN_POINT('',(14.405591159524,-5.175386262086));
#5006 = CARTESIAN_POINT('',(14.17294529858,-5.472809906262));
#5007 = CARTESIAN_POINT('',(13.92906689034,-5.760850809374));
#5008 = CARTESIAN_POINT('',(13.320153056882,-6.428314684288));
#5009 = CARTESIAN_POINT('',(12.945388866698,-6.79879118363));
#5010 = CARTESIAN_POINT('',(12.552952009631,-7.15100629977));
#5011 = CARTESIAN_POINT('',(12.14498965591,-7.485175847974));
#5012 = CARTESIAN_POINT('',(11.723380506886,-7.801632478088));
#5013 = CARTESIAN_POINT('',(11.28971040466,-8.100795251041));
#5014 = CARTESIAN_POINT('',(10.476931952498,-8.617111271898));
#5015 = CARTESIAN_POINT('',(10.101247465909,-8.839506847807));
#5016 = CARTESIAN_POINT('',(9.718945191992,-9.050581963841));
#5017 = CARTESIAN_POINT('',(9.330699446846,-9.250581743532));
#5018 = CARTESIAN_POINT('',(8.937108972362,-9.439741351238));
#5019 = CARTESIAN_POINT('',(8.538697755951,-9.618286930207));
#5020 = CARTESIAN_POINT('',(7.818059287189,-9.919132315953));
#5021 = CARTESIAN_POINT('',(7.497489594839,-10.04535004036));
#5022 = CARTESIAN_POINT('',(7.174433358061,-10.16519438636));
#5023 = CARTESIAN_POINT('',(6.849100565351,-10.27876205692));
#5024 = CARTESIAN_POINT('',(6.521684879612,-10.38614243985));
#5025 = CARTESIAN_POINT('',(6.1923639089,-10.48741826222));
#5026 = CARTESIAN_POINT('',(4.936283644152,-10.84879538277));
#5027 = CARTESIAN_POINT('',(3.997836528028,-11.06781447632));
#5028 = CARTESIAN_POINT('',(3.049256928253,-11.24149161405));
#5029 = CARTESIAN_POINT('',(2.093486549038,-11.37095027943));
#5030 = CARTESIAN_POINT('',(1.133167364095,-11.45697495171));
#5031 = CARTESIAN_POINT('',(0.170641630923,-11.5));
#5032 = CARTESIAN_POINT('',(-1.754747349058,-11.5));
#5033 = CARTESIAN_POINT('',(-2.717273082219,-11.45697495171));
#5034 = CARTESIAN_POINT('',(-3.677592267184,-11.37095027943));
#5035 = CARTESIAN_POINT('',(-4.633362646374,-11.24149161405));
#5036 = CARTESIAN_POINT('',(-5.581942246165,-11.06781447632));
#5037 = CARTESIAN_POINT('',(-6.520389362283,-10.84879538277));
#5038 = CARTESIAN_POINT('',(-7.776469627032,-10.48741826222));
#5039 = CARTESIAN_POINT('',(-8.105790597745,-10.38614243985));
#5040 = CARTESIAN_POINT('',(-8.433206283484,-10.27876205692));
#5041 = CARTESIAN_POINT('',(-8.758539076193,-10.16519438637));
#5042 = CARTESIAN_POINT('',(-9.081595312972,-10.04535004036));
#5043 = CARTESIAN_POINT('',(-9.402165005322,-9.919132315954));
#5044 = CARTESIAN_POINT('',(-10.12280347408,-9.618286930208));
#5045 = CARTESIAN_POINT('',(-10.52121469049,-9.439741351239));
#5046 = CARTESIAN_POINT('',(-10.91480516497,-9.250581743533));
#5047 = CARTESIAN_POINT('',(-11.30305091012,-9.050581963843));
#5048 = CARTESIAN_POINT('',(-11.68535318404,-8.839506847809));
#5049 = CARTESIAN_POINT('',(-12.06103767063,-8.617111271899));
#5050 = CARTESIAN_POINT('',(-12.87381612279,-8.100795251043));
#5051 = CARTESIAN_POINT('',(-13.30748622501,-7.80163247809));
#5052 = CARTESIAN_POINT('',(-13.72909537404,-7.485175847975));
#5053 = CARTESIAN_POINT('',(-14.13705772776,-7.151006299772));
#5054 = CARTESIAN_POINT('',(-14.52949458483,-6.798791183632));
#5055 = CARTESIAN_POINT('',(-14.90425877501,-6.42831468429));
#5056 = CARTESIAN_POINT('',(-15.51317260847,-5.760850809376));
#5057 = CARTESIAN_POINT('',(-15.75705101671,-5.472809906264));
#5058 = CARTESIAN_POINT('',(-15.98969687765,-5.175386262087));
#5059 = CARTESIAN_POINT('',(-16.21011159464,-4.86867221592));
#5060 = CARTESIAN_POINT('',(-16.41721831581,-4.552868331926));
#5061 = CARTESIAN_POINT('',(-16.60989618966,-4.228307436951));
#5062 = CARTESIAN_POINT('',(-16.93305301901,-3.621105661825));
#5063 = CARTESIAN_POINT('',(-17.06851318826,-3.341110637252));
#5064 = CARTESIAN_POINT('',(-17.19276656119,-3.055803219659));
#5065 = CARTESIAN_POINT('',(-17.30518275487,-2.765561512077));
#5066 = CARTESIAN_POINT('',(-17.40516036158,-2.470846982592));
#5067 = CARTESIAN_POINT('',(-17.49215471045,-2.172214852458));
#5068 = CARTESIAN_POINT('',(-17.62958529015,-1.608198827982));
#5069 = CARTESIAN_POINT('',(-17.68333125148,-1.343599138457));
#5070 = CARTESIAN_POINT('',(-17.72665165587,-1.076973274087));
#5071 = CARTESIAN_POINT('',(-17.75930942671,-0.808791242035));
#5072 = CARTESIAN_POINT('',(-17.78113868067,-0.539548867276));
#5073 = CARTESIAN_POINT('',(-17.79205285906,-0.269768546164));
#5074 = CARTESIAN_POINT('',(-17.79205285906,0.385879131321));
#5075 = CARTESIAN_POINT('',(-17.76972204273,0.771816209673));
#5076 = CARTESIAN_POINT('',(-17.72504890314,1.156148565389));
#5077 = CARTESIAN_POINT('',(-17.65841253314,1.537372083484));
#5078 = CARTESIAN_POINT('',(-17.57049575534,1.914128184118));
#5079 = CARTESIAN_POINT('',(-17.46222365928,2.285194379439));
#5080 = CARTESIAN_POINT('',(-17.27044097211,2.833159079911));
#5081 = CARTESIAN_POINT('',(-17.20126025824,3.015134087615));
#5082 = CARTESIAN_POINT('',(-17.12732409199,3.195276060616));
#5083 = CARTESIAN_POINT('',(-17.04877921003,3.373473148713));
#5084 = CARTESIAN_POINT('',(-16.9657778056,3.549627911026));
#5085 = CARTESIAN_POINT('',(-16.87847493618,3.723656206234));
#5086 = CARTESIAN_POINT('',(-16.60989618966,4.228307436948));
#5087 = CARTESIAN_POINT('',(-16.41721831581,4.552868331922));
#5088 = CARTESIAN_POINT('',(-16.21011159464,4.868672215917));
#5089 = CARTESIAN_POINT('',(-15.98969687766,5.175386262085));
#5090 = CARTESIAN_POINT('',(-15.75705101671,5.472809906261));
#5091 = CARTESIAN_POINT('',(-15.51317260847,5.760850809373));
#5092 = CARTESIAN_POINT('',(-14.90425877501,6.428314684287));
#5093 = CARTESIAN_POINT('',(-14.52949458483,6.798791183629));
#5094 = CARTESIAN_POINT('',(-14.13705772776,7.151006299769));
#5095 = CARTESIAN_POINT('',(-13.72909537404,7.485175847973));
#5096 = CARTESIAN_POINT('',(-13.30748622502,7.801632478087));
#5097 = CARTESIAN_POINT('',(-12.87381612279,8.10079525104));
#5098 = CARTESIAN_POINT('',(-12.06103767063,8.617111271897));
#5099 = CARTESIAN_POINT('',(-11.68535318404,8.839506847807));
#5100 = CARTESIAN_POINT('',(-11.30305091012,9.050581963841));
#5101 = CARTESIAN_POINT('',(-10.91480516498,9.250581743532));
#5102 = CARTESIAN_POINT('',(-10.52121469049,9.439741351238));
#5103 = CARTESIAN_POINT('',(-10.12280347408,9.618286930207));
#5104 = CARTESIAN_POINT('',(-9.402165005326,9.919132315952));
#5105 = CARTESIAN_POINT('',(-9.081595312975,10.045350040366));
#5106 = CARTESIAN_POINT('',(-8.758539076197,10.165194386369));
#5107 = CARTESIAN_POINT('',(-8.433206283488,10.278762056925));
#5108 = CARTESIAN_POINT('',(-8.105790597749,10.386142439855));
#5109 = CARTESIAN_POINT('',(-7.776469627036,10.487418262221));
#5110 = CARTESIAN_POINT('',(-6.520389362289,10.848795382775));
#5111 = CARTESIAN_POINT('',(-5.581942246162,11.067814476324));
#5112 = CARTESIAN_POINT('',(-4.633362646393,11.241491614057));
#5113 = CARTESIAN_POINT('',(-3.677592267172,11.370950279438));
#5114 = CARTESIAN_POINT('',(-2.717273082232,11.456974951711));
#5115 = CARTESIAN_POINT('',(-1.754747349059,11.5));
#5116 = CARTESIAN_POINT('',(0.170641630923,11.5));
#5117 = CARTESIAN_POINT('',(1.13316736408,11.456974951711));
#5118 = CARTESIAN_POINT('',(2.093486549052,11.370950279438));
#5119 = CARTESIAN_POINT('',(3.049256928235,11.241491614058));
#5120 = CARTESIAN_POINT('',(3.997836528031,11.067814476323));
#5121 = CARTESIAN_POINT('',(4.936283644148,10.848795382777));
#5122 = CARTESIAN_POINT('',(6.192363908897,10.487418262222));
#5123 = CARTESIAN_POINT('',(6.52168487961,10.386142439856));
#5124 = CARTESIAN_POINT('',(6.849100565348,10.278762056926));
#5125 = CARTESIAN_POINT('',(7.174433358058,10.16519438637));
#5126 = CARTESIAN_POINT('',(7.497489594836,10.045350040367));
#5127 = CARTESIAN_POINT('',(7.818059287187,9.919132315953));
#5128 = CARTESIAN_POINT('',(8.538697755948,9.618286930208));
#5129 = CARTESIAN_POINT('',(8.93710897236,9.439741351239));
#5130 = CARTESIAN_POINT('',(9.330699446844,9.250581743533));
#5131 = CARTESIAN_POINT('',(9.71894519199,9.050581963843));
#5132 = CARTESIAN_POINT('',(10.101247465906,8.839506847809));
#5133 = CARTESIAN_POINT('',(10.476931952496,8.617111271899));
#5134 = CARTESIAN_POINT('',(11.289710404658,8.100795251043));
#5135 = CARTESIAN_POINT('',(11.723380506884,7.801632478089));
#5136 = CARTESIAN_POINT('',(12.144989655909,7.485175847975));
#5137 = CARTESIAN_POINT('',(12.552952009629,7.151006299772));
#5138 = CARTESIAN_POINT('',(12.945388866696,6.798791183632));
#5139 = CARTESIAN_POINT('',(13.320153056881,6.428314684289));
#5140 = CARTESIAN_POINT('',(13.929066890338,5.760850809376));
#5141 = CARTESIAN_POINT('',(14.172945298581,5.472809906262));
#5142 = CARTESIAN_POINT('',(14.405591159523,5.175386262088));
#5143 = CARTESIAN_POINT('',(14.626005876505,4.86867221592));
#5144 = CARTESIAN_POINT('',(14.833112597677,4.552868331924));
#5145 = CARTESIAN_POINT('',(15.02579047153,4.228307436951));
#5146 = CARTESIAN_POINT('',(15.475649618835,3.383035890788));
#5147 = CARTESIAN_POINT('',(15.711733564777,2.850598922365));
#5148 = CARTESIAN_POINT('',(15.906642177059,2.30057687799));
#5149 = CARTESIAN_POINT('',(16.056298345654,1.736098910834));
#5150 = CARTESIAN_POINT('',(16.157424974486,1.161100504178));
#5151 = CARTESIAN_POINT('',(16.207947140932,0.580417350567));
#5152 = CARTESIAN_POINT('',(16.207947140932,-7.105427357601E-15));
#5153 = ( GEOMETRIC_REPRESENTATION_CONTEXT(2) 
PARAMETRIC_REPRESENTATION_CONTEXT() REPRESENTATION_CONTEXT('2D SPACE',''
  ) );
#5154 = ORIENTED_EDGE('',*,*,#3320,.F.);
#5155 = ORIENTED_EDGE('',*,*,#5156,.F.);
#5156 = EDGE_CURVE('',#5157,#3321,#5159,.T.);
#5157 = VERTEX_POINT('',#5158);
#5158 = CARTESIAN_POINT('',(4.593528518281,-30.92777590489,-87.));
#5159 = SURFACE_CURVE('',#5160,(#5168,#5179),.PCURVE_S1.);
#5160 = B_SPLINE_CURVE_WITH_KNOTS('',6,(#5161,#5162,#5163,#5164,#5165,
    #5166,#5167),.UNSPECIFIED.,.F.,.F.,(7,7),(0.,1.),
  .PIECEWISE_BEZIER_KNOTS.);
#5161 = CARTESIAN_POINT('',(3.,-30.68048199395,-87.));
#5162 = CARTESIAN_POINT('',(3.921353704289,-30.79222427801,-87.));
#5163 = CARTESIAN_POINT('',(4.837478709281,-30.94583845511,-87.));
#5164 = CARTESIAN_POINT('',(5.746127652117,-31.14203127388,-87.));
#5165 = CARTESIAN_POINT('',(6.644390083372,-31.38200283664,-87.));
#5166 = CARTESIAN_POINT('',(7.528739520684,-31.66725146701,-87.));
#5167 = CARTESIAN_POINT('',(8.394908003659,-32.00000000546,-87.));
#5168 = PCURVE('',#2913,#5169);
#5169 = DEFINITIONAL_REPRESENTATION('',(#5170),#5178);
#5170 = B_SPLINE_CURVE_WITH_KNOTS('',6,(#5171,#5172,#5173,#5174,#5175,
    #5176,#5177),.UNSPECIFIED.,.F.,.F.,(7,7),(0.,1.),
  .PIECEWISE_BEZIER_KNOTS.);
#5171 = CARTESIAN_POINT('',(1.393396722355,-1.1));
#5172 = CARTESIAN_POINT('',(1.33833530702,-1.1));
#5173 = CARTESIAN_POINT('',(1.282934011195,-1.1));
#5174 = CARTESIAN_POINT('',(1.2270122281,-1.1));
#5175 = CARTESIAN_POINT('',(1.170399056663,-1.1));
#5176 = CARTESIAN_POINT('',(1.112914935337,-1.1));
#5177 = CARTESIAN_POINT('',(1.054321184986,-1.1));
#5178 = ( GEOMETRIC_REPRESENTATION_CONTEXT(2) 
PARAMETRIC_REPRESENTATION_CONTEXT() REPRESENTATION_CONTEXT('2D SPACE',''
  ) );
#5179 = PCURVE('',#3364,#5180);
#5180 = DEFINITIONAL_REPRESENTATION('',(#5181),#5189);
#5181 = B_SPLINE_CURVE_WITH_KNOTS('',6,(#5182,#5183,#5184,#5185,#5186,
    #5187,#5188),.UNSPECIFIED.,.F.,.F.,(7,7),(0.,1.),
  .PIECEWISE_BEZIER_KNOTS.);
#5182 = CARTESIAN_POINT('',(-6.,4.319518006049));
#5183 = CARTESIAN_POINT('',(-5.078646295711,4.207775721989));
#5184 = CARTESIAN_POINT('',(-4.162521290719,4.054161544889));
#5185 = CARTESIAN_POINT('',(-3.253872347883,3.857968726113));
#5186 = CARTESIAN_POINT('',(-2.355609916628,3.617997163355));
#5187 = CARTESIAN_POINT('',(-1.471260479316,3.332748532982));
#5188 = CARTESIAN_POINT('',(-0.605091996341,2.999999994539));
#5189 = ( GEOMETRIC_REPRESENTATION_CONTEXT(2) 
PARAMETRIC_REPRESENTATION_CONTEXT() REPRESENTATION_CONTEXT('2D SPACE',''
  ) );
#5190 = ORIENTED_EDGE('',*,*,#5191,.F.);
#5191 = EDGE_CURVE('',#2832,#5157,#5192,.T.);
#5192 = SURFACE_CURVE('',#5193,(#5199,#5208),.PCURVE_S1.);
#5193 = B_SPLINE_CURVE_WITH_KNOTS('',4,(#5194,#5195,#5196,#5197,#5198),
  .UNSPECIFIED.,.F.,.F.,(5,5),(0.,1.),.PIECEWISE_BEZIER_KNOTS.);
#5194 = CARTESIAN_POINT('',(4.593528518281,-30.92777590489,-83.9999994)
  );
#5195 = CARTESIAN_POINT('',(4.593528518281,-30.92777590489,-84.7499997)
  );
#5196 = CARTESIAN_POINT('',(4.593528518281,-30.92777590489,-85.5));
#5197 = CARTESIAN_POINT('',(4.593528518281,-30.92777590489,-86.2500003)
  );
#5198 = CARTESIAN_POINT('',(4.593528518281,-30.92777590489,-87.0000006)
  );
#5199 = PCURVE('',#2913,#5200);
#5200 = DEFINITIONAL_REPRESENTATION('',(#5201),#5207);
#5201 = B_SPLINE_CURVE_WITH_KNOTS('',4,(#5202,#5203,#5204,#5205,#5206),
  .UNSPECIFIED.,.F.,.F.,(5,5),(0.,1.),.PIECEWISE_BEZIER_KNOTS.);
#5202 = CARTESIAN_POINT('',(1.297187722861,-4.1000006));
#5203 = CARTESIAN_POINT('',(1.297187722861,-3.3500003));
#5204 = CARTESIAN_POINT('',(1.297187722861,-2.6));
#5205 = CARTESIAN_POINT('',(1.297187722861,-1.8499997));
#5206 = CARTESIAN_POINT('',(1.297187722861,-1.0999994));
#5207 = ( GEOMETRIC_REPRESENTATION_CONTEXT(2) 
PARAMETRIC_REPRESENTATION_CONTEXT() REPRESENTATION_CONTEXT('2D SPACE',''
  ) );
#5208 = PCURVE('',#2819,#5209);
#5209 = DEFINITIONAL_REPRESENTATION('',(#5210),#5216);
#5210 = B_SPLINE_CURVE_WITH_KNOTS('',4,(#5211,#5212,#5213,#5214,#5215),
  .UNSPECIFIED.,.F.,.F.,(5,5),(0.,1.),.PIECEWISE_BEZIER_KNOTS.);
#5211 = CARTESIAN_POINT('',(-2.395596116772,-3.0000006));
#5212 = CARTESIAN_POINT('',(-2.395596116772,-2.2500003));
#5213 = CARTESIAN_POINT('',(-2.395596116772,-1.5));
#5214 = CARTESIAN_POINT('',(-2.395596116772,-0.7499997));
#5215 = CARTESIAN_POINT('',(-2.395596116772,5.999999999062E-07));
#5216 = ( GEOMETRIC_REPRESENTATION_CONTEXT(2) 
PARAMETRIC_REPRESENTATION_CONTEXT() REPRESENTATION_CONTEXT('2D SPACE',''
  ) );
#5217 = ADVANCED_FACE('',(#5218),#2819,.F.);
#5218 = FACE_BOUND('',#5219,.T.);
#5219 = EDGE_LOOP('',(#5220,#5221,#5244,#5266,#5267,#5268,#5269,#5291));
#5220 = ORIENTED_EDGE('',*,*,#2798,.T.);
#5221 = ORIENTED_EDGE('',*,*,#5222,.T.);
#5222 = EDGE_CURVE('',#2799,#5223,#5225,.T.);
#5223 = VERTEX_POINT('',#5224);
#5224 = CARTESIAN_POINT('',(15.,-35.,-76.));
#5225 = SEAM_CURVE('',#5226,(#5230,#5237),.PCURVE_S1.);
#5226 = LINE('',#5227,#5228);
#5227 = CARTESIAN_POINT('',(15.,-35.,-87.));
#5228 = VECTOR('',#5229,1.);
#5229 = DIRECTION('',(0.,0.,1.));
#5230 = PCURVE('',#2819,#5231);
#5231 = DEFINITIONAL_REPRESENTATION('',(#5232),#5236);
#5232 = LINE('',#5233,#5234);
#5233 = CARTESIAN_POINT('',(-6.28318530718,0.));
#5234 = VECTOR('',#5235,1.);
#5235 = DIRECTION('',(-0.,-1.));
#5236 = ( GEOMETRIC_REPRESENTATION_CONTEXT(2) 
PARAMETRIC_REPRESENTATION_CONTEXT() REPRESENTATION_CONTEXT('2D SPACE',''
  ) );
#5237 = PCURVE('',#2819,#5238);
#5238 = DEFINITIONAL_REPRESENTATION('',(#5239),#5243);
#5239 = LINE('',#5240,#5241);
#5240 = CARTESIAN_POINT('',(-0.,0.));
#5241 = VECTOR('',#5242,1.);
#5242 = DIRECTION('',(-0.,-1.));
#5243 = ( GEOMETRIC_REPRESENTATION_CONTEXT(2) 
PARAMETRIC_REPRESENTATION_CONTEXT() REPRESENTATION_CONTEXT('2D SPACE',''
  ) );
#5244 = ORIENTED_EDGE('',*,*,#5245,.F.);
#5245 = EDGE_CURVE('',#5223,#5223,#5246,.T.);
#5246 = SURFACE_CURVE('',#5247,(#5252,#5259),.PCURVE_S1.);
#5247 = CIRCLE('',#5248,6.);
#5248 = AXIS2_PLACEMENT_3D('',#5249,#5250,#5251);
#5249 = CARTESIAN_POINT('',(9.,-35.,-76.));
#5250 = DIRECTION('',(0.,0.,-1.));
#5251 = DIRECTION('',(1.,0.,0.));
#5252 = PCURVE('',#2819,#5253);
#5253 = DEFINITIONAL_REPRESENTATION('',(#5254),#5258);
#5254 = LINE('',#5255,#5256);
#5255 = CARTESIAN_POINT('',(-6.28318530718,-11.));
#5256 = VECTOR('',#5257,1.);
#5257 = DIRECTION('',(1.,-0.));
#5258 = ( GEOMETRIC_REPRESENTATION_CONTEXT(2) 
PARAMETRIC_REPRESENTATION_CONTEXT() REPRESENTATION_CONTEXT('2D SPACE',''
  ) );
#5259 = PCURVE('',#3892,#5260);
#5260 = DEFINITIONAL_REPRESENTATION('',(#5261),#5265);
#5261 = CIRCLE('',#5262,6.);
#5262 = AXIS2_PLACEMENT_2D('',#5263,#5264);
#5263 = CARTESIAN_POINT('',(10.,4.5));
#5264 = DIRECTION('',(-1.,3.739698609511E-16));
#5265 = ( GEOMETRIC_REPRESENTATION_CONTEXT(2) 
PARAMETRIC_REPRESENTATION_CONTEXT() REPRESENTATION_CONTEXT('2D SPACE',''
  ) );
#5266 = ORIENTED_EDGE('',*,*,#5222,.F.);
#5267 = ORIENTED_EDGE('',*,*,#2831,.T.);
#5268 = ORIENTED_EDGE('',*,*,#5191,.T.);
#5269 = ORIENTED_EDGE('',*,*,#5270,.F.);
#5270 = EDGE_CURVE('',#3350,#5157,#5271,.T.);
#5271 = SURFACE_CURVE('',#5272,(#5277,#5284),.PCURVE_S1.);
#5272 = CIRCLE('',#5273,6.);
#5273 = AXIS2_PLACEMENT_3D('',#5274,#5275,#5276);
#5274 = CARTESIAN_POINT('',(9.,-35.,-87.));
#5275 = DIRECTION('',(0.,0.,1.));
#5276 = DIRECTION('',(1.,0.,0.));
#5277 = PCURVE('',#2819,#5278);
#5278 = DEFINITIONAL_REPRESENTATION('',(#5279),#5283);
#5279 = LINE('',#5280,#5281);
#5280 = CARTESIAN_POINT('',(-0.,0.));
#5281 = VECTOR('',#5282,1.);
#5282 = DIRECTION('',(-1.,0.));
#5283 = ( GEOMETRIC_REPRESENTATION_CONTEXT(2) 
PARAMETRIC_REPRESENTATION_CONTEXT() REPRESENTATION_CONTEXT('2D SPACE',''
  ) );
#5284 = PCURVE('',#3364,#5285);
#5285 = DEFINITIONAL_REPRESENTATION('',(#5286),#5290);
#5286 = CIRCLE('',#5287,6.);
#5287 = AXIS2_PLACEMENT_2D('',#5288,#5289);
#5288 = CARTESIAN_POINT('',(0.,7.105427357601E-15));
#5289 = DIRECTION('',(1.,0.));
#5290 = ( GEOMETRIC_REPRESENTATION_CONTEXT(2) 
PARAMETRIC_REPRESENTATION_CONTEXT() REPRESENTATION_CONTEXT('2D SPACE',''
  ) );
#5291 = ORIENTED_EDGE('',*,*,#3375,.F.);
#5292 = ADVANCED_FACE('',(#5293),#3127,.F.);
#5293 = FACE_BOUND('',#5294,.F.);
#5294 = EDGE_LOOP('',(#5295,#5317,#5318,#5319));
#5295 = ORIENTED_EDGE('',*,*,#5296,.F.);
#5296 = EDGE_CURVE('',#3271,#3108,#5297,.T.);
#5297 = SURFACE_CURVE('',#5298,(#5303,#5310),.PCURVE_S1.);
#5298 = ELLIPSE('',#5299,25.,19.5);
#5299 = AXIS2_PLACEMENT_3D('',#5300,#5301,#5302);
#5300 = CARTESIAN_POINT('',(0.,-42.,-88.));
#5301 = DIRECTION('',(0.,0.,1.));
#5302 = DIRECTION('',(1.,0.,0.));
#5303 = PCURVE('',#3127,#5304);
#5304 = DEFINITIONAL_REPRESENTATION('',(#5305),#5309);
#5305 = LINE('',#5306,#5307);
#5306 = CARTESIAN_POINT('',(0.,0.));
#5307 = VECTOR('',#5308,1.);
#5308 = DIRECTION('',(1.,0.));
#5309 = ( GEOMETRIC_REPRESENTATION_CONTEXT(2) 
PARAMETRIC_REPRESENTATION_CONTEXT() REPRESENTATION_CONTEXT('2D SPACE',''
  ) );
#5310 = PCURVE('',#3207,#5311);
#5311 = DEFINITIONAL_REPRESENTATION('',(#5312),#5316);
#5312 = ELLIPSE('',#5313,25.,19.5);
#5313 = AXIS2_PLACEMENT_2D('',#5314,#5315);
#5314 = CARTESIAN_POINT('',(-0.792052859068,-7.105427357601E-15));
#5315 = DIRECTION('',(1.,0.));
#5316 = ( GEOMETRIC_REPRESENTATION_CONTEXT(2) 
PARAMETRIC_REPRESENTATION_CONTEXT() REPRESENTATION_CONTEXT('2D SPACE',''
  ) );
#5317 = ORIENTED_EDGE('',*,*,#3270,.F.);
#5318 = ORIENTED_EDGE('',*,*,#3242,.T.);
#5319 = ORIENTED_EDGE('',*,*,#3105,.T.);
#5320 = ADVANCED_FACE('',(#5321),#3207,.F.);
#5321 = FACE_BOUND('',#5322,.F.);
#5322 = EDGE_LOOP('',(#5323,#5324,#5325,#5326));
#5323 = ORIENTED_EDGE('',*,*,#3299,.F.);
#5324 = ORIENTED_EDGE('',*,*,#5296,.T.);
#5325 = ORIENTED_EDGE('',*,*,#3194,.F.);
#5326 = ORIENTED_EDGE('',*,*,#4669,.T.);
#5327 = ADVANCED_FACE('',(#5328),#3364,.T.);
#5328 = FACE_BOUND('',#5329,.T.);
#5329 = EDGE_LOOP('',(#5330,#5331,#5332));
#5330 = ORIENTED_EDGE('',*,*,#3349,.T.);
#5331 = ORIENTED_EDGE('',*,*,#5270,.T.);
#5332 = ORIENTED_EDGE('',*,*,#5156,.T.);
#5333 = ADVANCED_FACE('',(#5334),#3416,.F.);
#5334 = FACE_BOUND('',#5335,.F.);
#5335 = EDGE_LOOP('',(#5336,#5359,#5386,#5387));
#5336 = ORIENTED_EDGE('',*,*,#5337,.T.);
#5337 = EDGE_CURVE('',#3400,#5338,#5340,.T.);
#5338 = VERTEX_POINT('',#5339);
#5339 = CARTESIAN_POINT('',(44.,0.,7.));
#5340 = SEAM_CURVE('',#5341,(#5345,#5352),.PCURVE_S1.);
#5341 = LINE('',#5342,#5343);
#5342 = CARTESIAN_POINT('',(44.,0.,4.));
#5343 = VECTOR('',#5344,1.);
#5344 = DIRECTION('',(0.,0.,1.));
#5345 = PCURVE('',#3416,#5346);
#5346 = DEFINITIONAL_REPRESENTATION('',(#5347),#5351);
#5347 = LINE('',#5348,#5349);
#5348 = CARTESIAN_POINT('',(0.,0.));
#5349 = VECTOR('',#5350,1.);
#5350 = DIRECTION('',(0.,-1.));
#5351 = ( GEOMETRIC_REPRESENTATION_CONTEXT(2) 
PARAMETRIC_REPRESENTATION_CONTEXT() REPRESENTATION_CONTEXT('2D SPACE',''
  ) );
#5352 = PCURVE('',#3416,#5353);
#5353 = DEFINITIONAL_REPRESENTATION('',(#5354),#5358);
#5354 = LINE('',#5355,#5356);
#5355 = CARTESIAN_POINT('',(6.28318530718,0.));
#5356 = VECTOR('',#5357,1.);
#5357 = DIRECTION('',(0.,-1.));
#5358 = ( GEOMETRIC_REPRESENTATION_CONTEXT(2) 
PARAMETRIC_REPRESENTATION_CONTEXT() REPRESENTATION_CONTEXT('2D SPACE',''
  ) );
#5359 = ORIENTED_EDGE('',*,*,#5360,.T.);
#5360 = EDGE_CURVE('',#5338,#5338,#5361,.T.);
#5361 = SURFACE_CURVE('',#5362,(#5367,#5374),.PCURVE_S1.);
#5362 = ELLIPSE('',#5363,44.,35.);
#5363 = AXIS2_PLACEMENT_3D('',#5364,#5365,#5366);
#5364 = CARTESIAN_POINT('',(0.,0.,7.));
#5365 = DIRECTION('',(0.,0.,1.));
#5366 = DIRECTION('',(1.,0.,0.));
#5367 = PCURVE('',#3416,#5368);
#5368 = DEFINITIONAL_REPRESENTATION('',(#5369),#5373);
#5369 = LINE('',#5370,#5371);
#5370 = CARTESIAN_POINT('',(0.,-3.));
#5371 = VECTOR('',#5372,1.);
#5372 = DIRECTION('',(1.,0.));
#5373 = ( GEOMETRIC_REPRESENTATION_CONTEXT(2) 
PARAMETRIC_REPRESENTATION_CONTEXT() REPRESENTATION_CONTEXT('2D SPACE',''
  ) );
#5374 = PCURVE('',#5375,#5380);
#5375 = PLANE('',#5376);
#5376 = AXIS2_PLACEMENT_3D('',#5377,#5378,#5379);
#5377 = CARTESIAN_POINT('',(1.282929419417,-4.076557804336E-16,7.));
#5378 = DIRECTION('',(0.,0.,1.));
#5379 = DIRECTION('',(1.,0.,-0.));
#5380 = DEFINITIONAL_REPRESENTATION('',(#5381),#5385);
#5381 = ELLIPSE('',#5382,44.,35.);
#5382 = AXIS2_PLACEMENT_2D('',#5383,#5384);
#5383 = CARTESIAN_POINT('',(-1.282929419417,4.076557804336E-16));
#5384 = DIRECTION('',(1.,0.));
#5385 = ( GEOMETRIC_REPRESENTATION_CONTEXT(2) 
PARAMETRIC_REPRESENTATION_CONTEXT() REPRESENTATION_CONTEXT('2D SPACE',''
  ) );
#5386 = ORIENTED_EDGE('',*,*,#5337,.F.);
#5387 = ORIENTED_EDGE('',*,*,#3399,.F.);
#5388 = ADVANCED_FACE('',(#5389),#3450,.F.);
#5389 = FACE_BOUND('',#5390,.F.);
#5390 = EDGE_LOOP('',(#5391,#5420,#5441,#5442));
#5391 = ORIENTED_EDGE('',*,*,#5392,.F.);
#5392 = EDGE_CURVE('',#5393,#5393,#5395,.T.);
#5393 = VERTEX_POINT('',#5394);
#5394 = CARTESIAN_POINT('',(-30.2,-19.,5.8));
#5395 = SURFACE_CURVE('',#5396,(#5401,#5408),.PCURVE_S1.);
#5396 = CIRCLE('',#5397,1.8);
#5397 = AXIS2_PLACEMENT_3D('',#5398,#5399,#5400);
#5398 = CARTESIAN_POINT('',(-32.,-19.,5.8));
#5399 = DIRECTION('',(0.,0.,1.));
#5400 = DIRECTION('',(1.,0.,-0.));
#5401 = PCURVE('',#3450,#5402);
#5402 = DEFINITIONAL_REPRESENTATION('',(#5403),#5407);
#5403 = LINE('',#5404,#5405);
#5404 = CARTESIAN_POINT('',(-0.,-1.8));
#5405 = VECTOR('',#5406,1.);
#5406 = DIRECTION('',(-1.,-0.));
#5407 = ( GEOMETRIC_REPRESENTATION_CONTEXT(2) 
PARAMETRIC_REPRESENTATION_CONTEXT() REPRESENTATION_CONTEXT('2D SPACE',''
  ) );
#5408 = PCURVE('',#5409,#5414);
#5409 = CYLINDRICAL_SURFACE('',#5410,1.8);
#5410 = AXIS2_PLACEMENT_3D('',#5411,#5412,#5413);
#5411 = CARTESIAN_POINT('',(-32.,-19.,3.));
#5412 = DIRECTION('',(-0.,-0.,-1.));
#5413 = DIRECTION('',(1.,0.,0.));
#5414 = DEFINITIONAL_REPRESENTATION('',(#5415),#5419);
#5415 = LINE('',#5416,#5417);
#5416 = CARTESIAN_POINT('',(-0.,-2.8));
#5417 = VECTOR('',#5418,1.);
#5418 = DIRECTION('',(-1.,0.));
#5419 = ( GEOMETRIC_REPRESENTATION_CONTEXT(2) 
PARAMETRIC_REPRESENTATION_CONTEXT() REPRESENTATION_CONTEXT('2D SPACE',''
  ) );
#5420 = ORIENTED_EDGE('',*,*,#5421,.F.);
#5421 = EDGE_CURVE('',#3434,#5393,#5422,.T.);
#5422 = SEAM_CURVE('',#5423,(#5427,#5434),.PCURVE_S1.);
#5423 = LINE('',#5424,#5425);
#5424 = CARTESIAN_POINT('',(-28.9,-19.,4.));
#5425 = VECTOR('',#5426,1.);
#5426 = DIRECTION('',(-0.585490553844,1.434038265393E-16,0.8106792284));
#5427 = PCURVE('',#3450,#5428);
#5428 = DEFINITIONAL_REPRESENTATION('',(#5429),#5433);
#5429 = LINE('',#5430,#5431);
#5430 = CARTESIAN_POINT('',(-6.28318530718,0.));
#5431 = VECTOR('',#5432,1.);
#5432 = DIRECTION('',(-0.,-1.));
#5433 = ( GEOMETRIC_REPRESENTATION_CONTEXT(2) 
PARAMETRIC_REPRESENTATION_CONTEXT() REPRESENTATION_CONTEXT('2D SPACE',''
  ) );
#5434 = PCURVE('',#3450,#5435);
#5435 = DEFINITIONAL_REPRESENTATION('',(#5436),#5440);
#5436 = LINE('',#5437,#5438);
#5437 = CARTESIAN_POINT('',(0.,-0.));
#5438 = VECTOR('',#5439,1.);
#5439 = DIRECTION('',(-0.,-1.));
#5440 = ( GEOMETRIC_REPRESENTATION_CONTEXT(2) 
PARAMETRIC_REPRESENTATION_CONTEXT() REPRESENTATION_CONTEXT('2D SPACE',''
  ) );
#5441 = ORIENTED_EDGE('',*,*,#3433,.T.);
#5442 = ORIENTED_EDGE('',*,*,#5421,.T.);
#5443 = ADVANCED_FACE('',(#5444),#3481,.F.);
#5444 = FACE_BOUND('',#5445,.F.);
#5445 = EDGE_LOOP('',(#5446,#5475,#5496,#5497));
#5446 = ORIENTED_EDGE('',*,*,#5447,.F.);
#5447 = EDGE_CURVE('',#5448,#5448,#5450,.T.);
#5448 = VERTEX_POINT('',#5449);
#5449 = CARTESIAN_POINT('',(33.8,-19.,5.8));
#5450 = SURFACE_CURVE('',#5451,(#5456,#5463),.PCURVE_S1.);
#5451 = CIRCLE('',#5452,1.8);
#5452 = AXIS2_PLACEMENT_3D('',#5453,#5454,#5455);
#5453 = CARTESIAN_POINT('',(32.,-19.,5.8));
#5454 = DIRECTION('',(0.,0.,1.));
#5455 = DIRECTION('',(1.,0.,-0.));
#5456 = PCURVE('',#3481,#5457);
#5457 = DEFINITIONAL_REPRESENTATION('',(#5458),#5462);
#5458 = LINE('',#5459,#5460);
#5459 = CARTESIAN_POINT('',(-0.,-1.8));
#5460 = VECTOR('',#5461,1.);
#5461 = DIRECTION('',(-1.,-0.));
#5462 = ( GEOMETRIC_REPRESENTATION_CONTEXT(2) 
PARAMETRIC_REPRESENTATION_CONTEXT() REPRESENTATION_CONTEXT('2D SPACE',''
  ) );
#5463 = PCURVE('',#5464,#5469);
#5464 = CYLINDRICAL_SURFACE('',#5465,1.8);
#5465 = AXIS2_PLACEMENT_3D('',#5466,#5467,#5468);
#5466 = CARTESIAN_POINT('',(32.,-19.,3.));
#5467 = DIRECTION('',(-0.,-0.,-1.));
#5468 = DIRECTION('',(1.,0.,0.));
#5469 = DEFINITIONAL_REPRESENTATION('',(#5470),#5474);
#5470 = LINE('',#5471,#5472);
#5471 = CARTESIAN_POINT('',(-0.,-2.8));
#5472 = VECTOR('',#5473,1.);
#5473 = DIRECTION('',(-1.,0.));
#5474 = ( GEOMETRIC_REPRESENTATION_CONTEXT(2) 
PARAMETRIC_REPRESENTATION_CONTEXT() REPRESENTATION_CONTEXT('2D SPACE',''
  ) );
#5475 = ORIENTED_EDGE('',*,*,#5476,.F.);
#5476 = EDGE_CURVE('',#3465,#5448,#5477,.T.);
#5477 = SEAM_CURVE('',#5478,(#5482,#5489),.PCURVE_S1.);
#5478 = LINE('',#5479,#5480);
#5479 = CARTESIAN_POINT('',(35.1,-19.,4.));
#5480 = VECTOR('',#5481,1.);
#5481 = DIRECTION('',(-0.585490553844,1.434038265393E-16,0.8106792284));
#5482 = PCURVE('',#3481,#5483);
#5483 = DEFINITIONAL_REPRESENTATION('',(#5484),#5488);
#5484 = LINE('',#5485,#5486);
#5485 = CARTESIAN_POINT('',(-6.28318530718,0.));
#5486 = VECTOR('',#5487,1.);
#5487 = DIRECTION('',(-0.,-1.));
#5488 = ( GEOMETRIC_REPRESENTATION_CONTEXT(2) 
PARAMETRIC_REPRESENTATION_CONTEXT() REPRESENTATION_CONTEXT('2D SPACE',''
  ) );
#5489 = PCURVE('',#3481,#5490);
#5490 = DEFINITIONAL_REPRESENTATION('',(#5491),#5495);
#5491 = LINE('',#5492,#5493);
#5492 = CARTESIAN_POINT('',(0.,-0.));
#5493 = VECTOR('',#5494,1.);
#5494 = DIRECTION('',(-0.,-1.));
#5495 = ( GEOMETRIC_REPRESENTATION_CONTEXT(2) 
PARAMETRIC_REPRESENTATION_CONTEXT() REPRESENTATION_CONTEXT('2D SPACE',''
  ) );
#5496 = ORIENTED_EDGE('',*,*,#3464,.T.);
#5497 = ORIENTED_EDGE('',*,*,#5476,.T.);
#5498 = ADVANCED_FACE('',(#5499),#3512,.F.);
#5499 = FACE_BOUND('',#5500,.F.);
#5500 = EDGE_LOOP('',(#5501,#5530,#5551,#5552));
#5501 = ORIENTED_EDGE('',*,*,#5502,.F.);
#5502 = EDGE_CURVE('',#5503,#5503,#5505,.T.);
#5503 = VERTEX_POINT('',#5504);
#5504 = CARTESIAN_POINT('',(-30.2,19.,5.8));
#5505 = SURFACE_CURVE('',#5506,(#5511,#5518),.PCURVE_S1.);
#5506 = CIRCLE('',#5507,1.8);
#5507 = AXIS2_PLACEMENT_3D('',#5508,#5509,#5510);
#5508 = CARTESIAN_POINT('',(-32.,19.,5.8));
#5509 = DIRECTION('',(0.,0.,1.));
#5510 = DIRECTION('',(1.,0.,-0.));
#5511 = PCURVE('',#3512,#5512);
#5512 = DEFINITIONAL_REPRESENTATION('',(#5513),#5517);
#5513 = LINE('',#5514,#5515);
#5514 = CARTESIAN_POINT('',(-0.,-1.8));
#5515 = VECTOR('',#5516,1.);
#5516 = DIRECTION('',(-1.,-0.));
#5517 = ( GEOMETRIC_REPRESENTATION_CONTEXT(2) 
PARAMETRIC_REPRESENTATION_CONTEXT() REPRESENTATION_CONTEXT('2D SPACE',''
  ) );
#5518 = PCURVE('',#5519,#5524);
#5519 = CYLINDRICAL_SURFACE('',#5520,1.8);
#5520 = AXIS2_PLACEMENT_3D('',#5521,#5522,#5523);
#5521 = CARTESIAN_POINT('',(-32.,19.,3.));
#5522 = DIRECTION('',(-0.,-0.,-1.));
#5523 = DIRECTION('',(1.,0.,0.));
#5524 = DEFINITIONAL_REPRESENTATION('',(#5525),#5529);
#5525 = LINE('',#5526,#5527);
#5526 = CARTESIAN_POINT('',(-0.,-2.8));
#5527 = VECTOR('',#5528,1.);
#5528 = DIRECTION('',(-1.,0.));
#5529 = ( GEOMETRIC_REPRESENTATION_CONTEXT(2) 
PARAMETRIC_REPRESENTATION_CONTEXT() REPRESENTATION_CONTEXT('2D SPACE',''
  ) );
#5530 = ORIENTED_EDGE('',*,*,#5531,.F.);
#5531 = EDGE_CURVE('',#3496,#5503,#5532,.T.);
#5532 = SEAM_CURVE('',#5533,(#5537,#5544),.PCURVE_S1.);
#5533 = LINE('',#5534,#5535);
#5534 = CARTESIAN_POINT('',(-28.9,19.,4.));
#5535 = VECTOR('',#5536,1.);
#5536 = DIRECTION('',(-0.585490553844,1.434038265393E-16,0.8106792284));
#5537 = PCURVE('',#3512,#5538);
#5538 = DEFINITIONAL_REPRESENTATION('',(#5539),#5543);
#5539 = LINE('',#5540,#5541);
#5540 = CARTESIAN_POINT('',(-6.28318530718,0.));
#5541 = VECTOR('',#5542,1.);
#5542 = DIRECTION('',(-0.,-1.));
#5543 = ( GEOMETRIC_REPRESENTATION_CONTEXT(2) 
PARAMETRIC_REPRESENTATION_CONTEXT() REPRESENTATION_CONTEXT('2D SPACE',''
  ) );
#5544 = PCURVE('',#3512,#5545);
#5545 = DEFINITIONAL_REPRESENTATION('',(#5546),#5550);
#5546 = LINE('',#5547,#5548);
#5547 = CARTESIAN_POINT('',(0.,-0.));
#5548 = VECTOR('',#5549,1.);
#5549 = DIRECTION('',(-0.,-1.));
#5550 = ( GEOMETRIC_REPRESENTATION_CONTEXT(2) 
PARAMETRIC_REPRESENTATION_CONTEXT() REPRESENTATION_CONTEXT('2D SPACE',''
  ) );
#5551 = ORIENTED_EDGE('',*,*,#3495,.T.);
#5552 = ORIENTED_EDGE('',*,*,#5531,.T.);
#5553 = ADVANCED_FACE('',(#5554),#3546,.F.);
#5554 = FACE_BOUND('',#5555,.F.);
#5555 = EDGE_LOOP('',(#5556,#5585,#5606,#5607));
#5556 = ORIENTED_EDGE('',*,*,#5557,.F.);
#5557 = EDGE_CURVE('',#5558,#5558,#5560,.T.);
#5558 = VERTEX_POINT('',#5559);
#5559 = CARTESIAN_POINT('',(33.8,19.,5.8));
#5560 = SURFACE_CURVE('',#5561,(#5566,#5573),.PCURVE_S1.);
#5561 = CIRCLE('',#5562,1.8);
#5562 = AXIS2_PLACEMENT_3D('',#5563,#5564,#5565);
#5563 = CARTESIAN_POINT('',(32.,19.,5.8));
#5564 = DIRECTION('',(0.,0.,1.));
#5565 = DIRECTION('',(1.,0.,-0.));
#5566 = PCURVE('',#3546,#5567);
#5567 = DEFINITIONAL_REPRESENTATION('',(#5568),#5572);
#5568 = LINE('',#5569,#5570);
#5569 = CARTESIAN_POINT('',(-0.,-1.8));
#5570 = VECTOR('',#5571,1.);
#5571 = DIRECTION('',(-1.,-0.));
#5572 = ( GEOMETRIC_REPRESENTATION_CONTEXT(2) 
PARAMETRIC_REPRESENTATION_CONTEXT() REPRESENTATION_CONTEXT('2D SPACE',''
  ) );
#5573 = PCURVE('',#5574,#5579);
#5574 = CYLINDRICAL_SURFACE('',#5575,1.8);
#5575 = AXIS2_PLACEMENT_3D('',#5576,#5577,#5578);
#5576 = CARTESIAN_POINT('',(32.,19.,3.));
#5577 = DIRECTION('',(-0.,-0.,-1.));
#5578 = DIRECTION('',(1.,0.,0.));
#5579 = DEFINITIONAL_REPRESENTATION('',(#5580),#5584);
#5580 = LINE('',#5581,#5582);
#5581 = CARTESIAN_POINT('',(-0.,-2.8));
#5582 = VECTOR('',#5583,1.);
#5583 = DIRECTION('',(-1.,0.));
#5584 = ( GEOMETRIC_REPRESENTATION_CONTEXT(2) 
PARAMETRIC_REPRESENTATION_CONTEXT() REPRESENTATION_CONTEXT('2D SPACE',''
  ) );
#5585 = ORIENTED_EDGE('',*,*,#5586,.F.);
#5586 = EDGE_CURVE('',#3530,#5558,#5587,.T.);
#5587 = SEAM_CURVE('',#5588,(#5592,#5599),.PCURVE_S1.);
#5588 = LINE('',#5589,#5590);
#5589 = CARTESIAN_POINT('',(35.1,19.,4.));
#5590 = VECTOR('',#5591,1.);
#5591 = DIRECTION('',(-0.585490553844,1.434038265393E-16,0.8106792284));
#5592 = PCURVE('',#3546,#5593);
#5593 = DEFINITIONAL_REPRESENTATION('',(#5594),#5598);
#5594 = LINE('',#5595,#5596);
#5595 = CARTESIAN_POINT('',(-6.28318530718,0.));
#5596 = VECTOR('',#5597,1.);
#5597 = DIRECTION('',(-0.,-1.));
#5598 = ( GEOMETRIC_REPRESENTATION_CONTEXT(2) 
PARAMETRIC_REPRESENTATION_CONTEXT() REPRESENTATION_CONTEXT('2D SPACE',''
  ) );
#5599 = PCURVE('',#3546,#5600);
#5600 = DEFINITIONAL_REPRESENTATION('',(#5601),#5605);
#5601 = LINE('',#5602,#5603);
#5602 = CARTESIAN_POINT('',(0.,-0.));
#5603 = VECTOR('',#5604,1.);
#5604 = DIRECTION('',(-0.,-1.));
#5605 = ( GEOMETRIC_REPRESENTATION_CONTEXT(2) 
PARAMETRIC_REPRESENTATION_CONTEXT() REPRESENTATION_CONTEXT('2D SPACE',''
  ) );
#5606 = ORIENTED_EDGE('',*,*,#3529,.T.);
#5607 = ORIENTED_EDGE('',*,*,#5586,.T.);
#5608 = ADVANCED_FACE('',(#5609),#3656,.T.);
#5609 = FACE_BOUND('',#5610,.T.);
#5610 = EDGE_LOOP('',(#5611,#5612,#5613));
#5611 = ORIENTED_EDGE('',*,*,#4628,.T.);
#5612 = ORIENTED_EDGE('',*,*,#3990,.T.);
#5613 = ORIENTED_EDGE('',*,*,#3641,.F.);
#5614 = ADVANCED_FACE('',(#5615,#6383),#3772,.F.);
#5615 = FACE_BOUND('',#5616,.F.);
#5616 = EDGE_LOOP('',(#5617,#5664,#5690,#5735,#5736,#5783,#6042,#6076,
    #6335,#6380,#6381,#6382));
#5617 = ORIENTED_EDGE('',*,*,#5618,.T.);
#5618 = EDGE_CURVE('',#3747,#5619,#5621,.T.);
#5619 = VERTEX_POINT('',#5620);
#5620 = CARTESIAN_POINT('',(19.,-39.5,-76.));
#5621 = SURFACE_CURVE('',#5622,(#5638,#5645),.PCURVE_S1.);
#5622 = B_SPLINE_CURVE_WITH_KNOTS('',14,(#5623,#5624,#5625,#5626,#5627,
    #5628,#5629,#5630,#5631,#5632,#5633,#5634,#5635,#5636,#5637),
  .UNSPECIFIED.,.T.,.F.,(15,15),(0.,1.),.PIECEWISE_BEZIER_KNOTS.);
#5623 = CARTESIAN_POINT('',(19.,-39.5,-76.));
#5624 = CARTESIAN_POINT('',(19.000000000005,-33.44121416807,-76.));
#5625 = CARTESIAN_POINT('',(14.878627137192,-27.38242609971,-76.));
#5626 = CARTESIAN_POINT('',(6.63587614289,-22.85693882126,-76.));
#5627 = CARTESIAN_POINT('',(-4.49560168009,-21.39788245634,-76.));
#5628 = CARTESIAN_POINT('',(-16.05073754757,-23.98881237636,-76.));
#5629 = CARTESIAN_POINT('',(-24.87179233162,-30.51054918893,-76.));
#5630 = CARTESIAN_POINT('',(-28.1927434388,-39.49999999981,-76.));
#5631 = CARTESIAN_POINT('',(-24.87179233162,-48.4894508114,-76.));
#5632 = CARTESIAN_POINT('',(-16.05073754757,-55.01118762338,-76.));
#5633 = CARTESIAN_POINT('',(-4.495601680088,-57.60211754381,-76.));
#5634 = CARTESIAN_POINT('',(6.635876142889,-56.14306117865,-76.));
#5635 = CARTESIAN_POINT('',(14.878627137192,-51.61757390031,-76.));
#5636 = CARTESIAN_POINT('',(19.000000000005,-45.55878583192,-76.));
#5637 = CARTESIAN_POINT('',(19.,-39.5,-76.));
#5638 = PCURVE('',#3772,#5639);
#5639 = DEFINITIONAL_REPRESENTATION('',(#5640),#5644);
#5640 = LINE('',#5641,#5642);
#5641 = CARTESIAN_POINT('',(0.,0.));
#5642 = VECTOR('',#5643,1.);
#5643 = DIRECTION('',(1.,0.));
#5644 = ( GEOMETRIC_REPRESENTATION_CONTEXT(2) 
PARAMETRIC_REPRESENTATION_CONTEXT() REPRESENTATION_CONTEXT('2D SPACE',''
  ) );
#5645 = PCURVE('',#3892,#5646);
#5646 = DEFINITIONAL_REPRESENTATION('',(#5647),#5663);
#5647 = B_SPLINE_CURVE_WITH_KNOTS('',14,(#5648,#5649,#5650,#5651,#5652,
    #5653,#5654,#5655,#5656,#5657,#5658,#5659,#5660,#5661,#5662),
  .UNSPECIFIED.,.F.,.F.,(15,15),(0.,1.),.PIECEWISE_BEZIER_KNOTS.);
#5648 = CARTESIAN_POINT('',(0.,0.));
#5649 = CARTESIAN_POINT('',(-4.700240197053E-12,6.058785831927));
#5650 = CARTESIAN_POINT('',(4.121372862808,12.117573900282));
#5651 = CARTESIAN_POINT('',(12.36412385711,16.643061178737));
#5652 = CARTESIAN_POINT('',(23.49560168009,18.102117543652));
#5653 = CARTESIAN_POINT('',(35.050737547576,15.511187623637));
#5654 = CARTESIAN_POINT('',(43.871792331624,8.989450811068));
#5655 = CARTESIAN_POINT('',(47.192743438804,1.814512984311E-10));
#5656 = CARTESIAN_POINT('',(43.871792331621,-8.989450811401));
#5657 = CARTESIAN_POINT('',(35.050737547579,-15.51118762338));
#5658 = CARTESIAN_POINT('',(23.495601680088,-18.10211754381));
#5659 = CARTESIAN_POINT('',(12.364123857111,-16.64306117865));
#5660 = CARTESIAN_POINT('',(4.121372862808,-12.11757390031));
#5661 = CARTESIAN_POINT('',(-4.622080496119E-12,-6.058785831921));
#5662 = CARTESIAN_POINT('',(7.105427357601E-15,1.42108547152E-14));
#5663 = ( GEOMETRIC_REPRESENTATION_CONTEXT(2) 
PARAMETRIC_REPRESENTATION_CONTEXT() REPRESENTATION_CONTEXT('2D SPACE',''
  ) );
#5664 = ORIENTED_EDGE('',*,*,#5665,.T.);
#5665 = EDGE_CURVE('',#5619,#5666,#5668,.T.);
#5666 = VERTEX_POINT('',#5667);
#5667 = CARTESIAN_POINT('',(30.,0.,7.));
#5668 = SEAM_CURVE('',#5669,(#5676,#5683),.PCURVE_S1.);
#5669 = ( BOUNDED_CURVE() B_SPLINE_CURVE(5,(#5670,#5671,#5672,#5673,
#5674,#5675),.UNSPECIFIED.,.F.,.F.) B_SPLINE_CURVE_WITH_KNOTS((6,6),(0.,
1.),.PIECEWISE_BEZIER_KNOTS.) CURVE() GEOMETRIC_REPRESENTATION_ITEM() 
RATIONAL_B_SPLINE_CURVE((1.,1.,1.,1.,1.,1.)) REPRESENTATION_ITEM('') );
#5670 = CARTESIAN_POINT('',(19.,-39.5,-76.));
#5671 = CARTESIAN_POINT('',(26.123044569638,-31.99413370891,
    -60.56609949556));
#5672 = CARTESIAN_POINT('',(18.446256865827,-20.970921322,
    -42.36281686344));
#5673 = CARTESIAN_POINT('',(32.849170364805,-19.98045879275,
    -25.95429108986));
#5674 = CARTESIAN_POINT('',(28.769192019074,-0.104288645744,
    -12.74783882291));
#5675 = CARTESIAN_POINT('',(30.,2.606519132579E-15,7.));
#5676 = PCURVE('',#3772,#5677);
#5677 = DEFINITIONAL_REPRESENTATION('',(#5678),#5682);
#5678 = LINE('',#5679,#5680);
#5679 = CARTESIAN_POINT('',(0.,0.));
#5680 = VECTOR('',#5681,1.);
#5681 = DIRECTION('',(0.,1.));
#5682 = ( GEOMETRIC_REPRESENTATION_CONTEXT(2) 
PARAMETRIC_REPRESENTATION_CONTEXT() REPRESENTATION_CONTEXT('2D SPACE',''
  ) );
#5683 = PCURVE('',#3772,#5684);
#5684 = DEFINITIONAL_REPRESENTATION('',(#5685),#5689);
#5685 = LINE('',#5686,#5687);
#5686 = CARTESIAN_POINT('',(1.,0.));
#5687 = VECTOR('',#5688,1.);
#5688 = DIRECTION('',(0.,1.));
#5689 = ( GEOMETRIC_REPRESENTATION_CONTEXT(2) 
PARAMETRIC_REPRESENTATION_CONTEXT() REPRESENTATION_CONTEXT('2D SPACE',''
  ) );
#5690 = ORIENTED_EDGE('',*,*,#5691,.F.);
#5691 = EDGE_CURVE('',#5666,#5666,#5692,.T.);
#5692 = SURFACE_CURVE('',#5693,(#5709,#5716),.PCURVE_S1.);
#5693 = B_SPLINE_CURVE_WITH_KNOTS('',14,(#5694,#5695,#5696,#5697,#5698,
    #5699,#5700,#5701,#5702,#5703,#5704,#5705,#5706,#5707,#5708),
  .UNSPECIFIED.,.T.,.F.,(15,15),(0.,1.),.PIECEWISE_BEZIER_KNOTS.);
#5694 = CARTESIAN_POINT('',(30.,2.606519132579E-15,7.));
#5695 = CARTESIAN_POINT('',(30.000000000004,9.873576911289,7.));
#5696 = CARTESIAN_POINT('',(23.492569164001,19.747157467127,7.));
#5697 = CARTESIAN_POINT('',(10.477699172943,27.122025624609,7.));
#5698 = CARTESIAN_POINT('',(-7.098318442164,29.499747108174,7.));
#5699 = CARTESIAN_POINT('',(-25.34326981209,25.277490942222,7.));
#5700 = CARTESIAN_POINT('',(-39.27125104975,14.649475395817,7.));
#5701 = CARTESIAN_POINT('',(-44.51485806145,2.913297794736E-10,7.));
#5702 = CARTESIAN_POINT('',(-39.27125104976,-14.64947539635,7.));
#5703 = CARTESIAN_POINT('',(-25.34326981208,-25.27749094181,7.));
#5704 = CARTESIAN_POINT('',(-7.098318442175,-29.49974710843,7.));
#5705 = CARTESIAN_POINT('',(10.47769917295,-27.12202562447,7.));
#5706 = CARTESIAN_POINT('',(23.492569163999,-19.74715746717,7.));
#5707 = CARTESIAN_POINT('',(30.000000000005,-9.873576911278,7.));
#5708 = CARTESIAN_POINT('',(30.,-1.160433578539E-14,7.));
#5709 = PCURVE('',#3772,#5710);
#5710 = DEFINITIONAL_REPRESENTATION('',(#5711),#5715);
#5711 = LINE('',#5712,#5713);
#5712 = CARTESIAN_POINT('',(0.,1.));
#5713 = VECTOR('',#5714,1.);
#5714 = DIRECTION('',(1.,0.));
#5715 = ( GEOMETRIC_REPRESENTATION_CONTEXT(2) 
PARAMETRIC_REPRESENTATION_CONTEXT() REPRESENTATION_CONTEXT('2D SPACE',''
  ) );
#5716 = PCURVE('',#5375,#5717);
#5717 = DEFINITIONAL_REPRESENTATION('',(#5718),#5734);
#5718 = B_SPLINE_CURVE_WITH_KNOTS('',14,(#5719,#5720,#5721,#5722,#5723,
    #5724,#5725,#5726,#5727,#5728,#5729,#5730,#5731,#5732,#5733),
  .UNSPECIFIED.,.F.,.F.,(15,15),(0.,1.),.PIECEWISE_BEZIER_KNOTS.);
#5719 = CARTESIAN_POINT('',(28.717070580583,3.014174913012E-15));
#5720 = CARTESIAN_POINT('',(28.717070580587,9.873576911289));
#5721 = CARTESIAN_POINT('',(22.209639744584,19.747157467127));
#5722 = CARTESIAN_POINT('',(9.194769753526,27.122025624609));
#5723 = CARTESIAN_POINT('',(-8.381247861581,29.499747108174));
#5724 = CARTESIAN_POINT('',(-26.62619923151,25.277490942222));
#5725 = CARTESIAN_POINT('',(-40.55418046917,14.649475395817));
#5726 = CARTESIAN_POINT('',(-45.79778748087,2.913301871294E-10));
#5727 = CARTESIAN_POINT('',(-40.55418046918,-14.64947539635));
#5728 = CARTESIAN_POINT('',(-26.6261992315,-25.27749094181));
#5729 = CARTESIAN_POINT('',(-8.381247861593,-29.49974710843));
#5730 = CARTESIAN_POINT('',(9.194769753533,-27.12202562447));
#5731 = CARTESIAN_POINT('',(22.209639744581,-19.74715746717));
#5732 = CARTESIAN_POINT('',(28.717070580588,-9.873576911278));
#5733 = CARTESIAN_POINT('',(28.717070580583,-1.119668000496E-14));
#5734 = ( GEOMETRIC_REPRESENTATION_CONTEXT(2) 
PARAMETRIC_REPRESENTATION_CONTEXT() REPRESENTATION_CONTEXT('2D SPACE',''
  ) );
#5735 = ORIENTED_EDGE('',*,*,#5665,.F.);
#5736 = ORIENTED_EDGE('',*,*,#5737,.T.);
#5737 = EDGE_CURVE('',#5619,#5738,#5740,.T.);
#5738 = VERTEX_POINT('',#5739);
#5739 = CARTESIAN_POINT('',(1.5,-26.04213641424,-76.));
#5740 = SURFACE_CURVE('',#5741,(#5757,#5764),.PCURVE_S1.);
#5741 = B_SPLINE_CURVE_WITH_KNOTS('',14,(#5742,#5743,#5744,#5745,#5746,
    #5747,#5748,#5749,#5750,#5751,#5752,#5753,#5754,#5755,#5756),
  .UNSPECIFIED.,.T.,.F.,(15,15),(0.,1.),.PIECEWISE_BEZIER_KNOTS.);
#5742 = CARTESIAN_POINT('',(19.,-39.5,-76.));
#5743 = CARTESIAN_POINT('',(19.000000000005,-33.44121416807,-76.));
#5744 = CARTESIAN_POINT('',(14.878627137192,-27.38242609971,-76.));
#5745 = CARTESIAN_POINT('',(6.63587614289,-22.85693882126,-76.));
#5746 = CARTESIAN_POINT('',(-4.49560168009,-21.39788245634,-76.));
#5747 = CARTESIAN_POINT('',(-16.05073754757,-23.98881237636,-76.));
#5748 = CARTESIAN_POINT('',(-24.87179233162,-30.51054918893,-76.));
#5749 = CARTESIAN_POINT('',(-28.1927434388,-39.49999999981,-76.));
#5750 = CARTESIAN_POINT('',(-24.87179233162,-48.4894508114,-76.));
#5751 = CARTESIAN_POINT('',(-16.05073754757,-55.01118762338,-76.));
#5752 = CARTESIAN_POINT('',(-4.495601680088,-57.60211754381,-76.));
#5753 = CARTESIAN_POINT('',(6.635876142889,-56.14306117865,-76.));
#5754 = CARTESIAN_POINT('',(14.878627137192,-51.61757390031,-76.));
#5755 = CARTESIAN_POINT('',(19.000000000005,-45.55878583192,-76.));
#5756 = CARTESIAN_POINT('',(19.,-39.5,-76.));
#5757 = PCURVE('',#3772,#5758);
#5758 = DEFINITIONAL_REPRESENTATION('',(#5759),#5763);
#5759 = LINE('',#5760,#5761);
#5760 = CARTESIAN_POINT('',(0.,0.));
#5761 = VECTOR('',#5762,1.);
#5762 = DIRECTION('',(1.,0.));
#5763 = ( GEOMETRIC_REPRESENTATION_CONTEXT(2) 
PARAMETRIC_REPRESENTATION_CONTEXT() REPRESENTATION_CONTEXT('2D SPACE',''
  ) );
#5764 = PCURVE('',#3892,#5765);
#5765 = DEFINITIONAL_REPRESENTATION('',(#5766),#5782);
#5766 = B_SPLINE_CURVE_WITH_KNOTS('',14,(#5767,#5768,#5769,#5770,#5771,
    #5772,#5773,#5774,#5775,#5776,#5777,#5778,#5779,#5780,#5781),
  .UNSPECIFIED.,.F.,.F.,(15,15),(0.,1.),.PIECEWISE_BEZIER_KNOTS.);
#5767 = CARTESIAN_POINT('',(0.,0.));
#5768 = CARTESIAN_POINT('',(-4.700240197053E-12,6.058785831927));
#5769 = CARTESIAN_POINT('',(4.121372862808,12.117573900282));
#5770 = CARTESIAN_POINT('',(12.36412385711,16.643061178737));
#5771 = CARTESIAN_POINT('',(23.49560168009,18.102117543652));
#5772 = CARTESIAN_POINT('',(35.050737547576,15.511187623637));
#5773 = CARTESIAN_POINT('',(43.871792331624,8.989450811068));
#5774 = CARTESIAN_POINT('',(47.192743438804,1.814512984311E-10));
#5775 = CARTESIAN_POINT('',(43.871792331621,-8.989450811401));
#5776 = CARTESIAN_POINT('',(35.050737547579,-15.51118762338));
#5777 = CARTESIAN_POINT('',(23.495601680088,-18.10211754381));
#5778 = CARTESIAN_POINT('',(12.364123857111,-16.64306117865));
#5779 = CARTESIAN_POINT('',(4.121372862808,-12.11757390031));
#5780 = CARTESIAN_POINT('',(-4.622080496119E-12,-6.058785831921));
#5781 = CARTESIAN_POINT('',(7.105427357601E-15,1.42108547152E-14));
#5782 = ( GEOMETRIC_REPRESENTATION_CONTEXT(2) 
PARAMETRIC_REPRESENTATION_CONTEXT() REPRESENTATION_CONTEXT('2D SPACE',''
  ) );
#5783 = ORIENTED_EDGE('',*,*,#5784,.T.);
#5784 = EDGE_CURVE('',#5738,#5785,#5787,.T.);
#5785 = VERTEX_POINT('',#5786);
#5786 = CARTESIAN_POINT('',(1.5,16.47218824308,-10.));
#5787 = SURFACE_CURVE('',#5788,(#5869,#5953),.PCURVE_S1.);
#5788 = B_SPLINE_CURVE_WITH_KNOTS('',7,(#5789,#5790,#5791,#5792,#5793,
    #5794,#5795,#5796,#5797,#5798,#5799,#5800,#5801,#5802,#5803,#5804,
    #5805,#5806,#5807,#5808,#5809,#5810,#5811,#5812,#5813,#5814,#5815,
    #5816,#5817,#5818,#5819,#5820,#5821,#5822,#5823,#5824,#5825,#5826,
    #5827,#5828,#5829,#5830,#5831,#5832,#5833,#5834,#5835,#5836,#5837,
    #5838,#5839,#5840,#5841,#5842,#5843,#5844,#5845,#5846,#5847,#5848,
    #5849,#5850,#5851,#5852,#5853,#5854,#5855,#5856,#5857,#5858,#5859,
    #5860,#5861,#5862,#5863,#5864,#5865,#5866,#5867,#5868),
  .UNSPECIFIED.,.F.,.F.,(8,6,6,6,6,6,6,6,6,6,6,6,6,8),(0.,0.202995760812
    ,0.277778358439,0.305935938371,0.331640175356,0.354897989062,
    0.450483058363,0.552581554754,0.739717315514,0.768321197404,
    0.800645926845,0.837896545592,0.921904585496,1.),.UNSPECIFIED.);
#5789 = CARTESIAN_POINT('',(1.5,-26.04213641424,-76.));
#5790 = CARTESIAN_POINT('',(1.5,-24.58655692856,-74.24678684045));
#5791 = CARTESIAN_POINT('',(1.5,-23.19854271562,-72.43795635999));
#5792 = CARTESIAN_POINT('',(1.5,-21.87273750861,-70.58263523483));
#5793 = CARTESIAN_POINT('',(1.5,-20.60107852618,-68.6901925944));
#5794 = CARTESIAN_POINT('',(1.5,-19.37398918261,-66.76944121615));
#5795 = CARTESIAN_POINT('',(1.5,-18.18154772949,-64.8278357382));
#5796 = CARTESIAN_POINT('',(1.5,-16.58379812979,-62.15033380576));
#5797 = CARTESIAN_POINT('',(1.5,-16.15704356681,-61.42748741068));
#5798 = CARTESIAN_POINT('',(1.5,-15.73319503365,-60.70293075211));
#5799 = CARTESIAN_POINT('',(1.5,-15.31178376556,-59.97695626172));
#5800 = CARTESIAN_POINT('',(1.5,-14.89235515167,-59.24983969074));
#5801 = CARTESIAN_POINT('',(1.5,-14.47447123011,-58.52183865751));
#5802 = CARTESIAN_POINT('',(1.5,-13.90079301186,-57.51883660164));
#5803 = CARTESIAN_POINT('',(1.5,-13.74403261617,-57.24439064066));
#5804 = CARTESIAN_POINT('',(1.5,-13.58740970074,-56.96986618679));
#5805 = CARTESIAN_POINT('',(1.5,-13.43090242046,-56.69527580906));
#5806 = CARTESIAN_POINT('',(1.5,-13.27448938036,-56.42063177081));
#5807 = CARTESIAN_POINT('',(1.5,-13.11814963562,-56.14594602974));
#5808 = CARTESIAN_POINT('',(1.5,-12.81919287913,-55.62045016961));
#5809 = CARTESIAN_POINT('',(1.5,-12.67656708373,-55.36964506773));
#5810 = CARTESIAN_POINT('',(1.5,-12.53396972007,-55.11882379873));
#5811 = CARTESIAN_POINT('',(1.5,-12.3913855527,-54.867995028));
#5812 = CARTESIAN_POINT('',(1.5,-12.24879969604,-54.61716721985));
#5813 = CARTESIAN_POINT('',(1.5,-12.10619761438,-54.3663486375));
#5814 = CARTESIAN_POINT('',(1.5,-11.83450780182,-53.88861628157));
#5815 = CARTESIAN_POINT('',(1.5,-11.70542559229,-53.66169937745));
#5816 = CARTESIAN_POINT('',(1.5,-11.57630798747,-53.43480260435));
#5817 = CARTESIAN_POINT('',(1.5,-11.44714473439,-53.2079318052));
#5818 = CARTESIAN_POINT('',(1.5,-11.31792583291,-52.98109269221));
#5819 = CARTESIAN_POINT('',(1.5,-11.18864153571,-52.75429084684));
#5820 = CARTESIAN_POINT('',(1.5,-10.52764136744,-51.59559602107));
#5821 = CARTESIAN_POINT('',(1.5,-9.994735860779,-50.66438232901));
#5822 = CARTESIAN_POINT('',(1.5,-9.45990623885,-49.73426809284));
#5823 = CARTESIAN_POINT('',(1.5,-8.922568945657,-48.80559541687));
#5824 = CARTESIAN_POINT('',(1.5,-8.382219357405,-47.8786693898));
#5825 = CARTESIAN_POINT('',(1.5,-7.838434681257,-46.95375641389));
#5826 = CARTESIAN_POINT('',(1.5,-6.706006944481,-45.0455351421));
#5827 = CARTESIAN_POINT('',(1.5,-6.116830432113,-44.06253952863));
#5828 = CARTESIAN_POINT('',(1.5,-5.522937240409,-43.08237597103));
#5829 = CARTESIAN_POINT('',(1.5,-4.924023981051,-42.10526601441));
#5830 = CARTESIAN_POINT('',(1.5,-4.319895248214,-41.13137169016));
#5831 = CARTESIAN_POINT('',(1.5,-3.710464912805,-40.16079473419));
#5832 = CARTESIAN_POINT('',(1.5,-1.969063498668,-37.4207656615));
#5833 = CARTESIAN_POINT('',(1.5,-0.824603065252,-35.65917774569));
#5834 = CARTESIAN_POINT('',(1.5,0.337440570558,-33.90912205521));
#5835 = CARTESIAN_POINT('',(1.5,1.515760513382,-32.17003027657));
#5836 = CARTESIAN_POINT('',(1.5,2.707931979761,-30.44045954176));
#5837 = CARTESIAN_POINT('',(1.5,3.910442308476,-28.71811227033));
#5838 = CARTESIAN_POINT('',(1.5,5.303230509094,-26.7370984934));
#5839 = CARTESIAN_POINT('',(1.5,5.488025199581,-26.47453793152));
#5840 = CARTESIAN_POINT('',(1.5,5.672934727365,-26.21205821967));
#5841 = CARTESIAN_POINT('',(1.5,5.857941647603,-25.94964715671));
#5842 = CARTESIAN_POINT('',(1.5,6.043027833152,-25.68729201991));
#5843 = CARTESIAN_POINT('',(1.5,6.228174474563,-25.42497956494));
#5844 = CARTESIAN_POINT('',(1.5,6.622639242793,-24.86629414342));
#5845 = CARTESIAN_POINT('',(1.5,6.831968677369,-24.56992919645));
#5846 = CARTESIAN_POINT('',(1.5,7.041322278881,-24.27358131471));
#5847 = CARTESIAN_POINT('',(1.5,7.250670710267,-23.97722977314));
#5848 = CARTESIAN_POINT('',(1.5,7.459983402344,-23.6808529919));
#5849 = CARTESIAN_POINT('',(1.5,7.669228553801,-23.38442853633));
#5850 = CARTESIAN_POINT('',(1.5,8.119388757653,-22.74625545972));
#5851 = CARTESIAN_POINT('',(1.5,8.360270692342,-22.40448359867));
#5852 = CARTESIAN_POINT('',(1.5,8.600968461514,-22.06258187528));
#5853 = CARTESIAN_POINT('',(1.5,8.841429059331,-21.72051314388));
#5854 = CARTESIAN_POINT('',(1.5,9.081596947873,-21.3782387717));
#5855 = CARTESIAN_POINT('',(1.5,9.321414057136,-21.03571863889));
#5856 = CARTESIAN_POINT('',(1.5,10.100730439381,-19.91980757283));
#5857 = CARTESIAN_POINT('',(1.5,10.638543499288,-19.14524981508));
#5858 = CARTESIAN_POINT('',(1.5,11.173569336631,-18.36874900764));
#5859 = CARTESIAN_POINT('',(1.5,11.705038771396,-17.58979147712));
#5860 = CARTESIAN_POINT('',(1.5,12.232095145773,-16.80783334831));
#5861 = CARTESIAN_POINT('',(1.5,12.753786398225,-16.0222951581));
#5862 = CARTESIAN_POINT('',(1.5,13.748062266337,-14.49840090152));
#5863 = CARTESIAN_POINT('',(1.5,14.221506396721,-13.76063379923));
#5864 = CARTESIAN_POINT('',(1.5,14.688547112894,-13.01874975118));
#5865 = CARTESIAN_POINT('',(1.5,15.148239715227,-12.27224625384));
#5866 = CARTESIAN_POINT('',(1.5,15.599534394439,-11.52062191876));
#5867 = CARTESIAN_POINT('',(1.5,16.04127340576,-10.76337467972));
#5868 = CARTESIAN_POINT('',(1.5,16.47218824308,-10.));
#5869 = PCURVE('',#3772,#5870);
#5870 = DEFINITIONAL_REPRESENTATION('',(#5871),#5952);
#5871 = B_SPLINE_CURVE_WITH_KNOTS('',7,(#5872,#5873,#5874,#5875,#5876,
    #5877,#5878,#5879,#5880,#5881,#5882,#5883,#5884,#5885,#5886,#5887,
    #5888,#5889,#5890,#5891,#5892,#5893,#5894,#5895,#5896,#5897,#5898,
    #5899,#5900,#5901,#5902,#5903,#5904,#5905,#5906,#5907,#5908,#5909,
    #5910,#5911,#5912,#5913,#5914,#5915,#5916,#5917,#5918,#5919,#5920,
    #5921,#5922,#5923,#5924,#5925,#5926,#5927,#5928,#5929,#5930,#5931,
    #5932,#5933,#5934,#5935,#5936,#5937,#5938,#5939,#5940,#5941,#5942,
    #5943,#5944,#5945,#5946,#5947,#5948,#5949,#5950,#5951),
  .UNSPECIFIED.,.F.,.F.,(8,6,6,6,6,6,6,6,6,6,6,6,6,8),(0.,0.202995760812
    ,0.277778358439,0.305935938371,0.331640175356,0.354897989062,
    0.450483058363,0.552581554754,0.739717315514,0.768321197404,
    0.800645926845,0.837896545592,0.921904585496,1.),.UNSPECIFIED.);
#5872 = CARTESIAN_POINT('',(0.237422047165,0.));
#5873 = CARTESIAN_POINT('',(0.237958815048,2.271899004453E-02));
#5874 = CARTESIAN_POINT('',(0.238330717221,4.572649072138E-02));
#5875 = CARTESIAN_POINT('',(0.238607883525,6.895243230699E-02));
#5876 = CARTESIAN_POINT('',(0.23881806444,9.233530480937E-02));
#5877 = CARTESIAN_POINT('',(0.238985235554,0.115825007556));
#5878 = CARTESIAN_POINT('',(0.23912364,0.139386319937));
#5879 = CARTESIAN_POINT('',(0.239289050684,0.171699340048));
#5880 = CARTESIAN_POINT('',(0.239331196297,0.180405346007));
#5881 = CARTESIAN_POINT('',(0.239371500826,0.189116976041));
#5882 = CARTESIAN_POINT('',(0.239410430463,0.197833164027));
#5883 = CARTESIAN_POINT('',(0.239448381564,0.206552956684));
#5884 = CARTESIAN_POINT('',(0.239485689264,0.215275518159));
#5885 = CARTESIAN_POINT('',(0.239536547517,0.227285178099));
#5886 = CARTESIAN_POINT('',(0.239550407761,0.230570509598));
#5887 = CARTESIAN_POINT('',(0.239564231791,0.233856089124));
#5888 = CARTESIAN_POINT('',(0.239578033549,0.237141878031));
#5889 = CARTESIAN_POINT('',(0.239591825946,0.240427839013));
#5890 = CARTESIAN_POINT('',(0.239605620862,0.243713936105));
#5891 = CARTESIAN_POINT('',(0.239632034322,0.250000009931));
#5892 = CARTESIAN_POINT('',(0.239644650668,0.252999969602));
#5893 = CARTESIAN_POINT('',(0.239657286443,0.25599998731));
#5894 = CARTESIAN_POINT('',(0.239669949269,0.259000037351));
#5895 = CARTESIAN_POINT('',(0.239682646136,0.262000094693));
#5896 = CARTESIAN_POINT('',(0.239695383396,0.265000134987));
#5897 = CARTESIAN_POINT('',(0.239719733467,0.270714606545));
#5898 = CARTESIAN_POINT('',(0.239731337936,0.273429045124));
#5899 = CARTESIAN_POINT('',(0.239742984411,0.276143432736));
#5900 = CARTESIAN_POINT('',(0.239754676751,0.278857752164));
#5901 = CARTESIAN_POINT('',(0.239766418437,0.281571986536));
#5902 = CARTESIAN_POINT('',(0.239778212566,0.284286119321));
#5903 = CARTESIAN_POINT('',(0.23983876014,0.298154205669));
#5904 = CARTESIAN_POINT('',(0.23988839026,0.309306281603));
#5905 = CARTESIAN_POINT('',(0.239939142274,0.320455249565));
#5906 = CARTESIAN_POINT('',(0.239991103948,0.331600060974));
#5907 = CARTESIAN_POINT('',(0.240044277984,0.342739736143));
#5908 = CARTESIAN_POINT('',(0.240098599256,0.353873369184));
#5909 = CARTESIAN_POINT('',(0.24021307671,0.376885104641));
#5910 = CARTESIAN_POINT('',(0.240273378725,0.388762273589));
#5911 = CARTESIAN_POINT('',(0.240334715543,0.400630577411));
#5912 = CARTESIAN_POINT('',(0.240396881226,0.412489130567));
#5913 = CARTESIAN_POINT('',(0.240459626236,0.424337226666));
#5914 = CARTESIAN_POINT('',(0.240522677239,0.436174340819));
#5915 = CARTESIAN_POINT('',(0.240701375268,0.469675558205));
#5916 = CARTESIAN_POINT('',(0.240817092567,0.491313668401));
#5917 = CARTESIAN_POINT('',(0.240931189651,0.512911653797));
#5918 = CARTESIAN_POINT('',(0.241041877192,0.534471107952));
#5919 = CARTESIAN_POINT('',(0.241147615806,0.555998013138));
#5920 = CARTESIAN_POINT('',(0.241247169356,0.577502676621));
#5921 = CARTESIAN_POINT('',(0.241353736328,0.602286041673));
#5922 = CARTESIAN_POINT('',(0.241367699315,0.605571788136));
#5923 = CARTESIAN_POINT('',(0.241381492769,0.608857429141));
#5924 = CARTESIAN_POINT('',(0.241395113541,0.612143022568));
#5925 = CARTESIAN_POINT('',(0.241408558647,0.615428628894));
#5926 = CARTESIAN_POINT('',(0.241421825272,0.61871431119));
#5927 = CARTESIAN_POINT('',(0.241449698446,0.625713385301));
#5928 = CARTESIAN_POINT('',(0.241464254806,0.629426816133));
#5929 = CARTESIAN_POINT('',(0.241478576024,0.633140522513));
#5930 = CARTESIAN_POINT('',(0.241492658548,0.636854603179));
#5931 = CARTESIAN_POINT('',(0.241506499097,0.640569160706));
#5932 = CARTESIAN_POINT('',(0.24152009466,0.644284301513));
#5933 = CARTESIAN_POINT('',(0.241548824384,0.652282217439));
#5934 = CARTESIAN_POINT('',(0.241563877291,0.656565219202));
#5935 = CARTESIAN_POINT('',(0.241578597024,0.660849310351));
#5936 = CARTESIAN_POINT('',(0.241592979867,0.665134665338));
#5937 = CARTESIAN_POINT('',(0.241607022586,0.669421463871));
#5938 = CARTESIAN_POINT('',(0.241620722424,0.673709890907));
#5939 = CARTESIAN_POINT('',(0.241664194752,0.687675550075));
#5940 = CARTESIAN_POINT('',(0.241692556605,0.697360120747));
#5941 = CARTESIAN_POINT('',(0.241719137434,0.707056166034));
#5942 = CARTESIAN_POINT('',(0.241743923443,0.716765951894));
#5943 = CARTESIAN_POINT('',(0.241766914148,0.726491716538));
#5944 = CARTESIAN_POINT('',(0.241788124235,0.736235694059));
#5945 = CARTESIAN_POINT('',(0.241825676912,0.755077344319));
#5946 = CARTESIAN_POINT('',(0.24184225657,0.764172007389));
#5947 = CARTESIAN_POINT('',(0.24185735067,0.773286027113));
#5948 = CARTESIAN_POINT('',(0.241870997278,0.782420891638));
#5949 = CARTESIAN_POINT('',(0.241883249819,0.791577683296));
#5950 = CARTESIAN_POINT('',(0.241894180627,0.800757084463));
#5951 = CARTESIAN_POINT('',(0.241903884497,0.80995938341));
#5952 = ( GEOMETRIC_REPRESENTATION_CONTEXT(2) 
PARAMETRIC_REPRESENTATION_CONTEXT() REPRESENTATION_CONTEXT('2D SPACE',''
  ) );
#5953 = PCURVE('',#5954,#5959);
#5954 = PLANE('',#5955);
#5955 = AXIS2_PLACEMENT_3D('',#5956,#5957,#5958);
#5956 = CARTESIAN_POINT('',(1.5,-50.,-82.));
#5957 = DIRECTION('',(1.,0.,0.));
#5958 = DIRECTION('',(0.,0.,1.));
#5959 = DEFINITIONAL_REPRESENTATION('',(#5960),#6041);
#5960 = B_SPLINE_CURVE_WITH_KNOTS('',7,(#5961,#5962,#5963,#5964,#5965,
    #5966,#5967,#5968,#5969,#5970,#5971,#5972,#5973,#5974,#5975,#5976,
    #5977,#5978,#5979,#5980,#5981,#5982,#5983,#5984,#5985,#5986,#5987,
    #5988,#5989,#5990,#5991,#5992,#5993,#5994,#5995,#5996,#5997,#5998,
    #5999,#6000,#6001,#6002,#6003,#6004,#6005,#6006,#6007,#6008,#6009,
    #6010,#6011,#6012,#6013,#6014,#6015,#6016,#6017,#6018,#6019,#6020,
    #6021,#6022,#6023,#6024,#6025,#6026,#6027,#6028,#6029,#6030,#6031,
    #6032,#6033,#6034,#6035,#6036,#6037,#6038,#6039,#6040),
  .UNSPECIFIED.,.F.,.F.,(8,6,6,6,6,6,6,6,6,6,6,6,6,8),(0.,0.202995760812
    ,0.277778358439,0.305935938371,0.331640175356,0.354897989062,
    0.450483058363,0.552581554754,0.739717315514,0.768321197404,
    0.800645926845,0.837896545592,0.921904585496,1.),.UNSPECIFIED.);
#5961 = CARTESIAN_POINT('',(6.,-23.95786358575));
#5962 = CARTESIAN_POINT('',(7.753213159543,-25.41344307143));
#5963 = CARTESIAN_POINT('',(9.562043640001,-26.80145728437));
#5964 = CARTESIAN_POINT('',(11.417364765164,-28.12726249138));
#5965 = CARTESIAN_POINT('',(13.3098074056,-29.39892147382));
#5966 = CARTESIAN_POINT('',(15.230558783841,-30.62601081738));
#5967 = CARTESIAN_POINT('',(17.1721642618,-31.8184522705));
#5968 = CARTESIAN_POINT('',(19.849666194232,-33.4162018702));
#5969 = CARTESIAN_POINT('',(20.572512589313,-33.84295643318));
#5970 = CARTESIAN_POINT('',(21.297069247881,-34.26680496634));
#5971 = CARTESIAN_POINT('',(22.023043738276,-34.68821623443));
#5972 = CARTESIAN_POINT('',(22.75016030926,-35.10764484832));
#5973 = CARTESIAN_POINT('',(23.478161342482,-35.52552876988));
#5974 = CARTESIAN_POINT('',(24.481163398356,-36.09920698813));
#5975 = CARTESIAN_POINT('',(24.755609359339,-36.25596738382));
#5976 = CARTESIAN_POINT('',(25.030133813207,-36.41259029925));
#5977 = CARTESIAN_POINT('',(25.30472419094,-36.56909757953));
#5978 = CARTESIAN_POINT('',(25.579368229186,-36.72551061963));
#5979 = CARTESIAN_POINT('',(25.854053970254,-36.88185036437));
#5980 = CARTESIAN_POINT('',(26.379549830385,-37.18080712086));
#5981 = CARTESIAN_POINT('',(26.630354932264,-37.32343291626));
#5982 = CARTESIAN_POINT('',(26.881176201266,-37.46603027992));
#5983 = CARTESIAN_POINT('',(27.132004971993,-37.60861444729));
#5984 = CARTESIAN_POINT('',(27.382832780141,-37.75120030395));
#5985 = CARTESIAN_POINT('',(27.633651362499,-37.89380238561));
#5986 = CARTESIAN_POINT('',(28.111383718428,-38.16549219817));
#5987 = CARTESIAN_POINT('',(28.338300622548,-38.2945744077));
#5988 = CARTESIAN_POINT('',(28.565197395649,-38.42369201252));
#5989 = CARTESIAN_POINT('',(28.792068194797,-38.5528552656));
#5990 = CARTESIAN_POINT('',(29.01890730779,-38.68207416708));
#5991 = CARTESIAN_POINT('',(29.245709153153,-38.81135846428));
#5992 = CARTESIAN_POINT('',(30.404403978926,-39.47235863255));
#5993 = CARTESIAN_POINT('',(31.335617670983,-40.00526413922));
#5994 = CARTESIAN_POINT('',(32.265731907155,-40.54009376115));
#5995 = CARTESIAN_POINT('',(33.194404583123,-41.07743105434));
#5996 = CARTESIAN_POINT('',(34.121330610196,-41.61778064259));
#5997 = CARTESIAN_POINT('',(35.046243586102,-42.16156531874));
#5998 = CARTESIAN_POINT('',(36.954464857892,-43.29399305551));
#5999 = CARTESIAN_POINT('',(37.937460471363,-43.88316956788));
#6000 = CARTESIAN_POINT('',(38.917624028969,-44.47706275959));
#6001 = CARTESIAN_POINT('',(39.894733985581,-45.07597601894));
#6002 = CARTESIAN_POINT('',(40.868628309836,-45.68010475178));
#6003 = CARTESIAN_POINT('',(41.839205265804,-46.28953508719));
#6004 = CARTESIAN_POINT('',(44.579234338497,-48.03093650133));
#6005 = CARTESIAN_POINT('',(46.340822254302,-49.17539693474));
#6006 = CARTESIAN_POINT('',(48.090877944782,-50.33744057055));
#6007 = CARTESIAN_POINT('',(49.829969723429,-51.51576051338));
#6008 = CARTESIAN_POINT('',(51.559540458232,-52.70793197976));
#6009 = CARTESIAN_POINT('',(53.281887729662,-53.91044230847));
#6010 = CARTESIAN_POINT('',(55.262901506592,-55.30323050909));
#6011 = CARTESIAN_POINT('',(55.52546206848,-55.48802519958));
#6012 = CARTESIAN_POINT('',(55.787941780329,-55.67293472736));
#6013 = CARTESIAN_POINT('',(56.050352843284,-55.8579416476));
#6014 = CARTESIAN_POINT('',(56.312707980083,-56.04302783315));
#6015 = CARTESIAN_POINT('',(56.575020435057,-56.22817447456));
#6016 = CARTESIAN_POINT('',(57.133705856573,-56.62263924279));
#6017 = CARTESIAN_POINT('',(57.430070803543,-56.83196867736));
#6018 = CARTESIAN_POINT('',(57.726418685287,-57.04132227888));
#6019 = CARTESIAN_POINT('',(58.022770226854,-57.25067071026));
#6020 = CARTESIAN_POINT('',(58.319147008096,-57.45998340234));
#6021 = CARTESIAN_POINT('',(58.615571463666,-57.6692285538));
#6022 = CARTESIAN_POINT('',(59.253744540279,-58.11938875765));
#6023 = CARTESIAN_POINT('',(59.595516401326,-58.36027069234));
#6024 = CARTESIAN_POINT('',(59.937418124719,-58.60096846151));
#6025 = CARTESIAN_POINT('',(60.279486856119,-58.84142905933));
#6026 = CARTESIAN_POINT('',(60.621761228291,-59.08159694787));
#6027 = CARTESIAN_POINT('',(60.964281361106,-59.32141405713));
#6028 = CARTESIAN_POINT('',(62.080192427167,-60.10073043938));
#6029 = CARTESIAN_POINT('',(62.854750184913,-60.63854349928));
#6030 = CARTESIAN_POINT('',(63.631250992357,-61.17356933663));
#6031 = CARTESIAN_POINT('',(64.410208522873,-61.70503877139));
#6032 = CARTESIAN_POINT('',(65.192166651681,-62.23209514577));
#6033 = CARTESIAN_POINT('',(65.977704841898,-62.75378639822));
#6034 = CARTESIAN_POINT('',(67.501599098475,-63.74806226633));
#6035 = CARTESIAN_POINT('',(68.239366200763,-64.22150639672));
#6036 = CARTESIAN_POINT('',(68.981250248817,-64.68854711289));
#6037 = CARTESIAN_POINT('',(69.727753746155,-65.14823971522));
#6038 = CARTESIAN_POINT('',(70.479378081239,-65.59953439443));
#6039 = CARTESIAN_POINT('',(71.236625320272,-66.04127340576));
#6040 = CARTESIAN_POINT('',(72.,-66.47218824308));
#6041 = ( GEOMETRIC_REPRESENTATION_CONTEXT(2) 
PARAMETRIC_REPRESENTATION_CONTEXT() REPRESENTATION_CONTEXT('2D SPACE',''
  ) );
#6042 = ORIENTED_EDGE('',*,*,#6043,.F.);
#6043 = EDGE_CURVE('',#6044,#5785,#6046,.T.);
#6044 = VERTEX_POINT('',#6045);
#6045 = CARTESIAN_POINT('',(-1.5,16.472188244048,-10.));
#6046 = SURFACE_CURVE('',#6047,(#6053,#6062),.PCURVE_S1.);
#6047 = B_SPLINE_CURVE_WITH_KNOTS('',4,(#6048,#6049,#6050,#6051,#6052),
  .UNSPECIFIED.,.F.,.F.,(5,5),(0.,1.),.PIECEWISE_BEZIER_KNOTS.);
#6048 = CARTESIAN_POINT('',(-1.5,16.472188244048,-10.));
#6049 = CARTESIAN_POINT('',(-0.750343902268,16.500005218825,-10.));
#6050 = CARTESIAN_POINT('',(1.241673430741E-11,16.509263540097,-10.));
#6051 = CARTESIAN_POINT('',(0.750343902284,16.500005218292,-10.));
#6052 = CARTESIAN_POINT('',(1.5,16.47218824308,-10.));
#6053 = PCURVE('',#3772,#6054);
#6054 = DEFINITIONAL_REPRESENTATION('',(#6055),#6061);
#6055 = B_SPLINE_CURVE_WITH_KNOTS('',4,(#6056,#6057,#6058,#6059,#6060),
  .UNSPECIFIED.,.F.,.F.,(5,5),(0.,1.),.PIECEWISE_BEZIER_KNOTS.);
#6056 = CARTESIAN_POINT('',(0.258096115482,0.80995938341));
#6057 = CARTESIAN_POINT('',(0.254046420188,0.80995938341));
#6058 = CARTESIAN_POINT('',(0.249999999989,0.80995938341));
#6059 = CARTESIAN_POINT('',(0.245953579789,0.80995938341));
#6060 = CARTESIAN_POINT('',(0.241903884497,0.80995938341));
#6061 = ( GEOMETRIC_REPRESENTATION_CONTEXT(2) 
PARAMETRIC_REPRESENTATION_CONTEXT() REPRESENTATION_CONTEXT('2D SPACE',''
  ) );
#6062 = PCURVE('',#6063,#6068);
#6063 = PLANE('',#6064);
#6064 = AXIS2_PLACEMENT_3D('',#6065,#6066,#6067);
#6065 = CARTESIAN_POINT('',(-1.5,-50.,-10.));
#6066 = DIRECTION('',(0.,0.,1.));
#6067 = DIRECTION('',(1.,0.,0.));
#6068 = DEFINITIONAL_REPRESENTATION('',(#6069),#6075);
#6069 = B_SPLINE_CURVE_WITH_KNOTS('',4,(#6070,#6071,#6072,#6073,#6074),
  .UNSPECIFIED.,.F.,.F.,(5,5),(0.,1.),.PIECEWISE_BEZIER_KNOTS.);
#6070 = CARTESIAN_POINT('',(0.,66.472188244048));
#6071 = CARTESIAN_POINT('',(0.749656097732,66.500005218825));
#6072 = CARTESIAN_POINT('',(1.500000000012,66.509263540097));
#6073 = CARTESIAN_POINT('',(2.250343902284,66.500005218292));
#6074 = CARTESIAN_POINT('',(3.,66.47218824308));
#6075 = ( GEOMETRIC_REPRESENTATION_CONTEXT(2) 
PARAMETRIC_REPRESENTATION_CONTEXT() REPRESENTATION_CONTEXT('2D SPACE',''
  ) );
#6076 = ORIENTED_EDGE('',*,*,#6077,.F.);
#6077 = EDGE_CURVE('',#6078,#6044,#6080,.T.);
#6078 = VERTEX_POINT('',#6079);
#6079 = CARTESIAN_POINT('',(-1.5,-26.04213641336,-76.));
#6080 = SURFACE_CURVE('',#6081,(#6162,#6246),.PCURVE_S1.);
#6081 = B_SPLINE_CURVE_WITH_KNOTS('',7,(#6082,#6083,#6084,#6085,#6086,
    #6087,#6088,#6089,#6090,#6091,#6092,#6093,#6094,#6095,#6096,#6097,
    #6098,#6099,#6100,#6101,#6102,#6103,#6104,#6105,#6106,#6107,#6108,
    #6109,#6110,#6111,#6112,#6113,#6114,#6115,#6116,#6117,#6118,#6119,
    #6120,#6121,#6122,#6123,#6124,#6125,#6126,#6127,#6128,#6129,#6130,
    #6131,#6132,#6133,#6134,#6135,#6136,#6137,#6138,#6139,#6140,#6141,
    #6142,#6143,#6144,#6145,#6146,#6147,#6148,#6149,#6150,#6151,#6152,
    #6153,#6154,#6155,#6156,#6157,#6158,#6159,#6160,#6161),
  .UNSPECIFIED.,.F.,.F.,(8,6,6,6,6,6,6,6,6,6,6,6,6,8),(0.,0.202995760813
    ,0.277778358439,0.305935938372,0.331640175357,0.354897989062,
    0.450483058363,0.552581554754,0.739717315514,0.768321197403,
    0.800645926844,0.837896545592,0.921904585496,1.),.UNSPECIFIED.);
#6082 = CARTESIAN_POINT('',(-1.5,-26.04213641336,-76.));
#6083 = CARTESIAN_POINT('',(-1.5,-24.58655692767,-74.24678684045));
#6084 = CARTESIAN_POINT('',(-1.5,-23.19854271474,-72.43795636001));
#6085 = CARTESIAN_POINT('',(-1.5,-21.87273750768,-70.58263523481));
#6086 = CARTESIAN_POINT('',(-1.5,-20.60107852529,-68.69019259443));
#6087 = CARTESIAN_POINT('',(-1.5,-19.37398918169,-66.76944121614));
#6088 = CARTESIAN_POINT('',(-1.5,-18.18154772858,-64.8278357382));
#6089 = CARTESIAN_POINT('',(-1.5,-16.58379812888,-62.15033380576));
#6090 = CARTESIAN_POINT('',(-1.5,-16.1570435659,-61.42748741068));
#6091 = CARTESIAN_POINT('',(-1.5,-15.73319503274,-60.70293075211));
#6092 = CARTESIAN_POINT('',(-1.5,-15.31178376464,-59.97695626172));
#6093 = CARTESIAN_POINT('',(-1.5,-14.89235515075,-59.24983969074));
#6094 = CARTESIAN_POINT('',(-1.5,-14.47447122919,-58.52183865751));
#6095 = CARTESIAN_POINT('',(-1.5,-13.90079301094,-57.51883660164));
#6096 = CARTESIAN_POINT('',(-1.5,-13.74403261525,-57.24439064066));
#6097 = CARTESIAN_POINT('',(-1.5,-13.58740969982,-56.96986618679));
#6098 = CARTESIAN_POINT('',(-1.5,-13.43090241954,-56.69527580906));
#6099 = CARTESIAN_POINT('',(-1.5,-13.27448937944,-56.42063177081));
#6100 = CARTESIAN_POINT('',(-1.5,-13.1181496347,-56.14594602974));
#6101 = CARTESIAN_POINT('',(-1.5,-12.81919287821,-55.62045016961));
#6102 = CARTESIAN_POINT('',(-1.5,-12.67656708281,-55.36964506773));
#6103 = CARTESIAN_POINT('',(-1.5,-12.53396971915,-55.11882379873));
#6104 = CARTESIAN_POINT('',(-1.5,-12.39138555177,-54.867995028));
#6105 = CARTESIAN_POINT('',(-1.5,-12.24879969512,-54.61716721985));
#6106 = CARTESIAN_POINT('',(-1.5,-12.10619761346,-54.3663486375));
#6107 = CARTESIAN_POINT('',(-1.5,-11.8345078009,-53.88861628157));
#6108 = CARTESIAN_POINT('',(-1.5,-11.70542559137,-53.66169937745));
#6109 = CARTESIAN_POINT('',(-1.5,-11.57630798654,-53.43480260435));
#6110 = CARTESIAN_POINT('',(-1.5,-11.44714473346,-53.2079318052));
#6111 = CARTESIAN_POINT('',(-1.5,-11.31792583198,-52.98109269221));
#6112 = CARTESIAN_POINT('',(-1.5,-11.18864153479,-52.75429084684));
#6113 = CARTESIAN_POINT('',(-1.5,-10.52764136652,-51.59559602107));
#6114 = CARTESIAN_POINT('',(-1.5,-9.994735859853,-50.66438232901));
#6115 = CARTESIAN_POINT('',(-1.5,-9.459906237924,-49.73426809284));
#6116 = CARTESIAN_POINT('',(-1.5,-8.92256894473,-48.80559541687));
#6117 = CARTESIAN_POINT('',(-1.5,-8.382219356476,-47.8786693898));
#6118 = CARTESIAN_POINT('',(-1.5,-7.838434680328,-46.95375641389));
#6119 = CARTESIAN_POINT('',(-1.5,-6.706006943551,-45.0455351421));
#6120 = CARTESIAN_POINT('',(-1.5,-6.116830431182,-44.06253952863));
#6121 = CARTESIAN_POINT('',(-1.5,-5.522937239477,-43.08237597103));
#6122 = CARTESIAN_POINT('',(-1.5,-4.924023980119,-42.10526601441));
#6123 = CARTESIAN_POINT('',(-1.5,-4.319895247281,-41.13137169016));
#6124 = CARTESIAN_POINT('',(-1.5,-3.710464911871,-40.16079473419));
#6125 = CARTESIAN_POINT('',(-1.5,-1.96906349773,-37.4207656615));
#6126 = CARTESIAN_POINT('',(-1.5,-0.824603064318,-35.6591777457));
#6127 = CARTESIAN_POINT('',(-1.5,0.337440571504,-33.90912205521));
#6128 = CARTESIAN_POINT('',(-1.5,1.515760514319,-32.17003027657));
#6129 = CARTESIAN_POINT('',(-1.5,2.707931980707,-30.44045954176));
#6130 = CARTESIAN_POINT('',(-1.5,3.910442309422,-28.71811227033));
#6131 = CARTESIAN_POINT('',(-1.5,5.303230510042,-26.7370984934));
#6132 = CARTESIAN_POINT('',(-1.5,5.488025200529,-26.47453793152));
#6133 = CARTESIAN_POINT('',(-1.5,5.672934728313,-26.21205821967));
#6134 = CARTESIAN_POINT('',(-1.5,5.857941648552,-25.94964715671));
#6135 = CARTESIAN_POINT('',(-1.5,6.043027834101,-25.68729201991));
#6136 = CARTESIAN_POINT('',(-1.5,6.228174475513,-25.42497956494));
#6137 = CARTESIAN_POINT('',(-1.5,6.622639243743,-24.86629414342));
#6138 = CARTESIAN_POINT('',(-1.5,6.83196867832,-24.56992919645));
#6139 = CARTESIAN_POINT('',(-1.5,7.041322279831,-24.27358131471));
#6140 = CARTESIAN_POINT('',(-1.5,7.250670711218,-23.97722977314));
#6141 = CARTESIAN_POINT('',(-1.5,7.459983403295,-23.6808529919));
#6142 = CARTESIAN_POINT('',(-1.5,7.669228554753,-23.38442853633));
#6143 = CARTESIAN_POINT('',(-1.5,8.119388758606,-22.74625545972));
#6144 = CARTESIAN_POINT('',(-1.5,8.360270693295,-22.40448359867));
#6145 = CARTESIAN_POINT('',(-1.5,8.600968462467,-22.06258187528));
#6146 = CARTESIAN_POINT('',(-1.5,8.841429060285,-21.72051314388));
#6147 = CARTESIAN_POINT('',(-1.5,9.081596948827,-21.3782387717));
#6148 = CARTESIAN_POINT('',(-1.5,9.321414058091,-21.03571863889));
#6149 = CARTESIAN_POINT('',(-1.5,10.100730440337,-19.91980757283));
#6150 = CARTESIAN_POINT('',(-1.5,10.638543500245,-19.14524981508));
#6151 = CARTESIAN_POINT('',(-1.5,11.173569337588,-18.36874900764));
#6152 = CARTESIAN_POINT('',(-1.5,11.705038772355,-17.58979147712));
#6153 = CARTESIAN_POINT('',(-1.5,12.232095146733,-16.80783334831));
#6154 = CARTESIAN_POINT('',(-1.5,12.753786399186,-16.0222951581));
#6155 = CARTESIAN_POINT('',(-1.5,13.7480622673,-14.49840090152));
#6156 = CARTESIAN_POINT('',(-1.5,14.221506397684,-13.76063379923));
#6157 = CARTESIAN_POINT('',(-1.5,14.688547113859,-13.01874975118));
#6158 = CARTESIAN_POINT('',(-1.5,15.148239716192,-12.27224625384));
#6159 = CARTESIAN_POINT('',(-1.5,15.599534395405,-11.52062191876));
#6160 = CARTESIAN_POINT('',(-1.5,16.041273406727,-10.76337467972));
#6161 = CARTESIAN_POINT('',(-1.5,16.472188244048,-10.));
#6162 = PCURVE('',#3772,#6163);
#6163 = DEFINITIONAL_REPRESENTATION('',(#6164),#6245);
#6164 = B_SPLINE_CURVE_WITH_KNOTS('',7,(#6165,#6166,#6167,#6168,#6169,
    #6170,#6171,#6172,#6173,#6174,#6175,#6176,#6177,#6178,#6179,#6180,
    #6181,#6182,#6183,#6184,#6185,#6186,#6187,#6188,#6189,#6190,#6191,
    #6192,#6193,#6194,#6195,#6196,#6197,#6198,#6199,#6200,#6201,#6202,
    #6203,#6204,#6205,#6206,#6207,#6208,#6209,#6210,#6211,#6212,#6213,
    #6214,#6215,#6216,#6217,#6218,#6219,#6220,#6221,#6222,#6223,#6224,
    #6225,#6226,#6227,#6228,#6229,#6230,#6231,#6232,#6233,#6234,#6235,
    #6236,#6237,#6238,#6239,#6240,#6241,#6242,#6243,#6244),
  .UNSPECIFIED.,.F.,.F.,(8,6,6,6,6,6,6,6,6,6,6,6,6,8),(0.,0.202995760813
    ,0.277778358439,0.305935938372,0.331640175357,0.354897989062,
    0.450483058363,0.552581554754,0.739717315514,0.768321197403,
    0.800645926844,0.837896545592,0.921904585496,1.),.UNSPECIFIED.);
#6165 = CARTESIAN_POINT('',(0.262577952815,0.));
#6166 = CARTESIAN_POINT('',(0.262041184932,2.271899004456E-02));
#6167 = CARTESIAN_POINT('',(0.261669282758,4.572649072111E-02));
#6168 = CARTESIAN_POINT('',(0.261392116454,6.895243230728E-02));
#6169 = CARTESIAN_POINT('',(0.261181935539,9.233530480898E-02));
#6170 = CARTESIAN_POINT('',(0.261014764425,0.115825007556));
#6171 = CARTESIAN_POINT('',(0.260876359979,0.139386319937));
#6172 = CARTESIAN_POINT('',(0.260710949295,0.171699340048));
#6173 = CARTESIAN_POINT('',(0.260668803682,0.180405346007));
#6174 = CARTESIAN_POINT('',(0.260628499153,0.189116976041));
#6175 = CARTESIAN_POINT('',(0.260589569516,0.197833164027));
#6176 = CARTESIAN_POINT('',(0.260551618415,0.206552956684));
#6177 = CARTESIAN_POINT('',(0.260514310715,0.215275518159));
#6178 = CARTESIAN_POINT('',(0.260463452462,0.227285178099));
#6179 = CARTESIAN_POINT('',(0.260449592218,0.230570509598));
#6180 = CARTESIAN_POINT('',(0.260435768189,0.233856089124));
#6181 = CARTESIAN_POINT('',(0.26042196643,0.237141878031));
#6182 = CARTESIAN_POINT('',(0.260408174033,0.240427839013));
#6183 = CARTESIAN_POINT('',(0.260394379117,0.243713936105));
#6184 = CARTESIAN_POINT('',(0.260367965657,0.250000009931));
#6185 = CARTESIAN_POINT('',(0.260355349311,0.252999969602));
#6186 = CARTESIAN_POINT('',(0.260342713537,0.25599998731));
#6187 = CARTESIAN_POINT('',(0.26033005071,0.259000037351));
#6188 = CARTESIAN_POINT('',(0.260317353843,0.262000094693));
#6189 = CARTESIAN_POINT('',(0.260304616583,0.265000134987));
#6190 = CARTESIAN_POINT('',(0.260280266512,0.270714606545));
#6191 = CARTESIAN_POINT('',(0.260268662043,0.273429045124));
#6192 = CARTESIAN_POINT('',(0.260257015568,0.276143432736));
#6193 = CARTESIAN_POINT('',(0.260245323228,0.278857752164));
#6194 = CARTESIAN_POINT('',(0.260233581542,0.281571986536));
#6195 = CARTESIAN_POINT('',(0.260221787413,0.284286119321));
#6196 = CARTESIAN_POINT('',(0.260161239839,0.298154205669));
#6197 = CARTESIAN_POINT('',(0.260111609719,0.309306281603));
#6198 = CARTESIAN_POINT('',(0.260060857705,0.320455249565));
#6199 = CARTESIAN_POINT('',(0.260008896031,0.331600060974));
#6200 = CARTESIAN_POINT('',(0.259955721995,0.342739736143));
#6201 = CARTESIAN_POINT('',(0.259901400723,0.353873369184));
#6202 = CARTESIAN_POINT('',(0.259786923269,0.376885104641));
#6203 = CARTESIAN_POINT('',(0.259726621254,0.388762273589));
#6204 = CARTESIAN_POINT('',(0.259665284435,0.400630577411));
#6205 = CARTESIAN_POINT('',(0.259603118753,0.412489130567));
#6206 = CARTESIAN_POINT('',(0.259540373743,0.424337226666));
#6207 = CARTESIAN_POINT('',(0.25947732274,0.436174340819));
#6208 = CARTESIAN_POINT('',(0.259298624711,0.469675558205));
#6209 = CARTESIAN_POINT('',(0.259182907412,0.491313668401));
#6210 = CARTESIAN_POINT('',(0.259068810328,0.512911653797));
#6211 = CARTESIAN_POINT('',(0.258958122787,0.534471107953));
#6212 = CARTESIAN_POINT('',(0.258852384173,0.555998013138));
#6213 = CARTESIAN_POINT('',(0.258752830622,0.577502676621));
#6214 = CARTESIAN_POINT('',(0.258646263651,0.602286041673));
#6215 = CARTESIAN_POINT('',(0.258632300664,0.605571788136));
#6216 = CARTESIAN_POINT('',(0.25861850721,0.608857429141));
#6217 = CARTESIAN_POINT('',(0.258604886438,0.612143022568));
#6218 = CARTESIAN_POINT('',(0.258591441331,0.615428628894));
#6219 = CARTESIAN_POINT('',(0.258578174707,0.61871431119));
#6220 = CARTESIAN_POINT('',(0.258550301533,0.625713385301));
#6221 = CARTESIAN_POINT('',(0.258535745172,0.629426816133));
#6222 = CARTESIAN_POINT('',(0.258521423954,0.633140522513));
#6223 = CARTESIAN_POINT('',(0.25850734143,0.636854603179));
#6224 = CARTESIAN_POINT('',(0.258493500882,0.640569160706));
#6225 = CARTESIAN_POINT('',(0.258479905318,0.644284301513));
#6226 = CARTESIAN_POINT('',(0.258451175595,0.652282217439));
#6227 = CARTESIAN_POINT('',(0.258436122688,0.656565219202));
#6228 = CARTESIAN_POINT('',(0.258421402955,0.660849310351));
#6229 = CARTESIAN_POINT('',(0.258407020111,0.665134665338));
#6230 = CARTESIAN_POINT('',(0.258392977393,0.669421463871));
#6231 = CARTESIAN_POINT('',(0.258379277555,0.673709890907));
#6232 = CARTESIAN_POINT('',(0.258335805227,0.687675550075));
#6233 = CARTESIAN_POINT('',(0.258307443373,0.697360120747));
#6234 = CARTESIAN_POINT('',(0.258280862545,0.707056166034));
#6235 = CARTESIAN_POINT('',(0.258256076535,0.716765951894));
#6236 = CARTESIAN_POINT('',(0.258233085831,0.726491716538));
#6237 = CARTESIAN_POINT('',(0.258211875744,0.736235694059));
#6238 = CARTESIAN_POINT('',(0.258174323067,0.755077344319));
#6239 = CARTESIAN_POINT('',(0.258157743408,0.764172007389));
#6240 = CARTESIAN_POINT('',(0.258142649309,0.773286027113));
#6241 = CARTESIAN_POINT('',(0.258129002701,0.782420891638));
#6242 = CARTESIAN_POINT('',(0.25811675016,0.791577683296));
#6243 = CARTESIAN_POINT('',(0.258105819352,0.800757084463));
#6244 = CARTESIAN_POINT('',(0.258096115482,0.80995938341));
#6245 = ( GEOMETRIC_REPRESENTATION_CONTEXT(2) 
PARAMETRIC_REPRESENTATION_CONTEXT() REPRESENTATION_CONTEXT('2D SPACE',''
  ) );
#6246 = PCURVE('',#6247,#6252);
#6247 = PLANE('',#6248);
#6248 = AXIS2_PLACEMENT_3D('',#6249,#6250,#6251);
#6249 = CARTESIAN_POINT('',(-1.5,-50.,-82.));
#6250 = DIRECTION('',(1.,0.,0.));
#6251 = DIRECTION('',(0.,0.,1.));
#6252 = DEFINITIONAL_REPRESENTATION('',(#6253),#6334);
#6253 = B_SPLINE_CURVE_WITH_KNOTS('',7,(#6254,#6255,#6256,#6257,#6258,
    #6259,#6260,#6261,#6262,#6263,#6264,#6265,#6266,#6267,#6268,#6269,
    #6270,#6271,#6272,#6273,#6274,#6275,#6276,#6277,#6278,#6279,#6280,
    #6281,#6282,#6283,#6284,#6285,#6286,#6287,#6288,#6289,#6290,#6291,
    #6292,#6293,#6294,#6295,#6296,#6297,#6298,#6299,#6300,#6301,#6302,
    #6303,#6304,#6305,#6306,#6307,#6308,#6309,#6310,#6311,#6312,#6313,
    #6314,#6315,#6316,#6317,#6318,#6319,#6320,#6321,#6322,#6323,#6324,
    #6325,#6326,#6327,#6328,#6329,#6330,#6331,#6332,#6333),
  .UNSPECIFIED.,.F.,.F.,(8,6,6,6,6,6,6,6,6,6,6,6,6,8),(0.,0.202995760813
    ,0.277778358439,0.305935938372,0.331640175357,0.354897989062,
    0.450483058363,0.552581554754,0.739717315514,0.768321197403,
    0.800645926844,0.837896545592,0.921904585496,1.),.UNSPECIFIED.);
#6254 = CARTESIAN_POINT('',(6.,-23.95786358663));
#6255 = CARTESIAN_POINT('',(7.753213159545,-25.41344307232));
#6256 = CARTESIAN_POINT('',(9.562043639981,-26.80145728525));
#6257 = CARTESIAN_POINT('',(11.417364765187,-28.12726249231));
#6258 = CARTESIAN_POINT('',(13.30980740557,-29.3989214747));
#6259 = CARTESIAN_POINT('',(15.230558783852,-30.6260108183));
#6260 = CARTESIAN_POINT('',(17.172164261795,-31.81845227141));
#6261 = CARTESIAN_POINT('',(19.849666194232,-33.41620187111));
#6262 = CARTESIAN_POINT('',(20.572512589313,-33.84295643409));
#6263 = CARTESIAN_POINT('',(21.297069247881,-34.26680496725));
#6264 = CARTESIAN_POINT('',(22.023043738276,-34.68821623535));
#6265 = CARTESIAN_POINT('',(22.75016030926,-35.10764484924));
#6266 = CARTESIAN_POINT('',(23.478161342482,-35.5255287708));
#6267 = CARTESIAN_POINT('',(24.481163398356,-36.09920698905));
#6268 = CARTESIAN_POINT('',(24.755609359339,-36.25596738474));
#6269 = CARTESIAN_POINT('',(25.030133813207,-36.41259030017));
#6270 = CARTESIAN_POINT('',(25.30472419094,-36.56909758045));
#6271 = CARTESIAN_POINT('',(25.579368229186,-36.72551062055));
#6272 = CARTESIAN_POINT('',(25.854053970254,-36.88185036529));
#6273 = CARTESIAN_POINT('',(26.379549830385,-37.18080712178));
#6274 = CARTESIAN_POINT('',(26.630354932264,-37.32343291718));
#6275 = CARTESIAN_POINT('',(26.881176201266,-37.46603028085));
#6276 = CARTESIAN_POINT('',(27.132004971993,-37.60861444822));
#6277 = CARTESIAN_POINT('',(27.382832780141,-37.75120030487));
#6278 = CARTESIAN_POINT('',(27.633651362499,-37.89380238653));
#6279 = CARTESIAN_POINT('',(28.111383718428,-38.16549219909));
#6280 = CARTESIAN_POINT('',(28.338300622548,-38.29457440862));
#6281 = CARTESIAN_POINT('',(28.565197395649,-38.42369201345));
#6282 = CARTESIAN_POINT('',(28.792068194797,-38.55285526653));
#6283 = CARTESIAN_POINT('',(29.01890730779,-38.68207416801));
#6284 = CARTESIAN_POINT('',(29.245709153153,-38.81135846521));
#6285 = CARTESIAN_POINT('',(30.404403978926,-39.47235863347));
#6286 = CARTESIAN_POINT('',(31.335617670983,-40.00526414014));
#6287 = CARTESIAN_POINT('',(32.265731907155,-40.54009376207));
#6288 = CARTESIAN_POINT('',(33.194404583123,-41.07743105527));
#6289 = CARTESIAN_POINT('',(34.121330610196,-41.61778064352));
#6290 = CARTESIAN_POINT('',(35.046243586102,-42.16156531967));
#6291 = CARTESIAN_POINT('',(36.954464857892,-43.29399305644));
#6292 = CARTESIAN_POINT('',(37.937460471363,-43.88316956881));
#6293 = CARTESIAN_POINT('',(38.917624028969,-44.47706276052));
#6294 = CARTESIAN_POINT('',(39.894733985581,-45.07597601988));
#6295 = CARTESIAN_POINT('',(40.868628309836,-45.68010475271));
#6296 = CARTESIAN_POINT('',(41.839205265804,-46.28953508812));
#6297 = CARTESIAN_POINT('',(44.579234338499,-48.03093650227));
#6298 = CARTESIAN_POINT('',(46.340822254296,-49.17539693568));
#6299 = CARTESIAN_POINT('',(48.09087794479,-50.3374405715));
#6300 = CARTESIAN_POINT('',(49.829969723424,-51.51576051431));
#6301 = CARTESIAN_POINT('',(51.559540458234,-52.7079319807));
#6302 = CARTESIAN_POINT('',(53.281887729662,-53.91044230942));
#6303 = CARTESIAN_POINT('',(55.262901506592,-55.30323051004));
#6304 = CARTESIAN_POINT('',(55.52546206848,-55.48802520052));
#6305 = CARTESIAN_POINT('',(55.787941780329,-55.67293472831));
#6306 = CARTESIAN_POINT('',(56.050352843284,-55.85794164855));
#6307 = CARTESIAN_POINT('',(56.312707980083,-56.0430278341));
#6308 = CARTESIAN_POINT('',(56.575020435057,-56.22817447551));
#6309 = CARTESIAN_POINT('',(57.133705856573,-56.62263924374));
#6310 = CARTESIAN_POINT('',(57.430070803543,-56.83196867832));
#6311 = CARTESIAN_POINT('',(57.726418685287,-57.04132227983));
#6312 = CARTESIAN_POINT('',(58.022770226854,-57.25067071121));
#6313 = CARTESIAN_POINT('',(58.319147008096,-57.45998340329));
#6314 = CARTESIAN_POINT('',(58.615571463666,-57.66922855475));
#6315 = CARTESIAN_POINT('',(59.253744540279,-58.1193887586));
#6316 = CARTESIAN_POINT('',(59.595516401326,-58.36027069329));
#6317 = CARTESIAN_POINT('',(59.937418124719,-58.60096846246));
#6318 = CARTESIAN_POINT('',(60.279486856119,-58.84142906028));
#6319 = CARTESIAN_POINT('',(60.621761228291,-59.08159694882));
#6320 = CARTESIAN_POINT('',(60.964281361106,-59.32141405809));
#6321 = CARTESIAN_POINT('',(62.080192427167,-60.10073044033));
#6322 = CARTESIAN_POINT('',(62.854750184913,-60.63854350024));
#6323 = CARTESIAN_POINT('',(63.631250992357,-61.17356933758));
#6324 = CARTESIAN_POINT('',(64.410208522873,-61.70503877235));
#6325 = CARTESIAN_POINT('',(65.192166651681,-62.23209514673));
#6326 = CARTESIAN_POINT('',(65.977704841897,-62.75378639918));
#6327 = CARTESIAN_POINT('',(67.501599098476,-63.7480622673));
#6328 = CARTESIAN_POINT('',(68.239366200762,-64.22150639768));
#6329 = CARTESIAN_POINT('',(68.981250248816,-64.68854711385));
#6330 = CARTESIAN_POINT('',(69.727753746155,-65.14823971619));
#6331 = CARTESIAN_POINT('',(70.479378081239,-65.5995343954));
#6332 = CARTESIAN_POINT('',(71.236625320271,-66.04127340672));
#6333 = CARTESIAN_POINT('',(72.,-66.47218824404));
#6334 = ( GEOMETRIC_REPRESENTATION_CONTEXT(2) 
PARAMETRIC_REPRESENTATION_CONTEXT() REPRESENTATION_CONTEXT('2D SPACE',''
  ) );
#6335 = ORIENTED_EDGE('',*,*,#6336,.T.);
#6336 = EDGE_CURVE('',#6078,#3876,#6337,.T.);
#6337 = SURFACE_CURVE('',#6338,(#6354,#6361),.PCURVE_S1.);
#6338 = B_SPLINE_CURVE_WITH_KNOTS('',14,(#6339,#6340,#6341,#6342,#6343,
    #6344,#6345,#6346,#6347,#6348,#6349,#6350,#6351,#6352,#6353),
  .UNSPECIFIED.,.T.,.F.,(15,15),(0.,1.),.PIECEWISE_BEZIER_KNOTS.);
#6339 = CARTESIAN_POINT('',(19.,-39.5,-76.));
#6340 = CARTESIAN_POINT('',(19.000000000005,-33.44121416807,-76.));
#6341 = CARTESIAN_POINT('',(14.878627137192,-27.38242609971,-76.));
#6342 = CARTESIAN_POINT('',(6.63587614289,-22.85693882126,-76.));
#6343 = CARTESIAN_POINT('',(-4.49560168009,-21.39788245634,-76.));
#6344 = CARTESIAN_POINT('',(-16.05073754757,-23.98881237636,-76.));
#6345 = CARTESIAN_POINT('',(-24.87179233162,-30.51054918893,-76.));
#6346 = CARTESIAN_POINT('',(-28.1927434388,-39.49999999981,-76.));
#6347 = CARTESIAN_POINT('',(-24.87179233162,-48.4894508114,-76.));
#6348 = CARTESIAN_POINT('',(-16.05073754757,-55.01118762338,-76.));
#6349 = CARTESIAN_POINT('',(-4.495601680088,-57.60211754381,-76.));
#6350 = CARTESIAN_POINT('',(6.635876142889,-56.14306117865,-76.));
#6351 = CARTESIAN_POINT('',(14.878627137192,-51.61757390031,-76.));
#6352 = CARTESIAN_POINT('',(19.000000000005,-45.55878583192,-76.));
#6353 = CARTESIAN_POINT('',(19.,-39.5,-76.));
#6354 = PCURVE('',#3772,#6355);
#6355 = DEFINITIONAL_REPRESENTATION('',(#6356),#6360);
#6356 = LINE('',#6357,#6358);
#6357 = CARTESIAN_POINT('',(0.,0.));
#6358 = VECTOR('',#6359,1.);
#6359 = DIRECTION('',(1.,0.));
#6360 = ( GEOMETRIC_REPRESENTATION_CONTEXT(2) 
PARAMETRIC_REPRESENTATION_CONTEXT() REPRESENTATION_CONTEXT('2D SPACE',''
  ) );
#6361 = PCURVE('',#3892,#6362);
#6362 = DEFINITIONAL_REPRESENTATION('',(#6363),#6379);
#6363 = B_SPLINE_CURVE_WITH_KNOTS('',14,(#6364,#6365,#6366,#6367,#6368,
    #6369,#6370,#6371,#6372,#6373,#6374,#6375,#6376,#6377,#6378),
  .UNSPECIFIED.,.F.,.F.,(15,15),(0.,1.),.PIECEWISE_BEZIER_KNOTS.);
#6364 = CARTESIAN_POINT('',(0.,0.));
#6365 = CARTESIAN_POINT('',(-4.700240197053E-12,6.058785831927));
#6366 = CARTESIAN_POINT('',(4.121372862808,12.117573900282));
#6367 = CARTESIAN_POINT('',(12.36412385711,16.643061178737));
#6368 = CARTESIAN_POINT('',(23.49560168009,18.102117543652));
#6369 = CARTESIAN_POINT('',(35.050737547576,15.511187623637));
#6370 = CARTESIAN_POINT('',(43.871792331624,8.989450811068));
#6371 = CARTESIAN_POINT('',(47.192743438804,1.814512984311E-10));
#6372 = CARTESIAN_POINT('',(43.871792331621,-8.989450811401));
#6373 = CARTESIAN_POINT('',(35.050737547579,-15.51118762338));
#6374 = CARTESIAN_POINT('',(23.495601680088,-18.10211754381));
#6375 = CARTESIAN_POINT('',(12.364123857111,-16.64306117865));
#6376 = CARTESIAN_POINT('',(4.121372862808,-12.11757390031));
#6377 = CARTESIAN_POINT('',(-4.622080496119E-12,-6.058785831921));
#6378 = CARTESIAN_POINT('',(7.105427357601E-15,1.42108547152E-14));
#6379 = ( GEOMETRIC_REPRESENTATION_CONTEXT(2) 
PARAMETRIC_REPRESENTATION_CONTEXT() REPRESENTATION_CONTEXT('2D SPACE',''
  ) );
#6380 = ORIENTED_EDGE('',*,*,#3904,.T.);
#6381 = ORIENTED_EDGE('',*,*,#4046,.F.);
#6382 = ORIENTED_EDGE('',*,*,#3746,.T.);
#6383 = FACE_BOUND('',#6384,.F.);
#6384 = EDGE_LOOP('',(#6385,#6424,#6696,#6725));
#6385 = ORIENTED_EDGE('',*,*,#6386,.F.);
#6386 = EDGE_CURVE('',#6387,#6389,#6391,.T.);
#6387 = VERTEX_POINT('',#6388);
#6388 = CARTESIAN_POINT('',(-1.5,-50.,-65.947132574));
#6389 = VERTEX_POINT('',#6390);
#6390 = CARTESIAN_POINT('',(1.5,-50.,-65.94713257636));
#6391 = SURFACE_CURVE('',#6392,(#6399,#6409),.PCURVE_S1.);
#6392 = B_SPLINE_CURVE_WITH_KNOTS('',5,(#6393,#6394,#6395,#6396,#6397,
    #6398),.UNSPECIFIED.,.F.,.F.,(6,6),(0.,1.),
  .PIECEWISE_BEZIER_KNOTS.);
#6393 = CARTESIAN_POINT('',(-1.5,-50.,-65.947132574));
#6394 = CARTESIAN_POINT('',(-0.903268950063,-50.,-65.87053372219));
#6395 = CARTESIAN_POINT('',(-0.301632574492,-50.,-65.83185019177));
#6396 = CARTESIAN_POINT('',(0.301635500922,-50.,-65.83185080632));
#6397 = CARTESIAN_POINT('',(0.903267106184,-50.,-65.8705334871));
#6398 = CARTESIAN_POINT('',(1.5,-50.,-65.94713257636));
#6399 = PCURVE('',#3772,#6400);
#6400 = DEFINITIONAL_REPRESENTATION('',(#6401),#6408);
#6401 = B_SPLINE_CURVE_WITH_KNOTS('',5,(#6402,#6403,#6404,#6405,#6406,
    #6407),.UNSPECIFIED.,.F.,.F.,(6,6),(0.,1.),
  .PIECEWISE_BEZIER_KNOTS.);
#6402 = CARTESIAN_POINT('',(0.739029669504,0.125718792159));
#6403 = CARTESIAN_POINT('',(0.743406932694,0.126651740204));
#6404 = CARTESIAN_POINT('',(0.747800574513,0.127122570528));
#6405 = CARTESIAN_POINT('',(0.752199446923,0.127122563025));
#6406 = CARTESIAN_POINT('',(0.756593053802,0.126651743067));
#6407 = CARTESIAN_POINT('',(0.760970330517,0.12571879213));
#6408 = ( GEOMETRIC_REPRESENTATION_CONTEXT(2) 
PARAMETRIC_REPRESENTATION_CONTEXT() REPRESENTATION_CONTEXT('2D SPACE',''
  ) );
#6409 = PCURVE('',#6410,#6415);
#6410 = PLANE('',#6411);
#6411 = AXIS2_PLACEMENT_3D('',#6412,#6413,#6414);
#6412 = CARTESIAN_POINT('',(-1.5,-50.,-82.));
#6413 = DIRECTION('',(0.,1.,0.));
#6414 = DIRECTION('',(0.,0.,1.));
#6415 = DEFINITIONAL_REPRESENTATION('',(#6416),#6423);
#6416 = B_SPLINE_CURVE_WITH_KNOTS('',5,(#6417,#6418,#6419,#6420,#6421,
    #6422),.UNSPECIFIED.,.F.,.F.,(6,6),(0.,1.),
  .PIECEWISE_BEZIER_KNOTS.);
#6417 = CARTESIAN_POINT('',(16.052867425999,0.));
#6418 = CARTESIAN_POINT('',(16.129466277801,0.596731049937));
#6419 = CARTESIAN_POINT('',(16.168149808229,1.198367425508));
#6420 = CARTESIAN_POINT('',(16.168149193676,1.801635500922));
#6421 = CARTESIAN_POINT('',(16.129466512891,2.403267106184));
#6422 = CARTESIAN_POINT('',(16.052867423632,3.));
#6423 = ( GEOMETRIC_REPRESENTATION_CONTEXT(2) 
PARAMETRIC_REPRESENTATION_CONTEXT() REPRESENTATION_CONTEXT('2D SPACE',''
  ) );
#6424 = ORIENTED_EDGE('',*,*,#6425,.T.);
#6425 = EDGE_CURVE('',#6387,#6426,#6428,.T.);
#6426 = VERTEX_POINT('',#6427);
#6427 = CARTESIAN_POINT('',(-1.5,-26.47218824404,-10.));
#6428 = SURFACE_CURVE('',#6429,(#6516,#6606),.PCURVE_S1.);
#6429 = B_SPLINE_CURVE_WITH_KNOTS('',7,(#6430,#6431,#6432,#6433,#6434,
    #6435,#6436,#6437,#6438,#6439,#6440,#6441,#6442,#6443,#6444,#6445,
    #6446,#6447,#6448,#6449,#6450,#6451,#6452,#6453,#6454,#6455,#6456,
    #6457,#6458,#6459,#6460,#6461,#6462,#6463,#6464,#6465,#6466,#6467,
    #6468,#6469,#6470,#6471,#6472,#6473,#6474,#6475,#6476,#6477,#6478,
    #6479,#6480,#6481,#6482,#6483,#6484,#6485,#6486,#6487,#6488,#6489,
    #6490,#6491,#6492,#6493,#6494,#6495,#6496,#6497,#6498,#6499,#6500,
    #6501,#6502,#6503,#6504,#6505,#6506,#6507,#6508,#6509,#6510,#6511,
    #6512,#6513,#6514,#6515),.UNSPECIFIED.,.F.,.F.,(8,6,6,6,6,6,6,6,6,6,
    6,6,6,6,8),(0.,6.923136781287E-02,0.103274104652,0.144870488432,
    0.219205766734,0.262187733441,0.394311893325,0.430628836887,
    0.458125178644,0.51719632468,0.696385018809,0.855952653301,
    0.89868616604,0.961117565066,1.),.UNSPECIFIED.);
#6430 = CARTESIAN_POINT('',(-1.5,-50.,-65.947132574));
#6431 = CARTESIAN_POINT('',(-1.5,-49.78421964849,-65.38670835003));
#6432 = CARTESIAN_POINT('',(-1.5,-49.5655579345,-64.82739631707));
#6433 = CARTESIAN_POINT('',(-1.5,-49.34452998607,-64.26901266223));
#6434 = CARTESIAN_POINT('',(-1.5,-49.12158031904,-63.71139509341));
#6435 = CARTESIAN_POINT('',(-1.5,-48.89709258054,-63.15439896902));
#6436 = CARTESIAN_POINT('',(-1.5,-48.67139929264,-62.59789342771));
#6437 = CARTESIAN_POINT('',(-1.5,-48.33336311432,-61.76829204984));
#6438 = CARTESIAN_POINT('',(-1.5,-48.22171379198,-61.49491655805));
#6439 = CARTESIAN_POINT('',(-1.5,-48.10987808996,-61.22161719905));
#6440 = CARTESIAN_POINT('',(-1.5,-47.99788828327,-60.94838094231));
#6441 = CARTESIAN_POINT('',(-1.5,-47.88577446078,-60.67519557039));
#6442 = CARTESIAN_POINT('',(-1.5,-47.77356452521,-60.40204967896));
#6443 = CARTESIAN_POINT('',(-1.5,-47.52409029461,-59.79521451277));
#6444 = CARTESIAN_POINT('',(-1.5,-47.38679157456,-59.46153944156));
#6445 = CARTESIAN_POINT('',(-1.5,-47.2494349272,-59.12788817471));
#6446 = CARTESIAN_POINT('',(-1.5,-47.11206337093,-58.7942430184));
#6447 = CARTESIAN_POINT('',(-1.5,-46.97471604834,-58.46058787352));
#6448 = CARTESIAN_POINT('',(-1.5,-46.83742822618,-58.12690823565));
#6449 = CARTESIAN_POINT('',(-1.5,-46.45505200093,-57.19681846184));
#6450 = CARTESIAN_POINT('',(-1.5,-46.21016349814,-56.60032612758));
#6451 = CARTESIAN_POINT('',(-1.5,-45.96574653078,-56.00364011626));
#6452 = CARTESIAN_POINT('',(-1.5,-45.72194702908,-55.40670121787));
#6453 = CARTESIAN_POINT('',(-1.5,-45.47887898262,-54.8094639134));
#6454 = CARTESIAN_POINT('',(-1.5,-45.23662731301,-54.21189519979));
#6455 = CARTESIAN_POINT('',(-1.5,-44.85568256631,-53.26824451149));
#6456 = CARTESIAN_POINT('',(-1.5,-44.71640698643,-52.92239749492));
#6457 = CARTESIAN_POINT('',(-1.5,-44.5774351504,-52.57642824255));
#6458 = CARTESIAN_POINT('',(-1.5,-44.43877539252,-52.23033378279));
#6459 = CARTESIAN_POINT('',(-1.5,-44.30043323807,-51.88411229517));
#6460 = CARTESIAN_POINT('',(-1.5,-44.16241140331,-51.53776311027));
#6461 = CARTESIAN_POINT('',(-1.5,-43.60142276045,-50.12623764734));
#6462 = CARTESIAN_POINT('',(-1.5,-43.18116149029,-49.05998427974));
#6463 = CARTESIAN_POINT('',(-1.5,-42.76392847298,-47.99254212438));
#6464 = CARTESIAN_POINT('',(-1.5,-42.34949016088,-46.92401381635));
#6465 = CARTESIAN_POINT('',(-1.5,-41.93740598846,-45.85457784671));
#6466 = CARTESIAN_POINT('',(-1.5,-41.52706441589,-44.78447459659));
#6467 = CARTESIAN_POINT('',(-1.5,-41.0052112229,-43.41974567113));
#6468 = CARTESIAN_POINT('',(-1.5,-40.89277224749,-43.12547272879));
#6469 = CARTESIAN_POINT('',(-1.5,-40.78039361819,-42.83117676701));
#6470 = CARTESIAN_POINT('',(-1.5,-40.66805927429,-42.53686393401));
#6471 = CARTESIAN_POINT('',(-1.5,-40.55575254852,-42.24254059928));
#6472 = CARTESIAN_POINT('',(-1.5,-40.44345616697,-41.94821335356));
#6473 = CARTESIAN_POINT('',(-1.5,-40.24612452928,-41.43104969546));
#6474 = CARTESIAN_POINT('',(-1.5,-40.16109252448,-41.20821203679));
#6475 = CARTESIAN_POINT('',(-1.5,-40.07604849026,-40.98537898452));
#6476 = CARTESIAN_POINT('',(-1.5,-39.99098455705,-40.76255354247));
#6477 = CARTESIAN_POINT('',(-1.5,-39.90589273016,-40.53973876664));
#6478 = CARTESIAN_POINT('',(-1.5,-39.82076488986,-40.31693776517));
#6479 = CARTESIAN_POINT('',(-1.5,-39.55261523322,-39.61554057021));
#6480 = CARTESIAN_POINT('',(-1.5,-39.36943348782,-39.1370056724));
#6481 = CARTESIAN_POINT('',(-1.5,-39.18596605034,-38.65858011724));
#6482 = CARTESIAN_POINT('',(-1.5,-39.00212950064,-38.18029612148));
#6483 = CARTESIAN_POINT('',(-1.5,-38.81783963942,-37.70218656962));
#6484 = CARTESIAN_POINT('',(-1.5,-38.63301262441,-37.22428457707));
#6485 = CARTESIAN_POINT('',(-1.5,-37.88502548235,-35.29766615306));
#6486 = CARTESIAN_POINT('',(-1.5,-37.31677752325,-33.85090430723));
#6487 = CARTESIAN_POINT('',(-1.5,-36.74053274188,-32.40727812843));
#6488 = CARTESIAN_POINT('',(-1.5,-36.15413706481,-30.96772272429));
#6489 = CARTESIAN_POINT('',(-1.5,-35.55588150348,-29.53304145885));
#6490 = CARTESIAN_POINT('',(-1.5,-34.94485187474,-28.10376389423));
#6491 = CARTESIAN_POINT('',(-1.5,-33.76568911974,-25.41226603087));
#6492 = CARTESIAN_POINT('',(-1.5,-33.20016980415,-24.14885409034));
#6493 = CARTESIAN_POINT('',(-1.5,-32.62461868074,-22.88997358653));
#6494 = CARTESIAN_POINT('',(-1.5,-32.03967832564,-21.63544642094));
#6495 = CARTESIAN_POINT('',(-1.5,-31.44666521982,-20.38473525801));
#6496 = CARTESIAN_POINT('',(-1.5,-30.84761693448,-19.13692172672));
#6497 = CARTESIAN_POINT('',(-1.5,-30.0839945907,-17.55695493066));
#6498 = CARTESIAN_POINT('',(-1.5,-29.92245441778,-17.22332076222));
#6499 = CARTESIAN_POINT('',(-1.5,-29.76073238027,-16.88977463233));
#6500 = CARTESIAN_POINT('',(-1.5,-29.59888529445,-16.55628912362));
#6501 = CARTESIAN_POINT('',(-1.5,-29.43697387313,-16.22283483799));
#6502 = CARTESIAN_POINT('',(-1.5,-29.27506272564,-15.88938039668));
#6503 = CARTESIAN_POINT('',(-1.5,-28.8767772293,-15.06868419677));
#6504 = CARTESIAN_POINT('',(-1.5,-28.64048141995,-14.58140537138));
#6505 = CARTESIAN_POINT('',(-1.5,-28.40454630961,-14.09395074298));
#6506 = CARTESIAN_POINT('',(-1.5,-28.16920434807,-13.60620803681));
#6507 = CARTESIAN_POINT('',(-1.5,-27.93470772634,-13.1180576013));
#6508 = CARTESIAN_POINT('',(-1.5,-27.70132904777,-12.62937208491));
#6509 = CARTESIAN_POINT('',(-1.5,-27.32489232836,-11.83524396247));
#6510 = CARTESIAN_POINT('',(-1.5,-27.18097050529,-11.53021226092));
#6511 = CARTESIAN_POINT('',(-1.5,-27.03766747022,-11.22488851311));
#6512 = CARTESIAN_POINT('',(-1.5,-26.89505776991,-10.91923956224));
#6513 = CARTESIAN_POINT('',(-1.5,-26.75321955771,-10.61323158998));
#6514 = CARTESIAN_POINT('',(-1.5,-26.61223459358,-10.3068301164));
#6515 = CARTESIAN_POINT('',(-1.5,-26.47218824404,-10.));
#6516 = PCURVE('',#3772,#6517);
#6517 = DEFINITIONAL_REPRESENTATION('',(#6518),#6605);
#6518 = B_SPLINE_CURVE_WITH_KNOTS('',7,(#6519,#6520,#6521,#6522,#6523,
    #6524,#6525,#6526,#6527,#6528,#6529,#6530,#6531,#6532,#6533,#6534,
    #6535,#6536,#6537,#6538,#6539,#6540,#6541,#6542,#6543,#6544,#6545,
    #6546,#6547,#6548,#6549,#6550,#6551,#6552,#6553,#6554,#6555,#6556,
    #6557,#6558,#6559,#6560,#6561,#6562,#6563,#6564,#6565,#6566,#6567,
    #6568,#6569,#6570,#6571,#6572,#6573,#6574,#6575,#6576,#6577,#6578,
    #6579,#6580,#6581,#6582,#6583,#6584,#6585,#6586,#6587,#6588,#6589,
    #6590,#6591,#6592,#6593,#6594,#6595,#6596,#6597,#6598,#6599,#6600,
    #6601,#6602,#6603,#6604),.UNSPECIFIED.,.F.,.F.,(8,6,6,6,6,6,6,6,6,6,
    6,6,6,6,8),(0.,6.923136781287E-02,0.103274104652,0.144870488432,
    0.219205766734,0.262187733441,0.394311893325,0.430628836887,
    0.458125178644,0.51719632468,0.696385018809,0.855952653301,
    0.89868616604,0.961117565066,1.),.UNSPECIFIED.);
#6519 = CARTESIAN_POINT('',(0.739029669504,0.125718792159));
#6520 = CARTESIAN_POINT('',(0.739074399976,0.132544569199));
#6521 = CARTESIAN_POINT('',(0.739116163212,0.139340732366));
#6522 = CARTESIAN_POINT('',(0.739155422383,0.146111151734));
#6523 = CARTESIAN_POINT('',(0.739192568042,0.152859293939));
#6524 = CARTESIAN_POINT('',(0.739227931588,0.159588291741));
#6525 = CARTESIAN_POINT('',(0.739261798722,0.166301013587));
#6526 = CARTESIAN_POINT('',(0.739310465021,0.176294252173));
#6527 = CARTESIAN_POINT('',(0.739326206528,0.179585075027));
#6528 = CARTESIAN_POINT('',(0.7393416771,0.182872912392));
#6529 = CARTESIAN_POINT('',(0.739356904569,0.186158061045));
#6530 = CARTESIAN_POINT('',(0.739371914943,0.18944080387));
#6531 = CARTESIAN_POINT('',(0.739386732399,0.192721409856));
#6532 = CARTESIAN_POINT('',(0.739419276137,0.200006365237));
#6533 = CARTESIAN_POINT('',(0.73943691861,0.204009787993));
#6534 = CARTESIAN_POINT('',(0.739454347478,0.20801086731));
#6535 = CARTESIAN_POINT('',(0.739471600476,0.212010042003));
#6536 = CARTESIAN_POINT('',(0.739488712307,0.216007724762));
#6537 = CARTESIAN_POINT('',(0.739505714639,0.220004302152));
#6538 = CARTESIAN_POINT('',(0.739552875799,0.231140931266));
#6539 = CARTESIAN_POINT('',(0.73958285778,0.238279352019));
#6540 = CARTESIAN_POINT('',(0.739612747005,0.245417461737));
#6541 = CARTESIAN_POINT('',(0.739642682306,0.25255708685));
#6542 = CARTESIAN_POINT('',(0.739672779074,0.259699834029));
#6543 = CARTESIAN_POINT('',(0.739703131954,0.266847108856));
#6544 = CARTESIAN_POINT('',(0.73975156047,0.278136139866));
#6545 = CARTESIAN_POINT('',(0.739769414674,0.282274068674));
#6546 = CARTESIAN_POINT('',(0.739787394763,0.286414156391));
#6547 = CARTESIAN_POINT('',(0.739805513446,0.290556619295));
#6548 = CARTESIAN_POINT('',(0.739823781521,0.294701654476));
#6549 = CARTESIAN_POINT('',(0.739842207874,0.298849439836));
#6550 = CARTESIAN_POINT('',(0.739917949043,0.315759135884));
#6551 = CARTESIAN_POINT('',(0.739976660748,0.328545650988));
#6552 = CARTESIAN_POINT('',(0.7400371405,0.341364268867));
#6553 = CARTESIAN_POINT('',(0.740099438426,0.354218051441));
#6554 = CARTESIAN_POINT('',(0.740163473514,0.367108632218));
#6555 = CARTESIAN_POINT('',(0.740229059382,0.380036309333));
#6556 = CARTESIAN_POINT('',(0.740314312217,0.396563496124));
#6557 = CARTESIAN_POINT('',(0.74033279044,0.400129592014));
#6558 = CARTESIAN_POINT('',(0.740351360301,0.403698400657));
#6559 = CARTESIAN_POINT('',(0.74037001587,0.407269895699));
#6560 = CARTESIAN_POINT('',(0.740388750834,0.410844043881));
#6561 = CARTESIAN_POINT('',(0.740407558501,0.414420805049));
#6562 = CARTESIAN_POINT('',(0.740440721172,0.42071011794));
#6563 = CARTESIAN_POINT('',(0.740455048186,0.423421574641));
#6564 = CARTESIAN_POINT('',(0.740469409777,0.426134481847));
#6565 = CARTESIAN_POINT('',(0.740483802792,0.428848816995));
#6566 = CARTESIAN_POINT('',(0.740498223996,0.431564555359));
#6567 = CARTESIAN_POINT('',(0.740512670062,0.434281670049));
#6568 = CARTESIAN_POINT('',(0.740558218529,0.442840278506));
#6569 = CARTESIAN_POINT('',(0.740589398488,0.448686642107));
#6570 = CARTESIAN_POINT('',(0.740620643724,0.454538937069));
#6571 = CARTESIAN_POINT('',(0.740651918967,0.460396830206));
#6572 = CARTESIAN_POINT('',(0.740683187874,0.466259944554));
#6573 = CARTESIAN_POINT('',(0.740714413498,0.472127863024));
#6574 = CARTESIAN_POINT('',(0.740840035971,0.495813299591));
#6575 = CARTESIAN_POINT('',(0.740933774751,0.513666717781));
#6576 = CARTESIAN_POINT('',(0.741025738386,0.531547459185));
#6577 = CARTESIAN_POINT('',(0.741114874941,0.549439381348));
#6578 = CARTESIAN_POINT('',(0.741200233339,0.567324276498));
#6579 = CARTESIAN_POINT('',(0.741281036495,0.585183650439));
#6580 = CARTESIAN_POINT('',(0.741424080529,0.618865723883));
#6581 = CARTESIAN_POINT('',(0.741487387201,0.63469775269));
#6582 = CARTESIAN_POINT('',(0.741546207439,0.650483770403));
#6583 = CARTESIAN_POINT('',(0.741600257808,0.666213220966));
#6584 = CARTESIAN_POINT('',(0.741649388859,0.681878272721));
#6585 = CARTESIAN_POINT('',(0.741693580404,0.697474317289));
#6586 = CARTESIAN_POINT('',(0.741743466034,0.71715807863));
#6587 = CARTESIAN_POINT('',(0.741753656375,0.721310993961));
#6588 = CARTESIAN_POINT('',(0.741763501235,0.725458864955));
#6589 = CARTESIAN_POINT('',(0.741773003082,0.729601690319));
#6590 = CARTESIAN_POINT('',(0.741782164984,0.733739485981));
#6591 = CARTESIAN_POINT('',(0.741790990602,0.737872285091));
#6592 = CARTESIAN_POINT('',(0.74181189288,0.748030712544));
#6593 = CARTESIAN_POINT('',(0.741823592867,0.754050718319));
#6594 = CARTESIAN_POINT('',(0.74183459746,0.760060326644));
#6595 = CARTESIAN_POINT('',(0.74184492256,0.766059762648));
#6596 = CARTESIAN_POINT('',(0.741854586729,0.772049307343));
#6597 = CARTESIAN_POINT('',(0.741863611257,0.778029299675));
#6598 = CARTESIAN_POINT('',(0.741877257356,0.787718792315));
#6599 = CARTESIAN_POINT('',(0.741882255721,0.791433889274));
#6600 = CARTESIAN_POINT('',(0.741887021122,0.79514552347));
#6601 = CARTESIAN_POINT('',(0.7418915598,0.798853790932));
#6602 = CARTESIAN_POINT('',(0.741895878436,0.802558789702));
#6603 = CARTESIAN_POINT('',(0.741899984154,0.806260619838));
#6604 = CARTESIAN_POINT('',(0.741903884518,0.80995938341));
#6605 = ( GEOMETRIC_REPRESENTATION_CONTEXT(2) 
PARAMETRIC_REPRESENTATION_CONTEXT() REPRESENTATION_CONTEXT('2D SPACE',''
  ) );
#6606 = PCURVE('',#6247,#6607);
#6607 = DEFINITIONAL_REPRESENTATION('',(#6608),#6695);
#6608 = B_SPLINE_CURVE_WITH_KNOTS('',7,(#6609,#6610,#6611,#6612,#6613,
    #6614,#6615,#6616,#6617,#6618,#6619,#6620,#6621,#6622,#6623,#6624,
    #6625,#6626,#6627,#6628,#6629,#6630,#6631,#6632,#6633,#6634,#6635,
    #6636,#6637,#6638,#6639,#6640,#6641,#6642,#6643,#6644,#6645,#6646,
    #6647,#6648,#6649,#6650,#6651,#6652,#6653,#6654,#6655,#6656,#6657,
    #6658,#6659,#6660,#6661,#6662,#6663,#6664,#6665,#6666,#6667,#6668,
    #6669,#6670,#6671,#6672,#6673,#6674,#6675,#6676,#6677,#6678,#6679,
    #6680,#6681,#6682,#6683,#6684,#6685,#6686,#6687,#6688,#6689,#6690,
    #6691,#6692,#6693,#6694),.UNSPECIFIED.,.F.,.F.,(8,6,6,6,6,6,6,6,6,6,
    6,6,6,6,8),(0.,6.923136781287E-02,0.103274104652,0.144870488432,
    0.219205766734,0.262187733441,0.394311893325,0.430628836887,
    0.458125178644,0.51719632468,0.696385018809,0.855952653301,
    0.89868616604,0.961117565066,1.),.UNSPECIFIED.);
#6609 = CARTESIAN_POINT('',(16.052867425999,0.));
#6610 = CARTESIAN_POINT('',(16.613291649965,-0.215780351502));
#6611 = CARTESIAN_POINT('',(17.172603682921,-0.434442065498));
#6612 = CARTESIAN_POINT('',(17.730987337762,-0.655470013925));
#6613 = CARTESIAN_POINT('',(18.288604906586,-0.87841968096));
#6614 = CARTESIAN_POINT('',(18.845601030978,-1.102907419453));
#6615 = CARTESIAN_POINT('',(19.402106572285,-1.328600707358));
#6616 = CARTESIAN_POINT('',(20.231707950152,-1.666636885673));
#6617 = CARTESIAN_POINT('',(20.50508344195,-1.778286208014));
#6618 = CARTESIAN_POINT('',(20.778382800946,-1.890121910035));
#6619 = CARTESIAN_POINT('',(21.051619057688,-2.002111716724));
#6620 = CARTESIAN_POINT('',(21.324804429609,-2.114225539215));
#6621 = CARTESIAN_POINT('',(21.597950321033,-2.226435474783));
#6622 = CARTESIAN_POINT('',(22.204785487226,-2.475909705382));
#6623 = CARTESIAN_POINT('',(22.538460558431,-2.613208425432));
#6624 = CARTESIAN_POINT('',(22.872111825284,-2.750565072791));
#6625 = CARTESIAN_POINT('',(23.205756981595,-2.887936629062));
#6626 = CARTESIAN_POINT('',(23.539412126477,-3.025283951659));
#6627 = CARTESIAN_POINT('',(23.873091764349,-3.162571773811));
#6628 = CARTESIAN_POINT('',(24.803181538152,-3.544947999067));
#6629 = CARTESIAN_POINT('',(25.399673872414,-3.789836501857));
#6630 = CARTESIAN_POINT('',(25.996359883737,-4.03425346922));
#6631 = CARTESIAN_POINT('',(26.593298782124,-4.278052970912));
#6632 = CARTESIAN_POINT('',(27.190536086594,-4.521121017379));
#6633 = CARTESIAN_POINT('',(27.78810480021,-4.763372686989));
#6634 = CARTESIAN_POINT('',(28.731755488504,-5.144317433688));
#6635 = CARTESIAN_POINT('',(29.077602505072,-5.283593013568));
#6636 = CARTESIAN_POINT('',(29.423571757449,-5.422564849593));
#6637 = CARTESIAN_POINT('',(29.769666217202,-5.561224607472));
#6638 = CARTESIAN_POINT('',(30.115887704823,-5.699566761926));
#6639 = CARTESIAN_POINT('',(30.46223688973,-5.837588596688));
#6640 = CARTESIAN_POINT('',(31.873762352656,-6.398577239542));
#6641 = CARTESIAN_POINT('',(32.940015720258,-6.81883850971));
#6642 = CARTESIAN_POINT('',(34.007457875613,-7.236071527019));
#6643 = CARTESIAN_POINT('',(35.075986183643,-7.650509839118));
#6644 = CARTESIAN_POINT('',(36.145422153289,-8.06259401154));
#6645 = CARTESIAN_POINT('',(37.215525403408,-8.472935584108));
#6646 = CARTESIAN_POINT('',(38.580254328863,-8.994788777097));
#6647 = CARTESIAN_POINT('',(38.874527271209,-9.107227752505));
#6648 = CARTESIAN_POINT('',(39.168823232986,-9.219606381808));
#6649 = CARTESIAN_POINT('',(39.463136065982,-9.331940725702));
#6650 = CARTESIAN_POINT('',(39.757459400714,-9.444247451476));
#6651 = CARTESIAN_POINT('',(40.051786646433,-9.556543833021));
#6652 = CARTESIAN_POINT('',(40.568950304538,-9.753875470714));
#6653 = CARTESIAN_POINT('',(40.79178796321,-9.838907475514));
#6654 = CARTESIAN_POINT('',(41.01462101548,-9.923951509731));
#6655 = CARTESIAN_POINT('',(41.237446457527,-10.00901544294));
#6656 = CARTESIAN_POINT('',(41.46026123336,-10.09410726983));
#6657 = CARTESIAN_POINT('',(41.683062234821,-10.17923511013));
#6658 = CARTESIAN_POINT('',(42.384459429789,-10.44738476677));
#6659 = CARTESIAN_POINT('',(42.862994327599,-10.63056651217));
#6660 = CARTESIAN_POINT('',(43.34141988276,-10.81403394965));
#6661 = CARTESIAN_POINT('',(43.819703878511,-10.99787049935));
#6662 = CARTESIAN_POINT('',(44.297813430374,-11.18216036057));
#6663 = CARTESIAN_POINT('',(44.775715422926,-11.36698737558));
#6664 = CARTESIAN_POINT('',(46.702333846933,-12.11497451764));
#6665 = CARTESIAN_POINT('',(48.149095692767,-12.68322247674));
#6666 = CARTESIAN_POINT('',(49.592721871565,-13.25946725811));
#6667 = CARTESIAN_POINT('',(51.032277275703,-13.84586293518));
#6668 = CARTESIAN_POINT('',(52.466958541146,-14.44411849651));
#6669 = CARTESIAN_POINT('',(53.896236105762,-15.05514812525));
#6670 = CARTESIAN_POINT('',(56.587733969121,-16.23431088025));
#6671 = CARTESIAN_POINT('',(57.851145909652,-16.79983019584));
#6672 = CARTESIAN_POINT('',(59.110026413464,-17.37538131925));
#6673 = CARTESIAN_POINT('',(60.364553579055,-17.96032167435));
#6674 = CARTESIAN_POINT('',(61.615264741983,-18.55333478017));
#6675 = CARTESIAN_POINT('',(62.863078273272,-19.15238306551));
#6676 = CARTESIAN_POINT('',(64.443045069339,-19.91600540929));
#6677 = CARTESIAN_POINT('',(64.776679237779,-20.07754558221));
#6678 = CARTESIAN_POINT('',(65.110225367661,-20.23926761972));
#6679 = CARTESIAN_POINT('',(65.443710876377,-20.40111470554));
#6680 = CARTESIAN_POINT('',(65.777165162006,-20.56302612686));
#6681 = CARTESIAN_POINT('',(66.110619603313,-20.72493727435));
#6682 = CARTESIAN_POINT('',(66.931315803229,-21.1232227707));
#6683 = CARTESIAN_POINT('',(67.418594628615,-21.35951858004));
#6684 = CARTESIAN_POINT('',(67.906049257016,-21.59545369039));
#6685 = CARTESIAN_POINT('',(68.393791963187,-21.83079565192));
#6686 = CARTESIAN_POINT('',(68.881942398696,-22.06529227365));
#6687 = CARTESIAN_POINT('',(69.370627915086,-22.29867095222));
#6688 = CARTESIAN_POINT('',(70.164756037527,-22.67510767163));
#6689 = CARTESIAN_POINT('',(70.469787739073,-22.8190294947));
#6690 = CARTESIAN_POINT('',(70.775111486888,-22.96233252977));
#6691 = CARTESIAN_POINT('',(71.080760437752,-23.10494223008));
#6692 = CARTESIAN_POINT('',(71.386768410015,-23.24678044228));
#6693 = CARTESIAN_POINT('',(71.6931698836,-23.38776540641));
#6694 = CARTESIAN_POINT('',(72.,-23.52781175595));
#6695 = ( GEOMETRIC_REPRESENTATION_CONTEXT(2) 
PARAMETRIC_REPRESENTATION_CONTEXT() REPRESENTATION_CONTEXT('2D SPACE',''
  ) );
#6696 = ORIENTED_EDGE('',*,*,#6697,.F.);
#6697 = EDGE_CURVE('',#6698,#6426,#6700,.T.);
#6698 = VERTEX_POINT('',#6699);
#6699 = CARTESIAN_POINT('',(1.5,-26.47218824308,-10.));
#6700 = SURFACE_CURVE('',#6701,(#6707,#6716),.PCURVE_S1.);
#6701 = B_SPLINE_CURVE_WITH_KNOTS('',4,(#6702,#6703,#6704,#6705,#6706),
  .UNSPECIFIED.,.F.,.F.,(5,5),(0.,1.),.PIECEWISE_BEZIER_KNOTS.);
#6702 = CARTESIAN_POINT('',(1.5,-26.47218824308,-10.));
#6703 = CARTESIAN_POINT('',(0.750343902284,-26.50000521829,-10.));
#6704 = CARTESIAN_POINT('',(1.235633817487E-11,-26.50926354009,-10.));
#6705 = CARTESIAN_POINT('',(-0.750343902268,-26.50000521882,-10.));
#6706 = CARTESIAN_POINT('',(-1.5,-26.47218824404,-10.));
#6707 = PCURVE('',#3772,#6708);
#6708 = DEFINITIONAL_REPRESENTATION('',(#6709),#6715);
#6709 = B_SPLINE_CURVE_WITH_KNOTS('',4,(#6710,#6711,#6712,#6713,#6714),
  .UNSPECIFIED.,.F.,.F.,(5,5),(0.,1.),.PIECEWISE_BEZIER_KNOTS.);
#6710 = CARTESIAN_POINT('',(0.758096115503,0.80995938341));
#6711 = CARTESIAN_POINT('',(0.754046420211,0.80995938341));
#6712 = CARTESIAN_POINT('',(0.750000000011,0.80995938341));
#6713 = CARTESIAN_POINT('',(0.745953579812,0.80995938341));
#6714 = CARTESIAN_POINT('',(0.741903884518,0.80995938341));
#6715 = ( GEOMETRIC_REPRESENTATION_CONTEXT(2) 
PARAMETRIC_REPRESENTATION_CONTEXT() REPRESENTATION_CONTEXT('2D SPACE',''
  ) );
#6716 = PCURVE('',#6063,#6717);
#6717 = DEFINITIONAL_REPRESENTATION('',(#6718),#6724);
#6718 = B_SPLINE_CURVE_WITH_KNOTS('',4,(#6719,#6720,#6721,#6722,#6723),
  .UNSPECIFIED.,.F.,.F.,(5,5),(0.,1.),.PIECEWISE_BEZIER_KNOTS.);
#6719 = CARTESIAN_POINT('',(3.,23.52781175692));
#6720 = CARTESIAN_POINT('',(2.250343902284,23.499994781708));
#6721 = CARTESIAN_POINT('',(1.500000000012,23.490736459902));
#6722 = CARTESIAN_POINT('',(0.749656097732,23.499994781175));
#6723 = CARTESIAN_POINT('',(0.,23.527811755952));
#6724 = ( GEOMETRIC_REPRESENTATION_CONTEXT(2) 
PARAMETRIC_REPRESENTATION_CONTEXT() REPRESENTATION_CONTEXT('2D SPACE',''
  ) );
#6725 = ORIENTED_EDGE('',*,*,#6726,.F.);
#6726 = EDGE_CURVE('',#6389,#6698,#6727,.T.);
#6727 = SURFACE_CURVE('',#6728,(#6815,#6905),.PCURVE_S1.);
#6728 = B_SPLINE_CURVE_WITH_KNOTS('',7,(#6729,#6730,#6731,#6732,#6733,
    #6734,#6735,#6736,#6737,#6738,#6739,#6740,#6741,#6742,#6743,#6744,
    #6745,#6746,#6747,#6748,#6749,#6750,#6751,#6752,#6753,#6754,#6755,
    #6756,#6757,#6758,#6759,#6760,#6761,#6762,#6763,#6764,#6765,#6766,
    #6767,#6768,#6769,#6770,#6771,#6772,#6773,#6774,#6775,#6776,#6777,
    #6778,#6779,#6780,#6781,#6782,#6783,#6784,#6785,#6786,#6787,#6788,
    #6789,#6790,#6791,#6792,#6793,#6794,#6795,#6796,#6797,#6798,#6799,
    #6800,#6801,#6802,#6803,#6804,#6805,#6806,#6807,#6808,#6809,#6810,
    #6811,#6812,#6813,#6814),.UNSPECIFIED.,.F.,.F.,(8,6,6,6,6,6,6,6,6,6,
    6,6,6,6,8),(0.,6.923136785196E-02,0.10327410469,0.144870488468,
    0.219205766768,0.262187733472,0.394311893351,0.430628836912,
    0.458125178667,0.517196324701,0.696385018822,0.855952653307,
    0.898686166044,0.961117565068,1.),.UNSPECIFIED.);
#6729 = CARTESIAN_POINT('',(1.5,-50.,-65.94713257636));
#6730 = CARTESIAN_POINT('',(1.5,-49.78421964837,-65.38670835206));
#6731 = CARTESIAN_POINT('',(1.5,-49.56555793425,-64.82739631876));
#6732 = CARTESIAN_POINT('',(1.5,-49.34452998569,-64.26901266358));
#6733 = CARTESIAN_POINT('',(1.5,-49.12158031853,-63.71139509442));
#6734 = CARTESIAN_POINT('',(1.5,-48.8970925799,-63.15439896969));
#6735 = CARTESIAN_POINT('',(1.5,-48.67139929186,-62.59789342805));
#6736 = CARTESIAN_POINT('',(1.5,-48.33336311341,-61.76829204984));
#6737 = CARTESIAN_POINT('',(1.5,-48.22171379106,-61.49491655805));
#6738 = CARTESIAN_POINT('',(1.5,-48.10987808904,-61.22161719905));
#6739 = CARTESIAN_POINT('',(1.5,-47.99788828235,-60.94838094231));
#6740 = CARTESIAN_POINT('',(1.5,-47.88577445986,-60.67519557039));
#6741 = CARTESIAN_POINT('',(1.5,-47.77356452429,-60.40204967896));
#6742 = CARTESIAN_POINT('',(1.5,-47.52409029369,-59.79521451277));
#6743 = CARTESIAN_POINT('',(1.5,-47.38679157364,-59.46153944156));
#6744 = CARTESIAN_POINT('',(1.5,-47.24943492628,-59.12788817471));
#6745 = CARTESIAN_POINT('',(1.5,-47.11206337001,-58.7942430184));
#6746 = CARTESIAN_POINT('',(1.5,-46.97471604742,-58.46058787352));
#6747 = CARTESIAN_POINT('',(1.5,-46.83742822526,-58.12690823565));
#6748 = CARTESIAN_POINT('',(1.5,-46.45505200001,-57.19681846184));
#6749 = CARTESIAN_POINT('',(1.5,-46.21016349722,-56.60032612758));
#6750 = CARTESIAN_POINT('',(1.5,-45.96574652985,-56.00364011626));
#6751 = CARTESIAN_POINT('',(1.5,-45.72194702816,-55.40670121787));
#6752 = CARTESIAN_POINT('',(1.5,-45.47887898169,-54.8094639134));
#6753 = CARTESIAN_POINT('',(1.5,-45.23662731208,-54.21189519979));
#6754 = CARTESIAN_POINT('',(1.5,-44.85568256538,-53.26824451149));
#6755 = CARTESIAN_POINT('',(1.5,-44.7164069855,-52.92239749492));
#6756 = CARTESIAN_POINT('',(1.5,-44.57743514948,-52.57642824255));
#6757 = CARTESIAN_POINT('',(1.5,-44.4387753916,-52.23033378279));
#6758 = CARTESIAN_POINT('',(1.5,-44.30043323714,-51.88411229517));
#6759 = CARTESIAN_POINT('',(1.5,-44.16241140238,-51.53776311027));
#6760 = CARTESIAN_POINT('',(1.5,-43.60142275953,-50.12623764734));
#6761 = CARTESIAN_POINT('',(1.5,-43.18116148936,-49.05998427973));
#6762 = CARTESIAN_POINT('',(1.5,-42.76392847205,-47.99254212438));
#6763 = CARTESIAN_POINT('',(1.5,-42.34949015995,-46.92401381635));
#6764 = CARTESIAN_POINT('',(1.5,-41.93740598752,-45.8545778467));
#6765 = CARTESIAN_POINT('',(1.5,-41.52706441496,-44.78447459659));
#6766 = CARTESIAN_POINT('',(1.5,-41.00521122197,-43.41974567113));
#6767 = CARTESIAN_POINT('',(1.5,-40.89277224656,-43.12547272879));
#6768 = CARTESIAN_POINT('',(1.5,-40.78039361726,-42.83117676701));
#6769 = CARTESIAN_POINT('',(1.5,-40.66805927336,-42.53686393401));
#6770 = CARTESIAN_POINT('',(1.5,-40.55575254759,-42.24254059928));
#6771 = CARTESIAN_POINT('',(1.5,-40.44345616604,-41.94821335356));
#6772 = CARTESIAN_POINT('',(1.5,-40.24612452835,-41.43104969546));
#6773 = CARTESIAN_POINT('',(1.5,-40.16109252355,-41.20821203679));
#6774 = CARTESIAN_POINT('',(1.5,-40.07604848933,-40.98537898452));
#6775 = CARTESIAN_POINT('',(1.5,-39.99098455611,-40.76255354247));
#6776 = CARTESIAN_POINT('',(1.5,-39.90589272923,-40.53973876664));
#6777 = CARTESIAN_POINT('',(1.5,-39.82076488893,-40.31693776517));
#6778 = CARTESIAN_POINT('',(1.5,-39.55261523229,-39.61554057021));
#6779 = CARTESIAN_POINT('',(1.5,-39.36943348689,-39.1370056724));
#6780 = CARTESIAN_POINT('',(1.5,-39.18596604941,-38.65858011724));
#6781 = CARTESIAN_POINT('',(1.5,-39.00212949971,-38.18029612148));
#6782 = CARTESIAN_POINT('',(1.5,-38.81783963848,-37.70218656962));
#6783 = CARTESIAN_POINT('',(1.5,-38.63301262347,-37.22428457707));
#6784 = CARTESIAN_POINT('',(1.5,-37.88502548141,-35.29766615307));
#6785 = CARTESIAN_POINT('',(1.5,-37.3167775223,-33.8509043072));
#6786 = CARTESIAN_POINT('',(1.5,-36.74053274096,-32.40727812849));
#6787 = CARTESIAN_POINT('',(1.5,-36.15413706385,-30.96772272424));
#6788 = CARTESIAN_POINT('',(1.5,-35.55588150254,-29.53304145888));
#6789 = CARTESIAN_POINT('',(1.5,-34.94485187379,-28.10376389423));
#6790 = CARTESIAN_POINT('',(1.5,-33.76568911879,-25.41226603087));
#6791 = CARTESIAN_POINT('',(1.5,-33.2001698032,-24.14885409034));
#6792 = CARTESIAN_POINT('',(1.5,-32.62461867979,-22.88997358653));
#6793 = CARTESIAN_POINT('',(1.5,-32.03967832468,-21.63544642094));
#6794 = CARTESIAN_POINT('',(1.5,-31.44666521887,-20.38473525801));
#6795 = CARTESIAN_POINT('',(1.5,-30.84761693352,-19.13692172672));
#6796 = CARTESIAN_POINT('',(1.5,-30.08399458974,-17.55695493066));
#6797 = CARTESIAN_POINT('',(1.5,-29.92245441682,-17.22332076222));
#6798 = CARTESIAN_POINT('',(1.5,-29.76073237931,-16.88977463233));
#6799 = CARTESIAN_POINT('',(1.5,-29.59888529349,-16.55628912362));
#6800 = CARTESIAN_POINT('',(1.5,-29.43697387217,-16.22283483799));
#6801 = CARTESIAN_POINT('',(1.5,-29.27506272468,-15.88938039668));
#6802 = CARTESIAN_POINT('',(1.5,-28.87677722833,-15.06868419677));
#6803 = CARTESIAN_POINT('',(1.5,-28.64048141899,-14.58140537138));
#6804 = CARTESIAN_POINT('',(1.5,-28.40454630864,-14.09395074298));
#6805 = CARTESIAN_POINT('',(1.5,-28.1692043471,-13.60620803681));
#6806 = CARTESIAN_POINT('',(1.5,-27.93470772537,-13.1180576013));
#6807 = CARTESIAN_POINT('',(1.5,-27.70132904681,-12.62937208491));
#6808 = CARTESIAN_POINT('',(1.5,-27.32489232739,-11.83524396247));
#6809 = CARTESIAN_POINT('',(1.5,-27.18097050432,-11.53021226092));
#6810 = CARTESIAN_POINT('',(1.5,-27.03766746925,-11.22488851311));
#6811 = CARTESIAN_POINT('',(1.5,-26.89505776894,-10.91923956224));
#6812 = CARTESIAN_POINT('',(1.5,-26.75321955674,-10.61323158998));
#6813 = CARTESIAN_POINT('',(1.5,-26.61223459261,-10.3068301164));
#6814 = CARTESIAN_POINT('',(1.5,-26.47218824308,-10.));
#6815 = PCURVE('',#3772,#6816);
#6816 = DEFINITIONAL_REPRESENTATION('',(#6817),#6904);
#6817 = B_SPLINE_CURVE_WITH_KNOTS('',7,(#6818,#6819,#6820,#6821,#6822,
    #6823,#6824,#6825,#6826,#6827,#6828,#6829,#6830,#6831,#6832,#6833,
    #6834,#6835,#6836,#6837,#6838,#6839,#6840,#6841,#6842,#6843,#6844,
    #6845,#6846,#6847,#6848,#6849,#6850,#6851,#6852,#6853,#6854,#6855,
    #6856,#6857,#6858,#6859,#6860,#6861,#6862,#6863,#6864,#6865,#6866,
    #6867,#6868,#6869,#6870,#6871,#6872,#6873,#6874,#6875,#6876,#6877,
    #6878,#6879,#6880,#6881,#6882,#6883,#6884,#6885,#6886,#6887,#6888,
    #6889,#6890,#6891,#6892,#6893,#6894,#6895,#6896,#6897,#6898,#6899,
    #6900,#6901,#6902,#6903),.UNSPECIFIED.,.F.,.F.,(8,6,6,6,6,6,6,6,6,6,
    6,6,6,6,8),(0.,6.923136785196E-02,0.10327410469,0.144870488468,
    0.219205766768,0.262187733472,0.394311893351,0.430628836912,
    0.458125178667,0.517196324701,0.696385018822,0.855952653307,
    0.898686166044,0.961117565068,1.),.UNSPECIFIED.);
#6818 = CARTESIAN_POINT('',(0.760970330517,0.12571879213));
#6819 = CARTESIAN_POINT('',(0.760925600045,0.132544569174));
#6820 = CARTESIAN_POINT('',(0.760883836809,0.139340732346));
#6821 = CARTESIAN_POINT('',(0.760844577638,0.146111151718));
#6822 = CARTESIAN_POINT('',(0.760807431979,0.152859293927));
#6823 = CARTESIAN_POINT('',(0.760772068433,0.159588291733));
#6824 = CARTESIAN_POINT('',(0.760738201299,0.166301013583));
#6825 = CARTESIAN_POINT('',(0.760689535,0.176294252173));
#6826 = CARTESIAN_POINT('',(0.760673793493,0.179585075027));
#6827 = CARTESIAN_POINT('',(0.760658322921,0.182872912392));
#6828 = CARTESIAN_POINT('',(0.760643095452,0.186158061045));
#6829 = CARTESIAN_POINT('',(0.760628085078,0.18944080387));
#6830 = CARTESIAN_POINT('',(0.760613267622,0.192721409856));
#6831 = CARTESIAN_POINT('',(0.760580723884,0.200006365237));
#6832 = CARTESIAN_POINT('',(0.760563081411,0.204009787993));
#6833 = CARTESIAN_POINT('',(0.760545652543,0.20801086731));
#6834 = CARTESIAN_POINT('',(0.760528399545,0.212010042003));
#6835 = CARTESIAN_POINT('',(0.760511287714,0.216007724762));
#6836 = CARTESIAN_POINT('',(0.760494285382,0.220004302152));
#6837 = CARTESIAN_POINT('',(0.760447124222,0.231140931266));
#6838 = CARTESIAN_POINT('',(0.760417142241,0.238279352019));
#6839 = CARTESIAN_POINT('',(0.760387253016,0.245417461737));
#6840 = CARTESIAN_POINT('',(0.760357317715,0.25255708685));
#6841 = CARTESIAN_POINT('',(0.760327220947,0.259699834029));
#6842 = CARTESIAN_POINT('',(0.760296868067,0.266847108856));
#6843 = CARTESIAN_POINT('',(0.760248439551,0.278136139866));
#6844 = CARTESIAN_POINT('',(0.760230585347,0.282274068674));
#6845 = CARTESIAN_POINT('',(0.760212605258,0.286414156391));
#6846 = CARTESIAN_POINT('',(0.760194486575,0.290556619295));
#6847 = CARTESIAN_POINT('',(0.7601762185,0.294701654476));
#6848 = CARTESIAN_POINT('',(0.760157792147,0.298849439836));
#6849 = CARTESIAN_POINT('',(0.760082050978,0.315759135884));
#6850 = CARTESIAN_POINT('',(0.760023339273,0.328545650988));
#6851 = CARTESIAN_POINT('',(0.759962859521,0.341364268867));
#6852 = CARTESIAN_POINT('',(0.759900561595,0.35421805144));
#6853 = CARTESIAN_POINT('',(0.759836526507,0.367108632218));
#6854 = CARTESIAN_POINT('',(0.759770940639,0.380036309333));
#6855 = CARTESIAN_POINT('',(0.759685687804,0.396563496124));
#6856 = CARTESIAN_POINT('',(0.759667209581,0.400129592014));
#6857 = CARTESIAN_POINT('',(0.75964863972,0.403698400657));
#6858 = CARTESIAN_POINT('',(0.759629984151,0.407269895699));
#6859 = CARTESIAN_POINT('',(0.759611249187,0.410844043881));
#6860 = CARTESIAN_POINT('',(0.75959244152,0.414420805049));
#6861 = CARTESIAN_POINT('',(0.759559278849,0.42071011794));
#6862 = CARTESIAN_POINT('',(0.759544951835,0.423421574641));
#6863 = CARTESIAN_POINT('',(0.759530590245,0.426134481847));
#6864 = CARTESIAN_POINT('',(0.759516197229,0.428848816995));
#6865 = CARTESIAN_POINT('',(0.759501776025,0.431564555359));
#6866 = CARTESIAN_POINT('',(0.759487329959,0.434281670049));
#6867 = CARTESIAN_POINT('',(0.759441781493,0.442840278506));
#6868 = CARTESIAN_POINT('',(0.759410601533,0.448686642107));
#6869 = CARTESIAN_POINT('',(0.759379356297,0.454538937069));
#6870 = CARTESIAN_POINT('',(0.759348081055,0.460396830206));
#6871 = CARTESIAN_POINT('',(0.759316812147,0.466259944554));
#6872 = CARTESIAN_POINT('',(0.759285586523,0.472127863024));
#6873 = CARTESIAN_POINT('',(0.759159964051,0.495813299591));
#6874 = CARTESIAN_POINT('',(0.75906622527,0.513666717781));
#6875 = CARTESIAN_POINT('',(0.758974261635,0.531547459184));
#6876 = CARTESIAN_POINT('',(0.75888512508,0.549439381349));
#6877 = CARTESIAN_POINT('',(0.758799766683,0.567324276497));
#6878 = CARTESIAN_POINT('',(0.758718963527,0.585183650439));
#6879 = CARTESIAN_POINT('',(0.758575919493,0.618865723883));
#6880 = CARTESIAN_POINT('',(0.758512612821,0.63469775269));
#6881 = CARTESIAN_POINT('',(0.758453792583,0.650483770403));
#6882 = CARTESIAN_POINT('',(0.758399742214,0.666213220966));
#6883 = CARTESIAN_POINT('',(0.758350611162,0.681878272721));
#6884 = CARTESIAN_POINT('',(0.758306419618,0.697474317289));
#6885 = CARTESIAN_POINT('',(0.758256533987,0.71715807863));
#6886 = CARTESIAN_POINT('',(0.758246343646,0.721310993961));
#6887 = CARTESIAN_POINT('',(0.758236498787,0.725458864955));
#6888 = CARTESIAN_POINT('',(0.758226996939,0.729601690319));
#6889 = CARTESIAN_POINT('',(0.758217835037,0.733739485981));
#6890 = CARTESIAN_POINT('',(0.75820900942,0.737872285091));
#6891 = CARTESIAN_POINT('',(0.758188107142,0.748030712544));
#6892 = CARTESIAN_POINT('',(0.758176407155,0.754050718319));
#6893 = CARTESIAN_POINT('',(0.758165402561,0.760060326644));
#6894 = CARTESIAN_POINT('',(0.758155077461,0.766059762648));
#6895 = CARTESIAN_POINT('',(0.758145413292,0.772049307343));
#6896 = CARTESIAN_POINT('',(0.758136388764,0.778029299675));
#6897 = CARTESIAN_POINT('',(0.758122742666,0.787718792315));
#6898 = CARTESIAN_POINT('',(0.758117744301,0.791433889274));
#6899 = CARTESIAN_POINT('',(0.758112978899,0.79514552347));
#6900 = CARTESIAN_POINT('',(0.758108440222,0.798853790932));
#6901 = CARTESIAN_POINT('',(0.758104121586,0.802558789702));
#6902 = CARTESIAN_POINT('',(0.758100015868,0.806260619838));
#6903 = CARTESIAN_POINT('',(0.758096115503,0.80995938341));
#6904 = ( GEOMETRIC_REPRESENTATION_CONTEXT(2) 
PARAMETRIC_REPRESENTATION_CONTEXT() REPRESENTATION_CONTEXT('2D SPACE',''
  ) );
#6905 = PCURVE('',#5954,#6906);
#6906 = DEFINITIONAL_REPRESENTATION('',(#6907),#6994);
#6907 = B_SPLINE_CURVE_WITH_KNOTS('',7,(#6908,#6909,#6910,#6911,#6912,
    #6913,#6914,#6915,#6916,#6917,#6918,#6919,#6920,#6921,#6922,#6923,
    #6924,#6925,#6926,#6927,#6928,#6929,#6930,#6931,#6932,#6933,#6934,
    #6935,#6936,#6937,#6938,#6939,#6940,#6941,#6942,#6943,#6944,#6945,
    #6946,#6947,#6948,#6949,#6950,#6951,#6952,#6953,#6954,#6955,#6956,
    #6957,#6958,#6959,#6960,#6961,#6962,#6963,#6964,#6965,#6966,#6967,
    #6968,#6969,#6970,#6971,#6972,#6973,#6974,#6975,#6976,#6977,#6978,
    #6979,#6980,#6981,#6982,#6983,#6984,#6985,#6986,#6987,#6988,#6989,
    #6990,#6991,#6992,#6993),.UNSPECIFIED.,.F.,.F.,(8,6,6,6,6,6,6,6,6,6,
    6,6,6,6,8),(0.,6.923136785196E-02,0.10327410469,0.144870488468,
    0.219205766768,0.262187733472,0.394311893351,0.430628836912,
    0.458125178667,0.517196324701,0.696385018822,0.855952653307,
    0.898686166044,0.961117565068,1.),.UNSPECIFIED.);
#6908 = CARTESIAN_POINT('',(16.052867423632,0.));
#6909 = CARTESIAN_POINT('',(16.61329164794,-0.215780351622));
#6910 = CARTESIAN_POINT('',(17.172603681237,-0.434442065745));
#6911 = CARTESIAN_POINT('',(17.730987336416,-0.655470014301));
#6912 = CARTESIAN_POINT('',(18.288604905577,-0.878419681468));
#6913 = CARTESIAN_POINT('',(18.845601030306,-1.102907420096));
#6914 = CARTESIAN_POINT('',(19.402106571949,-1.328600708137));
#6915 = CARTESIAN_POINT('',(20.231707950152,-1.66663688659));
#6916 = CARTESIAN_POINT('',(20.50508344195,-1.778286208932));
#6917 = CARTESIAN_POINT('',(20.778382800946,-1.890121910953));
#6918 = CARTESIAN_POINT('',(21.051619057688,-2.002111717642));
#6919 = CARTESIAN_POINT('',(21.324804429609,-2.114225540133));
#6920 = CARTESIAN_POINT('',(21.597950321033,-2.226435475702));
#6921 = CARTESIAN_POINT('',(22.204785487226,-2.475909706301));
#6922 = CARTESIAN_POINT('',(22.538460558431,-2.613208426351));
#6923 = CARTESIAN_POINT('',(22.872111825284,-2.750565073711));
#6924 = CARTESIAN_POINT('',(23.205756981595,-2.887936629982));
#6925 = CARTESIAN_POINT('',(23.539412126477,-3.02528395258));
#6926 = CARTESIAN_POINT('',(23.873091764349,-3.162571774732));
#6927 = CARTESIAN_POINT('',(24.803181538152,-3.544947999988));
#6928 = CARTESIAN_POINT('',(25.399673872414,-3.789836502779));
#6929 = CARTESIAN_POINT('',(25.996359883737,-4.034253470143));
#6930 = CARTESIAN_POINT('',(26.593298782124,-4.278052971835));
#6931 = CARTESIAN_POINT('',(27.190536086594,-4.521121018303));
#6932 = CARTESIAN_POINT('',(27.78810480021,-4.763372687913));
#6933 = CARTESIAN_POINT('',(28.731755488504,-5.144317434612));
#6934 = CARTESIAN_POINT('',(29.077602505072,-5.283593014493));
#6935 = CARTESIAN_POINT('',(29.423571757449,-5.422564850518));
#6936 = CARTESIAN_POINT('',(29.769666217202,-5.561224608397));
#6937 = CARTESIAN_POINT('',(30.115887704823,-5.699566762851));
#6938 = CARTESIAN_POINT('',(30.46223688973,-5.837588597614));
#6939 = CARTESIAN_POINT('',(31.873762352655,-6.398577240468));
#6940 = CARTESIAN_POINT('',(32.940015720261,-6.818838510638));
#6941 = CARTESIAN_POINT('',(34.007457875612,-7.236071527946));
#6942 = CARTESIAN_POINT('',(35.075986183641,-7.650509840046));
#6943 = CARTESIAN_POINT('',(36.145422153292,-8.062594012471));
#6944 = CARTESIAN_POINT('',(37.215525403407,-8.472935585038));
#6945 = CARTESIAN_POINT('',(38.580254328863,-8.994788778029));
#6946 = CARTESIAN_POINT('',(38.874527271209,-9.107227753436));
#6947 = CARTESIAN_POINT('',(39.168823232986,-9.21960638274));
#6948 = CARTESIAN_POINT('',(39.463136065982,-9.331940726634));
#6949 = CARTESIAN_POINT('',(39.757459400714,-9.444247452408));
#6950 = CARTESIAN_POINT('',(40.051786646433,-9.556543833954));
#6951 = CARTESIAN_POINT('',(40.568950304538,-9.753875471647));
#6952 = CARTESIAN_POINT('',(40.79178796321,-9.838907476447));
#6953 = CARTESIAN_POINT('',(41.01462101548,-9.923951510664));
#6954 = CARTESIAN_POINT('',(41.237446457527,-10.00901544388));
#6955 = CARTESIAN_POINT('',(41.46026123336,-10.09410727076));
#6956 = CARTESIAN_POINT('',(41.683062234821,-10.17923511107));
#6957 = CARTESIAN_POINT('',(42.384459429789,-10.4473847677));
#6958 = CARTESIAN_POINT('',(42.862994327599,-10.6305665131));
#6959 = CARTESIAN_POINT('',(43.34141988276,-10.81403395058));
#6960 = CARTESIAN_POINT('',(43.819703878511,-10.99787050029));
#6961 = CARTESIAN_POINT('',(44.297813430374,-11.18216036151));
#6962 = CARTESIAN_POINT('',(44.775715422926,-11.36698737652));
#6963 = CARTESIAN_POINT('',(46.702333846925,-12.11497451858));
#6964 = CARTESIAN_POINT('',(48.1490956928,-12.68322247769));
#6965 = CARTESIAN_POINT('',(49.592721871509,-13.25946725904));
#6966 = CARTESIAN_POINT('',(51.032277275755,-13.84586293614));
#6967 = CARTESIAN_POINT('',(52.46695854112,-14.44411849745));
#6968 = CARTESIAN_POINT('',(53.896236105768,-15.0551481262));
#6969 = CARTESIAN_POINT('',(56.587733969121,-16.2343108812));
#6970 = CARTESIAN_POINT('',(57.851145909652,-16.7998301968));
#6971 = CARTESIAN_POINT('',(59.110026413464,-17.3753813202));
#6972 = CARTESIAN_POINT('',(60.364553579055,-17.96032167531));
#6973 = CARTESIAN_POINT('',(61.615264741984,-18.55333478112));
#6974 = CARTESIAN_POINT('',(62.863078273272,-19.15238306647));
#6975 = CARTESIAN_POINT('',(64.44304506934,-19.91600541025));
#6976 = CARTESIAN_POINT('',(64.776679237779,-20.07754558317));
#6977 = CARTESIAN_POINT('',(65.110225367661,-20.23926762068));
#6978 = CARTESIAN_POINT('',(65.443710876377,-20.4011147065));
#6979 = CARTESIAN_POINT('',(65.777165162005,-20.56302612782));
#6980 = CARTESIAN_POINT('',(66.110619603313,-20.72493727531));
#6981 = CARTESIAN_POINT('',(66.931315803229,-21.12322277166));
#6982 = CARTESIAN_POINT('',(67.418594628614,-21.359518581));
#6983 = CARTESIAN_POINT('',(67.906049257016,-21.59545369135));
#6984 = CARTESIAN_POINT('',(68.393791963187,-21.83079565289));
#6985 = CARTESIAN_POINT('',(68.881942398696,-22.06529227462));
#6986 = CARTESIAN_POINT('',(69.370627915086,-22.29867095318));
#6987 = CARTESIAN_POINT('',(70.164756037527,-22.6751076726));
#6988 = CARTESIAN_POINT('',(70.469787739073,-22.81902949567));
#6989 = CARTESIAN_POINT('',(70.775111486888,-22.96233253074));
#6990 = CARTESIAN_POINT('',(71.080760437752,-23.10494223105));
#6991 = CARTESIAN_POINT('',(71.386768410015,-23.24678044325));
#6992 = CARTESIAN_POINT('',(71.6931698836,-23.38776540738));
#6993 = CARTESIAN_POINT('',(72.,-23.52781175692));
#6994 = ( GEOMETRIC_REPRESENTATION_CONTEXT(2) 
PARAMETRIC_REPRESENTATION_CONTEXT() REPRESENTATION_CONTEXT('2D SPACE',''
  ) );
#6995 = ADVANCED_FACE('',(#6996,#7063),#3892,.F.);
#6996 = FACE_BOUND('',#6997,.F.);
#6997 = EDGE_LOOP('',(#6998,#6999,#7000,#7001,#7002,#7023,#7044));
#6998 = ORIENTED_EDGE('',*,*,#5737,.F.);
#6999 = ORIENTED_EDGE('',*,*,#5618,.F.);
#7000 = ORIENTED_EDGE('',*,*,#3875,.F.);
#7001 = ORIENTED_EDGE('',*,*,#6336,.F.);
#7002 = ORIENTED_EDGE('',*,*,#7003,.T.);
#7003 = EDGE_CURVE('',#6078,#7004,#7006,.T.);
#7004 = VERTEX_POINT('',#7005);
#7005 = CARTESIAN_POINT('',(-1.5,-50.,-76.));
#7006 = SURFACE_CURVE('',#7007,(#7011,#7017),.PCURVE_S1.);
#7007 = LINE('',#7008,#7009);
#7008 = CARTESIAN_POINT('',(-1.5,-44.75,-76.));
#7009 = VECTOR('',#7010,1.);
#7010 = DIRECTION('',(0.,-1.,0.));
#7011 = PCURVE('',#3892,#7012);
#7012 = DEFINITIONAL_REPRESENTATION('',(#7013),#7016);
#7013 = B_SPLINE_CURVE_WITH_KNOTS('',1,(#7014,#7015),.UNSPECIFIED.,.F.,
  .F.,(2,2),(-21.78024418902,5.25),.PIECEWISE_BEZIER_KNOTS.);
#7014 = CARTESIAN_POINT('',(20.5,16.530244189025));
#7015 = CARTESIAN_POINT('',(20.5,-10.5));
#7016 = ( GEOMETRIC_REPRESENTATION_CONTEXT(2) 
PARAMETRIC_REPRESENTATION_CONTEXT() REPRESENTATION_CONTEXT('2D SPACE',''
  ) );
#7017 = PCURVE('',#6247,#7018);
#7018 = DEFINITIONAL_REPRESENTATION('',(#7019),#7022);
#7019 = B_SPLINE_CURVE_WITH_KNOTS('',1,(#7020,#7021),.UNSPECIFIED.,.F.,
  .F.,(2,2),(-21.78024418902,5.25),.PIECEWISE_BEZIER_KNOTS.);
#7020 = CARTESIAN_POINT('',(6.,-27.03024418902));
#7021 = CARTESIAN_POINT('',(6.,0.));
#7022 = ( GEOMETRIC_REPRESENTATION_CONTEXT(2) 
PARAMETRIC_REPRESENTATION_CONTEXT() REPRESENTATION_CONTEXT('2D SPACE',''
  ) );
#7023 = ORIENTED_EDGE('',*,*,#7024,.T.);
#7024 = EDGE_CURVE('',#7004,#7025,#7027,.T.);
#7025 = VERTEX_POINT('',#7026);
#7026 = CARTESIAN_POINT('',(1.5,-50.,-76.));
#7027 = SURFACE_CURVE('',#7028,(#7032,#7038),.PCURVE_S1.);
#7028 = LINE('',#7029,#7030);
#7029 = CARTESIAN_POINT('',(8.75,-50.,-76.));
#7030 = VECTOR('',#7031,1.);
#7031 = DIRECTION('',(1.,-0.,0.));
#7032 = PCURVE('',#3892,#7033);
#7033 = DEFINITIONAL_REPRESENTATION('',(#7034),#7037);
#7034 = B_SPLINE_CURVE_WITH_KNOTS('',1,(#7035,#7036),.UNSPECIFIED.,.F.,
  .F.,(2,2),(-10.25,-7.25),.PIECEWISE_BEZIER_KNOTS.);
#7035 = CARTESIAN_POINT('',(20.5,-10.5));
#7036 = CARTESIAN_POINT('',(17.5,-10.5));
#7037 = ( GEOMETRIC_REPRESENTATION_CONTEXT(2) 
PARAMETRIC_REPRESENTATION_CONTEXT() REPRESENTATION_CONTEXT('2D SPACE',''
  ) );
#7038 = PCURVE('',#6410,#7039);
#7039 = DEFINITIONAL_REPRESENTATION('',(#7040),#7043);
#7040 = B_SPLINE_CURVE_WITH_KNOTS('',1,(#7041,#7042),.UNSPECIFIED.,.F.,
  .F.,(2,2),(-10.25,-7.25),.PIECEWISE_BEZIER_KNOTS.);
#7041 = CARTESIAN_POINT('',(6.,0.));
#7042 = CARTESIAN_POINT('',(6.,3.));
#7043 = ( GEOMETRIC_REPRESENTATION_CONTEXT(2) 
PARAMETRIC_REPRESENTATION_CONTEXT() REPRESENTATION_CONTEXT('2D SPACE',''
  ) );
#7044 = ORIENTED_EDGE('',*,*,#7045,.F.);
#7045 = EDGE_CURVE('',#5738,#7025,#7046,.T.);
#7046 = SURFACE_CURVE('',#7047,(#7051,#7057),.PCURVE_S1.);
#7047 = LINE('',#7048,#7049);
#7048 = CARTESIAN_POINT('',(1.5,-44.75,-76.));
#7049 = VECTOR('',#7050,1.);
#7050 = DIRECTION('',(0.,-1.,0.));
#7051 = PCURVE('',#3892,#7052);
#7052 = DEFINITIONAL_REPRESENTATION('',(#7053),#7056);
#7053 = B_SPLINE_CURVE_WITH_KNOTS('',1,(#7054,#7055),.UNSPECIFIED.,.F.,
  .F.,(2,2),(-21.78024418902,5.25),.PIECEWISE_BEZIER_KNOTS.);
#7054 = CARTESIAN_POINT('',(17.5,16.530244189025));
#7055 = CARTESIAN_POINT('',(17.5,-10.5));
#7056 = ( GEOMETRIC_REPRESENTATION_CONTEXT(2) 
PARAMETRIC_REPRESENTATION_CONTEXT() REPRESENTATION_CONTEXT('2D SPACE',''
  ) );
#7057 = PCURVE('',#5954,#7058);
#7058 = DEFINITIONAL_REPRESENTATION('',(#7059),#7062);
#7059 = B_SPLINE_CURVE_WITH_KNOTS('',1,(#7060,#7061),.UNSPECIFIED.,.F.,
  .F.,(2,2),(-21.78024418902,5.25),.PIECEWISE_BEZIER_KNOTS.);
#7060 = CARTESIAN_POINT('',(6.,-27.03024418902));
#7061 = CARTESIAN_POINT('',(6.,0.));
#7062 = ( GEOMETRIC_REPRESENTATION_CONTEXT(2) 
PARAMETRIC_REPRESENTATION_CONTEXT() REPRESENTATION_CONTEXT('2D SPACE',''
  ) );
#7063 = FACE_BOUND('',#7064,.F.);
#7064 = EDGE_LOOP('',(#7065));
#7065 = ORIENTED_EDGE('',*,*,#5245,.F.);
#7066 = ADVANCED_FACE('',(#7067,#7070,#7100,#7130,#7133,#7163),#5375,.T.
  );
#7067 = FACE_BOUND('',#7068,.T.);
#7068 = EDGE_LOOP('',(#7069));
#7069 = ORIENTED_EDGE('',*,*,#5360,.T.);
#7070 = FACE_BOUND('',#7071,.T.);
#7071 = EDGE_LOOP('',(#7072));
#7072 = ORIENTED_EDGE('',*,*,#7073,.T.);
#7073 = EDGE_CURVE('',#7074,#7074,#7076,.T.);
#7074 = VERTEX_POINT('',#7075);
#7075 = CARTESIAN_POINT('',(-30.2,-19.,7.));
#7076 = SURFACE_CURVE('',#7077,(#7082,#7093),.PCURVE_S1.);
#7077 = CIRCLE('',#7078,1.8);
#7078 = AXIS2_PLACEMENT_3D('',#7079,#7080,#7081);
#7079 = CARTESIAN_POINT('',(-32.,-19.,7.));
#7080 = DIRECTION('',(0.,0.,-1.));
#7081 = DIRECTION('',(1.,0.,0.));
#7082 = PCURVE('',#5375,#7083);
#7083 = DEFINITIONAL_REPRESENTATION('',(#7084),#7092);
#7084 = ( BOUNDED_CURVE() B_SPLINE_CURVE(2,(#7085,#7086,#7087,#7088,
#7089,#7090,#7091),.UNSPECIFIED.,.T.,.F.) B_SPLINE_CURVE_WITH_KNOTS((1,2
    ,2,2,2,1),(-2.094395102393,0.,2.094395102393,4.188790204786,
6.28318530718,8.377580409573),.UNSPECIFIED.) CURVE() 
GEOMETRIC_REPRESENTATION_ITEM() RATIONAL_B_SPLINE_CURVE((1.,0.5,1.,0.5,
1.,0.5,1.)) REPRESENTATION_ITEM('') );
#7085 = CARTESIAN_POINT('',(-31.48292941941,-19.));
#7086 = CARTESIAN_POINT('',(-31.48292941941,-22.11769145362));
#7087 = CARTESIAN_POINT('',(-34.18292941941,-20.55884572681));
#7088 = CARTESIAN_POINT('',(-36.88292941941,-19.));
#7089 = CARTESIAN_POINT('',(-34.18292941941,-17.44115427318));
#7090 = CARTESIAN_POINT('',(-31.48292941941,-15.88230854637));
#7091 = CARTESIAN_POINT('',(-31.48292941941,-19.));
#7092 = ( GEOMETRIC_REPRESENTATION_CONTEXT(2) 
PARAMETRIC_REPRESENTATION_CONTEXT() REPRESENTATION_CONTEXT('2D SPACE',''
  ) );
#7093 = PCURVE('',#5409,#7094);
#7094 = DEFINITIONAL_REPRESENTATION('',(#7095),#7099);
#7095 = LINE('',#7096,#7097);
#7096 = CARTESIAN_POINT('',(-6.28318530718,-4.));
#7097 = VECTOR('',#7098,1.);
#7098 = DIRECTION('',(1.,-0.));
#7099 = ( GEOMETRIC_REPRESENTATION_CONTEXT(2) 
PARAMETRIC_REPRESENTATION_CONTEXT() REPRESENTATION_CONTEXT('2D SPACE',''
  ) );
#7100 = FACE_BOUND('',#7101,.T.);
#7101 = EDGE_LOOP('',(#7102));
#7102 = ORIENTED_EDGE('',*,*,#7103,.T.);
#7103 = EDGE_CURVE('',#7104,#7104,#7106,.T.);
#7104 = VERTEX_POINT('',#7105);
#7105 = CARTESIAN_POINT('',(33.8,-19.,7.));
#7106 = SURFACE_CURVE('',#7107,(#7112,#7123),.PCURVE_S1.);
#7107 = CIRCLE('',#7108,1.8);
#7108 = AXIS2_PLACEMENT_3D('',#7109,#7110,#7111);
#7109 = CARTESIAN_POINT('',(32.,-19.,7.));
#7110 = DIRECTION('',(0.,0.,-1.));
#7111 = DIRECTION('',(1.,0.,0.));
#7112 = PCURVE('',#5375,#7113);
#7113 = DEFINITIONAL_REPRESENTATION('',(#7114),#7122);
#7114 = ( BOUNDED_CURVE() B_SPLINE_CURVE(2,(#7115,#7116,#7117,#7118,
#7119,#7120,#7121),.UNSPECIFIED.,.T.,.F.) B_SPLINE_CURVE_WITH_KNOTS((1,2
    ,2,2,2,1),(-2.094395102393,0.,2.094395102393,4.188790204786,
6.28318530718,8.377580409573),.UNSPECIFIED.) CURVE() 
GEOMETRIC_REPRESENTATION_ITEM() RATIONAL_B_SPLINE_CURVE((1.,0.5,1.,0.5,
1.,0.5,1.)) REPRESENTATION_ITEM('') );
#7115 = CARTESIAN_POINT('',(32.517070580583,-19.));
#7116 = CARTESIAN_POINT('',(32.517070580583,-22.11769145362));
#7117 = CARTESIAN_POINT('',(29.817070580583,-20.55884572681));
#7118 = CARTESIAN_POINT('',(27.117070580583,-19.));
#7119 = CARTESIAN_POINT('',(29.817070580583,-17.44115427318));
#7120 = CARTESIAN_POINT('',(32.517070580583,-15.88230854637));
#7121 = CARTESIAN_POINT('',(32.517070580583,-19.));
#7122 = ( GEOMETRIC_REPRESENTATION_CONTEXT(2) 
PARAMETRIC_REPRESENTATION_CONTEXT() REPRESENTATION_CONTEXT('2D SPACE',''
  ) );
#7123 = PCURVE('',#5464,#7124);
#7124 = DEFINITIONAL_REPRESENTATION('',(#7125),#7129);
#7125 = LINE('',#7126,#7127);
#7126 = CARTESIAN_POINT('',(-6.28318530718,-4.));
#7127 = VECTOR('',#7128,1.);
#7128 = DIRECTION('',(1.,-0.));
#7129 = ( GEOMETRIC_REPRESENTATION_CONTEXT(2) 
PARAMETRIC_REPRESENTATION_CONTEXT() REPRESENTATION_CONTEXT('2D SPACE',''
  ) );
#7130 = FACE_BOUND('',#7131,.T.);
#7131 = EDGE_LOOP('',(#7132));
#7132 = ORIENTED_EDGE('',*,*,#5691,.F.);
#7133 = FACE_BOUND('',#7134,.T.);
#7134 = EDGE_LOOP('',(#7135));
#7135 = ORIENTED_EDGE('',*,*,#7136,.T.);
#7136 = EDGE_CURVE('',#7137,#7137,#7139,.T.);
#7137 = VERTEX_POINT('',#7138);
#7138 = CARTESIAN_POINT('',(-30.2,19.,7.));
#7139 = SURFACE_CURVE('',#7140,(#7145,#7156),.PCURVE_S1.);
#7140 = CIRCLE('',#7141,1.8);
#7141 = AXIS2_PLACEMENT_3D('',#7142,#7143,#7144);
#7142 = CARTESIAN_POINT('',(-32.,19.,7.));
#7143 = DIRECTION('',(0.,0.,-1.));
#7144 = DIRECTION('',(1.,0.,0.));
#7145 = PCURVE('',#5375,#7146);
#7146 = DEFINITIONAL_REPRESENTATION('',(#7147),#7155);
#7147 = ( BOUNDED_CURVE() B_SPLINE_CURVE(2,(#7148,#7149,#7150,#7151,
#7152,#7153,#7154),.UNSPECIFIED.,.T.,.F.) B_SPLINE_CURVE_WITH_KNOTS((1,2
    ,2,2,2,1),(-2.094395102393,0.,2.094395102393,4.188790204786,
6.28318530718,8.377580409573),.UNSPECIFIED.) CURVE() 
GEOMETRIC_REPRESENTATION_ITEM() RATIONAL_B_SPLINE_CURVE((1.,0.5,1.,0.5,
1.,0.5,1.)) REPRESENTATION_ITEM('') );
#7148 = CARTESIAN_POINT('',(-31.48292941941,19.));
#7149 = CARTESIAN_POINT('',(-31.48292941941,15.882308546376));
#7150 = CARTESIAN_POINT('',(-34.18292941941,17.441154273188));
#7151 = CARTESIAN_POINT('',(-36.88292941941,19.));
#7152 = CARTESIAN_POINT('',(-34.18292941941,20.558845726812));
#7153 = CARTESIAN_POINT('',(-31.48292941941,22.117691453624));
#7154 = CARTESIAN_POINT('',(-31.48292941941,19.));
#7155 = ( GEOMETRIC_REPRESENTATION_CONTEXT(2) 
PARAMETRIC_REPRESENTATION_CONTEXT() REPRESENTATION_CONTEXT('2D SPACE',''
  ) );
#7156 = PCURVE('',#5519,#7157);
#7157 = DEFINITIONAL_REPRESENTATION('',(#7158),#7162);
#7158 = LINE('',#7159,#7160);
#7159 = CARTESIAN_POINT('',(-6.28318530718,-4.));
#7160 = VECTOR('',#7161,1.);
#7161 = DIRECTION('',(1.,-0.));
#7162 = ( GEOMETRIC_REPRESENTATION_CONTEXT(2) 
PARAMETRIC_REPRESENTATION_CONTEXT() REPRESENTATION_CONTEXT('2D SPACE',''
  ) );
#7163 = FACE_BOUND('',#7164,.T.);
#7164 = EDGE_LOOP('',(#7165));
#7165 = ORIENTED_EDGE('',*,*,#7166,.T.);
#7166 = EDGE_CURVE('',#7167,#7167,#7169,.T.);
#7167 = VERTEX_POINT('',#7168);
#7168 = CARTESIAN_POINT('',(33.8,19.,7.));
#7169 = SURFACE_CURVE('',#7170,(#7175,#7186),.PCURVE_S1.);
#7170 = CIRCLE('',#7171,1.8);
#7171 = AXIS2_PLACEMENT_3D('',#7172,#7173,#7174);
#7172 = CARTESIAN_POINT('',(32.,19.,7.));
#7173 = DIRECTION('',(0.,0.,-1.));
#7174 = DIRECTION('',(1.,0.,0.));
#7175 = PCURVE('',#5375,#7176);
#7176 = DEFINITIONAL_REPRESENTATION('',(#7177),#7185);
#7177 = ( BOUNDED_CURVE() B_SPLINE_CURVE(2,(#7178,#7179,#7180,#7181,
#7182,#7183,#7184),.UNSPECIFIED.,.T.,.F.) B_SPLINE_CURVE_WITH_KNOTS((1,2
    ,2,2,2,1),(-2.094395102393,0.,2.094395102393,4.188790204786,
6.28318530718,8.377580409573),.UNSPECIFIED.) CURVE() 
GEOMETRIC_REPRESENTATION_ITEM() RATIONAL_B_SPLINE_CURVE((1.,0.5,1.,0.5,
1.,0.5,1.)) REPRESENTATION_ITEM('') );
#7178 = CARTESIAN_POINT('',(32.517070580583,19.));
#7179 = CARTESIAN_POINT('',(32.517070580583,15.882308546376));
#7180 = CARTESIAN_POINT('',(29.817070580583,17.441154273188));
#7181 = CARTESIAN_POINT('',(27.117070580583,19.));
#7182 = CARTESIAN_POINT('',(29.817070580583,20.558845726812));
#7183 = CARTESIAN_POINT('',(32.517070580583,22.117691453624));
#7184 = CARTESIAN_POINT('',(32.517070580583,19.));
#7185 = ( GEOMETRIC_REPRESENTATION_CONTEXT(2) 
PARAMETRIC_REPRESENTATION_CONTEXT() REPRESENTATION_CONTEXT('2D SPACE',''
  ) );
#7186 = PCURVE('',#5574,#7187);
#7187 = DEFINITIONAL_REPRESENTATION('',(#7188),#7192);
#7188 = LINE('',#7189,#7190);
#7189 = CARTESIAN_POINT('',(-6.28318530718,-4.));
#7190 = VECTOR('',#7191,1.);
#7191 = DIRECTION('',(1.,-0.));
#7192 = ( GEOMETRIC_REPRESENTATION_CONTEXT(2) 
PARAMETRIC_REPRESENTATION_CONTEXT() REPRESENTATION_CONTEXT('2D SPACE',''
  ) );
#7193 = ADVANCED_FACE('',(#7194),#5409,.F.);
#7194 = FACE_BOUND('',#7195,.T.);
#7195 = EDGE_LOOP('',(#7196,#7197,#7218,#7219));
#7196 = ORIENTED_EDGE('',*,*,#5392,.F.);
#7197 = ORIENTED_EDGE('',*,*,#7198,.T.);
#7198 = EDGE_CURVE('',#5393,#7074,#7199,.T.);
#7199 = SEAM_CURVE('',#7200,(#7204,#7211),.PCURVE_S1.);
#7200 = LINE('',#7201,#7202);
#7201 = CARTESIAN_POINT('',(-30.2,-19.,3.));
#7202 = VECTOR('',#7203,1.);
#7203 = DIRECTION('',(0.,0.,1.));
#7204 = PCURVE('',#5409,#7205);
#7205 = DEFINITIONAL_REPRESENTATION('',(#7206),#7210);
#7206 = LINE('',#7207,#7208);
#7207 = CARTESIAN_POINT('',(-6.28318530718,0.));
#7208 = VECTOR('',#7209,1.);
#7209 = DIRECTION('',(-0.,-1.));
#7210 = ( GEOMETRIC_REPRESENTATION_CONTEXT(2) 
PARAMETRIC_REPRESENTATION_CONTEXT() REPRESENTATION_CONTEXT('2D SPACE',''
  ) );
#7211 = PCURVE('',#5409,#7212);
#7212 = DEFINITIONAL_REPRESENTATION('',(#7213),#7217);
#7213 = LINE('',#7214,#7215);
#7214 = CARTESIAN_POINT('',(-0.,0.));
#7215 = VECTOR('',#7216,1.);
#7216 = DIRECTION('',(-0.,-1.));
#7217 = ( GEOMETRIC_REPRESENTATION_CONTEXT(2) 
PARAMETRIC_REPRESENTATION_CONTEXT() REPRESENTATION_CONTEXT('2D SPACE',''
  ) );
#7218 = ORIENTED_EDGE('',*,*,#7073,.F.);
#7219 = ORIENTED_EDGE('',*,*,#7198,.F.);
#7220 = ADVANCED_FACE('',(#7221),#5464,.F.);
#7221 = FACE_BOUND('',#7222,.T.);
#7222 = EDGE_LOOP('',(#7223,#7224,#7245,#7246));
#7223 = ORIENTED_EDGE('',*,*,#5447,.F.);
#7224 = ORIENTED_EDGE('',*,*,#7225,.T.);
#7225 = EDGE_CURVE('',#5448,#7104,#7226,.T.);
#7226 = SEAM_CURVE('',#7227,(#7231,#7238),.PCURVE_S1.);
#7227 = LINE('',#7228,#7229);
#7228 = CARTESIAN_POINT('',(33.8,-19.,3.));
#7229 = VECTOR('',#7230,1.);
#7230 = DIRECTION('',(0.,0.,1.));
#7231 = PCURVE('',#5464,#7232);
#7232 = DEFINITIONAL_REPRESENTATION('',(#7233),#7237);
#7233 = LINE('',#7234,#7235);
#7234 = CARTESIAN_POINT('',(-6.28318530718,0.));
#7235 = VECTOR('',#7236,1.);
#7236 = DIRECTION('',(-0.,-1.));
#7237 = ( GEOMETRIC_REPRESENTATION_CONTEXT(2) 
PARAMETRIC_REPRESENTATION_CONTEXT() REPRESENTATION_CONTEXT('2D SPACE',''
  ) );
#7238 = PCURVE('',#5464,#7239);
#7239 = DEFINITIONAL_REPRESENTATION('',(#7240),#7244);
#7240 = LINE('',#7241,#7242);
#7241 = CARTESIAN_POINT('',(-0.,0.));
#7242 = VECTOR('',#7243,1.);
#7243 = DIRECTION('',(-0.,-1.));
#7244 = ( GEOMETRIC_REPRESENTATION_CONTEXT(2) 
PARAMETRIC_REPRESENTATION_CONTEXT() REPRESENTATION_CONTEXT('2D SPACE',''
  ) );
#7245 = ORIENTED_EDGE('',*,*,#7103,.F.);
#7246 = ORIENTED_EDGE('',*,*,#7225,.F.);
#7247 = ADVANCED_FACE('',(#7248),#5519,.F.);
#7248 = FACE_BOUND('',#7249,.T.);
#7249 = EDGE_LOOP('',(#7250,#7251,#7272,#7273));
#7250 = ORIENTED_EDGE('',*,*,#5502,.F.);
#7251 = ORIENTED_EDGE('',*,*,#7252,.T.);
#7252 = EDGE_CURVE('',#5503,#7137,#7253,.T.);
#7253 = SEAM_CURVE('',#7254,(#7258,#7265),.PCURVE_S1.);
#7254 = LINE('',#7255,#7256);
#7255 = CARTESIAN_POINT('',(-30.2,19.,3.));
#7256 = VECTOR('',#7257,1.);
#7257 = DIRECTION('',(0.,0.,1.));
#7258 = PCURVE('',#5519,#7259);
#7259 = DEFINITIONAL_REPRESENTATION('',(#7260),#7264);
#7260 = LINE('',#7261,#7262);
#7261 = CARTESIAN_POINT('',(-6.28318530718,0.));
#7262 = VECTOR('',#7263,1.);
#7263 = DIRECTION('',(-0.,-1.));
#7264 = ( GEOMETRIC_REPRESENTATION_CONTEXT(2) 
PARAMETRIC_REPRESENTATION_CONTEXT() REPRESENTATION_CONTEXT('2D SPACE',''
  ) );
#7265 = PCURVE('',#5519,#7266);
#7266 = DEFINITIONAL_REPRESENTATION('',(#7267),#7271);
#7267 = LINE('',#7268,#7269);
#7268 = CARTESIAN_POINT('',(-0.,0.));
#7269 = VECTOR('',#7270,1.);
#7270 = DIRECTION('',(-0.,-1.));
#7271 = ( GEOMETRIC_REPRESENTATION_CONTEXT(2) 
PARAMETRIC_REPRESENTATION_CONTEXT() REPRESENTATION_CONTEXT('2D SPACE',''
  ) );
#7272 = ORIENTED_EDGE('',*,*,#7136,.F.);
#7273 = ORIENTED_EDGE('',*,*,#7252,.F.);
#7274 = ADVANCED_FACE('',(#7275),#5574,.F.);
#7275 = FACE_BOUND('',#7276,.T.);
#7276 = EDGE_LOOP('',(#7277,#7278,#7299,#7300));
#7277 = ORIENTED_EDGE('',*,*,#5557,.F.);
#7278 = ORIENTED_EDGE('',*,*,#7279,.T.);
#7279 = EDGE_CURVE('',#5558,#7167,#7280,.T.);
#7280 = SEAM_CURVE('',#7281,(#7285,#7292),.PCURVE_S1.);
#7281 = LINE('',#7282,#7283);
#7282 = CARTESIAN_POINT('',(33.8,19.,3.));
#7283 = VECTOR('',#7284,1.);
#7284 = DIRECTION('',(0.,0.,1.));
#7285 = PCURVE('',#5574,#7286);
#7286 = DEFINITIONAL_REPRESENTATION('',(#7287),#7291);
#7287 = LINE('',#7288,#7289);
#7288 = CARTESIAN_POINT('',(-6.28318530718,0.));
#7289 = VECTOR('',#7290,1.);
#7290 = DIRECTION('',(-0.,-1.));
#7291 = ( GEOMETRIC_REPRESENTATION_CONTEXT(2) 
PARAMETRIC_REPRESENTATION_CONTEXT() REPRESENTATION_CONTEXT('2D SPACE',''
  ) );
#7292 = PCURVE('',#5574,#7293);
#7293 = DEFINITIONAL_REPRESENTATION('',(#7294),#7298);
#7294 = LINE('',#7295,#7296);
#7295 = CARTESIAN_POINT('',(-0.,0.));
#7296 = VECTOR('',#7297,1.);
#7297 = DIRECTION('',(-0.,-1.));
#7298 = ( GEOMETRIC_REPRESENTATION_CONTEXT(2) 
PARAMETRIC_REPRESENTATION_CONTEXT() REPRESENTATION_CONTEXT('2D SPACE',''
  ) );
#7299 = ORIENTED_EDGE('',*,*,#7166,.F.);
#7300 = ORIENTED_EDGE('',*,*,#7279,.F.);
#7301 = ADVANCED_FACE('',(#7302),#6247,.F.);
#7302 = FACE_BOUND('',#7303,.F.);
#7303 = EDGE_LOOP('',(#7304,#7325,#7326,#7327,#7348));
#7304 = ORIENTED_EDGE('',*,*,#7305,.F.);
#7305 = EDGE_CURVE('',#7004,#6387,#7306,.T.);
#7306 = SURFACE_CURVE('',#7307,(#7311,#7318),.PCURVE_S1.);
#7307 = LINE('',#7308,#7309);
#7308 = CARTESIAN_POINT('',(-1.5,-50.,-82.));
#7309 = VECTOR('',#7310,1.);
#7310 = DIRECTION('',(0.,0.,1.));
#7311 = PCURVE('',#6247,#7312);
#7312 = DEFINITIONAL_REPRESENTATION('',(#7313),#7317);
#7313 = LINE('',#7314,#7315);
#7314 = CARTESIAN_POINT('',(0.,0.));
#7315 = VECTOR('',#7316,1.);
#7316 = DIRECTION('',(1.,0.));
#7317 = ( GEOMETRIC_REPRESENTATION_CONTEXT(2) 
PARAMETRIC_REPRESENTATION_CONTEXT() REPRESENTATION_CONTEXT('2D SPACE',''
  ) );
#7318 = PCURVE('',#6410,#7319);
#7319 = DEFINITIONAL_REPRESENTATION('',(#7320),#7324);
#7320 = LINE('',#7321,#7322);
#7321 = CARTESIAN_POINT('',(0.,0.));
#7322 = VECTOR('',#7323,1.);
#7323 = DIRECTION('',(1.,0.));
#7324 = ( GEOMETRIC_REPRESENTATION_CONTEXT(2) 
PARAMETRIC_REPRESENTATION_CONTEXT() REPRESENTATION_CONTEXT('2D SPACE',''
  ) );
#7325 = ORIENTED_EDGE('',*,*,#7003,.F.);
#7326 = ORIENTED_EDGE('',*,*,#6077,.T.);
#7327 = ORIENTED_EDGE('',*,*,#7328,.F.);
#7328 = EDGE_CURVE('',#6426,#6044,#7329,.T.);
#7329 = SURFACE_CURVE('',#7330,(#7334,#7341),.PCURVE_S1.);
#7330 = LINE('',#7331,#7332);
#7331 = CARTESIAN_POINT('',(-1.5,-50.,-10.));
#7332 = VECTOR('',#7333,1.);
#7333 = DIRECTION('',(0.,1.,0.));
#7334 = PCURVE('',#6247,#7335);
#7335 = DEFINITIONAL_REPRESENTATION('',(#7336),#7340);
#7336 = LINE('',#7337,#7338);
#7337 = CARTESIAN_POINT('',(72.,0.));
#7338 = VECTOR('',#7339,1.);
#7339 = DIRECTION('',(0.,-1.));
#7340 = ( GEOMETRIC_REPRESENTATION_CONTEXT(2) 
PARAMETRIC_REPRESENTATION_CONTEXT() REPRESENTATION_CONTEXT('2D SPACE',''
  ) );
#7341 = PCURVE('',#6063,#7342);
#7342 = DEFINITIONAL_REPRESENTATION('',(#7343),#7347);
#7343 = LINE('',#7344,#7345);
#7344 = CARTESIAN_POINT('',(0.,0.));
#7345 = VECTOR('',#7346,1.);
#7346 = DIRECTION('',(0.,1.));
#7347 = ( GEOMETRIC_REPRESENTATION_CONTEXT(2) 
PARAMETRIC_REPRESENTATION_CONTEXT() REPRESENTATION_CONTEXT('2D SPACE',''
  ) );
#7348 = ORIENTED_EDGE('',*,*,#6425,.F.);
#7349 = ADVANCED_FACE('',(#7350),#6063,.T.);
#7350 = FACE_BOUND('',#7351,.T.);
#7351 = EDGE_LOOP('',(#7352,#7353,#7354,#7375));
#7352 = ORIENTED_EDGE('',*,*,#7328,.F.);
#7353 = ORIENTED_EDGE('',*,*,#6697,.F.);
#7354 = ORIENTED_EDGE('',*,*,#7355,.T.);
#7355 = EDGE_CURVE('',#6698,#5785,#7356,.T.);
#7356 = SURFACE_CURVE('',#7357,(#7361,#7368),.PCURVE_S1.);
#7357 = LINE('',#7358,#7359);
#7358 = CARTESIAN_POINT('',(1.5,-50.,-10.));
#7359 = VECTOR('',#7360,1.);
#7360 = DIRECTION('',(0.,1.,0.));
#7361 = PCURVE('',#6063,#7362);
#7362 = DEFINITIONAL_REPRESENTATION('',(#7363),#7367);
#7363 = LINE('',#7364,#7365);
#7364 = CARTESIAN_POINT('',(3.,0.));
#7365 = VECTOR('',#7366,1.);
#7366 = DIRECTION('',(0.,1.));
#7367 = ( GEOMETRIC_REPRESENTATION_CONTEXT(2) 
PARAMETRIC_REPRESENTATION_CONTEXT() REPRESENTATION_CONTEXT('2D SPACE',''
  ) );
#7368 = PCURVE('',#5954,#7369);
#7369 = DEFINITIONAL_REPRESENTATION('',(#7370),#7374);
#7370 = LINE('',#7371,#7372);
#7371 = CARTESIAN_POINT('',(72.,0.));
#7372 = VECTOR('',#7373,1.);
#7373 = DIRECTION('',(0.,-1.));
#7374 = ( GEOMETRIC_REPRESENTATION_CONTEXT(2) 
PARAMETRIC_REPRESENTATION_CONTEXT() REPRESENTATION_CONTEXT('2D SPACE',''
  ) );
#7375 = ORIENTED_EDGE('',*,*,#6043,.F.);
#7376 = ADVANCED_FACE('',(#7377),#5954,.T.);
#7377 = FACE_BOUND('',#7378,.T.);
#7378 = EDGE_LOOP('',(#7379,#7400,#7401,#7402,#7403));
#7379 = ORIENTED_EDGE('',*,*,#7380,.F.);
#7380 = EDGE_CURVE('',#7025,#6389,#7381,.T.);
#7381 = SURFACE_CURVE('',#7382,(#7386,#7393),.PCURVE_S1.);
#7382 = LINE('',#7383,#7384);
#7383 = CARTESIAN_POINT('',(1.5,-50.,-82.));
#7384 = VECTOR('',#7385,1.);
#7385 = DIRECTION('',(0.,0.,1.));
#7386 = PCURVE('',#5954,#7387);
#7387 = DEFINITIONAL_REPRESENTATION('',(#7388),#7392);
#7388 = LINE('',#7389,#7390);
#7389 = CARTESIAN_POINT('',(0.,0.));
#7390 = VECTOR('',#7391,1.);
#7391 = DIRECTION('',(1.,0.));
#7392 = ( GEOMETRIC_REPRESENTATION_CONTEXT(2) 
PARAMETRIC_REPRESENTATION_CONTEXT() REPRESENTATION_CONTEXT('2D SPACE',''
  ) );
#7393 = PCURVE('',#6410,#7394);
#7394 = DEFINITIONAL_REPRESENTATION('',(#7395),#7399);
#7395 = LINE('',#7396,#7397);
#7396 = CARTESIAN_POINT('',(0.,3.));
#7397 = VECTOR('',#7398,1.);
#7398 = DIRECTION('',(1.,0.));
#7399 = ( GEOMETRIC_REPRESENTATION_CONTEXT(2) 
PARAMETRIC_REPRESENTATION_CONTEXT() REPRESENTATION_CONTEXT('2D SPACE',''
  ) );
#7400 = ORIENTED_EDGE('',*,*,#7045,.F.);
#7401 = ORIENTED_EDGE('',*,*,#5784,.T.);
#7402 = ORIENTED_EDGE('',*,*,#7355,.F.);
#7403 = ORIENTED_EDGE('',*,*,#6726,.F.);
#7404 = ADVANCED_FACE('',(#7405),#6410,.F.);
#7405 = FACE_BOUND('',#7406,.F.);
#7406 = EDGE_LOOP('',(#7407,#7408,#7409,#7410));
#7407 = ORIENTED_EDGE('',*,*,#7380,.F.);
#7408 = ORIENTED_EDGE('',*,*,#7024,.F.);
#7409 = ORIENTED_EDGE('',*,*,#7305,.T.);
#7410 = ORIENTED_EDGE('',*,*,#6386,.T.);
#7411 = ( GEOMETRIC_REPRESENTATION_CONTEXT(3) 
GLOBAL_UNCERTAINTY_ASSIGNED_CONTEXT((#7415)) 
GLOBAL_UNIT_ASSIGNED_CONTEXT((#7412,#7413,#7414)) REPRESENTATION_CONTEXT
('Context #1','3D Context with UNIT and UNCERTAINTY') );
#7412 = ( LENGTH_UNIT() NAMED_UNIT(*) SI_UNIT(.MILLI.,.METRE.) );
#7413 = ( NAMED_UNIT(*) PLANE_ANGLE_UNIT() SI_UNIT($,.RADIAN.) );
#7414 = ( NAMED_UNIT(*) SI_UNIT($,.STERADIAN.) SOLID_ANGLE_UNIT() );
#7415 = UNCERTAINTY_MEASURE_WITH_UNIT(LENGTH_MEASURE(2.E-06),#7412,
  'distance_accuracy_value','confusion accuracy');
#7416 = PRODUCT_RELATED_PRODUCT_CATEGORY('part',$,(#7));
ENDSEC;
END-ISO-10303-21;
