ISO-10303-21;
HEADER;
FILE_DESCRIPTION(('Open CASCADE Model'),'2;1');
FILE_NAME('Open CASCADE Shape Model','2026-08-16T17:29:09',('Author'),(
    'Open CASCADE'),'Open CASCADE STEP processor 7.9','Open CASCADE 7.9'
  ,'Unknown');
FILE_SCHEMA(('AUTOMOTIVE_DESIGN { 1 0 10303 214 1 1 1 1 }'));
ENDSEC;
DATA;
#1 = APPLICATION_PROTOCOL_DEFINITION('international standard',
  'automotive_design',2000,#2);
#2 = APPLICATION_CONTEXT(
  'core data for automotive mechanical design processes');
#3 = SHAPE_DEFINITION_REPRESENTATION(#4,#10);
#4 = PRODUCT_DEFINITION_SHAPE('','',#5);
#5 = PRODUCT_DEFINITION('design','',#6,#9);
#6 = PRODUCT_DEFINITION_FORMATION('','',#7);
#7 = PRODUCT('Open CASCADE STEP translator 7.9 4',
  'Open CASCADE STEP translator 7.9 4','',(#8));
#8 = PRODUCT_CONTEXT('',#2,'mechanical');
#9 = PRODUCT_DEFINITION_CONTEXT('part definition',#2,'design');
#10 = ADVANCED_BREP_SHAPE_REPRESENTATION('',(#11,#15),#1588);
#11 = AXIS2_PLACEMENT_3D('',#12,#13,#14);
#12 = CARTESIAN_POINT('',(0.,0.,0.));
#13 = DIRECTION('',(0.,0.,1.));
#14 = DIRECTION('',(1.,0.,-0.));
#15 = MANIFOLD_SOLID_BREP('',#16);
#16 = CLOSED_SHELL('',(#17,#855,#946,#1214,#1269,#1581));
#17 = ADVANCED_FACE('',(#18),#32,.T.);
#18 = FACE_BOUND('',#19,.T.);
#19 = EDGE_LOOP('',(#20,#55,#451,#479));
#20 = ORIENTED_EDGE('',*,*,#21,.T.);
#21 = EDGE_CURVE('',#22,#24,#26,.T.);
#22 = VERTEX_POINT('',#23);
#23 = CARTESIAN_POINT('',(-11.46503423446,-11.23603911356,
    -102.6780144539));
#24 = VERTEX_POINT('',#25);
#25 = CARTESIAN_POINT('',(-11.46503423446,-39.47602364136,
    -102.6780144539));
#26 = SURFACE_CURVE('',#27,(#31,#43),.PCURVE_S1.);
#27 = LINE('',#28,#29);
#28 = CARTESIAN_POINT('',(-11.46503423446,45.,-102.6780144539));
#29 = VECTOR('',#30,1.);
#30 = DIRECTION('',(0.,-1.,0.));
#31 = PCURVE('',#32,#37);
#32 = PLANE('',#33);
#33 = AXIS2_PLACEMENT_3D('',#34,#35,#36);
#34 = CARTESIAN_POINT('',(-11.46503423446,0.,-102.6780144539));
#35 = DIRECTION('',(-0.976689489641,0.,0.21465703069));
#36 = DIRECTION('',(0.21465703069,0.,0.976689489641));
#37 = DEFINITIONAL_REPRESENTATION('',(#38),#42);
#38 = LINE('',#39,#40);
#39 = CARTESIAN_POINT('',(0.,45.));
#40 = VECTOR('',#41,1.);
#41 = DIRECTION('',(0.,-1.));
#42 = ( GEOMETRIC_REPRESENTATION_CONTEXT(2) 
PARAMETRIC_REPRESENTATION_CONTEXT() REPRESENTATION_CONTEXT('2D SPACE',''
  ) );
#43 = PCURVE('',#44,#49);
#44 = PLANE('',#45);
#45 = AXIS2_PLACEMENT_3D('',#46,#47,#48);
#46 = CARTESIAN_POINT('',(-8.534965765538,0.,-103.321985546));
#47 = DIRECTION('',(-0.21465703069,-0.,-0.976689489641));
#48 = DIRECTION('',(-0.976689489641,0.,0.21465703069));
#49 = DEFINITIONAL_REPRESENTATION('',(#50),#54);
#50 = LINE('',#51,#52);
#51 = CARTESIAN_POINT('',(3.,45.));
#52 = VECTOR('',#53,1.);
#53 = DIRECTION('',(0.,-1.));
#54 = ( GEOMETRIC_REPRESENTATION_CONTEXT(2) 
PARAMETRIC_REPRESENTATION_CONTEXT() REPRESENTATION_CONTEXT('2D SPACE',''
  ) );
#55 = ORIENTED_EDGE('',*,*,#56,.T.);
#56 = EDGE_CURVE('',#24,#57,#59,.T.);
#57 = VERTEX_POINT('',#58);
#58 = CARTESIAN_POINT('',(8.534965765538,-27.24318260863,-11.67801445396
    ));
#59 = SURFACE_CURVE('',#60,(#153,#249),.PCURVE_S1.);
#60 = B_SPLINE_CURVE_WITH_KNOTS('',7,(#61,#62,#63,#64,#65,#66,#67,#68,
    #69,#70,#71,#72,#73,#74,#75,#76,#77,#78,#79,#80,#81,#82,#83,#84,#85,
    #86,#87,#88,#89,#90,#91,#92,#93,#94,#95,#96,#97,#98,#99,#100,#101,
    #102,#103,#104,#105,#106,#107,#108,#109,#110,#111,#112,#113,#114,
    #115,#116,#117,#118,#119,#120,#121,#122,#123,#124,#125,#126,#127,
    #128,#129,#130,#131,#132,#133,#134,#135,#136,#137,#138,#139,#140,
    #141,#142,#143,#144,#145,#146,#147,#148,#149,#150,#151,#152),
  .UNSPECIFIED.,.F.,.F.,(8,6,6,6,6,6,6,6,6,6,6,6,6,6,6,8),(0.,
    9.47126683035E-02,0.166920039611,0.211682426862,0.247955876053,
    0.284315566342,0.370724207519,0.513092807191,0.540042383524,
    0.566915890636,0.596163157802,0.714166775981,0.760607723006,
    0.902051414732,0.938623295602,1.),.UNSPECIFIED.);
#61 = CARTESIAN_POINT('',(-11.46503423446,-39.47602364136,
    -102.6780144539));
#62 = CARTESIAN_POINT('',(-11.19305238792,-39.59519701827,
    -101.4404970522));
#63 = CARTESIAN_POINT('',(-10.91992777741,-39.64960885842,
    -100.1977800743));
#64 = CARTESIAN_POINT('',(-10.64645714973,-39.65215408028,
    -98.95348871843));
#65 = CARTESIAN_POINT('',(-10.3731838469,-39.61323607364,-97.71009519056
    ));
#66 = CARTESIAN_POINT('',(-10.1003976246,-39.54125554838,-96.46891787911
    ));
#67 = CARTESIAN_POINT('',(-9.828131294867,-39.44280428084,
    -95.23010607881));
#68 = CARTESIAN_POINT('',(-9.34881298792,-39.23173753408,-93.04920778219
    ));
#69 = CARTESIAN_POINT('',(-9.141723637099,-39.12808417198,
    -92.10695123596));
#70 = CARTESIAN_POINT('',(-8.934871785698,-39.01441940906,
    -91.16577531209));
#71 = CARTESIAN_POINT('',(-8.728235995176,-38.89265270399,
    -90.22558246521));
#72 = CARTESIAN_POINT('',(-8.521790545732,-38.76436670473,
    -89.28625567024));
#73 = CARTESIAN_POINT('',(-8.315503573129,-38.63088715313,-88.3476499449
    ));
#74 = CARTESIAN_POINT('',(-7.981529771911,-38.40804281342,
    -86.82806914935));
#75 = CARTESIAN_POINT('',(-7.85377189165,-38.32119555374,-86.24677079417
    ));
#76 = CARTESIAN_POINT('',(-7.726055010971,-38.23304509296,
    -85.66565898708));
#77 = CARTESIAN_POINT('',(-7.598372383125,-38.1438267086,-85.08470303038
    ));
#78 = CARTESIAN_POINT('',(-7.470717765202,-38.05374904091,
    -84.50387451883));
#79 = CARTESIAN_POINT('',(-7.343085312074,-37.9629974025,-83.9231468571)
  );
#80 = CARTESIAN_POINT('',(-7.112055264036,-37.79778378521,
    -82.87196013853));
#81 = CARTESIAN_POINT('',(-7.008652072787,-37.72349649288,
    -82.40147561834));
#82 = CARTESIAN_POINT('',(-6.90525703111,-37.64896306514,-81.93102817871
    ));
#83 = CARTESIAN_POINT('',(-6.801867540348,-37.57426270255,
    -81.46060599574));
#84 = CARTESIAN_POINT('',(-6.698481243975,-37.49946669494,
    -80.99019834725));
#85 = CARTESIAN_POINT('',(-6.595096002879,-37.42463916427,
    -80.51979550026));
#86 = CARTESIAN_POINT('',(-6.388077935112,-37.2748586084,-79.57786329192
    ));
#87 = CARTESIAN_POINT('',(-6.284445122644,-37.19990571762,
    -79.10633399519));
#88 = CARTESIAN_POINT('',(-6.180809491419,-37.12503718958,
    -78.63479187312));
#89 = CARTESIAN_POINT('',(-6.077169329313,-37.0503045925,-78.16322913553
    ));
#90 = CARTESIAN_POINT('',(-5.973523136487,-36.97575353229,
    -77.69163895818));
#91 = CARTESIAN_POINT('',(-5.869869607965,-36.90142417651,-77.2200154034
    ));
#92 = CARTESIAN_POINT('',(-5.519855356949,-36.6513190558,-75.62745056128
    ));
#93 = CARTESIAN_POINT('',(-5.273455128125,-36.47673743786,
    -74.50632952013));
#94 = CARTESIAN_POINT('',(-5.026992187893,-36.30407981322,
    -73.38492314207));
#95 = CARTESIAN_POINT('',(-4.780457233222,-36.13366110887,
    -72.26318909832));
#96 = CARTESIAN_POINT('',(-4.533845389051,-35.96566990475,
    -71.14110520734));
#97 = CARTESIAN_POINT('',(-4.28715544871,-35.80019221004,-70.01866597879
    ));
#98 = CARTESIAN_POINT('',(-3.633812647962,-35.36872333323,
    -67.04595623539));
#99 = CARTESIAN_POINT('',(-3.227027623863,-35.10704042159,
    -65.19508437574));
#100 = CARTESIAN_POINT('',(-2.820043040331,-34.85217392832,
    -63.34330452067));
#101 = CARTESIAN_POINT('',(-2.412883074412,-34.60348986636,
    -61.49072667574));
#102 = CARTESIAN_POINT('',(-2.005582018878,-34.35991211204,
    -59.63750687306));
#103 = CARTESIAN_POINT('',(-1.598179910587,-34.12007730514,
    -57.78382728033));
#104 = CARTESIAN_POINT('',(-1.11358905873,-33.83747744895,
    -55.57893890438));
#105 = CARTESIAN_POINT('',(-1.036456885648,-33.79257675047,
    -55.22798751686));
#106 = CARTESIAN_POINT('',(-0.95932286536,-33.74774504973,
    -54.87702772455));
#107 = CARTESIAN_POINT('',(-0.882187283394,-33.70297180798,
    -54.5260608266));
#108 = CARTESIAN_POINT('',(-0.805050427674,-33.65824633914,
    -54.17508813308));
#109 = CARTESIAN_POINT('',(-0.727912588521,-33.6135578098,
    -53.82411096493));
#110 = CARTESIAN_POINT('',(-0.573853263851,-33.52435873549,
    -53.12314103768));
#111 = CARTESIAN_POINT('',(-0.496931782032,-33.4798480802,
    -52.77314829541));
#112 = CARTESIAN_POINT('',(-0.420009903383,-33.43535238443,
    -52.42315374755));
#113 = CARTESIAN_POINT('',(-0.343087919151,-33.39086072092,
    -52.0731587193));
#114 = CARTESIAN_POINT('',(-0.266166121645,-33.34636212409,
    -51.72316454065));
#115 = CARTESIAN_POINT('',(-0.189244804236,-33.30184559004,
    -51.37317254643));
#116 = CARTESIAN_POINT('',(-2.86092605872E-02,-33.20881981946,
    -50.64228082283));
#117 = CARTESIAN_POINT('',(5.51048230534E-02,-33.1603052876,
    -50.26138174227));
#118 = CARTESIAN_POINT('',(0.138817609808,-33.11174223468,
    -49.88048856253));
#119 = CARTESIAN_POINT('',(0.222528720388,-33.06311652307,-49.4996030094
    ));
#120 = CARTESIAN_POINT('',(0.306237775976,-33.01441412381,
    -49.11872680647));
#121 = CARTESIAN_POINT('',(0.389944398231,-32.96562111662,
    -48.73786167521));
#122 = CARTESIAN_POINT('',(0.811367029415,-32.71943779506,
    -46.82038870332));
#123 = CARTESIAN_POINT('',(1.149040126883,-32.52045240571,
    -45.28397610984));
#124 = CARTESIAN_POINT('',(1.48664288873,-32.31886549717,-43.74788354344
    ));
#125 = CARTESIAN_POINT('',(1.824150587913,-32.11382463094,
    -42.21222351215));
#126 = CARTESIAN_POINT('',(2.16154025869,-31.90459386606,-40.67710051012
    ));
#127 = CARTESIAN_POINT('',(2.498792220455,-31.69060839818,
    -39.14260408409));
#128 = CARTESIAN_POINT('',(2.968558353101,-31.38529232134,
    -37.00516818055));
#129 = CARTESIAN_POINT('',(3.10120179349,-31.29827697466,-36.40164052678
    ));
#130 = CARTESIAN_POINT('',(3.23382063701,-31.2104490903,-35.79822478876)
  );
#131 = CARTESIAN_POINT('',(3.366414104644,-31.12179236837,
    -35.19492451103));
#132 = CARTESIAN_POINT('',(3.498981572541,-31.03229600546,-34.5917425321
    ));
#133 = CARTESIAN_POINT('',(3.631522572022,-30.94195469463,
    -33.98868098446));
#134 = CARTESIAN_POINT('',(4.167631060103,-30.5730461611,-31.54938736369
    ));
#135 = CARTESIAN_POINT('',(4.57097898914,-30.28748732735,-29.71415428657
    ));
#136 = CARTESIAN_POINT('',(4.974068813623,-29.99410813852,
    -27.88009558518));
#137 = CARTESIAN_POINT('',(5.376909194869,-29.69342086531,
    -26.04717185051));
#138 = CARTESIAN_POINT('',(5.779531047622,-29.38648774492,
    -24.21524242048));
#139 = CARTESIAN_POINT('',(6.181986238199,-29.07488338282,
    -22.38407130335));
#140 = CARTESIAN_POINT('',(6.688386060555,-28.67955366057,
    -20.07995211163));
#141 = CARTESIAN_POINT('',(6.792415842503,-28.59816866951,
    -19.60661660377));
#142 = CARTESIAN_POINT('',(6.896440927479,-28.51665324394,
    -19.13330246713));
#143 = CARTESIAN_POINT('',(7.000462752763,-28.43504742928,
    -18.66000316209));
#144 = CARTESIAN_POINT('',(7.104482863589,-28.35339410107,
    -18.18671165783));
#145 = CARTESIAN_POINT('',(7.208502913145,-28.27173896499,
    -17.71342043235));
#146 = CARTESIAN_POINT('',(7.487099008036,-28.05317136782,
    -16.44580820059));
#147 = CARTESIAN_POINT('',(7.661677982459,-27.91634395936,
    -15.65147386697));
#148 = CARTESIAN_POINT('',(7.83627016902,-27.77987917157,-14.85707941812
    ));
#149 = CARTESIAN_POINT('',(8.010884705885,-27.64403120133,
    -14.06258327538));
#150 = CARTESIAN_POINT('',(8.185531459575,-27.50908246382,
    -13.26794054609));
#151 = CARTESIAN_POINT('',(8.360221198341,-27.37534845411,
    -12.47310223471));
#152 = CARTESIAN_POINT('',(8.534965765538,-27.24318260863,
    -11.67801445396));
#153 = PCURVE('',#32,#154);
#154 = DEFINITIONAL_REPRESENTATION('',(#155),#248);
#155 = B_SPLINE_CURVE_WITH_KNOTS('',7,(#156,#157,#158,#159,#160,#161,
    #162,#163,#164,#165,#166,#167,#168,#169,#170,#171,#172,#173,#174,
    #175,#176,#177,#178,#179,#180,#181,#182,#183,#184,#185,#186,#187,
    #188,#189,#190,#191,#192,#193,#194,#195,#196,#197,#198,#199,#200,
    #201,#202,#203,#204,#205,#206,#207,#208,#209,#210,#211,#212,#213,
    #214,#215,#216,#217,#218,#219,#220,#221,#222,#223,#224,#225,#226,
    #227,#228,#229,#230,#231,#232,#233,#234,#235,#236,#237,#238,#239,
    #240,#241,#242,#243,#244,#245,#246,#247),.UNSPECIFIED.,.F.,.F.,(8,6,
    6,6,6,6,6,6,6,6,6,6,6,6,6,8),(0.,9.47126683035E-02,0.166920039611,
    0.211682426862,0.247955876053,0.284315566342,0.370724207519,
    0.513092807191,0.540042383524,0.566915890636,0.596163157802,
    0.714166775981,0.760607723006,0.902051414732,0.938623295602,1.),
  .UNSPECIFIED.);
#156 = CARTESIAN_POINT('',(0.,-39.47602364136));
#157 = CARTESIAN_POINT('',(1.267053055125,-39.59519701827));
#158 = CARTESIAN_POINT('',(2.539429783848,-39.64960885842));
#159 = CARTESIAN_POINT('',(3.813418466185,-39.65215408028));
#160 = CARTESIAN_POINT('',(5.086487892102,-39.61323607364));
#161 = CARTESIAN_POINT('',(6.357288207467,-39.54125554838));
#162 = CARTESIAN_POINT('',(7.625666554364,-39.44280428084));
#163 = CARTESIAN_POINT('',(9.858616043166,-39.23173753408));
#164 = CARTESIAN_POINT('',(10.823361293553,-39.12808417198));
#165 = CARTESIAN_POINT('',(11.787000130517,-39.01441940906));
#166 = CARTESIAN_POINT('',(12.749632427524,-38.89265270399));
#167 = CARTESIAN_POINT('',(13.711378002687,-38.76436670473));
#168 = CARTESIAN_POINT('',(14.672385298557,-38.63088715313));
#169 = CARTESIAN_POINT('',(16.228233714722,-38.40804281342));
#170 = CARTESIAN_POINT('',(16.8234058358,-38.32119555374));
#171 = CARTESIAN_POINT('',(17.418386956469,-38.23304509296));
#172 = CARTESIAN_POINT('',(18.013208507084,-38.1438267086));
#173 = CARTESIAN_POINT('',(18.607899570837,-38.05374904091));
#174 = CARTESIAN_POINT('',(19.2024873778,-37.9629974025));
#175 = CARTESIAN_POINT('',(20.278762621593,-37.79778378521));
#176 = CARTESIAN_POINT('',(20.760476129491,-37.72349649288));
#177 = CARTESIAN_POINT('',(21.242151671843,-37.64896306514));
#178 = CARTESIAN_POINT('',(21.723801354732,-37.57426270255));
#179 = CARTESIAN_POINT('',(22.205436156259,-37.49946669494));
#180 = CARTESIAN_POINT('',(22.687066041681,-37.42463916427));
#181 = CARTESIAN_POINT('',(23.651479213245,-37.2748586084));
#182 = CARTESIAN_POINT('',(24.134262433225,-37.19990571762));
#183 = CARTESIAN_POINT('',(24.617058784652,-37.12503718958));
#184 = CARTESIAN_POINT('',(25.099876243611,-37.0503045925));
#185 = CARTESIAN_POINT('',(25.582721797248,-36.97575353229));
#186 = CARTESIAN_POINT('',(26.065601524919,-36.90142417651));
#187 = CARTESIAN_POINT('',(27.696175887614,-36.6513190558));
#188 = CARTESIAN_POINT('',(28.844054566603,-36.47673743786));
#189 = CARTESIAN_POINT('',(29.992225392589,-36.30407981322));
#190 = CARTESIAN_POINT('',(31.140731704629,-36.13366110887));
#191 = CARTESIAN_POINT('',(32.289596213642,-35.96566990475));
#192 = CARTESIAN_POINT('',(33.438824541025,-35.80019221004));
#193 = CARTESIAN_POINT('',(36.482483528795,-35.36872333323));
#194 = CARTESIAN_POINT('',(38.37752988619,-35.10704042159));
#195 = CARTESIAN_POINT('',(40.273505910001,-34.85217392832));
#196 = CARTESIAN_POINT('',(42.170298969186,-34.60348986636));
#197 = CARTESIAN_POINT('',(44.067749307638,-34.35991211204));
#198 = CARTESIAN_POINT('',(45.965670409875,-34.12007730514));
#199 = CARTESIAN_POINT('',(48.223182545858,-33.83747744895));
#200 = CARTESIAN_POINT('',(48.58251004067,-33.79257675047));
#201 = CARTESIAN_POINT('',(48.941846140867,-33.74774504973));
#202 = CARTESIAN_POINT('',(49.301189516288,-33.70297180798));
#203 = CARTESIAN_POINT('',(49.66053882561,-33.65824633914));
#204 = CARTESIAN_POINT('',(50.019892716349,-33.6135578098));
#205 = CARTESIAN_POINT('',(50.73759259403,-33.52435873549));
#206 = CARTESIAN_POINT('',(51.095938563745,-33.4798480802));
#207 = CARTESIAN_POINT('',(51.454286382135,-33.43535238443));
#208 = CARTESIAN_POINT('',(51.812634692388,-33.39086072092));
#209 = CARTESIAN_POINT('',(52.170982132758,-33.34636212409));
#210 = CARTESIAN_POINT('',(52.529327336557,-33.30184559004));
#211 = CARTESIAN_POINT('',(53.277663149886,-33.20881981946));
#212 = CARTESIAN_POINT('',(53.667653095109,-33.1603052876));
#213 = CARTESIAN_POINT('',(54.057636998667,-33.11174223468));
#214 = CARTESIAN_POINT('',(54.447613093604,-33.06311652307));
#215 = CARTESIAN_POINT('',(54.837579615172,-33.01441412381));
#216 = CARTESIAN_POINT('',(55.227534800828,-32.96562111662));
#217 = CARTESIAN_POINT('',(57.190771829815,-32.71943779506));
#218 = CARTESIAN_POINT('',(58.763853766066,-32.52045240571));
#219 = CARTESIAN_POINT('',(60.336608037199,-32.31886549717));
#220 = CARTESIAN_POINT('',(61.908919449958,-32.11382463094));
#221 = CARTESIAN_POINT('',(63.480681016265,-31.90459386606));
#222 = CARTESIAN_POINT('',(65.051801052168,-31.69060839818));
#223 = CARTESIAN_POINT('',(67.24025083709,-31.38529232134));
#224 = CARTESIAN_POINT('',(67.858182800287,-31.29827697466));
#225 = CARTESIAN_POINT('',(68.476000176658,-31.2104490903));
#226 = CARTESIAN_POINT('',(69.093699337066,-31.12179236837));
#227 = CARTESIAN_POINT('',(69.711277375254,-31.03229600546));
#228 = CARTESIAN_POINT('',(70.328732107834,-30.94195469463));
#229 = CARTESIAN_POINT('',(72.826244005569,-30.5730461611));
#230 = CARTESIAN_POINT('',(74.705278331811,-30.28748732735));
#231 = CARTESIAN_POINT('',(76.583110253676,-29.99410813852));
#232 = CARTESIAN_POINT('',(78.459780120723,-29.69342086531));
#233 = CARTESIAN_POINT('',(80.335431952196,-29.38648774492));
#234 = CARTESIAN_POINT('',(82.210307372223,-29.07488338282));
#235 = CARTESIAN_POINT('',(84.569418651866,-28.67955366057));
#236 = CARTESIAN_POINT('',(85.054051191566,-28.59816866951));
#237 = CARTESIAN_POINT('',(85.538661849977,-28.51665324394));
#238 = CARTESIAN_POINT('',(86.023257322808,-28.43504742928));
#239 = CARTESIAN_POINT('',(86.507844808677,-28.35339410107));
#240 = CARTESIAN_POINT('',(86.992432009111,-28.27173896499));
#241 = CARTESIAN_POINT('',(88.290298163299,-28.05317136782));
#242 = CARTESIAN_POINT('',(89.103590762479,-27.91634395936));
#243 = CARTESIAN_POINT('',(89.916944911654,-27.77987917157));
#244 = CARTESIAN_POINT('',(90.730403181824,-27.64403120133));
#245 = CARTESIAN_POINT('',(91.544011537108,-27.50908246382));
#246 = CARTESIAN_POINT('',(92.357820142416,-27.37534845411));
#247 = CARTESIAN_POINT('',(93.171884171138,-27.24318260863));
#248 = ( GEOMETRIC_REPRESENTATION_CONTEXT(2) 
PARAMETRIC_REPRESENTATION_CONTEXT() REPRESENTATION_CONTEXT('2D SPACE',''
  ) );
#249 = PCURVE('',#250,#356);
#250 = ( BOUNDED_SURFACE() B_SPLINE_SURFACE(14,6,(
    (#251,#252,#253,#254,#255,#256,#257)
    ,(#258,#259,#260,#261,#262,#263,#264)
    ,(#265,#266,#267,#268,#269,#270,#271)
    ,(#272,#273,#274,#275,#276,#277,#278)
    ,(#279,#280,#281,#282,#283,#284,#285)
    ,(#286,#287,#288,#289,#290,#291,#292)
    ,(#293,#294,#295,#296,#297,#298,#299)
    ,(#300,#301,#302,#303,#304,#305,#306)
    ,(#307,#308,#309,#310,#311,#312,#313)
    ,(#314,#315,#316,#317,#318,#319,#320)
    ,(#321,#322,#323,#324,#325,#326,#327)
    ,(#328,#329,#330,#331,#332,#333,#334)
    ,(#335,#336,#337,#338,#339,#340,#341)
    ,(#342,#343,#344,#345,#346,#347,#348)
    ,(#349,#350,#351,#352,#353,#354,#355
)),.UNSPECIFIED.,.T.,.F.,.F.) B_SPLINE_SURFACE_WITH_KNOTS((15,15),(7,7),
  (0.,1.),(0.,1.),.PIECEWISE_BEZIER_KNOTS.) 
GEOMETRIC_REPRESENTATION_ITEM() RATIONAL_B_SPLINE_SURFACE((
    (1.,1.,1.,1.,1.,1.,1.)
    ,(1.,1.,1.,1.,1.,1.,1.)
    ,(1.,1.,1.,1.,1.,1.,1.)
    ,(1.,1.,1.,1.,1.,1.,1.)
    ,(1.,1.,1.,1.,1.,1.,1.)
    ,(1.,1.,1.,1.,1.,1.,1.)
    ,(1.,1.,1.,1.,1.,1.,1.)
    ,(1.,1.,1.,1.,1.,1.,1.)
    ,(1.,1.,1.,1.,1.,1.,1.)
    ,(1.,1.,1.,1.,1.,1.,1.)
    ,(1.,1.,1.,1.,1.,1.,1.)
    ,(1.,1.,1.,1.,1.,1.,1.)
    ,(1.,1.,1.,1.,1.,1.,1.)
    ,(1.,1.,1.,1.,1.,1.,1.)
,(1.,1.,1.,1.,1.,1.,1.))) REPRESENTATION_ITEM('') SURFACE() );
#251 = CARTESIAN_POINT('',(21.,-26.,-105.));
#252 = CARTESIAN_POINT('',(27.724713615046,-21.28431946383,
    -87.48843493749));
#253 = CARTESIAN_POINT('',(23.224330747318,-12.99653872953,
    -68.04848260382));
#254 = CARTESIAN_POINT('',(21.638259206303,-18.11178204544,
    -46.65367818731));
#255 = CARTESIAN_POINT('',(42.210514590799,-2.067080745318,
    -33.74689762051));
#256 = CARTESIAN_POINT('',(27.953367068007,-4.756946763358,
    -10.31767744547));
#257 = CARTESIAN_POINT('',(36.,-2.495388277643E-14,7.));
#258 = CARTESIAN_POINT('',(21.000000000002,-18.81921679178,-105.));
#259 = CARTESIAN_POINT('',(27.724713615046,-11.88131139701,
    -87.48843493749));
#260 = CARTESIAN_POINT('',(23.224330747326,-4.805997652304,
    -68.04848260382));
#261 = CARTESIAN_POINT('',(21.638259206299,-10.94651034244,
    -46.65367818731));
#262 = CARTESIAN_POINT('',(42.21051459081,11.506963669526,
    -33.74689762051));
#263 = CARTESIAN_POINT('',(27.953367068004,4.762929519573,
    -10.31767744547));
#264 = CARTESIAN_POINT('',(36.000000000008,12.117571663854,7.));
#265 = CARTESIAN_POINT('',(16.444798414805,-11.638430933,-105.));
#266 = CARTESIAN_POINT('',(21.710825071805,-2.478299859313,
    -87.48843493749));
#267 = CARTESIAN_POINT('',(18.18663987894,3.384546448281,-68.04848260382
    ));
#268 = CARTESIAN_POINT('',(16.944610033128,-3.781235994786,
    -46.65367818731));
#269 = CARTESIAN_POINT('',(33.054447782385,25.081013095019,
    -33.74689762051));
#270 = CARTESIAN_POINT('',(21.889880307096,14.282809316433,
    -10.31767744547));
#271 = CARTESIAN_POINT('',(28.191082996787,24.235147800565,7.));
#272 = CARTESIAN_POINT('',(7.334389421048,-6.274890454822,-105.));
#273 = CARTESIAN_POINT('',(9.683040297088,4.545086437168,-87.48843493749
    ));
#274 = CARTESIAN_POINT('',(8.1112517022,9.50230510092,-68.04848260382));
#275 = CARTESIAN_POINT('',(7.557305686191,1.570718479495,-46.65367818731
    ));
#276 = CARTESIAN_POINT('',(14.742302460687,35.219870453197,
    -33.74689762051));
#277 = CARTESIAN_POINT('',(9.76289903355,21.393487958492,-10.31767744547
    ));
#278 = CARTESIAN_POINT('',(12.573239007572,33.286122357475,7.));
#279 = CARTESIAN_POINT('',(-4.968822909489,-4.545638466797,-105.));
#280 = CARTESIAN_POINT('',(-6.559961531769,6.809487119193,
    -87.48843493749));
#281 = CARTESIAN_POINT('',(-5.495123175237,11.474723572976,
    -68.04848260382));
#282 = CARTESIAN_POINT('',(-5.119841812341,3.29623503785,-46.65367818731
    ));
#283 = CARTESIAN_POINT('',(-9.987455806027,38.488726038735,
    -33.74689762051));
#284 = CARTESIAN_POINT('',(-6.614063365771,23.686032449518,
    -10.31767744547));
#285 = CARTESIAN_POINT('',(-8.51798213068,36.204235087305,7.));
#286 = CARTESIAN_POINT('',(-17.74028886851,-7.616370223819,-105.));
#287 = CARTESIAN_POINT('',(-23.4211632539,2.788461188296,-87.48843493749
    ));
#288 = CARTESIAN_POINT('',(-19.61934934407,7.97218716864,-68.04848260382
    ));
#289 = CARTESIAN_POINT('',(-18.27947471162,0.232136497212,
    -46.65367818731));
#290 = CARTESIAN_POINT('',(-35.65841533891,32.684032029298,
    -33.74689762051));
#291 = CARTESIAN_POINT('',(-23.61432412572,19.615029945723,
    -10.31767744547));
#292 = CARTESIAN_POINT('',(-30.41192377438,31.022375247273,7.));
#293 = CARTESIAN_POINT('',(-27.48987573476,-15.34583607578,-105.));
#294 = CARTESIAN_POINT('',(-36.29280628823,-7.333029413502,
    -87.48843493749));
#295 = CARTESIAN_POINT('',(-30.40161744197,-0.84419200926,
    -68.04848260382));
#296 = CARTESIAN_POINT('',(-28.32538365138,-7.48063262104,
    -46.65367818731));
#297 = CARTESIAN_POINT('',(-55.25532384853,18.072796776418,
    -33.74689762051));
#298 = CARTESIAN_POINT('',(-36.59212319332,9.367741242301,
    -10.31767744547));
#299 = CARTESIAN_POINT('',(-47.12550125988,17.978901622136,7.));
#300 = CARTESIAN_POINT('',(-31.16040064309,-25.99999999977,-105.));
#301 = CARTESIAN_POINT('',(-41.13872304608,-21.28431946379,
    -87.48843493749));
#302 = CARTESIAN_POINT('',(-34.46092622555,-12.99653872992,
    -68.04848260382));
#303 = CARTESIAN_POINT('',(-32.10746790996,-18.11178204307,
    -46.65367818731));
#304 = CARTESIAN_POINT('',(-62.63316885621,-2.067080746819,
    -33.74689762051));
#305 = CARTESIAN_POINT('',(-41.47800557956,-4.756946762423,
    -10.31767744547));
#306 = CARTESIAN_POINT('',(-53.41782967355,3.62907517548E-10,7.));
#307 = CARTESIAN_POINT('',(-27.48987573476,-36.65416392462,-105.));
#308 = CARTESIAN_POINT('',(-36.29280628817,-35.23560951422,
    -87.48843493749));
#309 = CARTESIAN_POINT('',(-30.40161744208,-25.14888544911,
    -68.04848260382));
#310 = CARTESIAN_POINT('',(-28.32538365133,-28.74293147415,
    -46.65367818731));
#311 = CARTESIAN_POINT('',(-55.25532384852,-22.20695826434,
    -33.74689762051));
#312 = CARTESIAN_POINT('',(-36.59212319338,-18.88163477071,
    -10.31767744547));
#313 = CARTESIAN_POINT('',(-47.12550125989,-17.9789016228,7.));
#314 = CARTESIAN_POINT('',(-17.74028886851,-44.38362977586,-105.));
#315 = CARTESIAN_POINT('',(-23.42116325399,-45.35710011592,
    -87.48843493749));
#316 = CARTESIAN_POINT('',(-19.61934934391,-33.96526462817,
    -68.04848260382));
#317 = CARTESIAN_POINT('',(-18.2794747117,-36.4557005849,-46.65367818731
    ));
#318 = CARTESIAN_POINT('',(-35.65841533892,-36.81819352192,
    -33.74689762051));
#319 = CARTESIAN_POINT('',(-23.61432412563,-29.12892347116,
    -10.31767744547));
#320 = CARTESIAN_POINT('',(-30.41192377437,-31.02237524676,7.));
#321 = CARTESIAN_POINT('',(-4.968822909488,-47.4543615334,-105.));
#322 = CARTESIAN_POINT('',(-6.559961531692,-49.37812604687,
    -87.48843493749));
#323 = CARTESIAN_POINT('',(-5.49512317538,-37.4678010318,-68.04848260382
    ));
#324 = CARTESIAN_POINT('',(-5.119841812274,-39.51979913063,
    -46.65367818731));
#325 = CARTESIAN_POINT('',(-9.987455806023,-42.62288752821,
    -33.74689762051));
#326 = CARTESIAN_POINT('',(-6.614063365839,-33.19992597699,
    -10.31767744547));
#327 = CARTESIAN_POINT('',(-8.517982130688,-36.20423508762,7.));
#328 = CARTESIAN_POINT('',(7.334389421048,-45.72510954507,-105.));
#329 = CARTESIAN_POINT('',(9.68304029704,-47.11372536483,-87.48843493749
    ));
#330 = CARTESIAN_POINT('',(8.111251702285,-35.49538256006,
    -68.04848260382));
#331 = CARTESIAN_POINT('',(7.557305686153,-37.7942825695,-46.65367818731
    ));
#332 = CARTESIAN_POINT('',(14.742302460684,-39.35403194435,
    -33.74689762051));
#333 = CARTESIAN_POINT('',(9.762899033588,-30.90738148484,
    -10.31767744547));
#334 = CARTESIAN_POINT('',(12.573239007577,-33.28612235731,7.));
#335 = CARTESIAN_POINT('',(16.444798414805,-40.36156906703,-105.));
#336 = CARTESIAN_POINT('',(21.710825071826,-40.09033906835,
    -87.48843493749));
#337 = CARTESIAN_POINT('',(18.186639878905,-29.37762390732,
    -68.04848260382));
#338 = CARTESIAN_POINT('',(16.944610033143,-32.4423280964,
    -46.65367818731));
#339 = CARTESIAN_POINT('',(33.054447782386,-29.21517458548,
    -33.74689762051));
#340 = CARTESIAN_POINT('',(21.889880307082,-23.79670284327,
    -10.31767744547));
#341 = CARTESIAN_POINT('',(28.191082996785,-24.23514780062,7.));
#342 = CARTESIAN_POINT('',(21.000000000002,-33.1807832082,-105.));
#343 = CARTESIAN_POINT('',(27.724713615041,-30.68732753065,
    -87.48843493749));
#344 = CARTESIAN_POINT('',(23.224330747334,-21.18707980676,
    -68.04848260382));
#345 = CARTESIAN_POINT('',(21.638259206295,-25.27705374838,
    -46.65367818731));
#346 = CARTESIAN_POINT('',(42.21051459081,-15.64112516019,
    -33.74689762051));
#347 = CARTESIAN_POINT('',(27.953367068007,-14.27682304626,
    -10.31767744547));
#348 = CARTESIAN_POINT('',(36.000000000009,-12.11757166384,7.));
#349 = CARTESIAN_POINT('',(21.,-26.,-105.));
#350 = CARTESIAN_POINT('',(27.724713615046,-21.28431946383,
    -87.48843493749));
#351 = CARTESIAN_POINT('',(23.224330747317,-12.99653872953,
    -68.04848260382));
#352 = CARTESIAN_POINT('',(21.638259206303,-18.11178204544,
    -46.65367818731));
#353 = CARTESIAN_POINT('',(42.210514590798,-2.067080745318,
    -33.74689762051));
#354 = CARTESIAN_POINT('',(27.953367068007,-4.756946763358,
    -10.31767744547));
#355 = CARTESIAN_POINT('',(36.,3.467826405124E-15,7.));
#356 = DEFINITIONAL_REPRESENTATION('',(#357),#450);
#357 = B_SPLINE_CURVE_WITH_KNOTS('',7,(#358,#359,#360,#361,#362,#363,
    #364,#365,#366,#367,#368,#369,#370,#371,#372,#373,#374,#375,#376,
    #377,#378,#379,#380,#381,#382,#383,#384,#385,#386,#387,#388,#389,
    #390,#391,#392,#393,#394,#395,#396,#397,#398,#399,#400,#401,#402,
    #403,#404,#405,#406,#407,#408,#409,#410,#411,#412,#413,#414,#415,
    #416,#417,#418,#419,#420,#421,#422,#423,#424,#425,#426,#427,#428,
    #429,#430,#431,#432,#433,#434,#435,#436,#437,#438,#439,#440,#441,
    #442,#443,#444,#445,#446,#447,#448,#449),.UNSPECIFIED.,.F.,.F.,(8,6,
    6,6,6,6,6,6,6,6,6,6,6,6,6,8),(0.,9.47126683035E-02,0.166920039611,
    0.211682426862,0.247955876053,0.284315566342,0.370724207519,
    0.513092807191,0.540042383524,0.566915890636,0.596163157802,
    0.714166775981,0.760607723006,0.902051414732,0.938623295602,1.),
  .UNSPECIFIED.);
#358 = CARTESIAN_POINT('',(0.661897266804,2.19669799514E-02));
#359 = CARTESIAN_POINT('',(0.66598190978,3.360493611172E-02));
#360 = CARTESIAN_POINT('',(0.669612498814,4.520699549394E-02));
#361 = CARTESIAN_POINT('',(0.672900810681,5.674176616962E-02));
#362 = CARTESIAN_POINT('',(0.675919365441,6.819159442365E-02));
#363 = CARTESIAN_POINT('',(0.678723543141,7.95508934477E-02));
#364 = CARTESIAN_POINT('',(0.681355643397,9.082495969125E-02));
#365 = CARTESIAN_POINT('',(0.685752055152,0.11057158061));
#366 = CARTESIAN_POINT('',(0.687573162569,0.119069723917));
#367 = CARTESIAN_POINT('',(0.689328192881,0.127527582307));
#368 = CARTESIAN_POINT('',(0.691028464407,0.135948890117));
#369 = CARTESIAN_POINT('',(0.692683066188,0.144337485363));
#370 = CARTESIAN_POINT('',(0.694299528947,0.152697357852));
#371 = CARTESIAN_POINT('',(0.696866350325,0.166199867279));
#372 = CARTESIAN_POINT('',(0.697836345836,0.171357519709));
#373 = CARTESIAN_POINT('',(0.69879552487,0.176506553876));
#374 = CARTESIAN_POINT('',(0.699745162246,0.181647845453));
#375 = CARTESIAN_POINT('',(0.700686363896,0.186782233887));
#376 = CARTESIAN_POINT('',(0.701620091151,0.191910526302));
#377 = CARTESIAN_POINT('',(0.703298460719,0.201184932739));
#378 = CARTESIAN_POINT('',(0.704045379352,0.205332868038));
#379 = CARTESIAN_POINT('',(0.704788386361,0.209477718082));
#380 = CARTESIAN_POINT('',(0.705527873028,0.21361987577));
#381 = CARTESIAN_POINT('',(0.706264181372,0.217759716981));
#382 = CARTESIAN_POINT('',(0.706997609029,0.221897601437));
#383 = CARTESIAN_POINT('',(0.708460956736,0.230179979789));
#384 = CARTESIAN_POINT('',(0.709190864132,0.234324465272));
#385 = CARTESIAN_POINT('',(0.709918395718,0.238467676136));
#386 = CARTESIAN_POINT('',(0.710643770498,0.242609941662));
#387 = CARTESIAN_POINT('',(0.711367170465,0.246751574775));
#388 = CARTESIAN_POINT('',(0.712088743991,0.250892872524));
#389 = CARTESIAN_POINT('',(0.714519365659,0.264875764519));
#390 = CARTESIAN_POINT('',(0.716220475252,0.27471711605));
#391 = CARTESIAN_POINT('',(0.717913517561,0.284561935638));
#392 = CARTESIAN_POINT('',(0.719599105003,0.294413505382));
#393 = CARTESIAN_POINT('',(0.721277091301,0.304274644688));
#394 = CARTESIAN_POINT('',(0.722946759943,0.314147714557));
#395 = CARTESIAN_POINT('',(0.727342425152,0.340324446624));
#396 = CARTESIAN_POINT('',(0.730052249003,0.356651875661));
#397 = CARTESIAN_POINT('',(0.732731491744,0.373025340836));
#398 = CARTESIAN_POINT('',(0.735372211371,0.389450193347));
#399 = CARTESIAN_POINT('',(0.737965820034,0.4059284322));
#400 = CARTESIAN_POINT('',(0.74050485513,0.42245862787));
#401 = CARTESIAN_POINT('',(0.743453523419,0.442174034068));
#402 = CARTESIAN_POINT('',(0.743920710231,0.445313734962));
#403 = CARTESIAN_POINT('',(0.744385723097,0.448455096404));
#404 = CARTESIAN_POINT('',(0.74484853012,0.451598082236));
#405 = CARTESIAN_POINT('',(0.745309102619,0.454742652173));
#406 = CARTESIAN_POINT('',(0.745767415134,0.457888761804));
#407 = CARTESIAN_POINT('',(0.746678188498,0.464175078802));
#408 = CARTESIAN_POINT('',(0.747130662358,0.467315277845));
#409 = CARTESIAN_POINT('',(0.747580845035,0.470456911544));
#410 = CARTESIAN_POINT('',(0.748028718181,0.473599927919));
#411 = CARTESIAN_POINT('',(0.748474267067,0.476744271181));
#412 = CARTESIAN_POINT('',(0.748917480585,0.479889881737));
#413 = CARTESIAN_POINT('',(0.749838164392,0.486461471473));
#414 = CARTESIAN_POINT('',(0.750315202569,0.489887672923));
#415 = CARTESIAN_POINT('',(0.750789456226,0.493315218684));
#416 = CARTESIAN_POINT('',(0.751260921118,0.496744022223));
#417 = CARTESIAN_POINT('',(0.751729598297,0.500173992333));
#418 = CARTESIAN_POINT('',(0.752195494121,0.503605033128));
#419 = CARTESIAN_POINT('',(0.754527189998,0.520884139689));
#420 = CARTESIAN_POINT('',(0.756350674003,0.534747030496));
#421 = CARTESIAN_POINT('',(0.758129831451,0.548619145622));
#422 = CARTESIAN_POINT('',(0.759866836601,0.562492757409));
#423 = CARTESIAN_POINT('',(0.761565162096,0.5763594183));
#424 = CARTESIAN_POINT('',(0.763229293785,0.590210535691));
#425 = CARTESIAN_POINT('',(0.76550773333,0.609479989638));
#426 = CARTESIAN_POINT('',(0.766146673265,0.614918247853));
#427 = CARTESIAN_POINT('',(0.766781409484,0.620352362704));
#428 = CARTESIAN_POINT('',(0.767412262911,0.625781861247));
#429 = CARTESIAN_POINT('',(0.768039562755,0.631206294236));
#430 = CARTESIAN_POINT('',(0.76866364651,0.636625236125));
#431 = CARTESIAN_POINT('',(0.771176869654,0.658524633343));
#432 = CARTESIAN_POINT('',(0.773042245797,0.67495642924));
#433 = CARTESIAN_POINT('',(0.774890604207,0.691322396766));
#434 = CARTESIAN_POINT('',(0.776731805671,0.707614294391));
#435 = CARTESIAN_POINT('',(0.778574833026,0.723828504125));
#436 = CARTESIAN_POINT('',(0.780426831513,0.739966953688));
#437 = CARTESIAN_POINT('',(0.782773438063,0.760193622921));
#438 = CARTESIAN_POINT('',(0.783256365538,0.764344542623));
#439 = CARTESIAN_POINT('',(0.783740193072,0.768491121599));
#440 = CARTESIAN_POINT('',(0.784224965249,0.772633539318));
#441 = CARTESIAN_POINT('',(0.784710707033,0.776772007127));
#442 = CARTESIAN_POINT('',(0.78519742377,0.780906768253));
#443 = CARTESIAN_POINT('',(0.786503545085,0.791971495442));
#444 = CARTESIAN_POINT('',(0.787324691488,0.798895222785));
#445 = CARTESIAN_POINT('',(0.788148455578,0.805810602193));
#446 = CARTESIAN_POINT('',(0.788974572532,0.812719207541));
#447 = CARTESIAN_POINT('',(0.78980254698,0.819622903295));
#448 = CARTESIAN_POINT('',(0.790631602462,0.826523883597));
#449 = CARTESIAN_POINT('',(0.791460630886,0.833424711345));
#450 = ( GEOMETRIC_REPRESENTATION_CONTEXT(2) 
PARAMETRIC_REPRESENTATION_CONTEXT() REPRESENTATION_CONTEXT('2D SPACE',''
  ) );
#451 = ORIENTED_EDGE('',*,*,#452,.T.);
#452 = EDGE_CURVE('',#57,#453,#455,.T.);
#453 = VERTEX_POINT('',#454);
#454 = CARTESIAN_POINT('',(8.534965765538,20.414238305182,
    -11.67801445396));
#455 = SURFACE_CURVE('',#456,(#460,#467),.PCURVE_S1.);
#456 = LINE('',#457,#458);
#457 = CARTESIAN_POINT('',(8.534965765538,-45.,-11.67801445396));
#458 = VECTOR('',#459,1.);
#459 = DIRECTION('',(0.,1.,0.));
#460 = PCURVE('',#32,#461);
#461 = DEFINITIONAL_REPRESENTATION('',(#462),#466);
#462 = LINE('',#463,#464);
#463 = CARTESIAN_POINT('',(93.171884171138,-45.));
#464 = VECTOR('',#465,1.);
#465 = DIRECTION('',(0.,1.));
#466 = ( GEOMETRIC_REPRESENTATION_CONTEXT(2) 
PARAMETRIC_REPRESENTATION_CONTEXT() REPRESENTATION_CONTEXT('2D SPACE',''
  ) );
#467 = PCURVE('',#468,#473);
#468 = PLANE('',#469);
#469 = AXIS2_PLACEMENT_3D('',#470,#471,#472);
#470 = CARTESIAN_POINT('',(8.534965765538,0.,-11.67801445396));
#471 = DIRECTION('',(0.21465703069,0.,0.976689489641));
#472 = DIRECTION('',(0.976689489641,0.,-0.21465703069));
#473 = DEFINITIONAL_REPRESENTATION('',(#474),#478);
#474 = LINE('',#475,#476);
#475 = CARTESIAN_POINT('',(0.,-45.));
#476 = VECTOR('',#477,1.);
#477 = DIRECTION('',(0.,1.));
#478 = ( GEOMETRIC_REPRESENTATION_CONTEXT(2) 
PARAMETRIC_REPRESENTATION_CONTEXT() REPRESENTATION_CONTEXT('2D SPACE',''
  ) );
#479 = ORIENTED_EDGE('',*,*,#480,.F.);
#480 = EDGE_CURVE('',#22,#453,#481,.T.);
#481 = SURFACE_CURVE('',#482,(#569,#659),.PCURVE_S1.);
#482 = B_SPLINE_CURVE_WITH_KNOTS('',7,(#483,#484,#485,#486,#487,#488,
    #489,#490,#491,#492,#493,#494,#495,#496,#497,#498,#499,#500,#501,
    #502,#503,#504,#505,#506,#507,#508,#509,#510,#511,#512,#513,#514,
    #515,#516,#517,#518,#519,#520,#521,#522,#523,#524,#525,#526,#527,
    #528,#529,#530,#531,#532,#533,#534,#535,#536,#537,#538,#539,#540,
    #541,#542,#543,#544,#545,#546,#547,#548,#549,#550,#551,#552,#553,
    #554,#555,#556,#557,#558,#559,#560,#561,#562,#563,#564,#565,#566,
    #567,#568),.UNSPECIFIED.,.F.,.F.,(8,6,6,6,6,6,6,6,6,6,6,6,6,6,8),(0.
    ,0.123007468752,0.243815480688,0.310487696629,0.34495492431,
    0.37199371062,0.435779130065,0.503117833679,0.630389973702,
    0.662215403297,0.68057343374,0.718496171956,0.841700036841,
    0.896389692696,1.),.UNSPECIFIED.);
#483 = CARTESIAN_POINT('',(-11.46503423446,-11.23603911356,
    -102.6780144539));
#484 = CARTESIAN_POINT('',(-11.15269368926,-10.29224879208,
    -101.2568649732));
#485 = CARTESIAN_POINT('',(-10.83397025082,-9.394176971474,
    -99.80667332843));
#486 = CARTESIAN_POINT('',(-10.50957871798,-8.540562679198,
    -98.33069185397));
#487 = CARTESIAN_POINT('',(-10.18007859333,-7.730651976901,
    -96.83146628681));
#488 = CARTESIAN_POINT('',(-9.846037921674,-6.962833348303,
    -95.31158123078));
#489 = CARTESIAN_POINT('',(-9.508018349605,-6.234770845666,
    -93.77359217786));
#490 = CARTESIAN_POINT('',(-8.831234745216,-4.864484603284,
    -90.69422677789));
#491 = CARTESIAN_POINT('',(-8.492598577353,-4.220972767918,
    -89.15343221412));
#492 = CARTESIAN_POINT('',(-8.15116971963,-3.610016319185,
    -87.59993091148));
#493 = CARTESIAN_POINT('',(-7.80742968227,-3.02809599635,-86.03591374149
    ));
#494 = CARTESIAN_POINT('',(-7.461825808531,-2.471220026206,
    -84.46341611597));
#495 = CARTESIAN_POINT('',(-7.114749145863,-1.935205887867,
    -82.88421730084));
#496 = CARTESIAN_POINT('',(-6.574337741038,-1.129243779345,
    -80.42534540888));
#497 = CARTESIAN_POINT('',(-6.381806862432,-0.847706826961,
    -79.54932991123));
#498 = CARTESIAN_POINT('',(-6.188982719113,-0.570548036891,
    -78.67198005912));
#499 = CARTESIAN_POINT('',(-5.995917356346,-0.297069503803,
    -77.79353265854));
#500 = CARTESIAN_POINT('',(-5.802659249615,-2.658691170004E-02,
    -76.91420827291));
#501 = CARTESIAN_POINT('',(-5.609252766193,0.24156223961,-76.03420877334
    ));
#502 = CARTESIAN_POINT('',(-5.315696998453,0.645754887614,
    -74.69853003012));
#503 = CARTESIAN_POINT('',(-5.215627529261,0.78304439561,-74.2432139453)
  );
#504 = CARTESIAN_POINT('',(-5.115534858928,0.919966476656,
    -73.78779229528));
#505 = CARTESIAN_POINT('',(-5.015424415151,1.056606023621,-73.3322897761
    ));
#506 = CARTESIAN_POINT('',(-4.915301413553,1.193045277622,
    -72.87673011882));
#507 = CARTESIAN_POINT('',(-4.815170857684,1.329363828022,
    -72.42113608962));
#508 = CARTESIAN_POINT('',(-4.636485140464,1.572543200448,
    -71.60811607627));
#509 = CARTESIAN_POINT('',(-4.557931050278,1.679420729425,
    -71.25069496592));
#510 = CARTESIAN_POINT('',(-4.479377586314,1.786308270645,
    -70.89327670489));
#511 = CARTESIAN_POINT('',(-4.40082699332,1.893241633591,-70.53587150677
    ));
#512 = CARTESIAN_POINT('',(-4.322281442937,2.000255365947,
    -70.17848925252));
#513 = CARTESIAN_POINT('',(-4.243743033701,2.107382753599,-69.8211394905
    ));
#514 = CARTESIAN_POINT('',(-3.979960628271,2.467716645829,
    -68.62092954579));
#515 = CARTESIAN_POINT('',(-3.794758533678,2.721587851184,-67.7782600154
    ));
#516 = CARTESIAN_POINT('',(-3.609634009862,2.976689179827,
    -66.93594343203));
#517 = CARTESIAN_POINT('',(-3.424611489523,3.233397404339,
    -66.09409096449));
#518 = CARTESIAN_POINT('',(-3.239713111618,3.492042814037,
    -65.25280334502));
#519 = CARTESIAN_POINT('',(-3.054958497514,3.752905702246,
    -64.41216985085));
#520 = CARTESIAN_POINT('',(-2.675487409947,4.294188014324,
    -62.68557640242));
#521 = CARTESIAN_POINT('',(-2.480789065681,4.574887662026,
    -61.79969893601));
#522 = CARTESIAN_POINT('',(-2.286289840108,4.858578856985,
    -60.91472745965));
#523 = CARTESIAN_POINT('',(-2.092006080813,5.145462565606,
    -60.03073635486));
#524 = CARTESIAN_POINT('',(-1.897950033462,5.435672098479,
    -59.14778133941));
#525 = CARTESIAN_POINT('',(-1.704129738079,5.729271548461,
    -58.26589899542));
#526 = CARTESIAN_POINT('',(-1.144675467911,6.587560271808,
    -55.72038206616));
#527 = CARTESIAN_POINT('',(-0.779652110507,7.16096058606,-54.05952578997
    ));
#528 = CARTESIAN_POINT('',(-0.415509741754,7.746406830645,
    -52.40267801214));
#529 = CARTESIAN_POINT('',(-5.22047394609E-02,8.342990503261,
    -50.74964025171));
#530 = CARTESIAN_POINT('',(0.310379369201,8.948963537356,-49.0998825573)
  );
#531 = CARTESIAN_POINT('',(0.672424294006,9.561837977997,-47.45257814943
    ));
#532 = CARTESIAN_POINT('',(1.124619211909,10.332782258253,
    -45.39509127298));
#533 = CARTESIAN_POINT('',(1.215056050349,10.487241031777,
    -44.98360365807));
#534 = CARTESIAN_POINT('',(1.305477657039,10.641893259909,
    -44.57218534763));
#535 = CARTESIAN_POINT('',(1.39588792922,10.796689185234,-44.16081860921
    ));
#536 = CARTESIAN_POINT('',(1.486290934175,10.951577090021,
    -43.74948493666));
#537 = CARTESIAN_POINT('',(1.576690909225,11.106503296227,
    -43.33816505019));
#538 = CARTESIAN_POINT('',(1.719238950794,11.350769065747,
    -42.68957146105));
#539 = CARTESIAN_POINT('',(1.771386092218,11.440120229615,
    -42.45230196757));
#540 = CARTESIAN_POINT('',(1.82353452838,11.529455002839,-42.21502658303
    ));
#541 = CARTESIAN_POINT('',(1.875685113507,11.618762560258,-41.9777414207
    ));
#542 = CARTESIAN_POINT('',(1.927838713676,11.70803190581,-41.74044253993
    ));
#543 = CARTESIAN_POINT('',(1.979996206818,11.797251872534,
    -41.50312594614));
#544 = CARTESIAN_POINT('',(2.139911672231,12.070590079522,
    -40.77551057851));
#545 = CARTESIAN_POINT('',(2.247685238652,12.254509915842,
    -40.28514085129));
#546 = CARTESIAN_POINT('',(2.355487050649,12.438070915342,
    -39.79464260671));
#547 = CARTESIAN_POINT('',(2.463325087757,12.621170448578,
    -39.30397953787));
#548 = CARTESIAN_POINT('',(2.571207394118,12.803703564299,
    -38.81311504392));
#549 = CARTESIAN_POINT('',(2.679142032239,12.985563580894,
    -38.32201244047));
#550 = CARTESIAN_POINT('',(3.137992554262,13.754934706418,
    -36.23424256527));
#551 = CARTESIAN_POINT('',(3.489482482547,14.334979952621,
    -34.63496339157));
#552 = CARTESIAN_POINT('',(3.841888975364,14.90309221009,-33.03151384925
    ));
#553 = CARTESIAN_POINT('',(4.195468932291,15.455429614911,
    -31.42272504524));
#554 = CARTESIAN_POINT('',(4.550437261773,15.988228858934,
    -29.80761914609));
#555 = CARTESIAN_POINT('',(4.90694150871,16.498160431171,-28.18552482253
    ));
#556 = CARTESIAN_POINT('',(5.423980803144,17.197936438047,
    -25.83299603285));
#557 = CARTESIAN_POINT('',(5.583245039864,17.40808467523,-25.10834375578
    ));
#558 = CARTESIAN_POINT('',(5.742823643959,17.613037067911,
    -24.38226110715));
#559 = CARTESIAN_POINT('',(5.902716805391,17.812617568314,
    -23.65474722263));
#560 = CARTESIAN_POINT('',(6.062921304539,18.006695557387,
    -22.92581675151));
#561 = CARTESIAN_POINT('',(6.223429999878,18.19519479041,-22.19550218771
    ));
#562 = CARTESIAN_POINT('',(6.688871626191,18.724623222908,
    -20.07774278799));
#563 = CARTESIAN_POINT('',(6.994582108254,19.051097957761,-18.6867600946
    ));
#564 = CARTESIAN_POINT('',(7.301260029303,19.357404980292,
    -17.29137555383));
#565 = CARTESIAN_POINT('',(7.608790222162,19.644316083439,
    -15.89211317632));
#566 = CARTESIAN_POINT('',(7.917036986516,19.913684262715,
    -14.48959039851));
#567 = CARTESIAN_POINT('',(8.225833075231,20.16870318812,-13.08456819486
    ));
#568 = CARTESIAN_POINT('',(8.534965765538,20.414238305182,
    -11.67801445396));
#569 = PCURVE('',#32,#570);
#570 = DEFINITIONAL_REPRESENTATION('',(#571),#658);
#571 = B_SPLINE_CURVE_WITH_KNOTS('',7,(#572,#573,#574,#575,#576,#577,
    #578,#579,#580,#581,#582,#583,#584,#585,#586,#587,#588,#589,#590,
    #591,#592,#593,#594,#595,#596,#597,#598,#599,#600,#601,#602,#603,
    #604,#605,#606,#607,#608,#609,#610,#611,#612,#613,#614,#615,#616,
    #617,#618,#619,#620,#621,#622,#623,#624,#625,#626,#627,#628,#629,
    #630,#631,#632,#633,#634,#635,#636,#637,#638,#639,#640,#641,#642,
    #643,#644,#645,#646,#647,#648,#649,#650,#651,#652,#653,#654,#655,
    #656,#657),.UNSPECIFIED.,.F.,.F.,(8,6,6,6,6,6,6,6,6,6,6,6,6,6,8),(0.
    ,0.123007468752,0.243815480688,0.310487696629,0.34495492431,
    0.37199371062,0.435779130065,0.503117833679,0.630389973702,
    0.662215403297,0.68057343374,0.718496171956,0.841700036841,
    0.896389692696,1.),.UNSPECIFIED.);
#572 = CARTESIAN_POINT('',(0.,-11.23603911356));
#573 = CARTESIAN_POINT('',(1.455067854974,-10.29224879208));
#574 = CARTESIAN_POINT('',(2.939871019378,-9.394176971474));
#575 = CARTESIAN_POINT('',(4.451079535615,-8.540562679198));
#576 = CARTESIAN_POINT('',(5.986086908029,-7.730651976901));
#577 = CARTESIAN_POINT('',(7.542246846428,-6.962833348303));
#578 = CARTESIAN_POINT('',(9.116942867247,-6.234770845666));
#579 = CARTESIAN_POINT('',(12.269803047097,-4.864484603284));
#580 = CARTESIAN_POINT('',(13.847371537515,-4.220972767918));
#581 = CARTESIAN_POINT('',(15.437950036737,-3.610016319185));
#582 = CARTESIAN_POINT('',(17.039295384032,-3.02809599635));
#583 = CARTESIAN_POINT('',(18.649323588688,-2.471220026206));
#584 = CARTESIAN_POINT('',(20.266212919316,-1.935205887867));
#585 = CARTESIAN_POINT('',(22.783770360072,-1.129243779345));
#586 = CARTESIAN_POINT('',(23.680693596113,-0.847706826961));
#587 = CARTESIAN_POINT('',(24.578983033451,-0.570548036891));
#588 = CARTESIAN_POINT('',(25.478396214308,-0.297069503803));
#589 = CARTESIAN_POINT('',(26.378707311084,-2.658691170004E-02));
#590 = CARTESIAN_POINT('',(27.279709634648,0.24156223961));
#591 = CARTESIAN_POINT('',(28.647266834135,0.645754887614));
#592 = CARTESIAN_POINT('',(29.113449883765,0.78304439561));
#593 = CARTESIAN_POINT('',(29.579741018097,0.919966476656));
#594 = CARTESIAN_POINT('',(30.046114951694,1.056606023621));
#595 = CARTESIAN_POINT('',(30.512547387081,1.193045277622));
#596 = CARTESIAN_POINT('',(30.979015014752,1.329363828022));
#597 = CARTESIAN_POINT('',(31.811439262144,1.572543200448));
#598 = CARTESIAN_POINT('',(32.177390891743,1.679420729425));
#599 = CARTESIAN_POINT('',(32.543339604026,1.786308270645));
#600 = CARTESIAN_POINT('',(32.909274941628,1.893241633591));
#601 = CARTESIAN_POINT('',(33.275186787751,2.000255365947));
#602 = CARTESIAN_POINT('',(33.641065366164,2.107382753599));
#603 = CARTESIAN_POINT('',(34.86992055242,2.467716645829));
#604 = CARTESIAN_POINT('',(35.732701957704,2.721587851184));
#605 = CARTESIAN_POINT('',(36.595121992216,2.976689179827));
#606 = CARTESIAN_POINT('',(37.457066833919,3.233397404339));
#607 = CARTESIAN_POINT('',(38.318433346398,3.492042814037));
#608 = CARTESIAN_POINT('',(39.179130121669,3.752905702246));
#609 = CARTESIAN_POINT('',(40.946931932522,4.294188014324));
#610 = CARTESIAN_POINT('',(41.853952511537,4.574887662026));
#611 = CARTESIAN_POINT('',(42.760045477358,4.858578856985));
#612 = CARTESIAN_POINT('',(43.665134673228,5.145462565606));
#613 = CARTESIAN_POINT('',(44.569163051551,5.435672098479));
#614 = CARTESIAN_POINT('',(45.472093157122,5.729271548461));
#615 = CARTESIAN_POINT('',(48.078363580082,6.587560271808));
#616 = CARTESIAN_POINT('',(49.778859278872,7.16096058606));
#617 = CARTESIAN_POINT('',(51.475250809033,7.746406830645));
#618 = CARTESIAN_POINT('',(53.167741388657,8.342990503261));
#619 = CARTESIAN_POINT('',(54.856873617383,8.948963537356));
#620 = CARTESIAN_POINT('',(56.543494007318,9.561837977997));
#621 = CARTESIAN_POINT('',(58.650086632999,10.332782258253));
#622 = CARTESIAN_POINT('',(59.071395164796,10.487241031777));
#623 = CARTESIAN_POINT('',(59.492632738049,10.641893259909));
#624 = CARTESIAN_POINT('',(59.913817508428,10.796689185234));
#625 = CARTESIAN_POINT('',(60.334968423747,10.951577090021));
#626 = CARTESIAN_POINT('',(60.756105223969,11.106503296227));
#627 = CARTESIAN_POINT('',(61.420178704863,11.350769065747));
#628 = CARTESIAN_POINT('',(61.663111075894,11.440120229615));
#629 = CARTESIAN_POINT('',(61.906049478583,11.529455002839));
#630 = CARTESIAN_POINT('',(62.148997892428,11.618762560258));
#631 = CARTESIAN_POINT('',(62.391960352133,11.70803190581));
#632 = CARTESIAN_POINT('',(62.634940947615,11.797251872534));
#633 = CARTESIAN_POINT('',(63.379922208648,12.070590079522));
#634 = CARTESIAN_POINT('',(63.881995521013,12.254509915842));
#635 = CARTESIAN_POINT('',(64.384200418055,12.438070915342));
#636 = CARTESIAN_POINT('',(64.886574073185,12.621170448578));
#637 = CARTESIAN_POINT('',(65.389153960806,12.803703564299));
#638 = CARTESIAN_POINT('',(65.89197764086,12.985563580894));
#639 = CARTESIAN_POINT('',(68.029576025349,13.754934706418));
#640 = CARTESIAN_POINT('',(69.667024969626,14.334979952621));
#641 = CARTESIAN_POINT('',(71.30874381612,14.90309221009));
#642 = CARTESIAN_POINT('',(72.955929355721,15.455429614911));
#643 = CARTESIAN_POINT('',(74.609582759666,15.988228858934));
#644 = CARTESIAN_POINT('',(76.270391379774,16.498160431171));
#645 = CARTESIAN_POINT('',(78.67906764242,17.197936438047));
#646 = CARTESIAN_POINT('',(79.421015093232,17.40808467523));
#647 = CARTESIAN_POINT('',(80.164427054078,17.613037067911));
#648 = CARTESIAN_POINT('',(80.909304409915,17.812617568314));
#649 = CARTESIAN_POINT('',(81.655632161833,18.006695557387));
#650 = CARTESIAN_POINT('',(82.403377040361,18.19519479041));
#651 = CARTESIAN_POINT('',(84.571680705124,18.724623222908));
#652 = CARTESIAN_POINT('',(85.995861786358,19.051097957761));
#653 = CARTESIAN_POINT('',(87.424549773246,19.357404980292));
#654 = CARTESIAN_POINT('',(88.857208148659,19.644316083439));
#655 = CARTESIAN_POINT('',(90.293204739882,19.913684262715));
#656 = CARTESIAN_POINT('',(91.731760410398,20.16870318812));
#657 = CARTESIAN_POINT('',(93.171884171138,20.414238305182));
#658 = ( GEOMETRIC_REPRESENTATION_CONTEXT(2) 
PARAMETRIC_REPRESENTATION_CONTEXT() REPRESENTATION_CONTEXT('2D SPACE',''
  ) );
#659 = PCURVE('',#660,#766);
#660 = ( BOUNDED_SURFACE() B_SPLINE_SURFACE(14,6,(
    (#661,#662,#663,#664,#665,#666,#667)
    ,(#668,#669,#670,#671,#672,#673,#674)
    ,(#675,#676,#677,#678,#679,#680,#681)
    ,(#682,#683,#684,#685,#686,#687,#688)
    ,(#689,#690,#691,#692,#693,#694,#695)
    ,(#696,#697,#698,#699,#700,#701,#702)
    ,(#703,#704,#705,#706,#707,#708,#709)
    ,(#710,#711,#712,#713,#714,#715,#716)
    ,(#717,#718,#719,#720,#721,#722,#723)
    ,(#724,#725,#726,#727,#728,#729,#730)
    ,(#731,#732,#733,#734,#735,#736,#737)
    ,(#738,#739,#740,#741,#742,#743,#744)
    ,(#745,#746,#747,#748,#749,#750,#751)
    ,(#752,#753,#754,#755,#756,#757,#758)
    ,(#759,#760,#761,#762,#763,#764,#765
)),.UNSPECIFIED.,.T.,.F.,.F.) B_SPLINE_SURFACE_WITH_KNOTS((15,15),(7,7),
  (0.,1.),(0.,1.),.PIECEWISE_BEZIER_KNOTS.) 
GEOMETRIC_REPRESENTATION_ITEM() RATIONAL_B_SPLINE_SURFACE((
    (1.,1.,1.,1.,1.,1.,1.)
    ,(1.,1.,1.,1.,1.,1.,1.)
    ,(1.,1.,1.,1.,1.,1.,1.)
    ,(1.,1.,1.,1.,1.,1.,1.)
    ,(1.,1.,1.,1.,1.,1.,1.)
    ,(1.,1.,1.,1.,1.,1.,1.)
    ,(1.,1.,1.,1.,1.,1.,1.)
    ,(1.,1.,1.,1.,1.,1.,1.)
    ,(1.,1.,1.,1.,1.,1.,1.)
    ,(1.,1.,1.,1.,1.,1.,1.)
    ,(1.,1.,1.,1.,1.,1.,1.)
    ,(1.,1.,1.,1.,1.,1.,1.)
    ,(1.,1.,1.,1.,1.,1.,1.)
    ,(1.,1.,1.,1.,1.,1.,1.)
,(1.,1.,1.,1.,1.,1.,1.))) REPRESENTATION_ITEM('') SURFACE() );
#661 = CARTESIAN_POINT('',(21.,-26.,-105.));
#662 = CARTESIAN_POINT('',(27.724713615046,-21.28431946383,
    -87.48843493749));
#663 = CARTESIAN_POINT('',(23.224330747318,-12.99653872953,
    -68.04848260382));
#664 = CARTESIAN_POINT('',(21.638259206303,-18.11178204544,
    -46.65367818731));
#665 = CARTESIAN_POINT('',(42.210514590799,-2.067080745318,
    -33.74689762051));
#666 = CARTESIAN_POINT('',(27.953367068007,-4.756946763358,
    -10.31767744547));
#667 = CARTESIAN_POINT('',(36.,-2.495388277643E-14,7.));
#668 = CARTESIAN_POINT('',(21.000000000002,-18.81921679178,-105.));
#669 = CARTESIAN_POINT('',(27.724713615046,-11.88131139701,
    -87.48843493749));
#670 = CARTESIAN_POINT('',(23.224330747326,-4.805997652304,
    -68.04848260382));
#671 = CARTESIAN_POINT('',(21.638259206299,-10.94651034244,
    -46.65367818731));
#672 = CARTESIAN_POINT('',(42.21051459081,11.506963669526,
    -33.74689762051));
#673 = CARTESIAN_POINT('',(27.953367068004,4.762929519573,
    -10.31767744547));
#674 = CARTESIAN_POINT('',(36.000000000008,12.117571663854,7.));
#675 = CARTESIAN_POINT('',(16.444798414805,-11.638430933,-105.));
#676 = CARTESIAN_POINT('',(21.710825071805,-2.478299859313,
    -87.48843493749));
#677 = CARTESIAN_POINT('',(18.18663987894,3.384546448281,-68.04848260382
    ));
#678 = CARTESIAN_POINT('',(16.944610033128,-3.781235994786,
    -46.65367818731));
#679 = CARTESIAN_POINT('',(33.054447782385,25.081013095019,
    -33.74689762051));
#680 = CARTESIAN_POINT('',(21.889880307096,14.282809316433,
    -10.31767744547));
#681 = CARTESIAN_POINT('',(28.191082996787,24.235147800565,7.));
#682 = CARTESIAN_POINT('',(7.334389421048,-6.274890454822,-105.));
#683 = CARTESIAN_POINT('',(9.683040297088,4.545086437168,-87.48843493749
    ));
#684 = CARTESIAN_POINT('',(8.1112517022,9.50230510092,-68.04848260382));
#685 = CARTESIAN_POINT('',(7.557305686191,1.570718479495,-46.65367818731
    ));
#686 = CARTESIAN_POINT('',(14.742302460687,35.219870453197,
    -33.74689762051));
#687 = CARTESIAN_POINT('',(9.76289903355,21.393487958492,-10.31767744547
    ));
#688 = CARTESIAN_POINT('',(12.573239007572,33.286122357475,7.));
#689 = CARTESIAN_POINT('',(-4.968822909489,-4.545638466797,-105.));
#690 = CARTESIAN_POINT('',(-6.559961531769,6.809487119193,
    -87.48843493749));
#691 = CARTESIAN_POINT('',(-5.495123175237,11.474723572976,
    -68.04848260382));
#692 = CARTESIAN_POINT('',(-5.119841812341,3.29623503785,-46.65367818731
    ));
#693 = CARTESIAN_POINT('',(-9.987455806027,38.488726038735,
    -33.74689762051));
#694 = CARTESIAN_POINT('',(-6.614063365771,23.686032449518,
    -10.31767744547));
#695 = CARTESIAN_POINT('',(-8.51798213068,36.204235087305,7.));
#696 = CARTESIAN_POINT('',(-17.74028886851,-7.616370223819,-105.));
#697 = CARTESIAN_POINT('',(-23.4211632539,2.788461188296,-87.48843493749
    ));
#698 = CARTESIAN_POINT('',(-19.61934934407,7.97218716864,-68.04848260382
    ));
#699 = CARTESIAN_POINT('',(-18.27947471162,0.232136497212,
    -46.65367818731));
#700 = CARTESIAN_POINT('',(-35.65841533891,32.684032029298,
    -33.74689762051));
#701 = CARTESIAN_POINT('',(-23.61432412572,19.615029945723,
    -10.31767744547));
#702 = CARTESIAN_POINT('',(-30.41192377438,31.022375247273,7.));
#703 = CARTESIAN_POINT('',(-27.48987573476,-15.34583607578,-105.));
#704 = CARTESIAN_POINT('',(-36.29280628823,-7.333029413502,
    -87.48843493749));
#705 = CARTESIAN_POINT('',(-30.40161744197,-0.84419200926,
    -68.04848260382));
#706 = CARTESIAN_POINT('',(-28.32538365138,-7.48063262104,
    -46.65367818731));
#707 = CARTESIAN_POINT('',(-55.25532384853,18.072796776418,
    -33.74689762051));
#708 = CARTESIAN_POINT('',(-36.59212319332,9.367741242301,
    -10.31767744547));
#709 = CARTESIAN_POINT('',(-47.12550125988,17.978901622136,7.));
#710 = CARTESIAN_POINT('',(-31.16040064309,-25.99999999977,-105.));
#711 = CARTESIAN_POINT('',(-41.13872304608,-21.28431946379,
    -87.48843493749));
#712 = CARTESIAN_POINT('',(-34.46092622555,-12.99653872992,
    -68.04848260382));
#713 = CARTESIAN_POINT('',(-32.10746790996,-18.11178204307,
    -46.65367818731));
#714 = CARTESIAN_POINT('',(-62.63316885621,-2.067080746819,
    -33.74689762051));
#715 = CARTESIAN_POINT('',(-41.47800557956,-4.756946762423,
    -10.31767744547));
#716 = CARTESIAN_POINT('',(-53.41782967355,3.62907517548E-10,7.));
#717 = CARTESIAN_POINT('',(-27.48987573476,-36.65416392462,-105.));
#718 = CARTESIAN_POINT('',(-36.29280628817,-35.23560951422,
    -87.48843493749));
#719 = CARTESIAN_POINT('',(-30.40161744208,-25.14888544911,
    -68.04848260382));
#720 = CARTESIAN_POINT('',(-28.32538365133,-28.74293147415,
    -46.65367818731));
#721 = CARTESIAN_POINT('',(-55.25532384852,-22.20695826434,
    -33.74689762051));
#722 = CARTESIAN_POINT('',(-36.59212319338,-18.88163477071,
    -10.31767744547));
#723 = CARTESIAN_POINT('',(-47.12550125989,-17.9789016228,7.));
#724 = CARTESIAN_POINT('',(-17.74028886851,-44.38362977586,-105.));
#725 = CARTESIAN_POINT('',(-23.42116325399,-45.35710011592,
    -87.48843493749));
#726 = CARTESIAN_POINT('',(-19.61934934391,-33.96526462817,
    -68.04848260382));
#727 = CARTESIAN_POINT('',(-18.2794747117,-36.4557005849,-46.65367818731
    ));
#728 = CARTESIAN_POINT('',(-35.65841533892,-36.81819352192,
    -33.74689762051));
#729 = CARTESIAN_POINT('',(-23.61432412563,-29.12892347116,
    -10.31767744547));
#730 = CARTESIAN_POINT('',(-30.41192377437,-31.02237524676,7.));
#731 = CARTESIAN_POINT('',(-4.968822909488,-47.4543615334,-105.));
#732 = CARTESIAN_POINT('',(-6.559961531692,-49.37812604687,
    -87.48843493749));
#733 = CARTESIAN_POINT('',(-5.49512317538,-37.4678010318,-68.04848260382
    ));
#734 = CARTESIAN_POINT('',(-5.119841812274,-39.51979913063,
    -46.65367818731));
#735 = CARTESIAN_POINT('',(-9.987455806023,-42.62288752821,
    -33.74689762051));
#736 = CARTESIAN_POINT('',(-6.614063365839,-33.19992597699,
    -10.31767744547));
#737 = CARTESIAN_POINT('',(-8.517982130688,-36.20423508762,7.));
#738 = CARTESIAN_POINT('',(7.334389421048,-45.72510954507,-105.));
#739 = CARTESIAN_POINT('',(9.68304029704,-47.11372536483,-87.48843493749
    ));
#740 = CARTESIAN_POINT('',(8.111251702285,-35.49538256006,
    -68.04848260382));
#741 = CARTESIAN_POINT('',(7.557305686153,-37.7942825695,-46.65367818731
    ));
#742 = CARTESIAN_POINT('',(14.742302460684,-39.35403194435,
    -33.74689762051));
#743 = CARTESIAN_POINT('',(9.762899033588,-30.90738148484,
    -10.31767744547));
#744 = CARTESIAN_POINT('',(12.573239007577,-33.28612235731,7.));
#745 = CARTESIAN_POINT('',(16.444798414805,-40.36156906703,-105.));
#746 = CARTESIAN_POINT('',(21.710825071826,-40.09033906835,
    -87.48843493749));
#747 = CARTESIAN_POINT('',(18.186639878905,-29.37762390732,
    -68.04848260382));
#748 = CARTESIAN_POINT('',(16.944610033143,-32.4423280964,
    -46.65367818731));
#749 = CARTESIAN_POINT('',(33.054447782386,-29.21517458548,
    -33.74689762051));
#750 = CARTESIAN_POINT('',(21.889880307082,-23.79670284327,
    -10.31767744547));
#751 = CARTESIAN_POINT('',(28.191082996785,-24.23514780062,7.));
#752 = CARTESIAN_POINT('',(21.000000000002,-33.1807832082,-105.));
#753 = CARTESIAN_POINT('',(27.724713615041,-30.68732753065,
    -87.48843493749));
#754 = CARTESIAN_POINT('',(23.224330747334,-21.18707980676,
    -68.04848260382));
#755 = CARTESIAN_POINT('',(21.638259206295,-25.27705374838,
    -46.65367818731));
#756 = CARTESIAN_POINT('',(42.21051459081,-15.64112516019,
    -33.74689762051));
#757 = CARTESIAN_POINT('',(27.953367068007,-14.27682304626,
    -10.31767744547));
#758 = CARTESIAN_POINT('',(36.000000000009,-12.11757166384,7.));
#759 = CARTESIAN_POINT('',(21.,-26.,-105.));
#760 = CARTESIAN_POINT('',(27.724713615046,-21.28431946383,
    -87.48843493749));
#761 = CARTESIAN_POINT('',(23.224330747317,-12.99653872953,
    -68.04848260382));
#762 = CARTESIAN_POINT('',(21.638259206303,-18.11178204544,
    -46.65367818731));
#763 = CARTESIAN_POINT('',(42.210514590798,-2.067080745318,
    -33.74689762051));
#764 = CARTESIAN_POINT('',(27.953367068007,-4.756946763358,
    -10.31767744547));
#765 = CARTESIAN_POINT('',(36.,3.467826405124E-15,7.));
#766 = DEFINITIONAL_REPRESENTATION('',(#767),#854);
#767 = B_SPLINE_CURVE_WITH_KNOTS('',7,(#768,#769,#770,#771,#772,#773,
    #774,#775,#776,#777,#778,#779,#780,#781,#782,#783,#784,#785,#786,
    #787,#788,#789,#790,#791,#792,#793,#794,#795,#796,#797,#798,#799,
    #800,#801,#802,#803,#804,#805,#806,#807,#808,#809,#810,#811,#812,
    #813,#814,#815,#816,#817,#818,#819,#820,#821,#822,#823,#824,#825,
    #826,#827,#828,#829,#830,#831,#832,#833,#834,#835,#836,#837,#838,
    #839,#840,#841,#842,#843,#844,#845,#846,#847,#848,#849,#850,#851,
    #852,#853),.UNSPECIFIED.,.F.,.F.,(8,6,6,6,6,6,6,6,6,6,6,6,6,6,8),(0.
    ,0.123007468752,0.243815480688,0.310487696629,0.34495492431,
    0.37199371062,0.435779130065,0.503117833679,0.630389973702,
    0.662215403297,0.68057343374,0.718496171956,0.841700036841,
    0.896389692696,1.),.UNSPECIFIED.);
#768 = CARTESIAN_POINT('',(0.338102733196,2.19669799514E-02));
#769 = CARTESIAN_POINT('',(0.333411980374,3.533186300659E-02));
#770 = CARTESIAN_POINT('',(0.329246805818,4.885803823908E-02));
#771 = CARTESIAN_POINT('',(0.325465438044,6.251273496125E-02));
#772 = CARTESIAN_POINT('',(0.321978252077,7.627436505557E-02));
#773 = CARTESIAN_POINT('',(0.318717606159,9.012451620445E-02));
#774 = CARTESIAN_POINT('',(0.315633179561,0.104047754767));
#775 = CARTESIAN_POINT('',(0.309791435805,0.131763593796));
#776 = CARTESIAN_POINT('',(0.307029324138,0.145553813797));
#777 = CARTESIAN_POINT('',(0.304362584872,0.159389508396));
#778 = CARTESIAN_POINT('',(0.301765006302,0.173261370121));
#779 = CARTESIAN_POINT('',(0.299217359178,0.187162228614));
#780 = CARTESIAN_POINT('',(0.296706217302,0.201087197212));
#781 = CARTESIAN_POINT('',(0.292851917956,0.222730657863));
#782 = CARTESIAN_POINT('',(0.291489642006,0.230434033467));
#783 = CARTESIAN_POINT('',(0.290134266149,0.238143409631));
#784 = CARTESIAN_POINT('',(0.288784727989,0.245858392256));
#785 = CARTESIAN_POINT('',(0.287440345575,0.253578664928));
#786 = CARTESIAN_POINT('',(0.28610076012,0.26130399054));
#787 = CARTESIAN_POINT('',(0.284075791262,0.273030470281));
#788 = CARTESIAN_POINT('',(0.283386961388,0.277028028248));
#789 = CARTESIAN_POINT('',(0.282699379753,0.281026859977));
#790 = CARTESIAN_POINT('',(0.282013053921,0.285026939));
#791 = CARTESIAN_POINT('',(0.281328008377,0.289028239211));
#792 = CARTESIAN_POINT('',(0.280644284531,0.293030734867));
#793 = CARTESIAN_POINT('',(0.279426656911,0.300175188787));
#794 = CARTESIAN_POINT('',(0.27889222154,0.303316696485));
#795 = CARTESIAN_POINT('',(0.278358662356,0.306458911104));
#796 = CARTESIAN_POINT('',(0.277826011559,0.309601819436));
#797 = CARTESIAN_POINT('',(0.27729430579,0.312745407648));
#798 = CARTESIAN_POINT('',(0.276763586134,0.315889661279));
#799 = CARTESIAN_POINT('',(0.274984346012,0.326453500994));
#800 = CARTESIAN_POINT('',(0.273740533501,0.333876053086));
#801 = CARTESIAN_POINT('',(0.27250304926,0.341302025874));
#802 = CARTESIAN_POINT('',(0.271272591502,0.348731189291));
#803 = CARTESIAN_POINT('',(0.270049925756,0.356163282455));
#804 = CARTESIAN_POINT('',(0.268835842659,0.363598017266));
#805 = CARTESIAN_POINT('',(0.266359277291,0.378886442136));
#806 = CARTESIAN_POINT('',(0.265097864167,0.386740409674));
#807 = CARTESIAN_POINT('',(0.263847794503,0.394596600729));
#808 = CARTESIAN_POINT('',(0.262609957414,0.402454625228));
#809 = CARTESIAN_POINT('',(0.261385176369,0.410314092812));
#810 = CARTESIAN_POINT('',(0.260174172558,0.418174618738));
#811 = CARTESIAN_POINT('',(0.256715835168,0.440893750979));
#812 = CARTESIAN_POINT('',(0.254505405008,0.455754338902));
#813 = CARTESIAN_POINT('',(0.25235024356,0.470614856063));
#814 = CARTESIAN_POINT('',(0.250252521588,0.485473530114));
#815 = CARTESIAN_POINT('',(0.24821214597,0.500329685218));
#816 = CARTESIAN_POINT('',(0.246226801616,0.515183779874));
#817 = CARTESIAN_POINT('',(0.243808767418,0.533751607015));
#818 = CARTESIAN_POINT('',(0.243328259221,0.537465837019));
#819 = CARTESIAN_POINT('',(0.24285087564,0.541180067818));
#820 = CARTESIAN_POINT('',(0.24237654654,0.54489432963));
#821 = CARTESIAN_POINT('',(0.241905195581,0.548608656278));
#822 = CARTESIAN_POINT('',(0.24143674022,0.552323085181));
#823 = CARTESIAN_POINT('',(0.240702489226,0.558180353628));
#824 = CARTESIAN_POINT('',(0.240434820789,0.560323097424));
#825 = CARTESIAN_POINT('',(0.240168069436,0.562465896551));
#826 = CARTESIAN_POINT('',(0.239902217646,0.56460875906));
#827 = CARTESIAN_POINT('',(0.239637247336,0.566751693249));
#828 = CARTESIAN_POINT('',(0.239373139866,0.568894707666));
#829 = CARTESIAN_POINT('',(0.238566043988,0.575464884637));
#830 = CARTESIAN_POINT('',(0.238025812166,0.57989233679));
#831 = CARTESIAN_POINT('',(0.237489011446,0.58432024654));
#832 = CARTESIAN_POINT('',(0.236955463681,0.588748693961));
#833 = CARTESIAN_POINT('',(0.236424982817,0.593177759811));
#834 = CARTESIAN_POINT('',(0.235897376014,0.597607525112));
#835 = CARTESIAN_POINT('',(0.233667041577,0.616432082628));
#836 = CARTESIAN_POINT('',(0.231989893379,0.630834218405));
#837 = CARTESIAN_POINT('',(0.230334151007,0.645247524682));
#838 = CARTESIAN_POINT('',(0.228692477851,0.659674134568));
#839 = CARTESIAN_POINT('',(0.227057370104,0.674115161408));
#840 = CARTESIAN_POINT('',(0.225421721957,0.688570474527));
#841 = CARTESIAN_POINT('',(0.223050720883,0.70946058668));
#842 = CARTESIAN_POINT('',(0.222320539622,0.715885274378));
#843 = CARTESIAN_POINT('',(0.221588582674,0.722312231918));
#844 = CARTESIAN_POINT('',(0.220854381796,0.728741251132));
#845 = CARTESIAN_POINT('',(0.22011752921,0.735172101367));
#846 = CARTESIAN_POINT('',(0.219377697029,0.741604526974));
#847 = CARTESIAN_POINT('',(0.217226956456,0.760227011935));
#848 = CARTESIAN_POINT('',(0.2158076511,0.772421214684));
#849 = CARTESIAN_POINT('',(0.214375302389,0.784617954041));
#850 = CARTESIAN_POINT('',(0.212929593644,0.796815808784));
#851 = CARTESIAN_POINT('',(0.211471867587,0.809014869689));
#852 = CARTESIAN_POINT('',(0.210005965707,0.821216769883));
#853 = CARTESIAN_POINT('',(0.208539369114,0.833424711345));
#854 = ( GEOMETRIC_REPRESENTATION_CONTEXT(2) 
PARAMETRIC_REPRESENTATION_CONTEXT() REPRESENTATION_CONTEXT('2D SPACE',''
  ) );
#855 = ADVANCED_FACE('',(#856),#44,.T.);
#856 = FACE_BOUND('',#857,.T.);
#857 = EDGE_LOOP('',(#858,#888,#915,#916));
#858 = ORIENTED_EDGE('',*,*,#859,.T.);
#859 = EDGE_CURVE('',#860,#862,#864,.T.);
#860 = VERTEX_POINT('',#861);
#861 = CARTESIAN_POINT('',(-8.534965765538,-10.43199357029,
    -103.321985546));
#862 = VERTEX_POINT('',#863);
#863 = CARTESIAN_POINT('',(-8.534965765538,-40.64373523731,
    -103.321985546));
#864 = SURFACE_CURVE('',#865,(#869,#876),.PCURVE_S1.);
#865 = LINE('',#866,#867);
#866 = CARTESIAN_POINT('',(-8.534965765538,45.,-103.321985546));
#867 = VECTOR('',#868,1.);
#868 = DIRECTION('',(0.,-1.,0.));
#869 = PCURVE('',#44,#870);
#870 = DEFINITIONAL_REPRESENTATION('',(#871),#875);
#871 = LINE('',#872,#873);
#872 = CARTESIAN_POINT('',(0.,45.));
#873 = VECTOR('',#874,1.);
#874 = DIRECTION('',(0.,-1.));
#875 = ( GEOMETRIC_REPRESENTATION_CONTEXT(2) 
PARAMETRIC_REPRESENTATION_CONTEXT() REPRESENTATION_CONTEXT('2D SPACE',''
  ) );
#876 = PCURVE('',#877,#882);
#877 = PLANE('',#878);
#878 = AXIS2_PLACEMENT_3D('',#879,#880,#881);
#879 = CARTESIAN_POINT('',(11.465034234462,0.,-12.32198554603));
#880 = DIRECTION('',(0.976689489641,0.,-0.21465703069));
#881 = DIRECTION('',(-0.21465703069,0.,-0.976689489641));
#882 = DEFINITIONAL_REPRESENTATION('',(#883),#887);
#883 = LINE('',#884,#885);
#884 = CARTESIAN_POINT('',(93.171884171138,45.));
#885 = VECTOR('',#886,1.);
#886 = DIRECTION('',(-0.,-1.));
#887 = ( GEOMETRIC_REPRESENTATION_CONTEXT(2) 
PARAMETRIC_REPRESENTATION_CONTEXT() REPRESENTATION_CONTEXT('2D SPACE',''
  ) );
#888 = ORIENTED_EDGE('',*,*,#889,.F.);
#889 = EDGE_CURVE('',#24,#862,#890,.T.);
#890 = SURFACE_CURVE('',#891,(#897,#906),.PCURVE_S1.);
#891 = B_SPLINE_CURVE_WITH_KNOTS('',4,(#892,#893,#894,#895,#896),
  .UNSPECIFIED.,.F.,.F.,(5,5),(0.,1.),.PIECEWISE_BEZIER_KNOTS.);
#892 = CARTESIAN_POINT('',(-11.46503423446,-39.47602364136,
    -102.6780144539));
#893 = CARTESIAN_POINT('',(-10.75074263261,-39.81313845096,
    -102.8350016192));
#894 = CARTESIAN_POINT('',(-10.02282602622,-40.11997434548,
    -102.9949832909));
#895 = CARTESIAN_POINT('',(-9.283603933716,-40.39680780608,
    -103.1574496848));
#896 = CARTESIAN_POINT('',(-8.534965765538,-40.64373523731,
    -103.321985546));
#897 = PCURVE('',#44,#898);
#898 = DEFINITIONAL_REPRESENTATION('',(#899),#905);
#899 = B_SPLINE_CURVE_WITH_KNOTS('',4,(#900,#901,#902,#903,#904),
  .UNSPECIFIED.,.F.,.F.,(5,5),(0.,1.),.PIECEWISE_BEZIER_KNOTS.);
#900 = CARTESIAN_POINT('',(3.,-39.47602364136));
#901 = CARTESIAN_POINT('',(2.268660501186,-39.81313845096));
#902 = CARTESIAN_POINT('',(1.52337081177,-40.11997434548));
#903 = CARTESIAN_POINT('',(0.766505809797,-40.39680780608));
#904 = CARTESIAN_POINT('',(0.,-40.64373523731));
#905 = ( GEOMETRIC_REPRESENTATION_CONTEXT(2) 
PARAMETRIC_REPRESENTATION_CONTEXT() REPRESENTATION_CONTEXT('2D SPACE',''
  ) );
#906 = PCURVE('',#250,#907);
#907 = DEFINITIONAL_REPRESENTATION('',(#908),#914);
#908 = B_SPLINE_CURVE_WITH_KNOTS('',4,(#909,#910,#911,#912,#913),
  .UNSPECIFIED.,.F.,.F.,(5,5),(0.,1.),.PIECEWISE_BEZIER_KNOTS.);
#909 = CARTESIAN_POINT('',(0.661897266804,2.19669799514E-02));
#910 = CARTESIAN_POINT('',(0.667803189039,2.04906291993E-02));
#911 = CARTESIAN_POINT('',(0.673672626832,1.898455767997E-02));
#912 = CARTESIAN_POINT('',(0.67951741394,1.745341284939E-02));
#913 = CARTESIAN_POINT('',(0.685348971787,1.590100088278E-02));
#914 = ( GEOMETRIC_REPRESENTATION_CONTEXT(2) 
PARAMETRIC_REPRESENTATION_CONTEXT() REPRESENTATION_CONTEXT('2D SPACE',''
  ) );
#915 = ORIENTED_EDGE('',*,*,#21,.F.);
#916 = ORIENTED_EDGE('',*,*,#917,.F.);
#917 = EDGE_CURVE('',#860,#22,#918,.T.);
#918 = SURFACE_CURVE('',#919,(#926,#936),.PCURVE_S1.);
#919 = B_SPLINE_CURVE_WITH_KNOTS('',5,(#920,#921,#922,#923,#924,#925),
  .UNSPECIFIED.,.F.,.F.,(6,6),(0.,1.),.PIECEWISE_BEZIER_KNOTS.);
#920 = CARTESIAN_POINT('',(-8.534965765538,-10.43199357029,
    -103.321985546));
#921 = CARTESIAN_POINT('',(-9.130099797355,-10.55485423801,
    -103.1911868577));
#922 = CARTESIAN_POINT('',(-9.721571683961,-10.69628479848,
    -103.0611930364));
#923 = CARTESIAN_POINT('',(-10.30855325053,-10.85666935272,
    -102.9321860987));
#924 = CARTESIAN_POINT('',(-10.89007636116,-11.03643389286,
    -102.8043788217));
#925 = CARTESIAN_POINT('',(-11.46503423446,-11.23603911356,
    -102.6780144539));
#926 = PCURVE('',#44,#927);
#927 = DEFINITIONAL_REPRESENTATION('',(#928),#935);
#928 = B_SPLINE_CURVE_WITH_KNOTS('',5,(#929,#930,#931,#932,#933,#934),
  .UNSPECIFIED.,.F.,.F.,(6,6),(0.,1.),.PIECEWISE_BEZIER_KNOTS.);
#929 = CARTESIAN_POINT('',(0.,-10.43199357029));
#930 = CARTESIAN_POINT('',(0.609338011854,-10.55485423801));
#931 = CARTESIAN_POINT('',(1.214926474594,-10.69628479848));
#932 = CARTESIAN_POINT('',(1.815917447464,-10.85666935272));
#933 = CARTESIAN_POINT('',(2.411319688192,-11.03643389286));
#934 = CARTESIAN_POINT('',(3.,-11.23603911356));
#935 = ( GEOMETRIC_REPRESENTATION_CONTEXT(2) 
PARAMETRIC_REPRESENTATION_CONTEXT() REPRESENTATION_CONTEXT('2D SPACE',''
  ) );
#936 = PCURVE('',#660,#937);
#937 = DEFINITIONAL_REPRESENTATION('',(#938),#945);
#938 = B_SPLINE_CURVE_WITH_KNOTS('',5,(#939,#940,#941,#942,#943,#944),
  .UNSPECIFIED.,.F.,.F.,(6,6),(0.,1.),.PIECEWISE_BEZIER_KNOTS.);
#939 = CARTESIAN_POINT('',(0.314651028213,1.590100088278E-02));
#940 = CARTESIAN_POINT('',(0.319286857217,1.713509931911E-02));
#941 = CARTESIAN_POINT('',(0.323945430845,1.836057193598E-02));
#942 = CARTESIAN_POINT('',(0.328631303455,1.957573217029E-02));
#943 = CARTESIAN_POINT('',(0.333348853297,2.077861446247E-02));
#944 = CARTESIAN_POINT('',(0.338102733196,2.19669799514E-02));
#945 = ( GEOMETRIC_REPRESENTATION_CONTEXT(2) 
PARAMETRIC_REPRESENTATION_CONTEXT() REPRESENTATION_CONTEXT('2D SPACE',''
  ) );
#946 = ADVANCED_FACE('',(#947),#660,.T.);
#947 = FACE_BOUND('',#948,.T.);
#948 = EDGE_LOOP('',(#949,#950,#951,#980));
#949 = ORIENTED_EDGE('',*,*,#917,.T.);
#950 = ORIENTED_EDGE('',*,*,#480,.T.);
#951 = ORIENTED_EDGE('',*,*,#952,.T.);
#952 = EDGE_CURVE('',#453,#953,#955,.T.);
#953 = VERTEX_POINT('',#954);
#954 = CARTESIAN_POINT('',(11.465034234462,19.581755470341,
    -12.32198554603));
#955 = SURFACE_CURVE('',#956,(#962,#971),.PCURVE_S1.);
#956 = B_SPLINE_CURVE_WITH_KNOTS('',4,(#957,#958,#959,#960,#961),
  .UNSPECIFIED.,.F.,.F.,(5,5),(0.,1.),.PIECEWISE_BEZIER_KNOTS.);
#957 = CARTESIAN_POINT('',(8.534965765538,20.414238305182,
    -11.67801445396));
#958 = CARTESIAN_POINT('',(9.274222572337,20.232139139552,
    -11.84048847743));
#959 = CARTESIAN_POINT('',(10.009418375601,20.032760096075,
    -12.00206997266));
#960 = CARTESIAN_POINT('',(10.739924159201,19.81601317797,
    -12.16262069433));
#961 = CARTESIAN_POINT('',(11.465034234462,19.581755470341,
    -12.32198554603));
#962 = PCURVE('',#660,#963);
#963 = DEFINITIONAL_REPRESENTATION('',(#964),#970);
#964 = B_SPLINE_CURVE_WITH_KNOTS('',4,(#965,#966,#967,#968,#969),
  .UNSPECIFIED.,.F.,.F.,(5,5),(0.,1.),.PIECEWISE_BEZIER_KNOTS.);
#965 = CARTESIAN_POINT('',(0.208539369114,0.833424711345));
#966 = CARTESIAN_POINT('',(0.204856664553,0.832014545981));
#967 = CARTESIAN_POINT('',(0.201162020476,0.830612016619));
#968 = CARTESIAN_POINT('',(0.197452912172,0.82921829648));
#969 = CARTESIAN_POINT('',(0.193726671483,0.827834711693));
#970 = ( GEOMETRIC_REPRESENTATION_CONTEXT(2) 
PARAMETRIC_REPRESENTATION_CONTEXT() REPRESENTATION_CONTEXT('2D SPACE',''
  ) );
#971 = PCURVE('',#468,#972);
#972 = DEFINITIONAL_REPRESENTATION('',(#973),#979);
#973 = B_SPLINE_CURVE_WITH_KNOTS('',4,(#974,#975,#976,#977,#978),
  .UNSPECIFIED.,.F.,.F.,(5,5),(0.,1.),.PIECEWISE_BEZIER_KNOTS.);
#974 = CARTESIAN_POINT('',(0.,20.414238305182));
#975 = CARTESIAN_POINT('',(0.756900544789,20.232139139552));
#976 = CARTESIAN_POINT('',(1.509643162644,20.032760096075));
#977 = CARTESIAN_POINT('',(2.257583824797,19.81601317797));
#978 = CARTESIAN_POINT('',(3.,19.581755470341));
#979 = ( GEOMETRIC_REPRESENTATION_CONTEXT(2) 
PARAMETRIC_REPRESENTATION_CONTEXT() REPRESENTATION_CONTEXT('2D SPACE',''
  ) );
#980 = ORIENTED_EDGE('',*,*,#981,.F.);
#981 = EDGE_CURVE('',#860,#953,#982,.T.);
#982 = SURFACE_CURVE('',#983,(#1058,#1136),.PCURVE_S1.);
#983 = B_SPLINE_CURVE_WITH_KNOTS('',7,(#984,#985,#986,#987,#988,#989,
    #990,#991,#992,#993,#994,#995,#996,#997,#998,#999,#1000,#1001,#1002,
    #1003,#1004,#1005,#1006,#1007,#1008,#1009,#1010,#1011,#1012,#1013,
    #1014,#1015,#1016,#1017,#1018,#1019,#1020,#1021,#1022,#1023,#1024,
    #1025,#1026,#1027,#1028,#1029,#1030,#1031,#1032,#1033,#1034,#1035,
    #1036,#1037,#1038,#1039,#1040,#1041,#1042,#1043,#1044,#1045,#1046,
    #1047,#1048,#1049,#1050,#1051,#1052,#1053,#1054,#1055,#1056,#1057),
  .UNSPECIFIED.,.F.,.F.,(8,6,6,6,6,6,6,6,6,6,6,6,8),(0.,0.130815098183,
    0.261182608947,0.32038491806,0.353608678641,0.412549883033,
    0.509311553974,0.639061528643,0.673353054384,0.701517976974,
    0.761474560244,0.904134980783,1.),.UNSPECIFIED.);
#984 = CARTESIAN_POINT('',(-8.534965765538,-10.43199357029,
    -103.321985546));
#985 = CARTESIAN_POINT('',(-8.198507557385,-9.478857318978,
    -101.7911006989));
#986 = CARTESIAN_POINT('',(-7.856104092309,-8.57093144617,
    -100.2331649328));
#987 = CARTESIAN_POINT('',(-7.50819626538,-7.708891927333,
    -98.65018432031));
#988 = CARTESIAN_POINT('',(-7.155190141965,-6.893113744317,
    -97.04400645877));
#989 = CARTESIAN_POINT('',(-6.797582808776,-6.122565542341,
    -95.41689309276));
#990 = CARTESIAN_POINT('',(-6.435936142576,-5.395055704833,
    -93.77140076155));
#991 = CARTESIAN_POINT('',(-5.707035891584,-4.022114041057,
    -90.45490461954));
#992 = CARTESIAN_POINT('',(-5.339788888267,-3.376379002063,
    -88.78393075445));
#993 = CARTESIAN_POINT('',(-4.969667232473,-2.766965621994,
    -87.09987722058));
#994 = CARTESIAN_POINT('',(-4.597206251302,-2.189618609941,
    -85.40517975626));
#995 = CARTESIAN_POINT('',(-4.222906356673,-1.639398383795,
    -83.70211523569));
#996 = CARTESIAN_POINT('',(-3.847202625427,-1.111102912959,
    -81.99266325853));
#997 = CARTESIAN_POINT('',(-3.299352521967,-0.367233365969,
    -79.49994528778));
#998 = CARTESIAN_POINT('',(-3.128044304985,-0.138377779536,
    -78.72049290051));
#999 = CARTESIAN_POINT('',(-2.956554238255,8.750918054022E-02,
    -77.94021309689));
#1000 = CARTESIAN_POINT('',(-2.784914492935,0.310908700555,
    -77.15925225568));
#1001 = CARTESIAN_POINT('',(-2.613155345536,0.532293485626,
    -76.37774813502));
#1002 = CARTESIAN_POINT('',(-2.441304890916,0.752122982686,
    -75.5958285665));
#1003 = CARTESIAN_POINT('',(-2.172911090521,1.093579684511,
    -74.3746367747));
#1004 = CARTESIAN_POINT('',(-2.07641286536,1.215969703496,
    -73.93556985022));
#1005 = CARTESIAN_POINT('',(-1.979898709364,1.338086867457,
    -73.49643044044));
#1006 = CARTESIAN_POINT('',(-1.883373094917,1.460007158751,
    -73.0572388947));
#1007 = CARTESIAN_POINT('',(-1.786840337206,1.581804335062,
    -72.61801484712));
#1008 = CARTESIAN_POINT('',(-1.690304594224,1.703549929401,
    -72.17877721655));
#1009 = CARTESIAN_POINT('',(-1.422510713593,2.04132963862,
    -70.96031505968));
#1010 = CARTESIAN_POINT('',(-1.251254913825,2.257401214517,
    -70.18110117073));
#1011 = CARTESIAN_POINT('',(-1.080024623784,2.473913769283,
    -69.40200335105));
#1012 = CARTESIAN_POINT('',(-0.908840852589,2.691226820113,
    -68.62311719211));
#1013 = CARTESIAN_POINT('',(-0.737723273757,2.909670384827,
    -67.84453220842));
#1014 = CARTESIAN_POINT('',(-0.566690036803,3.12954175677,
    -67.06633098028));
#1015 = CARTESIAN_POINT('',(-0.115143865227,3.714830280143,
    -65.01179589961));
#1016 = CARTESIAN_POINT('',(0.165199372969,4.083112256487,
    -63.73623416582));
#1017 = CARTESIAN_POINT('',(0.445196577377,4.457101333868,
    -62.46224688576));
#1018 = CARTESIAN_POINT('',(0.724785256102,4.837693355284,
    -61.19011839757));
#1019 = CARTESIAN_POINT('',(1.003918120585,5.225492691541,
    -59.92006386417));
#1020 = CARTESIAN_POINT('',(1.282564174391,5.620794669195,
    -58.65222431935));
#1021 = CARTESIAN_POINT('',(1.933679288576,6.56369502347,-55.68965054981
    ));
#1022 = CARTESIAN_POINT('',(2.305756508808,7.117281321858,
    -53.99669919775));
#1023 = CARTESIAN_POINT('',(2.676901470165,7.684305921557,
    -52.30798962358));
#1024 = CARTESIAN_POINT('',(3.047156118444,8.263766773602,
    -50.62333097391));
#1025 = CARTESIAN_POINT('',(3.416641571859,8.853719238974,
    -48.94217216087));
#1026 = CARTESIAN_POINT('',(3.785549612746,9.451392780711,
    -47.26364057484));
#1027 = CARTESIAN_POINT('',(4.2515385392,10.212507181565,-45.14339095947
    ));
#1028 = CARTESIAN_POINT('',(4.348926845776,10.371915265612,
    -44.70027416455));
#1029 = CARTESIAN_POINT('',(4.446296988151,10.53156404319,
    -44.25724001675));
#1030 = CARTESIAN_POINT('',(4.543653867918,10.691388185193,
    -43.81426621381));
#1031 = CARTESIAN_POINT('',(4.641002608656,10.851319721737,
    -43.37132944345));
#1032 = CARTESIAN_POINT('',(4.738348555928,11.011288042165,
    -42.92840538336));
#1033 = CARTESIAN_POINT('',(4.91565345135,11.302577953885,
    -42.12166810919));
#1034 = CARTESIAN_POINT('',(4.995611471086,11.433911546771,
    -41.75785911939));
#1035 = CARTESIAN_POINT('',(5.075574416568,11.565180130582,
    -41.39402771745));
#1036 = CARTESIAN_POINT('',(5.155545417048,11.696342302238,
    -41.03015966526));
#1037 = CARTESIAN_POINT('',(5.235527650962,11.827355798694,
    -40.66624050095));
#1038 = CARTESIAN_POINT('',(5.315524345924,11.958177496946,
    -40.30225553888));
#1039 = CARTESIAN_POINT('',(5.565870935247,12.366750523204,
    -39.16317855746));
#1040 = CARTESIAN_POINT('',(5.736283140613,12.643668828824,
    -38.38780302304));
#1041 = CARTESIAN_POINT('',(5.906807278756,12.91909651068,
    -37.61191819449));
#1042 = CARTESIAN_POINT('',(6.077475130375,13.192595844089,
    -36.83537946963));
#1043 = CARTESIAN_POINT('',(6.248317857422,13.463720198013,
    -36.05804506156));
#1044 = CARTESIAN_POINT('',(6.419365487588,13.732021033193,
    -35.2797783443));
#1045 = CARTESIAN_POINT('',(6.998191417032,14.627675273767,
    -32.64612036534));
#1046 = CARTESIAN_POINT('',(7.407079963912,15.239835622093,
    -30.78567747703));
#1047 = CARTESIAN_POINT('',(7.8176632155,15.827514568248,-28.9175236823)
  );
#1048 = CARTESIAN_POINT('',(8.230219854949,16.384861714834,
    -27.04039097281));
#1049 = CARTESIAN_POINT('',(8.644916150106,16.906849859849,
    -25.15352282985));
#1050 = CARTESIAN_POINT('',(9.061747472859,17.390226921266,
    -23.25694031132));
#1051 = CARTESIAN_POINT('',(9.761828755967,18.13349021341,
    -20.07157047318));
#1052 = CARTESIAN_POINT('',(10.044067041888,18.414698309247,
    -18.78738627224));
#1053 = CARTESIAN_POINT('',(10.327093884914,18.678310668579,
    -17.49961413647));
#1054 = CARTESIAN_POINT('',(10.610818961357,18.92491604696,
    -16.20866503866));
#1055 = CARTESIAN_POINT('',(10.895138521069,19.155906206327,
    -14.91501104197));
#1056 = CARTESIAN_POINT('',(11.179928236193,19.373656712734,
    -13.61921783815));
#1057 = CARTESIAN_POINT('',(11.465034234462,19.581755470341,
    -12.32198554603));
#1058 = PCURVE('',#660,#1059);
#1059 = DEFINITIONAL_REPRESENTATION('',(#1060),#1135);
#1060 = B_SPLINE_CURVE_WITH_KNOTS('',7,(#1061,#1062,#1063,#1064,#1065,
    #1066,#1067,#1068,#1069,#1070,#1071,#1072,#1073,#1074,#1075,#1076,
    #1077,#1078,#1079,#1080,#1081,#1082,#1083,#1084,#1085,#1086,#1087,
    #1088,#1089,#1090,#1091,#1092,#1093,#1094,#1095,#1096,#1097,#1098,
    #1099,#1100,#1101,#1102,#1103,#1104,#1105,#1106,#1107,#1108,#1109,
    #1110,#1111,#1112,#1113,#1114,#1115,#1116,#1117,#1118,#1119,#1120,
    #1121,#1122,#1123,#1124,#1125,#1126,#1127,#1128,#1129,#1130,#1131,
    #1132,#1133,#1134),.UNSPECIFIED.,.F.,.F.,(8,6,6,6,6,6,6,6,6,6,6,6,8)
  ,(0.,0.130815098183,0.261182608947,0.32038491806,0.353608678641,
    0.412549883033,0.509311553974,0.639061528643,0.673353054384,
    0.701517976974,0.761474560244,0.904134980783,1.),.UNSPECIFIED.);
#1061 = CARTESIAN_POINT('',(0.314651028213,1.590100088278E-02));
#1062 = CARTESIAN_POINT('',(0.310340496012,3.034504936984E-02));
#1063 = CARTESIAN_POINT('',(0.306502703436,4.491240219193E-02));
#1064 = CARTESIAN_POINT('',(0.302995439559,5.958255104146E-02));
#1065 = CARTESIAN_POINT('',(0.29973401834,7.434162447326E-02));
#1066 = CARTESIAN_POINT('',(0.29665537781,8.917599077126E-02));
#1067 = CARTESIAN_POINT('',(0.293714542397,0.104072500784));
#1068 = CARTESIAN_POINT('',(0.288050994077,0.133912265844));
#1069 = CARTESIAN_POINT('',(0.28532745635,0.148855876552));
#1070 = CARTESIAN_POINT('',(0.28267377213,0.163838090647));
#1071 = CARTESIAN_POINT('',(0.280067838094,0.178850571094));
#1072 = CARTESIAN_POINT('',(0.277494906689,0.193887132237));
#1073 = CARTESIAN_POINT('',(0.274946339039,0.208943977107));
#1074 = CARTESIAN_POINT('',(0.271269711227,0.230866109846));
#1075 = CARTESIAN_POINT('',(0.27012567286,0.237716211977));
#1076 = CARTESIAN_POINT('',(0.268985412647,0.244570018993));
#1077 = CARTESIAN_POINT('',(0.267848746204,0.251427402961));
#1078 = CARTESIAN_POINT('',(0.266715663892,0.258288264714));
#1079 = CARTESIAN_POINT('',(0.265586302288,0.265152535392));
#1080 = CARTESIAN_POINT('',(0.263829359633,0.275874232263));
#1081 = CARTESIAN_POINT('',(0.263199055504,0.279729343328));
#1082 = CARTESIAN_POINT('',(0.262570050696,0.283585501216));
#1083 = CARTESIAN_POINT('',(0.261942402555,0.287442695098));
#1084 = CARTESIAN_POINT('',(0.261316178351,0.29130091327));
#1085 = CARTESIAN_POINT('',(0.260691455285,0.295160143151));
#1086 = CARTESIAN_POINT('',(0.258962837084,0.305868677785));
#1087 = CARTESIAN_POINT('',(0.257862350963,0.312720119068));
#1088 = CARTESIAN_POINT('',(0.256767337409,0.319574625042));
#1089 = CARTESIAN_POINT('',(0.255678349218,0.326432093796));
#1090 = CARTESIAN_POINT('',(0.254595988923,0.333292394067));
#1091 = CARTESIAN_POINT('',(0.253520881016,0.340155367708));
#1092 = CARTESIAN_POINT('',(0.250701599567,0.358291620012));
#1093 = CARTESIAN_POINT('',(0.248970761544,0.369569166476));
#1094 = CARTESIAN_POINT('',(0.247263885703,0.380852552072));
#1095 = CARTESIAN_POINT('',(0.24558369492,0.392140712303));
#1096 = CARTESIAN_POINT('',(0.243932556039,0.403432480414));
#1097 = CARTESIAN_POINT('',(0.242312265787,0.414726628205));
#1098 = CARTESIAN_POINT('',(0.238594130856,0.441168004075));
#1099 = CARTESIAN_POINT('',(0.236521750484,0.456316472612));
#1100 = CARTESIAN_POINT('',(0.234509554057,0.471464155739));
#1101 = CARTESIAN_POINT('',(0.232557903519,0.48660895361));
#1102 = CARTESIAN_POINT('',(0.230664544646,0.501749974855));
#1103 = CARTESIAN_POINT('',(0.228824838537,0.516887580431));
#1104 = CARTESIAN_POINT('',(0.22655874528,0.536023530704));
#1105 = CARTESIAN_POINT('',(0.226088341437,0.540023622699));
#1106 = CARTESIAN_POINT('',(0.225621123415,0.54402362622));
#1107 = CARTESIAN_POINT('',(0.225156965337,0.54802357857));
#1108 = CARTESIAN_POINT('',(0.22469573394,0.552023521888));
#1109 = CARTESIAN_POINT('',(0.224237288569,0.556023503156));
#1110 = CARTESIAN_POINT('',(0.223407109389,0.563308983301));
#1111 = CARTESIAN_POINT('',(0.223034517615,0.566594452315));
#1112 = CARTESIAN_POINT('',(0.222663623986,0.569880009879));
#1113 = CARTESIAN_POINT('',(0.222294344284,0.57316568568));
#1114 = CARTESIAN_POINT('',(0.221926591941,0.576451510443));
#1115 = CARTESIAN_POINT('',(0.221560278038,0.579737515931));
#1116 = CARTESIAN_POINT('',(0.220418381855,0.590019332522));
#1117 = CARTESIAN_POINT('',(0.219647559315,0.597015884588));
#1118 = CARTESIAN_POINT('',(0.218881964869,0.604013723146));
#1119 = CARTESIAN_POINT('',(0.218120683368,0.611013164032));
#1120 = CARTESIAN_POINT('',(0.217362776084,0.618014502377));
#1121 = CARTESIAN_POINT('',(0.216607293441,0.625018008066));
#1122 = CARTESIAN_POINT('',(0.214059210068,0.648693758912));
#1123 = CARTESIAN_POINT('',(0.212273402403,0.665378158974));
#1124 = CARTESIAN_POINT('',(0.210483197572,0.682079091141));
#1125 = CARTESIAN_POINT('',(0.208676232193,0.698796813664));
#1126 = CARTESIAN_POINT('',(0.206841158716,0.715529777802));
#1127 = CARTESIAN_POINT('',(0.204969565317,0.732274238314));
#1128 = CARTESIAN_POINT('',(0.201775310694,0.76027879396));
#1129 = CARTESIAN_POINT('',(0.200473875914,0.771537047379));
#1130 = CARTESIAN_POINT('',(0.199154121219,0.782796081186));
#1131 = CARTESIAN_POINT('',(0.197816450658,0.79405476535));
#1132 = CARTESIAN_POINT('',(0.196462772629,0.80531311505));
#1133 = CARTESIAN_POINT('',(0.195097149049,0.816572310697));
#1134 = CARTESIAN_POINT('',(0.193726671483,0.827834711693));
#1135 = ( GEOMETRIC_REPRESENTATION_CONTEXT(2) 
PARAMETRIC_REPRESENTATION_CONTEXT() REPRESENTATION_CONTEXT('2D SPACE',''
  ) );
#1136 = PCURVE('',#877,#1137);
#1137 = DEFINITIONAL_REPRESENTATION('',(#1138),#1213);
#1138 = B_SPLINE_CURVE_WITH_KNOTS('',7,(#1139,#1140,#1141,#1142,#1143,
    #1144,#1145,#1146,#1147,#1148,#1149,#1150,#1151,#1152,#1153,#1154,
    #1155,#1156,#1157,#1158,#1159,#1160,#1161,#1162,#1163,#1164,#1165,
    #1166,#1167,#1168,#1169,#1170,#1171,#1172,#1173,#1174,#1175,#1176,
    #1177,#1178,#1179,#1180,#1181,#1182,#1183,#1184,#1185,#1186,#1187,
    #1188,#1189,#1190,#1191,#1192,#1193,#1194,#1195,#1196,#1197,#1198,
    #1199,#1200,#1201,#1202,#1203,#1204,#1205,#1206,#1207,#1208,#1209,
    #1210,#1211,#1212),.UNSPECIFIED.,.F.,.F.,(8,6,6,6,6,6,6,6,6,6,6,6,8)
  ,(0.,0.130815098183,0.261182608947,0.32038491806,0.353608678641,
    0.412549883033,0.509311553974,0.639061528643,0.673353054384,
    0.701517976974,0.761474560244,0.904134980783,1.),.UNSPECIFIED.);
#1139 = CARTESIAN_POINT('',(93.171884171138,-10.43199357029));
#1140 = CARTESIAN_POINT('',(91.604461911215,-9.478857318978));
#1141 = CARTESIAN_POINT('',(90.009343111818,-8.57093144617));
#1142 = CARTESIAN_POINT('',(88.388581724177,-7.708891927333));
#1143 = CARTESIAN_POINT('',(86.744069442052,-6.893113744317));
#1144 = CARTESIAN_POINT('',(85.078121990718,-6.122565542341));
#1145 = CARTESIAN_POINT('',(83.393356926017,-5.395055704833));
#1146 = CARTESIAN_POINT('',(79.997706438127,-4.022114041057));
#1147 = CARTESIAN_POINT('',(78.286851675368,-3.376379002063));
#1148 = CARTESIAN_POINT('',(76.562605073222,-2.766965621994));
#1149 = CARTESIAN_POINT('',(74.827460503426,-2.189618609941));
#1150 = CARTESIAN_POINT('',(73.083749182045,-1.639398383795));
#1151 = CARTESIAN_POINT('',(71.33349795553,-1.111102912959));
#1152 = CARTESIAN_POINT('',(68.781286636393,-0.367233365969));
#1153 = CARTESIAN_POINT('',(67.983231168883,-0.138377779536));
#1154 = CARTESIAN_POINT('',(67.184328537189,8.750918054022E-02));
#1155 = CARTESIAN_POINT('',(66.38472861368,0.310908700555));
#1156 = CARTESIAN_POINT('',(65.584572444342,0.532293485626));
#1157 = CARTESIAN_POINT('',(64.783990911713,0.752122982686));
#1158 = CARTESIAN_POINT('',(63.533653107581,1.093579684511));
#1159 = CARTESIAN_POINT('',(63.084107034708,1.215969703496));
#1160 = CARTESIAN_POINT('',(62.63448674654,1.338086867457));
#1161 = CARTESIAN_POINT('',(62.1848130781,1.460007158751));
#1162 = CARTESIAN_POINT('',(61.735106132095,1.581804335062));
#1163 = CARTESIAN_POINT('',(61.285385278918,1.703549929401));
#1164 = CARTESIAN_POINT('',(60.037842257524,2.04132963862));
#1165 = CARTESIAN_POINT('',(59.240030980542,2.257401214517));
#1166 = CARTESIAN_POINT('',(58.442338543028,2.473913769283));
#1167 = CARTESIAN_POINT('',(57.644862817941,2.691226820113));
#1168 = CARTESIAN_POINT('',(56.84769545621,2.909670384827));
#1169 = CARTESIAN_POINT('',(56.050921009067,3.12954175677));
#1170 = CARTESIAN_POINT('',(53.947350629267,3.714830280143));
#1171 = CARTESIAN_POINT('',(52.641345243399,4.083112256487));
#1172 = CARTESIAN_POINT('',(51.336951888529,4.457101333868));
#1173 = CARTESIAN_POINT('',(50.034461689043,4.837693355284));
#1174 = CARTESIAN_POINT('',(48.734094943145,5.225492691541));
#1175 = CARTESIAN_POINT('',(47.435996050647,5.620794669195));
#1176 = CARTESIAN_POINT('',(44.402714950602,6.56369502347));
#1177 = CARTESIAN_POINT('',(42.669358167293,7.117281321858));
#1178 = CARTESIAN_POINT('',(40.940344399782,7.684305921557));
#1179 = CARTESIAN_POINT('',(39.215478239616,8.263766773602));
#1180 = CARTESIAN_POINT('',(37.494195446193,8.853719238974));
#1181 = CARTESIAN_POINT('',(35.775602583427,9.451392780711));
#1182 = CARTESIAN_POINT('',(33.604749269398,10.212507181565));
#1183 = CARTESIAN_POINT('',(33.151056668399,10.371915265612));
#1184 = CARTESIAN_POINT('',(32.697448687046,10.53156404319));
#1185 = CARTESIAN_POINT('',(32.2439024908,10.691388185193));
#1186 = CARTESIAN_POINT('',(31.790394210987,10.851319721737));
#1187 = CARTESIAN_POINT('',(31.336898944798,11.011288042165));
#1188 = CARTESIAN_POINT('',(30.510907385839,11.302577953885));
#1189 = CARTESIAN_POINT('',(30.138415418166,11.433911546771));
#1190 = CARTESIAN_POINT('',(29.765900503448,11.565180130582));
#1191 = CARTESIAN_POINT('',(29.393348063758,11.696342302238));
#1192 = CARTESIAN_POINT('',(29.020743292058,11.827355798694));
#1193 = CARTESIAN_POINT('',(28.648071152206,11.958177496946));
#1194 = CARTESIAN_POINT('',(27.481807981051,12.366750523204));
#1195 = CARTESIAN_POINT('',(26.687926668068,12.643668828824));
#1196 = CARTESIAN_POINT('',(25.893523905697,12.91909651068));
#1197 = CARTESIAN_POINT('',(25.098451640557,13.192595844089));
#1198 = CARTESIAN_POINT('',(24.302564701761,13.463720198013));
#1199 = CARTESIAN_POINT('',(23.50572320248,13.732021033193));
#1200 = CARTESIAN_POINT('',(20.809208079811,14.627675273767));
#1201 = CARTESIAN_POINT('',(18.904362263371,15.239835622093));
#1202 = CARTESIAN_POINT('',(16.991621505391,15.827514568248));
#1203 = CARTESIAN_POINT('',(15.069687534154,16.384861714834));
#1204 = CARTESIAN_POINT('',(13.137785775226,16.906849859849));
#1205 = CARTESIAN_POINT('',(11.195937789103,17.390226921266));
#1206 = CARTESIAN_POINT('',(7.934543178096,18.13349021341));
#1207 = CARTESIAN_POINT('',(6.619709533874,18.414698309247));
#1208 = CARTESIAN_POINT('',(5.301202322083,18.678310668579));
#1209 = CARTESIAN_POINT('',(3.979442324147,18.92491604696));
#1210 = CARTESIAN_POINT('',(2.654912869892,19.155906206327));
#1211 = CARTESIAN_POINT('',(1.32819315236,19.373656712734));
#1212 = CARTESIAN_POINT('',(0.,19.581755470341));
#1213 = ( GEOMETRIC_REPRESENTATION_CONTEXT(2) 
PARAMETRIC_REPRESENTATION_CONTEXT() REPRESENTATION_CONTEXT('2D SPACE',''
  ) );
#1214 = ADVANCED_FACE('',(#1215),#468,.T.);
#1215 = FACE_BOUND('',#1216,.T.);
#1216 = EDGE_LOOP('',(#1217,#1218,#1247,#1268));
#1217 = ORIENTED_EDGE('',*,*,#452,.F.);
#1218 = ORIENTED_EDGE('',*,*,#1219,.F.);
#1219 = EDGE_CURVE('',#1220,#57,#1222,.T.);
#1220 = VERTEX_POINT('',#1221);
#1221 = CARTESIAN_POINT('',(11.465034234462,-26.6315184905,
    -12.32198554603));
#1222 = SURFACE_CURVE('',#1223,(#1229,#1238),.PCURVE_S1.);
#1223 = B_SPLINE_CURVE_WITH_KNOTS('',4,(#1224,#1225,#1226,#1227,#1228),
  .UNSPECIFIED.,.F.,.F.,(5,5),(0.,1.),.PIECEWISE_BEZIER_KNOTS.);
#1224 = CARTESIAN_POINT('',(11.465034234462,-26.6315184905,
    -12.32198554603));
#1225 = CARTESIAN_POINT('',(10.738179282761,-26.8112180267,-12.162237205
    ));
#1226 = CARTESIAN_POINT('',(10.007065400305,-26.97285584342,
    -12.00155283523));
#1227 = CARTESIAN_POINT('',(9.272445163726,-27.11675815614,
    -11.84009783818));
#1228 = CARTESIAN_POINT('',(8.534965765538,-27.24318260863,
    -11.67801445396));
#1229 = PCURVE('',#468,#1230);
#1230 = DEFINITIONAL_REPRESENTATION('',(#1231),#1237);
#1231 = B_SPLINE_CURVE_WITH_KNOTS('',4,(#1232,#1233,#1234,#1235,#1236),
  .UNSPECIFIED.,.F.,.F.,(5,5),(0.,1.),.PIECEWISE_BEZIER_KNOTS.);
#1232 = CARTESIAN_POINT('',(3.,-26.6315184905));
#1233 = CARTESIAN_POINT('',(2.255797303637,-26.8112180267));
#1234 = CARTESIAN_POINT('',(1.507234029218,-26.97285584342));
#1235 = CARTESIAN_POINT('',(0.755080715017,-27.11675815614));
#1236 = CARTESIAN_POINT('',(0.,-27.24318260863));
#1237 = ( GEOMETRIC_REPRESENTATION_CONTEXT(2) 
PARAMETRIC_REPRESENTATION_CONTEXT() REPRESENTATION_CONTEXT('2D SPACE',''
  ) );
#1238 = PCURVE('',#250,#1239);
#1239 = DEFINITIONAL_REPRESENTATION('',(#1240),#1246);
#1240 = B_SPLINE_CURVE_WITH_KNOTS('',4,(#1241,#1242,#1243,#1244,#1245),
  .UNSPECIFIED.,.F.,.F.,(5,5),(0.,1.),.PIECEWISE_BEZIER_KNOTS.);
#1241 = CARTESIAN_POINT('',(0.806273328517,0.827834711693));
#1242 = CARTESIAN_POINT('',(0.802538121149,0.829221625885));
#1243 = CARTESIAN_POINT('',(0.798826103717,0.830616505561));
#1244 = CARTESIAN_POINT('',(0.795134481054,0.832017936468));
#1245 = CARTESIAN_POINT('',(0.791460630886,0.833424711345));
#1246 = ( GEOMETRIC_REPRESENTATION_CONTEXT(2) 
PARAMETRIC_REPRESENTATION_CONTEXT() REPRESENTATION_CONTEXT('2D SPACE',''
  ) );
#1247 = ORIENTED_EDGE('',*,*,#1248,.T.);
#1248 = EDGE_CURVE('',#1220,#953,#1249,.T.);
#1249 = SURFACE_CURVE('',#1250,(#1254,#1261),.PCURVE_S1.);
#1250 = LINE('',#1251,#1252);
#1251 = CARTESIAN_POINT('',(11.465034234462,-45.,-12.32198554603));
#1252 = VECTOR('',#1253,1.);
#1253 = DIRECTION('',(0.,1.,0.));
#1254 = PCURVE('',#468,#1255);
#1255 = DEFINITIONAL_REPRESENTATION('',(#1256),#1260);
#1256 = LINE('',#1257,#1258);
#1257 = CARTESIAN_POINT('',(3.,-45.));
#1258 = VECTOR('',#1259,1.);
#1259 = DIRECTION('',(0.,1.));
#1260 = ( GEOMETRIC_REPRESENTATION_CONTEXT(2) 
PARAMETRIC_REPRESENTATION_CONTEXT() REPRESENTATION_CONTEXT('2D SPACE',''
  ) );
#1261 = PCURVE('',#877,#1262);
#1262 = DEFINITIONAL_REPRESENTATION('',(#1263),#1267);
#1263 = LINE('',#1264,#1265);
#1264 = CARTESIAN_POINT('',(-0.,-45.));
#1265 = VECTOR('',#1266,1.);
#1266 = DIRECTION('',(0.,1.));
#1267 = ( GEOMETRIC_REPRESENTATION_CONTEXT(2) 
PARAMETRIC_REPRESENTATION_CONTEXT() REPRESENTATION_CONTEXT('2D SPACE',''
  ) );
#1268 = ORIENTED_EDGE('',*,*,#952,.F.);
#1269 = ADVANCED_FACE('',(#1270),#250,.T.);
#1270 = FACE_BOUND('',#1271,.T.);
#1271 = EDGE_LOOP('',(#1272,#1273,#1274,#1580));
#1272 = ORIENTED_EDGE('',*,*,#56,.F.);
#1273 = ORIENTED_EDGE('',*,*,#889,.T.);
#1274 = ORIENTED_EDGE('',*,*,#1275,.T.);
#1275 = EDGE_CURVE('',#862,#1220,#1276,.T.);
#1276 = SURFACE_CURVE('',#1277,(#1376,#1478),.PCURVE_S1.);
#1277 = B_SPLINE_CURVE_WITH_KNOTS('',7,(#1278,#1279,#1280,#1281,#1282,
    #1283,#1284,#1285,#1286,#1287,#1288,#1289,#1290,#1291,#1292,#1293,
    #1294,#1295,#1296,#1297,#1298,#1299,#1300,#1301,#1302,#1303,#1304,
    #1305,#1306,#1307,#1308,#1309,#1310,#1311,#1312,#1313,#1314,#1315,
    #1316,#1317,#1318,#1319,#1320,#1321,#1322,#1323,#1324,#1325,#1326,
    #1327,#1328,#1329,#1330,#1331,#1332,#1333,#1334,#1335,#1336,#1337,
    #1338,#1339,#1340,#1341,#1342,#1343,#1344,#1345,#1346,#1347,#1348,
    #1349,#1350,#1351,#1352,#1353,#1354,#1355,#1356,#1357,#1358,#1359,
    #1360,#1361,#1362,#1363,#1364,#1365,#1366,#1367,#1368,#1369,#1370,
    #1371,#1372,#1373,#1374,#1375),.UNSPECIFIED.,.F.,.F.,(8,6,6,6,6,6,6,
    6,6,6,6,6,6,6,6,6,8),(0.,9.794421369556E-02,0.170140949304,
    0.213679689438,0.24997876113,0.320265900803,0.381621240678,
    0.533756413361,0.563102176398,0.591146852688,0.62035086942,
    0.744451916808,0.77995711712,0.916665219711,0.948223278045,
    0.971030560782,1.),.UNSPECIFIED.);
#1278 = CARTESIAN_POINT('',(-8.534965765538,-40.64373523731,
    -103.321985546));
#1279 = CARTESIAN_POINT('',(-8.252252898112,-40.72241381593,
    -102.0356419992));
#1280 = CARTESIAN_POINT('',(-7.968867830288,-40.73652459374,
    -100.7462399406));
#1281 = CARTESIAN_POINT('',(-7.685490794495,-40.69874217246,
    -99.45687442778));
#1282 = CARTESIAN_POINT('',(-7.402574334038,-40.61956521663,
    -98.1696045327));
#1283 = CARTESIAN_POINT('',(-7.120340798505,-40.50745163638,
    -96.88544194603));
#1284 = CARTESIAN_POINT('',(-6.838778789348,-40.36905803035,
    -95.60433480437));
#1285 = CARTESIAN_POINT('',(-6.350404188721,-40.09203128243,
    -93.38223037151));
#1286 = CARTESIAN_POINT('',(-6.143473812407,-39.96306712883,
    -92.44069715928));
#1287 = CARTESIAN_POINT('',(-5.936815623166,-39.82482485103,
    -91.50040239824));
#1288 = CARTESIAN_POINT('',(-5.730398640257,-39.67906343581,
    -90.561205126));
#1289 = CARTESIAN_POINT('',(-5.524190050023,-39.52725015702,
    -89.62295604043));
#1290 = CARTESIAN_POINT('',(-5.318153303039,-39.37061982312,
    -88.68548884166));
#1291 = CARTESIAN_POINT('',(-4.98807372407,-39.11347382609,
    -87.18362675735));
#1292 = CARTESIAN_POINT('',(-4.863949866422,-39.01536472135,
    -86.61886320505));
#1293 = CARTESIAN_POINT('',(-4.739867819907,-38.91611150705,
    -86.05428989341));
#1294 = CARTESIAN_POINT('',(-4.615820636251,-38.81591864608,
    -85.48987520777));
#1295 = CARTESIAN_POINT('',(-4.491801894984,-38.71496885869,
    -84.92558993501));
#1296 = CARTESIAN_POINT('',(-4.367805608232,-38.6134256895,
    -84.36140683029));
#1297 = CARTESIAN_POINT('',(-4.140462084273,-38.42640540233,
    -83.32699379627));
#1298 = CARTESIAN_POINT('',(-4.037109812348,-38.34106446257,
    -82.85674095901));
#1299 = CARTESIAN_POINT('',(-3.933766108749,-38.25549832612,
    -82.38652710764));
#1300 = CARTESIAN_POINT('',(-3.830428060595,-38.16978404988,
    -81.91633898854));
#1301 = CARTESIAN_POINT('',(-3.727093017255,-38.08399135398,
    -81.44616454134));
#1302 = CARTESIAN_POINT('',(-3.623758564478,-37.99818329888,
    -80.9759927812));
#1303 = CARTESIAN_POINT('',(-3.320329323635,-37.74634465881,
    -79.59538973537));
#1304 = CARTESIAN_POINT('',(-3.120230183465,-37.58042910154,
    -78.68493864759));
#1305 = CARTESIAN_POINT('',(-2.920109197659,-37.41508336094,
    -77.77438816218));
#1306 = CARTESIAN_POINT('',(-2.719953871275,-37.25063829671,
    -76.86368142713));
#1307 = CARTESIAN_POINT('',(-2.519754677143,-37.08735355349,
    -75.95277509383));
#1308 = CARTESIAN_POINT('',(-2.319504638221,-36.92542855623,
    -75.04163741674));
#1309 = CARTESIAN_POINT('',(-1.944347207449,-36.62498333804,
    -73.33467110672));
#1310 = CARTESIAN_POINT('',(-1.769453014586,-36.48610355905,
    -72.5389025292));
#1311 = CARTESIAN_POINT('',(-1.594513187887,-36.34847323525,
    -71.74292631772));
#1312 = CARTESIAN_POINT('',(-1.419525713127,-36.21216206809,
    -70.94673330756));
#1313 = CARTESIAN_POINT('',(-1.24448959072,-36.0772135747,
    -70.15031895061));
#1314 = CARTESIAN_POINT('',(-1.069404721105,-35.94364826874,
    -69.35368279386));
#1315 = CARTESIAN_POINT('',(-0.460016536203,-35.48371306571,
    -66.58096655255));
#1316 = CARTESIAN_POINT('',(-2.546423625424E-02,-35.16446630027,
    -64.60375358779));
#1317 = CARTESIAN_POINT('',(0.409372700781,-34.85373515639,
    -62.62524552428));
#1318 = CARTESIAN_POINT('',(0.844460456047,-34.5507564151,
    -60.64559623782));
#1319 = CARTESIAN_POINT('',(1.279751409715,-34.25423060053,
    -58.66502239863));
#1320 = CARTESIAN_POINT('',(1.715188338606,-33.96245311098,
    -56.68378437218));
#1321 = CARTESIAN_POINT('',(2.234719928635,-33.61777991967,
    -54.31991563754));
#1322 = CARTESIAN_POINT('',(2.318732258255,-33.56215131533,
    -53.93765953777));
#1323 = CARTESIAN_POINT('',(2.402747385209,-33.50661454501,
    -53.55539071013));
#1324 = CARTESIAN_POINT('',(2.486764878174,-33.45115562441,
    -53.17311111714));
#1325 = CARTESIAN_POINT('',(2.570784302075,-33.39576036329,
    -52.79082273839));
#1326 = CARTESIAN_POINT('',(2.654805218091,-33.34041436549,
    -52.40852757052));
#1327 = CARTESIAN_POINT('',(2.81912391414,-33.2322440002,-51.66087750349
    ));
#1328 = CARTESIAN_POINT('',(2.899421603572,-33.17941667573,
    -51.29552301658));
#1329 = CARTESIAN_POINT('',(2.979719865773,-33.12660831267,
    -50.93016592357));
#1330 = CARTESIAN_POINT('',(3.060018313544,-33.07380613462,
    -50.5648079862));
#1331 = CARTESIAN_POINT('',(3.140316558671,-33.02099733164,
    -50.19945097088));
#1332 = CARTESIAN_POINT('',(3.220614211918,-32.96816906022,
    -49.8340966486));
#1333 = CARTESIAN_POINT('',(3.384526942728,-32.86026261841,
    -49.08829372342));
#1334 = CARTESIAN_POINT('',(3.468141937905,-32.80518177392,
    -48.70784549536));
#1335 = CARTESIAN_POINT('',(3.551755427651,-32.75005136116,
    -48.32740411702));
#1336 = CARTESIAN_POINT('',(3.635366972548,-32.69485696428,
    -47.94697158774));
#1337 = CARTESIAN_POINT('',(3.718976134672,-32.63958430023,
    -47.56654990007));
#1338 = CARTESIAN_POINT('',(3.802582477598,-32.58421921883,
    -47.18614103976));
#1339 = CARTESIAN_POINT('',(4.241452822244,-32.29302419534,
    -45.18928097162));
#1340 = CARTESIAN_POINT('',(4.596661467578,-32.05537896833,
    -43.57308163535));
#1341 = CARTESIAN_POINT('',(4.951778275656,-31.81474288765,
    -41.95730015859));
#1342 = CARTESIAN_POINT('',(5.306770388221,-31.57011631842,
    -40.34208604643));
#1343 = CARTESIAN_POINT('',(5.661608235538,-31.32066101589,
    -38.72757384113));
#1344 = CARTESIAN_POINT('',(6.016267769384,-31.06577076454,
    -37.11387296213));
#1345 = CARTESIAN_POINT('',(6.472143915609,-30.73054903019,
    -35.03963649681));
#1346 = CARTESIAN_POINT('',(6.573539856925,-30.65550585106,
    -34.57828496382));
#1347 = CARTESIAN_POINT('',(6.674919442982,-30.57998351051,
    -34.11700784726));
#1348 = CARTESIAN_POINT('',(6.776282347876,-30.50397625723,-33.65580663)
  );
#1349 = CARTESIAN_POINT('',(6.877628309744,-30.42748030605,
    -33.1946825035));
#1350 = CARTESIAN_POINT('',(6.978957130763,-30.3504938379,
    -32.73363636786));
#1351 = CARTESIAN_POINT('',(7.470355457561,-29.97470262805,
    -30.49777398093));
#1352 = CARTESIAN_POINT('',(7.860187989944,-29.66911736752,
    -28.72403595858));
#1353 = CARTESIAN_POINT('',(8.24975580678,-29.35627636813,
    -26.95150239198));
#1354 = CARTESIAN_POINT('',(8.639068300307,-29.03664093771,
    -25.18013054643));
#1355 = CARTESIAN_POINT('',(9.028156551973,-28.7111670972,
    -23.40977900136));
#1356 = CARTESIAN_POINT('',(9.41707254605,-28.3812847392,-21.6402112283)
  );
#1357 = CARTESIAN_POINT('',(9.895649783218,-27.97230327621,
    -19.46268479919));
#1358 = CARTESIAN_POINT('',(9.985401182434,-27.89547180681,
    -19.05431593276));
#1359 = CARTESIAN_POINT('',(10.075148522542,-27.81853734681,
    -18.64596553527));
#1360 = CARTESIAN_POINT('',(10.164892841342,-27.74152633432,
    -18.23762888473));
#1361 = CARTESIAN_POINT('',(10.254635251835,-27.66446700784,
    -17.82930091698));
#1362 = CARTESIAN_POINT('',(10.344376942222,-27.58738940627,
    -17.42097622572));
#1363 = CARTESIAN_POINT('',(10.498976667302,-27.45463051999,
    -16.71754747661));
#1364 = CARTESIAN_POINT('',(10.563834442319,-27.39894280165,
    -16.42244460028));
#1365 = CARTESIAN_POINT('',(10.628692978183,-27.34327424549,
    -16.1273382621));
#1366 = CARTESIAN_POINT('',(10.693552773597,-27.28763747002,
    -15.83222619297));
#1367 = CARTESIAN_POINT('',(10.758414348731,-27.23204568063,
    -15.53710602611));
#1368 = CARTESIAN_POINT('',(10.823278245225,-27.17651266961,
    -15.24197529706));
#1369 = CARTESIAN_POINT('',(10.970537755306,-27.05060861312,
    -14.57194452619));
#1370 = CARTESIAN_POINT('',(11.052935136312,-26.98028255084,
    -14.19703644261));
#1371 = CARTESIAN_POINT('',(11.135338323936,-26.91010399152,
    -13.82210193892));
#1372 = CARTESIAN_POINT('',(11.21774853003,-26.84010419631,
    -13.44713550119));
#1373 = CARTESIAN_POINT('',(11.300167023565,-26.77031632526,
    -13.07213135561));
#1374 = CARTESIAN_POINT('',(11.382595130637,-26.70077543737,
    -12.69708346843));
#1375 = CARTESIAN_POINT('',(11.465034234462,-26.6315184905,
    -12.32198554603));
#1376 = PCURVE('',#250,#1377);
#1377 = DEFINITIONAL_REPRESENTATION('',(#1378),#1477);
#1378 = B_SPLINE_CURVE_WITH_KNOTS('',7,(#1379,#1380,#1381,#1382,#1383,
    #1384,#1385,#1386,#1387,#1388,#1389,#1390,#1391,#1392,#1393,#1394,
    #1395,#1396,#1397,#1398,#1399,#1400,#1401,#1402,#1403,#1404,#1405,
    #1406,#1407,#1408,#1409,#1410,#1411,#1412,#1413,#1414,#1415,#1416,
    #1417,#1418,#1419,#1420,#1421,#1422,#1423,#1424,#1425,#1426,#1427,
    #1428,#1429,#1430,#1431,#1432,#1433,#1434,#1435,#1436,#1437,#1438,
    #1439,#1440,#1441,#1442,#1443,#1444,#1445,#1446,#1447,#1448,#1449,
    #1450,#1451,#1452,#1453,#1454,#1455,#1456,#1457,#1458,#1459,#1460,
    #1461,#1462,#1463,#1464,#1465,#1466,#1467,#1468,#1469,#1470,#1471,
    #1472,#1473,#1474,#1475,#1476),.UNSPECIFIED.,.F.,.F.,(8,6,6,6,6,6,6,
    6,6,6,6,6,6,6,6,6,8),(0.,9.794421369556E-02,0.170140949304,
    0.213679689438,0.24997876113,0.320265900803,0.381621240678,
    0.533756413361,0.563102176398,0.591146852688,0.62035086942,
    0.744451916808,0.77995711712,0.916665219711,0.948223278045,
    0.971030560782,1.),.UNSPECIFIED.);
#1379 = CARTESIAN_POINT('',(0.685348971787,1.590100088278E-02));
#1380 = CARTESIAN_POINT('',(0.688970945896,2.803777824789E-02));
#1381 = CARTESIAN_POINT('',(0.692214046014,4.011027200292E-02));
#1382 = CARTESIAN_POINT('',(0.695174314083,5.209250884599E-02));
#1383 = CARTESIAN_POINT('',(0.697914771672,6.397139262225E-02));
#1384 = CARTESIAN_POINT('',(0.700481025591,7.574490078779E-02));
#1385 = CARTESIAN_POINT('',(0.702909600737,8.742095857941E-02));
#1386 = CARTESIAN_POINT('',(0.706938678205,0.107564669689));
#1387 = CARTESIAN_POINT('',(0.708588455776,0.116065781252));
#1388 = CARTESIAN_POINT('',(0.710189384236,0.124524536655));
#1389 = CARTESIAN_POINT('',(0.711750000969,0.132945075573));
#1390 = CARTESIAN_POINT('',(0.71327713114,0.141331536227));
#1391 = CARTESIAN_POINT('',(0.714776384417,0.14968810913));
#1392 = CARTESIAN_POINT('',(0.717142435914,0.163043120939));
#1393 = CARTESIAN_POINT('',(0.718024041786,0.168057775251));
#1394 = CARTESIAN_POINT('',(0.718898160303,0.17306391536));
#1395 = CARTESIAN_POINT('',(0.719765651322,0.178062379937));
#1396 = CARTESIAN_POINT('',(0.720627254788,0.183053972129));
#1397 = CARTESIAN_POINT('',(0.721483606978,0.188039463156));
#1398 = CARTESIAN_POINT('',(0.723045293263,0.197171626828));
#1399 = CARTESIAN_POINT('',(0.723752060388,0.201319929706));
#1400 = CARTESIAN_POINT('',(0.724455874663,0.205464932087));
#1401 = CARTESIAN_POINT('',(0.725157008705,0.209607042836));
#1402 = CARTESIAN_POINT('',(0.725855695117,0.213746653066));
#1403 = CARTESIAN_POINT('',(0.726552130411,0.217884137069));
#1404 = CARTESIAN_POINT('',(0.728590969814,0.230027982561));
#1405 = CARTESIAN_POINT('',(0.729927636778,0.238029480449));
#1406 = CARTESIAN_POINT('',(0.731257666611,0.24602694334));
#1407 = CARTESIAN_POINT('',(0.732581794396,0.254022728471));
#1408 = CARTESIAN_POINT('',(0.733900373008,0.262018964176));
#1409 = CARTESIAN_POINT('',(0.735213442627,0.270017560193));
#1410 = CARTESIAN_POINT('',(0.737662024231,0.285005931002));
#1411 = CARTESIAN_POINT('',(0.738798895509,0.291994741192));
#1412 = CARTESIAN_POINT('',(0.739931276396,0.298987776486));
#1413 = CARTESIAN_POINT('',(0.741058885849,0.305986047757));
#1414 = CARTESIAN_POINT('',(0.742181329296,0.312990448302));
#1415 = CARTESIAN_POINT('',(0.743298128485,0.320001753329));
#1416 = CARTESIAN_POINT('',(0.747162624055,0.34442442507));
#1417 = CARTESIAN_POINT('',(0.749878532137,0.361874780291));
#1418 = CARTESIAN_POINT('',(0.752548349204,0.379381616294));
#1419 = CARTESIAN_POINT('',(0.75516194795,0.396950696678));
#1420 = CARTESIAN_POINT('',(0.757709912321,0.414583435573));
#1421 = CARTESIAN_POINT('',(0.760186051872,0.432276486051));
#1422 = CARTESIAN_POINT('',(0.76305138011,0.453445291078));
#1423 = CARTESIAN_POINT('',(0.763511950102,0.456870284841));
#1424 = CARTESIAN_POINT('',(0.763969745131,0.460297187773));
#1425 = CARTESIAN_POINT('',(0.764424754085,0.463725939852));
#1426 = CARTESIAN_POINT('',(0.764876971442,0.467156475364));
#1427 = CARTESIAN_POINT('',(0.765326397277,0.470588722899));
#1428 = CARTESIAN_POINT('',(0.766199874804,0.47730424168));
#1429 = CARTESIAN_POINT('',(0.766624168077,0.480587371321));
#1430 = CARTESIAN_POINT('',(0.767045922139,0.483871926929));
#1431 = CARTESIAN_POINT('',(0.767465146791,0.48715783689));
#1432 = CARTESIAN_POINT('',(0.767881856568,0.490445025333));
#1433 = CARTESIAN_POINT('',(0.768296070746,0.493733412122));
#1434 = CARTESIAN_POINT('',(0.769136576967,0.500448398454));
#1435 = CARTESIAN_POINT('',(0.76956266033,0.503875092266));
#1436 = CARTESIAN_POINT('',(0.769986090658,0.507302898874));
#1437 = CARTESIAN_POINT('',(0.770406900422,0.510731718715));
#1438 = CARTESIAN_POINT('',(0.770825127334,0.514161448088));
#1439 = CARTESIAN_POINT('',(0.77124081434,0.51759197915));
#1440 = CARTESIAN_POINT('',(0.773409862877,0.535604005542));
#1441 = CARTESIAN_POINT('',(0.775120721722,0.550197273248));
#1442 = CARTESIAN_POINT('',(0.776790257176,0.564794454652));
#1443 = CARTESIAN_POINT('',(0.778423778194,0.579385779083));
#1444 = CARTESIAN_POINT('',(0.780027832042,0.593960942827));
#1445 = CARTESIAN_POINT('',(0.781609682356,0.608509921131));
#1446 = CARTESIAN_POINT('',(0.783624977214,0.627176340399));
#1447 = CARTESIAN_POINT('',(0.784072072209,0.631325914668));
#1448 = CARTESIAN_POINT('',(0.784518123244,0.635472417777));
#1449 = CARTESIAN_POINT('',(0.784963302709,0.639615652512));
#1450 = CARTESIAN_POINT('',(0.785407782019,0.643755432456));
#1451 = CARTESIAN_POINT('',(0.785851731617,0.64789158199));
#1452 = CARTESIAN_POINT('',(0.788003303389,0.667935022863));
#1453 = CARTESIAN_POINT('',(0.789705945067,0.683789929698));
#1454 = CARTESIAN_POINT('',(0.791412826441,0.699579234136));
#1455 = CARTESIAN_POINT('',(0.793132977322,0.715296577933));
#1456 = CARTESIAN_POINT('',(0.794873864522,0.730939976709));
#1457 = CARTESIAN_POINT('',(0.796640523834,0.746512535912));
#1458 = CARTESIAN_POINT('',(0.798847633004,0.765604070071));
#1459 = CARTESIAN_POINT('',(0.799262985079,0.769181376912));
#1460 = CARTESIAN_POINT('',(0.799679760132,0.772755516192));
#1461 = CARTESIAN_POINT('',(0.800097954686,0.776326619793));
#1462 = CARTESIAN_POINT('',(0.800517550966,0.779894838165));
#1463 = CARTESIAN_POINT('',(0.800938516905,0.783460340327));
#1464 = CARTESIAN_POINT('',(0.801665998233,0.789598305777));
#1465 = CARTESIAN_POINT('',(0.801971880916,0.792171977235));
#1466 = CARTESIAN_POINT('',(0.802278436435,0.794744399179));
#1467 = CARTESIAN_POINT('',(0.80258564196,0.797315648206));
#1468 = CARTESIAN_POINT('',(0.802893469586,0.799885806579));
#1469 = CARTESIAN_POINT('',(0.803201886327,0.802454962222));
#1470 = CARTESIAN_POINT('',(0.803903299984,0.808285353616));
#1471 = CARTESIAN_POINT('',(0.804296633799,0.81154603222));
#1472 = CARTESIAN_POINT('',(0.804690778472,0.814805435841));
#1473 = CARTESIAN_POINT('',(0.805085639896,0.818063772504));
#1474 = CARTESIAN_POINT('',(0.805481106959,0.821321266945));
#1475 = CARTESIAN_POINT('',(0.805877051542,0.824578160619));
#1476 = CARTESIAN_POINT('',(0.806273328517,0.827834711693));
#1477 = ( GEOMETRIC_REPRESENTATION_CONTEXT(2) 
PARAMETRIC_REPRESENTATION_CONTEXT() REPRESENTATION_CONTEXT('2D SPACE',''
  ) );
#1478 = PCURVE('',#877,#1479);
#1479 = DEFINITIONAL_REPRESENTATION('',(#1480),#1579);
#1480 = B_SPLINE_CURVE_WITH_KNOTS('',7,(#1481,#1482,#1483,#1484,#1485,
    #1486,#1487,#1488,#1489,#1490,#1491,#1492,#1493,#1494,#1495,#1496,
    #1497,#1498,#1499,#1500,#1501,#1502,#1503,#1504,#1505,#1506,#1507,
    #1508,#1509,#1510,#1511,#1512,#1513,#1514,#1515,#1516,#1517,#1518,
    #1519,#1520,#1521,#1522,#1523,#1524,#1525,#1526,#1527,#1528,#1529,
    #1530,#1531,#1532,#1533,#1534,#1535,#1536,#1537,#1538,#1539,#1540,
    #1541,#1542,#1543,#1544,#1545,#1546,#1547,#1548,#1549,#1550,#1551,
    #1552,#1553,#1554,#1555,#1556,#1557,#1558,#1559,#1560,#1561,#1562,
    #1563,#1564,#1565,#1566,#1567,#1568,#1569,#1570,#1571,#1572,#1573,
    #1574,#1575,#1576,#1577,#1578),.UNSPECIFIED.,.F.,.F.,(8,6,6,6,6,6,6,
    6,6,6,6,6,6,6,6,6,8),(0.,9.794421369556E-02,0.170140949304,
    0.213679689438,0.24997876113,0.320265900803,0.381621240678,
    0.533756413361,0.563102176398,0.591146852688,0.62035086942,
    0.744451916808,0.77995711712,0.916665219711,0.948223278045,
    0.971030560782,1.),.UNSPECIFIED.);
#1481 = CARTESIAN_POINT('',(93.171884171138,-40.64373523731));
#1482 = CARTESIAN_POINT('',(91.854839644262,-40.72241381593));
#1483 = CARTESIAN_POINT('',(90.534663608506,-40.73652459374));
#1484 = CARTESIAN_POINT('',(89.214524990721,-40.69874217246));
#1485 = CARTESIAN_POINT('',(87.896532006532,-40.61956521663));
#1486 = CARTESIAN_POINT('',(86.581720492435,-40.50745163638));
#1487 = CARTESIAN_POINT('',(85.27003734723,-40.36905803035));
#1488 = CARTESIAN_POINT('',(82.99489826114,-40.09203128243));
#1489 = CARTESIAN_POINT('',(82.03089360847,-39.96306712883));
#1490 = CARTESIAN_POINT('',(81.068156964923,-39.82482485103));
#1491 = CARTESIAN_POINT('',(80.106544003793,-39.67906343581));
#1492 = CARTESIAN_POINT('',(79.145901859573,-39.52725015702));
#1493 = CARTESIAN_POINT('',(78.186060263322,-39.37061982312));
#1494 = CARTESIAN_POINT('',(76.648353448377,-39.11347382609));
#1495 = CARTESIAN_POINT('',(76.070110763995,-39.01536472135));
#1496 = CARTESIAN_POINT('',(75.492062860712,-38.91611150705));
#1497 = CARTESIAN_POINT('',(74.914177369347,-38.81591864608));
#1498 = CARTESIAN_POINT('',(74.336424379525,-38.71496885869));
#1499 = CARTESIAN_POINT('',(73.75877599618,-38.6134256895));
#1500 = CARTESIAN_POINT('',(72.699674772113,-38.42640540233));
#1501 = CARTESIAN_POINT('',(72.21819847668,-38.34106446257));
#1502 = CARTESIAN_POINT('',(71.736762097603,-38.25549832612));
#1503 = CARTESIAN_POINT('',(71.255352064951,-38.16978404988));
#1504 = CARTESIAN_POINT('',(70.773956030504,-38.08399135398));
#1505 = CARTESIAN_POINT('',(70.292562747253,-37.99818329888));
#1506 = CARTESIAN_POINT('',(68.879009043157,-37.74634465881));
#1507 = CARTESIAN_POINT('',(67.946828347621,-37.58042910154));
#1508 = CARTESIAN_POINT('',(67.014545882138,-37.41508336094));
#1509 = CARTESIAN_POINT('',(66.082103437834,-37.25063829671));
#1510 = CARTESIAN_POINT('',(65.149456631489,-37.08735355349));
#1511 = CARTESIAN_POINT('',(64.216572959906,-36.92542855623));
#1512 = CARTESIAN_POINT('',(62.468866725614,-36.62498333804));
#1513 = CARTESIAN_POINT('',(61.654105651634,-36.48610355905));
#1514 = CARTESIAN_POINT('',(60.839131988129,-36.34847323525));
#1515 = CARTESIAN_POINT('',(60.023936351641,-36.21216206809));
#1516 = CARTESIAN_POINT('',(59.208514085508,-36.0772135747));
#1517 = CARTESIAN_POINT('',(58.392864725913,-35.94364826874));
#1518 = CARTESIAN_POINT('',(55.553972456965,-35.48371306571));
#1519 = CARTESIAN_POINT('',(53.529569629108,-35.16446630027));
#1520 = CARTESIAN_POINT('',(51.50384079257,-34.85373515639));
#1521 = CARTESIAN_POINT('',(49.476943495675,-34.5507564151));
#1522 = CARTESIAN_POINT('',(47.449099579878,-34.25423060053));
#1523 = CARTESIAN_POINT('',(45.420575624757,-33.96245311098));
#1524 = CARTESIAN_POINT('',(43.000288768284,-33.61777991967));
#1525 = CARTESIAN_POINT('',(42.60890941607,-33.56215131533));
#1526 = CARTESIAN_POINT('',(42.217517032208,-33.50661454501));
#1527 = CARTESIAN_POINT('',(41.826113626066,-33.45115562441));
#1528 = CARTESIAN_POINT('',(41.434701224475,-33.39576036329));
#1529 = CARTESIAN_POINT('',(41.043281871723,-33.34041436549));
#1530 = CARTESIAN_POINT('',(40.277787745952,-33.2322440002));
#1531 = CARTESIAN_POINT('',(39.903713395003,-33.17941667573));
#1532 = CARTESIAN_POINT('',(39.529636375759,-33.12660831267));
#1533 = CARTESIAN_POINT('',(39.155558492014,-33.07380613462));
#1534 = CARTESIAN_POINT('',(38.781481552309,-33.02099733164));
#1535 = CARTESIAN_POINT('',(38.40740736993,-32.96816906022));
#1536 = CARTESIAN_POINT('',(37.643804471473,-32.86026261841));
#1537 = CARTESIAN_POINT('',(37.254276139192,-32.80518177392));
#1538 = CARTESIAN_POINT('',(36.864754820103,-32.75005136116));
#1539 = CARTESIAN_POINT('',(36.475242561279,-32.69485696428));
#1540 = CARTESIAN_POINT('',(36.085741402823,-32.63958430023));
#1541 = CARTESIAN_POINT('',(35.696253377873,-32.58421921883));
#1542 = CARTESIAN_POINT('',(33.651734531995,-32.29302419534));
#1543 = CARTESIAN_POINT('',(31.996961594012,-32.05537896833));
#1544 = CARTESIAN_POINT('',(30.342616488538,-31.81474288765));
#1545 = CARTESIAN_POINT('',(28.688852288861,-31.57011631842));
#1546 = CARTESIAN_POINT('',(27.035806748373,-31.32066101589));
#1547 = CARTESIAN_POINT('',(25.383591897987,-31.06577076454));
#1548 = CARTESIAN_POINT('',(23.259849923365,-30.73054903019));
#1549 = CARTESIAN_POINT('',(22.787487378381,-30.65550585106));
#1550 = CARTESIAN_POINT('',(22.31520102591,-30.57998351051));
#1551 = CARTESIAN_POINT('',(21.842992384208,-30.50397625723));
#1552 = CARTESIAN_POINT('',(21.370862673191,-30.42748030605));
#1553 = CARTESIAN_POINT('',(20.898812814431,-30.3504938379));
#1554 = CARTESIAN_POINT('',(18.609587415115,-29.97470262805));
#1555 = CARTESIAN_POINT('',(16.793515837446,-29.66911736752));
#1556 = CARTESIAN_POINT('',(14.978677462097,-29.35627636813));
#1557 = CARTESIAN_POINT('',(13.165028534432,-29.03664093771));
#1558 = CARTESIAN_POINT('',(11.352424258605,-28.7111670972));
#1559 = CARTESIAN_POINT('',(9.540622460981,-28.3812847392));
#1560 = CARTESIAN_POINT('',(7.31112531556,-27.97230327621));
#1561 = CARTESIAN_POINT('',(6.893009966964,-27.89547180681));
#1562 = CARTESIAN_POINT('',(6.474913528107,-27.81853734681));
#1563 = CARTESIAN_POINT('',(6.056831164293,-27.74152633432));
#1564 = CARTESIAN_POINT('',(5.638757690505,-27.66446700784));
#1565 = CARTESIAN_POINT('',(5.220687571403,-27.58738940627));
#1566 = CARTESIAN_POINT('',(4.500470187501,-27.45463051999));
#1567 = CARTESIAN_POINT('',(4.198324132429,-27.39894280165));
#1568 = CARTESIAN_POINT('',(3.896174532875,-27.34327424549));
#1569 = CARTESIAN_POINT('',(3.594019065593,-27.28763747002));
#1570 = CARTESIAN_POINT('',(3.291855307317,-27.23204568063));
#1571 = CARTESIAN_POINT('',(2.989680734764,-27.17651266961));
#1572 = CARTESIAN_POINT('',(2.303658433946,-27.05060861312));
#1573 = CARTESIAN_POINT('',(1.919802471991,-26.98028255084));
#1574 = CARTESIAN_POINT('',(1.535919459357,-26.91010399152));
#1575 = CARTESIAN_POINT('',(1.152003750524,-26.84010419631));
#1576 = CARTESIAN_POINT('',(0.768049433862,-26.77031632526));
#1577 = CARTESIAN_POINT('',(0.384050331635,-26.70077543737));
#1578 = CARTESIAN_POINT('',(0.,-26.6315184905));
#1579 = ( GEOMETRIC_REPRESENTATION_CONTEXT(2) 
PARAMETRIC_REPRESENTATION_CONTEXT() REPRESENTATION_CONTEXT('2D SPACE',''
  ) );
#1580 = ORIENTED_EDGE('',*,*,#1219,.T.);
#1581 = ADVANCED_FACE('',(#1582),#877,.T.);
#1582 = FACE_BOUND('',#1583,.T.);
#1583 = EDGE_LOOP('',(#1584,#1585,#1586,#1587));
#1584 = ORIENTED_EDGE('',*,*,#1248,.F.);
#1585 = ORIENTED_EDGE('',*,*,#1275,.F.);
#1586 = ORIENTED_EDGE('',*,*,#859,.F.);
#1587 = ORIENTED_EDGE('',*,*,#981,.T.);
#1588 = ( GEOMETRIC_REPRESENTATION_CONTEXT(3) 
GLOBAL_UNCERTAINTY_ASSIGNED_CONTEXT((#1592)) 
GLOBAL_UNIT_ASSIGNED_CONTEXT((#1589,#1590,#1591)) REPRESENTATION_CONTEXT
('Context #1','3D Context with UNIT and UNCERTAINTY') );
#1589 = ( LENGTH_UNIT() NAMED_UNIT(*) SI_UNIT(.MILLI.,.METRE.) );
#1590 = ( NAMED_UNIT(*) PLANE_ANGLE_UNIT() SI_UNIT($,.RADIAN.) );
#1591 = ( NAMED_UNIT(*) SI_UNIT($,.STERADIAN.) SOLID_ANGLE_UNIT() );
#1592 = UNCERTAINTY_MEASURE_WITH_UNIT(LENGTH_MEASURE(5.E-06),#1589,
  'distance_accuracy_value','confusion accuracy');
#1593 = PRODUCT_RELATED_PRODUCT_CATEGORY('part',$,(#7));
ENDSEC;
END-ISO-10303-21;
