ISO-10303-21;
HEADER;
FILE_DESCRIPTION(('Open CASCADE Model'),'2;1');
FILE_NAME('Open CASCADE Shape Model','2026-08-16T17:29:09',('Author'),(
    'Open CASCADE'),'Open CASCADE STEP processor 7.9','Open CASCADE 7.9'
  ,'Unknown');
FILE_SCHEMA(('AUTOMOTIVE_DESIGN { 1 0 10303 214 1 1 1 1 }'));
ENDSEC;
DATA;
#1 = APPLICATION_PROTOCOL_DEFINITION('international standard',
  'automotive_design',2000,#2);
#2 = APPLICATION_CONTEXT(
  'core data for automotive mechanical design processes');
#3 = SHAPE_DEFINITION_REPRESENTATION(#4,#10);
#4 = PRODUCT_DEFINITION_SHAPE('','',#5);
#5 = PRODUCT_DEFINITION('design','',#6,#9);
#6 = PRODUCT_DEFINITION_FORMATION('','',#7);
#7 = PRODUCT('Open CASCADE STEP translator 7.9 5',
  'Open CASCADE STEP translator 7.9 5','',(#8));
#8 = PRODUCT_CONTEXT('',#2,'mechanical');
#9 = PRODUCT_DEFINITION_CONTEXT('part definition',#2,'design');
#10 = SHAPE_REPRESENTATION('',(#11,#15,#19),#23);
#11 = AXIS2_PLACEMENT_3D('',#12,#13,#14);
#12 = CARTESIAN_POINT('',(0.,0.,0.));
#13 = DIRECTION('',(0.,0.,1.));
#14 = DIRECTION('',(1.,0.,-0.));
#15 = AXIS2_PLACEMENT_3D('',#16,#17,#18);
#16 = CARTESIAN_POINT('',(0.,0.,0.));
#17 = DIRECTION('',(0.,0.,1.));
#18 = DIRECTION('',(1.,0.,-0.));
#19 = AXIS2_PLACEMENT_3D('',#20,#21,#22);
#20 = CARTESIAN_POINT('',(0.,0.,0.));
#21 = DIRECTION('',(0.,0.,1.));
#22 = DIRECTION('',(1.,0.,-0.));
#23 = ( GEOMETRIC_REPRESENTATION_CONTEXT(3) 
GLOBAL_UNCERTAINTY_ASSIGNED_CONTEXT((#27)) GLOBAL_UNIT_ASSIGNED_CONTEXT(
(#24,#25,#26)) REPRESENTATION_CONTEXT('Context #1',
  '3D Context with UNIT and UNCERTAINTY') );
#24 = ( LENGTH_UNIT() NAMED_UNIT(*) SI_UNIT(.MILLI.,.METRE.) );
#25 = ( NAMED_UNIT(*) PLANE_ANGLE_UNIT() SI_UNIT($,.RADIAN.) );
#26 = ( NAMED_UNIT(*) SI_UNIT($,.STERADIAN.) SOLID_ANGLE_UNIT() );
#27 = UNCERTAINTY_MEASURE_WITH_UNIT(LENGTH_MEASURE(2.E-06),#24,
  'distance_accuracy_value','confusion accuracy');
#28 = PRODUCT_RELATED_PRODUCT_CATEGORY('part',$,(#7));
#29 = SHAPE_DEFINITION_REPRESENTATION(#30,#36);
#30 = PRODUCT_DEFINITION_SHAPE('','',#31);
#31 = PRODUCT_DEFINITION('design','',#32,#35);
#32 = PRODUCT_DEFINITION_FORMATION('','',#33);
#33 = PRODUCT('Open CASCADE STEP translator 7.9 5.1',
  'Open CASCADE STEP translator 7.9 5.1','',(#34));
#34 = PRODUCT_CONTEXT('',#2,'mechanical');
#35 = PRODUCT_DEFINITION_CONTEXT('part definition',#2,'design');
#36 = ADVANCED_BREP_SHAPE_REPRESENTATION('',(#11,#37),#1182);
#37 = MANIFOLD_SOLID_BREP('',#38);
#38 = CLOSED_SHELL('',(#39,#466,#585,#715,#1099,#1149,#1176));
#39 = ADVANCED_FACE('',(#40),#54,.F.);
#40 = FACE_BOUND('',#41,.F.);
#41 = EDGE_LOOP('',(#42,#77,#440));
#42 = ORIENTED_EDGE('',*,*,#43,.F.);
#43 = EDGE_CURVE('',#44,#46,#48,.T.);
#44 = VERTEX_POINT('',#45);
#45 = CARTESIAN_POINT('',(-23.35,-16.93438286023,-22.));
#46 = VERTEX_POINT('',#47);
#47 = CARTESIAN_POINT('',(-23.35,-5.,-22.));
#48 = SURFACE_CURVE('',#49,(#53,#65),.PCURVE_S1.);
#49 = LINE('',#50,#51);
#50 = CARTESIAN_POINT('',(-23.35,-23.,-22.));
#51 = VECTOR('',#52,1.);
#52 = DIRECTION('',(0.,1.,0.));
#53 = PCURVE('',#54,#59);
#54 = PLANE('',#55);
#55 = AXIS2_PLACEMENT_3D('',#56,#57,#58);
#56 = CARTESIAN_POINT('',(-23.35,-23.,-76.));
#57 = DIRECTION('',(1.,0.,0.));
#58 = DIRECTION('',(0.,0.,1.));
#59 = DEFINITIONAL_REPRESENTATION('',(#60),#64);
#60 = LINE('',#61,#62);
#61 = CARTESIAN_POINT('',(54.,0.));
#62 = VECTOR('',#63,1.);
#63 = DIRECTION('',(0.,-1.));
#64 = ( GEOMETRIC_REPRESENTATION_CONTEXT(2) 
PARAMETRIC_REPRESENTATION_CONTEXT() REPRESENTATION_CONTEXT('2D SPACE',''
  ) );
#65 = PCURVE('',#66,#71);
#66 = PLANE('',#67);
#67 = AXIS2_PLACEMENT_3D('',#68,#69,#70);
#68 = CARTESIAN_POINT('',(-23.35,-23.,-22.));
#69 = DIRECTION('',(0.,0.,1.));
#70 = DIRECTION('',(1.,0.,0.));
#71 = DEFINITIONAL_REPRESENTATION('',(#72),#76);
#72 = LINE('',#73,#74);
#73 = CARTESIAN_POINT('',(0.,0.));
#74 = VECTOR('',#75,1.);
#75 = DIRECTION('',(0.,1.));
#76 = ( GEOMETRIC_REPRESENTATION_CONTEXT(2) 
PARAMETRIC_REPRESENTATION_CONTEXT() REPRESENTATION_CONTEXT('2D SPACE',''
  ) );
#77 = ORIENTED_EDGE('',*,*,#78,.T.);
#78 = EDGE_CURVE('',#44,#79,#81,.T.);
#79 = VERTEX_POINT('',#80);
#80 = CARTESIAN_POINT('',(-23.35,-5.,-43.86048057601));
#81 = SURFACE_CURVE('',#82,(#169,#259),.PCURVE_S1.);
#82 = B_SPLINE_CURVE_WITH_KNOTS('',8,(#83,#84,#85,#86,#87,#88,#89,#90,
    #91,#92,#93,#94,#95,#96,#97,#98,#99,#100,#101,#102,#103,#104,#105,
    #106,#107,#108,#109,#110,#111,#112,#113,#114,#115,#116,#117,#118,
    #119,#120,#121,#122,#123,#124,#125,#126,#127,#128,#129,#130,#131,
    #132,#133,#134,#135,#136,#137,#138,#139,#140,#141,#142,#143,#144,
    #145,#146,#147,#148,#149,#150,#151,#152,#153,#154,#155,#156,#157,
    #158,#159,#160,#161,#162,#163,#164,#165,#166,#167,#168),
  .UNSPECIFIED.,.F.,.F.,(9,7,7,7,7,7,7,7,7,7,7,7,9),(0.,0.265753540186,
    0.400553075736,0.53639161126,0.580669777761,0.628367047388,
    0.665336373572,0.704592496546,0.734149148314,0.775069143365,
    0.836761843299,0.91911144359,1.),.UNSPECIFIED.);
#83 = CARTESIAN_POINT('',(-23.35,-16.93438286023,-22.));
#84 = CARTESIAN_POINT('',(-23.35,-17.02514492371,-23.43390774545));
#85 = CARTESIAN_POINT('',(-23.35,-17.09761869642,-24.8689624791));
#86 = CARTESIAN_POINT('',(-23.35,-17.15094254851,-26.30493990419));
#87 = CARTESIAN_POINT('',(-23.35,-17.18454362669,-27.74157715251));
#88 = CARTESIAN_POINT('',(-23.35,-17.19802662255,-29.17857308412));
#89 = CARTESIAN_POINT('',(-23.35,-17.19108640315,-30.61558948738));
#90 = CARTESIAN_POINT('',(-23.35,-17.16334369474,-32.05225280355));
#91 = CARTESIAN_POINT('',(-23.35,-17.08897568168,-34.21649656724));
#92 = CARTESIAN_POINT('',(-23.35,-17.05839109243,-34.94463830785));
#93 = CARTESIAN_POINT('',(-23.35,-17.02214631189,-35.67253727989));
#94 = CARTESIAN_POINT('',(-23.35,-16.98010591129,-36.40013865624));
#95 = CARTESIAN_POINT('',(-23.35,-16.93209661323,-37.1273764894));
#96 = CARTESIAN_POINT('',(-23.35,-16.87788801746,-37.85417245988));
#97 = CARTESIAN_POINT('',(-23.35,-16.81715940359,-38.58043360889));
#98 = CARTESIAN_POINT('',(-23.35,-16.68122395099,-40.03725735772));
#99 = CARTESIAN_POINT('',(-23.35,-16.60591672824,-40.76772100604));
#100 = CARTESIAN_POINT('',(-23.35,-16.52305710478,-41.49740895863));
#101 = CARTESIAN_POINT('',(-23.35,-16.43201732197,-42.2261961032));
#102 = CARTESIAN_POINT('',(-23.35,-16.33199003202,-42.95386053007));
#103 = CARTESIAN_POINT('',(-23.35,-16.22181953661,-43.68005740592));
#104 = CARTESIAN_POINT('',(-23.35,-16.09995209011,-44.40431298546));
#105 = CARTESIAN_POINT('',(-23.35,-15.91923499248,-45.36112601741));
#106 = CARTESIAN_POINT('',(-23.35,-15.8732784317,-45.59604778971));
#107 = CARTESIAN_POINT('',(-23.35,-15.82569724063,-45.83065139455));
#108 = CARTESIAN_POINT('',(-23.35,-15.77638466258,-46.06490275587));
#109 = CARTESIAN_POINT('',(-23.35,-15.72521924603,-46.29875953081));
#110 = CARTESIAN_POINT('',(-23.35,-15.67206073399,-46.53217021573));
#111 = CARTESIAN_POINT('',(-23.35,-15.61674361231,-46.76507272876));
#112 = CARTESIAN_POINT('',(-23.35,-15.49693940989,-47.24765164043));
#113 = CARTESIAN_POINT('',(-23.35,-15.43208078247,-47.49720765766));
#114 = CARTESIAN_POINT('',(-23.35,-15.36423731039,-47.74599074306));
#115 = CARTESIAN_POINT('',(-23.35,-15.29311435582,-47.99388738647));
#116 = CARTESIAN_POINT('',(-23.35,-15.21835990878,-48.24073461239));
#117 = CARTESIAN_POINT('',(-23.35,-15.1395509974,-48.48631588642));
#118 = CARTESIAN_POINT('',(-23.35,-15.05615829248,-48.73035035028));
#119 = CARTESIAN_POINT('',(-23.35,-14.89871651774,-49.16012754756));
#120 = CARTESIAN_POINT('',(-23.35,-14.82681145839,-49.34656284591));
#121 = CARTESIAN_POINT('',(-23.35,-14.75139617615,-49.53165482854));
#122 = CARTESIAN_POINT('',(-23.35,-14.67207467743,-49.71518396206));
#123 = CARTESIAN_POINT('',(-23.35,-14.58838029805,-49.89681598306));
#124 = CARTESIAN_POINT('',(-23.35,-14.49976125325,-50.07609544933));
#125 = CARTESIAN_POINT('',(-23.35,-14.40553111085,-50.25242283734));
#126 = CARTESIAN_POINT('',(-23.35,-14.19770894722,-50.60823537954));
#127 = CARTESIAN_POINT('',(-23.35,-14.08364142198,-50.78662227392));
#128 = CARTESIAN_POINT('',(-23.35,-13.96107192099,-50.95992896149));
#129 = CARTESIAN_POINT('',(-23.35,-13.82856744751,-51.1267727656));
#130 = CARTESIAN_POINT('',(-23.35,-13.68470992643,-51.28457924693));
#131 = CARTESIAN_POINT('',(-23.35,-13.5282108987,-51.42973562612));
#132 = CARTESIAN_POINT('',(-23.35,-13.35785800899,-51.55752019837));
#133 = CARTESIAN_POINT('',(-23.35,-13.03450413605,-51.74243162035));
#134 = CARTESIAN_POINT('',(-23.35,-12.89211961491,-51.80664061053));
#135 = CARTESIAN_POINT('',(-23.35,-12.74601377577,-51.85555219763));
#136 = CARTESIAN_POINT('',(-23.35,-12.59643515074,-51.88872911547));
#137 = CARTESIAN_POINT('',(-23.35,-12.44418453758,-51.90584212338));
#138 = CARTESIAN_POINT('',(-23.35,-12.29069875161,-51.90718223434));
#139 = CARTESIAN_POINT('',(-23.35,-12.13812255178,-51.89406804101));
#140 = CARTESIAN_POINT('',(-23.35,-11.7833857703,-51.83427897299));
#141 = CARTESIAN_POINT('',(-23.35,-11.58230277546,-51.77623267423));
#142 = CARTESIAN_POINT('',(-23.35,-11.38715155305,-51.69936356982));
#143 = CARTESIAN_POINT('',(-23.35,-11.19837415729,-51.60785471621));
#144 = CARTESIAN_POINT('',(-23.35,-11.01602835908,-51.50499935826));
#145 = CARTESIAN_POINT('',(-23.35,-10.83977158301,-51.39326632864));
#146 = CARTESIAN_POINT('',(-23.35,-10.66887773644,-51.27421429441));
#147 = CARTESIAN_POINT('',(-23.35,-10.25100121543,-50.95901096827));
#148 = CARTESIAN_POINT('',(-23.35,-10.010788579,-50.75542451981));
#149 = CARTESIAN_POINT('',(-23.35,-9.779324538202,-50.54162729004));
#150 = CARTESIAN_POINT('',(-23.35,-9.555471850058,-50.31989635914));
#151 = CARTESIAN_POINT('',(-23.35,-9.338242405846,-50.09196824533));
#152 = CARTESIAN_POINT('',(-23.35,-9.126858754477,-49.85895720514));
#153 = CARTESIAN_POINT('',(-23.35,-8.920547753425,-49.62159243381));
#154 = CARTESIAN_POINT('',(-23.35,-8.448908336741,-49.05797760374));
#155 = CARTESIAN_POINT('',(-23.35,-8.187358472628,-48.72906977633));
#156 = CARTESIAN_POINT('',(-23.35,-7.932518683157,-48.39486485191));
#157 = CARTESIAN_POINT('',(-23.35,-7.683506133241,-48.05629683429));
#158 = CARTESIAN_POINT('',(-23.35,-7.439645914634,-47.71406015042));
#159 = CARTESIAN_POINT('',(-23.35,-7.200376475046,-47.36867945297));
#160 = CARTESIAN_POINT('',(-23.35,-6.965232669818,-47.02052162888));
#161 = CARTESIAN_POINT('',(-23.35,-6.506455669092,-46.3253772854));
#162 = CARTESIAN_POINT('',(-23.35,-6.282732270517,-45.97853962226));
#163 = CARTESIAN_POINT('',(-23.35,-6.06225634803,-45.62961642192));
#164 = CARTESIAN_POINT('',(-23.35,-5.844739690271,-45.27883928444));
#165 = CARTESIAN_POINT('',(-23.35,-5.629945795488,-44.92639591247));
#166 = CARTESIAN_POINT('',(-23.35,-5.417672605626,-44.57244086639));
#167 = CARTESIAN_POINT('',(-23.35,-5.20774256449,-44.21710171416));
#168 = CARTESIAN_POINT('',(-23.35,-5.,-43.86048057601));
#169 = PCURVE('',#54,#170);
#170 = DEFINITIONAL_REPRESENTATION('',(#171),#258);
#171 = B_SPLINE_CURVE_WITH_KNOTS('',8,(#172,#173,#174,#175,#176,#177,
    #178,#179,#180,#181,#182,#183,#184,#185,#186,#187,#188,#189,#190,
    #191,#192,#193,#194,#195,#196,#197,#198,#199,#200,#201,#202,#203,
    #204,#205,#206,#207,#208,#209,#210,#211,#212,#213,#214,#215,#216,
    #217,#218,#219,#220,#221,#222,#223,#224,#225,#226,#227,#228,#229,
    #230,#231,#232,#233,#234,#235,#236,#237,#238,#239,#240,#241,#242,
    #243,#244,#245,#246,#247,#248,#249,#250,#251,#252,#253,#254,#255,
    #256,#257),.UNSPECIFIED.,.F.,.F.,(9,7,7,7,7,7,7,7,7,7,7,7,9),(0.,
    0.265753540186,0.400553075736,0.53639161126,0.580669777761,
    0.628367047388,0.665336373572,0.704592496546,0.734149148314,
    0.775069143365,0.836761843299,0.91911144359,1.),.UNSPECIFIED.);
#172 = CARTESIAN_POINT('',(54.,-6.065617139767));
#173 = CARTESIAN_POINT('',(52.566092254544,-5.974855076281));
#174 = CARTESIAN_POINT('',(51.131037520896,-5.902381303579));
#175 = CARTESIAN_POINT('',(49.695060095808,-5.849057451482));
#176 = CARTESIAN_POINT('',(48.258422847489,-5.815456373301));
#177 = CARTESIAN_POINT('',(46.821426915873,-5.801973377442));
#178 = CARTESIAN_POINT('',(45.384410512618,-5.808913596847));
#179 = CARTESIAN_POINT('',(43.947747196441,-5.836656305259));
#180 = CARTESIAN_POINT('',(41.783503432755,-5.911024318311));
#181 = CARTESIAN_POINT('',(41.05536169215,-5.941608907562));
#182 = CARTESIAN_POINT('',(40.32746272011,-5.977853688106));
#183 = CARTESIAN_POINT('',(39.599861343754,-6.019894088702));
#184 = CARTESIAN_POINT('',(38.872623510597,-6.067903386769));
#185 = CARTESIAN_POINT('',(38.145827540117,-6.122111982539));
#186 = CARTESIAN_POINT('',(37.41956639111,-6.182840596408));
#187 = CARTESIAN_POINT('',(35.962742642276,-6.318776049008));
#188 = CARTESIAN_POINT('',(35.232278993956,-6.394083271751));
#189 = CARTESIAN_POINT('',(34.502591041363,-6.476942895219));
#190 = CARTESIAN_POINT('',(33.773803896793,-6.567982678026));
#191 = CARTESIAN_POINT('',(33.046139469925,-6.668009967972));
#192 = CARTESIAN_POINT('',(32.31994259408,-6.778180463385));
#193 = CARTESIAN_POINT('',(31.595687014533,-6.900047909886));
#194 = CARTESIAN_POINT('',(30.638873982586,-7.080765007516));
#195 = CARTESIAN_POINT('',(30.40395221029,-7.126721568294));
#196 = CARTESIAN_POINT('',(30.169348605445,-7.174302759369));
#197 = CARTESIAN_POINT('',(29.935097244123,-7.22361533742));
#198 = CARTESIAN_POINT('',(29.70124046919,-7.274780753962));
#199 = CARTESIAN_POINT('',(29.467829784268,-7.327939266008));
#200 = CARTESIAN_POINT('',(29.234927271235,-7.383256387683));
#201 = CARTESIAN_POINT('',(28.752348359566,-7.503060590108));
#202 = CARTESIAN_POINT('',(28.502792342332,-7.567919217521));
#203 = CARTESIAN_POINT('',(28.254009256938,-7.635762689603));
#204 = CARTESIAN_POINT('',(28.006112613529,-7.706885644171));
#205 = CARTESIAN_POINT('',(27.75926538761,-7.781640091217));
#206 = CARTESIAN_POINT('',(27.513684113579,-7.860449002596));
#207 = CARTESIAN_POINT('',(27.269649649713,-7.943841707517));
#208 = CARTESIAN_POINT('',(26.839872452434,-8.101283482254));
#209 = CARTESIAN_POINT('',(26.653437154083,-8.173188541608));
#210 = CARTESIAN_POINT('',(26.46834517146,-8.248603823849));
#211 = CARTESIAN_POINT('',(26.284816037935,-8.327925322566));
#212 = CARTESIAN_POINT('',(26.103184016938,-8.411619701945));
#213 = CARTESIAN_POINT('',(25.923904550664,-8.50023874675));
#214 = CARTESIAN_POINT('',(25.747577162651,-8.594468889144));
#215 = CARTESIAN_POINT('',(25.391764620451,-8.802291052772));
#216 = CARTESIAN_POINT('',(25.21337772608,-8.916358578019));
#217 = CARTESIAN_POINT('',(25.040071038503,-9.038928079005));
#218 = CARTESIAN_POINT('',(24.873227234395,-9.171432552487));
#219 = CARTESIAN_POINT('',(24.715420753066,-9.315290073568));
#220 = CARTESIAN_POINT('',(24.570264373871,-9.471789101292));
#221 = CARTESIAN_POINT('',(24.442479801626,-9.642141991005));
#222 = CARTESIAN_POINT('',(24.257568379643,-9.965495863946));
#223 = CARTESIAN_POINT('',(24.193359389469,-10.10788038508));
#224 = CARTESIAN_POINT('',(24.144447802366,-10.25398622422));
#225 = CARTESIAN_POINT('',(24.11127088453,-10.40356484925));
#226 = CARTESIAN_POINT('',(24.094157876613,-10.55581546241));
#227 = CARTESIAN_POINT('',(24.092817765659,-10.70930124838));
#228 = CARTESIAN_POINT('',(24.105931958988,-10.86187744821));
#229 = CARTESIAN_POINT('',(24.165721027007,-11.21661422969));
#230 = CARTESIAN_POINT('',(24.223767325762,-11.41769722453));
#231 = CARTESIAN_POINT('',(24.300636430177,-11.61284844694));
#232 = CARTESIAN_POINT('',(24.392145283789,-11.8016258427));
#233 = CARTESIAN_POINT('',(24.49500064174,-11.98397164091));
#234 = CARTESIAN_POINT('',(24.606733671352,-12.16022841698));
#235 = CARTESIAN_POINT('',(24.725785705581,-12.33112226355));
#236 = CARTESIAN_POINT('',(25.040989031728,-12.74899878456));
#237 = CARTESIAN_POINT('',(25.244575480187,-12.98921142099));
#238 = CARTESIAN_POINT('',(25.458372709954,-13.22067546179));
#239 = CARTESIAN_POINT('',(25.680103640859,-13.44452814994));
#240 = CARTESIAN_POINT('',(25.908031754662,-13.66175759415));
#241 = CARTESIAN_POINT('',(26.141042794857,-13.87314124552));
#242 = CARTESIAN_POINT('',(26.378407566189,-14.07945224657));
#243 = CARTESIAN_POINT('',(26.94202239626,-14.55109166325));
#244 = CARTESIAN_POINT('',(27.270930223661,-14.81264152737));
#245 = CARTESIAN_POINT('',(27.605135148082,-15.06748131684));
#246 = CARTESIAN_POINT('',(27.943703165706,-15.31649386675));
#247 = CARTESIAN_POINT('',(28.285939849578,-15.56035408536));
#248 = CARTESIAN_POINT('',(28.631320547029,-15.79962352495));
#249 = CARTESIAN_POINT('',(28.97947837112,-16.03476733018));
#250 = CARTESIAN_POINT('',(29.674622714599,-16.4935443309));
#251 = CARTESIAN_POINT('',(30.021460377733,-16.71726772948));
#252 = CARTESIAN_POINT('',(30.370383578079,-16.93774365197));
#253 = CARTESIAN_POINT('',(30.721160715556,-17.15526030972));
#254 = CARTESIAN_POINT('',(31.073604087521,-17.37005420451));
#255 = CARTESIAN_POINT('',(31.427559133608,-17.58232739437));
#256 = CARTESIAN_POINT('',(31.782898285837,-17.79225743551));
#257 = CARTESIAN_POINT('',(32.139519423987,-18.));
#258 = ( GEOMETRIC_REPRESENTATION_CONTEXT(2) 
PARAMETRIC_REPRESENTATION_CONTEXT() REPRESENTATION_CONTEXT('2D SPACE',''
  ) );
#259 = PCURVE('',#260,#351);
#260 = ( BOUNDED_SURFACE() B_SPLINE_SURFACE(14,5,(
    (#261,#262,#263,#264,#265,#266)
    ,(#267,#268,#269,#270,#271,#272)
    ,(#273,#274,#275,#276,#277,#278)
    ,(#279,#280,#281,#282,#283,#284)
    ,(#285,#286,#287,#288,#289,#290)
    ,(#291,#292,#293,#294,#295,#296)
    ,(#297,#298,#299,#300,#301,#302)
    ,(#303,#304,#305,#306,#307,#308)
    ,(#309,#310,#311,#312,#313,#314)
    ,(#315,#316,#317,#318,#319,#320)
    ,(#321,#322,#323,#324,#325,#326)
    ,(#327,#328,#329,#330,#331,#332)
    ,(#333,#334,#335,#336,#337,#338)
    ,(#339,#340,#341,#342,#343,#344)
    ,(#345,#346,#347,#348,#349,#350
)),.UNSPECIFIED.,.T.,.F.,.F.) B_SPLINE_SURFACE_WITH_KNOTS((1,14,14,1),(6
    ,6),(-1.,0.,1.,2.),(0.,1.),.UNSPECIFIED.) 
GEOMETRIC_REPRESENTATION_ITEM() RATIONAL_B_SPLINE_SURFACE((
    (1.,1.,1.,1.,1.,1.)
    ,(1.,1.,1.,1.,1.,1.)
    ,(1.,1.,1.,1.,1.,1.)
    ,(1.,1.,1.,1.,1.,1.)
    ,(1.,1.,1.,1.,1.,1.)
    ,(1.,1.,1.,1.,1.,1.)
    ,(1.,1.,1.,1.,1.,1.)
    ,(1.,1.,1.,1.,1.,1.)
    ,(1.,1.,1.,1.,1.,1.)
    ,(1.,1.,1.,1.,1.,1.)
    ,(1.,1.,1.,1.,1.,1.)
    ,(1.,1.,1.,1.,1.,1.)
    ,(1.,1.,1.,1.,1.,1.)
    ,(1.,1.,1.,1.,1.,1.)
,(1.,1.,1.,1.,1.,1.))) REPRESENTATION_ITEM('') SURFACE() );
#261 = CARTESIAN_POINT('',(17.,-24.5,-97.));
#262 = CARTESIAN_POINT('',(24.695572997032,-19.3397591547,
    -77.51967133455));
#263 = CARTESIAN_POINT('',(15.196592142779,-9.442324537701,
    -55.11219644121));
#264 = CARTESIAN_POINT('',(31.729761407938,-12.34565689953,
    -35.33195450265));
#265 = CARTESIAN_POINT('',(28.25621735006,-2.109562729412,
    -14.41592287524));
#266 = CARTESIAN_POINT('',(30.,2.606519132579E-15,7.));
#267 = CARTESIAN_POINT('',(17.000000000003,-19.11441259384,-97.));
#268 = CARTESIAN_POINT('',(24.695572997047,-11.42786359354,
    -77.51967133455));
#269 = CARTESIAN_POINT('',(15.196592142752,-4.138002351172,
    -55.11219644121));
#270 = CARTESIAN_POINT('',(31.729761407966,-3.391128076955,
    -35.33195450265));
#271 = CARTESIAN_POINT('',(28.256217350054,7.518698588513,
    -14.41592287524));
#272 = CARTESIAN_POINT('',(30.000000000004,9.873576911289,7.));
#273 = CARTESIAN_POINT('',(13.3124558596,-13.72882319974,-97.));
#274 = CARTESIAN_POINT('',(19.338748555862,-3.515965111931,
    -77.51967133455));
#275 = CARTESIAN_POINT('',(11.900233065841,1.166321793248,
    -55.11219644121));
#276 = CARTESIAN_POINT('',(24.847120481,5.563404050998,-35.33195450265)
  );
#277 = CARTESIAN_POINT('',(22.12703801369,17.146963460419,
    -14.41592287524));
#278 = CARTESIAN_POINT('',(23.492569164001,19.747157467127,7.));
#279 = CARTESIAN_POINT('',(5.93736286467,-9.706167841123,-97.));
#280 = CARTESIAN_POINT('',(8.625092825689,2.393664920164,-77.51967133455
    ));
#281 = CARTESIAN_POINT('',(5.307510697172,5.128277743268,-55.11219644121
    ));
#282 = CARTESIAN_POINT('',(11.081829829017,12.251807865598,
    -35.33195450265));
#283 = CARTESIAN_POINT('',(9.868671505181,24.338598107511,
    -14.41592287524));
#284 = CARTESIAN_POINT('',(10.477699172943,27.122025624609,7.));
#285 = CARTESIAN_POINT('',(-4.022380450564,-8.409228850085,-97.));
#286 = CARTESIAN_POINT('',(-5.84323470845,4.298980918694,-77.51967133455
    ));
#287 = CARTESIAN_POINT('',(-3.595675008099,6.405646717976,
    -55.11219644121));
#288 = CARTESIAN_POINT('',(-7.507598352846,14.408207289226,
    -35.33195450265));
#289 = CARTESIAN_POINT('',(-6.685720957131,26.657243517334,
    -14.41592287524));
#290 = CARTESIAN_POINT('',(-7.098318442164,29.499747108174,7.));
#291 = CARTESIAN_POINT('',(-14.36118622684,-10.71227766788,-97.));
#292 = CARTESIAN_POINT('',(-20.86221898712,0.915602218347,
    -77.51967133455));
#293 = CARTESIAN_POINT('',(-12.83771116449,4.137349498561,
    -55.11219644121));
#294 = CARTESIAN_POINT('',(-26.80453014687,10.578965376072,
    -35.33195450265));
#295 = CARTESIAN_POINT('',(-23.87016467281,22.539892117711,
    -14.41592287524));
#296 = CARTESIAN_POINT('',(-25.34326981209,25.277490942222,7.));
#297 = CARTESIAN_POINT('',(-22.2537089282,-16.50937705681,-97.));
#298 = CARTESIAN_POINT('',(-32.32753490008,-7.600840179445,
    -77.51967133455));
#299 = CARTESIAN_POINT('',(-19.89297283641,-1.572275207285,
    -55.11219644121));
#300 = CARTESIAN_POINT('',(-41.53558086791,0.940222255719,
    -35.33195450265));
#301 = CARTESIAN_POINT('',(-36.9885668418,12.175936694658,
    -14.41592287524));
#302 = CARTESIAN_POINT('',(-39.27125104975,14.649475395817,7.));
#303 = CARTESIAN_POINT('',(-25.22508623481,-24.49999999985,-97.));
#304 = CARTESIAN_POINT('',(-36.64399755631,-19.33975915445,
    -77.51967133455));
#305 = CARTESIAN_POINT('',(-22.54913807683,-9.442324537206,
    -55.11219644121));
#306 = CARTESIAN_POINT('',(-47.08152751192,-12.34565689991,
    -35.33195450265));
#307 = CARTESIAN_POINT('',(-41.92738349032,-2.109562728943,
    -14.41592287524));
#308 = CARTESIAN_POINT('',(-44.51485806145,2.913297794736E-10,7.));
#309 = CARTESIAN_POINT('',(-22.25370892821,-32.49062294344,-97.));
#310 = CARTESIAN_POINT('',(-32.32753490004,-31.0786781304,
    -77.51967133455));
#311 = CARTESIAN_POINT('',(-19.89297283646,-17.31237386902,
    -55.11219644121));
#312 = CARTESIAN_POINT('',(-41.53558086789,-25.63153605409,
    -35.33195450265));
#313 = CARTESIAN_POINT('',(-36.98856684181,-16.39506215434,
    -14.41592287524));
#314 = CARTESIAN_POINT('',(-39.27125104976,-14.64947539635,7.));
#315 = CARTESIAN_POINT('',(-14.36118622683,-38.28772233191,-97.));
#316 = CARTESIAN_POINT('',(-20.86221898718,-39.5951205274,
    -77.51967133455));
#317 = CARTESIAN_POINT('',(-12.83771116441,-23.02199857327,
    -55.11219644121));
#318 = CARTESIAN_POINT('',(-26.8045301469,-35.27027917565,
    -35.33195450265));
#319 = CARTESIAN_POINT('',(-23.87016467279,-26.75901757588,
    -14.41592287524));
#320 = CARTESIAN_POINT('',(-25.34326981208,-25.27749094181,7.));
#321 = CARTESIAN_POINT('',(-4.022380450576,-40.59077115003,-97.));
#322 = CARTESIAN_POINT('',(-5.8432347084,-42.97849922831,-77.51967133455
    ));
#323 = CARTESIAN_POINT('',(-3.595675008171,-25.29029579379,
    -55.11219644121));
#324 = CARTESIAN_POINT('',(-7.507598352813,-39.09952108798,
    -35.33195450265));
#325 = CARTESIAN_POINT('',(-6.685720957153,-30.87636897655,
    -14.41592287524));
#326 = CARTESIAN_POINT('',(-7.098318442175,-29.49974710843,7.));
#327 = CARTESIAN_POINT('',(5.937362864677,-39.29383215881,-97.));
#328 = CARTESIAN_POINT('',(8.62509282566,-41.07318322945,-77.51967133455
    ));
#329 = CARTESIAN_POINT('',(5.307510697216,-24.01292681846,
    -55.11219644121));
#330 = CARTESIAN_POINT('',(11.081829828995,-36.94312166481,
    -35.33195450265));
#331 = CARTESIAN_POINT('',(9.868671505195,-28.55772356614,
    -14.41592287524));
#332 = CARTESIAN_POINT('',(10.47769917295,-27.12202562447,7.));
#333 = CARTESIAN_POINT('',(13.312455859597,-35.27117680027,-97.));
#334 = CARTESIAN_POINT('',(19.338748555873,-35.16355319751,
    -77.51967133455));
#335 = CARTESIAN_POINT('',(11.900233065823,-20.05097086872,
    -55.11219644121));
#336 = CARTESIAN_POINT('',(24.84712048101,-30.25471785001,
    -35.33195450265));
#337 = CARTESIAN_POINT('',(22.127038013684,-21.36608891931,
    -14.41592287524));
#338 = CARTESIAN_POINT('',(23.492569163999,-19.74715746717,7.));
#339 = CARTESIAN_POINT('',(17.000000000003,-29.88558740615,-97.));
#340 = CARTESIAN_POINT('',(24.695572997044,-27.25165471584,
    -77.51967133455));
#341 = CARTESIAN_POINT('',(15.196592142756,-14.74664672421,
    -55.11219644121));
#342 = CARTESIAN_POINT('',(31.729761407964,-21.30018572212,
    -35.33195450265));
#343 = CARTESIAN_POINT('',(28.256217350056,-11.73782404732,
    -14.41592287524));
#344 = CARTESIAN_POINT('',(30.000000000005,-9.873576911278,7.));
#345 = CARTESIAN_POINT('',(17.,-24.5,-97.));
#346 = CARTESIAN_POINT('',(24.695572997032,-19.3397591547,
    -77.51967133455));
#347 = CARTESIAN_POINT('',(15.196592142779,-9.442324537701,
    -55.11219644121));
#348 = CARTESIAN_POINT('',(31.729761407938,-12.34565689953,
    -35.33195450265));
#349 = CARTESIAN_POINT('',(28.25621735006,-2.109562729412,
    -14.41592287524));
#350 = CARTESIAN_POINT('',(30.,2.606519132579E-15,7.));
#351 = DEFINITIONAL_REPRESENTATION('',(#352),#439);
#352 = B_SPLINE_CURVE_WITH_KNOTS('',8,(#353,#354,#355,#356,#357,#358,
    #359,#360,#361,#362,#363,#364,#365,#366,#367,#368,#369,#370,#371,
    #372,#373,#374,#375,#376,#377,#378,#379,#380,#381,#382,#383,#384,
    #385,#386,#387,#388,#389,#390,#391,#392,#393,#394,#395,#396,#397,
    #398,#399,#400,#401,#402,#403,#404,#405,#406,#407,#408,#409,#410,
    #411,#412,#413,#414,#415,#416,#417,#418,#419,#420,#421,#422,#423,
    #424,#425,#426,#427,#428,#429,#430,#431,#432,#433,#434,#435,#436,
    #437,#438),.UNSPECIFIED.,.F.,.F.,(9,7,7,7,7,7,7,7,7,7,7,7,9),(0.,
    0.265753540186,0.400553075736,0.53639161126,0.580669777761,
    0.628367047388,0.665336373572,0.704592496546,0.734149148314,
    0.775069143365,0.836761843299,0.91911144359,1.),.UNSPECIFIED.);
#353 = CARTESIAN_POINT('',(0.593829612567,0.725391291022));
#354 = CARTESIAN_POINT('',(0.592411895883,0.711646985926));
#355 = CARTESIAN_POINT('',(0.590849696612,0.697878747544));
#356 = CARTESIAN_POINT('',(0.589133135518,0.684090343767));
#357 = CARTESIAN_POINT('',(0.587252447963,0.670286019834));
#358 = CARTESIAN_POINT('',(0.585197310863,0.656470454571));
#359 = CARTESIAN_POINT('',(0.582956508634,0.642648699542));
#360 = CARTESIAN_POINT('',(0.58051689288,0.628826109288));
#361 = CARTESIAN_POINT('',(0.57651322058,0.607999377544));
#362 = CARTESIAN_POINT('',(0.575110101147,0.600991738175));
#363 = CARTESIAN_POINT('',(0.573648894408,0.593985993561));
#364 = CARTESIAN_POINT('',(0.572126914071,0.586982883311));
#365 = CARTESIAN_POINT('',(0.570541091934,0.579983246427));
#366 = CARTESIAN_POINT('',(0.568887809443,0.572988031633));
#367 = CARTESIAN_POINT('',(0.567162594206,0.565998317415));
#368 = CARTESIAN_POINT('',(0.563542872383,0.551978543144));
#369 = CARTESIAN_POINT('',(0.561647377652,0.544949443471));
#370 = CARTESIAN_POINT('',(0.559667123987,0.537928516166));
#371 = CARTESIAN_POINT('',(0.557594700599,0.530917126687));
#372 = CARTESIAN_POINT('',(0.555421132236,0.523917556987));
#373 = CARTESIAN_POINT('',(0.553134308503,0.516933253532));
#374 = CARTESIAN_POINT('',(0.55071853466,0.509968881474));
#375 = CARTESIAN_POINT('',(0.547309071252,0.500770045058));
#376 = CARTESIAN_POINT('',(0.546454429041,0.498511641939));
#377 = CARTESIAN_POINT('',(0.545582382278,0.496256444206));
#378 = CARTESIAN_POINT('',(0.544691907938,0.494004782047));
#379 = CARTESIAN_POINT('',(0.543781856068,0.491757064777));
#380 = CARTESIAN_POINT('',(0.542850912007,0.489513789366));
#381 = CARTESIAN_POINT('',(0.541897536924,0.487275554));
#382 = CARTESIAN_POINT('',(0.539866743553,0.482638210267));
#383 = CARTESIAN_POINT('',(0.538785544988,0.480240284026));
#384 = CARTESIAN_POINT('',(0.537673889694,0.477849969744));
#385 = CARTESIAN_POINT('',(0.536529073535,0.475468358893));
#386 = CARTESIAN_POINT('',(0.535347930653,0.473097017369));
#387 = CARTESIAN_POINT('',(0.534126712912,0.470738024512));
#388 = CARTESIAN_POINT('',(0.532860771712,0.468394076114));
#389 = CARTESIAN_POINT('',(0.530523049097,0.464266396619));
#390 = CARTESIAN_POINT('',(0.529472037739,0.462475940097));
#391 = CARTESIAN_POINT('',(0.528387576077,0.460698494455));
#392 = CARTESIAN_POINT('',(0.52726623028,0.458936165872));
#393 = CARTESIAN_POINT('',(0.526104109773,0.457192161373));
#394 = CARTESIAN_POINT('',(0.524896747885,0.455470850232));
#395 = CARTESIAN_POINT('',(0.52363867783,0.453777983255));
#396 = CARTESIAN_POINT('',(0.520924494956,0.450362127532));
#397 = CARTESIAN_POINT('',(0.519465667782,0.448649694575));
#398 = CARTESIAN_POINT('',(0.517932162192,0.446986131546));
#399 = CARTESIAN_POINT('',(0.51631288739,0.44538470203));
#400 = CARTESIAN_POINT('',(0.514599369255,0.44387010424));
#401 = CARTESIAN_POINT('',(0.512786667219,0.442476993324));
#402 = CARTESIAN_POINT('',(0.510873186065,0.441250656299));
#403 = CARTESIAN_POINT('',(0.507357079723,0.439476130584));
#404 = CARTESIAN_POINT('',(0.505843437462,0.43885996151));
#405 = CARTESIAN_POINT('',(0.504324816767,0.438390602695));
#406 = CARTESIAN_POINT('',(0.502804928108,0.438072240115));
#407 = CARTESIAN_POINT('',(0.501292632815,0.437908026119));
#408 = CARTESIAN_POINT('',(0.499801642394,0.437895165639));
#409 = CARTESIAN_POINT('',(0.498350279471,0.438021007896));
#410 = CARTESIAN_POINT('',(0.495038836609,0.438594746059));
#411 = CARTESIAN_POINT('',(0.493213637744,0.439151764473));
#412 = CARTESIAN_POINT('',(0.491487060831,0.439889420402));
#413 = CARTESIAN_POINT('',(0.489854733685,0.440767588232));
#414 = CARTESIAN_POINT('',(0.488310256599,0.441754678492));
#415 = CARTESIAN_POINT('',(0.486845034228,0.442827009123));
#416 = CARTESIAN_POINT('',(0.485448677564,0.443969630288));
#417 = CARTESIAN_POINT('',(0.482089250546,0.446994981674));
#418 = CARTESIAN_POINT('',(0.480209238004,0.448949140841));
#419 = CARTESIAN_POINT('',(0.478438586003,0.451001451558));
#420 = CARTESIAN_POINT('',(0.476761277385,0.45313007822));
#421 = CARTESIAN_POINT('',(0.475163912507,0.455318367252));
#422 = CARTESIAN_POINT('',(0.473636480182,0.457555633247));
#423 = CARTESIAN_POINT('',(0.472169874195,0.459834884869));
#424 = CARTESIAN_POINT('',(0.468868718882,0.465247333916));
#425 = CARTESIAN_POINT('',(0.467078254326,0.468406199417));
#426 = CARTESIAN_POINT('',(0.4653681828,0.471616285321));
#427 = CARTESIAN_POINT('',(0.463727894945,0.474868634589));
#428 = CARTESIAN_POINT('',(0.46214933805,0.478156585375));
#429 = CARTESIAN_POINT('',(0.460625945263,0.481475102275));
#430 = CARTESIAN_POINT('',(0.459152444788,0.484820661949));
#431 = CARTESIAN_POINT('',(0.456321372032,0.491501231711));
#432 = CARTESIAN_POINT('',(0.454962454873,0.494834798804));
#433 = CARTESIAN_POINT('',(0.453643362849,0.498188749308));
#434 = CARTESIAN_POINT('',(0.45236084685,0.501560854185));
#435 = CARTESIAN_POINT('',(0.451112258648,0.50494930383));
#436 = CARTESIAN_POINT('',(0.449895358192,0.508352605071));
#437 = CARTESIAN_POINT('',(0.4487082027,0.511769522331));
#438 = CARTESIAN_POINT('',(0.44754911755,0.515199062949));
#439 = ( GEOMETRIC_REPRESENTATION_CONTEXT(2) 
PARAMETRIC_REPRESENTATION_CONTEXT() REPRESENTATION_CONTEXT('2D SPACE',''
  ) );
#440 = ORIENTED_EDGE('',*,*,#441,.T.);
#441 = EDGE_CURVE('',#79,#46,#442,.T.);
#442 = SURFACE_CURVE('',#443,(#447,#454),.PCURVE_S1.);
#443 = LINE('',#444,#445);
#444 = CARTESIAN_POINT('',(-23.35,-5.,-76.));
#445 = VECTOR('',#446,1.);
#446 = DIRECTION('',(0.,0.,1.));
#447 = PCURVE('',#54,#448);
#448 = DEFINITIONAL_REPRESENTATION('',(#449),#453);
#449 = LINE('',#450,#451);
#450 = CARTESIAN_POINT('',(0.,-18.));
#451 = VECTOR('',#452,1.);
#452 = DIRECTION('',(1.,0.));
#453 = ( GEOMETRIC_REPRESENTATION_CONTEXT(2) 
PARAMETRIC_REPRESENTATION_CONTEXT() REPRESENTATION_CONTEXT('2D SPACE',''
  ) );
#454 = PCURVE('',#455,#460);
#455 = PLANE('',#456);
#456 = AXIS2_PLACEMENT_3D('',#457,#458,#459);
#457 = CARTESIAN_POINT('',(-23.35,-5.,-76.));
#458 = DIRECTION('',(0.,1.,0.));
#459 = DIRECTION('',(0.,0.,1.));
#460 = DEFINITIONAL_REPRESENTATION('',(#461),#465);
#461 = LINE('',#462,#463);
#462 = CARTESIAN_POINT('',(0.,0.));
#463 = VECTOR('',#464,1.);
#464 = DIRECTION('',(1.,0.));
#465 = ( GEOMETRIC_REPRESENTATION_CONTEXT(2) 
PARAMETRIC_REPRESENTATION_CONTEXT() REPRESENTATION_CONTEXT('2D SPACE',''
  ) );
#466 = ADVANCED_FACE('',(#467),#66,.T.);
#467 = FACE_BOUND('',#468,.T.);
#468 = EDGE_LOOP('',(#469,#470,#508,#536,#564));
#469 = ORIENTED_EDGE('',*,*,#43,.F.);
#470 = ORIENTED_EDGE('',*,*,#471,.F.);
#471 = EDGE_CURVE('',#472,#44,#474,.T.);
#472 = VERTEX_POINT('',#473);
#473 = CARTESIAN_POINT('',(-14.36106238613,-23.,-22.));
#474 = SURFACE_CURVE('',#475,(#484,#496),.PCURVE_S1.);
#475 = B_SPLINE_CURVE_WITH_KNOTS('',7,(#476,#477,#478,#479,#480,#481,
    #482,#483),.UNSPECIFIED.,.F.,.F.,(8,8),(0.,1.),
  .PIECEWISE_BEZIER_KNOTS.);
#476 = CARTESIAN_POINT('',(-14.36106238613,-23.,-22.));
#477 = CARTESIAN_POINT('',(-15.79818829168,-22.39179786844,-22.));
#478 = CARTESIAN_POINT('',(-17.20003990439,-21.7023952937,-22.));
#479 = CARTESIAN_POINT('',(-18.5603489968,-20.92863926379,-22.));
#480 = CARTESIAN_POINT('',(-19.86947911184,-20.06725504367,-22.));
#481 = CARTESIAN_POINT('',(-21.11479461961,-19.11546227217,-22.));
#482 = CARTESIAN_POINT('',(-22.28099449801,-18.07146673452,-22.));
#483 = CARTESIAN_POINT('',(-23.35,-16.93438286023,-22.));
#484 = PCURVE('',#66,#485);
#485 = DEFINITIONAL_REPRESENTATION('',(#486),#495);
#486 = B_SPLINE_CURVE_WITH_KNOTS('',7,(#487,#488,#489,#490,#491,#492,
    #493,#494),.UNSPECIFIED.,.F.,.F.,(8,8),(0.,1.),
  .PIECEWISE_BEZIER_KNOTS.);
#487 = CARTESIAN_POINT('',(8.988937613865,0.));
#488 = CARTESIAN_POINT('',(7.551811708314,0.608202131556));
#489 = CARTESIAN_POINT('',(6.14996009561,1.297604706294));
#490 = CARTESIAN_POINT('',(4.789651003195,2.07136073621));
#491 = CARTESIAN_POINT('',(3.480520888153,2.932744956324));
#492 = CARTESIAN_POINT('',(2.235205380387,3.884537727828));
#493 = CARTESIAN_POINT('',(1.069005501984,4.928533265472));
#494 = CARTESIAN_POINT('',(0.,6.065617139767));
#495 = ( GEOMETRIC_REPRESENTATION_CONTEXT(2) 
PARAMETRIC_REPRESENTATION_CONTEXT() REPRESENTATION_CONTEXT('2D SPACE',''
  ) );
#496 = PCURVE('',#260,#497);
#497 = DEFINITIONAL_REPRESENTATION('',(#498),#507);
#498 = B_SPLINE_CURVE_WITH_KNOTS('',7,(#499,#500,#501,#502,#503,#504,
    #505,#506),.UNSPECIFIED.,.F.,.F.,(8,8),(0.,1.),
  .PIECEWISE_BEZIER_KNOTS.);
#499 = CARTESIAN_POINT('',(0.664598395095,0.725391291022));
#500 = CARTESIAN_POINT('',(0.655124988621,0.725391291022));
#501 = CARTESIAN_POINT('',(0.645492807525,0.725391291022));
#502 = CARTESIAN_POINT('',(0.635664692244,0.725391291022));
#503 = CARTESIAN_POINT('',(0.625611223098,0.725391291022));
#504 = CARTESIAN_POINT('',(0.615305808491,0.725391291022));
#505 = CARTESIAN_POINT('',(0.604722685554,0.725391291022));
#506 = CARTESIAN_POINT('',(0.593829612567,0.725391291022));
#507 = ( GEOMETRIC_REPRESENTATION_CONTEXT(2) 
PARAMETRIC_REPRESENTATION_CONTEXT() REPRESENTATION_CONTEXT('2D SPACE',''
  ) );
#508 = ORIENTED_EDGE('',*,*,#509,.T.);
#509 = EDGE_CURVE('',#472,#510,#512,.T.);
#510 = VERTEX_POINT('',#511);
#511 = CARTESIAN_POINT('',(-10.65,-23.,-22.));
#512 = SURFACE_CURVE('',#513,(#517,#524),.PCURVE_S1.);
#513 = LINE('',#514,#515);
#514 = CARTESIAN_POINT('',(-23.35,-23.,-22.));
#515 = VECTOR('',#516,1.);
#516 = DIRECTION('',(1.,0.,0.));
#517 = PCURVE('',#66,#518);
#518 = DEFINITIONAL_REPRESENTATION('',(#519),#523);
#519 = LINE('',#520,#521);
#520 = CARTESIAN_POINT('',(0.,0.));
#521 = VECTOR('',#522,1.);
#522 = DIRECTION('',(1.,0.));
#523 = ( GEOMETRIC_REPRESENTATION_CONTEXT(2) 
PARAMETRIC_REPRESENTATION_CONTEXT() REPRESENTATION_CONTEXT('2D SPACE',''
  ) );
#524 = PCURVE('',#525,#530);
#525 = PLANE('',#526);
#526 = AXIS2_PLACEMENT_3D('',#527,#528,#529);
#527 = CARTESIAN_POINT('',(-23.35,-23.,-76.));
#528 = DIRECTION('',(0.,1.,0.));
#529 = DIRECTION('',(0.,0.,1.));
#530 = DEFINITIONAL_REPRESENTATION('',(#531),#535);
#531 = LINE('',#532,#533);
#532 = CARTESIAN_POINT('',(54.,0.));
#533 = VECTOR('',#534,1.);
#534 = DIRECTION('',(0.,1.));
#535 = ( GEOMETRIC_REPRESENTATION_CONTEXT(2) 
PARAMETRIC_REPRESENTATION_CONTEXT() REPRESENTATION_CONTEXT('2D SPACE',''
  ) );
#536 = ORIENTED_EDGE('',*,*,#537,.T.);
#537 = EDGE_CURVE('',#510,#538,#540,.T.);
#538 = VERTEX_POINT('',#539);
#539 = CARTESIAN_POINT('',(-10.65,-5.,-22.));
#540 = SURFACE_CURVE('',#541,(#545,#552),.PCURVE_S1.);
#541 = LINE('',#542,#543);
#542 = CARTESIAN_POINT('',(-10.65,-23.,-22.));
#543 = VECTOR('',#544,1.);
#544 = DIRECTION('',(0.,1.,0.));
#545 = PCURVE('',#66,#546);
#546 = DEFINITIONAL_REPRESENTATION('',(#547),#551);
#547 = LINE('',#548,#549);
#548 = CARTESIAN_POINT('',(12.7,0.));
#549 = VECTOR('',#550,1.);
#550 = DIRECTION('',(0.,1.));
#551 = ( GEOMETRIC_REPRESENTATION_CONTEXT(2) 
PARAMETRIC_REPRESENTATION_CONTEXT() REPRESENTATION_CONTEXT('2D SPACE',''
  ) );
#552 = PCURVE('',#553,#558);
#553 = PLANE('',#554);
#554 = AXIS2_PLACEMENT_3D('',#555,#556,#557);
#555 = CARTESIAN_POINT('',(-10.65,-23.,-76.));
#556 = DIRECTION('',(1.,0.,0.));
#557 = DIRECTION('',(0.,0.,1.));
#558 = DEFINITIONAL_REPRESENTATION('',(#559),#563);
#559 = LINE('',#560,#561);
#560 = CARTESIAN_POINT('',(54.,0.));
#561 = VECTOR('',#562,1.);
#562 = DIRECTION('',(0.,-1.));
#563 = ( GEOMETRIC_REPRESENTATION_CONTEXT(2) 
PARAMETRIC_REPRESENTATION_CONTEXT() REPRESENTATION_CONTEXT('2D SPACE',''
  ) );
#564 = ORIENTED_EDGE('',*,*,#565,.F.);
#565 = EDGE_CURVE('',#46,#538,#566,.T.);
#566 = SURFACE_CURVE('',#567,(#571,#578),.PCURVE_S1.);
#567 = LINE('',#568,#569);
#568 = CARTESIAN_POINT('',(-23.35,-5.,-22.));
#569 = VECTOR('',#570,1.);
#570 = DIRECTION('',(1.,0.,0.));
#571 = PCURVE('',#66,#572);
#572 = DEFINITIONAL_REPRESENTATION('',(#573),#577);
#573 = LINE('',#574,#575);
#574 = CARTESIAN_POINT('',(0.,18.));
#575 = VECTOR('',#576,1.);
#576 = DIRECTION('',(1.,0.));
#577 = ( GEOMETRIC_REPRESENTATION_CONTEXT(2) 
PARAMETRIC_REPRESENTATION_CONTEXT() REPRESENTATION_CONTEXT('2D SPACE',''
  ) );
#578 = PCURVE('',#455,#579);
#579 = DEFINITIONAL_REPRESENTATION('',(#580),#584);
#580 = LINE('',#581,#582);
#581 = CARTESIAN_POINT('',(54.,0.));
#582 = VECTOR('',#583,1.);
#583 = DIRECTION('',(0.,1.));
#584 = ( GEOMETRIC_REPRESENTATION_CONTEXT(2) 
PARAMETRIC_REPRESENTATION_CONTEXT() REPRESENTATION_CONTEXT('2D SPACE',''
  ) );
#585 = ADVANCED_FACE('',(#586),#455,.T.);
#586 = FACE_BOUND('',#587,.T.);
#587 = EDGE_LOOP('',(#588,#611,#713,#714));
#588 = ORIENTED_EDGE('',*,*,#589,.F.);
#589 = EDGE_CURVE('',#590,#538,#592,.T.);
#590 = VERTEX_POINT('',#591);
#591 = CARTESIAN_POINT('',(-10.65,-5.,-74.13103514931));
#592 = SURFACE_CURVE('',#593,(#597,#604),.PCURVE_S1.);
#593 = LINE('',#594,#595);
#594 = CARTESIAN_POINT('',(-10.65,-5.,-76.));
#595 = VECTOR('',#596,1.);
#596 = DIRECTION('',(0.,0.,1.));
#597 = PCURVE('',#455,#598);
#598 = DEFINITIONAL_REPRESENTATION('',(#599),#603);
#599 = LINE('',#600,#601);
#600 = CARTESIAN_POINT('',(0.,12.7));
#601 = VECTOR('',#602,1.);
#602 = DIRECTION('',(1.,0.));
#603 = ( GEOMETRIC_REPRESENTATION_CONTEXT(2) 
PARAMETRIC_REPRESENTATION_CONTEXT() REPRESENTATION_CONTEXT('2D SPACE',''
  ) );
#604 = PCURVE('',#553,#605);
#605 = DEFINITIONAL_REPRESENTATION('',(#606),#610);
#606 = LINE('',#607,#608);
#607 = CARTESIAN_POINT('',(0.,-18.));
#608 = VECTOR('',#609,1.);
#609 = DIRECTION('',(1.,0.));
#610 = ( GEOMETRIC_REPRESENTATION_CONTEXT(2) 
PARAMETRIC_REPRESENTATION_CONTEXT() REPRESENTATION_CONTEXT('2D SPACE',''
  ) );
#611 = ORIENTED_EDGE('',*,*,#612,.F.);
#612 = EDGE_CURVE('',#79,#590,#613,.T.);
#613 = SURFACE_CURVE('',#614,(#645,#679),.PCURVE_S1.);
#614 = B_SPLINE_CURVE_WITH_KNOTS('',8,(#615,#616,#617,#618,#619,#620,
    #621,#622,#623,#624,#625,#626,#627,#628,#629,#630,#631,#632,#633,
    #634,#635,#636,#637,#638,#639,#640,#641,#642,#643,#644),
  .UNSPECIFIED.,.F.,.F.,(9,7,7,7,9),(0.,0.108944056311,0.645260167378,
    0.88717713751,1.),.UNSPECIFIED.);
#615 = CARTESIAN_POINT('',(-23.35,-5.,-43.86048057601));
#616 = CARTESIAN_POINT('',(-23.22694526424,-5.,-44.29292927546));
#617 = CARTESIAN_POINT('',(-23.10292464993,-5.,-44.72510306765));
#618 = CARTESIAN_POINT('',(-22.97795281345,-5.,-45.15700350338));
#619 = CARTESIAN_POINT('',(-22.85204200583,-5.,-45.58863150048));
#620 = CARTESIAN_POINT('',(-22.7252018775,-5.,-46.01998728659));
#621 = CARTESIAN_POINT('',(-22.59743928303,-5.,-46.45107034188));
#622 = CARTESIAN_POINT('',(-22.4687580859,-5.,-46.88187934184));
#623 = CARTESIAN_POINT('',(-21.70116089486,-5.,-49.43186370087));
#624 = CARTESIAN_POINT('',(-21.04116102423,-5.,-51.54380704474));
#625 = CARTESIAN_POINT('',(-20.35899582187,-5.,-53.64892854012));
#626 = CARTESIAN_POINT('',(-19.65273395153,-5.,-55.74669641847));
#627 = CARTESIAN_POINT('',(-18.91829266223,-5.,-57.83523436936));
#628 = CARTESIAN_POINT('',(-18.14838147596,-5.,-59.91093562602));
#629 = CARTESIAN_POINT('',(-17.33199999065,-5.,-61.96830007876));
#630 = CARTESIAN_POINT('',(-16.05400209266,-5.,-64.91468375237));
#631 = CARTESIAN_POINT('',(-15.64378006197,-5.,-65.82478550953));
#632 = CARTESIAN_POINT('',(-15.21896367025,-5.,-66.72835399505));
#633 = CARTESIAN_POINT('',(-14.77773536585,-5.,-67.62427824464));
#634 = CARTESIAN_POINT('',(-14.31806161932,-5.,-68.51105351261));
#635 = CARTESIAN_POINT('',(-13.83766700958,-5.,-69.38676818677));
#636 = CARTESIAN_POINT('',(-13.33397429683,-5.,-70.24907276298));
#637 = CARTESIAN_POINT('',(-12.55677815546,-5.,-71.48966733847));
#638 = CARTESIAN_POINT('',(-12.30389763868,-5.,-71.88064870964));
#639 = CARTESIAN_POINT('',(-12.04502217784,-5.,-72.26774568867));
#640 = CARTESIAN_POINT('',(-11.77985055593,-5.,-72.65060853916));
#641 = CARTESIAN_POINT('',(-11.50807678219,-5.,-73.0288395219));
#642 = CARTESIAN_POINT('',(-11.22938956655,-5.,-73.40199248157));
#643 = CARTESIAN_POINT('',(-10.94347179419,-5.,-73.7695724333));
#644 = CARTESIAN_POINT('',(-10.65,-5.,-74.13103514931));
#645 = PCURVE('',#455,#646);
#646 = DEFINITIONAL_REPRESENTATION('',(#647),#678);
#647 = B_SPLINE_CURVE_WITH_KNOTS('',8,(#648,#649,#650,#651,#652,#653,
    #654,#655,#656,#657,#658,#659,#660,#661,#662,#663,#664,#665,#666,
    #667,#668,#669,#670,#671,#672,#673,#674,#675,#676,#677),
  .UNSPECIFIED.,.F.,.F.,(9,7,7,7,9),(0.,0.108944056311,0.645260167378,
    0.88717713751,1.),.UNSPECIFIED.);
#648 = CARTESIAN_POINT('',(32.139519423987,0.));
#649 = CARTESIAN_POINT('',(31.707070724536,0.123054735756));
#650 = CARTESIAN_POINT('',(31.274896932346,0.247075350064));
#651 = CARTESIAN_POINT('',(30.842996496619,0.372047186544));
#652 = CARTESIAN_POINT('',(30.411368499516,0.497957994165));
#653 = CARTESIAN_POINT('',(29.980012713409,0.624798122496));
#654 = CARTESIAN_POINT('',(29.548929658118,0.752560716963));
#655 = CARTESIAN_POINT('',(29.118120658158,0.881241914099));
#656 = CARTESIAN_POINT('',(26.568136299127,1.648839105136));
#657 = CARTESIAN_POINT('',(24.456192955254,2.308838975768));
#658 = CARTESIAN_POINT('',(22.351071459871,2.99100417813));
#659 = CARTESIAN_POINT('',(20.253303581525,3.697266048467));
#660 = CARTESIAN_POINT('',(18.164765630639,4.431707337763));
#661 = CARTESIAN_POINT('',(16.089064373974,5.201618524033));
#662 = CARTESIAN_POINT('',(14.031699921234,6.018000009343));
#663 = CARTESIAN_POINT('',(11.08531624763,7.295997907335));
#664 = CARTESIAN_POINT('',(10.175214490463,7.706219938026));
#665 = CARTESIAN_POINT('',(9.271646004942,8.131036329747));
#666 = CARTESIAN_POINT('',(8.37572175536,8.572264634144));
#667 = CARTESIAN_POINT('',(7.488946487388,9.031938380676));
#668 = CARTESIAN_POINT('',(6.613231813221,9.512332990415));
#669 = CARTESIAN_POINT('',(5.750927237014,10.016025703167));
#670 = CARTESIAN_POINT('',(4.510332661527,10.793221844539));
#671 = CARTESIAN_POINT('',(4.119351290358,11.046102361319));
#672 = CARTESIAN_POINT('',(3.732254311322,11.304977822158));
#673 = CARTESIAN_POINT('',(3.349391460838,11.570149444062));
#674 = CARTESIAN_POINT('',(2.971160478092,11.841923217806));
#675 = CARTESIAN_POINT('',(2.598007518421,12.120610433443));
#676 = CARTESIAN_POINT('',(2.230427566692,12.406528205802));
#677 = CARTESIAN_POINT('',(1.868964850683,12.7));
#678 = ( GEOMETRIC_REPRESENTATION_CONTEXT(2) 
PARAMETRIC_REPRESENTATION_CONTEXT() REPRESENTATION_CONTEXT('2D SPACE',''
  ) );
#679 = PCURVE('',#260,#680);
#680 = DEFINITIONAL_REPRESENTATION('',(#681),#712);
#681 = B_SPLINE_CURVE_WITH_KNOTS('',8,(#682,#683,#684,#685,#686,#687,
    #688,#689,#690,#691,#692,#693,#694,#695,#696,#697,#698,#699,#700,
    #701,#702,#703,#704,#705,#706,#707,#708,#709,#710,#711),
  .UNSPECIFIED.,.F.,.F.,(9,7,7,7,9),(0.,0.108944056311,0.645260167378,
    0.88717713751,1.),.UNSPECIFIED.);
#682 = CARTESIAN_POINT('',(0.44754911755,0.515199062949));
#683 = CARTESIAN_POINT('',(0.446502404217,0.51104030672));
#684 = CARTESIAN_POINT('',(0.445447544818,0.50688462771));
#685 = CARTESIAN_POINT('',(0.444384299127,0.502732035531));
#686 = CARTESIAN_POINT('',(0.443312421876,0.49858254382));
#687 = CARTESIAN_POINT('',(0.442231662373,0.49443617072));
#688 = CARTESIAN_POINT('',(0.441141764125,0.490292939352));
#689 = CARTESIAN_POINT('',(0.440042464457,0.486152878293));
#690 = CARTESIAN_POINT('',(0.433474190799,0.46165086651));
#691 = CARTESIAN_POINT('',(0.427782610238,0.441371196517));
#692 = CARTESIAN_POINT('',(0.421824583524,0.421172008895));
#693 = CARTESIAN_POINT('',(0.415562988504,0.401058654998));
#694 = CARTESIAN_POINT('',(0.408957481669,0.381047826223));
#695 = CARTESIAN_POINT('',(0.401959261637,0.361171008041));
#696 = CARTESIAN_POINT('',(0.394508151972,0.341475849734));
#697 = CARTESIAN_POINT('',(0.382893196877,0.313269897701));
#698 = CARTESIAN_POINT('',(0.379171346426,0.304557395597));
#699 = CARTESIAN_POINT('',(0.375328960069,0.295906832233));
#700 = CARTESIAN_POINT('',(0.371356113471,0.28732821771));
#701 = CARTESIAN_POINT('',(0.367241839943,0.278835294153));
#702 = CARTESIAN_POINT('',(0.362973781218,0.270445690968));
#703 = CARTESIAN_POINT('',(0.358537462933,0.262181275548));
#704 = CARTESIAN_POINT('',(0.351758940327,0.25028562604));
#705 = CARTESIAN_POINT('',(0.349562778321,0.246535779129));
#706 = CARTESIAN_POINT('',(0.347324568879,0.242822267822));
#707 = CARTESIAN_POINT('',(0.345042534536,0.239148396939));
#708 = CARTESIAN_POINT('',(0.342714856887,0.235517939923));
#709 = CARTESIAN_POINT('',(0.340339659496,0.231935145641));
#710 = CARTESIAN_POINT('',(0.337914990792,0.228404745184));
#711 = CARTESIAN_POINT('',(0.335438806979,0.224931958666));
#712 = ( GEOMETRIC_REPRESENTATION_CONTEXT(2) 
PARAMETRIC_REPRESENTATION_CONTEXT() REPRESENTATION_CONTEXT('2D SPACE',''
  ) );
#713 = ORIENTED_EDGE('',*,*,#441,.T.);
#714 = ORIENTED_EDGE('',*,*,#565,.T.);
#715 = ADVANCED_FACE('',(#716),#260,.T.);
#716 = FACE_BOUND('',#717,.T.);
#717 = EDGE_LOOP('',(#718,#719,#720,#721,#750,#883));
#718 = ORIENTED_EDGE('',*,*,#471,.T.);
#719 = ORIENTED_EDGE('',*,*,#78,.T.);
#720 = ORIENTED_EDGE('',*,*,#612,.T.);
#721 = ORIENTED_EDGE('',*,*,#722,.F.);
#722 = EDGE_CURVE('',#723,#590,#725,.T.);
#723 = VERTEX_POINT('',#724);
#724 = CARTESIAN_POINT('',(-10.65,-5.652665321246,-76.));
#725 = SURFACE_CURVE('',#726,(#732,#741),.PCURVE_S1.);
#726 = B_SPLINE_CURVE_WITH_KNOTS('',4,(#727,#728,#729,#730,#731),
  .UNSPECIFIED.,.F.,.F.,(5,5),(0.,1.),.PIECEWISE_BEZIER_KNOTS.);
#727 = CARTESIAN_POINT('',(-10.65,-5.652665321246,-76.));
#728 = CARTESIAN_POINT('',(-10.65,-5.487795853305,-75.53335591668));
#729 = CARTESIAN_POINT('',(-10.65,-5.324130580352,-75.06628641032));
#730 = CARTESIAN_POINT('',(-10.65,-5.161564474393,-74.59883375091));
#731 = CARTESIAN_POINT('',(-10.65,-5.,-74.13103514931));
#732 = PCURVE('',#260,#733);
#733 = DEFINITIONAL_REPRESENTATION('',(#734),#740);
#734 = B_SPLINE_CURVE_WITH_KNOTS('',4,(#735,#736,#737,#738,#739),
  .UNSPECIFIED.,.F.,.F.,(5,5),(0.,1.),.PIECEWISE_BEZIER_KNOTS.);
#735 = CARTESIAN_POINT('',(0.336136820302,0.206960961734));
#736 = CARTESIAN_POINT('',(0.335960213332,0.211451959532));
#737 = CARTESIAN_POINT('',(0.335785588061,0.215944182928));
#738 = CARTESIAN_POINT('',(0.335612029917,0.22043754028));
#739 = CARTESIAN_POINT('',(0.335438806979,0.224931958666));
#740 = ( GEOMETRIC_REPRESENTATION_CONTEXT(2) 
PARAMETRIC_REPRESENTATION_CONTEXT() REPRESENTATION_CONTEXT('2D SPACE',''
  ) );
#741 = PCURVE('',#553,#742);
#742 = DEFINITIONAL_REPRESENTATION('',(#743),#749);
#743 = B_SPLINE_CURVE_WITH_KNOTS('',4,(#744,#745,#746,#747,#748),
  .UNSPECIFIED.,.F.,.F.,(5,5),(0.,1.),.PIECEWISE_BEZIER_KNOTS.);
#744 = CARTESIAN_POINT('',(0.,-17.34733467875));
#745 = CARTESIAN_POINT('',(0.466644083313,-17.51220414669));
#746 = CARTESIAN_POINT('',(0.933713589672,-17.67586941964));
#747 = CARTESIAN_POINT('',(1.401166249086,-17.8384355256));
#748 = CARTESIAN_POINT('',(1.868964850683,-18.));
#749 = ( GEOMETRIC_REPRESENTATION_CONTEXT(2) 
PARAMETRIC_REPRESENTATION_CONTEXT() REPRESENTATION_CONTEXT('2D SPACE',''
  ) );
#750 = ORIENTED_EDGE('',*,*,#751,.F.);
#751 = EDGE_CURVE('',#752,#723,#754,.T.);
#752 = VERTEX_POINT('',#753);
#753 = CARTESIAN_POINT('',(-19.60962211169,-23.,-76.));
#754 = SURFACE_CURVE('',#755,(#794,#836),.PCURVE_S1.);
#755 = B_SPLINE_CURVE_WITH_KNOTS('',7,(#756,#757,#758,#759,#760,#761,
    #762,#763,#764,#765,#766,#767,#768,#769,#770,#771,#772,#773,#774,
    #775,#776,#777,#778,#779,#780,#781,#782,#783,#784,#785,#786,#787,
    #788,#789,#790,#791,#792,#793),.UNSPECIFIED.,.F.,.F.,(8,6,6,6,6,6,8)
  ,(0.,7.113807668755E-02,0.220360818399,0.373912449125,0.448447670409,
    0.585510535789,1.),.UNSPECIFIED.);
#756 = CARTESIAN_POINT('',(-19.60962211169,-23.,-76.));
#757 = CARTESIAN_POINT('',(-19.70394551009,-22.79788397007,-76.));
#758 = CARTESIAN_POINT('',(-19.79393079855,-22.59374275874,-76.));
#759 = CARTESIAN_POINT('',(-19.87945664815,-22.38765685821,-76.));
#760 = CARTESIAN_POINT('',(-19.96040443121,-22.17971523604,-76.));
#761 = CARTESIAN_POINT('',(-20.03665967683,-21.97001589135,-76.));
#762 = CARTESIAN_POINT('',(-20.10811352636,-21.75866641112,-76.));
#763 = CARTESIAN_POINT('',(-20.31426414457,-21.09923297534,-76.));
#764 = CARTESIAN_POINT('',(-20.43230691914,-20.64588316433,-76.));
#765 = CARTESIAN_POINT('',(-20.52781941041,-20.18689655519,-76.));
#766 = CARTESIAN_POINT('',(-20.60002429849,-19.7235340312,-76.));
#767 = CARTESIAN_POINT('',(-20.64836118145,-19.25715895048,-76.));
#768 = CARTESIAN_POINT('',(-20.67252554147,-18.78924258809,-76.));
#769 = CARTESIAN_POINT('',(-20.67252554147,-17.83992861602,-76.));
#770 = CARTESIAN_POINT('',(-20.64693883841,-17.35843341251,-76.));
#771 = CARTESIAN_POINT('',(-20.59575593782,-16.87862023571,-76.));
#772 = CARTESIAN_POINT('',(-20.51931926864,-16.40208992094,-76.));
#773 = CARTESIAN_POINT('',(-20.41825620111,-15.9303197347,-76.));
#774 = CARTESIAN_POINT('',(-20.29343327955,-15.46466994588,-76.));
#775 = CARTESIAN_POINT('',(-20.07433317877,-14.78393343068,-76.));
#776 = CARTESIAN_POINT('',(-19.9973862402,-14.56320027805,-76.));
#777 = CARTESIAN_POINT('',(-19.91521001737,-14.3443209626,-76.));
#778 = CARTESIAN_POINT('',(-19.82793177117,-14.12741607778,-76.));
#779 = CARTESIAN_POINT('',(-19.73568503148,-13.91259460478,-76.));
#780 = CARTESIAN_POINT('',(-19.6386077683,-13.69995463424,-76.));
#781 = CARTESIAN_POINT('',(-19.34970078479,-13.10273355821,-76.));
#782 = CARTESIAN_POINT('',(-19.1467033242,-12.72356048786,-76.));
#783 = CARTESIAN_POINT('',(-18.92871870695,-12.35260087355,-76.));
#784 = CARTESIAN_POINT('',(-18.69664119249,-11.9902654295,-76.));
#785 = CARTESIAN_POINT('',(-18.45135748426,-11.63685910141,-76.));
#786 = CARTESIAN_POINT('',(-18.19372235987,-11.29259641999,-76.));
#787 = CARTESIAN_POINT('',(-17.11051514792,-9.944594143838,-76.));
#788 = CARTESIAN_POINT('',(-16.19205889401,-9.017873639007,-76.));
#789 = CARTESIAN_POINT('',(-15.19004340105,-8.178363686411,-76.));
#790 = CARTESIAN_POINT('',(-14.12224019738,-7.425061645852,-76.));
#791 = CARTESIAN_POINT('',(-13.00318850651,-6.755340309722,-76.));
#792 = CARTESIAN_POINT('',(-11.84365914834,-6.165678204968,-76.));
#793 = CARTESIAN_POINT('',(-10.65,-5.652665321246,-76.));
#794 = PCURVE('',#260,#795);
#795 = DEFINITIONAL_REPRESENTATION('',(#796),#835);
#796 = B_SPLINE_CURVE_WITH_KNOTS('',7,(#797,#798,#799,#800,#801,#802,
    #803,#804,#805,#806,#807,#808,#809,#810,#811,#812,#813,#814,#815,
    #816,#817,#818,#819,#820,#821,#822,#823,#824,#825,#826,#827,#828,
    #829,#830,#831,#832,#833,#834),.UNSPECIFIED.,.F.,.F.,(8,6,6,6,6,6,8)
  ,(0.,7.113807668755E-02,0.220360818399,0.373912449125,0.448447670409,
    0.585510535789,1.),.UNSPECIFIED.);
#797 = CARTESIAN_POINT('',(0.551258261779,0.206960961734));
#798 = CARTESIAN_POINT('',(0.548964034925,0.206960961734));
#799 = CARTESIAN_POINT('',(0.546659694647,0.206960961734));
#800 = CARTESIAN_POINT('',(0.54434558065,0.206960961734));
#801 = CARTESIAN_POINT('',(0.54202208051,0.206960961734));
#802 = CARTESIAN_POINT('',(0.539689636479,0.206960961734));
#803 = CARTESIAN_POINT('',(0.537348752296,0.206960961734));
#804 = CARTESIAN_POINT('',(0.530073141226,0.206960961734));
#805 = CARTESIAN_POINT('',(0.525111050563,0.206960961734));
#806 = CARTESIAN_POINT('',(0.520119852314,0.206960961734));
#807 = CARTESIAN_POINT('',(0.515105900688,0.206960961734));
#808 = CARTESIAN_POINT('',(0.510076002531,0.206960961734));
#809 = CARTESIAN_POINT('',(0.505037755264,0.206960961734));
#810 = CARTESIAN_POINT('',(0.494816101574,0.206960961734));
#811 = CARTESIAN_POINT('',(0.489631645458,0.206960961734));
#812 = CARTESIAN_POINT('',(0.484456314889,0.206960961734));
#813 = CARTESIAN_POINT('',(0.479298363958,0.206960961734));
#814 = CARTESIAN_POINT('',(0.474165145312,0.206960961734));
#815 = CARTESIAN_POINT('',(0.469063498645,0.206960961734));
#816 = CARTESIAN_POINT('',(0.461542136217,0.206960961734));
#817 = CARTESIAN_POINT('',(0.459093095563,0.206960961734));
#818 = CARTESIAN_POINT('',(0.456653520461,0.206960961734));
#819 = CARTESIAN_POINT('',(0.454223970462,0.206960961734));
#820 = CARTESIAN_POINT('',(0.451804930646,0.206960961734));
#821 = CARTESIAN_POINT('',(0.449396820036,0.206960961734));
#822 = CARTESIAN_POINT('',(0.442592486125,0.206960961734));
#823 = CARTESIAN_POINT('',(0.438223188923,0.206960961734));
#824 = CARTESIAN_POINT('',(0.433894231141,0.206960961734));
#825 = CARTESIAN_POINT('',(0.429606955951,0.206960961734));
#826 = CARTESIAN_POINT('',(0.425362098636,0.206960961734));
#827 = CARTESIAN_POINT('',(0.421159876929,0.206960961734));
#828 = CARTESIAN_POINT('',(0.40442018741,0.206960961734));
#829 = CARTESIAN_POINT('',(0.392245522449,0.206960961734));
#830 = CARTESIAN_POINT('',(0.380436227374,0.206960961734));
#831 = CARTESIAN_POINT('',(0.368959842881,0.206960961734));
#832 = CARTESIAN_POINT('',(0.357781169762,0.206960961734));
#833 = CARTESIAN_POINT('',(0.346859010093,0.206960961734));
#834 = CARTESIAN_POINT('',(0.336136820302,0.206960961734));
#835 = ( GEOMETRIC_REPRESENTATION_CONTEXT(2) 
PARAMETRIC_REPRESENTATION_CONTEXT() REPRESENTATION_CONTEXT('2D SPACE',''
  ) );
#836 = PCURVE('',#837,#842);
#837 = PLANE('',#838);
#838 = AXIS2_PLACEMENT_3D('',#839,#840,#841);
#839 = CARTESIAN_POINT('',(-23.35,-23.,-76.));
#840 = DIRECTION('',(0.,0.,1.));
#841 = DIRECTION('',(1.,0.,0.));
#842 = DEFINITIONAL_REPRESENTATION('',(#843),#882);
#843 = B_SPLINE_CURVE_WITH_KNOTS('',7,(#844,#845,#846,#847,#848,#849,
    #850,#851,#852,#853,#854,#855,#856,#857,#858,#859,#860,#861,#862,
    #863,#864,#865,#866,#867,#868,#869,#870,#871,#872,#873,#874,#875,
    #876,#877,#878,#879,#880,#881),.UNSPECIFIED.,.F.,.F.,(8,6,6,6,6,6,8)
  ,(0.,7.113807668755E-02,0.220360818399,0.373912449125,0.448447670409,
    0.585510535789,1.),.UNSPECIFIED.);
#844 = CARTESIAN_POINT('',(3.740377888301,0.));
#845 = CARTESIAN_POINT('',(3.646054489903,0.202116029926));
#846 = CARTESIAN_POINT('',(3.556069201448,0.40625724126));
#847 = CARTESIAN_POINT('',(3.470543351849,0.612343141782));
#848 = CARTESIAN_POINT('',(3.389595568785,0.820284763955));
#849 = CARTESIAN_POINT('',(3.31334032317,1.029984108648));
#850 = CARTESIAN_POINT('',(3.241886473631,1.241333588877));
#851 = CARTESIAN_POINT('',(3.035735855426,1.900767024653));
#852 = CARTESIAN_POINT('',(2.917693080854,2.354116835664));
#853 = CARTESIAN_POINT('',(2.822180589582,2.813103444805));
#854 = CARTESIAN_POINT('',(2.749975701505,3.276465968794));
#855 = CARTESIAN_POINT('',(2.701638818541,3.74284104952));
#856 = CARTESIAN_POINT('',(2.677474458522,4.210757411903));
#857 = CARTESIAN_POINT('',(2.677474458522,5.160071383972));
#858 = CARTESIAN_POINT('',(2.703061161589,5.641566587484));
#859 = CARTESIAN_POINT('',(2.754244062178,6.121379764281));
#860 = CARTESIAN_POINT('',(2.830680731354,6.597910079058));
#861 = CARTESIAN_POINT('',(2.931743798888,7.069680265299));
#862 = CARTESIAN_POINT('',(3.056566720449,7.535330054114));
#863 = CARTESIAN_POINT('',(3.275666821224,8.216066569311));
#864 = CARTESIAN_POINT('',(3.352613759798,8.436799721948));
#865 = CARTESIAN_POINT('',(3.434789982624,8.655679037399));
#866 = CARTESIAN_POINT('',(3.522068228825,8.872583922215));
#867 = CARTESIAN_POINT('',(3.614314968517,9.08740539522));
#868 = CARTESIAN_POINT('',(3.711392231691,9.300045365752));
#869 = CARTESIAN_POINT('',(4.000299215209,9.897266441786));
#870 = CARTESIAN_POINT('',(4.2032966758,10.27643951214));
#871 = CARTESIAN_POINT('',(4.421281293043,10.647399126443));
#872 = CARTESIAN_POINT('',(4.653358807505,11.009734570499));
#873 = CARTESIAN_POINT('',(4.898642515734,11.363140898583));
#874 = CARTESIAN_POINT('',(5.156277640121,11.707403580006));
#875 = CARTESIAN_POINT('',(6.239484852076,13.055405856162));
#876 = CARTESIAN_POINT('',(7.157941105982,13.982126360993));
#877 = CARTESIAN_POINT('',(8.159956598941,14.821636313589));
#878 = CARTESIAN_POINT('',(9.22775980262,15.574938354148));
#879 = CARTESIAN_POINT('',(10.346811493484,16.244659690278));
#880 = CARTESIAN_POINT('',(11.506340851657,16.834321795032));
#881 = CARTESIAN_POINT('',(12.7,17.347334678754));
#882 = ( GEOMETRIC_REPRESENTATION_CONTEXT(2) 
PARAMETRIC_REPRESENTATION_CONTEXT() REPRESENTATION_CONTEXT('2D SPACE',''
  ) );
#883 = ORIENTED_EDGE('',*,*,#884,.T.);
#884 = EDGE_CURVE('',#752,#472,#885,.T.);
#885 = SURFACE_CURVE('',#886,(#955,#1027),.PCURVE_S1.);
#886 = B_SPLINE_CURVE_WITH_KNOTS('',7,(#887,#888,#889,#890,#891,#892,
    #893,#894,#895,#896,#897,#898,#899,#900,#901,#902,#903,#904,#905,
    #906,#907,#908,#909,#910,#911,#912,#913,#914,#915,#916,#917,#918,
    #919,#920,#921,#922,#923,#924,#925,#926,#927,#928,#929,#930,#931,
    #932,#933,#934,#935,#936,#937,#938,#939,#940,#941,#942,#943,#944,
    #945,#946,#947,#948,#949,#950,#951,#952,#953,#954),.UNSPECIFIED.,.F.
  ,.F.,(8,6,6,6,6,6,6,6,6,6,6,8),(0.,0.127018921163,0.186843972064,
    0.229325967775,0.31619565706,0.391385167104,0.526031139665,
    0.574035885691,0.608582615301,0.693018848914,0.897361702677,1.),
  .UNSPECIFIED.);
#887 = CARTESIAN_POINT('',(-19.60962211169,-23.,-76.));
#888 = CARTESIAN_POINT('',(-19.5627567344,-23.,-75.01572603076));
#889 = CARTESIAN_POINT('',(-19.50716745512,-23.,-74.03188045634));
#890 = CARTESIAN_POINT('',(-19.44431376143,-23.,-73.0484623667));
#891 = CARTESIAN_POINT('',(-19.37550201834,-23.,-72.06545125132));
#892 = CARTESIAN_POINT('',(-19.3018979811,-23.,-71.08280616646));
#893 = CARTESIAN_POINT('',(-19.22453930785,-23.,-70.10046490242));
#894 = CARTESIAN_POINT('',(-19.10657854416,-23.,-68.6557704629));
#895 = CARTESIAN_POINT('',(-19.06818086515,-23.,-68.19324914698));
#896 = CARTESIAN_POINT('',(-19.02925121997,-23.,-67.7307721605));
#897 = CARTESIAN_POINT('',(-18.98988030063,-23.,-67.26833258817));
#898 = CARTESIAN_POINT('',(-18.95015330665,-23.,-66.80592364202));
#899 = CARTESIAN_POINT('',(-18.91014994505,-23.,-66.34353866135));
#900 = CARTESIAN_POINT('',(-18.8413943418,-23.,-65.55284216167));
#901 = CARTESIAN_POINT('',(-18.81274235706,-23.,-65.22452206537));
#902 = CARTESIAN_POINT('',(-18.78401509421,-23.,-64.89620852743));
#903 = CARTESIAN_POINT('',(-18.75523783296,-23.,-64.56789935543));
#904 = CARTESIAN_POINT('',(-18.72643451469,-23.,-64.23959246097));
#905 = CARTESIAN_POINT('',(-18.69762774245,-23.,-63.91128585975));
#906 = CARTESIAN_POINT('',(-18.60996941534,-23.,-62.9116337332));
#907 = CARTESIAN_POINT('',(-18.55117456907,-23.,-62.24028328565));
#908 = CARTESIAN_POINT('',(-18.49263600639,-23.,-61.56891021885));
#909 = CARTESIAN_POINT('',(-18.43451243137,-23.,-60.89750082544));
#910 = CARTESIAN_POINT('',(-18.3769390801,-23.,-60.22604383566));
#911 = CARTESIAN_POINT('',(-18.32002731285,-23.,-59.55453045241));
#912 = CARTESIAN_POINT('',(-18.21525258475,-23.,-58.30167597044));
#913 = CARTESIAN_POINT('',(-18.16720165864,-23.,-57.72035054155));
#914 = CARTESIAN_POINT('',(-18.11976822609,-23.,-57.13897414937));
#915 = CARTESIAN_POINT('',(-18.07299488601,-23.,-56.55754412822));
#916 = CARTESIAN_POINT('',(-18.02691003815,-23.,-55.97605909693));
#917 = CARTESIAN_POINT('',(-17.9815278831,-23.,-55.39451895885));
#918 = CARTESIAN_POINT('',(-17.85683846545,-23.,-53.77143257946));
#919 = CARTESIAN_POINT('',(-17.77908133058,-23.,-52.72976578154));
#920 = CARTESIAN_POINT('',(-17.70357498738,-23.,-51.6879330412));
#921 = CARTESIAN_POINT('',(-17.63016705816,-23.,-50.64595119265));
#922 = CARTESIAN_POINT('',(-17.55854914733,-23.,-49.60384577469));
#923 = CARTESIAN_POINT('',(-17.48825790742,-23.,-48.56165096323));
#924 = CARTESIAN_POINT('',(-17.39387754472,-23.,-47.14782302662));
#925 = CARTESIAN_POINT('',(-17.36916330969,-23.,-46.77623094964));
#926 = CARTESIAN_POINT('',(-17.34451239676,-23.,-46.40463465742));
#927 = CARTESIAN_POINT('',(-17.3198947831,-23.,-46.03303615148));
#928 = CARTESIAN_POINT('',(-17.29527816301,-23.,-45.66143757922));
#929 = CARTESIAN_POINT('',(-17.27062794794,-23.,-45.28984123387));
#930 = CARTESIAN_POINT('',(-17.22811696927,-23.,-44.65083271899));
#931 = CARTESIAN_POINT('',(-17.21029020477,-23.,-44.38341831211));
#932 = CARTESIAN_POINT('',(-17.19241324118,-23.,-44.11600724437));
#933 = CARTESIAN_POINT('',(-17.17447179012,-23.,-43.84860048182));
#934 = CARTESIAN_POINT('',(-17.15645100653,-23.,-43.58119904612));
#935 = CARTESIAN_POINT('',(-17.13833548877,-23.,-43.31380401446));
#936 = CARTESIAN_POINT('',(-17.07556229648,-23.,-42.39289031812));
#937 = CARTESIAN_POINT('',(-17.03035415462,-23.,-41.73940992287));
#938 = CARTESIAN_POINT('',(-16.98425218914,-23.,-41.08599071209));
#939 = CARTESIAN_POINT('',(-16.93700477766,-23.,-40.43265183896));
#940 = CARTESIAN_POINT('',(-16.88834340302,-23.,-39.7794160816));
#941 = CARTESIAN_POINT('',(-16.83798471694,-23.,-39.12630969292));
#942 = CARTESIAN_POINT('',(-16.6589360453,-23.,-36.89317400665));
#943 = CARTESIAN_POINT('',(-16.52057128703,-23.,-35.31400090893));
#944 = CARTESIAN_POINT('',(-16.36633392766,-23.,-33.73613538406));
#945 = CARTESIAN_POINT('',(-16.19160446142,-23.,-32.16022375425));
#946 = CARTESIAN_POINT('',(-15.99153866122,-23.,-30.58724515298));
#947 = CARTESIAN_POINT('',(-15.7613489562,-23.,-29.01848027629));
#948 = CARTESIAN_POINT('',(-15.36333441034,-23.,-26.67044133717));
#949 = CARTESIAN_POINT('',(-15.22149724466,-23.,-25.88686785434));
#950 = CARTESIAN_POINT('',(-15.07031446595,-23.,-25.10499780033));
#951 = CARTESIAN_POINT('',(-14.90921913968,-23.,-24.32507974689));
#952 = CARTESIAN_POINT('',(-14.73766210732,-23.,-23.54739410077));
#953 = CARTESIAN_POINT('',(-14.55511318902,-23.,-22.77225296499));
#954 = CARTESIAN_POINT('',(-14.36106238613,-23.,-22.));
#955 = PCURVE('',#260,#956);
#956 = DEFINITIONAL_REPRESENTATION('',(#957),#1026);
#957 = B_SPLINE_CURVE_WITH_KNOTS('',7,(#958,#959,#960,#961,#962,#963,
    #964,#965,#966,#967,#968,#969,#970,#971,#972,#973,#974,#975,#976,
    #977,#978,#979,#980,#981,#982,#983,#984,#985,#986,#987,#988,#989,
    #990,#991,#992,#993,#994,#995,#996,#997,#998,#999,#1000,#1001,#1002,
    #1003,#1004,#1005,#1006,#1007,#1008,#1009,#1010,#1011,#1012,#1013,
    #1014,#1015,#1016,#1017,#1018,#1019,#1020,#1021,#1022,#1023,#1024,
    #1025),.UNSPECIFIED.,.F.,.F.,(8,6,6,6,6,6,6,6,6,6,6,8),(0.,
    0.127018921163,0.186843972064,0.229325967775,0.31619565706,
    0.391385167104,0.526031139665,0.574035885691,0.608582615301,
    0.693018848914,0.897361702677,1.),.UNSPECIFIED.);
#958 = CARTESIAN_POINT('',(0.551258261779,0.206960961734));
#959 = CARTESIAN_POINT('',(0.554255422406,0.216433646348));
#960 = CARTESIAN_POINT('',(0.557217734403,0.225891040965));
#961 = CARTESIAN_POINT('',(0.560143359324,0.235335050038));
#962 = CARTESIAN_POINT('',(0.563030159375,0.244767556978));
#963 = CARTESIAN_POINT('',(0.565875840708,0.254190451035));
#964 = CARTESIAN_POINT('',(0.568678096724,0.263605654172));
#965 = CARTESIAN_POINT('',(0.57273311701,0.277446955736));
#966 = CARTESIAN_POINT('',(0.574021360448,0.281877471447));
#967 = CARTESIAN_POINT('',(0.57529924531,0.286306884702));
#968 = CARTESIAN_POINT('',(0.576566542677,0.290735376826));
#969 = CARTESIAN_POINT('',(0.577823031084,0.295163120841));
#970 = CARTESIAN_POINT('',(0.579068496513,0.299590281472));
#971 = CARTESIAN_POINT('',(0.581179167984,0.307160455523));
#972 = CARTESIAN_POINT('',(0.582049941971,0.310303680092));
#973 = CARTESIAN_POINT('',(0.582914980961,0.313446744528));
#974 = CARTESIAN_POINT('',(0.58377421523,0.316589701895));
#975 = CARTESIAN_POINT('',(0.584627578729,0.319732602652));
#976 = CARTESIAN_POINT('',(0.585475009084,0.322875494645));
#977 = CARTESIAN_POINT('',(0.588037070666,0.332445268531));
#978 = CARTESIAN_POINT('',(0.589732640141,0.338872265361));
#979 = CARTESIAN_POINT('',(0.591402658739,0.345299801112));
#980 = CARTESIAN_POINT('',(0.593046707279,0.351728213381));
#981 = CARTESIAN_POINT('',(0.594664460224,0.35815779075));
#982 = CARTESIAN_POINT('',(0.596255701226,0.364588773692));
#983 = CARTESIAN_POINT('',(0.599174600717,0.376589035937));
#984 = CARTESIAN_POINT('',(0.600508934369,0.382157914939));
#985 = CARTESIAN_POINT('',(0.601823273974,0.387728115945));
#986 = CARTESIAN_POINT('',(0.603117630218,0.393299737784));
#987 = CARTESIAN_POINT('',(0.604392090126,0.398872854637));
#988 = CARTESIAN_POINT('',(0.605646817069,0.404447516041));
#989 = CARTESIAN_POINT('',(0.60909405135,0.420009408797));
#990 = CARTESIAN_POINT('',(0.611243550217,0.430000119411));
#991 = CARTESIAN_POINT('',(0.613331943449,0.439996008525));
#992 = CARTESIAN_POINT('',(0.615361472221,0.4499970069));
#993 = CARTESIAN_POINT('',(0.617335250458,0.460002850691));
#994 = CARTESIAN_POINT('',(0.619257224755,0.470013090969));
#995 = CARTESIAN_POINT('',(0.621800495802,0.48359736262));
#996 = CARTESIAN_POINT('',(0.622462933838,0.487168097825));
#997 = CARTESIAN_POINT('',(0.623119593287,0.490739286393));
#998 = CARTESIAN_POINT('',(0.623770697536,0.494310897952));
#999 = CARTESIAN_POINT('',(0.624416480743,0.497882899321));
#1000 = CARTESIAN_POINT('',(0.625057187833,0.501455254508));
#1001 = CARTESIAN_POINT('',(0.626150691858,0.507599005318));
#1002 = CARTESIAN_POINT('',(0.626605812449,0.510170248975));
#1003 = CARTESIAN_POINT('',(0.627058531442,0.512741641218));
#1004 = CARTESIAN_POINT('',(0.627508946363,0.515313166715));
#1005 = CARTESIAN_POINT('',(0.627957157101,0.517884809259));
#1006 = CARTESIAN_POINT('',(0.628403265903,0.520456551775));
#1007 = CARTESIAN_POINT('',(0.629932837586,0.529314215245));
#1008 = CARTESIAN_POINT('',(0.6310063646,0.53560053666));
#1009 = CARTESIAN_POINT('',(0.632069485135,0.54188708995));
#1010 = CARTESIAN_POINT('',(0.633123799059,0.548173576781));
#1011 = CARTESIAN_POINT('',(0.634170966425,0.554459653718));
#1012 = CARTESIAN_POINT('',(0.635212694509,0.560744934832));
#1013 = CARTESIAN_POINT('',(0.638762846384,0.582236951772));
#1014 = CARTESIAN_POINT('',(0.64125317715,0.597436943832));
#1015 = CARTESIAN_POINT('',(0.643746609287,0.612624155493));
#1016 = CARTESIAN_POINT('',(0.646268818911,0.627790100695));
#1017 = CARTESIAN_POINT('',(0.648845354365,0.642922922287));
#1018 = CARTESIAN_POINT('',(0.651500755919,0.658007845269));
#1019 = CARTESIAN_POINT('',(0.655643931581,0.680571553169));
#1020 = CARTESIAN_POINT('',(0.657055005058,0.688098925067));
#1021 = CARTESIAN_POINT('',(0.658494861607,0.695607180782));
#1022 = CARTESIAN_POINT('',(0.65996637221,0.703093647953));
#1023 = CARTESIAN_POINT('',(0.661472325441,0.710555364288));
#1024 = CARTESIAN_POINT('',(0.663015442975,0.71798908513));
#1025 = CARTESIAN_POINT('',(0.664598395095,0.725391291022));
#1026 = ( GEOMETRIC_REPRESENTATION_CONTEXT(2) 
PARAMETRIC_REPRESENTATION_CONTEXT() REPRESENTATION_CONTEXT('2D SPACE',''
  ) );
#1027 = PCURVE('',#525,#1028);
#1028 = DEFINITIONAL_REPRESENTATION('',(#1029),#1098);
#1029 = B_SPLINE_CURVE_WITH_KNOTS('',7,(#1030,#1031,#1032,#1033,#1034,
    #1035,#1036,#1037,#1038,#1039,#1040,#1041,#1042,#1043,#1044,#1045,
    #1046,#1047,#1048,#1049,#1050,#1051,#1052,#1053,#1054,#1055,#1056,
    #1057,#1058,#1059,#1060,#1061,#1062,#1063,#1064,#1065,#1066,#1067,
    #1068,#1069,#1070,#1071,#1072,#1073,#1074,#1075,#1076,#1077,#1078,
    #1079,#1080,#1081,#1082,#1083,#1084,#1085,#1086,#1087,#1088,#1089,
    #1090,#1091,#1092,#1093,#1094,#1095,#1096,#1097),.UNSPECIFIED.,.F.,
  .F.,(8,6,6,6,6,6,6,6,6,6,6,8),(0.,0.127018921163,0.186843972064,
    0.229325967775,0.31619565706,0.391385167104,0.526031139665,
    0.574035885691,0.608582615301,0.693018848914,0.897361702677,1.),
  .UNSPECIFIED.);
#1030 = CARTESIAN_POINT('',(0.,3.740377888301));
#1031 = CARTESIAN_POINT('',(0.984273969236,3.787243265593));
#1032 = CARTESIAN_POINT('',(1.968119543657,3.842832544872));
#1033 = CARTESIAN_POINT('',(2.951537633296,3.905686238567));
#1034 = CARTESIAN_POINT('',(3.934548748676,3.974497981651));
#1035 = CARTESIAN_POINT('',(4.917193833537,4.048102018898));
#1036 = CARTESIAN_POINT('',(5.899535097574,4.125460692142));
#1037 = CARTESIAN_POINT('',(7.344229537094,4.243421455839));
#1038 = CARTESIAN_POINT('',(7.806750853011,4.281819134844));
#1039 = CARTESIAN_POINT('',(8.269227839493,4.320748780027));
#1040 = CARTESIAN_POINT('',(8.731667411823,4.360119699369));
#1041 = CARTESIAN_POINT('',(9.194076357979,4.399846693349));
#1042 = CARTESIAN_POINT('',(9.656461338642,4.439850054942));
#1043 = CARTESIAN_POINT('',(10.447157838324,4.508605658198));
#1044 = CARTESIAN_POINT('',(10.775477934623,4.537257642932));
#1045 = CARTESIAN_POINT('',(11.103791472563,4.565984905782));
#1046 = CARTESIAN_POINT('',(11.43210064457,4.594762167037));
#1047 = CARTESIAN_POINT('',(11.760407539021,4.62356548531));
#1048 = CARTESIAN_POINT('',(12.088714140246,4.652372257547));
#1049 = CARTESIAN_POINT('',(13.088366266795,4.740030584652));
#1050 = CARTESIAN_POINT('',(13.759716714348,4.798825430924));
#1051 = CARTESIAN_POINT('',(14.431089781146,4.857363993602));
#1052 = CARTESIAN_POINT('',(15.10249917456,4.915487568621));
#1053 = CARTESIAN_POINT('',(15.77395616434,4.973060919898));
#1054 = CARTESIAN_POINT('',(16.445469547587,5.029972687142));
#1055 = CARTESIAN_POINT('',(17.698324029553,5.134747415249));
#1056 = CARTESIAN_POINT('',(18.279649458448,5.182798341352));
#1057 = CARTESIAN_POINT('',(18.861025850626,5.230231773903));
#1058 = CARTESIAN_POINT('',(19.442455871777,5.277005113984));
#1059 = CARTESIAN_POINT('',(20.023940903067,5.323089961845));
#1060 = CARTESIAN_POINT('',(20.605481041141,5.368472116893));
#1061 = CARTESIAN_POINT('',(22.228567420533,5.493161534544));
#1062 = CARTESIAN_POINT('',(23.270234218455,5.570918669413));
#1063 = CARTESIAN_POINT('',(24.312066958792,5.64642501262));
#1064 = CARTESIAN_POINT('',(25.354048807348,5.719832941835));
#1065 = CARTESIAN_POINT('',(26.396154225306,5.791450852664));
#1066 = CARTESIAN_POINT('',(27.438349036765,5.861742092579));
#1067 = CARTESIAN_POINT('',(28.852176973376,5.956122455277));
#1068 = CARTESIAN_POINT('',(29.223769050354,5.980836690307));
#1069 = CARTESIAN_POINT('',(29.595365342578,6.005487603235));
#1070 = CARTESIAN_POINT('',(29.966963848512,6.030105216896));
#1071 = CARTESIAN_POINT('',(30.338562420774,6.054721836986));
#1072 = CARTESIAN_POINT('',(30.710158766127,6.079372052058));
#1073 = CARTESIAN_POINT('',(31.349167281005,6.121883030726));
#1074 = CARTESIAN_POINT('',(31.616581687881,6.139709795228));
#1075 = CARTESIAN_POINT('',(31.883992755625,6.157586758811));
#1076 = CARTESIAN_POINT('',(32.151399518171,6.175528209878));
#1077 = CARTESIAN_POINT('',(32.41880095388,6.193548993461));
#1078 = CARTESIAN_POINT('',(32.686195985539,6.211664511221));
#1079 = CARTESIAN_POINT('',(33.60710968188,6.27443770352));
#1080 = CARTESIAN_POINT('',(34.260590077123,6.319645845378));
#1081 = CARTESIAN_POINT('',(34.914009287903,6.36574781086));
#1082 = CARTESIAN_POINT('',(35.567348161031,6.412995222331));
#1083 = CARTESIAN_POINT('',(36.220583918398,6.461656596972));
#1084 = CARTESIAN_POINT('',(36.873690307071,6.512015283055));
#1085 = CARTESIAN_POINT('',(39.106825993341,6.691063954691));
#1086 = CARTESIAN_POINT('',(40.685999091063,6.829428712965));
#1087 = CARTESIAN_POINT('',(42.263864615934,6.983666072335));
#1088 = CARTESIAN_POINT('',(43.83977624575,7.15839553858));
#1089 = CARTESIAN_POINT('',(45.412754847015,7.358461338776));
#1090 = CARTESIAN_POINT('',(46.981519723701,7.588651043793));
#1091 = CARTESIAN_POINT('',(49.329558662824,7.986665589651));
#1092 = CARTESIAN_POINT('',(50.113132145653,8.128502755337));
#1093 = CARTESIAN_POINT('',(50.895002199666,8.279685534044));
#1094 = CARTESIAN_POINT('',(51.674920253108,8.440780860318));
#1095 = CARTESIAN_POINT('',(52.452605899222,8.612337892671));
#1096 = CARTESIAN_POINT('',(53.227747035009,8.794886810977));
#1097 = CARTESIAN_POINT('',(54.,8.988937613865));
#1098 = ( GEOMETRIC_REPRESENTATION_CONTEXT(2) 
PARAMETRIC_REPRESENTATION_CONTEXT() REPRESENTATION_CONTEXT('2D SPACE',''
  ) );
#1099 = ADVANCED_FACE('',(#1100),#553,.T.);
#1100 = FACE_BOUND('',#1101,.T.);
#1101 = EDGE_LOOP('',(#1102,#1103,#1126,#1147,#1148));
#1102 = ORIENTED_EDGE('',*,*,#537,.F.);
#1103 = ORIENTED_EDGE('',*,*,#1104,.F.);
#1104 = EDGE_CURVE('',#1105,#510,#1107,.T.);
#1105 = VERTEX_POINT('',#1106);
#1106 = CARTESIAN_POINT('',(-10.65,-23.,-76.));
#1107 = SURFACE_CURVE('',#1108,(#1112,#1119),.PCURVE_S1.);
#1108 = LINE('',#1109,#1110);
#1109 = CARTESIAN_POINT('',(-10.65,-23.,-76.));
#1110 = VECTOR('',#1111,1.);
#1111 = DIRECTION('',(0.,0.,1.));
#1112 = PCURVE('',#553,#1113);
#1113 = DEFINITIONAL_REPRESENTATION('',(#1114),#1118);
#1114 = LINE('',#1115,#1116);
#1115 = CARTESIAN_POINT('',(0.,0.));
#1116 = VECTOR('',#1117,1.);
#1117 = DIRECTION('',(1.,0.));
#1118 = ( GEOMETRIC_REPRESENTATION_CONTEXT(2) 
PARAMETRIC_REPRESENTATION_CONTEXT() REPRESENTATION_CONTEXT('2D SPACE',''
  ) );
#1119 = PCURVE('',#525,#1120);
#1120 = DEFINITIONAL_REPRESENTATION('',(#1121),#1125);
#1121 = LINE('',#1122,#1123);
#1122 = CARTESIAN_POINT('',(0.,12.7));
#1123 = VECTOR('',#1124,1.);
#1124 = DIRECTION('',(1.,0.));
#1125 = ( GEOMETRIC_REPRESENTATION_CONTEXT(2) 
PARAMETRIC_REPRESENTATION_CONTEXT() REPRESENTATION_CONTEXT('2D SPACE',''
  ) );
#1126 = ORIENTED_EDGE('',*,*,#1127,.T.);
#1127 = EDGE_CURVE('',#1105,#723,#1128,.T.);
#1128 = SURFACE_CURVE('',#1129,(#1133,#1140),.PCURVE_S1.);
#1129 = LINE('',#1130,#1131);
#1130 = CARTESIAN_POINT('',(-10.65,-23.,-76.));
#1131 = VECTOR('',#1132,1.);
#1132 = DIRECTION('',(0.,1.,0.));
#1133 = PCURVE('',#553,#1134);
#1134 = DEFINITIONAL_REPRESENTATION('',(#1135),#1139);
#1135 = LINE('',#1136,#1137);
#1136 = CARTESIAN_POINT('',(0.,0.));
#1137 = VECTOR('',#1138,1.);
#1138 = DIRECTION('',(0.,-1.));
#1139 = ( GEOMETRIC_REPRESENTATION_CONTEXT(2) 
PARAMETRIC_REPRESENTATION_CONTEXT() REPRESENTATION_CONTEXT('2D SPACE',''
  ) );
#1140 = PCURVE('',#837,#1141);
#1141 = DEFINITIONAL_REPRESENTATION('',(#1142),#1146);
#1142 = LINE('',#1143,#1144);
#1143 = CARTESIAN_POINT('',(12.7,0.));
#1144 = VECTOR('',#1145,1.);
#1145 = DIRECTION('',(0.,1.));
#1146 = ( GEOMETRIC_REPRESENTATION_CONTEXT(2) 
PARAMETRIC_REPRESENTATION_CONTEXT() REPRESENTATION_CONTEXT('2D SPACE',''
  ) );
#1147 = ORIENTED_EDGE('',*,*,#722,.T.);
#1148 = ORIENTED_EDGE('',*,*,#589,.T.);
#1149 = ADVANCED_FACE('',(#1150),#525,.F.);
#1150 = FACE_BOUND('',#1151,.F.);
#1151 = EDGE_LOOP('',(#1152,#1173,#1174,#1175));
#1152 = ORIENTED_EDGE('',*,*,#1153,.F.);
#1153 = EDGE_CURVE('',#752,#1105,#1154,.T.);
#1154 = SURFACE_CURVE('',#1155,(#1159,#1166),.PCURVE_S1.);
#1155 = LINE('',#1156,#1157);
#1156 = CARTESIAN_POINT('',(-23.35,-23.,-76.));
#1157 = VECTOR('',#1158,1.);
#1158 = DIRECTION('',(1.,0.,0.));
#1159 = PCURVE('',#525,#1160);
#1160 = DEFINITIONAL_REPRESENTATION('',(#1161),#1165);
#1161 = LINE('',#1162,#1163);
#1162 = CARTESIAN_POINT('',(0.,0.));
#1163 = VECTOR('',#1164,1.);
#1164 = DIRECTION('',(0.,1.));
#1165 = ( GEOMETRIC_REPRESENTATION_CONTEXT(2) 
PARAMETRIC_REPRESENTATION_CONTEXT() REPRESENTATION_CONTEXT('2D SPACE',''
  ) );
#1166 = PCURVE('',#837,#1167);
#1167 = DEFINITIONAL_REPRESENTATION('',(#1168),#1172);
#1168 = LINE('',#1169,#1170);
#1169 = CARTESIAN_POINT('',(0.,0.));
#1170 = VECTOR('',#1171,1.);
#1171 = DIRECTION('',(1.,0.));
#1172 = ( GEOMETRIC_REPRESENTATION_CONTEXT(2) 
PARAMETRIC_REPRESENTATION_CONTEXT() REPRESENTATION_CONTEXT('2D SPACE',''
  ) );
#1173 = ORIENTED_EDGE('',*,*,#884,.T.);
#1174 = ORIENTED_EDGE('',*,*,#509,.T.);
#1175 = ORIENTED_EDGE('',*,*,#1104,.F.);
#1176 = ADVANCED_FACE('',(#1177),#837,.F.);
#1177 = FACE_BOUND('',#1178,.F.);
#1178 = EDGE_LOOP('',(#1179,#1180,#1181));
#1179 = ORIENTED_EDGE('',*,*,#751,.F.);
#1180 = ORIENTED_EDGE('',*,*,#1153,.T.);
#1181 = ORIENTED_EDGE('',*,*,#1127,.T.);
#1182 = ( GEOMETRIC_REPRESENTATION_CONTEXT(3) 
GLOBAL_UNCERTAINTY_ASSIGNED_CONTEXT((#1186)) 
GLOBAL_UNIT_ASSIGNED_CONTEXT((#1183,#1184,#1185)) REPRESENTATION_CONTEXT
('Context #1','3D Context with UNIT and UNCERTAINTY') );
#1183 = ( LENGTH_UNIT() NAMED_UNIT(*) SI_UNIT(.MILLI.,.METRE.) );
#1184 = ( NAMED_UNIT(*) PLANE_ANGLE_UNIT() SI_UNIT($,.RADIAN.) );
#1185 = ( NAMED_UNIT(*) SI_UNIT($,.STERADIAN.) SOLID_ANGLE_UNIT() );
#1186 = UNCERTAINTY_MEASURE_WITH_UNIT(LENGTH_MEASURE(2.E-06),#1183,
  'distance_accuracy_value','confusion accuracy');
#1187 = CONTEXT_DEPENDENT_SHAPE_REPRESENTATION(#1188,#1190);
#1188 = ( REPRESENTATION_RELATIONSHIP('','',#36,#10) 
REPRESENTATION_RELATIONSHIP_WITH_TRANSFORMATION(#1189) 
SHAPE_REPRESENTATION_RELATIONSHIP() );
#1189 = ITEM_DEFINED_TRANSFORMATION('','',#11,#15);
#1190 = PRODUCT_DEFINITION_SHAPE('Placement','Placement of an item',
  #1191);
#1191 = NEXT_ASSEMBLY_USAGE_OCCURRENCE('1','','',#5,#31,$);
#1192 = PRODUCT_RELATED_PRODUCT_CATEGORY('part',$,(#33));
#1193 = SHAPE_DEFINITION_REPRESENTATION(#1194,#1200);
#1194 = PRODUCT_DEFINITION_SHAPE('','',#1195);
#1195 = PRODUCT_DEFINITION('design','',#1196,#1199);
#1196 = PRODUCT_DEFINITION_FORMATION('','',#1197);
#1197 = PRODUCT('Open CASCADE STEP translator 7.9 5.2',
  'Open CASCADE STEP translator 7.9 5.2','',(#1198));
#1198 = PRODUCT_CONTEXT('',#2,'mechanical');
#1199 = PRODUCT_DEFINITION_CONTEXT('part definition',#2,'design');
#1200 = ADVANCED_BREP_SHAPE_REPRESENTATION('',(#11,#1201),#2352);
#1201 = MANIFOLD_SOLID_BREP('',#1202);
#1202 = CLOSED_SHELL('',(#1203,#1443,#1709,#1825,#2268,#2317,#2344));
#1203 = ADVANCED_FACE('',(#1204),#1218,.F.);
#1204 = FACE_BOUND('',#1205,.F.);
#1205 = EDGE_LOOP('',(#1206,#1241,#1269,#1297,#1417));
#1206 = ORIENTED_EDGE('',*,*,#1207,.F.);
#1207 = EDGE_CURVE('',#1208,#1210,#1212,.T.);
#1208 = VERTEX_POINT('',#1209);
#1209 = CARTESIAN_POINT('',(10.65,-23.,-22.));
#1210 = VERTEX_POINT('',#1211);
#1211 = CARTESIAN_POINT('',(10.65,-5.,-22.));
#1212 = SURFACE_CURVE('',#1213,(#1217,#1229),.PCURVE_S1.);
#1213 = LINE('',#1214,#1215);
#1214 = CARTESIAN_POINT('',(10.65,-23.,-22.));
#1215 = VECTOR('',#1216,1.);
#1216 = DIRECTION('',(0.,1.,0.));
#1217 = PCURVE('',#1218,#1223);
#1218 = PLANE('',#1219);
#1219 = AXIS2_PLACEMENT_3D('',#1220,#1221,#1222);
#1220 = CARTESIAN_POINT('',(10.65,-23.,-76.));
#1221 = DIRECTION('',(1.,0.,0.));
#1222 = DIRECTION('',(0.,0.,1.));
#1223 = DEFINITIONAL_REPRESENTATION('',(#1224),#1228);
#1224 = LINE('',#1225,#1226);
#1225 = CARTESIAN_POINT('',(54.,0.));
#1226 = VECTOR('',#1227,1.);
#1227 = DIRECTION('',(0.,-1.));
#1228 = ( GEOMETRIC_REPRESENTATION_CONTEXT(2) 
PARAMETRIC_REPRESENTATION_CONTEXT() REPRESENTATION_CONTEXT('2D SPACE',''
  ) );
#1229 = PCURVE('',#1230,#1235);
#1230 = PLANE('',#1231);
#1231 = AXIS2_PLACEMENT_3D('',#1232,#1233,#1234);
#1232 = CARTESIAN_POINT('',(10.65,-23.,-22.));
#1233 = DIRECTION('',(0.,0.,1.));
#1234 = DIRECTION('',(1.,0.,0.));
#1235 = DEFINITIONAL_REPRESENTATION('',(#1236),#1240);
#1236 = LINE('',#1237,#1238);
#1237 = CARTESIAN_POINT('',(0.,0.));
#1238 = VECTOR('',#1239,1.);
#1239 = DIRECTION('',(0.,1.));
#1240 = ( GEOMETRIC_REPRESENTATION_CONTEXT(2) 
PARAMETRIC_REPRESENTATION_CONTEXT() REPRESENTATION_CONTEXT('2D SPACE',''
  ) );
#1241 = ORIENTED_EDGE('',*,*,#1242,.F.);
#1242 = EDGE_CURVE('',#1243,#1208,#1245,.T.);
#1243 = VERTEX_POINT('',#1244);
#1244 = CARTESIAN_POINT('',(10.65,-23.,-76.));
#1245 = SURFACE_CURVE('',#1246,(#1250,#1257),.PCURVE_S1.);
#1246 = LINE('',#1247,#1248);
#1247 = CARTESIAN_POINT('',(10.65,-23.,-76.));
#1248 = VECTOR('',#1249,1.);
#1249 = DIRECTION('',(0.,0.,1.));
#1250 = PCURVE('',#1218,#1251);
#1251 = DEFINITIONAL_REPRESENTATION('',(#1252),#1256);
#1252 = LINE('',#1253,#1254);
#1253 = CARTESIAN_POINT('',(0.,0.));
#1254 = VECTOR('',#1255,1.);
#1255 = DIRECTION('',(1.,0.));
#1256 = ( GEOMETRIC_REPRESENTATION_CONTEXT(2) 
PARAMETRIC_REPRESENTATION_CONTEXT() REPRESENTATION_CONTEXT('2D SPACE',''
  ) );
#1257 = PCURVE('',#1258,#1263);
#1258 = PLANE('',#1259);
#1259 = AXIS2_PLACEMENT_3D('',#1260,#1261,#1262);
#1260 = CARTESIAN_POINT('',(10.65,-23.,-76.));
#1261 = DIRECTION('',(0.,1.,0.));
#1262 = DIRECTION('',(0.,0.,1.));
#1263 = DEFINITIONAL_REPRESENTATION('',(#1264),#1268);
#1264 = LINE('',#1265,#1266);
#1265 = CARTESIAN_POINT('',(0.,0.));
#1266 = VECTOR('',#1267,1.);
#1267 = DIRECTION('',(1.,0.));
#1268 = ( GEOMETRIC_REPRESENTATION_CONTEXT(2) 
PARAMETRIC_REPRESENTATION_CONTEXT() REPRESENTATION_CONTEXT('2D SPACE',''
  ) );
#1269 = ORIENTED_EDGE('',*,*,#1270,.T.);
#1270 = EDGE_CURVE('',#1243,#1271,#1273,.T.);
#1271 = VERTEX_POINT('',#1272);
#1272 = CARTESIAN_POINT('',(10.65,-5.652665315861,-76.));
#1273 = SURFACE_CURVE('',#1274,(#1278,#1285),.PCURVE_S1.);
#1274 = LINE('',#1275,#1276);
#1275 = CARTESIAN_POINT('',(10.65,-23.,-76.));
#1276 = VECTOR('',#1277,1.);
#1277 = DIRECTION('',(0.,1.,0.));
#1278 = PCURVE('',#1218,#1279);
#1279 = DEFINITIONAL_REPRESENTATION('',(#1280),#1284);
#1280 = LINE('',#1281,#1282);
#1281 = CARTESIAN_POINT('',(0.,0.));
#1282 = VECTOR('',#1283,1.);
#1283 = DIRECTION('',(0.,-1.));
#1284 = ( GEOMETRIC_REPRESENTATION_CONTEXT(2) 
PARAMETRIC_REPRESENTATION_CONTEXT() REPRESENTATION_CONTEXT('2D SPACE',''
  ) );
#1285 = PCURVE('',#1286,#1291);
#1286 = PLANE('',#1287);
#1287 = AXIS2_PLACEMENT_3D('',#1288,#1289,#1290);
#1288 = CARTESIAN_POINT('',(10.65,-23.,-76.));
#1289 = DIRECTION('',(0.,0.,1.));
#1290 = DIRECTION('',(1.,0.,0.));
#1291 = DEFINITIONAL_REPRESENTATION('',(#1292),#1296);
#1292 = LINE('',#1293,#1294);
#1293 = CARTESIAN_POINT('',(0.,0.));
#1294 = VECTOR('',#1295,1.);
#1295 = DIRECTION('',(0.,1.));
#1296 = ( GEOMETRIC_REPRESENTATION_CONTEXT(2) 
PARAMETRIC_REPRESENTATION_CONTEXT() REPRESENTATION_CONTEXT('2D SPACE',''
  ) );
#1297 = ORIENTED_EDGE('',*,*,#1298,.T.);
#1298 = EDGE_CURVE('',#1271,#1299,#1301,.T.);
#1299 = VERTEX_POINT('',#1300);
#1300 = CARTESIAN_POINT('',(10.65,-5.,-74.13103516518));
#1301 = SURFACE_CURVE('',#1302,(#1308,#1317),.PCURVE_S1.);
#1302 = B_SPLINE_CURVE_WITH_KNOTS('',4,(#1303,#1304,#1305,#1306,#1307),
  .UNSPECIFIED.,.F.,.F.,(5,5),(0.,1.),.PIECEWISE_BEZIER_KNOTS.);
#1303 = CARTESIAN_POINT('',(10.65,-5.652665315861,-76.));
#1304 = CARTESIAN_POINT('',(10.65,-5.487795849292,-75.53335592064));
#1305 = CARTESIAN_POINT('',(10.65,-5.324130577694,-75.06628641825));
#1306 = CARTESIAN_POINT('',(10.65,-5.161564473071,-74.5988337628));
#1307 = CARTESIAN_POINT('',(10.65,-5.,-74.13103516518));
#1308 = PCURVE('',#1218,#1309);
#1309 = DEFINITIONAL_REPRESENTATION('',(#1310),#1316);
#1310 = B_SPLINE_CURVE_WITH_KNOTS('',4,(#1311,#1312,#1313,#1314,#1315),
  .UNSPECIFIED.,.F.,.F.,(5,5),(0.,1.),.PIECEWISE_BEZIER_KNOTS.);
#1311 = CARTESIAN_POINT('',(0.,-17.34733468413));
#1312 = CARTESIAN_POINT('',(0.466644079355,-17.5122041507));
#1313 = CARTESIAN_POINT('',(0.933713581748,-17.6758694223));
#1314 = CARTESIAN_POINT('',(1.401166237191,-17.83843552692));
#1315 = CARTESIAN_POINT('',(1.868964834811,-18.));
#1316 = ( GEOMETRIC_REPRESENTATION_CONTEXT(2) 
PARAMETRIC_REPRESENTATION_CONTEXT() REPRESENTATION_CONTEXT('2D SPACE',''
  ) );
#1317 = PCURVE('',#1318,#1409);
#1318 = ( BOUNDED_SURFACE() B_SPLINE_SURFACE(14,5,(
    (#1319,#1320,#1321,#1322,#1323,#1324)
    ,(#1325,#1326,#1327,#1328,#1329,#1330)
    ,(#1331,#1332,#1333,#1334,#1335,#1336)
    ,(#1337,#1338,#1339,#1340,#1341,#1342)
    ,(#1343,#1344,#1345,#1346,#1347,#1348)
    ,(#1349,#1350,#1351,#1352,#1353,#1354)
    ,(#1355,#1356,#1357,#1358,#1359,#1360)
    ,(#1361,#1362,#1363,#1364,#1365,#1366)
    ,(#1367,#1368,#1369,#1370,#1371,#1372)
    ,(#1373,#1374,#1375,#1376,#1377,#1378)
    ,(#1379,#1380,#1381,#1382,#1383,#1384)
    ,(#1385,#1386,#1387,#1388,#1389,#1390)
    ,(#1391,#1392,#1393,#1394,#1395,#1396)
    ,(#1397,#1398,#1399,#1400,#1401,#1402)
    ,(#1403,#1404,#1405,#1406,#1407,#1408
)),.UNSPECIFIED.,.T.,.F.,.F.) B_SPLINE_SURFACE_WITH_KNOTS((1,14,14,1),(6
    ,6),(-1.,0.,1.,2.),(0.,1.),.UNSPECIFIED.) 
GEOMETRIC_REPRESENTATION_ITEM() RATIONAL_B_SPLINE_SURFACE((
    (1.,1.,1.,1.,1.,1.)
    ,(1.,1.,1.,1.,1.,1.)
    ,(1.,1.,1.,1.,1.,1.)
    ,(1.,1.,1.,1.,1.,1.)
    ,(1.,1.,1.,1.,1.,1.)
    ,(1.,1.,1.,1.,1.,1.)
    ,(1.,1.,1.,1.,1.,1.)
    ,(1.,1.,1.,1.,1.,1.)
    ,(1.,1.,1.,1.,1.,1.)
    ,(1.,1.,1.,1.,1.,1.)
    ,(1.,1.,1.,1.,1.,1.)
    ,(1.,1.,1.,1.,1.,1.)
    ,(1.,1.,1.,1.,1.,1.)
    ,(1.,1.,1.,1.,1.,1.)
,(1.,1.,1.,1.,1.,1.))) REPRESENTATION_ITEM('') SURFACE() );
#1319 = CARTESIAN_POINT('',(17.,-24.5,-97.));
#1320 = CARTESIAN_POINT('',(24.695572997032,-19.3397591547,
    -77.51967133455));
#1321 = CARTESIAN_POINT('',(15.196592142779,-9.442324537701,
    -55.11219644121));
#1322 = CARTESIAN_POINT('',(31.729761407938,-12.34565689953,
    -35.33195450265));
#1323 = CARTESIAN_POINT('',(28.25621735006,-2.109562729412,
    -14.41592287524));
#1324 = CARTESIAN_POINT('',(30.,2.606519132579E-15,7.));
#1325 = CARTESIAN_POINT('',(17.000000000003,-19.11441259384,-97.));
#1326 = CARTESIAN_POINT('',(24.695572997047,-11.42786359354,
    -77.51967133455));
#1327 = CARTESIAN_POINT('',(15.196592142752,-4.138002351172,
    -55.11219644121));
#1328 = CARTESIAN_POINT('',(31.729761407966,-3.391128076955,
    -35.33195450265));
#1329 = CARTESIAN_POINT('',(28.256217350054,7.518698588513,
    -14.41592287524));
#1330 = CARTESIAN_POINT('',(30.000000000004,9.873576911289,7.));
#1331 = CARTESIAN_POINT('',(13.3124558596,-13.72882319974,-97.));
#1332 = CARTESIAN_POINT('',(19.338748555862,-3.515965111931,
    -77.51967133455));
#1333 = CARTESIAN_POINT('',(11.900233065841,1.166321793248,
    -55.11219644121));
#1334 = CARTESIAN_POINT('',(24.847120481,5.563404050998,-35.33195450265)
  );
#1335 = CARTESIAN_POINT('',(22.12703801369,17.146963460419,
    -14.41592287524));
#1336 = CARTESIAN_POINT('',(23.492569164001,19.747157467127,7.));
#1337 = CARTESIAN_POINT('',(5.93736286467,-9.706167841123,-97.));
#1338 = CARTESIAN_POINT('',(8.625092825689,2.393664920164,
    -77.51967133455));
#1339 = CARTESIAN_POINT('',(5.307510697172,5.128277743268,
    -55.11219644121));
#1340 = CARTESIAN_POINT('',(11.081829829017,12.251807865598,
    -35.33195450265));
#1341 = CARTESIAN_POINT('',(9.868671505181,24.338598107511,
    -14.41592287524));
#1342 = CARTESIAN_POINT('',(10.477699172943,27.122025624609,7.));
#1343 = CARTESIAN_POINT('',(-4.022380450564,-8.409228850085,-97.));
#1344 = CARTESIAN_POINT('',(-5.84323470845,4.298980918694,
    -77.51967133455));
#1345 = CARTESIAN_POINT('',(-3.595675008099,6.405646717976,
    -55.11219644121));
#1346 = CARTESIAN_POINT('',(-7.507598352846,14.408207289226,
    -35.33195450265));
#1347 = CARTESIAN_POINT('',(-6.685720957131,26.657243517334,
    -14.41592287524));
#1348 = CARTESIAN_POINT('',(-7.098318442164,29.499747108174,7.));
#1349 = CARTESIAN_POINT('',(-14.36118622684,-10.71227766788,-97.));
#1350 = CARTESIAN_POINT('',(-20.86221898712,0.915602218347,
    -77.51967133455));
#1351 = CARTESIAN_POINT('',(-12.83771116449,4.137349498561,
    -55.11219644121));
#1352 = CARTESIAN_POINT('',(-26.80453014687,10.578965376072,
    -35.33195450265));
#1353 = CARTESIAN_POINT('',(-23.87016467281,22.539892117711,
    -14.41592287524));
#1354 = CARTESIAN_POINT('',(-25.34326981209,25.277490942222,7.));
#1355 = CARTESIAN_POINT('',(-22.2537089282,-16.50937705681,-97.));
#1356 = CARTESIAN_POINT('',(-32.32753490008,-7.600840179445,
    -77.51967133455));
#1357 = CARTESIAN_POINT('',(-19.89297283641,-1.572275207285,
    -55.11219644121));
#1358 = CARTESIAN_POINT('',(-41.53558086791,0.940222255719,
    -35.33195450265));
#1359 = CARTESIAN_POINT('',(-36.9885668418,12.175936694658,
    -14.41592287524));
#1360 = CARTESIAN_POINT('',(-39.27125104975,14.649475395817,7.));
#1361 = CARTESIAN_POINT('',(-25.22508623481,-24.49999999985,-97.));
#1362 = CARTESIAN_POINT('',(-36.64399755631,-19.33975915445,
    -77.51967133455));
#1363 = CARTESIAN_POINT('',(-22.54913807683,-9.442324537206,
    -55.11219644121));
#1364 = CARTESIAN_POINT('',(-47.08152751192,-12.34565689991,
    -35.33195450265));
#1365 = CARTESIAN_POINT('',(-41.92738349032,-2.109562728943,
    -14.41592287524));
#1366 = CARTESIAN_POINT('',(-44.51485806145,2.913297794736E-10,7.));
#1367 = CARTESIAN_POINT('',(-22.25370892821,-32.49062294344,-97.));
#1368 = CARTESIAN_POINT('',(-32.32753490004,-31.0786781304,
    -77.51967133455));
#1369 = CARTESIAN_POINT('',(-19.89297283646,-17.31237386902,
    -55.11219644121));
#1370 = CARTESIAN_POINT('',(-41.53558086789,-25.63153605409,
    -35.33195450265));
#1371 = CARTESIAN_POINT('',(-36.98856684181,-16.39506215434,
    -14.41592287524));
#1372 = CARTESIAN_POINT('',(-39.27125104976,-14.64947539635,7.));
#1373 = CARTESIAN_POINT('',(-14.36118622683,-38.28772233191,-97.));
#1374 = CARTESIAN_POINT('',(-20.86221898718,-39.5951205274,
    -77.51967133455));
#1375 = CARTESIAN_POINT('',(-12.83771116441,-23.02199857327,
    -55.11219644121));
#1376 = CARTESIAN_POINT('',(-26.8045301469,-35.27027917565,
    -35.33195450265));
#1377 = CARTESIAN_POINT('',(-23.87016467279,-26.75901757588,
    -14.41592287524));
#1378 = CARTESIAN_POINT('',(-25.34326981208,-25.27749094181,7.));
#1379 = CARTESIAN_POINT('',(-4.022380450576,-40.59077115003,-97.));
#1380 = CARTESIAN_POINT('',(-5.8432347084,-42.97849922831,
    -77.51967133455));
#1381 = CARTESIAN_POINT('',(-3.595675008171,-25.29029579379,
    -55.11219644121));
#1382 = CARTESIAN_POINT('',(-7.507598352813,-39.09952108798,
    -35.33195450265));
#1383 = CARTESIAN_POINT('',(-6.685720957153,-30.87636897655,
    -14.41592287524));
#1384 = CARTESIAN_POINT('',(-7.098318442175,-29.49974710843,7.));
#1385 = CARTESIAN_POINT('',(5.937362864677,-39.29383215881,-97.));
#1386 = CARTESIAN_POINT('',(8.62509282566,-41.07318322945,
    -77.51967133455));
#1387 = CARTESIAN_POINT('',(5.307510697216,-24.01292681846,
    -55.11219644121));
#1388 = CARTESIAN_POINT('',(11.081829828995,-36.94312166481,
    -35.33195450265));
#1389 = CARTESIAN_POINT('',(9.868671505195,-28.55772356614,
    -14.41592287524));
#1390 = CARTESIAN_POINT('',(10.47769917295,-27.12202562447,7.));
#1391 = CARTESIAN_POINT('',(13.312455859597,-35.27117680027,-97.));
#1392 = CARTESIAN_POINT('',(19.338748555873,-35.16355319751,
    -77.51967133455));
#1393 = CARTESIAN_POINT('',(11.900233065823,-20.05097086872,
    -55.11219644121));
#1394 = CARTESIAN_POINT('',(24.84712048101,-30.25471785001,
    -35.33195450265));
#1395 = CARTESIAN_POINT('',(22.127038013684,-21.36608891931,
    -14.41592287524));
#1396 = CARTESIAN_POINT('',(23.492569163999,-19.74715746717,7.));
#1397 = CARTESIAN_POINT('',(17.000000000003,-29.88558740615,-97.));
#1398 = CARTESIAN_POINT('',(24.695572997044,-27.25165471584,
    -77.51967133455));
#1399 = CARTESIAN_POINT('',(15.196592142756,-14.74664672421,
    -55.11219644121));
#1400 = CARTESIAN_POINT('',(31.729761407964,-21.30018572212,
    -35.33195450265));
#1401 = CARTESIAN_POINT('',(28.256217350056,-11.73782404732,
    -14.41592287524));
#1402 = CARTESIAN_POINT('',(30.000000000005,-9.873576911278,7.));
#1403 = CARTESIAN_POINT('',(17.,-24.5,-97.));
#1404 = CARTESIAN_POINT('',(24.695572997032,-19.3397591547,
    -77.51967133455));
#1405 = CARTESIAN_POINT('',(15.196592142779,-9.442324537701,
    -55.11219644121));
#1406 = CARTESIAN_POINT('',(31.729761407938,-12.34565689953,
    -35.33195450265));
#1407 = CARTESIAN_POINT('',(28.25621735006,-2.109562729412,
    -14.41592287524));
#1408 = CARTESIAN_POINT('',(30.,2.606519132579E-15,7.));
#1409 = DEFINITIONAL_REPRESENTATION('',(#1410),#1416);
#1410 = B_SPLINE_CURVE_WITH_KNOTS('',4,(#1411,#1412,#1413,#1414,#1415),
  .UNSPECIFIED.,.F.,.F.,(5,5),(0.,1.),.PIECEWISE_BEZIER_KNOTS.);
#1411 = CARTESIAN_POINT('',(1.163863179733,0.206960961734));
#1412 = CARTESIAN_POINT('',(1.1640397867,0.211451959494));
#1413 = CARTESIAN_POINT('',(1.16421441197,0.215944182852));
#1414 = CARTESIAN_POINT('',(1.164387970113,0.220437540166));
#1415 = CARTESIAN_POINT('',(1.164561193049,0.224931958514));
#1416 = ( GEOMETRIC_REPRESENTATION_CONTEXT(2) 
PARAMETRIC_REPRESENTATION_CONTEXT() REPRESENTATION_CONTEXT('2D SPACE',''
  ) );
#1417 = ORIENTED_EDGE('',*,*,#1418,.T.);
#1418 = EDGE_CURVE('',#1299,#1210,#1419,.T.);
#1419 = SURFACE_CURVE('',#1420,(#1424,#1431),.PCURVE_S1.);
#1420 = LINE('',#1421,#1422);
#1421 = CARTESIAN_POINT('',(10.65,-5.,-76.));
#1422 = VECTOR('',#1423,1.);
#1423 = DIRECTION('',(0.,0.,1.));
#1424 = PCURVE('',#1218,#1425);
#1425 = DEFINITIONAL_REPRESENTATION('',(#1426),#1430);
#1426 = LINE('',#1427,#1428);
#1427 = CARTESIAN_POINT('',(0.,-18.));
#1428 = VECTOR('',#1429,1.);
#1429 = DIRECTION('',(1.,0.));
#1430 = ( GEOMETRIC_REPRESENTATION_CONTEXT(2) 
PARAMETRIC_REPRESENTATION_CONTEXT() REPRESENTATION_CONTEXT('2D SPACE',''
  ) );
#1431 = PCURVE('',#1432,#1437);
#1432 = PLANE('',#1433);
#1433 = AXIS2_PLACEMENT_3D('',#1434,#1435,#1436);
#1434 = CARTESIAN_POINT('',(10.65,-5.,-76.));
#1435 = DIRECTION('',(0.,1.,0.));
#1436 = DIRECTION('',(0.,0.,1.));
#1437 = DEFINITIONAL_REPRESENTATION('',(#1438),#1442);
#1438 = LINE('',#1439,#1440);
#1439 = CARTESIAN_POINT('',(0.,0.));
#1440 = VECTOR('',#1441,1.);
#1441 = DIRECTION('',(1.,0.));
#1442 = ( GEOMETRIC_REPRESENTATION_CONTEXT(2) 
PARAMETRIC_REPRESENTATION_CONTEXT() REPRESENTATION_CONTEXT('2D SPACE',''
  ) );
#1443 = ADVANCED_FACE('',(#1444),#1258,.F.);
#1444 = FACE_BOUND('',#1445,.F.);
#1445 = EDGE_LOOP('',(#1446,#1469,#1470,#1493));
#1446 = ORIENTED_EDGE('',*,*,#1447,.F.);
#1447 = EDGE_CURVE('',#1243,#1448,#1450,.T.);
#1448 = VERTEX_POINT('',#1449);
#1449 = CARTESIAN_POINT('',(19.609622128956,-23.,-76.));
#1450 = SURFACE_CURVE('',#1451,(#1455,#1462),.PCURVE_S1.);
#1451 = LINE('',#1452,#1453);
#1452 = CARTESIAN_POINT('',(10.65,-23.,-76.));
#1453 = VECTOR('',#1454,1.);
#1454 = DIRECTION('',(1.,0.,0.));
#1455 = PCURVE('',#1258,#1456);
#1456 = DEFINITIONAL_REPRESENTATION('',(#1457),#1461);
#1457 = LINE('',#1458,#1459);
#1458 = CARTESIAN_POINT('',(0.,0.));
#1459 = VECTOR('',#1460,1.);
#1460 = DIRECTION('',(0.,1.));
#1461 = ( GEOMETRIC_REPRESENTATION_CONTEXT(2) 
PARAMETRIC_REPRESENTATION_CONTEXT() REPRESENTATION_CONTEXT('2D SPACE',''
  ) );
#1462 = PCURVE('',#1286,#1463);
#1463 = DEFINITIONAL_REPRESENTATION('',(#1464),#1468);
#1464 = LINE('',#1465,#1466);
#1465 = CARTESIAN_POINT('',(0.,0.));
#1466 = VECTOR('',#1467,1.);
#1467 = DIRECTION('',(1.,0.));
#1468 = ( GEOMETRIC_REPRESENTATION_CONTEXT(2) 
PARAMETRIC_REPRESENTATION_CONTEXT() REPRESENTATION_CONTEXT('2D SPACE',''
  ) );
#1469 = ORIENTED_EDGE('',*,*,#1242,.T.);
#1470 = ORIENTED_EDGE('',*,*,#1471,.T.);
#1471 = EDGE_CURVE('',#1208,#1472,#1474,.T.);
#1472 = VERTEX_POINT('',#1473);
#1473 = CARTESIAN_POINT('',(14.361062403536,-23.,-22.));
#1474 = SURFACE_CURVE('',#1475,(#1479,#1486),.PCURVE_S1.);
#1475 = LINE('',#1476,#1477);
#1476 = CARTESIAN_POINT('',(10.65,-23.,-22.));
#1477 = VECTOR('',#1478,1.);
#1478 = DIRECTION('',(1.,0.,0.));
#1479 = PCURVE('',#1258,#1480);
#1480 = DEFINITIONAL_REPRESENTATION('',(#1481),#1485);
#1481 = LINE('',#1482,#1483);
#1482 = CARTESIAN_POINT('',(54.,0.));
#1483 = VECTOR('',#1484,1.);
#1484 = DIRECTION('',(0.,1.));
#1485 = ( GEOMETRIC_REPRESENTATION_CONTEXT(2) 
PARAMETRIC_REPRESENTATION_CONTEXT() REPRESENTATION_CONTEXT('2D SPACE',''
  ) );
#1486 = PCURVE('',#1230,#1487);
#1487 = DEFINITIONAL_REPRESENTATION('',(#1488),#1492);
#1488 = LINE('',#1489,#1490);
#1489 = CARTESIAN_POINT('',(0.,0.));
#1490 = VECTOR('',#1491,1.);
#1491 = DIRECTION('',(1.,0.));
#1492 = ( GEOMETRIC_REPRESENTATION_CONTEXT(2) 
PARAMETRIC_REPRESENTATION_CONTEXT() REPRESENTATION_CONTEXT('2D SPACE',''
  ) );
#1493 = ORIENTED_EDGE('',*,*,#1494,.T.);
#1494 = EDGE_CURVE('',#1472,#1448,#1495,.T.);
#1495 = SURFACE_CURVE('',#1496,(#1565,#1637),.PCURVE_S1.);
#1496 = B_SPLINE_CURVE_WITH_KNOTS('',7,(#1497,#1498,#1499,#1500,#1501,
    #1502,#1503,#1504,#1505,#1506,#1507,#1508,#1509,#1510,#1511,#1512,
    #1513,#1514,#1515,#1516,#1517,#1518,#1519,#1520,#1521,#1522,#1523,
    #1524,#1525,#1526,#1527,#1528,#1529,#1530,#1531,#1532,#1533,#1534,
    #1535,#1536,#1537,#1538,#1539,#1540,#1541,#1542,#1543,#1544,#1545,
    #1546,#1547,#1548,#1549,#1550,#1551,#1552,#1553,#1554,#1555,#1556,
    #1557,#1558,#1559,#1560,#1561,#1562,#1563,#1564),.UNSPECIFIED.,.F.,
  .F.,(8,6,6,6,6,6,6,6,6,6,6,8),(0.,0.271878097011,0.377441409327,
    0.421579171181,0.461895671709,0.504158748829,0.609975696394,
    0.746916828956,0.802909031648,0.847303531808,0.945555891432,1.),
  .UNSPECIFIED.);
#1497 = CARTESIAN_POINT('',(14.361062403536,-23.,-22.));
#1498 = CARTESIAN_POINT('',(14.8750992031,-23.,-24.04568308081));
#1499 = CARTESIAN_POINT('',(15.308338015088,-23.,-26.11128863229));
#1500 = CARTESIAN_POINT('',(15.670447910206,-23.,-28.19089205872));
#1501 = CARTESIAN_POINT('',(15.971739199687,-23.,-30.2798182016));
#1502 = CARTESIAN_POINT('',(16.223822714022,-23.,-32.37450096622));
#1503 = CARTESIAN_POINT('',(16.438156230164,-23.,-34.47269508435));
#1504 = CARTESIAN_POINT('',(16.69791386487,-23.,-37.38930044832));
#1505 = CARTESIAN_POINT('',(16.766454817087,-23.,-38.20538332341));
#1506 = CARTESIAN_POINT('',(16.83150167325,-23.,-39.02175456267));
#1507 = CARTESIAN_POINT('',(16.893644995813,-23.,-39.83834969065));
#1508 = CARTESIAN_POINT('',(16.953444794137,-23.,-40.65511474548));
#1509 = CARTESIAN_POINT('',(17.011423719335,-23.,-41.47200680074));
#1510 = CARTESIAN_POINT('',(17.091740930449,-23.,-42.63059051307));
#1511 = CARTESIAN_POINT('',(17.115186870987,-23.,-42.97220278479));
#1512 = CARTESIAN_POINT('',(17.138433136914,-23.,-43.31382871688));
#1513 = CARTESIAN_POINT('',(17.161513341453,-23.,-43.65546588583));
#1514 = CARTESIAN_POINT('',(17.184459654862,-23.,-43.99711203026));
#1515 = CARTESIAN_POINT('',(17.207302804432,-23.,-44.33876505088));
#1516 = CARTESIAN_POINT('',(17.25087007714,-23.,-44.99250166452));
#1517 = CARTESIAN_POINT('',(17.27160639592,-23.,-45.30458441771));
#1518 = CARTESIAN_POINT('',(17.292303328613,-23.,-45.61666978357));
#1519 = CARTESIAN_POINT('',(17.312982054836,-23.,-45.92875635255));
#1520 = CARTESIAN_POINT('',(17.333662636036,-23.,-46.24084279204));
#1521 = CARTESIAN_POINT('',(17.354364015491,-23.,-46.55292784635));
#1522 = CARTESIAN_POINT('',(17.396845397821,-23.,-47.19216091252));
#1523 = CARTESIAN_POINT('',(17.418629191833,-23.,-47.51930866153));
#1524 = CARTESIAN_POINT('',(17.440475924067,-23.,-47.84645221963));
#1525 = CARTESIAN_POINT('',(17.462404677887,-23.,-48.17359029761));
#1526 = CARTESIAN_POINT('',(17.484433096302,-23.,-48.50072168121));
#1527 = CARTESIAN_POINT('',(17.50657738196,-23.,-48.82784523113));
#1528 = CARTESIAN_POINT('',(17.584623520967,-23.,-49.97397913873));
#1529 = CARTESIAN_POINT('',(17.641213559702,-23.,-50.79294297463));
#1530 = CARTESIAN_POINT('',(17.698853946721,-23.,-51.6118340525));
#1531 = CARTESIAN_POINT('',(17.757717688689,-23.,-52.43063848562));
#1532 = CARTESIAN_POINT('',(17.817919265579,-23.,-53.24934583871));
#1533 = CARTESIAN_POINT('',(17.879514630666,-23.,-54.06794912801));
#1534 = CARTESIAN_POINT('',(18.024014179685,-23.,-55.945686557));
#1535 = CARTESIAN_POINT('',(18.107857639932,-23.,-57.00475016806));
#1536 = CARTESIAN_POINT('',(18.194027109739,-23.,-58.06362728852));
#1537 = CARTESIAN_POINT('',(18.282357374013,-23.,-59.12232532058));
#1538 = CARTESIAN_POINT('',(18.372528399563,-23.,-60.18086694395));
#1539 = CARTESIAN_POINT('',(18.464071250569,-23.,-61.23928962534));
#1540 = CARTESIAN_POINT('',(18.594114560049,-23.,-62.73038330326));
#1541 = CARTESIAN_POINT('',(18.631982144594,-23.,-63.16311034674));
#1542 = CARTESIAN_POINT('',(18.669934888615,-23.,-63.59582991173));
#1543 = CARTESIAN_POINT('',(18.707926896596,-23.,-64.02854600931));
#1544 = CARTESIAN_POINT('',(18.745908246575,-23.,-64.46126300832));
#1545 = CARTESIAN_POINT('',(18.783824990143,-23.,-64.89398563535));
#1546 = CARTESIAN_POINT('',(18.851584984535,-23.,-65.66981996709));
#1547 = CARTESIAN_POINT('',(18.881473741733,-23.,-66.01292765229));
#1548 = CARTESIAN_POINT('',(18.91125654454,-23.,-66.35604456593));
#1549 = CARTESIAN_POINT('',(18.940902882119,-23.,-66.69917331865));
#1550 = CARTESIAN_POINT('',(18.97038061229,-23.,-67.04231659618));
#1551 = CARTESIAN_POINT('',(18.999655961533,-23.,-67.38547715931));
#1552 = CARTESIAN_POINT('',(19.092958447816,-23.,-68.4881733676));
#1553 = CARTESIAN_POINT('',(19.156058507161,-23.,-69.24778509473));
#1554 = CARTESIAN_POINT('',(19.217609552899,-23.,-70.00752709242));
#1555 = CARTESIAN_POINT('',(19.277187691258,-23.,-70.76743019917));
#1556 = CARTESIAN_POINT('',(19.334326533963,-23.,-71.52752223463));
#1557 = CARTESIAN_POINT('',(19.388514447391,-23.,-72.28782820931));
#1558 = CARTESIAN_POINT('',(19.467273400895,-23.,-73.46980620341));
#1559 = CARTESIAN_POINT('',(19.494276871795,-23.,-73.89131343295));
#1560 = CARTESIAN_POINT('',(19.520107153872,-23.,-74.31289563296));
#1561 = CARTESIAN_POINT('',(19.544664242178,-23.,-74.73455500379));
#1562 = CARTESIAN_POINT('',(19.567843187363,-23.,-75.15629253615));
#1563 = CARTESIAN_POINT('',(19.589534095673,-23.,-75.57810801109));
#1564 = CARTESIAN_POINT('',(19.609622128956,-23.,-76.));
#1565 = PCURVE('',#1258,#1566);
#1566 = DEFINITIONAL_REPRESENTATION('',(#1567),#1636);
#1567 = B_SPLINE_CURVE_WITH_KNOTS('',7,(#1568,#1569,#1570,#1571,#1572,
    #1573,#1574,#1575,#1576,#1577,#1578,#1579,#1580,#1581,#1582,#1583,
    #1584,#1585,#1586,#1587,#1588,#1589,#1590,#1591,#1592,#1593,#1594,
    #1595,#1596,#1597,#1598,#1599,#1600,#1601,#1602,#1603,#1604,#1605,
    #1606,#1607,#1608,#1609,#1610,#1611,#1612,#1613,#1614,#1615,#1616,
    #1617,#1618,#1619,#1620,#1621,#1622,#1623,#1624,#1625,#1626,#1627,
    #1628,#1629,#1630,#1631,#1632,#1633,#1634,#1635),.UNSPECIFIED.,.F.,
  .F.,(8,6,6,6,6,6,6,6,6,6,6,8),(0.,0.271878097011,0.377441409327,
    0.421579171181,0.461895671709,0.504158748829,0.609975696394,
    0.746916828956,0.802909031648,0.847303531808,0.945555891432,1.),
  .UNSPECIFIED.);
#1568 = CARTESIAN_POINT('',(54.,3.711062403536));
#1569 = CARTESIAN_POINT('',(51.954316919184,4.2250992031));
#1570 = CARTESIAN_POINT('',(49.888711367706,4.658338015088));
#1571 = CARTESIAN_POINT('',(47.809107941279,5.020447910206));
#1572 = CARTESIAN_POINT('',(45.720181798391,5.321739199687));
#1573 = CARTESIAN_POINT('',(43.625499033779,5.573822714022));
#1574 = CARTESIAN_POINT('',(41.527304915641,5.788156230164));
#1575 = CARTESIAN_POINT('',(38.610699551678,6.04791386487));
#1576 = CARTESIAN_POINT('',(37.794616676589,6.116454817087));
#1577 = CARTESIAN_POINT('',(36.978245437329,6.18150167325));
#1578 = CARTESIAN_POINT('',(36.161650309347,6.243644995813));
#1579 = CARTESIAN_POINT('',(35.344885254514,6.303444794137));
#1580 = CARTESIAN_POINT('',(34.527993199251,6.361423719335));
#1581 = CARTESIAN_POINT('',(33.369409486926,6.441740930449));
#1582 = CARTESIAN_POINT('',(33.027797215208,6.465186870987));
#1583 = CARTESIAN_POINT('',(32.686171283118,6.488433136914));
#1584 = CARTESIAN_POINT('',(32.344534114164,6.511513341453));
#1585 = CARTESIAN_POINT('',(32.002887969737,6.534459654862));
#1586 = CARTESIAN_POINT('',(31.661234949118,6.557302804432));
#1587 = CARTESIAN_POINT('',(31.007498335472,6.60087007714));
#1588 = CARTESIAN_POINT('',(30.69541558229,6.62160639592));
#1589 = CARTESIAN_POINT('',(30.383330216428,6.642303328613));
#1590 = CARTESIAN_POINT('',(30.071243647445,6.662982054836));
#1591 = CARTESIAN_POINT('',(29.75915720796,6.683662636036));
#1592 = CARTESIAN_POINT('',(29.447072153646,6.704364015491));
#1593 = CARTESIAN_POINT('',(28.807839087479,6.746845397821));
#1594 = CARTESIAN_POINT('',(28.480691338468,6.768629191833));
#1595 = CARTESIAN_POINT('',(28.153547780367,6.790475924067));
#1596 = CARTESIAN_POINT('',(27.826409702387,6.812404677887));
#1597 = CARTESIAN_POINT('',(27.499278318785,6.834433096302));
#1598 = CARTESIAN_POINT('',(27.172154768865,6.85657738196));
#1599 = CARTESIAN_POINT('',(26.026020861262,6.934623520967));
#1600 = CARTESIAN_POINT('',(25.207057025367,6.991213559702));
#1601 = CARTESIAN_POINT('',(24.388165947496,7.048853946721));
#1602 = CARTESIAN_POINT('',(23.56936151438,7.107717688689));
#1603 = CARTESIAN_POINT('',(22.750654161282,7.167919265579));
#1604 = CARTESIAN_POINT('',(21.93205087199,7.229514630666));
#1605 = CARTESIAN_POINT('',(20.054313442998,7.374014179685));
#1606 = CARTESIAN_POINT('',(18.995249831939,7.457857639932));
#1607 = CARTESIAN_POINT('',(17.936372711473,7.544027109739));
#1608 = CARTESIAN_POINT('',(16.877674679411,7.632357374013));
#1609 = CARTESIAN_POINT('',(15.819133056043,7.722528399563));
#1610 = CARTESIAN_POINT('',(14.760710374652,7.814071250569));
#1611 = CARTESIAN_POINT('',(13.269616696732,7.944114560049));
#1612 = CARTESIAN_POINT('',(12.836889653255,7.981982144594));
#1613 = CARTESIAN_POINT('',(12.404170088265,8.019934888615));
#1614 = CARTESIAN_POINT('',(11.971453990685,8.057926896596));
#1615 = CARTESIAN_POINT('',(11.538736991679,8.095908246575));
#1616 = CARTESIAN_POINT('',(11.106014364647,8.133824990143));
#1617 = CARTESIAN_POINT('',(10.330180032908,8.201584984535));
#1618 = CARTESIAN_POINT('',(9.98707234771,8.231473741733));
#1619 = CARTESIAN_POINT('',(9.643955434069,8.26125654454));
#1620 = CARTESIAN_POINT('',(9.300826681343,8.290902882119));
#1621 = CARTESIAN_POINT('',(8.957683403814,8.32038061229));
#1622 = CARTESIAN_POINT('',(8.614522840688,8.349655961533));
#1623 = CARTESIAN_POINT('',(7.511826632398,8.442958447816));
#1624 = CARTESIAN_POINT('',(6.752214905262,8.506058507161));
#1625 = CARTESIAN_POINT('',(5.992472907573,8.567609552899));
#1626 = CARTESIAN_POINT('',(5.232569800821,8.627187691258));
#1627 = CARTESIAN_POINT('',(4.472477765365,8.684326533963));
#1628 = CARTESIAN_POINT('',(3.712171790685,8.738514447391));
#1629 = CARTESIAN_POINT('',(2.530193796588,8.817273400895));
#1630 = CARTESIAN_POINT('',(2.10868656705,8.844276871795));
#1631 = CARTESIAN_POINT('',(1.687104367038,8.870107153872));
#1632 = CARTESIAN_POINT('',(1.265444996203,8.894664242178));
#1633 = CARTESIAN_POINT('',(0.843707463844,8.917843187363));
#1634 = CARTESIAN_POINT('',(0.42189198891,8.939534095673));
#1635 = CARTESIAN_POINT('',(0.,8.959622128956));
#1636 = ( GEOMETRIC_REPRESENTATION_CONTEXT(2) 
PARAMETRIC_REPRESENTATION_CONTEXT() REPRESENTATION_CONTEXT('2D SPACE',''
  ) );
#1637 = PCURVE('',#1318,#1638);
#1638 = DEFINITIONAL_REPRESENTATION('',(#1639),#1708);
#1639 = B_SPLINE_CURVE_WITH_KNOTS('',7,(#1640,#1641,#1642,#1643,#1644,
    #1645,#1646,#1647,#1648,#1649,#1650,#1651,#1652,#1653,#1654,#1655,
    #1656,#1657,#1658,#1659,#1660,#1661,#1662,#1663,#1664,#1665,#1666,
    #1667,#1668,#1669,#1670,#1671,#1672,#1673,#1674,#1675,#1676,#1677,
    #1678,#1679,#1680,#1681,#1682,#1683,#1684,#1685,#1686,#1687,#1688,
    #1689,#1690,#1691,#1692,#1693,#1694,#1695,#1696,#1697,#1698,#1699,
    #1700,#1701,#1702,#1703,#1704,#1705,#1706,#1707),.UNSPECIFIED.,.F.,
  .F.,(8,6,6,6,6,6,6,6,6,6,6,8),(0.,0.271878097011,0.377441409327,
    0.421579171181,0.461895671709,0.504158748829,0.609975696394,
    0.746916828956,0.802909031648,0.847303531808,0.945555891432,1.),
  .UNSPECIFIED.);
#1640 = CARTESIAN_POINT('',(0.835401604985,0.725391291022));
#1641 = CARTESIAN_POINT('',(0.839594814344,0.705782991617));
#1642 = CARTESIAN_POINT('',(0.84350778751,0.685956847206));
#1643 = CARTESIAN_POINT('',(0.847191398273,0.665973851312));
#1644 = CARTESIAN_POINT('',(0.850697259256,0.645884343883));
#1645 = CARTESIAN_POINT('',(0.854083192134,0.625728609853));
#1646 = CARTESIAN_POINT('',(0.857409709811,0.605534004905));
#1647 = CARTESIAN_POINT('',(0.862028963722,0.577462425575));
#1648 = CARTESIAN_POINT('',(0.8633209378,0.569607840581));
#1649 = CARTESIAN_POINT('',(0.864616448267,0.561750782288));
#1650 = CARTESIAN_POINT('',(0.865918933537,0.553892154507));
#1651 = CARTESIAN_POINT('',(0.867231750905,0.546032740793));
#1652 = CARTESIAN_POINT('',(0.868558138352,0.538173195652));
#1653 = CARTESIAN_POINT('',(0.870462722702,0.527027991385));
#1654 = CARTESIAN_POINT('',(0.871027178855,0.523742018896));
#1655 = CARTESIAN_POINT('',(0.87159477007,0.520456158927));
#1656 = CARTESIAN_POINT('',(0.872165715649,0.517170449691));
#1657 = CARTESIAN_POINT('',(0.872740228943,0.513884926971));
#1658 = CARTESIAN_POINT('',(0.873318517354,0.510599624123));
#1659 = CARTESIAN_POINT('',(0.874432637269,0.504313925977));
#1660 = CARTESIAN_POINT('',(0.874967809633,0.501313489311));
#1661 = CARTESIAN_POINT('',(0.875506452832,0.498313285734));
#1662 = CARTESIAN_POINT('',(0.876048715092,0.495313337477));
#1663 = CARTESIAN_POINT('',(0.876594739463,0.49231366535));
#1664 = CARTESIAN_POINT('',(0.877144663818,0.489314288732));
#1665 = CARTESIAN_POINT('',(0.878279324253,0.483171360525));
#1666 = CARTESIAN_POINT('',(0.878864458826,0.480027839996));
#1667 = CARTESIAN_POINT('',(0.879454177388,0.476884684743));
#1668 = CARTESIAN_POINT('',(0.880048625503,0.473741913876));
#1669 = CARTESIAN_POINT('',(0.88064794148,0.470599544866));
#1670 = CARTESIAN_POINT('',(0.88125225638,0.46745759355));
#1671 = CARTESIAN_POINT('',(0.883387584548,0.456450437765));
#1672 = CARTESIAN_POINT('',(0.884945583707,0.448587504001));
#1673 = CARTESIAN_POINT('',(0.886537641744,0.440727504395));
#1674 = CARTESIAN_POINT('',(0.888165387849,0.432870595595));
#1675 = CARTESIAN_POINT('',(0.889830130145,0.42501685934));
#1676 = CARTESIAN_POINT('',(0.891532855691,0.417166302457));
#1677 = CARTESIAN_POINT('',(0.895527799877,0.399163223831));
#1678 = CARTESIAN_POINT('',(0.897846093813,0.389012779571));
#1679 = CARTESIAN_POINT('',(0.900230566326,0.37886737613));
#1680 = CARTESIAN_POINT('',(0.902681740291,0.368726587098));
#1681 = CARTESIAN_POINT('',(0.905199318108,0.358589701972));
#1682 = CARTESIAN_POINT('',(0.907782292407,0.348455720522));
#1683 = CARTESIAN_POINT('',(0.911511260183,0.334180443616));
#1684 = CARTESIAN_POINT('',(0.912604130135,0.330037807857));
#1685 = CARTESIAN_POINT('',(0.913707555864,0.325895350371));
#1686 = CARTESIAN_POINT('',(0.914821413788,0.321752973513));
#1687 = CARTESIAN_POINT('',(0.915945567467,0.3176105715));
#1688 = CARTESIAN_POINT('',(0.917079867612,0.313468030416));
#1689 = CARTESIAN_POINT('',(0.919131420136,0.306040527398));
#1690 = CARTESIAN_POINT('',(0.920044965632,0.302755662746));
#1691 = CARTESIAN_POINT('',(0.920964708167,0.299470573373));
#1692 = CARTESIAN_POINT('',(0.92189056434,0.296185195625));
#1693 = CARTESIAN_POINT('',(0.922822447748,0.292899463063));
#1694 = CARTESIAN_POINT('',(0.923760268989,0.289613306468));
#1695 = CARTESIAN_POINT('',(0.926792425817,0.279052748857));
#1696 = CARTESIAN_POINT('',(0.928909542495,0.271776436698));
#1697 = CARTESIAN_POINT('',(0.931054302542,0.264496903874));
#1698 = CARTESIAN_POINT('',(0.933225661189,0.257213316379));
#1699 = CARTESIAN_POINT('',(0.935422550607,0.249924812967));
#1700 = CARTESIAN_POINT('',(0.937643918469,0.242630498421));
#1701 = CARTESIAN_POINT('',(0.941132693393,0.231283734605));
#1702 = CARTESIAN_POINT('',(0.942383828096,0.22723597022));
#1703 = CARTESIAN_POINT('',(0.943641997146,0.2231859886));
#1704 = CARTESIAN_POINT('',(0.944907032534,0.219133639627));
#1705 = CARTESIAN_POINT('',(0.946178771716,0.215078778137));
#1706 = CARTESIAN_POINT('',(0.947457057619,0.211021263923));
#1707 = CARTESIAN_POINT('',(0.948741738634,0.206960961734));
#1708 = ( GEOMETRIC_REPRESENTATION_CONTEXT(2) 
PARAMETRIC_REPRESENTATION_CONTEXT() REPRESENTATION_CONTEXT('2D SPACE',''
  ) );
#1709 = ADVANCED_FACE('',(#1710),#1286,.F.);
#1710 = FACE_BOUND('',#1711,.F.);
#1711 = EDGE_LOOP('',(#1712,#1713,#1714));
#1712 = ORIENTED_EDGE('',*,*,#1270,.F.);
#1713 = ORIENTED_EDGE('',*,*,#1447,.T.);
#1714 = ORIENTED_EDGE('',*,*,#1715,.T.);
#1715 = EDGE_CURVE('',#1448,#1271,#1716,.T.);
#1716 = SURFACE_CURVE('',#1717,(#1744,#1774),.PCURVE_S1.);
#1717 = B_SPLINE_CURVE_WITH_KNOTS('',7,(#1718,#1719,#1720,#1721,#1722,
    #1723,#1724,#1725,#1726,#1727,#1728,#1729,#1730,#1731,#1732,#1733,
    #1734,#1735,#1736,#1737,#1738,#1739,#1740,#1741,#1742,#1743),
  .UNSPECIFIED.,.F.,.F.,(8,6,6,6,8),(0.,1.,2.035058510138,2.657176398503
    ,4.538512475042),.UNSPECIFIED.);
#1718 = CARTESIAN_POINT('',(19.609622128956,-23.,-76.));
#1719 = CARTESIAN_POINT('',(19.901751236788,-22.37402621918,-76.));
#1720 = CARTESIAN_POINT('',(20.152416768482,-21.72831052665,-76.));
#1721 = CARTESIAN_POINT('',(20.357737662462,-21.06563578185,-76.));
#1722 = CARTESIAN_POINT('',(20.514395588662,-20.38933896582,-76.));
#1723 = CARTESIAN_POINT('',(20.61983604392,-19.70335079594,-76.));
#1724 = CARTESIAN_POINT('',(20.672525544218,-19.01224852181,-76.));
#1725 = CARTESIAN_POINT('',(20.672525544218,-17.60627430966,-76.));
#1726 = CARTESIAN_POINT('',(20.616076832506,-16.89092080586,-76.));
#1727 = CARTESIAN_POINT('',(20.503107406493,-16.18125895326,-76.));
#1728 = CARTESIAN_POINT('',(20.335387767246,-15.48233772518,-76.));
#1729 = CARTESIAN_POINT('',(20.115832241536,-14.79845320701,-76.));
#1730 = CARTESIAN_POINT('',(19.848197341906,-14.13321275195,-76.));
#1731 = CARTESIAN_POINT('',(19.349700782362,-13.10273353185,-76.));
#1732 = CARTESIAN_POINT('',(19.146703319586,-12.72356046871,-76.));
#1733 = CARTESIAN_POINT('',(18.928718700433,-12.35260086171,-76.));
#1734 = CARTESIAN_POINT('',(18.696641184696,-11.99026542483,-76.));
#1735 = CARTESIAN_POINT('',(18.451357476067,-11.63685910356,-76.));
#1736 = CARTESIAN_POINT('',(18.193722352227,-11.29259642844,-76.));
#1737 = CARTESIAN_POINT('',(17.110515136134,-9.944594162551,-76.));
#1738 = CARTESIAN_POINT('',(16.192058881576,-9.017873657524,-76.));
#1739 = CARTESIAN_POINT('',(15.190043393443,-8.178363698165,-76.));
#1740 = CARTESIAN_POINT('',(14.122240194628,-7.425061650381,-76.));
#1741 = CARTESIAN_POINT('',(13.003188506469,-6.755340308705,-76.));
#1742 = CARTESIAN_POINT('',(11.843659148724,-6.165678200704,-76.));
#1743 = CARTESIAN_POINT('',(10.65,-5.652665315861,-76.));
#1744 = PCURVE('',#1286,#1745);
#1745 = DEFINITIONAL_REPRESENTATION('',(#1746),#1773);
#1746 = B_SPLINE_CURVE_WITH_KNOTS('',7,(#1747,#1748,#1749,#1750,#1751,
    #1752,#1753,#1754,#1755,#1756,#1757,#1758,#1759,#1760,#1761,#1762,
    #1763,#1764,#1765,#1766,#1767,#1768,#1769,#1770,#1771,#1772),
  .UNSPECIFIED.,.F.,.F.,(8,6,6,6,8),(0.,1.,2.035058510138,2.657176398503
    ,4.538512475042),.UNSPECIFIED.);
#1747 = CARTESIAN_POINT('',(8.959622128956,0.));
#1748 = CARTESIAN_POINT('',(9.251751236788,0.625973780818));
#1749 = CARTESIAN_POINT('',(9.502416768482,1.27168947335));
#1750 = CARTESIAN_POINT('',(9.707737662462,1.934364218144));
#1751 = CARTESIAN_POINT('',(9.864395588662,2.610661034172));
#1752 = CARTESIAN_POINT('',(9.96983604392,3.296649204054));
#1753 = CARTESIAN_POINT('',(10.022525544218,3.987751478181));
#1754 = CARTESIAN_POINT('',(10.022525544218,5.393725690336));
#1755 = CARTESIAN_POINT('',(9.966076832506,6.10907919414));
#1756 = CARTESIAN_POINT('',(9.853107406493,6.818741046736));
#1757 = CARTESIAN_POINT('',(9.685387767246,7.517662274817));
#1758 = CARTESIAN_POINT('',(9.465832241536,8.201546792981));
#1759 = CARTESIAN_POINT('',(9.198197341906,8.866787248044));
#1760 = CARTESIAN_POINT('',(8.699700782362,9.897266468147));
#1761 = CARTESIAN_POINT('',(8.496703319586,10.276439531289));
#1762 = CARTESIAN_POINT('',(8.278718700433,10.647399138281));
#1763 = CARTESIAN_POINT('',(8.046641184696,11.009734575166));
#1764 = CARTESIAN_POINT('',(7.801357476067,11.363140896433));
#1765 = CARTESIAN_POINT('',(7.543722352227,11.707403571559));
#1766 = CARTESIAN_POINT('',(6.460515136134,13.055405837449));
#1767 = CARTESIAN_POINT('',(5.542058881576,13.982126342476));
#1768 = CARTESIAN_POINT('',(4.540043393443,14.821636301835));
#1769 = CARTESIAN_POINT('',(3.472240194628,15.574938349619));
#1770 = CARTESIAN_POINT('',(2.353188506469,16.244659691295));
#1771 = CARTESIAN_POINT('',(1.193659148724,16.834321799296));
#1772 = CARTESIAN_POINT('',(0.,17.347334684139));
#1773 = ( GEOMETRIC_REPRESENTATION_CONTEXT(2) 
PARAMETRIC_REPRESENTATION_CONTEXT() REPRESENTATION_CONTEXT('2D SPACE',''
  ) );
#1774 = PCURVE('',#1318,#1775);
#1775 = DEFINITIONAL_REPRESENTATION('',(#1776),#1824);
#1776 = B_SPLINE_CURVE_WITH_KNOTS('',3,(#1777,#1778,#1779,#1780,#1781,
    #1782,#1783,#1784,#1785,#1786,#1787,#1788,#1789,#1790,#1791,#1792,
    #1793,#1794,#1795,#1796,#1797,#1798,#1799,#1800,#1801,#1802,#1803,
    #1804,#1805,#1806,#1807,#1808,#1809,#1810,#1811,#1812,#1813,#1814,
    #1815,#1816,#1817,#1818,#1819,#1820,#1821,#1822,#1823),
  .UNSPECIFIED.,.F.,.F.,(4,1,1,1,1,1,1,1,1,1,1,1,1,1,1,1,1,1,1,1,1,1,1,1
    ,1,1,1,1,1,1,1,1,1,1,1,1,1,1,1,1,1,1,1,1,4),(0.,0.103148010796,
    0.206296021593,0.309444032389,0.412592043186,0.515740053982,
    0.618888064779,0.722036075575,0.825184086371,0.928332097168,
    1.031480107964,1.134628118761,1.237776129557,1.340924140353,
    1.44407215115,1.547220161946,1.650368172743,1.753516183539,
    1.856664194336,1.959812205132,2.062960215928,2.166108226725,
    2.269256237521,2.372404248318,2.475552259114,2.57870026991,
    2.681848280707,2.784996291503,2.8881443023,2.991292313096,
    3.094440323893,3.197588334689,3.300736345485,3.403884356282,
    3.507032367078,3.610180377875,3.713328388671,3.816476399467,
    3.919624410264,4.02277242106,4.125920431857,4.229068442653,
    4.33221645345,4.435364464246,4.538512475042),.QUASI_UNIFORM_KNOTS.);
#1777 = CARTESIAN_POINT('',(0.948741738634,0.206960961734));
#1778 = CARTESIAN_POINT('',(0.950451855503,0.206960961735));
#1779 = CARTESIAN_POINT('',(0.953887126432,0.206960961735));
#1780 = CARTESIAN_POINT('',(0.959081491089,0.206960961734));
#1781 = CARTESIAN_POINT('',(0.964313736604,0.206960961734));
#1782 = CARTESIAN_POINT('',(0.969580019907,0.206960961734));
#1783 = CARTESIAN_POINT('',(0.974876268659,0.206960961733));
#1784 = CARTESIAN_POINT('',(0.980198103375,0.206960961734));
#1785 = CARTESIAN_POINT('',(0.985540798121,0.206960961736));
#1786 = CARTESIAN_POINT('',(0.990899154537,0.206960961733));
#1787 = CARTESIAN_POINT('',(0.996267629519,0.206960961731));
#1788 = CARTESIAN_POINT('',(1.001639471383,0.206960961735));
#1789 = CARTESIAN_POINT('',(1.007010121474,0.206960961727));
#1790 = CARTESIAN_POINT('',(1.012373155146,0.206960961737));
#1791 = CARTESIAN_POINT('',(1.017722614183,0.206960961739));
#1792 = CARTESIAN_POINT('',(1.023053149661,0.206960961731));
#1793 = CARTESIAN_POINT('',(1.028359872567,0.206960961728));
#1794 = CARTESIAN_POINT('',(1.033638293404,0.206960961736));
#1795 = CARTESIAN_POINT('',(1.038884267681,0.206960961742));
#1796 = CARTESIAN_POINT('',(1.044093888775,0.206960961729));
#1797 = CARTESIAN_POINT('',(1.049263636675,0.206960961725));
#1798 = CARTESIAN_POINT('',(1.054389600002,0.206960961735));
#1799 = CARTESIAN_POINT('',(1.059470588076,0.206960961724));
#1800 = CARTESIAN_POINT('',(1.064505292557,0.206960961748));
#1801 = CARTESIAN_POINT('',(1.069492379041,0.206960961727));
#1802 = CARTESIAN_POINT('',(1.074431068523,0.206960961727));
#1803 = CARTESIAN_POINT('',(1.079320755943,0.206960961754));
#1804 = CARTESIAN_POINT('',(1.084161773074,0.206960961712));
#1805 = CARTESIAN_POINT('',(1.088952212581,0.206960961846));
#1806 = CARTESIAN_POINT('',(1.093693107655,0.206960961853));
#1807 = CARTESIAN_POINT('',(1.09838583808,0.206960961767));
#1808 = CARTESIAN_POINT('',(1.103031649932,0.206960961671));
#1809 = CARTESIAN_POINT('',(1.10763179799,0.206960961635));
#1810 = CARTESIAN_POINT('',(1.112187520257,0.20696096167));
#1811 = CARTESIAN_POINT('',(1.116700056636,0.206960961746));
#1812 = CARTESIAN_POINT('',(1.121170655136,0.20696096181));
#1813 = CARTESIAN_POINT('',(1.125600580961,0.206960961826));
#1814 = CARTESIAN_POINT('',(1.129991124531,0.206960961784));
#1815 = CARTESIAN_POINT('',(1.134343609638,0.206960961708));
#1816 = CARTESIAN_POINT('',(1.138659401572,0.206960961644));
#1817 = CARTESIAN_POINT('',(1.142939915261,0.206960961638));
#1818 = CARTESIAN_POINT('',(1.147186623895,0.206960961705));
#1819 = CARTESIAN_POINT('',(1.151401066598,0.206960961809));
#1820 = CARTESIAN_POINT('',(1.155584860783,0.206960961877));
#1821 = CARTESIAN_POINT('',(1.159739698427,0.206960961813));
#1822 = CARTESIAN_POINT('',(1.162491502129,0.206960961757));
#1823 = CARTESIAN_POINT('',(1.163863179733,0.206960961734));
#1824 = ( GEOMETRIC_REPRESENTATION_CONTEXT(2) 
PARAMETRIC_REPRESENTATION_CONTEXT() REPRESENTATION_CONTEXT('2D SPACE',''
  ) );
#1825 = ADVANCED_FACE('',(#1826),#1318,.T.);
#1826 = FACE_BOUND('',#1827,.T.);
#1827 = EDGE_LOOP('',(#1828,#1960,#2127,#2163,#2164,#2165,#2166));
#1828 = ORIENTED_EDGE('',*,*,#1829,.T.);
#1829 = EDGE_CURVE('',#1830,#1832,#1834,.T.);
#1830 = VERTEX_POINT('',#1831);
#1831 = CARTESIAN_POINT('',(23.35,-5.,-43.86048064413));
#1832 = VERTEX_POINT('',#1833);
#1833 = CARTESIAN_POINT('',(23.35,-12.30880126265,-51.89642753177));
#1834 = SURFACE_CURVE('',#1835,(#1873,#1914),.PCURVE_S1.);
#1835 = B_SPLINE_CURVE_WITH_KNOTS('',8,(#1836,#1837,#1838,#1839,#1840,
    #1841,#1842,#1843,#1844,#1845,#1846,#1847,#1848,#1849,#1850,#1851,
    #1852,#1853,#1854,#1855,#1856,#1857,#1858,#1859,#1860,#1861,#1862,
    #1863,#1864,#1865,#1866,#1867,#1868,#1869,#1870,#1871,#1872),
  .UNSPECIFIED.,.F.,.F.,(9,7,7,7,7,9),(0.,0.252770292022,0.525690488316,
    0.791997415129,0.910301197669,1.),.UNSPECIFIED.);
#1836 = CARTESIAN_POINT('',(23.35,-5.,-43.86048064413));
#1837 = CARTESIAN_POINT('',(23.35,-5.177668654393,-44.16547542827));
#1838 = CARTESIAN_POINT('',(23.35,-5.356938346881,-44.46953453702));
#1839 = CARTESIAN_POINT('',(23.35,-5.537905829514,-44.77259231234));
#1840 = CARTESIAN_POINT('',(23.35,-5.720679397043,-45.07457043807));
#1841 = CARTESIAN_POINT('',(23.35,-5.905380688379,-45.37537685269));
#1842 = CARTESIAN_POINT('',(23.35,-6.092148973934,-45.67490312272));
#1843 = CARTESIAN_POINT('',(23.35,-6.281147928817,-45.9730202768));
#1844 = CARTESIAN_POINT('',(23.35,-6.679261698041,-46.58976600824));
#1845 = CARTESIAN_POINT('',(23.35,-6.888763979386,-46.90811199901));
#1846 = CARTESIAN_POINT('',(23.35,-7.101343646092,-47.22443588375));
#1847 = CARTESIAN_POINT('',(23.35,-7.317293263118,-47.5385045381));
#1848 = CARTESIAN_POINT('',(23.35,-7.536956589953,-47.85001197382));
#1849 = CARTESIAN_POINT('',(23.35,-7.760742994029,-48.15856920823));
#1850 = CARTESIAN_POINT('',(23.35,-7.989167882664,-48.46367568781));
#1851 = CARTESIAN_POINT('',(23.35,-8.451069787924,-49.0583293164));
#1852 = CARTESIAN_POINT('',(23.35,-8.684038185464,-49.34774773799));
#1853 = CARTESIAN_POINT('',(23.35,-8.922743523526,-49.63260373952));
#1854 = CARTESIAN_POINT('',(23.35,-9.168115382622,-49.91212753477));
#1855 = CARTESIAN_POINT('',(23.35,-9.421092799286,-50.18513089302));
#1856 = CARTESIAN_POINT('',(23.35,-9.682956146188,-50.44965732779));
#1857 = CARTESIAN_POINT('',(23.35,-9.955159093407,-50.70316837641));
#1858 = CARTESIAN_POINT('',(23.35,-10.36780288629,-51.04669499659));
#1859 = CARTESIAN_POINT('',(23.35,-10.49724996414,-51.14915715567));
#1860 = CARTESIAN_POINT('',(23.35,-10.62954881367,-51.24805178998));
#1861 = CARTESIAN_POINT('',(23.35,-10.76497255955,-51.34285101152));
#1862 = CARTESIAN_POINT('',(23.35,-10.9037553574,-51.43283070863));
#1863 = CARTESIAN_POINT('',(23.35,-11.04611157277,-51.51703910721));
#1864 = CARTESIAN_POINT('',(23.35,-11.1922549601,-51.59426533188));
#1865 = CARTESIAN_POINT('',(23.35,-11.45627244852,-51.71512914146));
#1866 = CARTESIAN_POINT('',(23.35,-11.57236998714,-51.76232263783));
#1867 = CARTESIAN_POINT('',(23.35,-11.69077852119,-51.80396733192));
#1868 = CARTESIAN_POINT('',(23.35,-11.81142555932,-51.83919511536));
#1869 = CARTESIAN_POINT('',(23.35,-11.93407612239,-51.86700691357));
#1870 = CARTESIAN_POINT('',(23.35,-12.05831081057,-51.88638870357));
#1871 = CARTESIAN_POINT('',(23.35,-12.18350387056,-51.89642753177));
#1872 = CARTESIAN_POINT('',(23.35,-12.30880126265,-51.89642753177));
#1873 = PCURVE('',#1318,#1874);
#1874 = DEFINITIONAL_REPRESENTATION('',(#1875),#1913);
#1875 = B_SPLINE_CURVE_WITH_KNOTS('',8,(#1876,#1877,#1878,#1879,#1880,
    #1881,#1882,#1883,#1884,#1885,#1886,#1887,#1888,#1889,#1890,#1891,
    #1892,#1893,#1894,#1895,#1896,#1897,#1898,#1899,#1900,#1901,#1902,
    #1903,#1904,#1905,#1906,#1907,#1908,#1909,#1910,#1911,#1912),
  .UNSPECIFIED.,.F.,.F.,(9,7,7,7,7,9),(0.,0.252770292022,0.525690488316,
    0.791997415129,0.910301197669,1.),.UNSPECIFIED.);
#1876 = CARTESIAN_POINT('',(1.052450882225,0.515199062294));
#1877 = CARTESIAN_POINT('',(1.051459592349,0.512266000037));
#1878 = CARTESIAN_POINT('',(1.050447765603,0.509342151576));
#1879 = CARTESIAN_POINT('',(1.049414356222,0.506428154958));
#1880 = CARTESIAN_POINT('',(1.048358178913,0.503524768993));
#1881 = CARTESIAN_POINT('',(1.047277888764,0.500632883624));
#1882 = CARTESIAN_POINT('',(1.046171933438,0.497753545059));
#1883 = CARTESIAN_POINT('',(1.045038477629,0.494887995658));
#1884 = CARTESIAN_POINT('',(1.042619397781,0.488960248865));
#1885 = CARTESIAN_POINT('',(1.041328937976,0.485900808462));
#1886 = CARTESIAN_POINT('',(1.040001041057,0.482861092787));
#1887 = CARTESIAN_POINT('',(1.038632395781,0.479843342268));
#1888 = CARTESIAN_POINT('',(1.037219027598,0.476850495266));
#1889 = CARTESIAN_POINT('',(1.035756136235,0.473886284928));
#1890 = CARTESIAN_POINT('',(1.034237639855,0.470955512953));
#1891 = CARTESIAN_POINT('',(1.031110835107,0.465243981803));
#1892 = CARTESIAN_POINT('',(1.029507296464,0.462464445412));
#1893 = CARTESIAN_POINT('',(1.027835226088,0.45972899023));
#1894 = CARTESIAN_POINT('',(1.026083917246,0.457044996859));
#1895 = CARTESIAN_POINT('',(1.024241618786,0.454423860132));
#1896 = CARTESIAN_POINT('',(1.02229159603,0.451884342865));
#1897 = CARTESIAN_POINT('',(1.020214149713,0.449450785339));
#1898 = CARTESIAN_POINT('',(1.016970824909,0.446153380934));
#1899 = CARTESIAN_POINT('',(1.0159411586,0.445169915116));
#1900 = CARTESIAN_POINT('',(1.014875461302,0.444220725485));
#1901 = CARTESIAN_POINT('',(1.013769941432,0.443310874625));
#1902 = CARTESIAN_POINT('',(1.012620766366,0.442447307613));
#1903 = CARTESIAN_POINT('',(1.011423822422,0.441639153537));
#1904 = CARTESIAN_POINT('',(1.010174474856,0.440898027005));
#1905 = CARTESIAN_POINT('',(1.007876239313,0.439738142256));
#1906 = CARTESIAN_POINT('',(1.006852473805,0.439285252714));
#1907 = CARTESIAN_POINT('',(1.005794070477,0.438885619073));
#1908 = CARTESIAN_POINT('',(1.004699925554,0.438547568858));
#1909 = CARTESIAN_POINT('',(1.00357025926,0.438280686263));
#1910 = CARTESIAN_POINT('',(1.002407082752,0.438094699343));
#1911 = CARTESIAN_POINT('',(1.001214665056,0.437998367206));
#1912 = CARTESIAN_POINT('',(1.,0.437998367206));
#1913 = ( GEOMETRIC_REPRESENTATION_CONTEXT(2) 
PARAMETRIC_REPRESENTATION_CONTEXT() REPRESENTATION_CONTEXT('2D SPACE',''
  ) );
#1914 = PCURVE('',#1915,#1920);
#1915 = PLANE('',#1916);
#1916 = AXIS2_PLACEMENT_3D('',#1917,#1918,#1919);
#1917 = CARTESIAN_POINT('',(23.35,-23.,-76.));
#1918 = DIRECTION('',(1.,0.,0.));
#1919 = DIRECTION('',(0.,0.,1.));
#1920 = DEFINITIONAL_REPRESENTATION('',(#1921),#1959);
#1921 = B_SPLINE_CURVE_WITH_KNOTS('',8,(#1922,#1923,#1924,#1925,#1926,
    #1927,#1928,#1929,#1930,#1931,#1932,#1933,#1934,#1935,#1936,#1937,
    #1938,#1939,#1940,#1941,#1942,#1943,#1944,#1945,#1946,#1947,#1948,
    #1949,#1950,#1951,#1952,#1953,#1954,#1955,#1956,#1957,#1958),
  .UNSPECIFIED.,.F.,.F.,(9,7,7,7,7,9),(0.,0.252770292022,0.525690488316,
    0.791997415129,0.910301197669,1.),.UNSPECIFIED.);
#1922 = CARTESIAN_POINT('',(32.139519355861,-18.));
#1923 = CARTESIAN_POINT('',(31.834524571724,-17.8223313456));
#1924 = CARTESIAN_POINT('',(31.530465462979,-17.64306165311));
#1925 = CARTESIAN_POINT('',(31.227407687655,-17.46209417048));
#1926 = CARTESIAN_POINT('',(30.925429561922,-17.27932060295));
#1927 = CARTESIAN_POINT('',(30.624623147305,-17.09461931162));
#1928 = CARTESIAN_POINT('',(30.325096877276,-16.90785102606));
#1929 = CARTESIAN_POINT('',(30.026979723193,-16.71885207118));
#1930 = CARTESIAN_POINT('',(29.410233991758,-16.32073830195));
#1931 = CARTESIAN_POINT('',(29.091888000989,-16.11123602061));
#1932 = CARTESIAN_POINT('',(28.775564116249,-15.8986563539));
#1933 = CARTESIAN_POINT('',(28.461495461893,-15.68270673688));
#1934 = CARTESIAN_POINT('',(28.149988026176,-15.46304341004));
#1935 = CARTESIAN_POINT('',(27.841430791764,-15.23925700597));
#1936 = CARTESIAN_POINT('',(27.536324312187,-15.01083211733));
#1937 = CARTESIAN_POINT('',(26.941670683592,-14.54893021207));
#1938 = CARTESIAN_POINT('',(26.652252262005,-14.31596181453));
#1939 = CARTESIAN_POINT('',(26.367396260471,-14.07725647647));
#1940 = CARTESIAN_POINT('',(26.087872465228,-13.83188461737));
#1941 = CARTESIAN_POINT('',(25.814869106977,-13.57890720071));
#1942 = CARTESIAN_POINT('',(25.550342672201,-13.31704385381));
#1943 = CARTESIAN_POINT('',(25.296831623585,-13.04484090659));
#1944 = CARTESIAN_POINT('',(24.953305003404,-12.6321971137));
#1945 = CARTESIAN_POINT('',(24.850842844323,-12.50275003585));
#1946 = CARTESIAN_POINT('',(24.751948210018,-12.37045118632));
#1947 = CARTESIAN_POINT('',(24.65714898848,-12.23502744044));
#1948 = CARTESIAN_POINT('',(24.567169291366,-12.09624464259));
#1949 = CARTESIAN_POINT('',(24.482960892789,-11.95388842722));
#1950 = CARTESIAN_POINT('',(24.405734668115,-11.80774503989));
#1951 = CARTESIAN_POINT('',(24.284870858539,-11.54372755147));
#1952 = CARTESIAN_POINT('',(24.23767736217,-11.42763001285));
#1953 = CARTESIAN_POINT('',(24.196032668071,-11.3092214788));
#1954 = CARTESIAN_POINT('',(24.160804884631,-11.18857444067));
#1955 = CARTESIAN_POINT('',(24.132993086426,-11.0659238776));
#1956 = CARTESIAN_POINT('',(24.11361129643,-10.94168918942));
#1957 = CARTESIAN_POINT('',(24.103572468227,-10.81649612943));
#1958 = CARTESIAN_POINT('',(24.103572468227,-10.69119873734));
#1959 = ( GEOMETRIC_REPRESENTATION_CONTEXT(2) 
PARAMETRIC_REPRESENTATION_CONTEXT() REPRESENTATION_CONTEXT('2D SPACE',''
  ) );
#1960 = ORIENTED_EDGE('',*,*,#1961,.T.);
#1961 = EDGE_CURVE('',#1832,#1962,#1964,.T.);
#1962 = VERTEX_POINT('',#1963);
#1963 = CARTESIAN_POINT('',(23.35,-16.93438282424,-22.));
#1964 = SURFACE_CURVE('',#1965,(#2017,#2072),.PCURVE_S1.);
#1965 = B_SPLINE_CURVE_WITH_KNOTS('',8,(#1966,#1967,#1968,#1969,#1970,
    #1971,#1972,#1973,#1974,#1975,#1976,#1977,#1978,#1979,#1980,#1981,
    #1982,#1983,#1984,#1985,#1986,#1987,#1988,#1989,#1990,#1991,#1992,
    #1993,#1994,#1995,#1996,#1997,#1998,#1999,#2000,#2001,#2002,#2003,
    #2004,#2005,#2006,#2007,#2008,#2009,#2010,#2011,#2012,#2013,#2014,
    #2015,#2016),.UNSPECIFIED.,.F.,.F.,(9,7,7,7,7,7,7,9),(0.,
    4.406030080111E-02,8.836556571844E-02,0.167252207987,0.242249455726,
    0.445840448131,0.64754824131,1.),.UNSPECIFIED.);
#1966 = CARTESIAN_POINT('',(23.35,-12.30880126265,-51.89642753177));
#1967 = CARTESIAN_POINT('',(23.35,-12.44125509845,-51.89642753177));
#1968 = CARTESIAN_POINT('',(23.35,-12.57899798803,-51.88522748037));
#1969 = CARTESIAN_POINT('',(23.35,-12.72081979486,-51.86053982128));
#1970 = CARTESIAN_POINT('',(23.35,-12.86484093705,-51.82024020037));
#1971 = CARTESIAN_POINT('',(23.35,-13.00874339447,-51.76300039171));
#1972 = CARTESIAN_POINT('',(23.35,-13.15001076714,-51.68901058981));
#1973 = CARTESIAN_POINT('',(23.35,-13.28608273263,-51.60050319221));
#1974 = CARTESIAN_POINT('',(23.35,-13.54328878514,-51.40252838128));
#1975 = CARTESIAN_POINT('',(23.35,-13.67308577856,-51.2862134976));
#1976 = CARTESIAN_POINT('',(23.35,-13.80146190289,-51.15300911806));
#1977 = CARTESIAN_POINT('',(23.35,-13.92591077672,-51.0046915249));
#1978 = CARTESIAN_POINT('',(23.35,-14.04407794847,-50.84501909372));
#1979 = CARTESIAN_POINT('',(23.35,-14.15381125067,-50.67978724217));
#1980 = CARTESIAN_POINT('',(23.35,-14.25298541104,-50.51669805379));
#1981 = CARTESIAN_POINT('',(23.35,-14.49277622677,-50.09538072879));
#1982 = CARTESIAN_POINT('',(23.35,-14.63095973699,-49.81719866313));
#1983 = CARTESIAN_POINT('',(23.35,-14.75733050807,-49.53322614263));
#1984 = CARTESIAN_POINT('',(23.35,-14.87381259563,-49.24507390892));
#1985 = CARTESIAN_POINT('',(23.35,-14.98197497564,-48.95391918754));
#1986 = CARTESIAN_POINT('',(23.35,-15.0829541401,-48.66046206092));
#1987 = CARTESIAN_POINT('',(23.35,-15.17772921473,-48.36505616886));
#1988 = CARTESIAN_POINT('',(23.35,-15.35208727503,-47.7849969435));
#1989 = CARTESIAN_POINT('',(23.35,-15.43210250451,-47.5008231845));
#1990 = CARTESIAN_POINT('',(23.35,-15.50779213536,-47.2154461261));
#1991 = CARTESIAN_POINT('',(23.35,-15.57963571495,-46.92907501971));
#1992 = CARTESIAN_POINT('',(23.35,-15.64801166751,-46.64187106942));
#1993 = CARTESIAN_POINT('',(23.35,-15.71323395052,-46.35395682881));
#1994 = CARTESIAN_POINT('',(23.35,-15.77557127444,-46.06542098704));
#1995 = CARTESIAN_POINT('',(23.35,-15.99725248506,-44.99150770133));
#1996 = CARTESIAN_POINT('',(23.35,-16.13960849718,-44.20277450053));
#1997 = CARTESIAN_POINT('',(23.35,-16.26685490942,-43.41134350391));
#1998 = CARTESIAN_POINT('',(23.35,-16.38125461687,-42.61795950022));
#1999 = CARTESIAN_POINT('',(23.35,-16.48453024465,-41.8231577825));
#2000 = CARTESIAN_POINT('',(23.35,-16.57779413123,-41.02724881588));
#2001 = CARTESIAN_POINT('',(23.35,-16.66192367148,-40.23038247106));
#2002 = CARTESIAN_POINT('',(23.35,-16.81248800052,-38.64208408205));
#2003 = CARTESIAN_POINT('',(23.35,-16.87906392095,-37.85084068789));
#2004 = CARTESIAN_POINT('',(23.35,-16.93789869655,-37.05895895702));
#2005 = CARTESIAN_POINT('',(23.35,-16.98940009898,-36.26655897604));
#2006 = CARTESIAN_POINT('',(23.35,-17.03385788963,-35.47374111069));
#2007 = CARTESIAN_POINT('',(23.35,-17.07148598162,-34.68058876825));
#2008 = CARTESIAN_POINT('',(23.35,-17.10244215805,-33.88716968033));
#2009 = CARTESIAN_POINT('',(23.35,-17.16949948126,-31.70679354561));
#2010 = CARTESIAN_POINT('',(23.35,-17.19215569098,-30.31941888684));
#2011 = CARTESIAN_POINT('',(23.35,-17.1954734614,-28.9317729865));
#2012 = CARTESIAN_POINT('',(23.35,-17.17978723178,-27.54418749339));
#2013 = CARTESIAN_POINT('',(23.35,-17.14537990926,-26.15696402968));
#2014 = CARTESIAN_POINT('',(23.35,-17.09261793164,-24.77037249981));
#2015 = CARTESIAN_POINT('',(23.35,-17.02202701723,-23.38464994788));
#2016 = CARTESIAN_POINT('',(23.35,-16.93438282424,-22.));
#2017 = PCURVE('',#1318,#2018);
#2018 = DEFINITIONAL_REPRESENTATION('',(#2019),#2071);
#2019 = B_SPLINE_CURVE_WITH_KNOTS('',8,(#2020,#2021,#2022,#2023,#2024,
    #2025,#2026,#2027,#2028,#2029,#2030,#2031,#2032,#2033,#2034,#2035,
    #2036,#2037,#2038,#2039,#2040,#2041,#2042,#2043,#2044,#2045,#2046,
    #2047,#2048,#2049,#2050,#2051,#2052,#2053,#2054,#2055,#2056,#2057,
    #2058,#2059,#2060,#2061,#2062,#2063,#2064,#2065,#2066,#2067,#2068,
    #2069,#2070),.UNSPECIFIED.,.F.,.F.,(9,7,7,7,7,7,7,9),(0.,
    4.406030080111E-02,8.836556571844E-02,0.167252207987,0.242249455726,
    0.445840448131,0.64754824131,1.),.UNSPECIFIED.);
#2020 = CARTESIAN_POINT('',(1.,0.437998367206));
#2021 = CARTESIAN_POINT('',(0.998715958544,0.437998367206));
#2022 = CARTESIAN_POINT('',(0.997356948262,0.438105842424));
#2023 = CARTESIAN_POINT('',(0.99593007617,0.438342744296));
#2024 = CARTESIAN_POINT('',(0.994449385196,0.438729459709));
#2025 = CARTESIAN_POINT('',(0.992935005602,0.439278740665));
#2026 = CARTESIAN_POINT('',(0.991412250461,0.439988774909));
#2027 = CARTESIAN_POINT('',(0.989911019253,0.440838156258));
#2028 = CARTESIAN_POINT('',(0.987012693369,0.442738137558));
#2029 = CARTESIAN_POINT('',(0.985517626297,0.443854453625));
#2030 = CARTESIAN_POINT('',(0.984003420019,0.445132911328));
#2031 = CARTESIAN_POINT('',(0.982498545048,0.44655648655));
#2032 = CARTESIAN_POINT('',(0.981033928936,0.448089134191));
#2033 = CARTESIAN_POINT('',(0.979642272095,0.44967524461));
#2034 = CARTESIAN_POINT('',(0.978359246834,0.451240879442));
#2035 = CARTESIAN_POINT('',(0.975207895038,0.4552856628));
#2036 = CARTESIAN_POINT('',(0.97332741427,0.457956537154));
#2037 = CARTESIAN_POINT('',(0.971555221998,0.46068326247));
#2038 = CARTESIAN_POINT('',(0.969875788354,0.463450387595));
#2039 = CARTESIAN_POINT('',(0.968276108351,0.466246616535));
#2040 = CARTESIAN_POINT('',(0.966746401155,0.46906522989));
#2041 = CARTESIAN_POINT('',(0.965277751715,0.471902833326));
#2042 = CARTESIAN_POINT('',(0.962516472088,0.477475285775));
#2043 = CARTESIAN_POINT('',(0.961220109677,0.480205501598));
#2044 = CARTESIAN_POINT('',(0.959967404961,0.482947523158));
#2045 = CARTESIAN_POINT('',(0.958754012922,0.485699339401));
#2046 = CARTESIAN_POINT('',(0.957576473285,0.488459399432));
#2047 = CARTESIAN_POINT('',(0.956431875895,0.491226522597));
#2048 = CARTESIAN_POINT('',(0.955317685915,0.493999852777));
#2049 = CARTESIAN_POINT('',(0.95128373971,0.504322869835));
#2050 = CARTESIAN_POINT('',(0.948544711123,0.511906262897));
#2051 = CARTESIAN_POINT('',(0.945971024977,0.519517175574));
#2052 = CARTESIAN_POINT('',(0.943540176377,0.527148316749));
#2053 = CARTESIAN_POINT('',(0.941234448748,0.534794378177));
#2054 = CARTESIAN_POINT('',(0.939041607311,0.5424521875));
#2055 = CARTESIAN_POINT('',(0.936951408281,0.55012009647));
#2056 = CARTESIAN_POINT('',(0.932978397646,0.565404940806));
#2057 = CARTESIAN_POINT('',(0.93109426552,0.57302004854));
#2058 = CARTESIAN_POINT('',(0.929295605367,0.580641729281));
#2059 = CARTESIAN_POINT('',(0.927576700304,0.588268589666));
#2060 = CARTESIAN_POINT('',(0.925932947057,0.595899410437));
#2061 = CARTESIAN_POINT('',(0.92436047543,0.60353312261));
#2062 = CARTESIAN_POINT('',(0.922855985693,0.611168797776));
#2063 = CARTESIAN_POINT('',(0.918901401329,0.632149774237));
#2064 = CARTESIAN_POINT('',(0.916584934249,0.645497270331));
#2065 = CARTESIAN_POINT('',(0.914451775062,0.658843147209));
#2066 = CARTESIAN_POINT('',(0.912490305789,0.672182624542));
#2067 = CARTESIAN_POINT('',(0.91069051473,0.685511183363));
#2068 = CARTESIAN_POINT('',(0.909043148079,0.698824626786));
#2069 = CARTESIAN_POINT('',(0.907539402596,0.712119132199));
#2070 = CARTESIAN_POINT('',(0.906170387508,0.725391291022));
#2071 = ( GEOMETRIC_REPRESENTATION_CONTEXT(2) 
PARAMETRIC_REPRESENTATION_CONTEXT() REPRESENTATION_CONTEXT('2D SPACE',''
  ) );
#2072 = PCURVE('',#1915,#2073);
#2073 = DEFINITIONAL_REPRESENTATION('',(#2074),#2126);
#2074 = B_SPLINE_CURVE_WITH_KNOTS('',8,(#2075,#2076,#2077,#2078,#2079,
    #2080,#2081,#2082,#2083,#2084,#2085,#2086,#2087,#2088,#2089,#2090,
    #2091,#2092,#2093,#2094,#2095,#2096,#2097,#2098,#2099,#2100,#2101,
    #2102,#2103,#2104,#2105,#2106,#2107,#2108,#2109,#2110,#2111,#2112,
    #2113,#2114,#2115,#2116,#2117,#2118,#2119,#2120,#2121,#2122,#2123,
    #2124,#2125),.UNSPECIFIED.,.F.,.F.,(9,7,7,7,7,7,7,9),(0.,
    4.406030080111E-02,8.836556571844E-02,0.167252207987,0.242249455726,
    0.445840448131,0.64754824131,1.),.UNSPECIFIED.);
#2075 = CARTESIAN_POINT('',(24.103572468226,-10.69119873734));
#2076 = CARTESIAN_POINT('',(24.103572468226,-10.55874490155));
#2077 = CARTESIAN_POINT('',(24.114772519621,-10.42100201196));
#2078 = CARTESIAN_POINT('',(24.139460178716,-10.27918020513));
#2079 = CARTESIAN_POINT('',(24.179759799629,-10.13515906294));
#2080 = CARTESIAN_POINT('',(24.236999608289,-9.991256605529));
#2081 = CARTESIAN_POINT('',(24.310989410182,-9.849989232854));
#2082 = CARTESIAN_POINT('',(24.399496807788,-9.713917267367));
#2083 = CARTESIAN_POINT('',(24.59747161872,-9.456711214858));
#2084 = CARTESIAN_POINT('',(24.713786502398,-9.326914221432));
#2085 = CARTESIAN_POINT('',(24.846990881939,-9.198538097105));
#2086 = CARTESIAN_POINT('',(24.995308475099,-9.074089223273));
#2087 = CARTESIAN_POINT('',(25.154980906275,-8.955922051526));
#2088 = CARTESIAN_POINT('',(25.320212757822,-8.846188749321));
#2089 = CARTESIAN_POINT('',(25.483301946208,-8.747014588954));
#2090 = CARTESIAN_POINT('',(25.904619271206,-8.507223773224));
#2091 = CARTESIAN_POINT('',(26.182801336864,-8.369040263002));
#2092 = CARTESIAN_POINT('',(26.466773857361,-8.242669491928));
#2093 = CARTESIAN_POINT('',(26.754926091074,-8.126187404367));
#2094 = CARTESIAN_POINT('',(27.04608081246,-8.018025024354));
#2095 = CARTESIAN_POINT('',(27.339537939077,-7.917045859891));
#2096 = CARTESIAN_POINT('',(27.634943831133,-7.822270785266));
#2097 = CARTESIAN_POINT('',(28.215003056491,-7.647912724967));
#2098 = CARTESIAN_POINT('',(28.499176815492,-7.567897495483));
#2099 = CARTESIAN_POINT('',(28.784553873895,-7.492207864639));
#2100 = CARTESIAN_POINT('',(29.070924980287,-7.420364285042));
#2101 = CARTESIAN_POINT('',(29.358128930574,-7.351988332483));
#2102 = CARTESIAN_POINT('',(29.646043171186,-7.286766049473));
#2103 = CARTESIAN_POINT('',(29.934579012955,-7.224428725554));
#2104 = CARTESIAN_POINT('',(31.008492298668,-7.002747514932));
#2105 = CARTESIAN_POINT('',(31.797225499462,-6.860391502814));
#2106 = CARTESIAN_POINT('',(32.588656496083,-6.733145090573));
#2107 = CARTESIAN_POINT('',(33.382040499775,-6.618745383124));
#2108 = CARTESIAN_POINT('',(34.176842217499,-6.515469755344));
#2109 = CARTESIAN_POINT('',(34.972751184111,-6.422205868769));
#2110 = CARTESIAN_POINT('',(35.769617528939,-6.338076328516));
#2111 = CARTESIAN_POINT('',(37.357915917948,-6.187511999479));
#2112 = CARTESIAN_POINT('',(38.149159312102,-6.120936079044));
#2113 = CARTESIAN_POINT('',(38.941041042978,-6.062101303447));
#2114 = CARTESIAN_POINT('',(39.733441023957,-6.010599901019));
#2115 = CARTESIAN_POINT('',(40.52625888931,-5.96614211037));
#2116 = CARTESIAN_POINT('',(41.319411231741,-5.928514018375));
#2117 = CARTESIAN_POINT('',(42.112830319668,-5.897557841945));
#2118 = CARTESIAN_POINT('',(44.293206454387,-5.830500518737));
#2119 = CARTESIAN_POINT('',(45.680581113156,-5.807844309017));
#2120 = CARTESIAN_POINT('',(47.068227013493,-5.804526538591));
#2121 = CARTESIAN_POINT('',(48.455812506607,-5.820212768217));
#2122 = CARTESIAN_POINT('',(49.843035970315,-5.854620090732));
#2123 = CARTESIAN_POINT('',(51.229627500189,-5.907382068358));
#2124 = CARTESIAN_POINT('',(52.615350052112,-5.977972982767));
#2125 = CARTESIAN_POINT('',(54.,-6.065617175755));
#2126 = ( GEOMETRIC_REPRESENTATION_CONTEXT(2) 
PARAMETRIC_REPRESENTATION_CONTEXT() REPRESENTATION_CONTEXT('2D SPACE',''
  ) );
#2127 = ORIENTED_EDGE('',*,*,#2128,.T.);
#2128 = EDGE_CURVE('',#1962,#1472,#2129,.T.);
#2129 = SURFACE_CURVE('',#2130,(#2139,#2151),.PCURVE_S1.);
#2130 = B_SPLINE_CURVE_WITH_KNOTS('',7,(#2131,#2132,#2133,#2134,#2135,
    #2136,#2137,#2138),.UNSPECIFIED.,.F.,.F.,(8,8),(0.,1.),
  .PIECEWISE_BEZIER_KNOTS.);
#2131 = CARTESIAN_POINT('',(23.35,-16.93438282424,-22.));
#2132 = CARTESIAN_POINT('',(22.280994496994,-18.07146669806,-22.));
#2133 = CARTESIAN_POINT('',(21.114794622059,-19.11546224074,-22.));
#2134 = CARTESIAN_POINT('',(19.869479120587,-20.06725502164,-22.));
#2135 = CARTESIAN_POINT('',(18.560349010712,-20.92863925067,-22.));
#2136 = CARTESIAN_POINT('',(17.200039921078,-21.70239528747,-22.));
#2137 = CARTESIAN_POINT('',(15.798188309022,-22.39179786649,-22.));
#2138 = CARTESIAN_POINT('',(14.361062403536,-23.,-22.));
#2139 = PCURVE('',#1318,#2140);
#2140 = DEFINITIONAL_REPRESENTATION('',(#2141),#2150);
#2141 = B_SPLINE_CURVE_WITH_KNOTS('',7,(#2142,#2143,#2144,#2145,#2146,
    #2147,#2148,#2149),.UNSPECIFIED.,.F.,.F.,(8,8),(0.,1.),
  .PIECEWISE_BEZIER_KNOTS.);
#2142 = CARTESIAN_POINT('',(0.906170387508,0.725391291022));
#2143 = CARTESIAN_POINT('',(0.895277314485,0.725391291022));
#2144 = CARTESIAN_POINT('',(0.88469419155,0.725391291022));
#2145 = CARTESIAN_POINT('',(0.874388776963,0.725391291022));
#2146 = CARTESIAN_POINT('',(0.864335307832,0.725391291022));
#2147 = CARTESIAN_POINT('',(0.854507192557,0.725391291022));
#2148 = CARTESIAN_POINT('',(0.84487501146,0.725391291022));
#2149 = CARTESIAN_POINT('',(0.835401604985,0.725391291022));
#2150 = ( GEOMETRIC_REPRESENTATION_CONTEXT(2) 
PARAMETRIC_REPRESENTATION_CONTEXT() REPRESENTATION_CONTEXT('2D SPACE',''
  ) );
#2151 = PCURVE('',#1230,#2152);
#2152 = DEFINITIONAL_REPRESENTATION('',(#2153),#2162);
#2153 = B_SPLINE_CURVE_WITH_KNOTS('',7,(#2154,#2155,#2156,#2157,#2158,
    #2159,#2160,#2161),.UNSPECIFIED.,.F.,.F.,(8,8),(0.,1.),
  .PIECEWISE_BEZIER_KNOTS.);
#2154 = CARTESIAN_POINT('',(12.7,6.065617175755));
#2155 = CARTESIAN_POINT('',(11.630994496994,4.928533301939));
#2156 = CARTESIAN_POINT('',(10.464794622059,3.884537759251));
#2157 = CARTESIAN_POINT('',(9.219479120587,2.932744978356));
#2158 = CARTESIAN_POINT('',(7.910349010712,2.071360749324));
#2159 = CARTESIAN_POINT('',(6.550039921078,1.297604712527));
#2160 = CARTESIAN_POINT('',(5.148188309022,0.608202133504));
#2161 = CARTESIAN_POINT('',(3.711062403536,0.));
#2162 = ( GEOMETRIC_REPRESENTATION_CONTEXT(2) 
PARAMETRIC_REPRESENTATION_CONTEXT() REPRESENTATION_CONTEXT('2D SPACE',''
  ) );
#2163 = ORIENTED_EDGE('',*,*,#1494,.T.);
#2164 = ORIENTED_EDGE('',*,*,#1715,.T.);
#2165 = ORIENTED_EDGE('',*,*,#1298,.T.);
#2166 = ORIENTED_EDGE('',*,*,#2167,.T.);
#2167 = EDGE_CURVE('',#1299,#1830,#2168,.T.);
#2168 = SURFACE_CURVE('',#2169,(#2200,#2234),.PCURVE_S1.);
#2169 = B_SPLINE_CURVE_WITH_KNOTS('',8,(#2170,#2171,#2172,#2173,#2174,
    #2175,#2176,#2177,#2178,#2179,#2180,#2181,#2182,#2183,#2184,#2185,
    #2186,#2187,#2188,#2189,#2190,#2191,#2192,#2193,#2194,#2195,#2196,
    #2197,#2198,#2199),.UNSPECIFIED.,.F.,.F.,(9,7,7,7,9),(0.,
    0.343115954591,0.800829727192,0.88991753415,1.),.UNSPECIFIED.);
#2170 = CARTESIAN_POINT('',(10.65,-5.,-74.13103516518));
#2171 = CARTESIAN_POINT('',(11.542584672074,-5.,-73.03165837101));
#2172 = CARTESIAN_POINT('',(12.364297447313,-5.,-71.87691691065));
#2173 = CARTESIAN_POINT('',(13.126010606902,-5.,-70.68050511599));
#2174 = CARTESIAN_POINT('',(13.8360387849,-5.,-69.45273202076));
#2175 = CARTESIAN_POINT('',(14.501931420208,-5.,-68.20163528456));
#2176 = CARTESIAN_POINT('',(15.130183041551,-5.,-66.93279318964));
#2177 = CARTESIAN_POINT('',(15.726634973147,-5.,-65.6495855656));
#2178 = CARTESIAN_POINT('',(17.056738235992,-5.,-62.62383293573));
#2179 = CARTESIAN_POINT('',(17.768470818496,-5.,-60.87376836847));
#2180 = CARTESIAN_POINT('',(18.443171541331,-5.,-59.10877650154));
#2181 = CARTESIAN_POINT('',(19.088578647889,-5.,-57.33285163225));
#2182 = CARTESIAN_POINT('',(19.710221706975,-5.,-55.54877167493));
#2183 = CARTESIAN_POINT('',(20.311761549932,-5.,-53.75821735052));
#2184 = CARTESIAN_POINT('',(20.895505232493,-5.,-51.96196376569));
#2185 = CARTESIAN_POINT('',(21.573022464491,-5.,-49.80922634947));
#2186 = CARTESIAN_POINT('',(21.682772312912,-5.,-49.45829120847));
#2187 = CARTESIAN_POINT('',(21.791894723497,-5.,-49.10716005825));
#2188 = CARTESIAN_POINT('',(21.90039553384,-5.,-48.75583614299));
#2189 = CARTESIAN_POINT('',(22.008279012593,-5.,-48.40432219119));
#2190 = CARTESIAN_POINT('',(22.115547859477,-5.,-48.05262041566));
#2191 = CARTESIAN_POINT('',(22.222203205269,-5.,-47.7007325135));
#2192 = CARTESIAN_POINT('',(22.459276005598,-5.,-46.9136164372));
#2193 = CARTESIAN_POINT('',(22.589370090217,-5.,-46.47829097491));
#2194 = CARTESIAN_POINT('',(22.718526339802,-5.,-46.0426855851));
#2195 = CARTESIAN_POINT('',(22.846740897258,-5.,-45.60680167128));
#2196 = CARTESIAN_POINT('',(22.974006780143,-5.,-45.17063979494));
#2197 = CARTESIAN_POINT('',(23.100314086534,-5.,-44.734199736));
#2198 = CARTESIAN_POINT('',(23.225650200906,-5.,-44.29748055313));
#2199 = CARTESIAN_POINT('',(23.35,-5.,-43.86048064413));
#2200 = PCURVE('',#1318,#2201);
#2201 = DEFINITIONAL_REPRESENTATION('',(#2202),#2233);
#2202 = B_SPLINE_CURVE_WITH_KNOTS('',8,(#2203,#2204,#2205,#2206,#2207,
    #2208,#2209,#2210,#2211,#2212,#2213,#2214,#2215,#2216,#2217,#2218,
    #2219,#2220,#2221,#2222,#2223,#2224,#2225,#2226,#2227,#2228,#2229,
    #2230,#2231,#2232),.UNSPECIFIED.,.F.,.F.,(9,7,7,7,9),(0.,
    0.343115954591,0.800829727192,0.88991753415,1.),.UNSPECIFIED.);
#2203 = CARTESIAN_POINT('',(1.164561193049,0.224931958514));
#2204 = CARTESIAN_POINT('',(1.157029962587,0.235494322873));
#2205 = CARTESIAN_POINT('',(1.149983657126,0.246577897121));
#2206 = CARTESIAN_POINT('',(1.143350243898,0.258051390523));
#2207 = CARTESIAN_POINT('',(1.137081439729,0.269817320016));
#2208 = CARTESIAN_POINT('',(1.131136038826,0.281800622152));
#2209 = CARTESIAN_POINT('',(1.125479120697,0.293949870141));
#2210 = CARTESIAN_POINT('',(1.120078103434,0.306234567145));
#2211 = CARTESIAN_POINT('',(1.107997728729,0.335200451867));
#2212 = CARTESIAN_POINT('',(1.101504874291,0.351953313482));
#2213 = CARTESIAN_POINT('',(1.095359675636,0.368852342617));
#2214 = CARTESIAN_POINT('',(1.089520117983,0.385862651415));
#2215 = CARTESIAN_POINT('',(1.083952355918,0.402960005439));
#2216 = CARTESIAN_POINT('',(1.078628106076,0.420129709356));
#2217 = CARTESIAN_POINT('',(1.073521772316,0.437364870284));
#2218 = CARTESIAN_POINT('',(1.067653716597,0.458033101577));
#2219 = CARTESIAN_POINT('',(1.066705072473,0.461402795047));
#2220 = CARTESIAN_POINT('',(1.0657636754,0.464774766403));
#2221 = CARTESIAN_POINT('',(1.064829365178,0.468148981529));
#2222 = CARTESIAN_POINT('',(1.063901984917,0.471525410156));
#2223 = CARTESIAN_POINT('',(1.06298138104,0.474904025865));
#2224 = CARTESIAN_POINT('',(1.062067403283,0.478284806085));
#2225 = CARTESIAN_POINT('',(1.060038542678,0.485847887045));
#2226 = CARTESIAN_POINT('',(1.058927073309,0.490031316896));
#2227 = CARTESIAN_POINT('',(1.057825218405,0.494217985692));
#2228 = CARTESIAN_POINT('',(1.056732706645,0.49840786369));
#2229 = CARTESIAN_POINT('',(1.055649273166,0.502600926861));
#2230 = CARTESIAN_POINT('',(1.054574659161,0.506797156388));
#2231 = CARTESIAN_POINT('',(1.05350861148,0.510996538166));
#2232 = CARTESIAN_POINT('',(1.052450882225,0.515199062294));
#2233 = ( GEOMETRIC_REPRESENTATION_CONTEXT(2) 
PARAMETRIC_REPRESENTATION_CONTEXT() REPRESENTATION_CONTEXT('2D SPACE',''
  ) );
#2234 = PCURVE('',#1432,#2235);
#2235 = DEFINITIONAL_REPRESENTATION('',(#2236),#2267);
#2236 = B_SPLINE_CURVE_WITH_KNOTS('',8,(#2237,#2238,#2239,#2240,#2241,
    #2242,#2243,#2244,#2245,#2246,#2247,#2248,#2249,#2250,#2251,#2252,
    #2253,#2254,#2255,#2256,#2257,#2258,#2259,#2260,#2261,#2262,#2263,
    #2264,#2265,#2266),.UNSPECIFIED.,.F.,.F.,(9,7,7,7,9),(0.,
    0.343115954591,0.800829727192,0.88991753415,1.),.UNSPECIFIED.);
#2237 = CARTESIAN_POINT('',(1.868964834811,0.));
#2238 = CARTESIAN_POINT('',(2.968341628983,0.892584672074));
#2239 = CARTESIAN_POINT('',(4.123083089348,1.714297447313));
#2240 = CARTESIAN_POINT('',(5.319494884008,2.476010606902));
#2241 = CARTESIAN_POINT('',(6.547267979231,3.1860387849));
#2242 = CARTESIAN_POINT('',(7.798364715438,3.851931420208));
#2243 = CARTESIAN_POINT('',(9.067206810355,4.480183041551));
#2244 = CARTESIAN_POINT('',(10.350414434398,5.076634973147));
#2245 = CARTESIAN_POINT('',(13.376167064269,6.406738235992));
#2246 = CARTESIAN_POINT('',(15.126231631529,7.118470818495));
#2247 = CARTESIAN_POINT('',(16.891223498453,7.793171541331));
#2248 = CARTESIAN_POINT('',(18.667148367749,8.438578647889));
#2249 = CARTESIAN_POINT('',(20.451228325063,9.060221706975));
#2250 = CARTESIAN_POINT('',(22.241782649477,9.661761549932));
#2251 = CARTESIAN_POINT('',(24.038036234304,10.245505232493));
#2252 = CARTESIAN_POINT('',(26.190773650521,10.923022464491));
#2253 = CARTESIAN_POINT('',(26.541708791523,11.032772312912));
#2254 = CARTESIAN_POINT('',(26.892839941746,11.141894723497));
#2255 = CARTESIAN_POINT('',(27.244163857003,11.25039553384));
#2256 = CARTESIAN_POINT('',(27.595677808801,11.358279012593));
#2257 = CARTESIAN_POINT('',(27.947379584337,11.465547859477));
#2258 = CARTESIAN_POINT('',(28.299267486499,11.572203205269));
#2259 = CARTESIAN_POINT('',(29.086383562794,11.809276005598));
#2260 = CARTESIAN_POINT('',(29.521709025086,11.939370090217));
#2261 = CARTESIAN_POINT('',(29.957314414891,12.068526339802));
#2262 = CARTESIAN_POINT('',(30.393198328718,12.196740897258));
#2263 = CARTESIAN_POINT('',(30.829360205053,12.324006780143));
#2264 = CARTESIAN_POINT('',(31.265800263994,12.450314086534));
#2265 = CARTESIAN_POINT('',(31.702519446868,12.575650200906));
#2266 = CARTESIAN_POINT('',(32.139519355861,12.7));
#2267 = ( GEOMETRIC_REPRESENTATION_CONTEXT(2) 
PARAMETRIC_REPRESENTATION_CONTEXT() REPRESENTATION_CONTEXT('2D SPACE',''
  ) );
#2268 = ADVANCED_FACE('',(#2269),#1915,.T.);
#2269 = FACE_BOUND('',#2270,.T.);
#2270 = EDGE_LOOP('',(#2271,#2294,#2295,#2296));
#2271 = ORIENTED_EDGE('',*,*,#2272,.F.);
#2272 = EDGE_CURVE('',#1962,#2273,#2275,.T.);
#2273 = VERTEX_POINT('',#2274);
#2274 = CARTESIAN_POINT('',(23.35,-5.,-22.));
#2275 = SURFACE_CURVE('',#2276,(#2280,#2287),.PCURVE_S1.);
#2276 = LINE('',#2277,#2278);
#2277 = CARTESIAN_POINT('',(23.35,-23.,-22.));
#2278 = VECTOR('',#2279,1.);
#2279 = DIRECTION('',(0.,1.,0.));
#2280 = PCURVE('',#1915,#2281);
#2281 = DEFINITIONAL_REPRESENTATION('',(#2282),#2286);
#2282 = LINE('',#2283,#2284);
#2283 = CARTESIAN_POINT('',(54.,0.));
#2284 = VECTOR('',#2285,1.);
#2285 = DIRECTION('',(0.,-1.));
#2286 = ( GEOMETRIC_REPRESENTATION_CONTEXT(2) 
PARAMETRIC_REPRESENTATION_CONTEXT() REPRESENTATION_CONTEXT('2D SPACE',''
  ) );
#2287 = PCURVE('',#1230,#2288);
#2288 = DEFINITIONAL_REPRESENTATION('',(#2289),#2293);
#2289 = LINE('',#2290,#2291);
#2290 = CARTESIAN_POINT('',(12.7,0.));
#2291 = VECTOR('',#2292,1.);
#2292 = DIRECTION('',(0.,1.));
#2293 = ( GEOMETRIC_REPRESENTATION_CONTEXT(2) 
PARAMETRIC_REPRESENTATION_CONTEXT() REPRESENTATION_CONTEXT('2D SPACE',''
  ) );
#2294 = ORIENTED_EDGE('',*,*,#1961,.F.);
#2295 = ORIENTED_EDGE('',*,*,#1829,.F.);
#2296 = ORIENTED_EDGE('',*,*,#2297,.T.);
#2297 = EDGE_CURVE('',#1830,#2273,#2298,.T.);
#2298 = SURFACE_CURVE('',#2299,(#2303,#2310),.PCURVE_S1.);
#2299 = LINE('',#2300,#2301);
#2300 = CARTESIAN_POINT('',(23.35,-5.,-76.));
#2301 = VECTOR('',#2302,1.);
#2302 = DIRECTION('',(0.,0.,1.));
#2303 = PCURVE('',#1915,#2304);
#2304 = DEFINITIONAL_REPRESENTATION('',(#2305),#2309);
#2305 = LINE('',#2306,#2307);
#2306 = CARTESIAN_POINT('',(0.,-18.));
#2307 = VECTOR('',#2308,1.);
#2308 = DIRECTION('',(1.,0.));
#2309 = ( GEOMETRIC_REPRESENTATION_CONTEXT(2) 
PARAMETRIC_REPRESENTATION_CONTEXT() REPRESENTATION_CONTEXT('2D SPACE',''
  ) );
#2310 = PCURVE('',#1432,#2311);
#2311 = DEFINITIONAL_REPRESENTATION('',(#2312),#2316);
#2312 = LINE('',#2313,#2314);
#2313 = CARTESIAN_POINT('',(0.,12.7));
#2314 = VECTOR('',#2315,1.);
#2315 = DIRECTION('',(1.,0.));
#2316 = ( GEOMETRIC_REPRESENTATION_CONTEXT(2) 
PARAMETRIC_REPRESENTATION_CONTEXT() REPRESENTATION_CONTEXT('2D SPACE',''
  ) );
#2317 = ADVANCED_FACE('',(#2318),#1432,.T.);
#2318 = FACE_BOUND('',#2319,.T.);
#2319 = EDGE_LOOP('',(#2320,#2321,#2322,#2323));
#2320 = ORIENTED_EDGE('',*,*,#2297,.F.);
#2321 = ORIENTED_EDGE('',*,*,#2167,.F.);
#2322 = ORIENTED_EDGE('',*,*,#1418,.T.);
#2323 = ORIENTED_EDGE('',*,*,#2324,.T.);
#2324 = EDGE_CURVE('',#1210,#2273,#2325,.T.);
#2325 = SURFACE_CURVE('',#2326,(#2330,#2337),.PCURVE_S1.);
#2326 = LINE('',#2327,#2328);
#2327 = CARTESIAN_POINT('',(10.65,-5.,-22.));
#2328 = VECTOR('',#2329,1.);
#2329 = DIRECTION('',(1.,0.,0.));
#2330 = PCURVE('',#1432,#2331);
#2331 = DEFINITIONAL_REPRESENTATION('',(#2332),#2336);
#2332 = LINE('',#2333,#2334);
#2333 = CARTESIAN_POINT('',(54.,0.));
#2334 = VECTOR('',#2335,1.);
#2335 = DIRECTION('',(0.,1.));
#2336 = ( GEOMETRIC_REPRESENTATION_CONTEXT(2) 
PARAMETRIC_REPRESENTATION_CONTEXT() REPRESENTATION_CONTEXT('2D SPACE',''
  ) );
#2337 = PCURVE('',#1230,#2338);
#2338 = DEFINITIONAL_REPRESENTATION('',(#2339),#2343);
#2339 = LINE('',#2340,#2341);
#2340 = CARTESIAN_POINT('',(0.,18.));
#2341 = VECTOR('',#2342,1.);
#2342 = DIRECTION('',(1.,0.));
#2343 = ( GEOMETRIC_REPRESENTATION_CONTEXT(2) 
PARAMETRIC_REPRESENTATION_CONTEXT() REPRESENTATION_CONTEXT('2D SPACE',''
  ) );
#2344 = ADVANCED_FACE('',(#2345),#1230,.T.);
#2345 = FACE_BOUND('',#2346,.T.);
#2346 = EDGE_LOOP('',(#2347,#2348,#2349,#2350,#2351));
#2347 = ORIENTED_EDGE('',*,*,#2324,.F.);
#2348 = ORIENTED_EDGE('',*,*,#1207,.F.);
#2349 = ORIENTED_EDGE('',*,*,#1471,.T.);
#2350 = ORIENTED_EDGE('',*,*,#2128,.F.);
#2351 = ORIENTED_EDGE('',*,*,#2272,.T.);
#2352 = ( GEOMETRIC_REPRESENTATION_CONTEXT(3) 
GLOBAL_UNCERTAINTY_ASSIGNED_CONTEXT((#2356)) 
GLOBAL_UNIT_ASSIGNED_CONTEXT((#2353,#2354,#2355)) REPRESENTATION_CONTEXT
('Context #1','3D Context with UNIT and UNCERTAINTY') );
#2353 = ( LENGTH_UNIT() NAMED_UNIT(*) SI_UNIT(.MILLI.,.METRE.) );
#2354 = ( NAMED_UNIT(*) PLANE_ANGLE_UNIT() SI_UNIT($,.RADIAN.) );
#2355 = ( NAMED_UNIT(*) SI_UNIT($,.STERADIAN.) SOLID_ANGLE_UNIT() );
#2356 = UNCERTAINTY_MEASURE_WITH_UNIT(LENGTH_MEASURE(2.E-06),#2353,
  'distance_accuracy_value','confusion accuracy');
#2357 = CONTEXT_DEPENDENT_SHAPE_REPRESENTATION(#2358,#2360);
#2358 = ( REPRESENTATION_RELATIONSHIP('','',#1200,#10) 
REPRESENTATION_RELATIONSHIP_WITH_TRANSFORMATION(#2359) 
SHAPE_REPRESENTATION_RELATIONSHIP() );
#2359 = ITEM_DEFINED_TRANSFORMATION('','',#11,#19);
#2360 = PRODUCT_DEFINITION_SHAPE('Placement','Placement of an item',
  #2361);
#2361 = NEXT_ASSEMBLY_USAGE_OCCURRENCE('2','','',#5,#1195,$);
#2362 = PRODUCT_RELATED_PRODUCT_CATEGORY('part',$,(#1197));
ENDSEC;
END-ISO-10303-21;
