ISO-10303-21;
HEADER;
FILE_DESCRIPTION(('Open CASCADE Model'),'2;1');
FILE_NAME('Open CASCADE Shape Model','2026-08-16T17:29:09',('Author'),(
    'Open CASCADE'),'Open CASCADE STEP processor 7.9','Open CASCADE 7.9'
  ,'Unknown');
FILE_SCHEMA(('AUTOMOTIVE_DESIGN { 1 0 10303 214 1 1 1 1 }'));
ENDSEC;
DATA;
#1 = APPLICATION_PROTOCOL_DEFINITION('international standard',
  'automotive_design',2000,#2);
#2 = APPLICATION_CONTEXT(
  'core data for automotive mechanical design processes');
#3 = SHAPE_DEFINITION_REPRESENTATION(#4,#10);
#4 = PRODUCT_DEFINITION_SHAPE('','',#5);
#5 = PRODUCT_DEFINITION('design','',#6,#9);
#6 = PRODUCT_DEFINITION_FORMATION('','',#7);
#7 = PRODUCT('Open CASCADE STEP translator 7.9 2',
  'Open CASCADE STEP translator 7.9 2','',(#8));
#8 = PRODUCT_CONTEXT('',#2,'mechanical');
#9 = PRODUCT_DEFINITION_CONTEXT('part definition',#2,'design');
#10 = ADVANCED_BREP_SHAPE_REPRESENTATION('',(#11,#15),#7772);
#11 = AXIS2_PLACEMENT_3D('',#12,#13,#14);
#12 = CARTESIAN_POINT('',(0.,0.,0.));
#13 = DIRECTION('',(0.,0.,1.));
#14 = DIRECTION('',(1.,0.,-0.));
#15 = MANIFOLD_SOLID_BREP('',#16);
#16 = CLOSED_SHELL('',(#17,#2705,#3423,#3659,#3762,#3768,#3848,#3853,
    #3933,#3938,#4041,#4047,#4054,#4061,#4116,#4192,#4241,#4290,#4339,
    #4388,#4415,#4491,#4540,#4589,#4638,#4687,#4714,#4790,#4839,#4888,
    #4937,#4986,#5013,#5089,#5138,#5187,#5236,#5285,#5312,#5385,#5679,
    #5683,#5687,#5691,#5695,#5888,#5927,#5966,#6005,#6044,#6215,#7575,
    #7580,#7607,#7634,#7661,#7688,#7715,#7742,#7767));
#17 = ADVANCED_FACE('',(#18,#1300,#1996),#36,.T.);
#18 = FACE_BOUND('',#19,.T.);
#19 = EDGE_LOOP('',(#20,#155,#207,#241,#281,#313,#360,#394,#434,#463,
    #510,#544,#584,#613,#660,#694,#734,#763,#808,#809));
#20 = ORIENTED_EDGE('',*,*,#21,.F.);
#21 = EDGE_CURVE('',#22,#24,#26,.T.);
#22 = VERTEX_POINT('',#23);
#23 = CARTESIAN_POINT('',(21.,-26.,-105.));
#24 = VERTEX_POINT('',#25);
#25 = CARTESIAN_POINT('',(34.878796579624,-0.728056738588,4.));
#26 = SEAM_CURVE('',#27,(#35,#148),.PCURVE_S1.);
#27 = ( BOUNDED_CURVE() B_SPLINE_CURVE(6,(#28,#29,#30,#31,#32,#33,#34),
.UNSPECIFIED.,.F.,.F.) B_SPLINE_CURVE_WITH_KNOTS((7,7),(0.,1.),
.PIECEWISE_BEZIER_KNOTS.) CURVE() GEOMETRIC_REPRESENTATION_ITEM() 
RATIONAL_B_SPLINE_CURVE((1.,1.,1.,1.,1.,1.,1.)) REPRESENTATION_ITEM('') 
  );
#28 = CARTESIAN_POINT('',(21.,-26.,-105.));
#29 = CARTESIAN_POINT('',(27.724713615046,-21.28431946383,
    -87.48843493749));
#30 = CARTESIAN_POINT('',(23.224330747318,-12.99653872953,
    -68.04848260382));
#31 = CARTESIAN_POINT('',(21.638259206303,-18.11178204544,
    -46.65367818731));
#32 = CARTESIAN_POINT('',(42.210514590799,-2.067080745318,
    -33.74689762051));
#33 = CARTESIAN_POINT('',(27.953367068007,-4.756946763358,
    -10.31767744547));
#34 = CARTESIAN_POINT('',(36.,-2.495388277643E-14,7.));
#35 = PCURVE('',#36,#142);
#36 = ( BOUNDED_SURFACE() B_SPLINE_SURFACE(14,6,(
    (#37,#38,#39,#40,#41,#42,#43)
    ,(#44,#45,#46,#47,#48,#49,#50)
    ,(#51,#52,#53,#54,#55,#56,#57)
    ,(#58,#59,#60,#61,#62,#63,#64)
    ,(#65,#66,#67,#68,#69,#70,#71)
    ,(#72,#73,#74,#75,#76,#77,#78)
    ,(#79,#80,#81,#82,#83,#84,#85)
    ,(#86,#87,#88,#89,#90,#91,#92)
    ,(#93,#94,#95,#96,#97,#98,#99)
    ,(#100,#101,#102,#103,#104,#105,#106)
    ,(#107,#108,#109,#110,#111,#112,#113)
    ,(#114,#115,#116,#117,#118,#119,#120)
    ,(#121,#122,#123,#124,#125,#126,#127)
    ,(#128,#129,#130,#131,#132,#133,#134)
    ,(#135,#136,#137,#138,#139,#140,#141
)),.UNSPECIFIED.,.T.,.F.,.F.) B_SPLINE_SURFACE_WITH_KNOTS((15,15),(7,7),
  (0.,1.),(0.,1.),.PIECEWISE_BEZIER_KNOTS.) 
GEOMETRIC_REPRESENTATION_ITEM() RATIONAL_B_SPLINE_SURFACE((
    (1.,1.,1.,1.,1.,1.,1.)
    ,(1.,1.,1.,1.,1.,1.,1.)
    ,(1.,1.,1.,1.,1.,1.,1.)
    ,(1.,1.,1.,1.,1.,1.,1.)
    ,(1.,1.,1.,1.,1.,1.,1.)
    ,(1.,1.,1.,1.,1.,1.,1.)
    ,(1.,1.,1.,1.,1.,1.,1.)
    ,(1.,1.,1.,1.,1.,1.,1.)
    ,(1.,1.,1.,1.,1.,1.,1.)
    ,(1.,1.,1.,1.,1.,1.,1.)
    ,(1.,1.,1.,1.,1.,1.,1.)
    ,(1.,1.,1.,1.,1.,1.,1.)
    ,(1.,1.,1.,1.,1.,1.,1.)
    ,(1.,1.,1.,1.,1.,1.,1.)
,(1.,1.,1.,1.,1.,1.,1.))) REPRESENTATION_ITEM('') SURFACE() );
#37 = CARTESIAN_POINT('',(21.,-26.,-105.));
#38 = CARTESIAN_POINT('',(27.724713615046,-21.28431946383,
    -87.48843493749));
#39 = CARTESIAN_POINT('',(23.224330747318,-12.99653872953,
    -68.04848260382));
#40 = CARTESIAN_POINT('',(21.638259206303,-18.11178204544,
    -46.65367818731));
#41 = CARTESIAN_POINT('',(42.210514590799,-2.067080745318,
    -33.74689762051));
#42 = CARTESIAN_POINT('',(27.953367068007,-4.756946763358,
    -10.31767744547));
#43 = CARTESIAN_POINT('',(36.,-2.495388277643E-14,7.));
#44 = CARTESIAN_POINT('',(21.000000000002,-18.81921679178,-105.));
#45 = CARTESIAN_POINT('',(27.724713615046,-11.88131139701,
    -87.48843493749));
#46 = CARTESIAN_POINT('',(23.224330747326,-4.805997652304,
    -68.04848260382));
#47 = CARTESIAN_POINT('',(21.638259206299,-10.94651034244,
    -46.65367818731));
#48 = CARTESIAN_POINT('',(42.21051459081,11.506963669526,-33.74689762051
    ));
#49 = CARTESIAN_POINT('',(27.953367068004,4.762929519573,-10.31767744547
    ));
#50 = CARTESIAN_POINT('',(36.000000000008,12.117571663854,7.));
#51 = CARTESIAN_POINT('',(16.444798414805,-11.638430933,-105.));
#52 = CARTESIAN_POINT('',(21.710825071805,-2.478299859313,
    -87.48843493749));
#53 = CARTESIAN_POINT('',(18.18663987894,3.384546448281,-68.04848260382)
  );
#54 = CARTESIAN_POINT('',(16.944610033128,-3.781235994786,
    -46.65367818731));
#55 = CARTESIAN_POINT('',(33.054447782385,25.081013095019,
    -33.74689762051));
#56 = CARTESIAN_POINT('',(21.889880307096,14.282809316433,
    -10.31767744547));
#57 = CARTESIAN_POINT('',(28.191082996787,24.235147800565,7.));
#58 = CARTESIAN_POINT('',(7.334389421048,-6.274890454822,-105.));
#59 = CARTESIAN_POINT('',(9.683040297088,4.545086437168,-87.48843493749)
  );
#60 = CARTESIAN_POINT('',(8.1112517022,9.50230510092,-68.04848260382));
#61 = CARTESIAN_POINT('',(7.557305686191,1.570718479495,-46.65367818731)
  );
#62 = CARTESIAN_POINT('',(14.742302460687,35.219870453197,
    -33.74689762051));
#63 = CARTESIAN_POINT('',(9.76289903355,21.393487958492,-10.31767744547)
  );
#64 = CARTESIAN_POINT('',(12.573239007572,33.286122357475,7.));
#65 = CARTESIAN_POINT('',(-4.968822909489,-4.545638466797,-105.));
#66 = CARTESIAN_POINT('',(-6.559961531769,6.809487119193,-87.48843493749
    ));
#67 = CARTESIAN_POINT('',(-5.495123175237,11.474723572976,
    -68.04848260382));
#68 = CARTESIAN_POINT('',(-5.119841812341,3.29623503785,-46.65367818731)
  );
#69 = CARTESIAN_POINT('',(-9.987455806027,38.488726038735,
    -33.74689762051));
#70 = CARTESIAN_POINT('',(-6.614063365771,23.686032449518,
    -10.31767744547));
#71 = CARTESIAN_POINT('',(-8.51798213068,36.204235087305,7.));
#72 = CARTESIAN_POINT('',(-17.74028886851,-7.616370223819,-105.));
#73 = CARTESIAN_POINT('',(-23.4211632539,2.788461188296,-87.48843493749)
  );
#74 = CARTESIAN_POINT('',(-19.61934934407,7.97218716864,-68.04848260382)
  );
#75 = CARTESIAN_POINT('',(-18.27947471162,0.232136497212,-46.65367818731
    ));
#76 = CARTESIAN_POINT('',(-35.65841533891,32.684032029298,
    -33.74689762051));
#77 = CARTESIAN_POINT('',(-23.61432412572,19.615029945723,
    -10.31767744547));
#78 = CARTESIAN_POINT('',(-30.41192377438,31.022375247273,7.));
#79 = CARTESIAN_POINT('',(-27.48987573476,-15.34583607578,-105.));
#80 = CARTESIAN_POINT('',(-36.29280628823,-7.333029413502,
    -87.48843493749));
#81 = CARTESIAN_POINT('',(-30.40161744197,-0.84419200926,-68.04848260382
    ));
#82 = CARTESIAN_POINT('',(-28.32538365138,-7.48063262104,-46.65367818731
    ));
#83 = CARTESIAN_POINT('',(-55.25532384853,18.072796776418,
    -33.74689762051));
#84 = CARTESIAN_POINT('',(-36.59212319332,9.367741242301,-10.31767744547
    ));
#85 = CARTESIAN_POINT('',(-47.12550125988,17.978901622136,7.));
#86 = CARTESIAN_POINT('',(-31.16040064309,-25.99999999977,-105.));
#87 = CARTESIAN_POINT('',(-41.13872304608,-21.28431946379,
    -87.48843493749));
#88 = CARTESIAN_POINT('',(-34.46092622555,-12.99653872992,
    -68.04848260382));
#89 = CARTESIAN_POINT('',(-32.10746790996,-18.11178204307,
    -46.65367818731));
#90 = CARTESIAN_POINT('',(-62.63316885621,-2.067080746819,
    -33.74689762051));
#91 = CARTESIAN_POINT('',(-41.47800557956,-4.756946762423,
    -10.31767744547));
#92 = CARTESIAN_POINT('',(-53.41782967355,3.62907517548E-10,7.));
#93 = CARTESIAN_POINT('',(-27.48987573476,-36.65416392462,-105.));
#94 = CARTESIAN_POINT('',(-36.29280628817,-35.23560951422,
    -87.48843493749));
#95 = CARTESIAN_POINT('',(-30.40161744208,-25.14888544911,
    -68.04848260382));
#96 = CARTESIAN_POINT('',(-28.32538365133,-28.74293147415,
    -46.65367818731));
#97 = CARTESIAN_POINT('',(-55.25532384852,-22.20695826434,
    -33.74689762051));
#98 = CARTESIAN_POINT('',(-36.59212319338,-18.88163477071,
    -10.31767744547));
#99 = CARTESIAN_POINT('',(-47.12550125989,-17.9789016228,7.));
#100 = CARTESIAN_POINT('',(-17.74028886851,-44.38362977586,-105.));
#101 = CARTESIAN_POINT('',(-23.42116325399,-45.35710011592,
    -87.48843493749));
#102 = CARTESIAN_POINT('',(-19.61934934391,-33.96526462817,
    -68.04848260382));
#103 = CARTESIAN_POINT('',(-18.2794747117,-36.4557005849,-46.65367818731
    ));
#104 = CARTESIAN_POINT('',(-35.65841533892,-36.81819352192,
    -33.74689762051));
#105 = CARTESIAN_POINT('',(-23.61432412563,-29.12892347116,
    -10.31767744547));
#106 = CARTESIAN_POINT('',(-30.41192377437,-31.02237524676,7.));
#107 = CARTESIAN_POINT('',(-4.968822909488,-47.4543615334,-105.));
#108 = CARTESIAN_POINT('',(-6.559961531692,-49.37812604687,
    -87.48843493749));
#109 = CARTESIAN_POINT('',(-5.49512317538,-37.4678010318,-68.04848260382
    ));
#110 = CARTESIAN_POINT('',(-5.119841812274,-39.51979913063,
    -46.65367818731));
#111 = CARTESIAN_POINT('',(-9.987455806023,-42.62288752821,
    -33.74689762051));
#112 = CARTESIAN_POINT('',(-6.614063365839,-33.19992597699,
    -10.31767744547));
#113 = CARTESIAN_POINT('',(-8.517982130688,-36.20423508762,7.));
#114 = CARTESIAN_POINT('',(7.334389421048,-45.72510954507,-105.));
#115 = CARTESIAN_POINT('',(9.68304029704,-47.11372536483,-87.48843493749
    ));
#116 = CARTESIAN_POINT('',(8.111251702285,-35.49538256006,
    -68.04848260382));
#117 = CARTESIAN_POINT('',(7.557305686153,-37.7942825695,-46.65367818731
    ));
#118 = CARTESIAN_POINT('',(14.742302460684,-39.35403194435,
    -33.74689762051));
#119 = CARTESIAN_POINT('',(9.762899033588,-30.90738148484,
    -10.31767744547));
#120 = CARTESIAN_POINT('',(12.573239007577,-33.28612235731,7.));
#121 = CARTESIAN_POINT('',(16.444798414805,-40.36156906703,-105.));
#122 = CARTESIAN_POINT('',(21.710825071826,-40.09033906835,
    -87.48843493749));
#123 = CARTESIAN_POINT('',(18.186639878905,-29.37762390732,
    -68.04848260382));
#124 = CARTESIAN_POINT('',(16.944610033143,-32.4423280964,
    -46.65367818731));
#125 = CARTESIAN_POINT('',(33.054447782386,-29.21517458548,
    -33.74689762051));
#126 = CARTESIAN_POINT('',(21.889880307082,-23.79670284327,
    -10.31767744547));
#127 = CARTESIAN_POINT('',(28.191082996785,-24.23514780062,7.));
#128 = CARTESIAN_POINT('',(21.000000000002,-33.1807832082,-105.));
#129 = CARTESIAN_POINT('',(27.724713615041,-30.68732753065,
    -87.48843493749));
#130 = CARTESIAN_POINT('',(23.224330747334,-21.18707980676,
    -68.04848260382));
#131 = CARTESIAN_POINT('',(21.638259206295,-25.27705374838,
    -46.65367818731));
#132 = CARTESIAN_POINT('',(42.21051459081,-15.64112516019,
    -33.74689762051));
#133 = CARTESIAN_POINT('',(27.953367068007,-14.27682304626,
    -10.31767744547));
#134 = CARTESIAN_POINT('',(36.000000000009,-12.11757166384,7.));
#135 = CARTESIAN_POINT('',(21.,-26.,-105.));
#136 = CARTESIAN_POINT('',(27.724713615046,-21.28431946383,
    -87.48843493749));
#137 = CARTESIAN_POINT('',(23.224330747317,-12.99653872953,
    -68.04848260382));
#138 = CARTESIAN_POINT('',(21.638259206303,-18.11178204544,
    -46.65367818731));
#139 = CARTESIAN_POINT('',(42.210514590798,-2.067080745318,
    -33.74689762051));
#140 = CARTESIAN_POINT('',(27.953367068007,-4.756946763358,
    -10.31767744547));
#141 = CARTESIAN_POINT('',(36.,3.467826405124E-15,7.));
#142 = DEFINITIONAL_REPRESENTATION('',(#143),#147);
#143 = LINE('',#144,#145);
#144 = CARTESIAN_POINT('',(0.,0.));
#145 = VECTOR('',#146,1.);
#146 = DIRECTION('',(0.,1.));
#147 = ( GEOMETRIC_REPRESENTATION_CONTEXT(2) 
PARAMETRIC_REPRESENTATION_CONTEXT() REPRESENTATION_CONTEXT('2D SPACE',''
  ) );
#148 = PCURVE('',#36,#149);
#149 = DEFINITIONAL_REPRESENTATION('',(#150),#154);
#150 = LINE('',#151,#152);
#151 = CARTESIAN_POINT('',(1.,0.));
#152 = VECTOR('',#153,1.);
#153 = DIRECTION('',(0.,1.));
#154 = ( GEOMETRIC_REPRESENTATION_CONTEXT(2) 
PARAMETRIC_REPRESENTATION_CONTEXT() REPRESENTATION_CONTEXT('2D SPACE',''
  ) );
#155 = ORIENTED_EDGE('',*,*,#156,.T.);
#156 = EDGE_CURVE('',#22,#157,#159,.T.);
#157 = VERTEX_POINT('',#158);
#158 = CARTESIAN_POINT('',(18.251578975292,-18.08645852107,-105.));
#159 = SURFACE_CURVE('',#160,(#176,#183),.PCURVE_S1.);
#160 = B_SPLINE_CURVE_WITH_KNOTS('',14,(#161,#162,#163,#164,#165,#166,
    #167,#168,#169,#170,#171,#172,#173,#174,#175),.UNSPECIFIED.,.T.,.F.,
  (15,15),(0.,1.),.PIECEWISE_BEZIER_KNOTS.);
#161 = CARTESIAN_POINT('',(21.,-26.,-105.));
#162 = CARTESIAN_POINT('',(21.000000000002,-18.81921679178,-105.));
#163 = CARTESIAN_POINT('',(16.444798414805,-11.638430933,-105.));
#164 = CARTESIAN_POINT('',(7.334389421048,-6.274890454822,-105.));
#165 = CARTESIAN_POINT('',(-4.968822909489,-4.545638466797,-105.));
#166 = CARTESIAN_POINT('',(-17.74028886851,-7.616370223819,-105.));
#167 = CARTESIAN_POINT('',(-27.48987573476,-15.34583607578,-105.));
#168 = CARTESIAN_POINT('',(-31.16040064309,-25.99999999977,-105.));
#169 = CARTESIAN_POINT('',(-27.48987573476,-36.65416392462,-105.));
#170 = CARTESIAN_POINT('',(-17.74028886851,-44.38362977586,-105.));
#171 = CARTESIAN_POINT('',(-4.968822909488,-47.4543615334,-105.));
#172 = CARTESIAN_POINT('',(7.334389421048,-45.72510954507,-105.));
#173 = CARTESIAN_POINT('',(16.444798414805,-40.36156906703,-105.));
#174 = CARTESIAN_POINT('',(21.000000000002,-33.1807832082,-105.));
#175 = CARTESIAN_POINT('',(21.,-26.,-105.));
#176 = PCURVE('',#36,#177);
#177 = DEFINITIONAL_REPRESENTATION('',(#178),#182);
#178 = LINE('',#179,#180);
#179 = CARTESIAN_POINT('',(0.,0.));
#180 = VECTOR('',#181,1.);
#181 = DIRECTION('',(1.,0.));
#182 = ( GEOMETRIC_REPRESENTATION_CONTEXT(2) 
PARAMETRIC_REPRESENTATION_CONTEXT() REPRESENTATION_CONTEXT('2D SPACE',''
  ) );
#183 = PCURVE('',#184,#189);
#184 = PLANE('',#185);
#185 = AXIS2_PLACEMENT_3D('',#186,#187,#188);
#186 = CARTESIAN_POINT('',(21.,-26.,-105.));
#187 = DIRECTION('',(0.,0.,1.));
#188 = DIRECTION('',(-1.,-4.229421046471E-16,0.));
#189 = DEFINITIONAL_REPRESENTATION('',(#190),#206);
#190 = B_SPLINE_CURVE_WITH_KNOTS('',14,(#191,#192,#193,#194,#195,#196,
    #197,#198,#199,#200,#201,#202,#203,#204,#205),.UNSPECIFIED.,.F.,.F.,
  (15,15),(0.,1.),.PIECEWISE_BEZIER_KNOTS.);
#191 = CARTESIAN_POINT('',(0.,0.));
#192 = CARTESIAN_POINT('',(-2.04281036531E-12,-7.180783208211));
#193 = CARTESIAN_POINT('',(4.555201585195,-14.36156906699));
#194 = CARTESIAN_POINT('',(13.665610578952,-19.72510954517));
#195 = CARTESIAN_POINT('',(25.968822909489,-21.4543615332));
#196 = CARTESIAN_POINT('',(38.740288868512,-18.38362977618));
#197 = CARTESIAN_POINT('',(48.489875734768,-10.65416392421));
#198 = CARTESIAN_POINT('',(52.160400643092,-2.264890497372E-10));
#199 = CARTESIAN_POINT('',(48.489875734766,10.654163924627));
#200 = CARTESIAN_POINT('',(38.740288868514,18.383629775861));
#201 = CARTESIAN_POINT('',(25.968822909488,21.454361533405));
#202 = CARTESIAN_POINT('',(13.665610578952,19.725109545078));
#203 = CARTESIAN_POINT('',(4.555201585195,14.361569067035));
#204 = CARTESIAN_POINT('',(-2.053468506347E-12,7.180783208203));
#205 = CARTESIAN_POINT('',(1.06581410364E-14,4.973799150321E-14));
#206 = ( GEOMETRIC_REPRESENTATION_CONTEXT(2) 
PARAMETRIC_REPRESENTATION_CONTEXT() REPRESENTATION_CONTEXT('2D SPACE',''
  ) );
#207 = ORIENTED_EDGE('',*,*,#208,.T.);
#208 = EDGE_CURVE('',#157,#209,#211,.T.);
#209 = VERTEX_POINT('',#210);
#210 = CARTESIAN_POINT('',(18.417293928459,-17.63772255992,-104.2));
#211 = SURFACE_CURVE('',#212,(#218,#227),.PCURVE_S1.);
#212 = B_SPLINE_CURVE_WITH_KNOTS('',4,(#213,#214,#215,#216,#217),
  .UNSPECIFIED.,.F.,.F.,(5,5),(0.,1.),.PIECEWISE_BEZIER_KNOTS.);
#213 = CARTESIAN_POINT('',(18.251578975292,-18.08645852107,-105.));
#214 = CARTESIAN_POINT('',(18.302074323525,-17.98181185281,
    -104.7987680788));
#215 = CARTESIAN_POINT('',(18.346874651888,-17.87238172043,
    -104.5981572046));
#216 = CARTESIAN_POINT('',(18.385588262444,-17.7579032866,
    -104.3984035304));
#217 = CARTESIAN_POINT('',(18.417294024342,-17.63772219647,-104.1999994)
  );
#218 = PCURVE('',#36,#219);
#219 = DEFINITIONAL_REPRESENTATION('',(#220),#226);
#220 = B_SPLINE_CURVE_WITH_KNOTS('',4,(#221,#222,#223,#224,#225),
  .UNSPECIFIED.,.F.,.F.,(5,5),(0.,1.),.PIECEWISE_BEZIER_KNOTS.);
#221 = CARTESIAN_POINT('',(8.234204539007E-02,0.));
#222 = CARTESIAN_POINT('',(8.259743976083E-02,1.915228787882E-03));
#223 = CARTESIAN_POINT('',(8.29100610681E-02,3.821854624233E-03));
#224 = CARTESIAN_POINT('',(8.328358168543E-02,5.717679149296E-03));
#225 = CARTESIAN_POINT('',(8.372748019791E-02,7.598130620289E-03));
#226 = ( GEOMETRIC_REPRESENTATION_CONTEXT(2) 
PARAMETRIC_REPRESENTATION_CONTEXT() REPRESENTATION_CONTEXT('2D SPACE',''
  ) );
#227 = PCURVE('',#228,#233);
#228 = CYLINDRICAL_SURFACE('',#229,2.5);
#229 = AXIS2_PLACEMENT_3D('',#230,#231,#232);
#230 = CARTESIAN_POINT('',(16.,-17.,-108.4));
#231 = DIRECTION('',(-0.,-0.,-1.));
#232 = DIRECTION('',(1.,0.,0.));
#233 = DEFINITIONAL_REPRESENTATION('',(#234),#240);
#234 = B_SPLINE_CURVE_WITH_KNOTS('',4,(#235,#236,#237,#238,#239),
  .UNSPECIFIED.,.F.,.F.,(5,5),(0.,1.),.PIECEWISE_BEZIER_KNOTS.);
#235 = CARTESIAN_POINT('',(-5.833609636972,-3.4));
#236 = CARTESIAN_POINT('',(-5.880086651284,-3.601231921171));
#237 = CARTESIAN_POINT('',(-5.927299502377,-3.801842795343));
#238 = CARTESIAN_POINT('',(-5.975528485718,-4.001596469545));
#239 = CARTESIAN_POINT('',(-6.025245685578,-4.2000006));
#240 = ( GEOMETRIC_REPRESENTATION_CONTEXT(2) 
PARAMETRIC_REPRESENTATION_CONTEXT() REPRESENTATION_CONTEXT('2D SPACE',''
  ) );
#241 = ORIENTED_EDGE('',*,*,#242,.F.);
#242 = EDGE_CURVE('',#243,#209,#245,.T.);
#243 = VERTEX_POINT('',#244);
#244 = CARTESIAN_POINT('',(15.39441320053,-14.5744558078,-104.2));
#245 = SURFACE_CURVE('',#246,(#254,#265),.PCURVE_S1.);
#246 = B_SPLINE_CURVE_WITH_KNOTS('',6,(#247,#248,#249,#250,#251,#252,
    #253),.UNSPECIFIED.,.F.,.F.,(7,7),(0.,1.),.PIECEWISE_BEZIER_KNOTS.);
#247 = CARTESIAN_POINT('',(15.300355173549,-14.5,-104.2));
#248 = CARTESIAN_POINT('',(15.899249785593,-14.9710693418,-104.2));
#249 = CARTESIAN_POINT('',(16.475904807374,-15.47037493785,-104.2));
#250 = CARTESIAN_POINT('',(17.027624739602,-15.99802215263,-104.2));
#251 = CARTESIAN_POINT('',(17.551251341903,-16.5538382354,-104.2));
#252 = CARTESIAN_POINT('',(18.043273792366,-17.13726148945,-104.2));
#253 = CARTESIAN_POINT('',(18.5,-17.74717634642,-104.2));
#254 = PCURVE('',#36,#255);
#255 = DEFINITIONAL_REPRESENTATION('',(#256),#264);
#256 = B_SPLINE_CURVE_WITH_KNOTS('',6,(#257,#258,#259,#260,#261,#262,
    #263),.UNSPECIFIED.,.F.,.F.,(7,7),(0.,1.),.PIECEWISE_BEZIER_KNOTS.);
#257 = CARTESIAN_POINT('',(0.122430855894,7.598124933558E-03));
#258 = CARTESIAN_POINT('',(0.115996685172,7.598124933558E-03));
#259 = CARTESIAN_POINT('',(0.109479064392,7.598124933558E-03));
#260 = CARTESIAN_POINT('',(0.102872329774,7.598124933558E-03));
#261 = CARTESIAN_POINT('',(9.617274871126E-02,7.598124933558E-03));
#262 = CARTESIAN_POINT('',(8.937809065996E-02,7.598124933558E-03));
#263 = CARTESIAN_POINT('',(8.24882885869E-02,7.598124933558E-03));
#264 = ( GEOMETRIC_REPRESENTATION_CONTEXT(2) 
PARAMETRIC_REPRESENTATION_CONTEXT() REPRESENTATION_CONTEXT('2D SPACE',''
  ) );
#265 = PCURVE('',#266,#271);
#266 = PLANE('',#267);
#267 = AXIS2_PLACEMENT_3D('',#268,#269,#270);
#268 = CARTESIAN_POINT('',(16.,-17.,-104.2));
#269 = DIRECTION('',(0.,0.,1.));
#270 = DIRECTION('',(1.,0.,-0.));
#271 = DEFINITIONAL_REPRESENTATION('',(#272),#280);
#272 = B_SPLINE_CURVE_WITH_KNOTS('',6,(#273,#274,#275,#276,#277,#278,
    #279),.UNSPECIFIED.,.F.,.F.,(7,7),(0.,1.),.PIECEWISE_BEZIER_KNOTS.);
#273 = CARTESIAN_POINT('',(-0.699644826451,2.5));
#274 = CARTESIAN_POINT('',(-0.100750214407,2.028930658197));
#275 = CARTESIAN_POINT('',(0.475904807374,1.52962506215));
#276 = CARTESIAN_POINT('',(1.027624739602,1.001977847369));
#277 = CARTESIAN_POINT('',(1.551251341903,0.446161764599));
#278 = CARTESIAN_POINT('',(2.043273792366,-0.13726148945));
#279 = CARTESIAN_POINT('',(2.5,-0.747176346425));
#280 = ( GEOMETRIC_REPRESENTATION_CONTEXT(2) 
PARAMETRIC_REPRESENTATION_CONTEXT() REPRESENTATION_CONTEXT('2D SPACE',''
  ) );
#281 = ORIENTED_EDGE('',*,*,#282,.T.);
#282 = EDGE_CURVE('',#243,#283,#285,.T.);
#283 = VERTEX_POINT('',#284);
#284 = CARTESIAN_POINT('',(14.92389286567,-14.74345542134,-105.));
#285 = SURFACE_CURVE('',#286,(#293,#303),.PCURVE_S1.);
#286 = B_SPLINE_CURVE_WITH_KNOTS('',5,(#287,#288,#289,#290,#291,#292),
  .UNSPECIFIED.,.F.,.F.,(6,6),(0.,1.),.PIECEWISE_BEZIER_KNOTS.);
#287 = CARTESIAN_POINT('',(15.394413581976,-14.57445571256,-104.1999994)
  );
#288 = CARTESIAN_POINT('',(15.293579571508,-14.59963097221,
    -104.3586078015));
#289 = CARTESIAN_POINT('',(15.196285948489,-14.62948818727,
    -104.5180867978));
#290 = CARTESIAN_POINT('',(15.102315954361,-14.6635921113,
    -104.6782339946));
#291 = CARTESIAN_POINT('',(15.011547882835,-14.70165425764,
    -104.8389056665));
#292 = CARTESIAN_POINT('',(14.92389286567,-14.74345542134,-105.));
#293 = PCURVE('',#36,#294);
#294 = DEFINITIONAL_REPRESENTATION('',(#295),#302);
#295 = B_SPLINE_CURVE_WITH_KNOTS('',5,(#296,#297,#298,#299,#300,#301),
  .UNSPECIFIED.,.F.,.F.,(6,6),(0.,1.),.PIECEWISE_BEZIER_KNOTS.);
#296 = CARTESIAN_POINT('',(0.121417007436,7.598130620289E-03));
#297 = CARTESIAN_POINT('',(0.12206283644,6.094858479539E-03));
#298 = CARTESIAN_POINT('',(0.122661214267,4.581788282738E-03));
#299 = CARTESIAN_POINT('',(0.123215391253,3.060796384623E-03));
#300 = CARTESIAN_POINT('',(0.123727201414,1.533218503296E-03));
#301 = CARTESIAN_POINT('',(0.124197867806,0.));
#302 = ( GEOMETRIC_REPRESENTATION_CONTEXT(2) 
PARAMETRIC_REPRESENTATION_CONTEXT() REPRESENTATION_CONTEXT('2D SPACE',''
  ) );
#303 = PCURVE('',#228,#304);
#304 = DEFINITIONAL_REPRESENTATION('',(#305),#312);
#305 = B_SPLINE_CURVE_WITH_KNOTS('',5,(#306,#307,#308,#309,#310,#311),
  .UNSPECIFIED.,.F.,.F.,(6,6),(0.,1.),.PIECEWISE_BEZIER_KNOTS.);
#306 = CARTESIAN_POINT('',(-1.815464678649,-4.2000006));
#307 = CARTESIAN_POINT('',(-1.85703638319,-4.041392198495));
#308 = CARTESIAN_POINT('',(-1.897687872938,-3.881913202179));
#309 = CARTESIAN_POINT('',(-1.937610025221,-3.721766005325));
#310 = CARTESIAN_POINT('',(-1.976934881483,-3.561094333453));
#311 = CARTESIAN_POINT('',(-2.015779678964,-3.4));
#312 = ( GEOMETRIC_REPRESENTATION_CONTEXT(2) 
PARAMETRIC_REPRESENTATION_CONTEXT() REPRESENTATION_CONTEXT('2D SPACE',''
  ) );
#313 = ORIENTED_EDGE('',*,*,#314,.T.);
#314 = EDGE_CURVE('',#283,#315,#317,.T.);
#315 = VERTEX_POINT('',#316);
#316 = CARTESIAN_POINT('',(-14.92389287676,-14.74345541605,-105.));
#317 = SURFACE_CURVE('',#318,(#334,#341),.PCURVE_S1.);
#318 = B_SPLINE_CURVE_WITH_KNOTS('',14,(#319,#320,#321,#322,#323,#324,
    #325,#326,#327,#328,#329,#330,#331,#332,#333),.UNSPECIFIED.,.T.,.F.,
  (15,15),(0.,1.),.PIECEWISE_BEZIER_KNOTS.);
#319 = CARTESIAN_POINT('',(21.,-26.,-105.));
#320 = CARTESIAN_POINT('',(21.000000000002,-18.81921679178,-105.));
#321 = CARTESIAN_POINT('',(16.444798414805,-11.638430933,-105.));
#322 = CARTESIAN_POINT('',(7.334389421048,-6.274890454822,-105.));
#323 = CARTESIAN_POINT('',(-4.968822909489,-4.545638466797,-105.));
#324 = CARTESIAN_POINT('',(-17.74028886851,-7.616370223819,-105.));
#325 = CARTESIAN_POINT('',(-27.48987573476,-15.34583607578,-105.));
#326 = CARTESIAN_POINT('',(-31.16040064309,-25.99999999977,-105.));
#327 = CARTESIAN_POINT('',(-27.48987573476,-36.65416392462,-105.));
#328 = CARTESIAN_POINT('',(-17.74028886851,-44.38362977586,-105.));
#329 = CARTESIAN_POINT('',(-4.968822909488,-47.4543615334,-105.));
#330 = CARTESIAN_POINT('',(7.334389421048,-45.72510954507,-105.));
#331 = CARTESIAN_POINT('',(16.444798414805,-40.36156906703,-105.));
#332 = CARTESIAN_POINT('',(21.000000000002,-33.1807832082,-105.));
#333 = CARTESIAN_POINT('',(21.,-26.,-105.));
#334 = PCURVE('',#36,#335);
#335 = DEFINITIONAL_REPRESENTATION('',(#336),#340);
#336 = LINE('',#337,#338);
#337 = CARTESIAN_POINT('',(0.,0.));
#338 = VECTOR('',#339,1.);
#339 = DIRECTION('',(1.,0.));
#340 = ( GEOMETRIC_REPRESENTATION_CONTEXT(2) 
PARAMETRIC_REPRESENTATION_CONTEXT() REPRESENTATION_CONTEXT('2D SPACE',''
  ) );
#341 = PCURVE('',#184,#342);
#342 = DEFINITIONAL_REPRESENTATION('',(#343),#359);
#343 = B_SPLINE_CURVE_WITH_KNOTS('',14,(#344,#345,#346,#347,#348,#349,
    #350,#351,#352,#353,#354,#355,#356,#357,#358),.UNSPECIFIED.,.F.,.F.,
  (15,15),(0.,1.),.PIECEWISE_BEZIER_KNOTS.);
#344 = CARTESIAN_POINT('',(0.,0.));
#345 = CARTESIAN_POINT('',(-2.04281036531E-12,-7.180783208211));
#346 = CARTESIAN_POINT('',(4.555201585195,-14.36156906699));
#347 = CARTESIAN_POINT('',(13.665610578952,-19.72510954517));
#348 = CARTESIAN_POINT('',(25.968822909489,-21.4543615332));
#349 = CARTESIAN_POINT('',(38.740288868512,-18.38362977618));
#350 = CARTESIAN_POINT('',(48.489875734768,-10.65416392421));
#351 = CARTESIAN_POINT('',(52.160400643092,-2.264890497372E-10));
#352 = CARTESIAN_POINT('',(48.489875734766,10.654163924627));
#353 = CARTESIAN_POINT('',(38.740288868514,18.383629775861));
#354 = CARTESIAN_POINT('',(25.968822909488,21.454361533405));
#355 = CARTESIAN_POINT('',(13.665610578952,19.725109545078));
#356 = CARTESIAN_POINT('',(4.555201585195,14.361569067035));
#357 = CARTESIAN_POINT('',(-2.053468506347E-12,7.180783208203));
#358 = CARTESIAN_POINT('',(1.06581410364E-14,4.973799150321E-14));
#359 = ( GEOMETRIC_REPRESENTATION_CONTEXT(2) 
PARAMETRIC_REPRESENTATION_CONTEXT() REPRESENTATION_CONTEXT('2D SPACE',''
  ) );
#360 = ORIENTED_EDGE('',*,*,#361,.T.);
#361 = EDGE_CURVE('',#315,#362,#364,.T.);
#362 = VERTEX_POINT('',#363);
#363 = CARTESIAN_POINT('',(-15.39441321601,-14.57445580393,-104.2));
#364 = SURFACE_CURVE('',#365,(#371,#380),.PCURVE_S1.);
#365 = B_SPLINE_CURVE_WITH_KNOTS('',4,(#366,#367,#368,#369,#370),
  .UNSPECIFIED.,.F.,.F.,(5,5),(0.,1.),.PIECEWISE_BEZIER_KNOTS.);
#366 = CARTESIAN_POINT('',(-14.92389287676,-14.74345541605,-105.));
#367 = CARTESIAN_POINT('',(-15.03346196078,-14.69120381303,
    -104.7986315103));
#368 = CARTESIAN_POINT('',(-15.14822377843,-14.64519073824,
    -104.5979704127));
#369 = CARTESIAN_POINT('',(-15.26837144073,-14.60592469342,
    -104.3982593392));
#370 = CARTESIAN_POINT('',(-15.39441359746,-14.57445570869,-104.1999994)
  );
#371 = PCURVE('',#36,#372);
#372 = DEFINITIONAL_REPRESENTATION('',(#373),#379);
#373 = B_SPLINE_CURVE_WITH_KNOTS('',4,(#374,#375,#376,#377,#378),
  .UNSPECIFIED.,.F.,.F.,(5,5),(0.,1.),.PIECEWISE_BEZIER_KNOTS.);
#374 = CARTESIAN_POINT('',(0.375802132317,0.));
#375 = CARTESIAN_POINT('',(0.376390466988,1.916528580882E-03));
#376 = CARTESIAN_POINT('',(0.377047436841,3.823628765241E-03));
#377 = CARTESIAN_POINT('',(0.377775708751,5.719045777282E-03));
#378 = CARTESIAN_POINT('',(0.378582992729,7.598130620289E-03));
#379 = ( GEOMETRIC_REPRESENTATION_CONTEXT(2) 
PARAMETRIC_REPRESENTATION_CONTEXT() REPRESENTATION_CONTEXT('2D SPACE',''
  ) );
#380 = PCURVE('',#381,#386);
#381 = CYLINDRICAL_SURFACE('',#382,2.5);
#382 = AXIS2_PLACEMENT_3D('',#383,#384,#385);
#383 = CARTESIAN_POINT('',(-16.,-17.,-108.4));
#384 = DIRECTION('',(-0.,-0.,-1.));
#385 = DIRECTION('',(1.,0.,0.));
#386 = DEFINITIONAL_REPRESENTATION('',(#387),#393);
#387 = B_SPLINE_CURVE_WITH_KNOTS('',4,(#388,#389,#390,#391,#392),
  .UNSPECIFIED.,.F.,.F.,(5,5),(0.,1.),.PIECEWISE_BEZIER_KNOTS.);
#388 = CARTESIAN_POINT('',(-1.125812979541,-3.4));
#389 = CARTESIAN_POINT('',(-1.174369114795,-3.60136848963));
#390 = CARTESIAN_POINT('',(-1.223728632229,-3.802029587221));
#391 = CARTESIAN_POINT('',(-1.274163497653,-4.00174066079));
#392 = CARTESIAN_POINT('',(-1.326127981326,-4.2000006));
#393 = ( GEOMETRIC_REPRESENTATION_CONTEXT(2) 
PARAMETRIC_REPRESENTATION_CONTEXT() REPRESENTATION_CONTEXT('2D SPACE',''
  ) );
#394 = ORIENTED_EDGE('',*,*,#395,.F.);
#395 = EDGE_CURVE('',#396,#362,#398,.T.);
#396 = VERTEX_POINT('',#397);
#397 = CARTESIAN_POINT('',(-18.41729393327,-17.63772254168,-104.2));
#398 = SURFACE_CURVE('',#399,(#407,#418),.PCURVE_S1.);
#399 = B_SPLINE_CURVE_WITH_KNOTS('',6,(#400,#401,#402,#403,#404,#405,
    #406),.UNSPECIFIED.,.F.,.F.,(7,7),(0.,1.),.PIECEWISE_BEZIER_KNOTS.);
#400 = CARTESIAN_POINT('',(-18.5,-17.74717632296,-104.2));
#401 = CARTESIAN_POINT('',(-18.04327379838,-17.13726146764,-104.2));
#402 = CARTESIAN_POINT('',(-17.55125135254,-16.55383821598,-104.2));
#403 = CARTESIAN_POINT('',(-17.02762475326,-15.99802213699,-104.2));
#404 = CARTESIAN_POINT('',(-16.4759048231,-15.47037492705,-104.2));
#405 = CARTESIAN_POINT('',(-15.89924980313,-14.97106933637,-104.2));
#406 = CARTESIAN_POINT('',(-15.30035519313,-14.5,-104.2));
#407 = PCURVE('',#36,#408);
#408 = DEFINITIONAL_REPRESENTATION('',(#409),#417);
#409 = B_SPLINE_CURVE_WITH_KNOTS('',6,(#410,#411,#412,#413,#414,#415,
    #416),.UNSPECIFIED.,.F.,.F.,(7,7),(0.,1.),.PIECEWISE_BEZIER_KNOTS.);
#410 = CARTESIAN_POINT('',(0.417511711317,7.598124933558E-03));
#411 = CARTESIAN_POINT('',(0.410621909342,7.598124933558E-03));
#412 = CARTESIAN_POINT('',(0.40382725136,7.598124933558E-03));
#413 = CARTESIAN_POINT('',(0.397127670345,7.598124933558E-03));
#414 = CARTESIAN_POINT('',(0.390520935762,7.598124933558E-03));
#415 = CARTESIAN_POINT('',(0.384003315011,7.598124933558E-03));
#416 = CARTESIAN_POINT('',(0.377569144316,7.598124933558E-03));
#417 = ( GEOMETRIC_REPRESENTATION_CONTEXT(2) 
PARAMETRIC_REPRESENTATION_CONTEXT() REPRESENTATION_CONTEXT('2D SPACE',''
  ) );
#418 = PCURVE('',#419,#424);
#419 = PLANE('',#420);
#420 = AXIS2_PLACEMENT_3D('',#421,#422,#423);
#421 = CARTESIAN_POINT('',(-16.,-17.,-104.2));
#422 = DIRECTION('',(0.,0.,1.));
#423 = DIRECTION('',(1.,0.,-0.));
#424 = DEFINITIONAL_REPRESENTATION('',(#425),#433);
#425 = B_SPLINE_CURVE_WITH_KNOTS('',6,(#426,#427,#428,#429,#430,#431,
    #432),.UNSPECIFIED.,.F.,.F.,(7,7),(0.,1.),.PIECEWISE_BEZIER_KNOTS.);
#426 = CARTESIAN_POINT('',(-2.5,-0.747176322968));
#427 = CARTESIAN_POINT('',(-2.043273798385,-0.13726146764));
#428 = CARTESIAN_POINT('',(-1.55125135254,0.446161784013));
#429 = CARTESIAN_POINT('',(-1.027624753266,1.001977863008));
#430 = CARTESIAN_POINT('',(-0.475904823103,1.529625072949));
#431 = CARTESIAN_POINT('',(0.100750196866,2.028930663626));
#432 = CARTESIAN_POINT('',(0.699644806861,2.5));
#433 = ( GEOMETRIC_REPRESENTATION_CONTEXT(2) 
PARAMETRIC_REPRESENTATION_CONTEXT() REPRESENTATION_CONTEXT('2D SPACE',''
  ) );
#434 = ORIENTED_EDGE('',*,*,#435,.T.);
#435 = EDGE_CURVE('',#396,#436,#438,.T.);
#436 = VERTEX_POINT('',#437);
#437 = CARTESIAN_POINT('',(-18.25157898203,-18.0864585071,-105.));
#438 = SURFACE_CURVE('',#439,(#445,#454),.PCURVE_S1.);
#439 = B_SPLINE_CURVE_WITH_KNOTS('',4,(#440,#441,#442,#443,#444),
  .UNSPECIFIED.,.F.,.F.,(5,5),(0.,1.),.PIECEWISE_BEZIER_KNOTS.);
#440 = CARTESIAN_POINT('',(-18.41729402915,-17.63772217824,-104.1999994)
  );
#441 = CARTESIAN_POINT('',(-18.38558821925,-17.75790345398,
    -104.3984038347));
#442 = CARTESIAN_POINT('',(-18.34687470082,-17.87238158226,
    -104.5981569895));
#443 = CARTESIAN_POINT('',(-18.30207425467,-17.98181199383,
    -104.7987683785));
#444 = CARTESIAN_POINT('',(-18.25157898203,-18.0864585071,-105.));
#445 = PCURVE('',#36,#446);
#446 = DEFINITIONAL_REPRESENTATION('',(#447),#453);
#447 = B_SPLINE_CURVE_WITH_KNOTS('',4,(#448,#449,#450,#451,#452),
  .UNSPECIFIED.,.F.,.F.,(5,5),(0.,1.),.PIECEWISE_BEZIER_KNOTS.);
#448 = CARTESIAN_POINT('',(0.416272519779,7.598130620289E-03));
#449 = CARTESIAN_POINT('',(0.416716418981,5.717676265567E-03));
#450 = CARTESIAN_POINT('',(0.417089938534,3.821856667265E-03));
#451 = CARTESIAN_POINT('',(0.41740256062,1.915225935358E-03));
#452 = CARTESIAN_POINT('',(0.417657954617,0.));
#453 = ( GEOMETRIC_REPRESENTATION_CONTEXT(2) 
PARAMETRIC_REPRESENTATION_CONTEXT() REPRESENTATION_CONTEXT('2D SPACE',''
  ) );
#454 = PCURVE('',#381,#455);
#455 = DEFINITIONAL_REPRESENTATION('',(#456),#462);
#456 = B_SPLINE_CURVE_WITH_KNOTS('',4,(#457,#458,#459,#460,#461),
  .UNSPECIFIED.,.F.,.F.,(5,5),(0.,1.),.PIECEWISE_BEZIER_KNOTS.);
#457 = CARTESIAN_POINT('',(-3.399532267647,-4.2000006));
#458 = CARTESIAN_POINT('',(-3.449249544193,-4.001596165287));
#459 = CARTESIAN_POINT('',(-3.497478399072,-3.801843010445));
#460 = CARTESIAN_POINT('',(-3.544691372255,-3.601231621459));
#461 = CARTESIAN_POINT('',(-3.59116831759,-3.4));
#462 = ( GEOMETRIC_REPRESENTATION_CONTEXT(2) 
PARAMETRIC_REPRESENTATION_CONTEXT() REPRESENTATION_CONTEXT('2D SPACE',''
  ) );
#463 = ORIENTED_EDGE('',*,*,#464,.T.);
#464 = EDGE_CURVE('',#436,#465,#467,.T.);
#465 = VERTEX_POINT('',#466);
#466 = CARTESIAN_POINT('',(-18.25157898203,-33.91354149289,-105.));
#467 = SURFACE_CURVE('',#468,(#484,#491),.PCURVE_S1.);
#468 = B_SPLINE_CURVE_WITH_KNOTS('',14,(#469,#470,#471,#472,#473,#474,
    #475,#476,#477,#478,#479,#480,#481,#482,#483),.UNSPECIFIED.,.T.,.F.,
  (15,15),(0.,1.),.PIECEWISE_BEZIER_KNOTS.);
#469 = CARTESIAN_POINT('',(21.,-26.,-105.));
#470 = CARTESIAN_POINT('',(21.000000000002,-18.81921679178,-105.));
#471 = CARTESIAN_POINT('',(16.444798414805,-11.638430933,-105.));
#472 = CARTESIAN_POINT('',(7.334389421048,-6.274890454822,-105.));
#473 = CARTESIAN_POINT('',(-4.968822909489,-4.545638466797,-105.));
#474 = CARTESIAN_POINT('',(-17.74028886851,-7.616370223819,-105.));
#475 = CARTESIAN_POINT('',(-27.48987573476,-15.34583607578,-105.));
#476 = CARTESIAN_POINT('',(-31.16040064309,-25.99999999977,-105.));
#477 = CARTESIAN_POINT('',(-27.48987573476,-36.65416392462,-105.));
#478 = CARTESIAN_POINT('',(-17.74028886851,-44.38362977586,-105.));
#479 = CARTESIAN_POINT('',(-4.968822909488,-47.4543615334,-105.));
#480 = CARTESIAN_POINT('',(7.334389421048,-45.72510954507,-105.));
#481 = CARTESIAN_POINT('',(16.444798414805,-40.36156906703,-105.));
#482 = CARTESIAN_POINT('',(21.000000000002,-33.1807832082,-105.));
#483 = CARTESIAN_POINT('',(21.,-26.,-105.));
#484 = PCURVE('',#36,#485);
#485 = DEFINITIONAL_REPRESENTATION('',(#486),#490);
#486 = LINE('',#487,#488);
#487 = CARTESIAN_POINT('',(0.,0.));
#488 = VECTOR('',#489,1.);
#489 = DIRECTION('',(1.,0.));
#490 = ( GEOMETRIC_REPRESENTATION_CONTEXT(2) 
PARAMETRIC_REPRESENTATION_CONTEXT() REPRESENTATION_CONTEXT('2D SPACE',''
  ) );
#491 = PCURVE('',#184,#492);
#492 = DEFINITIONAL_REPRESENTATION('',(#493),#509);
#493 = B_SPLINE_CURVE_WITH_KNOTS('',14,(#494,#495,#496,#497,#498,#499,
    #500,#501,#502,#503,#504,#505,#506,#507,#508),.UNSPECIFIED.,.F.,.F.,
  (15,15),(0.,1.),.PIECEWISE_BEZIER_KNOTS.);
#494 = CARTESIAN_POINT('',(0.,0.));
#495 = CARTESIAN_POINT('',(-2.04281036531E-12,-7.180783208211));
#496 = CARTESIAN_POINT('',(4.555201585195,-14.36156906699));
#497 = CARTESIAN_POINT('',(13.665610578952,-19.72510954517));
#498 = CARTESIAN_POINT('',(25.968822909489,-21.4543615332));
#499 = CARTESIAN_POINT('',(38.740288868512,-18.38362977618));
#500 = CARTESIAN_POINT('',(48.489875734768,-10.65416392421));
#501 = CARTESIAN_POINT('',(52.160400643092,-2.264890497372E-10));
#502 = CARTESIAN_POINT('',(48.489875734766,10.654163924627));
#503 = CARTESIAN_POINT('',(38.740288868514,18.383629775861));
#504 = CARTESIAN_POINT('',(25.968822909488,21.454361533405));
#505 = CARTESIAN_POINT('',(13.665610578952,19.725109545078));
#506 = CARTESIAN_POINT('',(4.555201585195,14.361569067035));
#507 = CARTESIAN_POINT('',(-2.053468506347E-12,7.180783208203));
#508 = CARTESIAN_POINT('',(1.06581410364E-14,4.973799150321E-14));
#509 = ( GEOMETRIC_REPRESENTATION_CONTEXT(2) 
PARAMETRIC_REPRESENTATION_CONTEXT() REPRESENTATION_CONTEXT('2D SPACE',''
  ) );
#510 = ORIENTED_EDGE('',*,*,#511,.T.);
#511 = EDGE_CURVE('',#465,#512,#514,.T.);
#512 = VERTEX_POINT('',#513);
#513 = CARTESIAN_POINT('',(-18.31578626778,-34.05812210878,-104.2));
#514 = SURFACE_CURVE('',#515,(#521,#530),.PCURVE_S1.);
#515 = B_SPLINE_CURVE_WITH_KNOTS('',4,(#516,#517,#518,#519,#520),
  .UNSPECIFIED.,.F.,.F.,(5,5),(0.,1.),.PIECEWISE_BEZIER_KNOTS.);
#516 = CARTESIAN_POINT('',(-18.25157898203,-33.91354149289,-105.));
#517 = CARTESIAN_POINT('',(-18.27015363543,-33.95203564514,
    -104.8003753278));
#518 = CARTESIAN_POINT('',(-18.28692849503,-33.98904201628,
    -104.6004871675));
#519 = CARTESIAN_POINT('',(-18.30208409404,-34.02443269954,
    -104.4003550399));
#520 = CARTESIAN_POINT('',(-18.31578630881,-34.05812220967,-104.1999994)
  );
#521 = PCURVE('',#36,#522);
#522 = DEFINITIONAL_REPRESENTATION('',(#523),#529);
#523 = B_SPLINE_CURVE_WITH_KNOTS('',4,(#524,#525,#526,#527,#528),
  .UNSPECIFIED.,.F.,.F.,(5,5),(0.,1.),.PIECEWISE_BEZIER_KNOTS.);
#524 = CARTESIAN_POINT('',(0.582342045383,0.));
#525 = CARTESIAN_POINT('',(0.583078347634,1.899931763187E-03));
#526 = CARTESIAN_POINT('',(0.583805415845,3.799721226148E-03));
#527 = CARTESIAN_POINT('',(0.584521680853,5.699182967513E-03));
#528 = CARTESIAN_POINT('',(0.585226036756,7.598130620289E-03));
#529 = ( GEOMETRIC_REPRESENTATION_CONTEXT(2) 
PARAMETRIC_REPRESENTATION_CONTEXT() REPRESENTATION_CONTEXT('2D SPACE',''
  ) );
#530 = PCURVE('',#531,#536);
#531 = CYLINDRICAL_SURFACE('',#532,2.5);
#532 = AXIS2_PLACEMENT_3D('',#533,#534,#535);
#533 = CARTESIAN_POINT('',(-16.,-35.,-108.4));
#534 = DIRECTION('',(-0.,-0.,-1.));
#535 = DIRECTION('',(1.,0.,0.));
#536 = DEFINITIONAL_REPRESENTATION('',(#537),#543);
#537 = B_SPLINE_CURVE_WITH_KNOTS('',4,(#538,#539,#540,#541,#542),
  .UNSPECIFIED.,.F.,.F.,(5,5),(0.,1.),.PIECEWISE_BEZIER_KNOTS.);
#538 = CARTESIAN_POINT('',(-2.692016989589,-3.4));
#539 = CARTESIAN_POINT('',(-2.709113503883,-3.599624672112));
#540 = CARTESIAN_POINT('',(-2.725361246044,-3.799512832478));
#541 = CARTESIAN_POINT('',(-2.740758429217,-3.99964496007));
#542 = CARTESIAN_POINT('',(-2.75530619211,-4.2000006));
#543 = ( GEOMETRIC_REPRESENTATION_CONTEXT(2) 
PARAMETRIC_REPRESENTATION_CONTEXT() REPRESENTATION_CONTEXT('2D SPACE',''
  ) );
#544 = ORIENTED_EDGE('',*,*,#545,.F.);
#545 = EDGE_CURVE('',#546,#512,#548,.T.);
#546 = VERTEX_POINT('',#547);
#547 = CARTESIAN_POINT('',(-15.00370020332,-37.29289919428,-104.2));
#548 = SURFACE_CURVE('',#549,(#557,#568),.PCURVE_S1.);
#549 = B_SPLINE_CURVE_WITH_KNOTS('',6,(#550,#551,#552,#553,#554,#555,
    #556),.UNSPECIFIED.,.F.,.F.,(7,7),(0.,1.),.PIECEWISE_BEZIER_KNOTS.);
#550 = CARTESIAN_POINT('',(-14.72469354425,-37.5,-104.2));
#551 = CARTESIAN_POINT('',(-15.43772760447,-36.98033026115,-104.2));
#552 = CARTESIAN_POINT('',(-16.1231854093,-36.42290561586,-104.2));
#553 = CARTESIAN_POINT('',(-16.77717145309,-35.8274069103,-104.2));
#554 = CARTESIAN_POINT('',(-17.39494608841,-35.19393600644,-104.2));
#555 = CARTESIAN_POINT('',(-17.9711256026,-34.52322774891,-104.2));
#556 = CARTESIAN_POINT('',(-18.5,-33.81696576868,-104.2));
#557 = PCURVE('',#36,#558);
#558 = DEFINITIONAL_REPRESENTATION('',(#559),#567);
#559 = B_SPLINE_CURVE_WITH_KNOTS('',6,(#560,#561,#562,#563,#564,#565,
    #566),.UNSPECIFIED.,.F.,.F.,(7,7),(0.,1.),.PIECEWISE_BEZIER_KNOTS.);
#560 = CARTESIAN_POINT('',(0.628497490763,7.598124933558E-03));
#561 = CARTESIAN_POINT('',(0.621122008562,7.598124933558E-03));
#562 = CARTESIAN_POINT('',(0.613639266696,7.598124933558E-03));
#563 = CARTESIAN_POINT('',(0.606039611264,7.598124933558E-03));
#564 = CARTESIAN_POINT('',(0.598316699492,7.598124933558E-03));
#565 = CARTESIAN_POINT('',(0.59046645997,7.598124933558E-03));
#566 = CARTESIAN_POINT('',(0.582488288683,7.598124933558E-03));
#567 = ( GEOMETRIC_REPRESENTATION_CONTEXT(2) 
PARAMETRIC_REPRESENTATION_CONTEXT() REPRESENTATION_CONTEXT('2D SPACE',''
  ) );
#568 = PCURVE('',#569,#574);
#569 = PLANE('',#570);
#570 = AXIS2_PLACEMENT_3D('',#571,#572,#573);
#571 = CARTESIAN_POINT('',(-16.,-35.,-104.2));
#572 = DIRECTION('',(0.,0.,1.));
#573 = DIRECTION('',(1.,0.,-0.));
#574 = DEFINITIONAL_REPRESENTATION('',(#575),#583);
#575 = B_SPLINE_CURVE_WITH_KNOTS('',6,(#576,#577,#578,#579,#580,#581,
    #582),.UNSPECIFIED.,.F.,.F.,(7,7),(0.,1.),.PIECEWISE_BEZIER_KNOTS.);
#576 = CARTESIAN_POINT('',(1.275306455741,-2.5));
#577 = CARTESIAN_POINT('',(0.562272395522,-1.980330261155));
#578 = CARTESIAN_POINT('',(-0.123185409307,-1.422905615866));
#579 = CARTESIAN_POINT('',(-0.777171453095,-0.827406910307));
#580 = CARTESIAN_POINT('',(-1.394946088415,-0.193936006441));
#581 = CARTESIAN_POINT('',(-1.971125602608,0.476772251089));
#582 = CARTESIAN_POINT('',(-2.5,1.183034231312));
#583 = ( GEOMETRIC_REPRESENTATION_CONTEXT(2) 
PARAMETRIC_REPRESENTATION_CONTEXT() REPRESENTATION_CONTEXT('2D SPACE',''
  ) );
#584 = ORIENTED_EDGE('',*,*,#585,.T.);
#585 = EDGE_CURVE('',#546,#586,#588,.T.);
#586 = VERTEX_POINT('',#587);
#587 = CARTESIAN_POINT('',(-14.92389287676,-37.25654458394,-105.));
#588 = SURFACE_CURVE('',#589,(#595,#604),.PCURVE_S1.);
#589 = B_SPLINE_CURVE_WITH_KNOTS('',4,(#590,#591,#592,#593,#594),
  .UNSPECIFIED.,.F.,.F.,(5,5),(0.,1.),.PIECEWISE_BEZIER_KNOTS.);
#590 = CARTESIAN_POINT('',(-15.00370025571,-37.29289921704,-104.1999994)
  );
#591 = CARTESIAN_POINT('',(-14.98622087253,-37.28530415798,
    -104.4001739032));
#592 = CARTESIAN_POINT('',(-14.96707314895,-37.27677296909,
    -104.6002432847));
#593 = CARTESIAN_POINT('',(-14.94628177321,-37.26722146182,
    -104.8001910202));
#594 = CARTESIAN_POINT('',(-14.92389287676,-37.25654458394,-105.));
#595 = PCURVE('',#36,#596);
#596 = DEFINITIONAL_REPRESENTATION('',(#597),#603);
#597 = B_SPLINE_CURVE_WITH_KNOTS('',4,(#598,#599,#600,#601,#602),
  .UNSPECIFIED.,.F.,.F.,(5,5),(0.,1.),.PIECEWISE_BEZIER_KNOTS.);
#598 = CARTESIAN_POINT('',(0.625585853109,7.598130620289E-03));
#599 = CARTESIAN_POINT('',(0.625237358363,5.700899759912E-03));
#600 = CARTESIAN_POINT('',(0.624890301406,3.80203748333E-03));
#601 = CARTESIAN_POINT('',(0.624544095149,1.901685914789E-03));
#602 = CARTESIAN_POINT('',(0.624197867683,0.));
#603 = ( GEOMETRIC_REPRESENTATION_CONTEXT(2) 
PARAMETRIC_REPRESENTATION_CONTEXT() REPRESENTATION_CONTEXT('2D SPACE',''
  ) );
#604 = PCURVE('',#531,#605);
#605 = DEFINITIONAL_REPRESENTATION('',(#606),#612);
#606 = B_SPLINE_CURVE_WITH_KNOTS('',4,(#607,#608,#609,#610,#611),
  .UNSPECIFIED.,.F.,.F.,(5,5),(0.,1.),.PIECEWISE_BEZIER_KNOTS.);
#607 = CARTESIAN_POINT('',(-5.122291470468,-4.2000006));
#608 = CARTESIAN_POINT('',(-5.129914737572,-3.999826096732));
#609 = CARTESIAN_POINT('',(-5.138299316166,-3.79975671527));
#610 = CARTESIAN_POINT('',(-5.14745056646,-3.599808979752));
#611 = CARTESIAN_POINT('',(-5.157372327638,-3.4));
#612 = ( GEOMETRIC_REPRESENTATION_CONTEXT(2) 
PARAMETRIC_REPRESENTATION_CONTEXT() REPRESENTATION_CONTEXT('2D SPACE',''
  ) );
#613 = ORIENTED_EDGE('',*,*,#614,.T.);
#614 = EDGE_CURVE('',#586,#615,#617,.T.);
#615 = VERTEX_POINT('',#616);
#616 = CARTESIAN_POINT('',(14.92389286567,-37.25654457865,-105.));
#617 = SURFACE_CURVE('',#618,(#634,#641),.PCURVE_S1.);
#618 = B_SPLINE_CURVE_WITH_KNOTS('',14,(#619,#620,#621,#622,#623,#624,
    #625,#626,#627,#628,#629,#630,#631,#632,#633),.UNSPECIFIED.,.T.,.F.,
  (15,15),(0.,1.),.PIECEWISE_BEZIER_KNOTS.);
#619 = CARTESIAN_POINT('',(21.,-26.,-105.));
#620 = CARTESIAN_POINT('',(21.000000000002,-18.81921679178,-105.));
#621 = CARTESIAN_POINT('',(16.444798414805,-11.638430933,-105.));
#622 = CARTESIAN_POINT('',(7.334389421048,-6.274890454822,-105.));
#623 = CARTESIAN_POINT('',(-4.968822909489,-4.545638466797,-105.));
#624 = CARTESIAN_POINT('',(-17.74028886851,-7.616370223819,-105.));
#625 = CARTESIAN_POINT('',(-27.48987573476,-15.34583607578,-105.));
#626 = CARTESIAN_POINT('',(-31.16040064309,-25.99999999977,-105.));
#627 = CARTESIAN_POINT('',(-27.48987573476,-36.65416392462,-105.));
#628 = CARTESIAN_POINT('',(-17.74028886851,-44.38362977586,-105.));
#629 = CARTESIAN_POINT('',(-4.968822909488,-47.4543615334,-105.));
#630 = CARTESIAN_POINT('',(7.334389421048,-45.72510954507,-105.));
#631 = CARTESIAN_POINT('',(16.444798414805,-40.36156906703,-105.));
#632 = CARTESIAN_POINT('',(21.000000000002,-33.1807832082,-105.));
#633 = CARTESIAN_POINT('',(21.,-26.,-105.));
#634 = PCURVE('',#36,#635);
#635 = DEFINITIONAL_REPRESENTATION('',(#636),#640);
#636 = LINE('',#637,#638);
#637 = CARTESIAN_POINT('',(0.,0.));
#638 = VECTOR('',#639,1.);
#639 = DIRECTION('',(1.,0.));
#640 = ( GEOMETRIC_REPRESENTATION_CONTEXT(2) 
PARAMETRIC_REPRESENTATION_CONTEXT() REPRESENTATION_CONTEXT('2D SPACE',''
  ) );
#641 = PCURVE('',#184,#642);
#642 = DEFINITIONAL_REPRESENTATION('',(#643),#659);
#643 = B_SPLINE_CURVE_WITH_KNOTS('',14,(#644,#645,#646,#647,#648,#649,
    #650,#651,#652,#653,#654,#655,#656,#657,#658),.UNSPECIFIED.,.F.,.F.,
  (15,15),(0.,1.),.PIECEWISE_BEZIER_KNOTS.);
#644 = CARTESIAN_POINT('',(0.,0.));
#645 = CARTESIAN_POINT('',(-2.04281036531E-12,-7.180783208211));
#646 = CARTESIAN_POINT('',(4.555201585195,-14.36156906699));
#647 = CARTESIAN_POINT('',(13.665610578952,-19.72510954517));
#648 = CARTESIAN_POINT('',(25.968822909489,-21.4543615332));
#649 = CARTESIAN_POINT('',(38.740288868512,-18.38362977618));
#650 = CARTESIAN_POINT('',(48.489875734768,-10.65416392421));
#651 = CARTESIAN_POINT('',(52.160400643092,-2.264890497372E-10));
#652 = CARTESIAN_POINT('',(48.489875734766,10.654163924627));
#653 = CARTESIAN_POINT('',(38.740288868514,18.383629775861));
#654 = CARTESIAN_POINT('',(25.968822909488,21.454361533405));
#655 = CARTESIAN_POINT('',(13.665610578952,19.725109545078));
#656 = CARTESIAN_POINT('',(4.555201585195,14.361569067035));
#657 = CARTESIAN_POINT('',(-2.053468506347E-12,7.180783208203));
#658 = CARTESIAN_POINT('',(1.06581410364E-14,4.973799150321E-14));
#659 = ( GEOMETRIC_REPRESENTATION_CONTEXT(2) 
PARAMETRIC_REPRESENTATION_CONTEXT() REPRESENTATION_CONTEXT('2D SPACE',''
  ) );
#660 = ORIENTED_EDGE('',*,*,#661,.T.);
#661 = EDGE_CURVE('',#615,#662,#664,.T.);
#662 = VERTEX_POINT('',#663);
#663 = CARTESIAN_POINT('',(15.003700192464,-37.29289918956,-104.2));
#664 = SURFACE_CURVE('',#665,(#671,#680),.PCURVE_S1.);
#665 = B_SPLINE_CURVE_WITH_KNOTS('',4,(#666,#667,#668,#669,#670),
  .UNSPECIFIED.,.F.,.F.,(5,5),(0.,1.),.PIECEWISE_BEZIER_KNOTS.);
#666 = CARTESIAN_POINT('',(14.92389286567,-37.25654457865,-105.));
#667 = CARTESIAN_POINT('',(14.946281765345,-37.2672214582,
    -104.8001909917));
#668 = CARTESIAN_POINT('',(14.967073136264,-37.27677296332,
    -104.6002433015));
#669 = CARTESIAN_POINT('',(14.986220863997,-37.28530415417,
    -104.4001738758));
#670 = CARTESIAN_POINT('',(15.003700244857,-37.29289921233,-104.1999994)
  );
#671 = PCURVE('',#36,#672);
#672 = DEFINITIONAL_REPRESENTATION('',(#673),#679);
#673 = B_SPLINE_CURVE_WITH_KNOTS('',4,(#674,#675,#676,#677,#678),
  .UNSPECIFIED.,.F.,.F.,(5,5),(0.,1.),.PIECEWISE_BEZIER_KNOTS.);
#674 = CARTESIAN_POINT('',(0.875802132194,0.));
#675 = CARTESIAN_POINT('',(0.875455904679,1.901686185598E-03));
#676 = CARTESIAN_POINT('',(0.875109698502,3.802037323809E-03));
#677 = CARTESIAN_POINT('',(0.874762641468,5.700900019927E-03));
#678 = CARTESIAN_POINT('',(0.874414146771,7.598130620289E-03));
#679 = ( GEOMETRIC_REPRESENTATION_CONTEXT(2) 
PARAMETRIC_REPRESENTATION_CONTEXT() REPRESENTATION_CONTEXT('2D SPACE',''
  ) );
#680 = PCURVE('',#681,#686);
#681 = CYLINDRICAL_SURFACE('',#682,2.5);
#682 = AXIS2_PLACEMENT_3D('',#683,#684,#685);
#683 = CARTESIAN_POINT('',(16.,-35.,-108.4));
#684 = DIRECTION('',(-0.,-0.,-1.));
#685 = DIRECTION('',(1.,0.,0.));
#686 = DEFINITIONAL_REPRESENTATION('',(#687),#693);
#687 = B_SPLINE_CURVE_WITH_KNOTS('',4,(#688,#689,#690,#691,#692),
  .UNSPECIFIED.,.F.,.F.,(5,5),(0.,1.),.PIECEWISE_BEZIER_KNOTS.);
#688 = CARTESIAN_POINT('',(-4.267405628215,-3.4));
#689 = CARTESIAN_POINT('',(-4.277327390846,-3.599809008205));
#690 = CARTESIAN_POINT('',(-4.286478639021,-3.799756698475));
#691 = CARTESIAN_POINT('',(-4.294863219456,-3.999826124166));
#692 = CARTESIAN_POINT('',(-4.302486485566,-4.2000006));
#693 = ( GEOMETRIC_REPRESENTATION_CONTEXT(2) 
PARAMETRIC_REPRESENTATION_CONTEXT() REPRESENTATION_CONTEXT('2D SPACE',''
  ) );
#694 = ORIENTED_EDGE('',*,*,#695,.F.);
#695 = EDGE_CURVE('',#696,#662,#698,.T.);
#696 = VERTEX_POINT('',#697);
#697 = CARTESIAN_POINT('',(18.315786260912,-34.05812209189,-104.2));
#698 = SURFACE_CURVE('',#699,(#707,#718),.PCURVE_S1.);
#699 = B_SPLINE_CURVE_WITH_KNOTS('',6,(#700,#701,#702,#703,#704,#705,
    #706),.UNSPECIFIED.,.F.,.F.,(7,7),(0.,1.),.PIECEWISE_BEZIER_KNOTS.);
#700 = CARTESIAN_POINT('',(18.5,-33.81696574523,-104.2));
#701 = CARTESIAN_POINT('',(17.971125596513,-34.52322772619,-104.2));
#702 = CARTESIAN_POINT('',(17.394946078243,-35.1939359856,-104.2));
#703 = CARTESIAN_POINT('',(16.777171441133,-35.82740689347,-104.2));
#704 = CARTESIAN_POINT('',(16.123185396647,-36.4229056044,-104.2));
#705 = CARTESIAN_POINT('',(15.437727591126,-36.98033025553,-104.2));
#706 = CARTESIAN_POINT('',(14.724693529638,-37.5,-104.2));
#707 = PCURVE('',#36,#708);
#708 = DEFINITIONAL_REPRESENTATION('',(#709),#717);
#709 = B_SPLINE_CURVE_WITH_KNOTS('',6,(#710,#711,#712,#713,#714,#715,
    #716),.UNSPECIFIED.,.F.,.F.,(7,7),(0.,1.),.PIECEWISE_BEZIER_KNOTS.);
#710 = CARTESIAN_POINT('',(0.917511711413,7.598124933558E-03));
#711 = CARTESIAN_POINT('',(0.909533540026,7.598124933558E-03));
#712 = CARTESIAN_POINT('',(0.901683300441,7.598124933558E-03));
#713 = CARTESIAN_POINT('',(0.893960388633,7.598124933558E-03));
#714 = CARTESIAN_POINT('',(0.88636073318,7.598124933558E-03));
#715 = CARTESIAN_POINT('',(0.878877991295,7.598124933558E-03));
#716 = CARTESIAN_POINT('',(0.871502509074,7.598124933558E-03));
#717 = ( GEOMETRIC_REPRESENTATION_CONTEXT(2) 
PARAMETRIC_REPRESENTATION_CONTEXT() REPRESENTATION_CONTEXT('2D SPACE',''
  ) );
#718 = PCURVE('',#719,#724);
#719 = PLANE('',#720);
#720 = AXIS2_PLACEMENT_3D('',#721,#722,#723);
#721 = CARTESIAN_POINT('',(16.,-35.,-104.2));
#722 = DIRECTION('',(0.,0.,1.));
#723 = DIRECTION('',(1.,0.,-0.));
#724 = DEFINITIONAL_REPRESENTATION('',(#725),#733);
#725 = B_SPLINE_CURVE_WITH_KNOTS('',6,(#726,#727,#728,#729,#730,#731,
    #732),.UNSPECIFIED.,.F.,.F.,(7,7),(0.,1.),.PIECEWISE_BEZIER_KNOTS.);
#726 = CARTESIAN_POINT('',(2.5,1.183034254768));
#727 = CARTESIAN_POINT('',(1.971125596513,0.476772273807));
#728 = CARTESIAN_POINT('',(1.394946078243,-0.193935985603));
#729 = CARTESIAN_POINT('',(0.777171441133,-0.827406893479));
#730 = CARTESIAN_POINT('',(0.123185396647,-1.422905604407));
#731 = CARTESIAN_POINT('',(-0.562272408874,-1.980330255536));
#732 = CARTESIAN_POINT('',(-1.275306470362,-2.5));
#733 = ( GEOMETRIC_REPRESENTATION_CONTEXT(2) 
PARAMETRIC_REPRESENTATION_CONTEXT() REPRESENTATION_CONTEXT('2D SPACE',''
  ) );
#734 = ORIENTED_EDGE('',*,*,#735,.T.);
#735 = EDGE_CURVE('',#696,#736,#738,.T.);
#736 = VERTEX_POINT('',#737);
#737 = CARTESIAN_POINT('',(18.251578975292,-33.91354147892,-105.));
#738 = SURFACE_CURVE('',#739,(#745,#754),.PCURVE_S1.);
#739 = B_SPLINE_CURVE_WITH_KNOTS('',4,(#740,#741,#742,#743,#744),
  .UNSPECIFIED.,.F.,.F.,(5,5),(0.,1.),.PIECEWISE_BEZIER_KNOTS.);
#740 = CARTESIAN_POINT('',(18.315786301946,-34.05812219278,-104.1999994)
  );
#741 = CARTESIAN_POINT('',(18.302084084608,-34.02443267704,
    -104.4003550774));
#742 = CARTESIAN_POINT('',(18.286928490343,-33.98904200554,
    -104.6004871415));
#743 = CARTESIAN_POINT('',(18.270153624306,-33.95203562147,
    -104.8003753741));
#744 = CARTESIAN_POINT('',(18.251578975292,-33.91354147892,-105.));
#745 = PCURVE('',#36,#746);
#746 = DEFINITIONAL_REPRESENTATION('',(#747),#753);
#747 = B_SPLINE_CURVE_WITH_KNOTS('',4,(#748,#749,#750,#751,#752),
  .UNSPECIFIED.,.F.,.F.,(5,5),(0.,1.),.PIECEWISE_BEZIER_KNOTS.);
#748 = CARTESIAN_POINT('',(0.914773963236,7.598130620289E-03));
#749 = CARTESIAN_POINT('',(0.915478319271,5.699182612357E-03));
#750 = CARTESIAN_POINT('',(0.916194584054,3.799721473377E-03));
#751 = CARTESIAN_POINT('',(0.916921652529,1.899931322452E-03));
#752 = CARTESIAN_POINT('',(0.91765795461,0.));
#753 = ( GEOMETRIC_REPRESENTATION_CONTEXT(2) 
PARAMETRIC_REPRESENTATION_CONTEXT() REPRESENTATION_CONTEXT('2D SPACE',''
  ) );
#754 = PCURVE('',#681,#755);
#755 = DEFINITIONAL_REPRESENTATION('',(#756),#762);
#756 = B_SPLINE_CURVE_WITH_KNOTS('',4,(#757,#758,#759,#760,#761),
  .UNSPECIFIED.,.F.,.F.,(5,5),(0.,1.),.PIECEWISE_BEZIER_KNOTS.);
#757 = CARTESIAN_POINT('',(-0.386286468772,-4.2000006));
#758 = CARTESIAN_POINT('',(-0.400834234133,-3.999644922598));
#759 = CARTESIAN_POINT('',(-0.41623141221,-3.799512858496));
#760 = CARTESIAN_POINT('',(-0.432479160167,-3.599624625804));
#761 = CARTESIAN_POINT('',(-0.449575670207,-3.4));
#762 = ( GEOMETRIC_REPRESENTATION_CONTEXT(2) 
PARAMETRIC_REPRESENTATION_CONTEXT() REPRESENTATION_CONTEXT('2D SPACE',''
  ) );
#763 = ORIENTED_EDGE('',*,*,#764,.T.);
#764 = EDGE_CURVE('',#736,#22,#765,.T.);
#765 = SURFACE_CURVE('',#766,(#782,#789),.PCURVE_S1.);
#766 = B_SPLINE_CURVE_WITH_KNOTS('',14,(#767,#768,#769,#770,#771,#772,
    #773,#774,#775,#776,#777,#778,#779,#780,#781),.UNSPECIFIED.,.T.,.F.,
  (15,15),(0.,1.),.PIECEWISE_BEZIER_KNOTS.);
#767 = CARTESIAN_POINT('',(21.,-26.,-105.));
#768 = CARTESIAN_POINT('',(21.000000000002,-18.81921679178,-105.));
#769 = CARTESIAN_POINT('',(16.444798414805,-11.638430933,-105.));
#770 = CARTESIAN_POINT('',(7.334389421048,-6.274890454822,-105.));
#771 = CARTESIAN_POINT('',(-4.968822909489,-4.545638466797,-105.));
#772 = CARTESIAN_POINT('',(-17.74028886851,-7.616370223819,-105.));
#773 = CARTESIAN_POINT('',(-27.48987573476,-15.34583607578,-105.));
#774 = CARTESIAN_POINT('',(-31.16040064309,-25.99999999977,-105.));
#775 = CARTESIAN_POINT('',(-27.48987573476,-36.65416392462,-105.));
#776 = CARTESIAN_POINT('',(-17.74028886851,-44.38362977586,-105.));
#777 = CARTESIAN_POINT('',(-4.968822909488,-47.4543615334,-105.));
#778 = CARTESIAN_POINT('',(7.334389421048,-45.72510954507,-105.));
#779 = CARTESIAN_POINT('',(16.444798414805,-40.36156906703,-105.));
#780 = CARTESIAN_POINT('',(21.000000000002,-33.1807832082,-105.));
#781 = CARTESIAN_POINT('',(21.,-26.,-105.));
#782 = PCURVE('',#36,#783);
#783 = DEFINITIONAL_REPRESENTATION('',(#784),#788);
#784 = LINE('',#785,#786);
#785 = CARTESIAN_POINT('',(0.,0.));
#786 = VECTOR('',#787,1.);
#787 = DIRECTION('',(1.,0.));
#788 = ( GEOMETRIC_REPRESENTATION_CONTEXT(2) 
PARAMETRIC_REPRESENTATION_CONTEXT() REPRESENTATION_CONTEXT('2D SPACE',''
  ) );
#789 = PCURVE('',#184,#790);
#790 = DEFINITIONAL_REPRESENTATION('',(#791),#807);
#791 = B_SPLINE_CURVE_WITH_KNOTS('',14,(#792,#793,#794,#795,#796,#797,
    #798,#799,#800,#801,#802,#803,#804,#805,#806),.UNSPECIFIED.,.F.,.F.,
  (15,15),(0.,1.),.PIECEWISE_BEZIER_KNOTS.);
#792 = CARTESIAN_POINT('',(0.,0.));
#793 = CARTESIAN_POINT('',(-2.04281036531E-12,-7.180783208211));
#794 = CARTESIAN_POINT('',(4.555201585195,-14.36156906699));
#795 = CARTESIAN_POINT('',(13.665610578952,-19.72510954517));
#796 = CARTESIAN_POINT('',(25.968822909489,-21.4543615332));
#797 = CARTESIAN_POINT('',(38.740288868512,-18.38362977618));
#798 = CARTESIAN_POINT('',(48.489875734768,-10.65416392421));
#799 = CARTESIAN_POINT('',(52.160400643092,-2.264890497372E-10));
#800 = CARTESIAN_POINT('',(48.489875734766,10.654163924627));
#801 = CARTESIAN_POINT('',(38.740288868514,18.383629775861));
#802 = CARTESIAN_POINT('',(25.968822909488,21.454361533405));
#803 = CARTESIAN_POINT('',(13.665610578952,19.725109545078));
#804 = CARTESIAN_POINT('',(4.555201585195,14.361569067035));
#805 = CARTESIAN_POINT('',(-2.053468506347E-12,7.180783208203));
#806 = CARTESIAN_POINT('',(1.06581410364E-14,4.973799150321E-14));
#807 = ( GEOMETRIC_REPRESENTATION_CONTEXT(2) 
PARAMETRIC_REPRESENTATION_CONTEXT() REPRESENTATION_CONTEXT('2D SPACE',''
  ) );
#808 = ORIENTED_EDGE('',*,*,#21,.T.);
#809 = ORIENTED_EDGE('',*,*,#810,.T.);
#810 = EDGE_CURVE('',#24,#24,#811,.T.);
#811 = SURFACE_CURVE('',#812,(#971,#1133),.PCURVE_S1.);
#812 = B_SPLINE_CURVE_WITH_KNOTS('',7,(#813,#814,#815,#816,#817,#818,
    #819,#820,#821,#822,#823,#824,#825,#826,#827,#828,#829,#830,#831,
    #832,#833,#834,#835,#836,#837,#838,#839,#840,#841,#842,#843,#844,
    #845,#846,#847,#848,#849,#850,#851,#852,#853,#854,#855,#856,#857,
    #858,#859,#860,#861,#862,#863,#864,#865,#866,#867,#868,#869,#870,
    #871,#872,#873,#874,#875,#876,#877,#878,#879,#880,#881,#882,#883,
    #884,#885,#886,#887,#888,#889,#890,#891,#892,#893,#894,#895,#896,
    #897,#898,#899,#900,#901,#902,#903,#904,#905,#906,#907,#908,#909,
    #910,#911,#912,#913,#914,#915,#916,#917,#918,#919,#920,#921,#922,
    #923,#924,#925,#926,#927,#928,#929,#930,#931,#932,#933,#934,#935,
    #936,#937,#938,#939,#940,#941,#942,#943,#944,#945,#946,#947,#948,
    #949,#950,#951,#952,#953,#954,#955,#956,#957,#958,#959,#960,#961,
    #962,#963,#964,#965,#966,#967,#968,#969,#970),.UNSPECIFIED.,.T.,.F.,
  (8,6,6,6,6,6,6,6,6,6,6,6,6,6,6,6,6,6,6,6,6,6,6,6,6,6,8),(0.,
    5.297982430631E-02,8.630573988195E-02,0.129022248378,0.161751235841,
    0.186902768941,0.249995927156,0.313089085338,0.338240618426,
    0.370969605859,0.413686114311,0.447012030182,0.464726292657,0.5,
    0.535273707343,0.552987969818,0.586313885689,0.629030394142,
    0.661759381574,0.686910914662,0.750004072845,0.813097231059,
    0.838248764159,0.870977751622,0.913694260118,0.947020175694,1.),
  .UNSPECIFIED.);
#813 = CARTESIAN_POINT('',(34.878796579624,-0.728056738588,4.));
#814 = CARTESIAN_POINT('',(34.87879670828,-2.187198028541,4.));
#815 = CARTESIAN_POINT('',(34.752392706171,-3.647337342386,4.));
#816 = CARTESIAN_POINT('',(34.499278193513,-5.093396311144,4.));
#817 = CARTESIAN_POINT('',(34.124078509617,-6.512914667468,4.));
#818 = CARTESIAN_POINT('',(33.634138290602,-7.895559586704,4.));
#819 = CARTESIAN_POINT('',(33.038694731373,-9.232928539454,4.));
#820 = CARTESIAN_POINT('',(31.913810567432,-11.3269581806,4.));
#821 = CARTESIAN_POINT('',(31.441693077721,-12.11525020756,4.));
#822 = CARTESIAN_POINT('',(30.93423424014,-12.88183105542,4.));
#823 = CARTESIAN_POINT('',(30.393891968097,-13.62565523915,4.));
#824 = CARTESIAN_POINT('',(29.8230718128,-14.34598361833,4.));
#825 = CARTESIAN_POINT('',(29.224054130555,-15.04233115948,4.));
#826 = CARTESIAN_POINT('',(27.797687814378,-16.57591214042,4.));
#827 = CARTESIAN_POINT('',(26.953633173402,-17.39747582905,4.));
#828 = CARTESIAN_POINT('',(26.07116996766,-18.17862635938,4.));
#829 = CARTESIAN_POINT('',(25.154367770935,-18.91922718243,4.));
#830 = CARTESIAN_POINT('',(24.206916620801,-19.61942790372,4.));
#831 = CARTESIAN_POINT('',(23.232068976846,-20.27959257913,4.));
#832 = CARTESIAN_POINT('',(21.466784297758,-21.37575272245,4.));
#833 = CARTESIAN_POINT('',(20.686574697478,-21.8280401714,4.));
#834 = CARTESIAN_POINT('',(19.893226561977,-22.2573037192,4.));
#835 = CARTESIAN_POINT('',(19.087920257263,-22.66376838978,4.));
#836 = CARTESIAN_POINT('',(18.271740889157,-23.04766691779,4.));
#837 = CARTESIAN_POINT('',(17.445676361014,-23.40923579706,4.));
#838 = CARTESIAN_POINT('',(15.968887991227,-24.00959131833,4.));
#839 = CARTESIAN_POINT('',(15.321857415015,-24.25741954093,4.));
#840 = CARTESIAN_POINT('',(14.669932550835,-24.49230105686,4.));
#841 = CARTESIAN_POINT('',(14.013501196213,-24.71433554951,4.));
#842 = CARTESIAN_POINT('',(13.35293009818,-24.92361732567,4.));
#843 = CARTESIAN_POINT('',(12.688564953272,-25.12023531563,4.));
#844 = CARTESIAN_POINT('',(10.345454542425,-25.76593503841,4.));
#845 = CARTESIAN_POINT('',(8.648522879533,-26.14838504614,4.));
#846 = CARTESIAN_POINT('',(6.934840394547,-26.45302367008,4.));
#847 = CARTESIAN_POINT('',(5.208996348798,-26.68081021529,4.));
#848 = CARTESIAN_POINT('',(3.47528746781,-26.83241578184,4.));
#849 = CARTESIAN_POINT('',(1.737721334578,-26.90823141235,4.));
#850 = CARTESIAN_POINT('',(-1.737721338568,-26.90823141338,4.));
#851 = CARTESIAN_POINT('',(-3.475287471061,-26.83241578397,4.));
#852 = CARTESIAN_POINT('',(-5.2089963513,-26.68081021805,4.));
#853 = CARTESIAN_POINT('',(-6.934840396171,-26.45302367239,4.));
#854 = CARTESIAN_POINT('',(-8.648522880068,-26.14838504683,4.));
#855 = CARTESIAN_POINT('',(-10.34545454163,-25.76593503675,4.));
#856 = CARTESIAN_POINT('',(-12.68856495037,-25.12023531094,4.));
#857 = CARTESIAN_POINT('',(-13.35293009468,-24.92361732013,4.));
#858 = CARTESIAN_POINT('',(-14.01350119212,-24.71433554319,4.));
#859 = CARTESIAN_POINT('',(-14.66993254617,-24.49230104991,4.));
#860 = CARTESIAN_POINT('',(-15.32185740983,-24.25741953353,4.));
#861 = CARTESIAN_POINT('',(-15.96888798561,-24.00959131073,4.));
#862 = CARTESIAN_POINT('',(-17.44567635428,-23.40923578985,4.));
#863 = CARTESIAN_POINT('',(-18.27174088184,-23.04766691137,4.));
#864 = CARTESIAN_POINT('',(-19.08792024964,-22.66376838479,4.));
#865 = CARTESIAN_POINT('',(-19.89322655443,-22.25730371631,4.));
#866 = CARTESIAN_POINT('',(-20.68657469044,-21.82804017129,4.));
#867 = CARTESIAN_POINT('',(-21.46678429168,-21.37575272573,4.));
#868 = CARTESIAN_POINT('',(-23.23206897384,-20.27959259124,4.));
#869 = CARTESIAN_POINT('',(-24.20691662009,-19.61942792157,4.));
#870 = CARTESIAN_POINT('',(-25.1543677732,-18.91922720639,4.));
#871 = CARTESIAN_POINT('',(-26.0711699731,-18.17862638912,4.));
#872 = CARTESIAN_POINT('',(-26.95363318149,-17.39747586344,4.));
#873 = CARTESIAN_POINT('',(-27.79768782373,-16.57591217768,4.));
#874 = CARTESIAN_POINT('',(-29.22405414456,-15.04233119163,4.));
#875 = CARTESIAN_POINT('',(-29.82307183059,-14.34598364276,4.));
#876 = CARTESIAN_POINT('',(-30.39389198746,-13.62565525419,4.));
#877 = CARTESIAN_POINT('',(-30.93423425861,-12.88183105954,4.));
#878 = CARTESIAN_POINT('',(-31.44169309301,-12.11525019964,4.));
#879 = CARTESIAN_POINT('',(-31.9138105779,-11.32695816018,4.));
#880 = CARTESIAN_POINT('',(-32.57905346049,-10.08857419814,4.));
#881 = CARTESIAN_POINT('',(-32.79926756567,-9.65304197224,4.));
#882 = CARTESIAN_POINT('',(-33.00844934892,-9.21199372884,4.));
#883 = CARTESIAN_POINT('',(-33.20623955265,-8.765673894684,4.));
#884 = CARTESIAN_POINT('',(-33.39228879487,-8.31435727125,4.));
#885 = CARTESIAN_POINT('',(-33.56626289219,-7.858351377377,4.));
#886 = CARTESIAN_POINT('',(-34.04960652646,-6.481317002158,4.));
#887 = CARTESIAN_POINT('',(-34.32229061218,-5.54726429174,4.));
#888 = CARTESIAN_POINT('',(-34.54333229405,-4.59872682957,4.));
#889 = CARTESIAN_POINT('',(-34.71066112068,-3.638886335503,4.));
#890 = CARTESIAN_POINT('',(-34.82276163712,-2.671229042068,4.));
#891 = CARTESIAN_POINT('',(-34.878796667,-1.699564858722,4.));
#892 = CARTESIAN_POINT('',(-34.878796667,0.243451381547,4.));
#893 = CARTESIAN_POINT('',(-34.82276163712,1.215115564889,4.));
#894 = CARTESIAN_POINT('',(-34.71066112068,2.182772858329,4.));
#895 = CARTESIAN_POINT('',(-34.54333229405,3.142613352396,4.));
#896 = CARTESIAN_POINT('',(-34.32229061219,4.091150814562,4.));
#897 = CARTESIAN_POINT('',(-34.04960652646,5.025203524983,4.));
#898 = CARTESIAN_POINT('',(-33.56626289219,6.402237900201,4.));
#899 = CARTESIAN_POINT('',(-33.39228879487,6.858243794073,4.));
#900 = CARTESIAN_POINT('',(-33.20623955265,7.309560417507,4.));
#901 = CARTESIAN_POINT('',(-33.00844934892,7.755880251665,4.));
#902 = CARTESIAN_POINT('',(-32.79926756567,8.196928495064,4.));
#903 = CARTESIAN_POINT('',(-32.57905346049,8.632460720973,4.));
#904 = CARTESIAN_POINT('',(-31.9138105779,9.870844683004,4.));
#905 = CARTESIAN_POINT('',(-31.44169309301,10.659136722468,4.));
#906 = CARTESIAN_POINT('',(-30.93423425861,11.425717582368,4.));
#907 = CARTESIAN_POINT('',(-30.39389198746,12.169541777016,4.));
#908 = CARTESIAN_POINT('',(-29.82307183059,12.88987016559,4.));
#909 = CARTESIAN_POINT('',(-29.22405414456,13.586217714462,4.));
#910 = CARTESIAN_POINT('',(-27.79768782373,15.119798700505,4.));
#911 = CARTESIAN_POINT('',(-26.95363318149,15.941362386264,4.));
#912 = CARTESIAN_POINT('',(-26.0711699731,16.722512911949,4.));
#913 = CARTESIAN_POINT('',(-25.1543677732,17.463113729216,4.));
#914 = CARTESIAN_POINT('',(-24.20691662009,18.163314444398,4.));
#915 = CARTESIAN_POINT('',(-23.23206897384,18.823479114064,4.));
#916 = CARTESIAN_POINT('',(-21.46678429168,19.919639248558,4.));
#917 = CARTESIAN_POINT('',(-20.68657469044,20.371926694119,4.));
#918 = CARTESIAN_POINT('',(-19.89322655443,20.80119023914,4.));
#919 = CARTESIAN_POINT('',(-19.08792024964,21.207654907622,4.));
#920 = CARTESIAN_POINT('',(-18.27174088184,21.591553434203,4.));
#921 = CARTESIAN_POINT('',(-17.44567635428,21.953122312674,4.));
#922 = CARTESIAN_POINT('',(-15.96888798561,22.553477833563,4.));
#923 = CARTESIAN_POINT('',(-15.32185740983,22.801306056355,4.));
#924 = CARTESIAN_POINT('',(-14.66993254617,23.036187572736,4.));
#925 = CARTESIAN_POINT('',(-14.01350119212,23.258222066017,4.));
#926 = CARTESIAN_POINT('',(-13.35293009468,23.467503842957,4.));
#927 = CARTESIAN_POINT('',(-12.68856495037,23.664121833768,4.));
#928 = CARTESIAN_POINT('',(-10.34545454163,24.309821559575,4.));
#929 = CARTESIAN_POINT('',(-8.64852288007,24.692271569657,4.));
#930 = CARTESIAN_POINT('',(-6.934840396171,24.996910195221,4.));
#931 = CARTESIAN_POINT('',(-5.208996351299,25.224696740876,4.));
#932 = CARTESIAN_POINT('',(-3.475287471062,25.376302306797,4.));
#933 = CARTESIAN_POINT('',(-1.737721338567,25.452117936208,4.));
#934 = CARTESIAN_POINT('',(1.737721334577,25.452117935177,4.));
#935 = CARTESIAN_POINT('',(3.475287467813,25.376302304661,4.));
#936 = CARTESIAN_POINT('',(5.208996348797,25.224696738125,4.));
#937 = CARTESIAN_POINT('',(6.934840394546,24.996910192908,4.));
#938 = CARTESIAN_POINT('',(8.648522879536,24.692271568967,4.));
#939 = CARTESIAN_POINT('',(10.345454542424,24.309821561237,4.));
#940 = CARTESIAN_POINT('',(12.688564953272,23.664121838462,4.));
#941 = CARTESIAN_POINT('',(13.35293009818,23.467503848502,4.));
#942 = CARTESIAN_POINT('',(14.013501196213,23.258222072334,4.));
#943 = CARTESIAN_POINT('',(14.669932550835,23.036187579691,4.));
#944 = CARTESIAN_POINT('',(15.321857415015,22.801306063756,4.));
#945 = CARTESIAN_POINT('',(15.968887991228,22.553477841163,4.));
#946 = CARTESIAN_POINT('',(17.445676361014,21.953122319894,4.));
#947 = CARTESIAN_POINT('',(18.271740889157,21.591553440616,4.));
#948 = CARTESIAN_POINT('',(19.087920257264,21.207654912613,4.));
#949 = CARTESIAN_POINT('',(19.893226561977,20.801190242031,4.));
#950 = CARTESIAN_POINT('',(20.686574697478,20.371926694227,4.));
#951 = CARTESIAN_POINT('',(21.466784297759,19.919639245278,4.));
#952 = CARTESIAN_POINT('',(23.232068976845,18.82347910196,4.));
#953 = CARTESIAN_POINT('',(24.206916620802,18.163314426547,4.));
#954 = CARTESIAN_POINT('',(25.154367770936,17.463113705253,4.));
#955 = CARTESIAN_POINT('',(26.071169967659,16.72251288221,4.));
#956 = CARTESIAN_POINT('',(26.953633173401,15.941362351879,4.));
#957 = CARTESIAN_POINT('',(27.79768781438,15.119798663246,4.));
#958 = CARTESIAN_POINT('',(29.224054130556,13.586217682312,4.));
#959 = CARTESIAN_POINT('',(29.823071812801,12.889870141159,4.));
#960 = CARTESIAN_POINT('',(30.393891968095,12.169541761981,4.));
#961 = CARTESIAN_POINT('',(30.934234240139,11.425717578245,4.));
#962 = CARTESIAN_POINT('',(31.441693077723,10.659136730385,4.));
#963 = CARTESIAN_POINT('',(31.913810567431,9.870844703431,4.));
#964 = CARTESIAN_POINT('',(33.038694731373,7.776815062276,4.));
#965 = CARTESIAN_POINT('',(33.634138290602,6.439446109538,4.));
#966 = CARTESIAN_POINT('',(34.124078509619,5.056801190274,4.));
#967 = CARTESIAN_POINT('',(34.499278193511,3.637282833989,4.));
#968 = CARTESIAN_POINT('',(34.752392706172,2.191223865198,4.));
#969 = CARTESIAN_POINT('',(34.87879670828,0.731084551368,4.));
#970 = CARTESIAN_POINT('',(34.878796579624,-0.728056738588,4.));
#971 = PCURVE('',#36,#972);
#972 = DEFINITIONAL_REPRESENTATION('',(#973),#1132);
#973 = B_SPLINE_CURVE_WITH_KNOTS('',7,(#974,#975,#976,#977,#978,#979,
    #980,#981,#982,#983,#984,#985,#986,#987,#988,#989,#990,#991,#992,
    #993,#994,#995,#996,#997,#998,#999,#1000,#1001,#1002,#1003,#1004,
    #1005,#1006,#1007,#1008,#1009,#1010,#1011,#1012,#1013,#1014,#1015,
    #1016,#1017,#1018,#1019,#1020,#1021,#1022,#1023,#1024,#1025,#1026,
    #1027,#1028,#1029,#1030,#1031,#1032,#1033,#1034,#1035,#1036,#1037,
    #1038,#1039,#1040,#1041,#1042,#1043,#1044,#1045,#1046,#1047,#1048,
    #1049,#1050,#1051,#1052,#1053,#1054,#1055,#1056,#1057,#1058,#1059,
    #1060,#1061,#1062,#1063,#1064,#1065,#1066,#1067,#1068,#1069,#1070,
    #1071,#1072,#1073,#1074,#1075,#1076,#1077,#1078,#1079,#1080,#1081,
    #1082,#1083,#1084,#1085,#1086,#1087,#1088,#1089,#1090,#1091,#1092,
    #1093,#1094,#1095,#1096,#1097,#1098,#1099,#1100,#1101,#1102,#1103,
    #1104,#1105,#1106,#1107,#1108,#1109,#1110,#1111,#1112,#1113,#1114,
    #1115,#1116,#1117,#1118,#1119,#1120,#1121,#1122,#1123,#1124,#1125,
    #1126,#1127,#1128,#1129,#1130,#1131),.UNSPECIFIED.,.F.,.F.,(8,6,6,6,
    6,6,6,6,6,6,6,6,6,6,6,6,6,6,6,6,6,6,6,6,6,6,8),(0.,
    5.297982430631E-02,8.630573988195E-02,0.129022248378,0.161751235841,
    0.186902768941,0.249995927156,0.313089085338,0.338240618426,
    0.370969605859,0.413686114311,0.447012030182,0.464726292657,0.5,
    0.535273707343,0.552987969818,0.586313885689,0.629030394142,
    0.661759381574,0.686910914662,0.750004072845,0.813097231059,
    0.838248764159,0.870977751622,0.913694260118,0.947020175694,1.),
  .UNSPECIFIED.);
#974 = CARTESIAN_POINT('',(1.,0.97176237297));
#975 = CARTESIAN_POINT('',(0.991129563982,0.97176237297));
#976 = CARTESIAN_POINT('',(0.982253065653,0.97176237297));
#977 = CARTESIAN_POINT('',(0.973417140922,0.97176237297));
#978 = CARTESIAN_POINT('',(0.964652322736,0.97176237297));
#979 = CARTESIAN_POINT('',(0.955982183692,0.97176237297));
#980 = CARTESIAN_POINT('',(0.947425836135,0.97176237297));
#981 = CARTESIAN_POINT('',(0.933699893641,0.97176237297));
#982 = CARTESIAN_POINT('',(0.928449768847,0.97176237297));
#983 = CARTESIAN_POINT('',(0.923252144693,0.97176237297));
#984 = CARTESIAN_POINT('',(0.91810833243,0.97176237297));
#985 = CARTESIAN_POINT('',(0.913018740709,0.97176237297));
#986 = CARTESIAN_POINT('',(0.907983013402,0.97176237297));
#987 = CARTESIAN_POINT('',(0.896612870626,0.97176237297));
#988 = CARTESIAN_POINT('',(0.89031294223,0.97176237297));
#989 = CARTESIAN_POINT('',(0.884097309384,0.97176237297));
#990 = CARTESIAN_POINT('',(0.877962581693,0.97176237297));
#991 = CARTESIAN_POINT('',(0.871904757552,0.97176237297));
#992 = CARTESIAN_POINT('',(0.865919097905,0.97176237297));
#993 = CARTESIAN_POINT('',(0.855464842799,0.97176237297));
#994 = CARTESIAN_POINT('',(0.850969058255,0.97176237297));
#995 = CARTESIAN_POINT('',(0.846510284462,0.97176237297));
#996 = CARTESIAN_POINT('',(0.842086252763,0.97176237297));
#997 = CARTESIAN_POINT('',(0.837694724775,0.97176237297));
#998 = CARTESIAN_POINT('',(0.83333342943,0.97176237297));
#999 = CARTESIAN_POINT('',(0.82566985134,0.97176237297));
#1000 = CARTESIAN_POINT('',(0.822356199673,0.97176237297));
#1001 = CARTESIAN_POINT('',(0.819058020241,0.97176237297));
#1002 = CARTESIAN_POINT('',(0.815774301723,0.97176237297));
#1003 = CARTESIAN_POINT('',(0.812504046237,0.97176237297));
#1004 = CARTESIAN_POINT('',(0.809246269333,0.97176237297));
#1005 = CARTESIAN_POINT('',(0.797856664013,0.97176237297));
#1006 = CARTESIAN_POINT('',(0.789786513506,0.97176237297));
#1007 = CARTESIAN_POINT('',(0.781772852283,0.97176237297));
#1008 = CARTESIAN_POINT('',(0.773801229563,0.97176237297));
#1009 = CARTESIAN_POINT('',(0.76585804407,0.97176237297));
#1010 = CARTESIAN_POINT('',(0.757929369305,0.97176237297));
#1011 = CARTESIAN_POINT('',(0.742070630699,0.97176237297));
#1012 = CARTESIAN_POINT('',(0.734141955936,0.97176237297));
#1013 = CARTESIAN_POINT('',(0.726198770442,0.97176237297));
#1014 = CARTESIAN_POINT('',(0.718227147721,0.97176237297));
#1015 = CARTESIAN_POINT('',(0.710213486496,0.97176237297));
#1016 = CARTESIAN_POINT('',(0.702143335987,0.97176237297));
#1017 = CARTESIAN_POINT('',(0.690753730667,0.97176237297));
#1018 = CARTESIAN_POINT('',(0.687495953763,0.97176237297));
#1019 = CARTESIAN_POINT('',(0.684225698276,0.97176237297));
#1020 = CARTESIAN_POINT('',(0.680941979759,0.97176237297));
#1021 = CARTESIAN_POINT('',(0.677643800327,0.97176237297));
#1022 = CARTESIAN_POINT('',(0.67433014866,0.97176237297));
#1023 = CARTESIAN_POINT('',(0.666666570572,0.97176237297));
#1024 = CARTESIAN_POINT('',(0.662305275228,0.97176237297));
#1025 = CARTESIAN_POINT('',(0.657913747242,0.97176237297));
#1026 = CARTESIAN_POINT('',(0.653489715543,0.97176237297));
#1027 = CARTESIAN_POINT('',(0.64903094175,0.97176237297));
#1028 = CARTESIAN_POINT('',(0.644535157204,0.97176237297));
#1029 = CARTESIAN_POINT('',(0.634080902092,0.97176237297));
#1030 = CARTESIAN_POINT('',(0.62809524244,0.97176237297));
#1031 = CARTESIAN_POINT('',(0.622037418293,0.97176237297));
#1032 = CARTESIAN_POINT('',(0.615902690595,0.97176237297));
#1033 = CARTESIAN_POINT('',(0.609687057746,0.97176237297));
#1034 = CARTESIAN_POINT('',(0.603387129355,0.97176237297));
#1035 = CARTESIAN_POINT('',(0.592016986565,0.97176237297));
#1036 = CARTESIAN_POINT('',(0.58698125923,0.97176237297));
#1037 = CARTESIAN_POINT('',(0.581891667494,0.97176237297));
#1038 = CARTESIAN_POINT('',(0.57674785523,0.97176237297));
#1039 = CARTESIAN_POINT('',(0.57155023109,0.97176237297));
#1040 = CARTESIAN_POINT('',(0.566300106324,0.97176237297));
#1041 = CARTESIAN_POINT('',(0.558182748857,0.97176237297));
#1042 = CARTESIAN_POINT('',(0.555351381718,0.97176237297));
#1043 = CARTESIAN_POINT('',(0.552506299415,0.97176237297));
#1044 = CARTESIAN_POINT('',(0.549647984661,0.97176237297));
#1045 = CARTESIAN_POINT('',(0.546777016288,0.97176237297));
#1046 = CARTESIAN_POINT('',(0.543894083478,0.97176237297));
#1047 = CARTESIAN_POINT('',(0.53523712651,0.97176237297));
#1048 = CARTESIAN_POINT('',(0.529429189899,0.97176237297));
#1049 = CARTESIAN_POINT('',(0.523583790701,0.97176237297));
#1050 = CARTESIAN_POINT('',(0.517708849601,0.97176237297));
#1051 = CARTESIAN_POINT('',(0.511812962992,0.97176237297));
#1052 = CARTESIAN_POINT('',(0.505906008431,0.97176237297));
#1053 = CARTESIAN_POINT('',(0.494093991569,0.97176237297));
#1054 = CARTESIAN_POINT('',(0.488187037009,0.97176237297));
#1055 = CARTESIAN_POINT('',(0.482291150399,0.97176237297));
#1056 = CARTESIAN_POINT('',(0.476416209299,0.97176237297));
#1057 = CARTESIAN_POINT('',(0.470570810101,0.97176237297));
#1058 = CARTESIAN_POINT('',(0.46476287349,0.97176237297));
#1059 = CARTESIAN_POINT('',(0.456105916522,0.97176237297));
#1060 = CARTESIAN_POINT('',(0.453222983712,0.97176237297));
#1061 = CARTESIAN_POINT('',(0.450352015339,0.97176237297));
#1062 = CARTESIAN_POINT('',(0.447493700585,0.97176237297));
#1063 = CARTESIAN_POINT('',(0.444648618282,0.97176237297));
#1064 = CARTESIAN_POINT('',(0.441817251143,0.97176237297));
#1065 = CARTESIAN_POINT('',(0.433699893676,0.97176237297));
#1066 = CARTESIAN_POINT('',(0.42844976891,0.97176237297));
#1067 = CARTESIAN_POINT('',(0.42325214477,0.97176237297));
#1068 = CARTESIAN_POINT('',(0.418108332506,0.97176237297));
#1069 = CARTESIAN_POINT('',(0.41301874077,0.97176237297));
#1070 = CARTESIAN_POINT('',(0.407983013436,0.97176237297));
#1071 = CARTESIAN_POINT('',(0.396612870645,0.97176237297));
#1072 = CARTESIAN_POINT('',(0.390312942254,0.97176237297));
#1073 = CARTESIAN_POINT('',(0.384097309405,0.97176237297));
#1074 = CARTESIAN_POINT('',(0.377962581707,0.97176237297));
#1075 = CARTESIAN_POINT('',(0.37190475756,0.97176237297));
#1076 = CARTESIAN_POINT('',(0.365919097908,0.97176237297));
#1077 = CARTESIAN_POINT('',(0.355464842796,0.97176237297));
#1078 = CARTESIAN_POINT('',(0.35096905825,0.97176237297));
#1079 = CARTESIAN_POINT('',(0.346510284457,0.97176237297));
#1080 = CARTESIAN_POINT('',(0.342086252758,0.97176237297));
#1081 = CARTESIAN_POINT('',(0.337694724772,0.97176237297));
#1082 = CARTESIAN_POINT('',(0.333333429428,0.97176237297));
#1083 = CARTESIAN_POINT('',(0.32566985134,0.97176237297));
#1084 = CARTESIAN_POINT('',(0.322356199673,0.97176237297));
#1085 = CARTESIAN_POINT('',(0.319058020241,0.97176237297));
#1086 = CARTESIAN_POINT('',(0.315774301724,0.97176237297));
#1087 = CARTESIAN_POINT('',(0.312504046237,0.97176237297));
#1088 = CARTESIAN_POINT('',(0.309246269333,0.97176237297));
#1089 = CARTESIAN_POINT('',(0.297856664013,0.97176237297));
#1090 = CARTESIAN_POINT('',(0.289786513504,0.97176237297));
#1091 = CARTESIAN_POINT('',(0.28177285228,0.97176237297));
#1092 = CARTESIAN_POINT('',(0.273801229558,0.97176237297));
#1093 = CARTESIAN_POINT('',(0.265858044064,0.97176237297));
#1094 = CARTESIAN_POINT('',(0.257929369301,0.97176237297));
#1095 = CARTESIAN_POINT('',(0.242070630695,0.97176237297));
#1096 = CARTESIAN_POINT('',(0.23414195593,0.97176237297));
#1097 = CARTESIAN_POINT('',(0.226198770437,0.97176237297));
#1098 = CARTESIAN_POINT('',(0.218227147717,0.97176237297));
#1099 = CARTESIAN_POINT('',(0.210213486494,0.97176237297));
#1100 = CARTESIAN_POINT('',(0.202143335987,0.97176237297));
#1101 = CARTESIAN_POINT('',(0.190753730667,0.97176237297));
#1102 = CARTESIAN_POINT('',(0.187495953763,0.97176237297));
#1103 = CARTESIAN_POINT('',(0.184225698277,0.97176237297));
#1104 = CARTESIAN_POINT('',(0.180941979759,0.97176237297));
#1105 = CARTESIAN_POINT('',(0.177643800327,0.97176237297));
#1106 = CARTESIAN_POINT('',(0.17433014866,0.97176237297));
#1107 = CARTESIAN_POINT('',(0.16666657057,0.97176237297));
#1108 = CARTESIAN_POINT('',(0.162305275225,0.97176237297));
#1109 = CARTESIAN_POINT('',(0.157913747237,0.97176237297));
#1110 = CARTESIAN_POINT('',(0.153489715538,0.97176237297));
#1111 = CARTESIAN_POINT('',(0.149030941745,0.97176237297));
#1112 = CARTESIAN_POINT('',(0.144535157201,0.97176237297));
#1113 = CARTESIAN_POINT('',(0.134080902095,0.97176237297));
#1114 = CARTESIAN_POINT('',(0.128095242448,0.97176237297));
#1115 = CARTESIAN_POINT('',(0.122037418307,0.97176237297));
#1116 = CARTESIAN_POINT('',(0.115902690616,0.97176237297));
#1117 = CARTESIAN_POINT('',(0.10968705777,0.97176237297));
#1118 = CARTESIAN_POINT('',(0.103387129374,0.97176237297));
#1119 = CARTESIAN_POINT('',(9.201698659846E-02,0.97176237297));
#1120 = CARTESIAN_POINT('',(8.698125929043E-02,0.97176237297));
#1121 = CARTESIAN_POINT('',(8.189166756976E-02,0.97176237297));
#1122 = CARTESIAN_POINT('',(7.674785530668E-02,0.97176237297));
#1123 = CARTESIAN_POINT('',(7.1550231153E-02,0.97176237297));
#1124 = CARTESIAN_POINT('',(6.630010635871E-02,0.97176237297));
#1125 = CARTESIAN_POINT('',(5.257416386499E-02,0.97176237297));
#1126 = CARTESIAN_POINT('',(4.401781630846E-02,0.97176237297));
#1127 = CARTESIAN_POINT('',(3.534767726338E-02,0.97176237297));
#1128 = CARTESIAN_POINT('',(2.658285907833E-02,0.97176237297));
#1129 = CARTESIAN_POINT('',(1.774693434708E-02,0.97176237297));
#1130 = CARTESIAN_POINT('',(8.870436018453E-03,0.97176237297));
#1131 = CARTESIAN_POINT('',(0.,0.97176237297));
#1132 = ( GEOMETRIC_REPRESENTATION_CONTEXT(2) 
PARAMETRIC_REPRESENTATION_CONTEXT() REPRESENTATION_CONTEXT('2D SPACE',''
  ) );
#1133 = PCURVE('',#1134,#1139);
#1134 = PLANE('',#1135);
#1135 = AXIS2_PLACEMENT_3D('',#1136,#1137,#1138);
#1136 = CARTESIAN_POINT('',(1.282929419417,-4.076557804336E-16,4.));
#1137 = DIRECTION('',(0.,0.,1.));
#1138 = DIRECTION('',(1.,0.,-0.));
#1139 = DEFINITIONAL_REPRESENTATION('',(#1140),#1299);
#1140 = B_SPLINE_CURVE_WITH_KNOTS('',7,(#1141,#1142,#1143,#1144,#1145,
    #1146,#1147,#1148,#1149,#1150,#1151,#1152,#1153,#1154,#1155,#1156,
    #1157,#1158,#1159,#1160,#1161,#1162,#1163,#1164,#1165,#1166,#1167,
    #1168,#1169,#1170,#1171,#1172,#1173,#1174,#1175,#1176,#1177,#1178,
    #1179,#1180,#1181,#1182,#1183,#1184,#1185,#1186,#1187,#1188,#1189,
    #1190,#1191,#1192,#1193,#1194,#1195,#1196,#1197,#1198,#1199,#1200,
    #1201,#1202,#1203,#1204,#1205,#1206,#1207,#1208,#1209,#1210,#1211,
    #1212,#1213,#1214,#1215,#1216,#1217,#1218,#1219,#1220,#1221,#1222,
    #1223,#1224,#1225,#1226,#1227,#1228,#1229,#1230,#1231,#1232,#1233,
    #1234,#1235,#1236,#1237,#1238,#1239,#1240,#1241,#1242,#1243,#1244,
    #1245,#1246,#1247,#1248,#1249,#1250,#1251,#1252,#1253,#1254,#1255,
    #1256,#1257,#1258,#1259,#1260,#1261,#1262,#1263,#1264,#1265,#1266,
    #1267,#1268,#1269,#1270,#1271,#1272,#1273,#1274,#1275,#1276,#1277,
    #1278,#1279,#1280,#1281,#1282,#1283,#1284,#1285,#1286,#1287,#1288,
    #1289,#1290,#1291,#1292,#1293,#1294,#1295,#1296,#1297,#1298),
  .UNSPECIFIED.,.F.,.F.,(8,6,6,6,6,6,6,6,6,6,6,6,6,6,6,6,6,6,6,6,6,6,6,6
    ,6,6,8),(0.,5.297982430631E-02,8.630573988195E-02,0.129022248378,
    0.161751235841,0.186902768941,0.249995927156,0.313089085338,
    0.338240618426,0.370969605859,0.413686114311,0.447012030182,
    0.464726292657,0.5,0.535273707343,0.552987969818,0.586313885689,
    0.629030394142,0.661759381574,0.686910914662,0.750004072845,
    0.813097231059,0.838248764159,0.870977751622,0.913694260118,
    0.947020175694,1.),.UNSPECIFIED.);
#1141 = CARTESIAN_POINT('',(33.595867160207,-0.728056738588));
#1142 = CARTESIAN_POINT('',(33.595867288862,-2.187198028541));
#1143 = CARTESIAN_POINT('',(33.469463286753,-3.647337342386));
#1144 = CARTESIAN_POINT('',(33.216348774096,-5.093396311144));
#1145 = CARTESIAN_POINT('',(32.841149090199,-6.512914667468));
#1146 = CARTESIAN_POINT('',(32.351208871185,-7.895559586704));
#1147 = CARTESIAN_POINT('',(31.755765311955,-9.232928539454));
#1148 = CARTESIAN_POINT('',(30.630881148015,-11.3269581806));
#1149 = CARTESIAN_POINT('',(30.158763658304,-12.11525020756));
#1150 = CARTESIAN_POINT('',(29.651304820722,-12.88183105542));
#1151 = CARTESIAN_POINT('',(29.11096254868,-13.62565523915));
#1152 = CARTESIAN_POINT('',(28.540142393383,-14.34598361833));
#1153 = CARTESIAN_POINT('',(27.941124711138,-15.04233115948));
#1154 = CARTESIAN_POINT('',(26.514758394961,-16.57591214042));
#1155 = CARTESIAN_POINT('',(25.670703753985,-17.39747582905));
#1156 = CARTESIAN_POINT('',(24.788240548243,-18.17862635938));
#1157 = CARTESIAN_POINT('',(23.871438351518,-18.91922718243));
#1158 = CARTESIAN_POINT('',(22.923987201384,-19.61942790372));
#1159 = CARTESIAN_POINT('',(21.949139557429,-20.27959257913));
#1160 = CARTESIAN_POINT('',(20.183854878341,-21.37575272245));
#1161 = CARTESIAN_POINT('',(19.40364527806,-21.8280401714));
#1162 = CARTESIAN_POINT('',(18.61029714256,-22.2573037192));
#1163 = CARTESIAN_POINT('',(17.804990837846,-22.66376838978));
#1164 = CARTESIAN_POINT('',(16.98881146974,-23.04766691779));
#1165 = CARTESIAN_POINT('',(16.162746941597,-23.40923579706));
#1166 = CARTESIAN_POINT('',(14.68595857181,-24.00959131833));
#1167 = CARTESIAN_POINT('',(14.038927995598,-24.25741954093));
#1168 = CARTESIAN_POINT('',(13.387003131418,-24.49230105686));
#1169 = CARTESIAN_POINT('',(12.730571776796,-24.71433554951));
#1170 = CARTESIAN_POINT('',(12.070000678763,-24.92361732567));
#1171 = CARTESIAN_POINT('',(11.405635533854,-25.12023531563));
#1172 = CARTESIAN_POINT('',(9.062525123008,-25.76593503841));
#1173 = CARTESIAN_POINT('',(7.365593460116,-26.14838504614));
#1174 = CARTESIAN_POINT('',(5.65191097513,-26.45302367008));
#1175 = CARTESIAN_POINT('',(3.926066929381,-26.68081021529));
#1176 = CARTESIAN_POINT('',(2.192358048393,-26.83241578184));
#1177 = CARTESIAN_POINT('',(0.45479191516,-26.90823141235));
#1178 = CARTESIAN_POINT('',(-3.020650757985,-26.90823141338));
#1179 = CARTESIAN_POINT('',(-4.758216890478,-26.83241578397));
#1180 = CARTESIAN_POINT('',(-6.491925770718,-26.68081021805));
#1181 = CARTESIAN_POINT('',(-8.217769815589,-26.45302367239));
#1182 = CARTESIAN_POINT('',(-9.931452299486,-26.14838504683));
#1183 = CARTESIAN_POINT('',(-11.62838396104,-25.76593503675));
#1184 = CARTESIAN_POINT('',(-13.97149436979,-25.12023531094));
#1185 = CARTESIAN_POINT('',(-14.6358595141,-24.92361732013));
#1186 = CARTESIAN_POINT('',(-15.29643061154,-24.71433554319));
#1187 = CARTESIAN_POINT('',(-15.95286196559,-24.49230104991));
#1188 = CARTESIAN_POINT('',(-16.60478682925,-24.25741953353));
#1189 = CARTESIAN_POINT('',(-17.25181740502,-24.00959131073));
#1190 = CARTESIAN_POINT('',(-18.7286057737,-23.40923578985));
#1191 = CARTESIAN_POINT('',(-19.55467030125,-23.04766691137));
#1192 = CARTESIAN_POINT('',(-20.37084966906,-22.66376838479));
#1193 = CARTESIAN_POINT('',(-21.17615597385,-22.25730371631));
#1194 = CARTESIAN_POINT('',(-21.96950410986,-21.82804017129));
#1195 = CARTESIAN_POINT('',(-22.7497137111,-21.37575272573));
#1196 = CARTESIAN_POINT('',(-24.51499839325,-20.27959259124));
#1197 = CARTESIAN_POINT('',(-25.48984603951,-19.61942792157));
#1198 = CARTESIAN_POINT('',(-26.43729719261,-18.91922720639));
#1199 = CARTESIAN_POINT('',(-27.35409939252,-18.17862638912));
#1200 = CARTESIAN_POINT('',(-28.23656260091,-17.39747586344));
#1201 = CARTESIAN_POINT('',(-29.08061724314,-16.57591217768));
#1202 = CARTESIAN_POINT('',(-30.50698356397,-15.04233119163));
#1203 = CARTESIAN_POINT('',(-31.10600125001,-14.34598364276));
#1204 = CARTESIAN_POINT('',(-31.67682140688,-13.62565525419));
#1205 = CARTESIAN_POINT('',(-32.21716367803,-12.88183105954));
#1206 = CARTESIAN_POINT('',(-32.72462251243,-12.11525019964));
#1207 = CARTESIAN_POINT('',(-33.19673999732,-11.32695816018));
#1208 = CARTESIAN_POINT('',(-33.86198287991,-10.08857419814));
#1209 = CARTESIAN_POINT('',(-34.08219698509,-9.65304197224));
#1210 = CARTESIAN_POINT('',(-34.29137876834,-9.21199372884));
#1211 = CARTESIAN_POINT('',(-34.48916897206,-8.765673894684));
#1212 = CARTESIAN_POINT('',(-34.67521821429,-8.31435727125));
#1213 = CARTESIAN_POINT('',(-34.84919231161,-7.858351377377));
#1214 = CARTESIAN_POINT('',(-35.33253594588,-6.481317002158));
#1215 = CARTESIAN_POINT('',(-35.6052200316,-5.54726429174));
#1216 = CARTESIAN_POINT('',(-35.82626171347,-4.59872682957));
#1217 = CARTESIAN_POINT('',(-35.9935905401,-3.638886335503));
#1218 = CARTESIAN_POINT('',(-36.10569105654,-2.671229042068));
#1219 = CARTESIAN_POINT('',(-36.16172608642,-1.699564858722));
#1220 = CARTESIAN_POINT('',(-36.16172608642,0.243451381547));
#1221 = CARTESIAN_POINT('',(-36.10569105654,1.215115564889));
#1222 = CARTESIAN_POINT('',(-35.9935905401,2.182772858329));
#1223 = CARTESIAN_POINT('',(-35.82626171346,3.142613352396));
#1224 = CARTESIAN_POINT('',(-35.6052200316,4.091150814562));
#1225 = CARTESIAN_POINT('',(-35.33253594588,5.025203524983));
#1226 = CARTESIAN_POINT('',(-34.84919231161,6.402237900201));
#1227 = CARTESIAN_POINT('',(-34.67521821429,6.858243794073));
#1228 = CARTESIAN_POINT('',(-34.48916897206,7.309560417507));
#1229 = CARTESIAN_POINT('',(-34.29137876834,7.755880251665));
#1230 = CARTESIAN_POINT('',(-34.08219698509,8.196928495064));
#1231 = CARTESIAN_POINT('',(-33.86198287991,8.632460720973));
#1232 = CARTESIAN_POINT('',(-33.19673999732,9.870844683004));
#1233 = CARTESIAN_POINT('',(-32.72462251243,10.659136722468));
#1234 = CARTESIAN_POINT('',(-32.21716367803,11.425717582368));
#1235 = CARTESIAN_POINT('',(-31.67682140688,12.169541777016));
#1236 = CARTESIAN_POINT('',(-31.10600125001,12.88987016559));
#1237 = CARTESIAN_POINT('',(-30.50698356397,13.586217714462));
#1238 = CARTESIAN_POINT('',(-29.08061724314,15.119798700505));
#1239 = CARTESIAN_POINT('',(-28.23656260091,15.941362386264));
#1240 = CARTESIAN_POINT('',(-27.35409939252,16.722512911949));
#1241 = CARTESIAN_POINT('',(-26.43729719261,17.463113729216));
#1242 = CARTESIAN_POINT('',(-25.48984603951,18.163314444398));
#1243 = CARTESIAN_POINT('',(-24.51499839325,18.823479114064));
#1244 = CARTESIAN_POINT('',(-22.7497137111,19.919639248558));
#1245 = CARTESIAN_POINT('',(-21.96950410986,20.371926694119));
#1246 = CARTESIAN_POINT('',(-21.17615597385,20.80119023914));
#1247 = CARTESIAN_POINT('',(-20.37084966906,21.207654907622));
#1248 = CARTESIAN_POINT('',(-19.55467030125,21.591553434203));
#1249 = CARTESIAN_POINT('',(-18.7286057737,21.953122312674));
#1250 = CARTESIAN_POINT('',(-17.25181740502,22.553477833563));
#1251 = CARTESIAN_POINT('',(-16.60478682925,22.801306056355));
#1252 = CARTESIAN_POINT('',(-15.95286196559,23.036187572736));
#1253 = CARTESIAN_POINT('',(-15.29643061154,23.258222066017));
#1254 = CARTESIAN_POINT('',(-14.6358595141,23.467503842957));
#1255 = CARTESIAN_POINT('',(-13.97149436979,23.664121833768));
#1256 = CARTESIAN_POINT('',(-11.62838396104,24.309821559575));
#1257 = CARTESIAN_POINT('',(-9.931452299487,24.692271569657));
#1258 = CARTESIAN_POINT('',(-8.217769815588,24.996910195221));
#1259 = CARTESIAN_POINT('',(-6.491925770716,25.224696740876));
#1260 = CARTESIAN_POINT('',(-4.758216890479,25.376302306797));
#1261 = CARTESIAN_POINT('',(-3.020650757984,25.452117936208));
#1262 = CARTESIAN_POINT('',(0.45479191516,25.452117935177));
#1263 = CARTESIAN_POINT('',(2.192358048396,25.376302304661));
#1264 = CARTESIAN_POINT('',(3.926066929379,25.224696738125));
#1265 = CARTESIAN_POINT('',(5.651910975128,24.996910192908));
#1266 = CARTESIAN_POINT('',(7.365593460119,24.692271568967));
#1267 = CARTESIAN_POINT('',(9.062525123006,24.309821561237));
#1268 = CARTESIAN_POINT('',(11.405635533855,23.664121838462));
#1269 = CARTESIAN_POINT('',(12.070000678763,23.467503848502));
#1270 = CARTESIAN_POINT('',(12.730571776796,23.258222072334));
#1271 = CARTESIAN_POINT('',(13.387003131418,23.036187579691));
#1272 = CARTESIAN_POINT('',(14.038927995598,22.801306063756));
#1273 = CARTESIAN_POINT('',(14.68595857181,22.553477841163));
#1274 = CARTESIAN_POINT('',(16.162746941597,21.953122319894));
#1275 = CARTESIAN_POINT('',(16.98881146974,21.591553440616));
#1276 = CARTESIAN_POINT('',(17.804990837846,21.207654912613));
#1277 = CARTESIAN_POINT('',(18.610297142559,20.801190242031));
#1278 = CARTESIAN_POINT('',(19.40364527806,20.371926694227));
#1279 = CARTESIAN_POINT('',(20.183854878341,19.919639245278));
#1280 = CARTESIAN_POINT('',(21.949139557428,18.82347910196));
#1281 = CARTESIAN_POINT('',(22.923987201385,18.163314426547));
#1282 = CARTESIAN_POINT('',(23.871438351519,17.463113705253));
#1283 = CARTESIAN_POINT('',(24.788240548242,16.72251288221));
#1284 = CARTESIAN_POINT('',(25.670703753984,15.941362351879));
#1285 = CARTESIAN_POINT('',(26.514758394963,15.119798663246));
#1286 = CARTESIAN_POINT('',(27.941124711138,13.586217682312));
#1287 = CARTESIAN_POINT('',(28.540142393384,12.889870141159));
#1288 = CARTESIAN_POINT('',(29.110962548678,12.169541761981));
#1289 = CARTESIAN_POINT('',(29.651304820722,11.425717578245));
#1290 = CARTESIAN_POINT('',(30.158763658306,10.659136730385));
#1291 = CARTESIAN_POINT('',(30.630881148014,9.870844703431));
#1292 = CARTESIAN_POINT('',(31.755765311956,7.776815062276));
#1293 = CARTESIAN_POINT('',(32.351208871185,6.439446109538));
#1294 = CARTESIAN_POINT('',(32.841149090201,5.056801190274));
#1295 = CARTESIAN_POINT('',(33.216348774094,3.637282833989));
#1296 = CARTESIAN_POINT('',(33.469463286755,2.191223865198));
#1297 = CARTESIAN_POINT('',(33.595867288862,0.731084551368));
#1298 = CARTESIAN_POINT('',(33.595867160207,-0.728056738588));
#1299 = ( GEOMETRIC_REPRESENTATION_CONTEXT(2) 
PARAMETRIC_REPRESENTATION_CONTEXT() REPRESENTATION_CONTEXT('2D SPACE',''
  ) );
#1300 = FACE_BOUND('',#1301,.T.);
#1301 = EDGE_LOOP('',(#1302,#1682,#1714,#1969));
#1302 = ORIENTED_EDGE('',*,*,#1303,.F.);
#1303 = EDGE_CURVE('',#1304,#1306,#1308,.T.);
#1304 = VERTEX_POINT('',#1305);
#1305 = CARTESIAN_POINT('',(-11.46503423446,-11.23603911356,
    -102.6780144539));
#1306 = VERTEX_POINT('',#1307);
#1307 = CARTESIAN_POINT('',(8.534965765538,20.414238305182,
    -11.67801445396));
#1308 = SURFACE_CURVE('',#1309,(#1396,#1486),.PCURVE_S1.);
#1309 = B_SPLINE_CURVE_WITH_KNOTS('',7,(#1310,#1311,#1312,#1313,#1314,
    #1315,#1316,#1317,#1318,#1319,#1320,#1321,#1322,#1323,#1324,#1325,
    #1326,#1327,#1328,#1329,#1330,#1331,#1332,#1333,#1334,#1335,#1336,
    #1337,#1338,#1339,#1340,#1341,#1342,#1343,#1344,#1345,#1346,#1347,
    #1348,#1349,#1350,#1351,#1352,#1353,#1354,#1355,#1356,#1357,#1358,
    #1359,#1360,#1361,#1362,#1363,#1364,#1365,#1366,#1367,#1368,#1369,
    #1370,#1371,#1372,#1373,#1374,#1375,#1376,#1377,#1378,#1379,#1380,
    #1381,#1382,#1383,#1384,#1385,#1386,#1387,#1388,#1389,#1390,#1391,
    #1392,#1393,#1394,#1395),.UNSPECIFIED.,.F.,.F.,(8,6,6,6,6,6,6,6,6,6,
    6,6,6,6,8),(0.,0.123007468752,0.243815480688,0.310487696629,
    0.34495492431,0.37199371062,0.435779130065,0.503117833679,
    0.630389973702,0.662215403297,0.68057343374,0.718496171956,
    0.841700036841,0.896389692696,1.),.UNSPECIFIED.);
#1310 = CARTESIAN_POINT('',(-11.46503423446,-11.23603911356,
    -102.6780144539));
#1311 = CARTESIAN_POINT('',(-11.15269368926,-10.29224879208,
    -101.2568649732));
#1312 = CARTESIAN_POINT('',(-10.83397025082,-9.394176971474,
    -99.80667332843));
#1313 = CARTESIAN_POINT('',(-10.50957871798,-8.540562679198,
    -98.33069185397));
#1314 = CARTESIAN_POINT('',(-10.18007859333,-7.730651976901,
    -96.83146628681));
#1315 = CARTESIAN_POINT('',(-9.846037921674,-6.962833348303,
    -95.31158123078));
#1316 = CARTESIAN_POINT('',(-9.508018349605,-6.234770845666,
    -93.77359217786));
#1317 = CARTESIAN_POINT('',(-8.831234745216,-4.864484603284,
    -90.69422677789));
#1318 = CARTESIAN_POINT('',(-8.492598577353,-4.220972767918,
    -89.15343221412));
#1319 = CARTESIAN_POINT('',(-8.15116971963,-3.610016319185,
    -87.59993091148));
#1320 = CARTESIAN_POINT('',(-7.80742968227,-3.02809599635,
    -86.03591374149));
#1321 = CARTESIAN_POINT('',(-7.461825808531,-2.471220026206,
    -84.46341611597));
#1322 = CARTESIAN_POINT('',(-7.114749145863,-1.935205887867,
    -82.88421730084));
#1323 = CARTESIAN_POINT('',(-6.574337741038,-1.129243779345,
    -80.42534540888));
#1324 = CARTESIAN_POINT('',(-6.381806862432,-0.847706826961,
    -79.54932991123));
#1325 = CARTESIAN_POINT('',(-6.188982719113,-0.570548036891,
    -78.67198005912));
#1326 = CARTESIAN_POINT('',(-5.995917356346,-0.297069503803,
    -77.79353265854));
#1327 = CARTESIAN_POINT('',(-5.802659249615,-2.658691170004E-02,
    -76.91420827291));
#1328 = CARTESIAN_POINT('',(-5.609252766193,0.24156223961,
    -76.03420877334));
#1329 = CARTESIAN_POINT('',(-5.315696998453,0.645754887614,
    -74.69853003012));
#1330 = CARTESIAN_POINT('',(-5.215627529261,0.78304439561,-74.2432139453
    ));
#1331 = CARTESIAN_POINT('',(-5.115534858928,0.919966476656,
    -73.78779229528));
#1332 = CARTESIAN_POINT('',(-5.015424415151,1.056606023621,
    -73.3322897761));
#1333 = CARTESIAN_POINT('',(-4.915301413553,1.193045277622,
    -72.87673011882));
#1334 = CARTESIAN_POINT('',(-4.815170857684,1.329363828022,
    -72.42113608962));
#1335 = CARTESIAN_POINT('',(-4.636485140464,1.572543200448,
    -71.60811607627));
#1336 = CARTESIAN_POINT('',(-4.557931050278,1.679420729425,
    -71.25069496592));
#1337 = CARTESIAN_POINT('',(-4.479377586314,1.786308270645,
    -70.89327670489));
#1338 = CARTESIAN_POINT('',(-4.40082699332,1.893241633591,
    -70.53587150677));
#1339 = CARTESIAN_POINT('',(-4.322281442937,2.000255365947,
    -70.17848925252));
#1340 = CARTESIAN_POINT('',(-4.243743033701,2.107382753599,
    -69.8211394905));
#1341 = CARTESIAN_POINT('',(-3.979960628271,2.467716645829,
    -68.62092954579));
#1342 = CARTESIAN_POINT('',(-3.794758533678,2.721587851184,
    -67.7782600154));
#1343 = CARTESIAN_POINT('',(-3.609634009862,2.976689179827,
    -66.93594343203));
#1344 = CARTESIAN_POINT('',(-3.424611489523,3.233397404339,
    -66.09409096449));
#1345 = CARTESIAN_POINT('',(-3.239713111618,3.492042814037,
    -65.25280334502));
#1346 = CARTESIAN_POINT('',(-3.054958497514,3.752905702246,
    -64.41216985085));
#1347 = CARTESIAN_POINT('',(-2.675487409947,4.294188014324,
    -62.68557640242));
#1348 = CARTESIAN_POINT('',(-2.480789065681,4.574887662026,
    -61.79969893601));
#1349 = CARTESIAN_POINT('',(-2.286289840108,4.858578856985,
    -60.91472745965));
#1350 = CARTESIAN_POINT('',(-2.092006080813,5.145462565606,
    -60.03073635486));
#1351 = CARTESIAN_POINT('',(-1.897950033462,5.435672098479,
    -59.14778133941));
#1352 = CARTESIAN_POINT('',(-1.704129738079,5.729271548461,
    -58.26589899542));
#1353 = CARTESIAN_POINT('',(-1.144675467911,6.587560271808,
    -55.72038206616));
#1354 = CARTESIAN_POINT('',(-0.779652110507,7.16096058606,
    -54.05952578997));
#1355 = CARTESIAN_POINT('',(-0.415509741754,7.746406830645,
    -52.40267801214));
#1356 = CARTESIAN_POINT('',(-5.22047394609E-02,8.342990503261,
    -50.74964025171));
#1357 = CARTESIAN_POINT('',(0.310379369201,8.948963537356,-49.0998825573
    ));
#1358 = CARTESIAN_POINT('',(0.672424294006,9.561837977997,
    -47.45257814943));
#1359 = CARTESIAN_POINT('',(1.124619211909,10.332782258253,
    -45.39509127298));
#1360 = CARTESIAN_POINT('',(1.215056050349,10.487241031777,
    -44.98360365807));
#1361 = CARTESIAN_POINT('',(1.305477657039,10.641893259909,
    -44.57218534763));
#1362 = CARTESIAN_POINT('',(1.39588792922,10.796689185234,
    -44.16081860921));
#1363 = CARTESIAN_POINT('',(1.486290934175,10.951577090021,
    -43.74948493666));
#1364 = CARTESIAN_POINT('',(1.576690909225,11.106503296227,
    -43.33816505019));
#1365 = CARTESIAN_POINT('',(1.719238950794,11.350769065747,
    -42.68957146105));
#1366 = CARTESIAN_POINT('',(1.771386092218,11.440120229615,
    -42.45230196757));
#1367 = CARTESIAN_POINT('',(1.82353452838,11.529455002839,
    -42.21502658303));
#1368 = CARTESIAN_POINT('',(1.875685113507,11.618762560258,
    -41.9777414207));
#1369 = CARTESIAN_POINT('',(1.927838713676,11.70803190581,
    -41.74044253993));
#1370 = CARTESIAN_POINT('',(1.979996206818,11.797251872534,
    -41.50312594614));
#1371 = CARTESIAN_POINT('',(2.139911672231,12.070590079522,
    -40.77551057851));
#1372 = CARTESIAN_POINT('',(2.247685238652,12.254509915842,
    -40.28514085129));
#1373 = CARTESIAN_POINT('',(2.355487050649,12.438070915342,
    -39.79464260671));
#1374 = CARTESIAN_POINT('',(2.463325087757,12.621170448578,
    -39.30397953787));
#1375 = CARTESIAN_POINT('',(2.571207394118,12.803703564299,
    -38.81311504392));
#1376 = CARTESIAN_POINT('',(2.679142032239,12.985563580894,
    -38.32201244047));
#1377 = CARTESIAN_POINT('',(3.137992554262,13.754934706418,
    -36.23424256527));
#1378 = CARTESIAN_POINT('',(3.489482482547,14.334979952621,
    -34.63496339157));
#1379 = CARTESIAN_POINT('',(3.841888975364,14.90309221009,
    -33.03151384925));
#1380 = CARTESIAN_POINT('',(4.195468932291,15.455429614911,
    -31.42272504524));
#1381 = CARTESIAN_POINT('',(4.550437261773,15.988228858934,
    -29.80761914609));
#1382 = CARTESIAN_POINT('',(4.90694150871,16.498160431171,
    -28.18552482253));
#1383 = CARTESIAN_POINT('',(5.423980803144,17.197936438047,
    -25.83299603285));
#1384 = CARTESIAN_POINT('',(5.583245039864,17.40808467523,
    -25.10834375578));
#1385 = CARTESIAN_POINT('',(5.742823643959,17.613037067911,
    -24.38226110715));
#1386 = CARTESIAN_POINT('',(5.902716805391,17.812617568314,
    -23.65474722263));
#1387 = CARTESIAN_POINT('',(6.062921304539,18.006695557387,
    -22.92581675151));
#1388 = CARTESIAN_POINT('',(6.223429999878,18.19519479041,
    -22.19550218771));
#1389 = CARTESIAN_POINT('',(6.688871626191,18.724623222908,
    -20.07774278799));
#1390 = CARTESIAN_POINT('',(6.994582108254,19.051097957761,
    -18.6867600946));
#1391 = CARTESIAN_POINT('',(7.301260029303,19.357404980292,
    -17.29137555383));
#1392 = CARTESIAN_POINT('',(7.608790222162,19.644316083439,
    -15.89211317632));
#1393 = CARTESIAN_POINT('',(7.917036986516,19.913684262715,
    -14.48959039851));
#1394 = CARTESIAN_POINT('',(8.225833075231,20.16870318812,
    -13.08456819486));
#1395 = CARTESIAN_POINT('',(8.534965765538,20.414238305182,
    -11.67801445396));
#1396 = PCURVE('',#36,#1397);
#1397 = DEFINITIONAL_REPRESENTATION('',(#1398),#1485);
#1398 = B_SPLINE_CURVE_WITH_KNOTS('',8,(#1399,#1400,#1401,#1402,#1403,
    #1404,#1405,#1406,#1407,#1408,#1409,#1410,#1411,#1412,#1413,#1414,
    #1415,#1416,#1417,#1418,#1419,#1420,#1421,#1422,#1423,#1424,#1425,
    #1426,#1427,#1428,#1429,#1430,#1431,#1432,#1433,#1434,#1435,#1436,
    #1437,#1438,#1439,#1440,#1441,#1442,#1443,#1444,#1445,#1446,#1447,
    #1448,#1449,#1450,#1451,#1452,#1453,#1454,#1455,#1456,#1457,#1458,
    #1459,#1460,#1461,#1462,#1463,#1464,#1465,#1466,#1467,#1468,#1469,
    #1470,#1471,#1472,#1473,#1474,#1475,#1476,#1477,#1478,#1479,#1480,
    #1481,#1482,#1483,#1484),.UNSPECIFIED.,.F.,.F.,(9,7,7,7,7,7,7,7,7,7,
    7,7,9),(0.,0.125,0.234375,0.2822265625,0.461669921875,0.528961181641
    ,0.587841033936,0.690880775452,0.768160581589,0.826120436192,
    0.869590327144,0.902192745358,1.),.UNSPECIFIED.);
#1399 = CARTESIAN_POINT('',(0.338102733196,2.19669799514E-02));
#1400 = CARTESIAN_POINT('',(0.333931842181,3.385068178774E-02));
#1401 = CARTESIAN_POINT('',(0.330167997527,4.585930653551E-02));
#1402 = CARTESIAN_POINT('',(0.326718244938,5.797134514535E-02));
#1403 = CARTESIAN_POINT('',(0.323517375342,7.017129981146E-02));
#1404 = CARTESIAN_POINT('',(0.320515765688,8.244632115888E-02));
#1405 = CARTESIAN_POINT('',(0.317674108197,9.478517950783E-02));
#1406 = CARTESIAN_POINT('',(0.314961395128,0.107178166759));
#1407 = CARTESIAN_POINT('',(0.310069771815,0.130500078333));
#1408 = CARTESIAN_POINT('',(0.307866549908,0.141418266928));
#1409 = CARTESIAN_POINT('',(0.305726038253,0.152365683764));
#1410 = CARTESIAN_POINT('',(0.303634921668,0.163337750848));
#1411 = CARTESIAN_POINT('',(0.301582658501,0.174330660225));
#1412 = CARTESIAN_POINT('',(0.299560928469,0.185341349404));
#1413 = CARTESIAN_POINT('',(0.297563261755,0.196367511613));
#1414 = CARTESIAN_POINT('',(0.294719293834,0.212237694685));
#1415 = CARTESIAN_POINT('',(0.293857420194,0.217070432371));
#1416 = CARTESIAN_POINT('',(0.292998823373,0.221905729903));
#1417 = CARTESIAN_POINT('',(0.292143176727,0.226743378746));
#1418 = CARTESIAN_POINT('',(0.291290184054,0.231583332792));
#1419 = CARTESIAN_POINT('',(0.290439602432,0.236425555694));
#1420 = CARTESIAN_POINT('',(0.289591262816,0.241269880877));
#1421 = CARTESIAN_POINT('',(0.285571587914,0.264290353039));
#1422 = CARTESIAN_POINT('',(0.28242763389,0.282493504729));
#1423 = CARTESIAN_POINT('',(0.279305682362,0.300722754133));
#1424 = CARTESIAN_POINT('',(0.276207416183,0.318975496814));
#1425 = CARTESIAN_POINT('',(0.273140455401,0.337251245499));
#1426 = CARTESIAN_POINT('',(0.270116466949,0.355545539178));
#1427 = CARTESIAN_POINT('',(0.267147060924,0.373854619928));
#1428 = CARTESIAN_POINT('',(0.263152944849,0.399043186111));
#1429 = CARTESIAN_POINT('',(0.262072719263,0.405914213696));
#1430 = CARTESIAN_POINT('',(0.261002116591,0.412786290337));
#1431 = CARTESIAN_POINT('',(0.259941569611,0.419659545409));
#1432 = CARTESIAN_POINT('',(0.258891620173,0.42653305754));
#1433 = CARTESIAN_POINT('',(0.257852525146,0.433407370678));
#1434 = CARTESIAN_POINT('',(0.256824660809,0.440281794319));
#1435 = CARTESIAN_POINT('',(0.254918848625,0.45317150139));
#1436 = CARTESIAN_POINT('',(0.25403822416,0.459186744954));
#1437 = CARTESIAN_POINT('',(0.253166505463,0.465201916493));
#1438 = CARTESIAN_POINT('',(0.25230379541,0.471216920659));
#1439 = CARTESIAN_POINT('',(0.251450148294,0.477231686876));
#1440 = CARTESIAN_POINT('',(0.250605569829,0.483246169344));
#1441 = CARTESIAN_POINT('',(0.249770017147,0.489260347039));
#1442 = CARTESIAN_POINT('',(0.247496816111,0.505798513404));
#1443 = CARTESIAN_POINT('',(0.246077602448,0.51632183199));
#1444 = CARTESIAN_POINT('',(0.244685237037,0.526844467467));
#1445 = CARTESIAN_POINT('',(0.243318883575,0.537365989806));
#1446 = CARTESIAN_POINT('',(0.241977063262,0.547887881894));
#1447 = CARTESIAN_POINT('',(0.240658147493,0.558410310602));
#1448 = CARTESIAN_POINT('',(0.239360085651,0.568934492484));
#1449 = CARTESIAN_POINT('',(0.237121075863,0.587356508396));
#1450 = CARTESIAN_POINT('',(0.236171979925,0.595253152056));
#1451 = CARTESIAN_POINT('',(0.235232409156,0.603151804167));
#1452 = CARTESIAN_POINT('',(0.234301367609,0.611052744136));
#1453 = CARTESIAN_POINT('',(0.233377777654,0.618956474593));
#1454 = CARTESIAN_POINT('',(0.232460522061,0.626863488007));
#1455 = CARTESIAN_POINT('',(0.231548491719,0.634773992657));
#1456 = CARTESIAN_POINT('',(0.229959612049,0.64862394571));
#1457 = CARTESIAN_POINT('',(0.229280976835,0.654561744285));
#1458 = CARTESIAN_POINT('',(0.228604172971,0.66050174507));
#1459 = CARTESIAN_POINT('',(0.227928727545,0.666444015253));
#1460 = CARTESIAN_POINT('',(0.22725417811,0.672388591091));
#1461 = CARTESIAN_POINT('',(0.226580072685,0.678335477918));
#1462 = CARTESIAN_POINT('',(0.225905969759,0.684284650138));
#1463 = CARTESIAN_POINT('',(0.224725541901,0.694699600681));
#1464 = CARTESIAN_POINT('',(0.224219409081,0.699164401138));
#1465 = CARTESIAN_POINT('',(0.223712862411,0.703630435061));
#1466 = CARTESIAN_POINT('',(0.223205733392,0.708097655711));
#1467 = CARTESIAN_POINT('',(0.222697863122,0.712565997705));
#1468 = CARTESIAN_POINT('',(0.222189102976,0.717035387571));
#1469 = CARTESIAN_POINT('',(0.221679315294,0.72150575431));
#1470 = CARTESIAN_POINT('',(0.220785168014,0.729330505271));
#1471 = CARTESIAN_POINT('',(0.220401316465,0.732684458785));
#1472 = CARTESIAN_POINT('',(0.220016752663,0.736038994341));
#1473 = CARTESIAN_POINT('',(0.219631468194,0.739393736997));
#1474 = CARTESIAN_POINT('',(0.219245349576,0.742749266817));
#1475 = CARTESIAN_POINT('',(0.218858443777,0.746104814766));
#1476 = CARTESIAN_POINT('',(0.21847065659,0.749460892527));
#1477 = CARTESIAN_POINT('',(0.216915962724,0.762886535112));
#1478 = CARTESIAN_POINT('',(0.215741922918,0.772958888495));
#1479 = CARTESIAN_POINT('',(0.214559288721,0.78303301307));
#1480 = CARTESIAN_POINT('',(0.21336789726,0.793108148438));
#1481 = CARTESIAN_POINT('',(0.212168237411,0.803184132576));
#1482 = CARTESIAN_POINT('',(0.210961690589,0.813261410327));
#1483 = CARTESIAN_POINT('',(0.209750771537,0.823341041897));
#1484 = CARTESIAN_POINT('',(0.208539369114,0.833424711345));
#1485 = ( GEOMETRIC_REPRESENTATION_CONTEXT(2) 
PARAMETRIC_REPRESENTATION_CONTEXT() REPRESENTATION_CONTEXT('2D SPACE',''
  ) );
#1486 = PCURVE('',#1487,#1593);
#1487 = ( BOUNDED_SURFACE() B_SPLINE_SURFACE(14,6,(
    (#1488,#1489,#1490,#1491,#1492,#1493,#1494)
    ,(#1495,#1496,#1497,#1498,#1499,#1500,#1501)
    ,(#1502,#1503,#1504,#1505,#1506,#1507,#1508)
    ,(#1509,#1510,#1511,#1512,#1513,#1514,#1515)
    ,(#1516,#1517,#1518,#1519,#1520,#1521,#1522)
    ,(#1523,#1524,#1525,#1526,#1527,#1528,#1529)
    ,(#1530,#1531,#1532,#1533,#1534,#1535,#1536)
    ,(#1537,#1538,#1539,#1540,#1541,#1542,#1543)
    ,(#1544,#1545,#1546,#1547,#1548,#1549,#1550)
    ,(#1551,#1552,#1553,#1554,#1555,#1556,#1557)
    ,(#1558,#1559,#1560,#1561,#1562,#1563,#1564)
    ,(#1565,#1566,#1567,#1568,#1569,#1570,#1571)
    ,(#1572,#1573,#1574,#1575,#1576,#1577,#1578)
    ,(#1579,#1580,#1581,#1582,#1583,#1584,#1585)
    ,(#1586,#1587,#1588,#1589,#1590,#1591,#1592
)),.UNSPECIFIED.,.T.,.F.,.F.) B_SPLINE_SURFACE_WITH_KNOTS((15,15),(7,7),
  (0.,1.),(0.,1.),.PIECEWISE_BEZIER_KNOTS.) 
GEOMETRIC_REPRESENTATION_ITEM() RATIONAL_B_SPLINE_SURFACE((
    (1.,1.,1.,1.,1.,1.,1.)
    ,(1.,1.,1.,1.,1.,1.,1.)
    ,(1.,1.,1.,1.,1.,1.,1.)
    ,(1.,1.,1.,1.,1.,1.,1.)
    ,(1.,1.,1.,1.,1.,1.,1.)
    ,(1.,1.,1.,1.,1.,1.,1.)
    ,(1.,1.,1.,1.,1.,1.,1.)
    ,(1.,1.,1.,1.,1.,1.,1.)
    ,(1.,1.,1.,1.,1.,1.,1.)
    ,(1.,1.,1.,1.,1.,1.,1.)
    ,(1.,1.,1.,1.,1.,1.,1.)
    ,(1.,1.,1.,1.,1.,1.,1.)
    ,(1.,1.,1.,1.,1.,1.,1.)
    ,(1.,1.,1.,1.,1.,1.,1.)
,(1.,1.,1.,1.,1.,1.,1.))) REPRESENTATION_ITEM('') SURFACE() );
#1488 = CARTESIAN_POINT('',(21.,-26.,-105.));
#1489 = CARTESIAN_POINT('',(27.724713615046,-21.28431946383,
    -87.48843493749));
#1490 = CARTESIAN_POINT('',(23.224330747318,-12.99653872953,
    -68.04848260382));
#1491 = CARTESIAN_POINT('',(21.638259206303,-18.11178204544,
    -46.65367818731));
#1492 = CARTESIAN_POINT('',(42.210514590799,-2.067080745318,
    -33.74689762051));
#1493 = CARTESIAN_POINT('',(27.953367068007,-4.756946763358,
    -10.31767744547));
#1494 = CARTESIAN_POINT('',(36.,-2.495388277643E-14,7.));
#1495 = CARTESIAN_POINT('',(21.000000000002,-18.81921679178,-105.));
#1496 = CARTESIAN_POINT('',(27.724713615046,-11.88131139701,
    -87.48843493749));
#1497 = CARTESIAN_POINT('',(23.224330747326,-4.805997652304,
    -68.04848260382));
#1498 = CARTESIAN_POINT('',(21.638259206299,-10.94651034244,
    -46.65367818731));
#1499 = CARTESIAN_POINT('',(42.21051459081,11.506963669526,
    -33.74689762051));
#1500 = CARTESIAN_POINT('',(27.953367068004,4.762929519573,
    -10.31767744547));
#1501 = CARTESIAN_POINT('',(36.000000000008,12.117571663854,7.));
#1502 = CARTESIAN_POINT('',(16.444798414805,-11.638430933,-105.));
#1503 = CARTESIAN_POINT('',(21.710825071805,-2.478299859313,
    -87.48843493749));
#1504 = CARTESIAN_POINT('',(18.18663987894,3.384546448281,
    -68.04848260382));
#1505 = CARTESIAN_POINT('',(16.944610033128,-3.781235994786,
    -46.65367818731));
#1506 = CARTESIAN_POINT('',(33.054447782385,25.081013095019,
    -33.74689762051));
#1507 = CARTESIAN_POINT('',(21.889880307096,14.282809316433,
    -10.31767744547));
#1508 = CARTESIAN_POINT('',(28.191082996787,24.235147800565,7.));
#1509 = CARTESIAN_POINT('',(7.334389421048,-6.274890454822,-105.));
#1510 = CARTESIAN_POINT('',(9.683040297088,4.545086437168,
    -87.48843493749));
#1511 = CARTESIAN_POINT('',(8.1112517022,9.50230510092,-68.04848260382)
  );
#1512 = CARTESIAN_POINT('',(7.557305686191,1.570718479495,
    -46.65367818731));
#1513 = CARTESIAN_POINT('',(14.742302460687,35.219870453197,
    -33.74689762051));
#1514 = CARTESIAN_POINT('',(9.76289903355,21.393487958492,
    -10.31767744547));
#1515 = CARTESIAN_POINT('',(12.573239007572,33.286122357475,7.));
#1516 = CARTESIAN_POINT('',(-4.968822909489,-4.545638466797,-105.));
#1517 = CARTESIAN_POINT('',(-6.559961531769,6.809487119193,
    -87.48843493749));
#1518 = CARTESIAN_POINT('',(-5.495123175237,11.474723572976,
    -68.04848260382));
#1519 = CARTESIAN_POINT('',(-5.119841812341,3.29623503785,
    -46.65367818731));
#1520 = CARTESIAN_POINT('',(-9.987455806027,38.488726038735,
    -33.74689762051));
#1521 = CARTESIAN_POINT('',(-6.614063365771,23.686032449518,
    -10.31767744547));
#1522 = CARTESIAN_POINT('',(-8.51798213068,36.204235087305,7.));
#1523 = CARTESIAN_POINT('',(-17.74028886851,-7.616370223819,-105.));
#1524 = CARTESIAN_POINT('',(-23.4211632539,2.788461188296,
    -87.48843493749));
#1525 = CARTESIAN_POINT('',(-19.61934934407,7.97218716864,
    -68.04848260382));
#1526 = CARTESIAN_POINT('',(-18.27947471162,0.232136497212,
    -46.65367818731));
#1527 = CARTESIAN_POINT('',(-35.65841533891,32.684032029298,
    -33.74689762051));
#1528 = CARTESIAN_POINT('',(-23.61432412572,19.615029945723,
    -10.31767744547));
#1529 = CARTESIAN_POINT('',(-30.41192377438,31.022375247273,7.));
#1530 = CARTESIAN_POINT('',(-27.48987573476,-15.34583607578,-105.));
#1531 = CARTESIAN_POINT('',(-36.29280628823,-7.333029413502,
    -87.48843493749));
#1532 = CARTESIAN_POINT('',(-30.40161744197,-0.84419200926,
    -68.04848260382));
#1533 = CARTESIAN_POINT('',(-28.32538365138,-7.48063262104,
    -46.65367818731));
#1534 = CARTESIAN_POINT('',(-55.25532384853,18.072796776418,
    -33.74689762051));
#1535 = CARTESIAN_POINT('',(-36.59212319332,9.367741242301,
    -10.31767744547));
#1536 = CARTESIAN_POINT('',(-47.12550125988,17.978901622136,7.));
#1537 = CARTESIAN_POINT('',(-31.16040064309,-25.99999999977,-105.));
#1538 = CARTESIAN_POINT('',(-41.13872304608,-21.28431946379,
    -87.48843493749));
#1539 = CARTESIAN_POINT('',(-34.46092622555,-12.99653872992,
    -68.04848260382));
#1540 = CARTESIAN_POINT('',(-32.10746790996,-18.11178204307,
    -46.65367818731));
#1541 = CARTESIAN_POINT('',(-62.63316885621,-2.067080746819,
    -33.74689762051));
#1542 = CARTESIAN_POINT('',(-41.47800557956,-4.756946762423,
    -10.31767744547));
#1543 = CARTESIAN_POINT('',(-53.41782967355,3.62907517548E-10,7.));
#1544 = CARTESIAN_POINT('',(-27.48987573476,-36.65416392462,-105.));
#1545 = CARTESIAN_POINT('',(-36.29280628817,-35.23560951422,
    -87.48843493749));
#1546 = CARTESIAN_POINT('',(-30.40161744208,-25.14888544911,
    -68.04848260382));
#1547 = CARTESIAN_POINT('',(-28.32538365133,-28.74293147415,
    -46.65367818731));
#1548 = CARTESIAN_POINT('',(-55.25532384852,-22.20695826434,
    -33.74689762051));
#1549 = CARTESIAN_POINT('',(-36.59212319338,-18.88163477071,
    -10.31767744547));
#1550 = CARTESIAN_POINT('',(-47.12550125989,-17.9789016228,7.));
#1551 = CARTESIAN_POINT('',(-17.74028886851,-44.38362977586,-105.));
#1552 = CARTESIAN_POINT('',(-23.42116325399,-45.35710011592,
    -87.48843493749));
#1553 = CARTESIAN_POINT('',(-19.61934934391,-33.96526462817,
    -68.04848260382));
#1554 = CARTESIAN_POINT('',(-18.2794747117,-36.4557005849,
    -46.65367818731));
#1555 = CARTESIAN_POINT('',(-35.65841533892,-36.81819352192,
    -33.74689762051));
#1556 = CARTESIAN_POINT('',(-23.61432412563,-29.12892347116,
    -10.31767744547));
#1557 = CARTESIAN_POINT('',(-30.41192377437,-31.02237524676,7.));
#1558 = CARTESIAN_POINT('',(-4.968822909488,-47.4543615334,-105.));
#1559 = CARTESIAN_POINT('',(-6.559961531692,-49.37812604687,
    -87.48843493749));
#1560 = CARTESIAN_POINT('',(-5.49512317538,-37.4678010318,
    -68.04848260382));
#1561 = CARTESIAN_POINT('',(-5.119841812274,-39.51979913063,
    -46.65367818731));
#1562 = CARTESIAN_POINT('',(-9.987455806023,-42.62288752821,
    -33.74689762051));
#1563 = CARTESIAN_POINT('',(-6.614063365839,-33.19992597699,
    -10.31767744547));
#1564 = CARTESIAN_POINT('',(-8.517982130688,-36.20423508762,7.));
#1565 = CARTESIAN_POINT('',(7.334389421048,-45.72510954507,-105.));
#1566 = CARTESIAN_POINT('',(9.68304029704,-47.11372536483,
    -87.48843493749));
#1567 = CARTESIAN_POINT('',(8.111251702285,-35.49538256006,
    -68.04848260382));
#1568 = CARTESIAN_POINT('',(7.557305686153,-37.7942825695,
    -46.65367818731));
#1569 = CARTESIAN_POINT('',(14.742302460684,-39.35403194435,
    -33.74689762051));
#1570 = CARTESIAN_POINT('',(9.762899033588,-30.90738148484,
    -10.31767744547));
#1571 = CARTESIAN_POINT('',(12.573239007577,-33.28612235731,7.));
#1572 = CARTESIAN_POINT('',(16.444798414805,-40.36156906703,-105.));
#1573 = CARTESIAN_POINT('',(21.710825071826,-40.09033906835,
    -87.48843493749));
#1574 = CARTESIAN_POINT('',(18.186639878905,-29.37762390732,
    -68.04848260382));
#1575 = CARTESIAN_POINT('',(16.944610033143,-32.4423280964,
    -46.65367818731));
#1576 = CARTESIAN_POINT('',(33.054447782386,-29.21517458548,
    -33.74689762051));
#1577 = CARTESIAN_POINT('',(21.889880307082,-23.79670284327,
    -10.31767744547));
#1578 = CARTESIAN_POINT('',(28.191082996785,-24.23514780062,7.));
#1579 = CARTESIAN_POINT('',(21.000000000002,-33.1807832082,-105.));
#1580 = CARTESIAN_POINT('',(27.724713615041,-30.68732753065,
    -87.48843493749));
#1581 = CARTESIAN_POINT('',(23.224330747334,-21.18707980676,
    -68.04848260382));
#1582 = CARTESIAN_POINT('',(21.638259206295,-25.27705374838,
    -46.65367818731));
#1583 = CARTESIAN_POINT('',(42.21051459081,-15.64112516019,
    -33.74689762051));
#1584 = CARTESIAN_POINT('',(27.953367068007,-14.27682304626,
    -10.31767744547));
#1585 = CARTESIAN_POINT('',(36.000000000009,-12.11757166384,7.));
#1586 = CARTESIAN_POINT('',(21.,-26.,-105.));
#1587 = CARTESIAN_POINT('',(27.724713615046,-21.28431946383,
    -87.48843493749));
#1588 = CARTESIAN_POINT('',(23.224330747317,-12.99653872953,
    -68.04848260382));
#1589 = CARTESIAN_POINT('',(21.638259206303,-18.11178204544,
    -46.65367818731));
#1590 = CARTESIAN_POINT('',(42.210514590798,-2.067080745318,
    -33.74689762051));
#1591 = CARTESIAN_POINT('',(27.953367068007,-4.756946763358,
    -10.31767744547));
#1592 = CARTESIAN_POINT('',(36.,3.467826405124E-15,7.));
#1593 = DEFINITIONAL_REPRESENTATION('',(#1594),#1681);
#1594 = B_SPLINE_CURVE_WITH_KNOTS('',7,(#1595,#1596,#1597,#1598,#1599,
    #1600,#1601,#1602,#1603,#1604,#1605,#1606,#1607,#1608,#1609,#1610,
    #1611,#1612,#1613,#1614,#1615,#1616,#1617,#1618,#1619,#1620,#1621,
    #1622,#1623,#1624,#1625,#1626,#1627,#1628,#1629,#1630,#1631,#1632,
    #1633,#1634,#1635,#1636,#1637,#1638,#1639,#1640,#1641,#1642,#1643,
    #1644,#1645,#1646,#1647,#1648,#1649,#1650,#1651,#1652,#1653,#1654,
    #1655,#1656,#1657,#1658,#1659,#1660,#1661,#1662,#1663,#1664,#1665,
    #1666,#1667,#1668,#1669,#1670,#1671,#1672,#1673,#1674,#1675,#1676,
    #1677,#1678,#1679,#1680),.UNSPECIFIED.,.F.,.F.,(8,6,6,6,6,6,6,6,6,6,
    6,6,6,6,8),(0.,0.123007468752,0.243815480688,0.310487696629,
    0.34495492431,0.37199371062,0.435779130065,0.503117833679,
    0.630389973702,0.662215403297,0.68057343374,0.718496171956,
    0.841700036841,0.896389692696,1.),.UNSPECIFIED.);
#1595 = CARTESIAN_POINT('',(0.338102733196,2.19669799514E-02));
#1596 = CARTESIAN_POINT('',(0.333411980374,3.533186300659E-02));
#1597 = CARTESIAN_POINT('',(0.329246805818,4.885803823908E-02));
#1598 = CARTESIAN_POINT('',(0.325465438044,6.251273496125E-02));
#1599 = CARTESIAN_POINT('',(0.321978252077,7.627436505557E-02));
#1600 = CARTESIAN_POINT('',(0.318717606159,9.012451620445E-02));
#1601 = CARTESIAN_POINT('',(0.315633179561,0.104047754767));
#1602 = CARTESIAN_POINT('',(0.309791435805,0.131763593796));
#1603 = CARTESIAN_POINT('',(0.307029324138,0.145553813797));
#1604 = CARTESIAN_POINT('',(0.304362584872,0.159389508396));
#1605 = CARTESIAN_POINT('',(0.301765006302,0.173261370121));
#1606 = CARTESIAN_POINT('',(0.299217359178,0.187162228614));
#1607 = CARTESIAN_POINT('',(0.296706217302,0.201087197212));
#1608 = CARTESIAN_POINT('',(0.292851917956,0.222730657863));
#1609 = CARTESIAN_POINT('',(0.291489642006,0.230434033467));
#1610 = CARTESIAN_POINT('',(0.290134266149,0.238143409631));
#1611 = CARTESIAN_POINT('',(0.288784727989,0.245858392256));
#1612 = CARTESIAN_POINT('',(0.287440345575,0.253578664928));
#1613 = CARTESIAN_POINT('',(0.28610076012,0.26130399054));
#1614 = CARTESIAN_POINT('',(0.284075791262,0.273030470281));
#1615 = CARTESIAN_POINT('',(0.283386961388,0.277028028248));
#1616 = CARTESIAN_POINT('',(0.282699379753,0.281026859977));
#1617 = CARTESIAN_POINT('',(0.282013053921,0.285026939));
#1618 = CARTESIAN_POINT('',(0.281328008377,0.289028239211));
#1619 = CARTESIAN_POINT('',(0.280644284531,0.293030734867));
#1620 = CARTESIAN_POINT('',(0.279426656911,0.300175188787));
#1621 = CARTESIAN_POINT('',(0.27889222154,0.303316696485));
#1622 = CARTESIAN_POINT('',(0.278358662356,0.306458911104));
#1623 = CARTESIAN_POINT('',(0.277826011559,0.309601819436));
#1624 = CARTESIAN_POINT('',(0.27729430579,0.312745407648));
#1625 = CARTESIAN_POINT('',(0.276763586134,0.315889661279));
#1626 = CARTESIAN_POINT('',(0.274984346012,0.326453500994));
#1627 = CARTESIAN_POINT('',(0.273740533501,0.333876053086));
#1628 = CARTESIAN_POINT('',(0.27250304926,0.341302025874));
#1629 = CARTESIAN_POINT('',(0.271272591502,0.348731189291));
#1630 = CARTESIAN_POINT('',(0.270049925756,0.356163282455));
#1631 = CARTESIAN_POINT('',(0.268835842659,0.363598017266));
#1632 = CARTESIAN_POINT('',(0.266359277291,0.378886442136));
#1633 = CARTESIAN_POINT('',(0.265097864167,0.386740409674));
#1634 = CARTESIAN_POINT('',(0.263847794503,0.394596600729));
#1635 = CARTESIAN_POINT('',(0.262609957414,0.402454625228));
#1636 = CARTESIAN_POINT('',(0.261385176369,0.410314092812));
#1637 = CARTESIAN_POINT('',(0.260174172558,0.418174618738));
#1638 = CARTESIAN_POINT('',(0.256715835168,0.440893750979));
#1639 = CARTESIAN_POINT('',(0.254505405008,0.455754338902));
#1640 = CARTESIAN_POINT('',(0.25235024356,0.470614856063));
#1641 = CARTESIAN_POINT('',(0.250252521588,0.485473530114));
#1642 = CARTESIAN_POINT('',(0.24821214597,0.500329685218));
#1643 = CARTESIAN_POINT('',(0.246226801616,0.515183779874));
#1644 = CARTESIAN_POINT('',(0.243808767418,0.533751607015));
#1645 = CARTESIAN_POINT('',(0.243328259221,0.537465837019));
#1646 = CARTESIAN_POINT('',(0.24285087564,0.541180067818));
#1647 = CARTESIAN_POINT('',(0.24237654654,0.54489432963));
#1648 = CARTESIAN_POINT('',(0.241905195581,0.548608656278));
#1649 = CARTESIAN_POINT('',(0.24143674022,0.552323085181));
#1650 = CARTESIAN_POINT('',(0.240702489226,0.558180353628));
#1651 = CARTESIAN_POINT('',(0.240434820789,0.560323097424));
#1652 = CARTESIAN_POINT('',(0.240168069436,0.562465896551));
#1653 = CARTESIAN_POINT('',(0.239902217646,0.56460875906));
#1654 = CARTESIAN_POINT('',(0.239637247336,0.566751693249));
#1655 = CARTESIAN_POINT('',(0.239373139866,0.568894707666));
#1656 = CARTESIAN_POINT('',(0.238566043988,0.575464884637));
#1657 = CARTESIAN_POINT('',(0.238025812166,0.57989233679));
#1658 = CARTESIAN_POINT('',(0.237489011446,0.58432024654));
#1659 = CARTESIAN_POINT('',(0.236955463681,0.588748693961));
#1660 = CARTESIAN_POINT('',(0.236424982817,0.593177759811));
#1661 = CARTESIAN_POINT('',(0.235897376014,0.597607525112));
#1662 = CARTESIAN_POINT('',(0.233667041577,0.616432082628));
#1663 = CARTESIAN_POINT('',(0.231989893379,0.630834218405));
#1664 = CARTESIAN_POINT('',(0.230334151007,0.645247524682));
#1665 = CARTESIAN_POINT('',(0.228692477851,0.659674134568));
#1666 = CARTESIAN_POINT('',(0.227057370104,0.674115161408));
#1667 = CARTESIAN_POINT('',(0.225421721957,0.688570474527));
#1668 = CARTESIAN_POINT('',(0.223050720883,0.70946058668));
#1669 = CARTESIAN_POINT('',(0.222320539622,0.715885274378));
#1670 = CARTESIAN_POINT('',(0.221588582674,0.722312231918));
#1671 = CARTESIAN_POINT('',(0.220854381796,0.728741251132));
#1672 = CARTESIAN_POINT('',(0.22011752921,0.735172101367));
#1673 = CARTESIAN_POINT('',(0.219377697029,0.741604526974));
#1674 = CARTESIAN_POINT('',(0.217226956456,0.760227011935));
#1675 = CARTESIAN_POINT('',(0.2158076511,0.772421214684));
#1676 = CARTESIAN_POINT('',(0.214375302389,0.784617954041));
#1677 = CARTESIAN_POINT('',(0.212929593644,0.796815808784));
#1678 = CARTESIAN_POINT('',(0.211471867587,0.809014869689));
#1679 = CARTESIAN_POINT('',(0.210005965707,0.821216769883));
#1680 = CARTESIAN_POINT('',(0.208539369114,0.833424711345));
#1681 = ( GEOMETRIC_REPRESENTATION_CONTEXT(2) 
PARAMETRIC_REPRESENTATION_CONTEXT() REPRESENTATION_CONTEXT('2D SPACE',''
  ) );
#1682 = ORIENTED_EDGE('',*,*,#1683,.F.);
#1683 = EDGE_CURVE('',#1684,#1304,#1686,.T.);
#1684 = VERTEX_POINT('',#1685);
#1685 = CARTESIAN_POINT('',(-8.534965765538,-10.43199357029,
    -103.321985546));
#1686 = SURFACE_CURVE('',#1687,(#1694,#1704),.PCURVE_S1.);
#1687 = B_SPLINE_CURVE_WITH_KNOTS('',5,(#1688,#1689,#1690,#1691,#1692,
    #1693),.UNSPECIFIED.,.F.,.F.,(6,6),(0.,1.),
  .PIECEWISE_BEZIER_KNOTS.);
#1688 = CARTESIAN_POINT('',(-8.534965765538,-10.43199357029,
    -103.321985546));
#1689 = CARTESIAN_POINT('',(-9.130099797355,-10.55485423801,
    -103.1911868577));
#1690 = CARTESIAN_POINT('',(-9.721571683961,-10.69628479848,
    -103.0611930364));
#1691 = CARTESIAN_POINT('',(-10.30855325053,-10.85666935272,
    -102.9321860987));
#1692 = CARTESIAN_POINT('',(-10.89007636116,-11.03643389286,
    -102.8043788217));
#1693 = CARTESIAN_POINT('',(-11.46503423446,-11.23603911356,
    -102.6780144539));
#1694 = PCURVE('',#36,#1695);
#1695 = DEFINITIONAL_REPRESENTATION('',(#1696),#1703);
#1696 = B_SPLINE_CURVE_WITH_KNOTS('',5,(#1697,#1698,#1699,#1700,#1701,
    #1702),.UNSPECIFIED.,.F.,.F.,(6,6),(0.,1.),
  .PIECEWISE_BEZIER_KNOTS.);
#1697 = CARTESIAN_POINT('',(0.314651028213,1.590100088278E-02));
#1698 = CARTESIAN_POINT('',(0.319286857289,1.713509940852E-02));
#1699 = CARTESIAN_POINT('',(0.323945430803,1.836057187405E-02));
#1700 = CARTESIAN_POINT('',(0.328631303388,1.957573209964E-02));
#1701 = CARTESIAN_POINT('',(0.333348853373,2.077861455406E-02));
#1702 = CARTESIAN_POINT('',(0.338102733196,2.19669799514E-02));
#1703 = ( GEOMETRIC_REPRESENTATION_CONTEXT(2) 
PARAMETRIC_REPRESENTATION_CONTEXT() REPRESENTATION_CONTEXT('2D SPACE',''
  ) );
#1704 = PCURVE('',#1487,#1705);
#1705 = DEFINITIONAL_REPRESENTATION('',(#1706),#1713);
#1706 = B_SPLINE_CURVE_WITH_KNOTS('',5,(#1707,#1708,#1709,#1710,#1711,
    #1712),.UNSPECIFIED.,.F.,.F.,(6,6),(0.,1.),
  .PIECEWISE_BEZIER_KNOTS.);
#1707 = CARTESIAN_POINT('',(0.314651028213,1.590100088278E-02));
#1708 = CARTESIAN_POINT('',(0.319286857217,1.713509931911E-02));
#1709 = CARTESIAN_POINT('',(0.323945430845,1.836057193598E-02));
#1710 = CARTESIAN_POINT('',(0.328631303455,1.957573217029E-02));
#1711 = CARTESIAN_POINT('',(0.333348853297,2.077861446247E-02));
#1712 = CARTESIAN_POINT('',(0.338102733196,2.19669799514E-02));
#1713 = ( GEOMETRIC_REPRESENTATION_CONTEXT(2) 
PARAMETRIC_REPRESENTATION_CONTEXT() REPRESENTATION_CONTEXT('2D SPACE',''
  ) );
#1714 = ORIENTED_EDGE('',*,*,#1715,.T.);
#1715 = EDGE_CURVE('',#1684,#1716,#1718,.T.);
#1716 = VERTEX_POINT('',#1717);
#1717 = CARTESIAN_POINT('',(11.465034234462,19.581755470341,
    -12.32198554603));
#1718 = SURFACE_CURVE('',#1719,(#1794,#1891),.PCURVE_S1.);
#1719 = B_SPLINE_CURVE_WITH_KNOTS('',7,(#1720,#1721,#1722,#1723,#1724,
    #1725,#1726,#1727,#1728,#1729,#1730,#1731,#1732,#1733,#1734,#1735,
    #1736,#1737,#1738,#1739,#1740,#1741,#1742,#1743,#1744,#1745,#1746,
    #1747,#1748,#1749,#1750,#1751,#1752,#1753,#1754,#1755,#1756,#1757,
    #1758,#1759,#1760,#1761,#1762,#1763,#1764,#1765,#1766,#1767,#1768,
    #1769,#1770,#1771,#1772,#1773,#1774,#1775,#1776,#1777,#1778,#1779,
    #1780,#1781,#1782,#1783,#1784,#1785,#1786,#1787,#1788,#1789,#1790,
    #1791,#1792,#1793),.UNSPECIFIED.,.F.,.F.,(8,6,6,6,6,6,6,6,6,6,6,6,8)
  ,(0.,0.130815098183,0.261182608947,0.32038491806,0.353608678641,
    0.412549883033,0.509311553974,0.639061528643,0.673353054384,
    0.701517976974,0.761474560244,0.904134980783,1.),.UNSPECIFIED.);
#1720 = CARTESIAN_POINT('',(-8.534965765538,-10.43199357029,
    -103.321985546));
#1721 = CARTESIAN_POINT('',(-8.198507557385,-9.478857318978,
    -101.7911006989));
#1722 = CARTESIAN_POINT('',(-7.856104092309,-8.57093144617,
    -100.2331649328));
#1723 = CARTESIAN_POINT('',(-7.50819626538,-7.708891927333,
    -98.65018432031));
#1724 = CARTESIAN_POINT('',(-7.155190141965,-6.893113744317,
    -97.04400645877));
#1725 = CARTESIAN_POINT('',(-6.797582808776,-6.122565542341,
    -95.41689309276));
#1726 = CARTESIAN_POINT('',(-6.435936142576,-5.395055704833,
    -93.77140076155));
#1727 = CARTESIAN_POINT('',(-5.707035891584,-4.022114041057,
    -90.45490461954));
#1728 = CARTESIAN_POINT('',(-5.339788888267,-3.376379002063,
    -88.78393075445));
#1729 = CARTESIAN_POINT('',(-4.969667232473,-2.766965621994,
    -87.09987722058));
#1730 = CARTESIAN_POINT('',(-4.597206251302,-2.189618609941,
    -85.40517975626));
#1731 = CARTESIAN_POINT('',(-4.222906356673,-1.639398383795,
    -83.70211523569));
#1732 = CARTESIAN_POINT('',(-3.847202625427,-1.111102912959,
    -81.99266325853));
#1733 = CARTESIAN_POINT('',(-3.299352521967,-0.367233365969,
    -79.49994528778));
#1734 = CARTESIAN_POINT('',(-3.128044304985,-0.138377779536,
    -78.72049290051));
#1735 = CARTESIAN_POINT('',(-2.956554238255,8.750918054022E-02,
    -77.94021309689));
#1736 = CARTESIAN_POINT('',(-2.784914492935,0.310908700555,
    -77.15925225568));
#1737 = CARTESIAN_POINT('',(-2.613155345536,0.532293485626,
    -76.37774813502));
#1738 = CARTESIAN_POINT('',(-2.441304890916,0.752122982686,
    -75.5958285665));
#1739 = CARTESIAN_POINT('',(-2.172911090521,1.093579684511,
    -74.3746367747));
#1740 = CARTESIAN_POINT('',(-2.07641286536,1.215969703496,
    -73.93556985022));
#1741 = CARTESIAN_POINT('',(-1.979898709364,1.338086867457,
    -73.49643044044));
#1742 = CARTESIAN_POINT('',(-1.883373094917,1.460007158751,
    -73.0572388947));
#1743 = CARTESIAN_POINT('',(-1.786840337206,1.581804335062,
    -72.61801484712));
#1744 = CARTESIAN_POINT('',(-1.690304594224,1.703549929401,
    -72.17877721655));
#1745 = CARTESIAN_POINT('',(-1.422510713593,2.04132963862,
    -70.96031505968));
#1746 = CARTESIAN_POINT('',(-1.251254913825,2.257401214517,
    -70.18110117073));
#1747 = CARTESIAN_POINT('',(-1.080024623784,2.473913769283,
    -69.40200335105));
#1748 = CARTESIAN_POINT('',(-0.908840852589,2.691226820113,
    -68.62311719211));
#1749 = CARTESIAN_POINT('',(-0.737723273757,2.909670384827,
    -67.84453220842));
#1750 = CARTESIAN_POINT('',(-0.566690036803,3.12954175677,
    -67.06633098028));
#1751 = CARTESIAN_POINT('',(-0.115143865227,3.714830280143,
    -65.01179589961));
#1752 = CARTESIAN_POINT('',(0.165199372969,4.083112256487,
    -63.73623416582));
#1753 = CARTESIAN_POINT('',(0.445196577377,4.457101333868,
    -62.46224688576));
#1754 = CARTESIAN_POINT('',(0.724785256102,4.837693355284,
    -61.19011839757));
#1755 = CARTESIAN_POINT('',(1.003918120585,5.225492691541,
    -59.92006386417));
#1756 = CARTESIAN_POINT('',(1.282564174391,5.620794669195,
    -58.65222431935));
#1757 = CARTESIAN_POINT('',(1.933679288576,6.56369502347,-55.68965054981
    ));
#1758 = CARTESIAN_POINT('',(2.305756508808,7.117281321858,
    -53.99669919775));
#1759 = CARTESIAN_POINT('',(2.676901470165,7.684305921557,
    -52.30798962358));
#1760 = CARTESIAN_POINT('',(3.047156118444,8.263766773602,
    -50.62333097391));
#1761 = CARTESIAN_POINT('',(3.416641571859,8.853719238974,
    -48.94217216087));
#1762 = CARTESIAN_POINT('',(3.785549612746,9.451392780711,
    -47.26364057484));
#1763 = CARTESIAN_POINT('',(4.2515385392,10.212507181565,-45.14339095947
    ));
#1764 = CARTESIAN_POINT('',(4.348926845776,10.371915265612,
    -44.70027416455));
#1765 = CARTESIAN_POINT('',(4.446296988151,10.53156404319,
    -44.25724001675));
#1766 = CARTESIAN_POINT('',(4.543653867918,10.691388185193,
    -43.81426621381));
#1767 = CARTESIAN_POINT('',(4.641002608656,10.851319721737,
    -43.37132944345));
#1768 = CARTESIAN_POINT('',(4.738348555928,11.011288042165,
    -42.92840538336));
#1769 = CARTESIAN_POINT('',(4.91565345135,11.302577953885,
    -42.12166810919));
#1770 = CARTESIAN_POINT('',(4.995611471086,11.433911546771,
    -41.75785911939));
#1771 = CARTESIAN_POINT('',(5.075574416568,11.565180130582,
    -41.39402771745));
#1772 = CARTESIAN_POINT('',(5.155545417048,11.696342302238,
    -41.03015966526));
#1773 = CARTESIAN_POINT('',(5.235527650962,11.827355798694,
    -40.66624050095));
#1774 = CARTESIAN_POINT('',(5.315524345924,11.958177496946,
    -40.30225553888));
#1775 = CARTESIAN_POINT('',(5.565870935247,12.366750523204,
    -39.16317855746));
#1776 = CARTESIAN_POINT('',(5.736283140613,12.643668828824,
    -38.38780302304));
#1777 = CARTESIAN_POINT('',(5.906807278756,12.91909651068,
    -37.61191819449));
#1778 = CARTESIAN_POINT('',(6.077475130375,13.192595844089,
    -36.83537946963));
#1779 = CARTESIAN_POINT('',(6.248317857422,13.463720198013,
    -36.05804506156));
#1780 = CARTESIAN_POINT('',(6.419365487588,13.732021033193,
    -35.2797783443));
#1781 = CARTESIAN_POINT('',(6.998191417032,14.627675273767,
    -32.64612036534));
#1782 = CARTESIAN_POINT('',(7.407079963912,15.239835622093,
    -30.78567747703));
#1783 = CARTESIAN_POINT('',(7.8176632155,15.827514568248,-28.9175236823)
  );
#1784 = CARTESIAN_POINT('',(8.230219854949,16.384861714834,
    -27.04039097281));
#1785 = CARTESIAN_POINT('',(8.644916150106,16.906849859849,
    -25.15352282985));
#1786 = CARTESIAN_POINT('',(9.061747472859,17.390226921266,
    -23.25694031132));
#1787 = CARTESIAN_POINT('',(9.761828755967,18.13349021341,
    -20.07157047318));
#1788 = CARTESIAN_POINT('',(10.044067041888,18.414698309247,
    -18.78738627224));
#1789 = CARTESIAN_POINT('',(10.327093884914,18.678310668579,
    -17.49961413647));
#1790 = CARTESIAN_POINT('',(10.610818961357,18.92491604696,
    -16.20866503866));
#1791 = CARTESIAN_POINT('',(10.895138521069,19.155906206327,
    -14.91501104197));
#1792 = CARTESIAN_POINT('',(11.179928236193,19.373656712734,
    -13.61921783815));
#1793 = CARTESIAN_POINT('',(11.465034234462,19.581755470341,
    -12.32198554603));
#1794 = PCURVE('',#36,#1795);
#1795 = DEFINITIONAL_REPRESENTATION('',(#1796),#1890);
#1796 = B_SPLINE_CURVE_WITH_KNOTS('',8,(#1797,#1798,#1799,#1800,#1801,
    #1802,#1803,#1804,#1805,#1806,#1807,#1808,#1809,#1810,#1811,#1812,
    #1813,#1814,#1815,#1816,#1817,#1818,#1819,#1820,#1821,#1822,#1823,
    #1824,#1825,#1826,#1827,#1828,#1829,#1830,#1831,#1832,#1833,#1834,
    #1835,#1836,#1837,#1838,#1839,#1840,#1841,#1842,#1843,#1844,#1845,
    #1846,#1847,#1848,#1849,#1850,#1851,#1852,#1853,#1854,#1855,#1856,
    #1857,#1858,#1859,#1860,#1861,#1862,#1863,#1864,#1865,#1866,#1867,
    #1868,#1869,#1870,#1871,#1872,#1873,#1874,#1875,#1876,#1877,#1878,
    #1879,#1880,#1881,#1882,#1883,#1884,#1885,#1886,#1887,#1888,#1889),
  .UNSPECIFIED.,.F.,.F.,(9,7,7,7,7,7,7,7,7,7,7,7,7,9),(0.,0.125,
    0.1796875,0.23095703125,0.279022216797,0.369144439697,0.448001384735
    ,0.517001211643,0.637750908732,0.728313181549,0.762274033856,
    0.881137016928,0.910852762696,1.),.UNSPECIFIED.);
#1797 = CARTESIAN_POINT('',(0.314651028213,1.590100088278E-02));
#1798 = CARTESIAN_POINT('',(0.311046978562,2.797772529561E-02));
#1799 = CARTESIAN_POINT('',(0.307766656478,4.013888732704E-02));
#1800 = CARTESIAN_POINT('',(0.304732517459,5.237330512087E-02));
#1801 = CARTESIAN_POINT('',(0.301891012301,6.467256558565E-02));
#1802 = CARTESIAN_POINT('',(0.299201799893,7.70291021427E-02));
#1803 = CARTESIAN_POINT('',(0.296633246631,8.94355603546E-02));
#1804 = CARTESIAN_POINT('',(0.294160824175,0.101884746289));
#1805 = CARTESIAN_POINT('',(0.290716851094,0.119831520501));
#1806 = CARTESIAN_POINT('',(0.289683367946,0.125300308891));
#1807 = CARTESIAN_POINT('',(0.288662886474,0.130775495196));
#1808 = CARTESIAN_POINT('',(0.287653970668,0.136256494158));
#1809 = CARTESIAN_POINT('',(0.28665532676,0.141742869506));
#1810 = CARTESIAN_POINT('',(0.285665798893,0.147234268339));
#1811 = CARTESIAN_POINT('',(0.284684384242,0.152730273941));
#1812 = CARTESIAN_POINT('',(0.282796883162,0.163387102351));
#1813 = CARTESIAN_POINT('',(0.281889913284,0.168547401914));
#1814 = CARTESIAN_POINT('',(0.280988560391,0.173711195065));
#1815 = CARTESIAN_POINT('',(0.280092185409,0.17887823339));
#1816 = CARTESIAN_POINT('',(0.279200228404,0.184048296521));
#1817 = CARTESIAN_POINT('',(0.278312208591,0.189221192144));
#1818 = CARTESIAN_POINT('',(0.277427724325,0.19439675599));
#1819 = CARTESIAN_POINT('',(0.275720257723,0.204429319405));
#1820 = CARTESIAN_POINT('',(0.274896881807,0.209285989925));
#1821 = CARTESIAN_POINT('',(0.274076028366,0.214144869908));
#1822 = CARTESIAN_POINT('',(0.273257524352,0.219005555407));
#1823 = CARTESIAN_POINT('',(0.272441103679,0.223868501247));
#1824 = CARTESIAN_POINT('',(0.271626714974,0.228733164452));
#1825 = CARTESIAN_POINT('',(0.270814229154,0.233599721054));
#1826 = CARTESIAN_POINT('',(0.268483677177,0.247596244331));
#1827 = CARTESIAN_POINT('',(0.266970283342,0.256730763401));
#1828 = CARTESIAN_POINT('',(0.265463077173,0.265871335631));
#1829 = CARTESIAN_POINT('',(0.263962177001,0.275017825909));
#1830 = CARTESIAN_POINT('',(0.262468097921,0.284170137507));
#1831 = CARTESIAN_POINT('',(0.260981676556,0.293328139877));
#1832 = CARTESIAN_POINT('',(0.259503985885,0.302491649275));
#1833 = CARTESIAN_POINT('',(0.256751962489,0.319683174188));
#1834 = CARTESIAN_POINT('',(0.255475301949,0.32770992777));
#1835 = CARTESIAN_POINT('',(0.254207065986,0.335740627807));
#1836 = CARTESIAN_POINT('',(0.252948177782,0.343774958673));
#1837 = CARTESIAN_POINT('',(0.251699572047,0.351812768277));
#1838 = CARTESIAN_POINT('',(0.250462187632,0.35985383178));
#1839 = CARTESIAN_POINT('',(0.249236959129,0.367897648137));
#1840 = CARTESIAN_POINT('',(0.246963991476,0.382984412081));
#1841 = CARTESIAN_POINT('',(0.245913213625,0.39002676168));
#1842 = CARTESIAN_POINT('',(0.244872930488,0.397070759985));
#1843 = CARTESIAN_POINT('',(0.243843667441,0.404116070052));
#1844 = CARTESIAN_POINT('',(0.242825868078,0.411162494136));
#1845 = CARTESIAN_POINT('',(0.241819909481,0.418209767876));
#1846 = CARTESIAN_POINT('',(0.240826107507,0.425257454902));
#1847 = CARTESIAN_POINT('',(0.238127057423,0.444639603516));
#1848 = CARTESIAN_POINT('',(0.236447259987,0.456974650289));
#1849 = CARTESIAN_POINT('',(0.234806343859,0.469309191443));
#1850 = CARTESIAN_POINT('',(0.233204496665,0.48164217078));
#1851 = CARTESIAN_POINT('',(0.231640950972,0.49397297438));
#1852 = CARTESIAN_POINT('',(0.230114015869,0.506301449524));
#1853 = CARTESIAN_POINT('',(0.228621180661,0.518627905823));
#1854 = CARTESIAN_POINT('',(0.226062873556,0.540196988961));
#1855 = CARTESIAN_POINT('',(0.224983855744,0.549440216461));
#1856 = CARTESIAN_POINT('',(0.22392089992,0.558683132805));
#1857 = CARTESIAN_POINT('',(0.222872456705,0.567926243));
#1858 = CARTESIAN_POINT('',(0.221836804142,0.577170160464));
#1859 = CARTESIAN_POINT('',(0.220812087142,0.586415562197));
#1860 = CARTESIAN_POINT('',(0.219796356941,0.595663143952));
#1861 = CARTESIAN_POINT('',(0.218409329741,0.608382484656));
#1862 = CARTESIAN_POINT('',(0.218032032904,0.611851796993));
#1863 = CARTESIAN_POINT('',(0.217655612878,0.615321543185));
#1864 = CARTESIAN_POINT('',(0.217279962512,0.618791754005));
#1865 = CARTESIAN_POINT('',(0.216904974656,0.622262460223));
#1866 = CARTESIAN_POINT('',(0.216530542159,0.625733692611));
#1867 = CARTESIAN_POINT('',(0.216156557871,0.629205481939));
#1868 = CARTESIAN_POINT('',(0.214475158519,0.644831190235));
#1869 = CARTESIAN_POINT('',(0.21317152254,0.65699213202));
#1870 = CARTESIAN_POINT('',(0.211867436017,0.66916138143));
#1871 = CARTESIAN_POINT('',(0.210558391411,0.681339225153));
#1872 = CARTESIAN_POINT('',(0.209240070367,0.693525521495));
#1873 = CARTESIAN_POINT('',(0.207908558739,0.705719660047));
#1874 = CARTESIAN_POINT('',(0.206560650592,0.717920498976));
#1875 = CARTESIAN_POINT('',(0.20485263877,0.733177726782));
#1876 = CARTESIAN_POINT('',(0.204509882088,0.736229465992));
#1877 = CARTESIAN_POINT('',(0.20416592784,0.739281562251));
#1878 = CARTESIAN_POINT('',(0.203820779975,0.742333703162));
#1879 = CARTESIAN_POINT('',(0.203474349572,0.745386429875));
#1880 = CARTESIAN_POINT('',(0.203126708773,0.748438913931));
#1881 = CARTESIAN_POINT('',(0.202777764235,0.751491828276));
#1882 = CARTESIAN_POINT('',(0.201376872181,0.763703961952));
#1883 = CARTESIAN_POINT('',(0.200314629607,0.772864555238));
#1884 = CARTESIAN_POINT('',(0.19924066197,0.782025665122));
#1885 = CARTESIAN_POINT('',(0.198155208095,0.791186740203));
#1886 = CARTESIAN_POINT('',(0.197059070265,0.800347655931));
#1887 = CARTESIAN_POINT('',(0.195953787731,0.80950871972));
#1888 = CARTESIAN_POINT('',(0.194841810228,0.818670676073));
#1889 = CARTESIAN_POINT('',(0.193726671483,0.827834711693));
#1890 = ( GEOMETRIC_REPRESENTATION_CONTEXT(2) 
PARAMETRIC_REPRESENTATION_CONTEXT() REPRESENTATION_CONTEXT('2D SPACE',''
  ) );
#1891 = PCURVE('',#1487,#1892);
#1892 = DEFINITIONAL_REPRESENTATION('',(#1893),#1968);
#1893 = B_SPLINE_CURVE_WITH_KNOTS('',7,(#1894,#1895,#1896,#1897,#1898,
    #1899,#1900,#1901,#1902,#1903,#1904,#1905,#1906,#1907,#1908,#1909,
    #1910,#1911,#1912,#1913,#1914,#1915,#1916,#1917,#1918,#1919,#1920,
    #1921,#1922,#1923,#1924,#1925,#1926,#1927,#1928,#1929,#1930,#1931,
    #1932,#1933,#1934,#1935,#1936,#1937,#1938,#1939,#1940,#1941,#1942,
    #1943,#1944,#1945,#1946,#1947,#1948,#1949,#1950,#1951,#1952,#1953,
    #1954,#1955,#1956,#1957,#1958,#1959,#1960,#1961,#1962,#1963,#1964,
    #1965,#1966,#1967),.UNSPECIFIED.,.F.,.F.,(8,6,6,6,6,6,6,6,6,6,6,6,8)
  ,(0.,0.130815098183,0.261182608947,0.32038491806,0.353608678641,
    0.412549883033,0.509311553974,0.639061528643,0.673353054384,
    0.701517976974,0.761474560244,0.904134980783,1.),.UNSPECIFIED.);
#1894 = CARTESIAN_POINT('',(0.314651028213,1.590100088278E-02));
#1895 = CARTESIAN_POINT('',(0.310340496012,3.034504936984E-02));
#1896 = CARTESIAN_POINT('',(0.306502703436,4.491240219193E-02));
#1897 = CARTESIAN_POINT('',(0.302995439559,5.958255104146E-02));
#1898 = CARTESIAN_POINT('',(0.29973401834,7.434162447326E-02));
#1899 = CARTESIAN_POINT('',(0.29665537781,8.917599077126E-02));
#1900 = CARTESIAN_POINT('',(0.293714542397,0.104072500784));
#1901 = CARTESIAN_POINT('',(0.288050994077,0.133912265844));
#1902 = CARTESIAN_POINT('',(0.28532745635,0.148855876552));
#1903 = CARTESIAN_POINT('',(0.28267377213,0.163838090647));
#1904 = CARTESIAN_POINT('',(0.280067838094,0.178850571094));
#1905 = CARTESIAN_POINT('',(0.277494906689,0.193887132237));
#1906 = CARTESIAN_POINT('',(0.274946339039,0.208943977107));
#1907 = CARTESIAN_POINT('',(0.271269711227,0.230866109846));
#1908 = CARTESIAN_POINT('',(0.27012567286,0.237716211977));
#1909 = CARTESIAN_POINT('',(0.268985412647,0.244570018993));
#1910 = CARTESIAN_POINT('',(0.267848746204,0.251427402961));
#1911 = CARTESIAN_POINT('',(0.266715663892,0.258288264714));
#1912 = CARTESIAN_POINT('',(0.265586302288,0.265152535392));
#1913 = CARTESIAN_POINT('',(0.263829359633,0.275874232263));
#1914 = CARTESIAN_POINT('',(0.263199055504,0.279729343328));
#1915 = CARTESIAN_POINT('',(0.262570050696,0.283585501216));
#1916 = CARTESIAN_POINT('',(0.261942402555,0.287442695098));
#1917 = CARTESIAN_POINT('',(0.261316178351,0.29130091327));
#1918 = CARTESIAN_POINT('',(0.260691455285,0.295160143151));
#1919 = CARTESIAN_POINT('',(0.258962837084,0.305868677785));
#1920 = CARTESIAN_POINT('',(0.257862350963,0.312720119068));
#1921 = CARTESIAN_POINT('',(0.256767337409,0.319574625042));
#1922 = CARTESIAN_POINT('',(0.255678349218,0.326432093796));
#1923 = CARTESIAN_POINT('',(0.254595988923,0.333292394067));
#1924 = CARTESIAN_POINT('',(0.253520881016,0.340155367708));
#1925 = CARTESIAN_POINT('',(0.250701599567,0.358291620012));
#1926 = CARTESIAN_POINT('',(0.248970761544,0.369569166476));
#1927 = CARTESIAN_POINT('',(0.247263885703,0.380852552072));
#1928 = CARTESIAN_POINT('',(0.24558369492,0.392140712303));
#1929 = CARTESIAN_POINT('',(0.243932556039,0.403432480414));
#1930 = CARTESIAN_POINT('',(0.242312265787,0.414726628205));
#1931 = CARTESIAN_POINT('',(0.238594130856,0.441168004075));
#1932 = CARTESIAN_POINT('',(0.236521750484,0.456316472612));
#1933 = CARTESIAN_POINT('',(0.234509554057,0.471464155739));
#1934 = CARTESIAN_POINT('',(0.232557903519,0.48660895361));
#1935 = CARTESIAN_POINT('',(0.230664544646,0.501749974855));
#1936 = CARTESIAN_POINT('',(0.228824838537,0.516887580431));
#1937 = CARTESIAN_POINT('',(0.22655874528,0.536023530704));
#1938 = CARTESIAN_POINT('',(0.226088341437,0.540023622699));
#1939 = CARTESIAN_POINT('',(0.225621123415,0.54402362622));
#1940 = CARTESIAN_POINT('',(0.225156965337,0.54802357857));
#1941 = CARTESIAN_POINT('',(0.22469573394,0.552023521888));
#1942 = CARTESIAN_POINT('',(0.224237288569,0.556023503156));
#1943 = CARTESIAN_POINT('',(0.223407109389,0.563308983301));
#1944 = CARTESIAN_POINT('',(0.223034517615,0.566594452315));
#1945 = CARTESIAN_POINT('',(0.222663623986,0.569880009879));
#1946 = CARTESIAN_POINT('',(0.222294344284,0.57316568568));
#1947 = CARTESIAN_POINT('',(0.221926591941,0.576451510443));
#1948 = CARTESIAN_POINT('',(0.221560278038,0.579737515931));
#1949 = CARTESIAN_POINT('',(0.220418381855,0.590019332522));
#1950 = CARTESIAN_POINT('',(0.219647559315,0.597015884588));
#1951 = CARTESIAN_POINT('',(0.218881964869,0.604013723146));
#1952 = CARTESIAN_POINT('',(0.218120683368,0.611013164032));
#1953 = CARTESIAN_POINT('',(0.217362776084,0.618014502377));
#1954 = CARTESIAN_POINT('',(0.216607293441,0.625018008066));
#1955 = CARTESIAN_POINT('',(0.214059210068,0.648693758912));
#1956 = CARTESIAN_POINT('',(0.212273402403,0.665378158974));
#1957 = CARTESIAN_POINT('',(0.210483197572,0.682079091141));
#1958 = CARTESIAN_POINT('',(0.208676232193,0.698796813664));
#1959 = CARTESIAN_POINT('',(0.206841158716,0.715529777802));
#1960 = CARTESIAN_POINT('',(0.204969565317,0.732274238314));
#1961 = CARTESIAN_POINT('',(0.201775310694,0.76027879396));
#1962 = CARTESIAN_POINT('',(0.200473875914,0.771537047379));
#1963 = CARTESIAN_POINT('',(0.199154121219,0.782796081186));
#1964 = CARTESIAN_POINT('',(0.197816450658,0.79405476535));
#1965 = CARTESIAN_POINT('',(0.196462772629,0.80531311505));
#1966 = CARTESIAN_POINT('',(0.195097149049,0.816572310697));
#1967 = CARTESIAN_POINT('',(0.193726671483,0.827834711693));
#1968 = ( GEOMETRIC_REPRESENTATION_CONTEXT(2) 
PARAMETRIC_REPRESENTATION_CONTEXT() REPRESENTATION_CONTEXT('2D SPACE',''
  ) );
#1969 = ORIENTED_EDGE('',*,*,#1970,.F.);
#1970 = EDGE_CURVE('',#1306,#1716,#1971,.T.);
#1971 = SURFACE_CURVE('',#1972,(#1978,#1987),.PCURVE_S1.);
#1972 = B_SPLINE_CURVE_WITH_KNOTS('',4,(#1973,#1974,#1975,#1976,#1977),
  .UNSPECIFIED.,.F.,.F.,(5,5),(0.,1.),.PIECEWISE_BEZIER_KNOTS.);
#1973 = CARTESIAN_POINT('',(8.534965765538,20.414238305182,
    -11.67801445396));
#1974 = CARTESIAN_POINT('',(9.274222572337,20.232139139552,
    -11.84048847743));
#1975 = CARTESIAN_POINT('',(10.009418375601,20.032760096075,
    -12.00206997266));
#1976 = CARTESIAN_POINT('',(10.739924159201,19.81601317797,
    -12.16262069433));
#1977 = CARTESIAN_POINT('',(11.465034234462,19.581755470341,
    -12.32198554603));
#1978 = PCURVE('',#36,#1979);
#1979 = DEFINITIONAL_REPRESENTATION('',(#1980),#1986);
#1980 = B_SPLINE_CURVE_WITH_KNOTS('',4,(#1981,#1982,#1983,#1984,#1985),
  .UNSPECIFIED.,.F.,.F.,(5,5),(0.,1.),.PIECEWISE_BEZIER_KNOTS.);
#1981 = CARTESIAN_POINT('',(0.208539369114,0.833424711345));
#1982 = CARTESIAN_POINT('',(0.20485666523,0.832014545951));
#1983 = CARTESIAN_POINT('',(0.201162020488,0.830612016612));
#1984 = CARTESIAN_POINT('',(0.197452911485,0.82921829652));
#1985 = CARTESIAN_POINT('',(0.193726671483,0.827834711693));
#1986 = ( GEOMETRIC_REPRESENTATION_CONTEXT(2) 
PARAMETRIC_REPRESENTATION_CONTEXT() REPRESENTATION_CONTEXT('2D SPACE',''
  ) );
#1987 = PCURVE('',#1487,#1988);
#1988 = DEFINITIONAL_REPRESENTATION('',(#1989),#1995);
#1989 = B_SPLINE_CURVE_WITH_KNOTS('',4,(#1990,#1991,#1992,#1993,#1994),
  .UNSPECIFIED.,.F.,.F.,(5,5),(0.,1.),.PIECEWISE_BEZIER_KNOTS.);
#1990 = CARTESIAN_POINT('',(0.208539369114,0.833424711345));
#1991 = CARTESIAN_POINT('',(0.204856664553,0.832014545981));
#1992 = CARTESIAN_POINT('',(0.201162020476,0.830612016619));
#1993 = CARTESIAN_POINT('',(0.197452912172,0.82921829648));
#1994 = CARTESIAN_POINT('',(0.193726671483,0.827834711693));
#1995 = ( GEOMETRIC_REPRESENTATION_CONTEXT(2) 
PARAMETRIC_REPRESENTATION_CONTEXT() REPRESENTATION_CONTEXT('2D SPACE',''
  ) );
#1996 = FACE_BOUND('',#1997,.T.);
#1997 = EDGE_LOOP('',(#1998,#2136,#2406,#2435));
#1998 = ORIENTED_EDGE('',*,*,#1999,.F.);
#1999 = EDGE_CURVE('',#2000,#2002,#2004,.T.);
#2000 = VERTEX_POINT('',#2001);
#2001 = CARTESIAN_POINT('',(-11.46503423446,-39.47602364136,
    -102.6780144539));
#2002 = VERTEX_POINT('',#2003);
#2003 = CARTESIAN_POINT('',(-8.534965765538,-40.64373523731,
    -103.321985546));
#2004 = SURFACE_CURVE('',#2005,(#2011,#2021),.PCURVE_S1.);
#2005 = B_SPLINE_CURVE_WITH_KNOTS('',4,(#2006,#2007,#2008,#2009,#2010),
  .UNSPECIFIED.,.F.,.F.,(5,5),(0.,1.),.PIECEWISE_BEZIER_KNOTS.);
#2006 = CARTESIAN_POINT('',(-11.46503423446,-39.47602364136,
    -102.6780144539));
#2007 = CARTESIAN_POINT('',(-10.75074263261,-39.81313845096,
    -102.8350016192));
#2008 = CARTESIAN_POINT('',(-10.02282602622,-40.11997434548,
    -102.9949832909));
#2009 = CARTESIAN_POINT('',(-9.283603933716,-40.39680780608,
    -103.1574496848));
#2010 = CARTESIAN_POINT('',(-8.534965765538,-40.64373523731,
    -103.321985546));
#2011 = PCURVE('',#36,#2012);
#2012 = DEFINITIONAL_REPRESENTATION('',(#2013),#2020);
#2013 = B_SPLINE_CURVE_WITH_KNOTS('',5,(#2014,#2015,#2016,#2017,#2018,
    #2019),.UNSPECIFIED.,.F.,.F.,(6,6),(0.,1.),
  .PIECEWISE_BEZIER_KNOTS.);
#2014 = CARTESIAN_POINT('',(0.661897266804,2.19669799514E-02));
#2015 = CARTESIAN_POINT('',(0.666622004531,2.078589934786E-02));
#2016 = CARTESIAN_POINT('',(0.671324830319,1.958698632781E-02));
#2017 = CARTESIAN_POINT('',(0.676010563197,1.837209971141E-02));
#2018 = CARTESIAN_POINT('',(0.68068372545,1.714293045338E-02));
#2019 = CARTESIAN_POINT('',(0.685348971787,1.590100088278E-02));
#2020 = ( GEOMETRIC_REPRESENTATION_CONTEXT(2) 
PARAMETRIC_REPRESENTATION_CONTEXT() REPRESENTATION_CONTEXT('2D SPACE',''
  ) );
#2021 = PCURVE('',#2022,#2128);
#2022 = ( BOUNDED_SURFACE() B_SPLINE_SURFACE(14,6,(
    (#2023,#2024,#2025,#2026,#2027,#2028,#2029)
    ,(#2030,#2031,#2032,#2033,#2034,#2035,#2036)
    ,(#2037,#2038,#2039,#2040,#2041,#2042,#2043)
    ,(#2044,#2045,#2046,#2047,#2048,#2049,#2050)
    ,(#2051,#2052,#2053,#2054,#2055,#2056,#2057)
    ,(#2058,#2059,#2060,#2061,#2062,#2063,#2064)
    ,(#2065,#2066,#2067,#2068,#2069,#2070,#2071)
    ,(#2072,#2073,#2074,#2075,#2076,#2077,#2078)
    ,(#2079,#2080,#2081,#2082,#2083,#2084,#2085)
    ,(#2086,#2087,#2088,#2089,#2090,#2091,#2092)
    ,(#2093,#2094,#2095,#2096,#2097,#2098,#2099)
    ,(#2100,#2101,#2102,#2103,#2104,#2105,#2106)
    ,(#2107,#2108,#2109,#2110,#2111,#2112,#2113)
    ,(#2114,#2115,#2116,#2117,#2118,#2119,#2120)
    ,(#2121,#2122,#2123,#2124,#2125,#2126,#2127
)),.UNSPECIFIED.,.T.,.F.,.F.) B_SPLINE_SURFACE_WITH_KNOTS((15,15),(7,7),
  (0.,1.),(0.,1.),.PIECEWISE_BEZIER_KNOTS.) 
GEOMETRIC_REPRESENTATION_ITEM() RATIONAL_B_SPLINE_SURFACE((
    (1.,1.,1.,1.,1.,1.,1.)
    ,(1.,1.,1.,1.,1.,1.,1.)
    ,(1.,1.,1.,1.,1.,1.,1.)
    ,(1.,1.,1.,1.,1.,1.,1.)
    ,(1.,1.,1.,1.,1.,1.,1.)
    ,(1.,1.,1.,1.,1.,1.,1.)
    ,(1.,1.,1.,1.,1.,1.,1.)
    ,(1.,1.,1.,1.,1.,1.,1.)
    ,(1.,1.,1.,1.,1.,1.,1.)
    ,(1.,1.,1.,1.,1.,1.,1.)
    ,(1.,1.,1.,1.,1.,1.,1.)
    ,(1.,1.,1.,1.,1.,1.,1.)
    ,(1.,1.,1.,1.,1.,1.,1.)
    ,(1.,1.,1.,1.,1.,1.,1.)
,(1.,1.,1.,1.,1.,1.,1.))) REPRESENTATION_ITEM('') SURFACE() );
#2023 = CARTESIAN_POINT('',(21.,-26.,-105.));
#2024 = CARTESIAN_POINT('',(27.724713615046,-21.28431946383,
    -87.48843493749));
#2025 = CARTESIAN_POINT('',(23.224330747318,-12.99653872953,
    -68.04848260382));
#2026 = CARTESIAN_POINT('',(21.638259206303,-18.11178204544,
    -46.65367818731));
#2027 = CARTESIAN_POINT('',(42.210514590799,-2.067080745318,
    -33.74689762051));
#2028 = CARTESIAN_POINT('',(27.953367068007,-4.756946763358,
    -10.31767744547));
#2029 = CARTESIAN_POINT('',(36.,-2.495388277643E-14,7.));
#2030 = CARTESIAN_POINT('',(21.000000000002,-18.81921679178,-105.));
#2031 = CARTESIAN_POINT('',(27.724713615046,-11.88131139701,
    -87.48843493749));
#2032 = CARTESIAN_POINT('',(23.224330747326,-4.805997652304,
    -68.04848260382));
#2033 = CARTESIAN_POINT('',(21.638259206299,-10.94651034244,
    -46.65367818731));
#2034 = CARTESIAN_POINT('',(42.21051459081,11.506963669526,
    -33.74689762051));
#2035 = CARTESIAN_POINT('',(27.953367068004,4.762929519573,
    -10.31767744547));
#2036 = CARTESIAN_POINT('',(36.000000000008,12.117571663854,7.));
#2037 = CARTESIAN_POINT('',(16.444798414805,-11.638430933,-105.));
#2038 = CARTESIAN_POINT('',(21.710825071805,-2.478299859313,
    -87.48843493749));
#2039 = CARTESIAN_POINT('',(18.18663987894,3.384546448281,
    -68.04848260382));
#2040 = CARTESIAN_POINT('',(16.944610033128,-3.781235994786,
    -46.65367818731));
#2041 = CARTESIAN_POINT('',(33.054447782385,25.081013095019,
    -33.74689762051));
#2042 = CARTESIAN_POINT('',(21.889880307096,14.282809316433,
    -10.31767744547));
#2043 = CARTESIAN_POINT('',(28.191082996787,24.235147800565,7.));
#2044 = CARTESIAN_POINT('',(7.334389421048,-6.274890454822,-105.));
#2045 = CARTESIAN_POINT('',(9.683040297088,4.545086437168,
    -87.48843493749));
#2046 = CARTESIAN_POINT('',(8.1112517022,9.50230510092,-68.04848260382)
  );
#2047 = CARTESIAN_POINT('',(7.557305686191,1.570718479495,
    -46.65367818731));
#2048 = CARTESIAN_POINT('',(14.742302460687,35.219870453197,
    -33.74689762051));
#2049 = CARTESIAN_POINT('',(9.76289903355,21.393487958492,
    -10.31767744547));
#2050 = CARTESIAN_POINT('',(12.573239007572,33.286122357475,7.));
#2051 = CARTESIAN_POINT('',(-4.968822909489,-4.545638466797,-105.));
#2052 = CARTESIAN_POINT('',(-6.559961531769,6.809487119193,
    -87.48843493749));
#2053 = CARTESIAN_POINT('',(-5.495123175237,11.474723572976,
    -68.04848260382));
#2054 = CARTESIAN_POINT('',(-5.119841812341,3.29623503785,
    -46.65367818731));
#2055 = CARTESIAN_POINT('',(-9.987455806027,38.488726038735,
    -33.74689762051));
#2056 = CARTESIAN_POINT('',(-6.614063365771,23.686032449518,
    -10.31767744547));
#2057 = CARTESIAN_POINT('',(-8.51798213068,36.204235087305,7.));
#2058 = CARTESIAN_POINT('',(-17.74028886851,-7.616370223819,-105.));
#2059 = CARTESIAN_POINT('',(-23.4211632539,2.788461188296,
    -87.48843493749));
#2060 = CARTESIAN_POINT('',(-19.61934934407,7.97218716864,
    -68.04848260382));
#2061 = CARTESIAN_POINT('',(-18.27947471162,0.232136497212,
    -46.65367818731));
#2062 = CARTESIAN_POINT('',(-35.65841533891,32.684032029298,
    -33.74689762051));
#2063 = CARTESIAN_POINT('',(-23.61432412572,19.615029945723,
    -10.31767744547));
#2064 = CARTESIAN_POINT('',(-30.41192377438,31.022375247273,7.));
#2065 = CARTESIAN_POINT('',(-27.48987573476,-15.34583607578,-105.));
#2066 = CARTESIAN_POINT('',(-36.29280628823,-7.333029413502,
    -87.48843493749));
#2067 = CARTESIAN_POINT('',(-30.40161744197,-0.84419200926,
    -68.04848260382));
#2068 = CARTESIAN_POINT('',(-28.32538365138,-7.48063262104,
    -46.65367818731));
#2069 = CARTESIAN_POINT('',(-55.25532384853,18.072796776418,
    -33.74689762051));
#2070 = CARTESIAN_POINT('',(-36.59212319332,9.367741242301,
    -10.31767744547));
#2071 = CARTESIAN_POINT('',(-47.12550125988,17.978901622136,7.));
#2072 = CARTESIAN_POINT('',(-31.16040064309,-25.99999999977,-105.));
#2073 = CARTESIAN_POINT('',(-41.13872304608,-21.28431946379,
    -87.48843493749));
#2074 = CARTESIAN_POINT('',(-34.46092622555,-12.99653872992,
    -68.04848260382));
#2075 = CARTESIAN_POINT('',(-32.10746790996,-18.11178204307,
    -46.65367818731));
#2076 = CARTESIAN_POINT('',(-62.63316885621,-2.067080746819,
    -33.74689762051));
#2077 = CARTESIAN_POINT('',(-41.47800557956,-4.756946762423,
    -10.31767744547));
#2078 = CARTESIAN_POINT('',(-53.41782967355,3.62907517548E-10,7.));
#2079 = CARTESIAN_POINT('',(-27.48987573476,-36.65416392462,-105.));
#2080 = CARTESIAN_POINT('',(-36.29280628817,-35.23560951422,
    -87.48843493749));
#2081 = CARTESIAN_POINT('',(-30.40161744208,-25.14888544911,
    -68.04848260382));
#2082 = CARTESIAN_POINT('',(-28.32538365133,-28.74293147415,
    -46.65367818731));
#2083 = CARTESIAN_POINT('',(-55.25532384852,-22.20695826434,
    -33.74689762051));
#2084 = CARTESIAN_POINT('',(-36.59212319338,-18.88163477071,
    -10.31767744547));
#2085 = CARTESIAN_POINT('',(-47.12550125989,-17.9789016228,7.));
#2086 = CARTESIAN_POINT('',(-17.74028886851,-44.38362977586,-105.));
#2087 = CARTESIAN_POINT('',(-23.42116325399,-45.35710011592,
    -87.48843493749));
#2088 = CARTESIAN_POINT('',(-19.61934934391,-33.96526462817,
    -68.04848260382));
#2089 = CARTESIAN_POINT('',(-18.2794747117,-36.4557005849,
    -46.65367818731));
#2090 = CARTESIAN_POINT('',(-35.65841533892,-36.81819352192,
    -33.74689762051));
#2091 = CARTESIAN_POINT('',(-23.61432412563,-29.12892347116,
    -10.31767744547));
#2092 = CARTESIAN_POINT('',(-30.41192377437,-31.02237524676,7.));
#2093 = CARTESIAN_POINT('',(-4.968822909488,-47.4543615334,-105.));
#2094 = CARTESIAN_POINT('',(-6.559961531692,-49.37812604687,
    -87.48843493749));
#2095 = CARTESIAN_POINT('',(-5.49512317538,-37.4678010318,
    -68.04848260382));
#2096 = CARTESIAN_POINT('',(-5.119841812274,-39.51979913063,
    -46.65367818731));
#2097 = CARTESIAN_POINT('',(-9.987455806023,-42.62288752821,
    -33.74689762051));
#2098 = CARTESIAN_POINT('',(-6.614063365839,-33.19992597699,
    -10.31767744547));
#2099 = CARTESIAN_POINT('',(-8.517982130688,-36.20423508762,7.));
#2100 = CARTESIAN_POINT('',(7.334389421048,-45.72510954507,-105.));
#2101 = CARTESIAN_POINT('',(9.68304029704,-47.11372536483,
    -87.48843493749));
#2102 = CARTESIAN_POINT('',(8.111251702285,-35.49538256006,
    -68.04848260382));
#2103 = CARTESIAN_POINT('',(7.557305686153,-37.7942825695,
    -46.65367818731));
#2104 = CARTESIAN_POINT('',(14.742302460684,-39.35403194435,
    -33.74689762051));
#2105 = CARTESIAN_POINT('',(9.762899033588,-30.90738148484,
    -10.31767744547));
#2106 = CARTESIAN_POINT('',(12.573239007577,-33.28612235731,7.));
#2107 = CARTESIAN_POINT('',(16.444798414805,-40.36156906703,-105.));
#2108 = CARTESIAN_POINT('',(21.710825071826,-40.09033906835,
    -87.48843493749));
#2109 = CARTESIAN_POINT('',(18.186639878905,-29.37762390732,
    -68.04848260382));
#2110 = CARTESIAN_POINT('',(16.944610033143,-32.4423280964,
    -46.65367818731));
#2111 = CARTESIAN_POINT('',(33.054447782386,-29.21517458548,
    -33.74689762051));
#2112 = CARTESIAN_POINT('',(21.889880307082,-23.79670284327,
    -10.31767744547));
#2113 = CARTESIAN_POINT('',(28.191082996785,-24.23514780062,7.));
#2114 = CARTESIAN_POINT('',(21.000000000002,-33.1807832082,-105.));
#2115 = CARTESIAN_POINT('',(27.724713615041,-30.68732753065,
    -87.48843493749));
#2116 = CARTESIAN_POINT('',(23.224330747334,-21.18707980676,
    -68.04848260382));
#2117 = CARTESIAN_POINT('',(21.638259206295,-25.27705374838,
    -46.65367818731));
#2118 = CARTESIAN_POINT('',(42.21051459081,-15.64112516019,
    -33.74689762051));
#2119 = CARTESIAN_POINT('',(27.953367068007,-14.27682304626,
    -10.31767744547));
#2120 = CARTESIAN_POINT('',(36.000000000009,-12.11757166384,7.));
#2121 = CARTESIAN_POINT('',(21.,-26.,-105.));
#2122 = CARTESIAN_POINT('',(27.724713615046,-21.28431946383,
    -87.48843493749));
#2123 = CARTESIAN_POINT('',(23.224330747317,-12.99653872953,
    -68.04848260382));
#2124 = CARTESIAN_POINT('',(21.638259206303,-18.11178204544,
    -46.65367818731));
#2125 = CARTESIAN_POINT('',(42.210514590798,-2.067080745318,
    -33.74689762051));
#2126 = CARTESIAN_POINT('',(27.953367068007,-4.756946763358,
    -10.31767744547));
#2127 = CARTESIAN_POINT('',(36.,3.467826405124E-15,7.));
#2128 = DEFINITIONAL_REPRESENTATION('',(#2129),#2135);
#2129 = B_SPLINE_CURVE_WITH_KNOTS('',4,(#2130,#2131,#2132,#2133,#2134),
  .UNSPECIFIED.,.F.,.F.,(5,5),(0.,1.),.PIECEWISE_BEZIER_KNOTS.);
#2130 = CARTESIAN_POINT('',(0.661897266804,2.19669799514E-02));
#2131 = CARTESIAN_POINT('',(0.667803189039,2.04906291993E-02));
#2132 = CARTESIAN_POINT('',(0.673672626832,1.898455767997E-02));
#2133 = CARTESIAN_POINT('',(0.67951741394,1.745341284939E-02));
#2134 = CARTESIAN_POINT('',(0.685348971787,1.590100088278E-02));
#2135 = ( GEOMETRIC_REPRESENTATION_CONTEXT(2) 
PARAMETRIC_REPRESENTATION_CONTEXT() REPRESENTATION_CONTEXT('2D SPACE',''
  ) );
#2136 = ORIENTED_EDGE('',*,*,#2137,.T.);
#2137 = EDGE_CURVE('',#2000,#2138,#2140,.T.);
#2138 = VERTEX_POINT('',#2139);
#2139 = CARTESIAN_POINT('',(8.534965765538,-27.24318260863,
    -11.67801445396));
#2140 = SURFACE_CURVE('',#2141,(#2234,#2310),.PCURVE_S1.);
#2141 = B_SPLINE_CURVE_WITH_KNOTS('',7,(#2142,#2143,#2144,#2145,#2146,
    #2147,#2148,#2149,#2150,#2151,#2152,#2153,#2154,#2155,#2156,#2157,
    #2158,#2159,#2160,#2161,#2162,#2163,#2164,#2165,#2166,#2167,#2168,
    #2169,#2170,#2171,#2172,#2173,#2174,#2175,#2176,#2177,#2178,#2179,
    #2180,#2181,#2182,#2183,#2184,#2185,#2186,#2187,#2188,#2189,#2190,
    #2191,#2192,#2193,#2194,#2195,#2196,#2197,#2198,#2199,#2200,#2201,
    #2202,#2203,#2204,#2205,#2206,#2207,#2208,#2209,#2210,#2211,#2212,
    #2213,#2214,#2215,#2216,#2217,#2218,#2219,#2220,#2221,#2222,#2223,
    #2224,#2225,#2226,#2227,#2228,#2229,#2230,#2231,#2232,#2233),
  .UNSPECIFIED.,.F.,.F.,(8,6,6,6,6,6,6,6,6,6,6,6,6,6,6,8),(0.,
    9.47126683035E-02,0.166920039611,0.211682426862,0.247955876053,
    0.284315566342,0.370724207519,0.513092807191,0.540042383524,
    0.566915890636,0.596163157802,0.714166775981,0.760607723006,
    0.902051414732,0.938623295602,1.),.UNSPECIFIED.);
#2142 = CARTESIAN_POINT('',(-11.46503423446,-39.47602364136,
    -102.6780144539));
#2143 = CARTESIAN_POINT('',(-11.19305238792,-39.59519701827,
    -101.4404970522));
#2144 = CARTESIAN_POINT('',(-10.91992777741,-39.64960885842,
    -100.1977800743));
#2145 = CARTESIAN_POINT('',(-10.64645714973,-39.65215408028,
    -98.95348871843));
#2146 = CARTESIAN_POINT('',(-10.3731838469,-39.61323607364,
    -97.71009519056));
#2147 = CARTESIAN_POINT('',(-10.1003976246,-39.54125554838,
    -96.46891787911));
#2148 = CARTESIAN_POINT('',(-9.828131294867,-39.44280428084,
    -95.23010607881));
#2149 = CARTESIAN_POINT('',(-9.34881298792,-39.23173753408,
    -93.04920778219));
#2150 = CARTESIAN_POINT('',(-9.141723637099,-39.12808417198,
    -92.10695123596));
#2151 = CARTESIAN_POINT('',(-8.934871785698,-39.01441940906,
    -91.16577531209));
#2152 = CARTESIAN_POINT('',(-8.728235995176,-38.89265270399,
    -90.22558246521));
#2153 = CARTESIAN_POINT('',(-8.521790545732,-38.76436670473,
    -89.28625567024));
#2154 = CARTESIAN_POINT('',(-8.315503573129,-38.63088715313,
    -88.3476499449));
#2155 = CARTESIAN_POINT('',(-7.981529771911,-38.40804281342,
    -86.82806914935));
#2156 = CARTESIAN_POINT('',(-7.85377189165,-38.32119555374,
    -86.24677079417));
#2157 = CARTESIAN_POINT('',(-7.726055010971,-38.23304509296,
    -85.66565898708));
#2158 = CARTESIAN_POINT('',(-7.598372383125,-38.1438267086,
    -85.08470303038));
#2159 = CARTESIAN_POINT('',(-7.470717765202,-38.05374904091,
    -84.50387451883));
#2160 = CARTESIAN_POINT('',(-7.343085312074,-37.9629974025,
    -83.9231468571));
#2161 = CARTESIAN_POINT('',(-7.112055264036,-37.79778378521,
    -82.87196013853));
#2162 = CARTESIAN_POINT('',(-7.008652072787,-37.72349649288,
    -82.40147561834));
#2163 = CARTESIAN_POINT('',(-6.90525703111,-37.64896306514,
    -81.93102817871));
#2164 = CARTESIAN_POINT('',(-6.801867540348,-37.57426270255,
    -81.46060599574));
#2165 = CARTESIAN_POINT('',(-6.698481243975,-37.49946669494,
    -80.99019834725));
#2166 = CARTESIAN_POINT('',(-6.595096002879,-37.42463916427,
    -80.51979550026));
#2167 = CARTESIAN_POINT('',(-6.388077935112,-37.2748586084,
    -79.57786329192));
#2168 = CARTESIAN_POINT('',(-6.284445122644,-37.19990571762,
    -79.10633399519));
#2169 = CARTESIAN_POINT('',(-6.180809491419,-37.12503718958,
    -78.63479187312));
#2170 = CARTESIAN_POINT('',(-6.077169329313,-37.0503045925,
    -78.16322913553));
#2171 = CARTESIAN_POINT('',(-5.973523136487,-36.97575353229,
    -77.69163895818));
#2172 = CARTESIAN_POINT('',(-5.869869607965,-36.90142417651,
    -77.2200154034));
#2173 = CARTESIAN_POINT('',(-5.519855356949,-36.6513190558,
    -75.62745056128));
#2174 = CARTESIAN_POINT('',(-5.273455128125,-36.47673743786,
    -74.50632952013));
#2175 = CARTESIAN_POINT('',(-5.026992187893,-36.30407981322,
    -73.38492314207));
#2176 = CARTESIAN_POINT('',(-4.780457233222,-36.13366110887,
    -72.26318909832));
#2177 = CARTESIAN_POINT('',(-4.533845389051,-35.96566990475,
    -71.14110520734));
#2178 = CARTESIAN_POINT('',(-4.28715544871,-35.80019221004,
    -70.01866597879));
#2179 = CARTESIAN_POINT('',(-3.633812647962,-35.36872333323,
    -67.04595623539));
#2180 = CARTESIAN_POINT('',(-3.227027623863,-35.10704042159,
    -65.19508437574));
#2181 = CARTESIAN_POINT('',(-2.820043040331,-34.85217392832,
    -63.34330452067));
#2182 = CARTESIAN_POINT('',(-2.412883074412,-34.60348986636,
    -61.49072667574));
#2183 = CARTESIAN_POINT('',(-2.005582018878,-34.35991211204,
    -59.63750687306));
#2184 = CARTESIAN_POINT('',(-1.598179910587,-34.12007730514,
    -57.78382728033));
#2185 = CARTESIAN_POINT('',(-1.11358905873,-33.83747744895,
    -55.57893890438));
#2186 = CARTESIAN_POINT('',(-1.036456885648,-33.79257675047,
    -55.22798751686));
#2187 = CARTESIAN_POINT('',(-0.95932286536,-33.74774504973,
    -54.87702772455));
#2188 = CARTESIAN_POINT('',(-0.882187283394,-33.70297180798,
    -54.5260608266));
#2189 = CARTESIAN_POINT('',(-0.805050427674,-33.65824633914,
    -54.17508813308));
#2190 = CARTESIAN_POINT('',(-0.727912588521,-33.6135578098,
    -53.82411096493));
#2191 = CARTESIAN_POINT('',(-0.573853263851,-33.52435873549,
    -53.12314103768));
#2192 = CARTESIAN_POINT('',(-0.496931782032,-33.4798480802,
    -52.77314829541));
#2193 = CARTESIAN_POINT('',(-0.420009903383,-33.43535238443,
    -52.42315374755));
#2194 = CARTESIAN_POINT('',(-0.343087919151,-33.39086072092,
    -52.0731587193));
#2195 = CARTESIAN_POINT('',(-0.266166121645,-33.34636212409,
    -51.72316454065));
#2196 = CARTESIAN_POINT('',(-0.189244804236,-33.30184559004,
    -51.37317254643));
#2197 = CARTESIAN_POINT('',(-2.86092605872E-02,-33.20881981946,
    -50.64228082283));
#2198 = CARTESIAN_POINT('',(5.51048230534E-02,-33.1603052876,
    -50.26138174227));
#2199 = CARTESIAN_POINT('',(0.138817609808,-33.11174223468,
    -49.88048856253));
#2200 = CARTESIAN_POINT('',(0.222528720388,-33.06311652307,
    -49.4996030094));
#2201 = CARTESIAN_POINT('',(0.306237775976,-33.01441412381,
    -49.11872680647));
#2202 = CARTESIAN_POINT('',(0.389944398231,-32.96562111662,
    -48.73786167521));
#2203 = CARTESIAN_POINT('',(0.811367029415,-32.71943779506,
    -46.82038870332));
#2204 = CARTESIAN_POINT('',(1.149040126883,-32.52045240571,
    -45.28397610984));
#2205 = CARTESIAN_POINT('',(1.48664288873,-32.31886549717,
    -43.74788354344));
#2206 = CARTESIAN_POINT('',(1.824150587913,-32.11382463094,
    -42.21222351215));
#2207 = CARTESIAN_POINT('',(2.16154025869,-31.90459386606,
    -40.67710051012));
#2208 = CARTESIAN_POINT('',(2.498792220455,-31.69060839818,
    -39.14260408409));
#2209 = CARTESIAN_POINT('',(2.968558353101,-31.38529232134,
    -37.00516818055));
#2210 = CARTESIAN_POINT('',(3.10120179349,-31.29827697466,
    -36.40164052678));
#2211 = CARTESIAN_POINT('',(3.23382063701,-31.2104490903,-35.79822478876
    ));
#2212 = CARTESIAN_POINT('',(3.366414104644,-31.12179236837,
    -35.19492451103));
#2213 = CARTESIAN_POINT('',(3.498981572541,-31.03229600546,
    -34.5917425321));
#2214 = CARTESIAN_POINT('',(3.631522572022,-30.94195469463,
    -33.98868098446));
#2215 = CARTESIAN_POINT('',(4.167631060103,-30.5730461611,
    -31.54938736369));
#2216 = CARTESIAN_POINT('',(4.57097898914,-30.28748732735,
    -29.71415428657));
#2217 = CARTESIAN_POINT('',(4.974068813623,-29.99410813852,
    -27.88009558518));
#2218 = CARTESIAN_POINT('',(5.376909194869,-29.69342086531,
    -26.04717185051));
#2219 = CARTESIAN_POINT('',(5.779531047622,-29.38648774492,
    -24.21524242048));
#2220 = CARTESIAN_POINT('',(6.181986238199,-29.07488338282,
    -22.38407130335));
#2221 = CARTESIAN_POINT('',(6.688386060555,-28.67955366057,
    -20.07995211163));
#2222 = CARTESIAN_POINT('',(6.792415842503,-28.59816866951,
    -19.60661660377));
#2223 = CARTESIAN_POINT('',(6.896440927479,-28.51665324394,
    -19.13330246713));
#2224 = CARTESIAN_POINT('',(7.000462752763,-28.43504742928,
    -18.66000316209));
#2225 = CARTESIAN_POINT('',(7.104482863589,-28.35339410107,
    -18.18671165783));
#2226 = CARTESIAN_POINT('',(7.208502913145,-28.27173896499,
    -17.71342043235));
#2227 = CARTESIAN_POINT('',(7.487099008036,-28.05317136782,
    -16.44580820059));
#2228 = CARTESIAN_POINT('',(7.661677982459,-27.91634395936,
    -15.65147386697));
#2229 = CARTESIAN_POINT('',(7.83627016902,-27.77987917157,
    -14.85707941812));
#2230 = CARTESIAN_POINT('',(8.010884705885,-27.64403120133,
    -14.06258327538));
#2231 = CARTESIAN_POINT('',(8.185531459575,-27.50908246382,
    -13.26794054609));
#2232 = CARTESIAN_POINT('',(8.360221198341,-27.37534845411,
    -12.47310223471));
#2233 = CARTESIAN_POINT('',(8.534965765538,-27.24318260863,
    -11.67801445396));
#2234 = PCURVE('',#36,#2235);
#2235 = DEFINITIONAL_REPRESENTATION('',(#2236),#2309);
#2236 = B_SPLINE_CURVE_WITH_KNOTS('',8,(#2237,#2238,#2239,#2240,#2241,
    #2242,#2243,#2244,#2245,#2246,#2247,#2248,#2249,#2250,#2251,#2252,
    #2253,#2254,#2255,#2256,#2257,#2258,#2259,#2260,#2261,#2262,#2263,
    #2264,#2265,#2266,#2267,#2268,#2269,#2270,#2271,#2272,#2273,#2274,
    #2275,#2276,#2277,#2278,#2279,#2280,#2281,#2282,#2283,#2284,#2285,
    #2286,#2287,#2288,#2289,#2290,#2291,#2292,#2293,#2294,#2295,#2296,
    #2297,#2298,#2299,#2300,#2301,#2302,#2303,#2304,#2305,#2306,#2307,
    #2308),.UNSPECIFIED.,.F.,.F.,(9,7,7,7,7,7,7,7,7,7,9),(0.,6.25E-02,
    9.1796875E-02,9.889221191406E-02,0.155211448669,0.181611090899,
    0.386208318174,0.53965623863,0.769828119315,0.884914059658,1.),
  .UNSPECIFIED.);
#2237 = CARTESIAN_POINT('',(0.661897266804,2.19669799514E-02));
#2238 = CARTESIAN_POINT('',(0.664255755541,2.868678561122E-02));
#2239 = CARTESIAN_POINT('',(0.66646595982,3.539486765156E-02));
#2240 = CARTESIAN_POINT('',(0.66854793766,4.208558843093E-02));
#2241 = CARTESIAN_POINT('',(0.670518065166,4.875461247161E-02));
#2242 = CARTESIAN_POINT('',(0.672389994953,5.539882822587E-02));
#2243 = CARTESIAN_POINT('',(0.674175365958,6.201628041183E-02));
#2244 = CARTESIAN_POINT('',(0.675884264647,6.860611291879E-02));
#2245 = CARTESIAN_POINT('',(0.678294735089,7.824465212226E-02));
#2246 = CARTESIAN_POINT('',(0.679049161777,8.131475519162E-02));
#2247 = CARTESIAN_POINT('',(0.679789608241,8.43788536715E-02));
#2248 = CARTESIAN_POINT('',(0.680516915975,8.743701884657E-02));
#2249 = CARTESIAN_POINT('',(0.681231877398,9.048937110484E-02));
#2250 = CARTESIAN_POINT('',(0.681935235846,9.35360799377E-02));
#2251 = CARTESIAN_POINT('',(0.682627685579,9.657736393987E-02));
#2252 = CARTESIAN_POINT('',(0.683475090258,0.100348806364));
#2253 = CARTESIAN_POINT('',(0.683639702684,0.101083799069));
#2254 = CARTESIAN_POINT('',(0.683803730882,0.101818528808));
#2255 = CARTESIAN_POINT('',(0.683967175578,0.102552961657));
#2256 = CARTESIAN_POINT('',(0.684130037132,0.103287062539));
#2257 = CARTESIAN_POINT('',(0.68429232437,0.104020834783));
#2258 = CARTESIAN_POINT('',(0.684454051525,0.104754306602));
#2259 = CARTESIAN_POINT('',(0.685894522136,0.111306906247));
#2260 = CARTESIAN_POINT('',(0.687138884887,0.117106770721));
#2261 = CARTESIAN_POINT('',(0.68835241069,0.122888155867));
#2262 = CARTESIAN_POINT('',(0.689538651127,0.128652170311));
#2263 = CARTESIAN_POINT('',(0.690700686983,0.13439993866));
#2264 = CARTESIAN_POINT('',(0.691841205031,0.140132606837));
#2265 = CARTESIAN_POINT('',(0.692962574814,0.145851347415));
#2266 = CARTESIAN_POINT('',(0.694584588767,0.154232060385));
#2267 = CARTESIAN_POINT('',(0.695098511603,0.156903965377));
#2268 = CARTESIAN_POINT('',(0.695608904951,0.15957316997));
#2269 = CARTESIAN_POINT('',(0.696115990285,0.162239891914));
#2270 = CARTESIAN_POINT('',(0.696619942849,0.164904167942));
#2271 = CARTESIAN_POINT('',(0.697120929067,0.167566047489));
#2272 = CARTESIAN_POINT('',(0.697619139387,0.170225763477));
#2273 = CARTESIAN_POINT('',(0.701955454871,0.19347971039));
#2274 = CARTESIAN_POINT('',(0.705638331809,0.213949532999));
#2275 = CARTESIAN_POINT('',(0.709236709437,0.234344628162));
#2276 = CARTESIAN_POINT('',(0.712787376928,0.254709298272));
#2277 = CARTESIAN_POINT('',(0.716308771814,0.275077985755));
#2278 = CARTESIAN_POINT('',(0.719803630836,0.295478112627));
#2279 = CARTESIAN_POINT('',(0.723265468333,0.315929749053));
#2280 = CARTESIAN_POINT('',(0.729246058271,0.351833486478));
#2281 = CARTESIAN_POINT('',(0.731784210012,0.367257243169));
#2282 = CARTESIAN_POINT('',(0.734292656874,0.382722951993));
#2283 = CARTESIAN_POINT('',(0.736765093039,0.398234047703));
#2284 = CARTESIAN_POINT('',(0.739194924704,0.413791678577));
#2285 = CARTESIAN_POINT('',(0.741576272499,0.429394643063));
#2286 = CARTESIAN_POINT('',(0.743904703986,0.445039473654));
#2287 = CARTESIAN_POINT('',(0.749587181905,0.484242456059));
#2288 = CARTESIAN_POINT('',(0.752871896193,0.507846013743));
#2289 = CARTESIAN_POINT('',(0.756023205218,0.531512539136));
#2290 = CARTESIAN_POINT('',(0.759041645909,0.555212728057));
#2291 = CARTESIAN_POINT('',(0.761939724227,0.578907630959));
#2292 = CARTESIAN_POINT('',(0.764739162179,0.602554142939));
#2293 = CARTESIAN_POINT('',(0.767465870959,0.626112888843));
#2294 = CARTESIAN_POINT('',(0.771485954465,0.661277954693));
#2295 = CARTESIAN_POINT('',(0.772814323411,0.672970806899));
#2296 = CARTESIAN_POINT('',(0.774134270135,0.684631285661));
#2297 = CARTESIAN_POINT('',(0.775449054346,0.696256620799));
#2298 = CARTESIAN_POINT('',(0.776761799427,0.707844963558));
#2299 = CARTESIAN_POINT('',(0.778075332117,0.719395541803));
#2300 = CARTESIAN_POINT('',(0.779392022201,0.730908815216));
#2301 = CARTESIAN_POINT('',(0.782035221066,0.7538644462));
#2302 = CARTESIAN_POINT('',(0.783361715639,0.765306783848));
#2303 = CARTESIAN_POINT('',(0.784694852659,0.776715509178));
#2304 = CARTESIAN_POINT('',(0.786035693989,0.788093861814));
#2305 = CARTESIAN_POINT('',(0.787384451845,0.799446573862));
#2306 = CARTESIAN_POINT('',(0.788740198636,0.810780047296));
#2307 = CARTESIAN_POINT('',(0.790100451408,0.822102590125));
#2308 = CARTESIAN_POINT('',(0.791460630886,0.833424711345));
#2309 = ( GEOMETRIC_REPRESENTATION_CONTEXT(2) 
PARAMETRIC_REPRESENTATION_CONTEXT() REPRESENTATION_CONTEXT('2D SPACE',''
  ) );
#2310 = PCURVE('',#2022,#2311);
#2311 = DEFINITIONAL_REPRESENTATION('',(#2312),#2405);
#2312 = B_SPLINE_CURVE_WITH_KNOTS('',7,(#2313,#2314,#2315,#2316,#2317,
    #2318,#2319,#2320,#2321,#2322,#2323,#2324,#2325,#2326,#2327,#2328,
    #2329,#2330,#2331,#2332,#2333,#2334,#2335,#2336,#2337,#2338,#2339,
    #2340,#2341,#2342,#2343,#2344,#2345,#2346,#2347,#2348,#2349,#2350,
    #2351,#2352,#2353,#2354,#2355,#2356,#2357,#2358,#2359,#2360,#2361,
    #2362,#2363,#2364,#2365,#2366,#2367,#2368,#2369,#2370,#2371,#2372,
    #2373,#2374,#2375,#2376,#2377,#2378,#2379,#2380,#2381,#2382,#2383,
    #2384,#2385,#2386,#2387,#2388,#2389,#2390,#2391,#2392,#2393,#2394,
    #2395,#2396,#2397,#2398,#2399,#2400,#2401,#2402,#2403,#2404),
  .UNSPECIFIED.,.F.,.F.,(8,6,6,6,6,6,6,6,6,6,6,6,6,6,6,8),(0.,
    9.47126683035E-02,0.166920039611,0.211682426862,0.247955876053,
    0.284315566342,0.370724207519,0.513092807191,0.540042383524,
    0.566915890636,0.596163157802,0.714166775981,0.760607723006,
    0.902051414732,0.938623295602,1.),.UNSPECIFIED.);
#2313 = CARTESIAN_POINT('',(0.661897266804,2.19669799514E-02));
#2314 = CARTESIAN_POINT('',(0.66598190978,3.360493611172E-02));
#2315 = CARTESIAN_POINT('',(0.669612498814,4.520699549394E-02));
#2316 = CARTESIAN_POINT('',(0.672900810681,5.674176616962E-02));
#2317 = CARTESIAN_POINT('',(0.675919365441,6.819159442365E-02));
#2318 = CARTESIAN_POINT('',(0.678723543141,7.95508934477E-02));
#2319 = CARTESIAN_POINT('',(0.681355643397,9.082495969125E-02));
#2320 = CARTESIAN_POINT('',(0.685752055152,0.11057158061));
#2321 = CARTESIAN_POINT('',(0.687573162569,0.119069723917));
#2322 = CARTESIAN_POINT('',(0.689328192881,0.127527582307));
#2323 = CARTESIAN_POINT('',(0.691028464407,0.135948890117));
#2324 = CARTESIAN_POINT('',(0.692683066188,0.144337485363));
#2325 = CARTESIAN_POINT('',(0.694299528947,0.152697357852));
#2326 = CARTESIAN_POINT('',(0.696866350325,0.166199867279));
#2327 = CARTESIAN_POINT('',(0.697836345836,0.171357519709));
#2328 = CARTESIAN_POINT('',(0.69879552487,0.176506553876));
#2329 = CARTESIAN_POINT('',(0.699745162246,0.181647845453));
#2330 = CARTESIAN_POINT('',(0.700686363896,0.186782233887));
#2331 = CARTESIAN_POINT('',(0.701620091151,0.191910526302));
#2332 = CARTESIAN_POINT('',(0.703298460719,0.201184932739));
#2333 = CARTESIAN_POINT('',(0.704045379352,0.205332868038));
#2334 = CARTESIAN_POINT('',(0.704788386361,0.209477718082));
#2335 = CARTESIAN_POINT('',(0.705527873028,0.21361987577));
#2336 = CARTESIAN_POINT('',(0.706264181372,0.217759716981));
#2337 = CARTESIAN_POINT('',(0.706997609029,0.221897601437));
#2338 = CARTESIAN_POINT('',(0.708460956736,0.230179979789));
#2339 = CARTESIAN_POINT('',(0.709190864132,0.234324465272));
#2340 = CARTESIAN_POINT('',(0.709918395718,0.238467676136));
#2341 = CARTESIAN_POINT('',(0.710643770498,0.242609941662));
#2342 = CARTESIAN_POINT('',(0.711367170465,0.246751574775));
#2343 = CARTESIAN_POINT('',(0.712088743991,0.250892872524));
#2344 = CARTESIAN_POINT('',(0.714519365659,0.264875764519));
#2345 = CARTESIAN_POINT('',(0.716220475252,0.27471711605));
#2346 = CARTESIAN_POINT('',(0.717913517561,0.284561935638));
#2347 = CARTESIAN_POINT('',(0.719599105003,0.294413505382));
#2348 = CARTESIAN_POINT('',(0.721277091301,0.304274644688));
#2349 = CARTESIAN_POINT('',(0.722946759943,0.314147714557));
#2350 = CARTESIAN_POINT('',(0.727342425152,0.340324446624));
#2351 = CARTESIAN_POINT('',(0.730052249003,0.356651875661));
#2352 = CARTESIAN_POINT('',(0.732731491744,0.373025340836));
#2353 = CARTESIAN_POINT('',(0.735372211371,0.389450193347));
#2354 = CARTESIAN_POINT('',(0.737965820034,0.4059284322));
#2355 = CARTESIAN_POINT('',(0.74050485513,0.42245862787));
#2356 = CARTESIAN_POINT('',(0.743453523419,0.442174034068));
#2357 = CARTESIAN_POINT('',(0.743920710231,0.445313734962));
#2358 = CARTESIAN_POINT('',(0.744385723097,0.448455096404));
#2359 = CARTESIAN_POINT('',(0.74484853012,0.451598082236));
#2360 = CARTESIAN_POINT('',(0.745309102619,0.454742652173));
#2361 = CARTESIAN_POINT('',(0.745767415134,0.457888761804));
#2362 = CARTESIAN_POINT('',(0.746678188498,0.464175078802));
#2363 = CARTESIAN_POINT('',(0.747130662358,0.467315277845));
#2364 = CARTESIAN_POINT('',(0.747580845035,0.470456911544));
#2365 = CARTESIAN_POINT('',(0.748028718181,0.473599927919));
#2366 = CARTESIAN_POINT('',(0.748474267067,0.476744271181));
#2367 = CARTESIAN_POINT('',(0.748917480585,0.479889881737));
#2368 = CARTESIAN_POINT('',(0.749838164392,0.486461471473));
#2369 = CARTESIAN_POINT('',(0.750315202569,0.489887672923));
#2370 = CARTESIAN_POINT('',(0.750789456226,0.493315218684));
#2371 = CARTESIAN_POINT('',(0.751260921118,0.496744022223));
#2372 = CARTESIAN_POINT('',(0.751729598297,0.500173992333));
#2373 = CARTESIAN_POINT('',(0.752195494121,0.503605033128));
#2374 = CARTESIAN_POINT('',(0.754527189998,0.520884139689));
#2375 = CARTESIAN_POINT('',(0.756350674003,0.534747030496));
#2376 = CARTESIAN_POINT('',(0.758129831451,0.548619145622));
#2377 = CARTESIAN_POINT('',(0.759866836601,0.562492757409));
#2378 = CARTESIAN_POINT('',(0.761565162096,0.5763594183));
#2379 = CARTESIAN_POINT('',(0.763229293785,0.590210535691));
#2380 = CARTESIAN_POINT('',(0.76550773333,0.609479989638));
#2381 = CARTESIAN_POINT('',(0.766146673265,0.614918247853));
#2382 = CARTESIAN_POINT('',(0.766781409484,0.620352362704));
#2383 = CARTESIAN_POINT('',(0.767412262911,0.625781861247));
#2384 = CARTESIAN_POINT('',(0.768039562755,0.631206294236));
#2385 = CARTESIAN_POINT('',(0.76866364651,0.636625236125));
#2386 = CARTESIAN_POINT('',(0.771176869654,0.658524633343));
#2387 = CARTESIAN_POINT('',(0.773042245797,0.67495642924));
#2388 = CARTESIAN_POINT('',(0.774890604207,0.691322396766));
#2389 = CARTESIAN_POINT('',(0.776731805671,0.707614294391));
#2390 = CARTESIAN_POINT('',(0.778574833026,0.723828504125));
#2391 = CARTESIAN_POINT('',(0.780426831513,0.739966953688));
#2392 = CARTESIAN_POINT('',(0.782773438063,0.760193622921));
#2393 = CARTESIAN_POINT('',(0.783256365538,0.764344542623));
#2394 = CARTESIAN_POINT('',(0.783740193072,0.768491121599));
#2395 = CARTESIAN_POINT('',(0.784224965249,0.772633539318));
#2396 = CARTESIAN_POINT('',(0.784710707033,0.776772007127));
#2397 = CARTESIAN_POINT('',(0.78519742377,0.780906768253));
#2398 = CARTESIAN_POINT('',(0.786503545085,0.791971495442));
#2399 = CARTESIAN_POINT('',(0.787324691488,0.798895222785));
#2400 = CARTESIAN_POINT('',(0.788148455578,0.805810602193));
#2401 = CARTESIAN_POINT('',(0.788974572532,0.812719207541));
#2402 = CARTESIAN_POINT('',(0.78980254698,0.819622903295));
#2403 = CARTESIAN_POINT('',(0.790631602462,0.826523883597));
#2404 = CARTESIAN_POINT('',(0.791460630886,0.833424711345));
#2405 = ( GEOMETRIC_REPRESENTATION_CONTEXT(2) 
PARAMETRIC_REPRESENTATION_CONTEXT() REPRESENTATION_CONTEXT('2D SPACE',''
  ) );
#2406 = ORIENTED_EDGE('',*,*,#2407,.F.);
#2407 = EDGE_CURVE('',#2408,#2138,#2410,.T.);
#2408 = VERTEX_POINT('',#2409);
#2409 = CARTESIAN_POINT('',(11.465034234462,-26.6315184905,
    -12.32198554603));
#2410 = SURFACE_CURVE('',#2411,(#2417,#2426),.PCURVE_S1.);
#2411 = B_SPLINE_CURVE_WITH_KNOTS('',4,(#2412,#2413,#2414,#2415,#2416),
  .UNSPECIFIED.,.F.,.F.,(5,5),(0.,1.),.PIECEWISE_BEZIER_KNOTS.);
#2412 = CARTESIAN_POINT('',(11.465034234462,-26.6315184905,
    -12.32198554603));
#2413 = CARTESIAN_POINT('',(10.738179282761,-26.8112180267,-12.162237205
    ));
#2414 = CARTESIAN_POINT('',(10.007065400305,-26.97285584342,
    -12.00155283523));
#2415 = CARTESIAN_POINT('',(9.272445163726,-27.11675815614,
    -11.84009783818));
#2416 = CARTESIAN_POINT('',(8.534965765538,-27.24318260863,
    -11.67801445396));
#2417 = PCURVE('',#36,#2418);
#2418 = DEFINITIONAL_REPRESENTATION('',(#2419),#2425);
#2419 = B_SPLINE_CURVE_WITH_KNOTS('',4,(#2420,#2421,#2422,#2423,#2424),
  .UNSPECIFIED.,.F.,.F.,(5,5),(0.,1.),.PIECEWISE_BEZIER_KNOTS.);
#2420 = CARTESIAN_POINT('',(0.806273328517,0.827834711693));
#2421 = CARTESIAN_POINT('',(0.802538121911,0.829221625865));
#2422 = CARTESIAN_POINT('',(0.798826103703,0.830616505565));
#2423 = CARTESIAN_POINT('',(0.795134480305,0.832017936482));
#2424 = CARTESIAN_POINT('',(0.791460630886,0.833424711345));
#2425 = ( GEOMETRIC_REPRESENTATION_CONTEXT(2) 
PARAMETRIC_REPRESENTATION_CONTEXT() REPRESENTATION_CONTEXT('2D SPACE',''
  ) );
#2426 = PCURVE('',#2022,#2427);
#2427 = DEFINITIONAL_REPRESENTATION('',(#2428),#2434);
#2428 = B_SPLINE_CURVE_WITH_KNOTS('',4,(#2429,#2430,#2431,#2432,#2433),
  .UNSPECIFIED.,.F.,.F.,(5,5),(0.,1.),.PIECEWISE_BEZIER_KNOTS.);
#2429 = CARTESIAN_POINT('',(0.806273328517,0.827834711693));
#2430 = CARTESIAN_POINT('',(0.802538121149,0.829221625885));
#2431 = CARTESIAN_POINT('',(0.798826103717,0.830616505561));
#2432 = CARTESIAN_POINT('',(0.795134481054,0.832017936468));
#2433 = CARTESIAN_POINT('',(0.791460630886,0.833424711345));
#2434 = ( GEOMETRIC_REPRESENTATION_CONTEXT(2) 
PARAMETRIC_REPRESENTATION_CONTEXT() REPRESENTATION_CONTEXT('2D SPACE',''
  ) );
#2435 = ORIENTED_EDGE('',*,*,#2436,.F.);
#2436 = EDGE_CURVE('',#2002,#2408,#2437,.T.);
#2437 = SURFACE_CURVE('',#2438,(#2537,#2603),.PCURVE_S1.);
#2438 = B_SPLINE_CURVE_WITH_KNOTS('',7,(#2439,#2440,#2441,#2442,#2443,
    #2444,#2445,#2446,#2447,#2448,#2449,#2450,#2451,#2452,#2453,#2454,
    #2455,#2456,#2457,#2458,#2459,#2460,#2461,#2462,#2463,#2464,#2465,
    #2466,#2467,#2468,#2469,#2470,#2471,#2472,#2473,#2474,#2475,#2476,
    #2477,#2478,#2479,#2480,#2481,#2482,#2483,#2484,#2485,#2486,#2487,
    #2488,#2489,#2490,#2491,#2492,#2493,#2494,#2495,#2496,#2497,#2498,
    #2499,#2500,#2501,#2502,#2503,#2504,#2505,#2506,#2507,#2508,#2509,
    #2510,#2511,#2512,#2513,#2514,#2515,#2516,#2517,#2518,#2519,#2520,
    #2521,#2522,#2523,#2524,#2525,#2526,#2527,#2528,#2529,#2530,#2531,
    #2532,#2533,#2534,#2535,#2536),.UNSPECIFIED.,.F.,.F.,(8,6,6,6,6,6,6,
    6,6,6,6,6,6,6,6,6,8),(0.,9.794421369556E-02,0.170140949304,
    0.213679689438,0.24997876113,0.320265900803,0.381621240678,
    0.533756413361,0.563102176398,0.591146852688,0.62035086942,
    0.744451916808,0.77995711712,0.916665219711,0.948223278045,
    0.971030560782,1.),.UNSPECIFIED.);
#2439 = CARTESIAN_POINT('',(-8.534965765538,-40.64373523731,
    -103.321985546));
#2440 = CARTESIAN_POINT('',(-8.252252898112,-40.72241381593,
    -102.0356419992));
#2441 = CARTESIAN_POINT('',(-7.968867830288,-40.73652459374,
    -100.7462399406));
#2442 = CARTESIAN_POINT('',(-7.685490794495,-40.69874217246,
    -99.45687442778));
#2443 = CARTESIAN_POINT('',(-7.402574334038,-40.61956521663,
    -98.1696045327));
#2444 = CARTESIAN_POINT('',(-7.120340798505,-40.50745163638,
    -96.88544194603));
#2445 = CARTESIAN_POINT('',(-6.838778789348,-40.36905803035,
    -95.60433480437));
#2446 = CARTESIAN_POINT('',(-6.350404188721,-40.09203128243,
    -93.38223037151));
#2447 = CARTESIAN_POINT('',(-6.143473812407,-39.96306712883,
    -92.44069715928));
#2448 = CARTESIAN_POINT('',(-5.936815623166,-39.82482485103,
    -91.50040239824));
#2449 = CARTESIAN_POINT('',(-5.730398640257,-39.67906343581,
    -90.561205126));
#2450 = CARTESIAN_POINT('',(-5.524190050023,-39.52725015702,
    -89.62295604043));
#2451 = CARTESIAN_POINT('',(-5.318153303039,-39.37061982312,
    -88.68548884166));
#2452 = CARTESIAN_POINT('',(-4.98807372407,-39.11347382609,
    -87.18362675735));
#2453 = CARTESIAN_POINT('',(-4.863949866422,-39.01536472135,
    -86.61886320505));
#2454 = CARTESIAN_POINT('',(-4.739867819907,-38.91611150705,
    -86.05428989341));
#2455 = CARTESIAN_POINT('',(-4.615820636251,-38.81591864608,
    -85.48987520777));
#2456 = CARTESIAN_POINT('',(-4.491801894984,-38.71496885869,
    -84.92558993501));
#2457 = CARTESIAN_POINT('',(-4.367805608232,-38.6134256895,
    -84.36140683029));
#2458 = CARTESIAN_POINT('',(-4.140462084273,-38.42640540233,
    -83.32699379627));
#2459 = CARTESIAN_POINT('',(-4.037109812348,-38.34106446257,
    -82.85674095901));
#2460 = CARTESIAN_POINT('',(-3.933766108749,-38.25549832612,
    -82.38652710764));
#2461 = CARTESIAN_POINT('',(-3.830428060595,-38.16978404988,
    -81.91633898854));
#2462 = CARTESIAN_POINT('',(-3.727093017255,-38.08399135398,
    -81.44616454134));
#2463 = CARTESIAN_POINT('',(-3.623758564478,-37.99818329888,
    -80.9759927812));
#2464 = CARTESIAN_POINT('',(-3.320329323635,-37.74634465881,
    -79.59538973537));
#2465 = CARTESIAN_POINT('',(-3.120230183465,-37.58042910154,
    -78.68493864759));
#2466 = CARTESIAN_POINT('',(-2.920109197659,-37.41508336094,
    -77.77438816218));
#2467 = CARTESIAN_POINT('',(-2.719953871275,-37.25063829671,
    -76.86368142713));
#2468 = CARTESIAN_POINT('',(-2.519754677143,-37.08735355349,
    -75.95277509383));
#2469 = CARTESIAN_POINT('',(-2.319504638221,-36.92542855623,
    -75.04163741674));
#2470 = CARTESIAN_POINT('',(-1.944347207449,-36.62498333804,
    -73.33467110672));
#2471 = CARTESIAN_POINT('',(-1.769453014586,-36.48610355905,
    -72.5389025292));
#2472 = CARTESIAN_POINT('',(-1.594513187887,-36.34847323525,
    -71.74292631772));
#2473 = CARTESIAN_POINT('',(-1.419525713127,-36.21216206809,
    -70.94673330756));
#2474 = CARTESIAN_POINT('',(-1.24448959072,-36.0772135747,
    -70.15031895061));
#2475 = CARTESIAN_POINT('',(-1.069404721105,-35.94364826874,
    -69.35368279386));
#2476 = CARTESIAN_POINT('',(-0.460016536203,-35.48371306571,
    -66.58096655255));
#2477 = CARTESIAN_POINT('',(-2.546423625424E-02,-35.16446630027,
    -64.60375358779));
#2478 = CARTESIAN_POINT('',(0.409372700781,-34.85373515639,
    -62.62524552428));
#2479 = CARTESIAN_POINT('',(0.844460456047,-34.5507564151,
    -60.64559623782));
#2480 = CARTESIAN_POINT('',(1.279751409715,-34.25423060053,
    -58.66502239863));
#2481 = CARTESIAN_POINT('',(1.715188338606,-33.96245311098,
    -56.68378437218));
#2482 = CARTESIAN_POINT('',(2.234719928635,-33.61777991967,
    -54.31991563754));
#2483 = CARTESIAN_POINT('',(2.318732258255,-33.56215131533,
    -53.93765953777));
#2484 = CARTESIAN_POINT('',(2.402747385209,-33.50661454501,
    -53.55539071013));
#2485 = CARTESIAN_POINT('',(2.486764878174,-33.45115562441,
    -53.17311111714));
#2486 = CARTESIAN_POINT('',(2.570784302075,-33.39576036329,
    -52.79082273839));
#2487 = CARTESIAN_POINT('',(2.654805218091,-33.34041436549,
    -52.40852757052));
#2488 = CARTESIAN_POINT('',(2.81912391414,-33.2322440002,-51.66087750349
    ));
#2489 = CARTESIAN_POINT('',(2.899421603572,-33.17941667573,
    -51.29552301658));
#2490 = CARTESIAN_POINT('',(2.979719865773,-33.12660831267,
    -50.93016592357));
#2491 = CARTESIAN_POINT('',(3.060018313544,-33.07380613462,
    -50.5648079862));
#2492 = CARTESIAN_POINT('',(3.140316558671,-33.02099733164,
    -50.19945097088));
#2493 = CARTESIAN_POINT('',(3.220614211918,-32.96816906022,
    -49.8340966486));
#2494 = CARTESIAN_POINT('',(3.384526942728,-32.86026261841,
    -49.08829372342));
#2495 = CARTESIAN_POINT('',(3.468141937905,-32.80518177392,
    -48.70784549536));
#2496 = CARTESIAN_POINT('',(3.551755427651,-32.75005136116,
    -48.32740411702));
#2497 = CARTESIAN_POINT('',(3.635366972548,-32.69485696428,
    -47.94697158774));
#2498 = CARTESIAN_POINT('',(3.718976134672,-32.63958430023,
    -47.56654990007));
#2499 = CARTESIAN_POINT('',(3.802582477598,-32.58421921883,
    -47.18614103976));
#2500 = CARTESIAN_POINT('',(4.241452822244,-32.29302419534,
    -45.18928097162));
#2501 = CARTESIAN_POINT('',(4.596661467578,-32.05537896833,
    -43.57308163535));
#2502 = CARTESIAN_POINT('',(4.951778275656,-31.81474288765,
    -41.95730015859));
#2503 = CARTESIAN_POINT('',(5.306770388221,-31.57011631842,
    -40.34208604643));
#2504 = CARTESIAN_POINT('',(5.661608235538,-31.32066101589,
    -38.72757384113));
#2505 = CARTESIAN_POINT('',(6.016267769384,-31.06577076454,
    -37.11387296213));
#2506 = CARTESIAN_POINT('',(6.472143915609,-30.73054903019,
    -35.03963649681));
#2507 = CARTESIAN_POINT('',(6.573539856925,-30.65550585106,
    -34.57828496382));
#2508 = CARTESIAN_POINT('',(6.674919442982,-30.57998351051,
    -34.11700784726));
#2509 = CARTESIAN_POINT('',(6.776282347876,-30.50397625723,-33.65580663)
  );
#2510 = CARTESIAN_POINT('',(6.877628309744,-30.42748030605,
    -33.1946825035));
#2511 = CARTESIAN_POINT('',(6.978957130763,-30.3504938379,
    -32.73363636786));
#2512 = CARTESIAN_POINT('',(7.470355457561,-29.97470262805,
    -30.49777398093));
#2513 = CARTESIAN_POINT('',(7.860187989944,-29.66911736752,
    -28.72403595858));
#2514 = CARTESIAN_POINT('',(8.24975580678,-29.35627636813,
    -26.95150239198));
#2515 = CARTESIAN_POINT('',(8.639068300307,-29.03664093771,
    -25.18013054643));
#2516 = CARTESIAN_POINT('',(9.028156551973,-28.7111670972,
    -23.40977900136));
#2517 = CARTESIAN_POINT('',(9.41707254605,-28.3812847392,-21.6402112283)
  );
#2518 = CARTESIAN_POINT('',(9.895649783218,-27.97230327621,
    -19.46268479919));
#2519 = CARTESIAN_POINT('',(9.985401182434,-27.89547180681,
    -19.05431593276));
#2520 = CARTESIAN_POINT('',(10.075148522542,-27.81853734681,
    -18.64596553527));
#2521 = CARTESIAN_POINT('',(10.164892841342,-27.74152633432,
    -18.23762888473));
#2522 = CARTESIAN_POINT('',(10.254635251835,-27.66446700784,
    -17.82930091698));
#2523 = CARTESIAN_POINT('',(10.344376942222,-27.58738940627,
    -17.42097622572));
#2524 = CARTESIAN_POINT('',(10.498976667302,-27.45463051999,
    -16.71754747661));
#2525 = CARTESIAN_POINT('',(10.563834442319,-27.39894280165,
    -16.42244460028));
#2526 = CARTESIAN_POINT('',(10.628692978183,-27.34327424549,
    -16.1273382621));
#2527 = CARTESIAN_POINT('',(10.693552773597,-27.28763747002,
    -15.83222619297));
#2528 = CARTESIAN_POINT('',(10.758414348731,-27.23204568063,
    -15.53710602611));
#2529 = CARTESIAN_POINT('',(10.823278245225,-27.17651266961,
    -15.24197529706));
#2530 = CARTESIAN_POINT('',(10.970537755306,-27.05060861312,
    -14.57194452619));
#2531 = CARTESIAN_POINT('',(11.052935136312,-26.98028255084,
    -14.19703644261));
#2532 = CARTESIAN_POINT('',(11.135338323936,-26.91010399152,
    -13.82210193892));
#2533 = CARTESIAN_POINT('',(11.21774853003,-26.84010419631,
    -13.44713550119));
#2534 = CARTESIAN_POINT('',(11.300167023565,-26.77031632526,
    -13.07213135561));
#2535 = CARTESIAN_POINT('',(11.382595130637,-26.70077543737,
    -12.69708346843));
#2536 = CARTESIAN_POINT('',(11.465034234462,-26.6315184905,
    -12.32198554603));
#2537 = PCURVE('',#36,#2538);
#2538 = DEFINITIONAL_REPRESENTATION('',(#2539),#2602);
#2539 = B_SPLINE_CURVE_WITH_KNOTS('',7,(#2540,#2541,#2542,#2543,#2544,
    #2545,#2546,#2547,#2548,#2549,#2550,#2551,#2552,#2553,#2554,#2555,
    #2556,#2557,#2558,#2559,#2560,#2561,#2562,#2563,#2564,#2565,#2566,
    #2567,#2568,#2569,#2570,#2571,#2572,#2573,#2574,#2575,#2576,#2577,
    #2578,#2579,#2580,#2581,#2582,#2583,#2584,#2585,#2586,#2587,#2588,
    #2589,#2590,#2591,#2592,#2593,#2594,#2595,#2596,#2597,#2598,#2599,
    #2600,#2601),.UNSPECIFIED.,.F.,.F.,(8,6,6,6,6,6,6,6,6,6,8),(0.,
    6.25E-02,9.1796875E-02,9.889221191406E-02,0.155211448669,
    0.181611090899,0.386208318174,0.53965623863,0.769828119315,
    0.884914059658,1.),.UNSPECIFIED.);
#2540 = CARTESIAN_POINT('',(0.685348971787,1.590100088278E-02));
#2541 = CARTESIAN_POINT('',(0.687660218693,2.364570117787E-02));
#2542 = CARTESIAN_POINT('',(0.689817164997,3.136422502629E-02));
#2543 = CARTESIAN_POINT('',(0.691844855026,3.90498254594E-02));
#2544 = CARTESIAN_POINT('',(0.693762681486,4.669788661465E-02));
#2545 = CARTESIAN_POINT('',(0.695586281338,5.430573882228E-02));
#2546 = CARTESIAN_POINT('',(0.697328720393,6.187251383435E-02));
#2547 = CARTESIAN_POINT('',(0.699784829902,7.292709984436E-02));
#2548 = CARTESIAN_POINT('',(0.700553280481,7.644631454027E-02));
#2549 = CARTESIAN_POINT('',(0.701307434674,7.995677214475E-02));
#2550 = CARTESIAN_POINT('',(0.702048331309,8.345863963817E-02));
#2551 = CARTESIAN_POINT('',(0.702776931763,8.695216312057E-02));
#2552 = CARTESIAN_POINT('',(0.703494119952,9.043766781153E-02));
#2553 = CARTESIAN_POINT('',(0.704371827951,9.475785736395E-02));
#2554 = CARTESIAN_POINT('',(0.704542333774,9.559971902807E-02));
#2555 = CARTESIAN_POINT('',(0.704712227414,9.64411284411E-02));
#2556 = CARTESIAN_POINT('',(0.704881522083,9.72821003869E-02));
#2557 = CARTESIAN_POINT('',(0.705050231894,9.812265548145E-02));
#2558 = CARTESIAN_POINT('',(0.705218367183,9.896279661948E-02));
#2559 = CARTESIAN_POINT('',(0.706715954345,0.106467505986));
#2560 = CARTESIAN_POINT('',(0.708009976046,0.113104357902));
#2561 = CARTESIAN_POINT('',(0.709273154487,0.119715037101));
#2562 = CARTESIAN_POINT('',(0.710509776835,0.126301516605));
#2563 = CARTESIAN_POINT('',(0.711723417919,0.13286576292));
#2564 = CARTESIAN_POINT('',(0.712917100288,0.139409752438));
#2565 = CARTESIAN_POINT('',(0.714644869327,0.148994426064));
#2566 = CARTESIAN_POINT('',(0.715192475668,0.152049357434));
#2567 = CARTESIAN_POINT('',(0.715736537505,0.15510046344));
#2568 = CARTESIAN_POINT('',(0.716277312227,0.158148008647));
#2569 = CARTESIAN_POINT('',(0.716815022484,0.161192168969));
#2570 = CARTESIAN_POINT('',(0.717349862017,0.164233054007));
#2571 = CARTESIAN_POINT('',(0.722006365801,0.190814392778));
#2572 = CARTESIAN_POINT('',(0.725970380492,0.214175332626));
#2573 = CARTESIAN_POINT('',(0.729862834584,0.237441003767));
#2574 = CARTESIAN_POINT('',(0.733714242683,0.260681536924));
#2575 = CARTESIAN_POINT('',(0.737530124771,0.283947897401));
#2576 = CARTESIAN_POINT('',(0.741295116539,0.307277949924));
#2577 = CARTESIAN_POINT('',(0.747759846203,0.348257358499));
#2578 = CARTESIAN_POINT('',(0.750490543534,0.36586881958));
#2579 = CARTESIAN_POINT('',(0.753172822113,0.383538756715));
#2580 = CARTESIAN_POINT('',(0.755796188546,0.401272606819));
#2581 = CARTESIAN_POINT('',(0.758351387099,0.419071080645));
#2582 = CARTESIAN_POINT('',(0.760832474246,0.436930097765));
#2583 = CARTESIAN_POINT('',(0.76684567561,0.481707854023));
#2584 = CARTESIAN_POINT('',(0.770283020509,0.508691861368));
#2585 = CARTESIAN_POINT('',(0.773543894818,0.535764506005));
#2586 = CARTESIAN_POINT('',(0.776643169602,0.562876247605));
#2587 = CARTESIAN_POINT('',(0.77962136137,0.589956393976));
#2588 = CARTESIAN_POINT('',(0.782527702531,0.61693552049));
#2589 = CARTESIAN_POINT('',(0.786849243744,0.657180304746));
#2590 = CARTESIAN_POINT('',(0.788283426478,0.670557930264));
#2591 = CARTESIAN_POINT('',(0.789717099929,0.68389225671));
#2592 = CARTESIAN_POINT('',(0.791155863697,0.697178468283));
#2593 = CARTESIAN_POINT('',(0.792604770302,0.710413754487));
#2594 = CARTESIAN_POINT('',(0.794067877458,0.723597775494));
#2595 = CARTESIAN_POINT('',(0.797027479381,0.749867769534));
#2596 = CARTESIAN_POINT('',(0.7985239692,0.762953773414));
#2597 = CARTESIAN_POINT('',(0.800039652839,0.775993018985));
#2598 = CARTESIAN_POINT('',(0.801575411928,0.788990675028));
#2599 = CARTESIAN_POINT('',(0.803130012997,0.801954928389));
#2600 = CARTESIAN_POINT('',(0.804699051111,0.814897517137));
#2601 = CARTESIAN_POINT('',(0.806273328517,0.827834711693));
#2602 = ( GEOMETRIC_REPRESENTATION_CONTEXT(2) 
PARAMETRIC_REPRESENTATION_CONTEXT() REPRESENTATION_CONTEXT('2D SPACE',''
  ) );
#2603 = PCURVE('',#2022,#2604);
#2604 = DEFINITIONAL_REPRESENTATION('',(#2605),#2704);
#2605 = B_SPLINE_CURVE_WITH_KNOTS('',7,(#2606,#2607,#2608,#2609,#2610,
    #2611,#2612,#2613,#2614,#2615,#2616,#2617,#2618,#2619,#2620,#2621,
    #2622,#2623,#2624,#2625,#2626,#2627,#2628,#2629,#2630,#2631,#2632,
    #2633,#2634,#2635,#2636,#2637,#2638,#2639,#2640,#2641,#2642,#2643,
    #2644,#2645,#2646,#2647,#2648,#2649,#2650,#2651,#2652,#2653,#2654,
    #2655,#2656,#2657,#2658,#2659,#2660,#2661,#2662,#2663,#2664,#2665,
    #2666,#2667,#2668,#2669,#2670,#2671,#2672,#2673,#2674,#2675,#2676,
    #2677,#2678,#2679,#2680,#2681,#2682,#2683,#2684,#2685,#2686,#2687,
    #2688,#2689,#2690,#2691,#2692,#2693,#2694,#2695,#2696,#2697,#2698,
    #2699,#2700,#2701,#2702,#2703),.UNSPECIFIED.,.F.,.F.,(8,6,6,6,6,6,6,
    6,6,6,6,6,6,6,6,6,8),(0.,9.794421369556E-02,0.170140949304,
    0.213679689438,0.24997876113,0.320265900803,0.381621240678,
    0.533756413361,0.563102176398,0.591146852688,0.62035086942,
    0.744451916808,0.77995711712,0.916665219711,0.948223278045,
    0.971030560782,1.),.UNSPECIFIED.);
#2606 = CARTESIAN_POINT('',(0.685348971787,1.590100088278E-02));
#2607 = CARTESIAN_POINT('',(0.688970945896,2.803777824789E-02));
#2608 = CARTESIAN_POINT('',(0.692214046014,4.011027200292E-02));
#2609 = CARTESIAN_POINT('',(0.695174314083,5.209250884599E-02));
#2610 = CARTESIAN_POINT('',(0.697914771672,6.397139262225E-02));
#2611 = CARTESIAN_POINT('',(0.700481025591,7.574490078779E-02));
#2612 = CARTESIAN_POINT('',(0.702909600737,8.742095857941E-02));
#2613 = CARTESIAN_POINT('',(0.706938678205,0.107564669689));
#2614 = CARTESIAN_POINT('',(0.708588455776,0.116065781252));
#2615 = CARTESIAN_POINT('',(0.710189384236,0.124524536655));
#2616 = CARTESIAN_POINT('',(0.711750000969,0.132945075573));
#2617 = CARTESIAN_POINT('',(0.71327713114,0.141331536227));
#2618 = CARTESIAN_POINT('',(0.714776384417,0.14968810913));
#2619 = CARTESIAN_POINT('',(0.717142435914,0.163043120939));
#2620 = CARTESIAN_POINT('',(0.718024041786,0.168057775251));
#2621 = CARTESIAN_POINT('',(0.718898160303,0.17306391536));
#2622 = CARTESIAN_POINT('',(0.719765651322,0.178062379937));
#2623 = CARTESIAN_POINT('',(0.720627254788,0.183053972129));
#2624 = CARTESIAN_POINT('',(0.721483606978,0.188039463156));
#2625 = CARTESIAN_POINT('',(0.723045293263,0.197171626828));
#2626 = CARTESIAN_POINT('',(0.723752060388,0.201319929706));
#2627 = CARTESIAN_POINT('',(0.724455874663,0.205464932087));
#2628 = CARTESIAN_POINT('',(0.725157008705,0.209607042836));
#2629 = CARTESIAN_POINT('',(0.725855695117,0.213746653066));
#2630 = CARTESIAN_POINT('',(0.726552130411,0.217884137069));
#2631 = CARTESIAN_POINT('',(0.728590969814,0.230027982561));
#2632 = CARTESIAN_POINT('',(0.729927636778,0.238029480449));
#2633 = CARTESIAN_POINT('',(0.731257666611,0.24602694334));
#2634 = CARTESIAN_POINT('',(0.732581794396,0.254022728471));
#2635 = CARTESIAN_POINT('',(0.733900373008,0.262018964176));
#2636 = CARTESIAN_POINT('',(0.735213442627,0.270017560193));
#2637 = CARTESIAN_POINT('',(0.737662024231,0.285005931002));
#2638 = CARTESIAN_POINT('',(0.738798895509,0.291994741192));
#2639 = CARTESIAN_POINT('',(0.739931276396,0.298987776486));
#2640 = CARTESIAN_POINT('',(0.741058885849,0.305986047757));
#2641 = CARTESIAN_POINT('',(0.742181329296,0.312990448302));
#2642 = CARTESIAN_POINT('',(0.743298128485,0.320001753329));
#2643 = CARTESIAN_POINT('',(0.747162624055,0.34442442507));
#2644 = CARTESIAN_POINT('',(0.749878532137,0.361874780291));
#2645 = CARTESIAN_POINT('',(0.752548349204,0.379381616294));
#2646 = CARTESIAN_POINT('',(0.75516194795,0.396950696678));
#2647 = CARTESIAN_POINT('',(0.757709912321,0.414583435573));
#2648 = CARTESIAN_POINT('',(0.760186051872,0.432276486051));
#2649 = CARTESIAN_POINT('',(0.76305138011,0.453445291078));
#2650 = CARTESIAN_POINT('',(0.763511950102,0.456870284841));
#2651 = CARTESIAN_POINT('',(0.763969745131,0.460297187773));
#2652 = CARTESIAN_POINT('',(0.764424754085,0.463725939852));
#2653 = CARTESIAN_POINT('',(0.764876971442,0.467156475364));
#2654 = CARTESIAN_POINT('',(0.765326397277,0.470588722899));
#2655 = CARTESIAN_POINT('',(0.766199874804,0.47730424168));
#2656 = CARTESIAN_POINT('',(0.766624168077,0.480587371321));
#2657 = CARTESIAN_POINT('',(0.767045922139,0.483871926929));
#2658 = CARTESIAN_POINT('',(0.767465146791,0.48715783689));
#2659 = CARTESIAN_POINT('',(0.767881856568,0.490445025333));
#2660 = CARTESIAN_POINT('',(0.768296070746,0.493733412122));
#2661 = CARTESIAN_POINT('',(0.769136576967,0.500448398454));
#2662 = CARTESIAN_POINT('',(0.76956266033,0.503875092266));
#2663 = CARTESIAN_POINT('',(0.769986090658,0.507302898874));
#2664 = CARTESIAN_POINT('',(0.770406900422,0.510731718715));
#2665 = CARTESIAN_POINT('',(0.770825127334,0.514161448088));
#2666 = CARTESIAN_POINT('',(0.77124081434,0.51759197915));
#2667 = CARTESIAN_POINT('',(0.773409862877,0.535604005542));
#2668 = CARTESIAN_POINT('',(0.775120721722,0.550197273248));
#2669 = CARTESIAN_POINT('',(0.776790257176,0.564794454652));
#2670 = CARTESIAN_POINT('',(0.778423778194,0.579385779083));
#2671 = CARTESIAN_POINT('',(0.780027832042,0.593960942827));
#2672 = CARTESIAN_POINT('',(0.781609682356,0.608509921131));
#2673 = CARTESIAN_POINT('',(0.783624977214,0.627176340399));
#2674 = CARTESIAN_POINT('',(0.784072072209,0.631325914668));
#2675 = CARTESIAN_POINT('',(0.784518123244,0.635472417777));
#2676 = CARTESIAN_POINT('',(0.784963302709,0.639615652512));
#2677 = CARTESIAN_POINT('',(0.785407782019,0.643755432456));
#2678 = CARTESIAN_POINT('',(0.785851731617,0.64789158199));
#2679 = CARTESIAN_POINT('',(0.788003303389,0.667935022863));
#2680 = CARTESIAN_POINT('',(0.789705945067,0.683789929698));
#2681 = CARTESIAN_POINT('',(0.791412826441,0.699579234136));
#2682 = CARTESIAN_POINT('',(0.793132977322,0.715296577933));
#2683 = CARTESIAN_POINT('',(0.794873864522,0.730939976709));
#2684 = CARTESIAN_POINT('',(0.796640523834,0.746512535912));
#2685 = CARTESIAN_POINT('',(0.798847633004,0.765604070071));
#2686 = CARTESIAN_POINT('',(0.799262985079,0.769181376912));
#2687 = CARTESIAN_POINT('',(0.799679760132,0.772755516192));
#2688 = CARTESIAN_POINT('',(0.800097954686,0.776326619793));
#2689 = CARTESIAN_POINT('',(0.800517550966,0.779894838165));
#2690 = CARTESIAN_POINT('',(0.800938516905,0.783460340327));
#2691 = CARTESIAN_POINT('',(0.801665998233,0.789598305777));
#2692 = CARTESIAN_POINT('',(0.801971880916,0.792171977235));
#2693 = CARTESIAN_POINT('',(0.802278436435,0.794744399179));
#2694 = CARTESIAN_POINT('',(0.80258564196,0.797315648206));
#2695 = CARTESIAN_POINT('',(0.802893469586,0.799885806579));
#2696 = CARTESIAN_POINT('',(0.803201886327,0.802454962222));
#2697 = CARTESIAN_POINT('',(0.803903299984,0.808285353616));
#2698 = CARTESIAN_POINT('',(0.804296633799,0.81154603222));
#2699 = CARTESIAN_POINT('',(0.804690778472,0.814805435841));
#2700 = CARTESIAN_POINT('',(0.805085639896,0.818063772504));
#2701 = CARTESIAN_POINT('',(0.805481106959,0.821321266945));
#2702 = CARTESIAN_POINT('',(0.805877051542,0.824578160619));
#2703 = CARTESIAN_POINT('',(0.806273328517,0.827834711693));
#2704 = ( GEOMETRIC_REPRESENTATION_CONTEXT(2) 
PARAMETRIC_REPRESENTATION_CONTEXT() REPRESENTATION_CONTEXT('2D SPACE',''
  ) );
#2705 = ADVANCED_FACE('',(#2706,#2740,#2910,#3080,#3250,#3253),#1134,.F.
  );
#2706 = FACE_BOUND('',#2707,.F.);
#2707 = EDGE_LOOP('',(#2708));
#2708 = ORIENTED_EDGE('',*,*,#2709,.T.);
#2709 = EDGE_CURVE('',#2710,#2710,#2712,.T.);
#2710 = VERTEX_POINT('',#2711);
#2711 = CARTESIAN_POINT('',(44.,0.,4.));
#2712 = SURFACE_CURVE('',#2713,(#2718,#2725),.PCURVE_S1.);
#2713 = ELLIPSE('',#2714,44.,35.);
#2714 = AXIS2_PLACEMENT_3D('',#2715,#2716,#2717);
#2715 = CARTESIAN_POINT('',(0.,0.,4.));
#2716 = DIRECTION('',(0.,0.,1.));
#2717 = DIRECTION('',(1.,0.,0.));
#2718 = PCURVE('',#1134,#2719);
#2719 = DEFINITIONAL_REPRESENTATION('',(#2720),#2724);
#2720 = ELLIPSE('',#2721,44.,35.);
#2721 = AXIS2_PLACEMENT_2D('',#2722,#2723);
#2722 = CARTESIAN_POINT('',(-1.282929419417,4.076557804336E-16));
#2723 = DIRECTION('',(1.,0.));
#2724 = ( GEOMETRIC_REPRESENTATION_CONTEXT(2) 
PARAMETRIC_REPRESENTATION_CONTEXT() REPRESENTATION_CONTEXT('2D SPACE',''
  ) );
#2725 = PCURVE('',#2726,#2734);
#2726 = SURFACE_OF_LINEAR_EXTRUSION('',#2727,#2732);
#2727 = ELLIPSE('',#2728,44.,35.);
#2728 = AXIS2_PLACEMENT_3D('',#2729,#2730,#2731);
#2729 = CARTESIAN_POINT('',(0.,0.,4.));
#2730 = DIRECTION('',(0.,0.,1.));
#2731 = DIRECTION('',(1.,0.,0.));
#2732 = VECTOR('',#2733,1.);
#2733 = DIRECTION('',(-0.,-0.,-1.));
#2734 = DEFINITIONAL_REPRESENTATION('',(#2735),#2739);
#2735 = LINE('',#2736,#2737);
#2736 = CARTESIAN_POINT('',(0.,0.));
#2737 = VECTOR('',#2738,1.);
#2738 = DIRECTION('',(1.,0.));
#2739 = ( GEOMETRIC_REPRESENTATION_CONTEXT(2) 
PARAMETRIC_REPRESENTATION_CONTEXT() REPRESENTATION_CONTEXT('2D SPACE',''
  ) );
#2740 = FACE_BOUND('',#2741,.F.);
#2741 = EDGE_LOOP('',(#2742,#2772,#2800,#2828,#2856,#2884));
#2742 = ORIENTED_EDGE('',*,*,#2743,.F.);
#2743 = EDGE_CURVE('',#2744,#2746,#2748,.T.);
#2744 = VERTEX_POINT('',#2745);
#2745 = CARTESIAN_POINT('',(-28.65,-19.,4.));
#2746 = VERTEX_POINT('',#2747);
#2747 = CARTESIAN_POINT('',(-30.325,-16.09881489732,4.));
#2748 = SURFACE_CURVE('',#2749,(#2753,#2760),.PCURVE_S1.);
#2749 = LINE('',#2750,#2751);
#2750 = CARTESIAN_POINT('',(-28.65,-19.,4.));
#2751 = VECTOR('',#2752,1.);
#2752 = DIRECTION('',(-0.5,0.866025403784,0.));
#2753 = PCURVE('',#1134,#2754);
#2754 = DEFINITIONAL_REPRESENTATION('',(#2755),#2759);
#2755 = LINE('',#2756,#2757);
#2756 = CARTESIAN_POINT('',(-29.93292941941,-19.));
#2757 = VECTOR('',#2758,1.);
#2758 = DIRECTION('',(-0.5,0.866025403784));
#2759 = ( GEOMETRIC_REPRESENTATION_CONTEXT(2) 
PARAMETRIC_REPRESENTATION_CONTEXT() REPRESENTATION_CONTEXT('2D SPACE',''
  ) );
#2760 = PCURVE('',#2761,#2766);
#2761 = PLANE('',#2762);
#2762 = AXIS2_PLACEMENT_3D('',#2763,#2764,#2765);
#2763 = CARTESIAN_POINT('',(-28.65,-19.,4.));
#2764 = DIRECTION('',(-0.866025403784,-0.5,0.));
#2765 = DIRECTION('',(-0.5,0.866025403784,0.));
#2766 = DEFINITIONAL_REPRESENTATION('',(#2767),#2771);
#2767 = LINE('',#2768,#2769);
#2768 = CARTESIAN_POINT('',(0.,0.));
#2769 = VECTOR('',#2770,1.);
#2770 = DIRECTION('',(1.,0.));
#2771 = ( GEOMETRIC_REPRESENTATION_CONTEXT(2) 
PARAMETRIC_REPRESENTATION_CONTEXT() REPRESENTATION_CONTEXT('2D SPACE',''
  ) );
#2772 = ORIENTED_EDGE('',*,*,#2773,.F.);
#2773 = EDGE_CURVE('',#2774,#2744,#2776,.T.);
#2774 = VERTEX_POINT('',#2775);
#2775 = CARTESIAN_POINT('',(-30.325,-21.90118510267,4.));
#2776 = SURFACE_CURVE('',#2777,(#2781,#2788),.PCURVE_S1.);
#2777 = LINE('',#2778,#2779);
#2778 = CARTESIAN_POINT('',(-30.325,-21.90118510267,4.));
#2779 = VECTOR('',#2780,1.);
#2780 = DIRECTION('',(0.5,0.866025403784,0.));
#2781 = PCURVE('',#1134,#2782);
#2782 = DEFINITIONAL_REPRESENTATION('',(#2783),#2787);
#2783 = LINE('',#2784,#2785);
#2784 = CARTESIAN_POINT('',(-31.60792941941,-21.90118510267));
#2785 = VECTOR('',#2786,1.);
#2786 = DIRECTION('',(0.5,0.866025403784));
#2787 = ( GEOMETRIC_REPRESENTATION_CONTEXT(2) 
PARAMETRIC_REPRESENTATION_CONTEXT() REPRESENTATION_CONTEXT('2D SPACE',''
  ) );
#2788 = PCURVE('',#2789,#2794);
#2789 = PLANE('',#2790);
#2790 = AXIS2_PLACEMENT_3D('',#2791,#2792,#2793);
#2791 = CARTESIAN_POINT('',(-30.325,-21.90118510267,4.));
#2792 = DIRECTION('',(-0.866025403784,0.5,0.));
#2793 = DIRECTION('',(0.5,0.866025403784,0.));
#2794 = DEFINITIONAL_REPRESENTATION('',(#2795),#2799);
#2795 = LINE('',#2796,#2797);
#2796 = CARTESIAN_POINT('',(0.,0.));
#2797 = VECTOR('',#2798,1.);
#2798 = DIRECTION('',(1.,0.));
#2799 = ( GEOMETRIC_REPRESENTATION_CONTEXT(2) 
PARAMETRIC_REPRESENTATION_CONTEXT() REPRESENTATION_CONTEXT('2D SPACE',''
  ) );
#2800 = ORIENTED_EDGE('',*,*,#2801,.F.);
#2801 = EDGE_CURVE('',#2802,#2774,#2804,.T.);
#2802 = VERTEX_POINT('',#2803);
#2803 = CARTESIAN_POINT('',(-33.675,-21.90118510267,4.));
#2804 = SURFACE_CURVE('',#2805,(#2809,#2816),.PCURVE_S1.);
#2805 = LINE('',#2806,#2807);
#2806 = CARTESIAN_POINT('',(-33.675,-21.90118510267,4.));
#2807 = VECTOR('',#2808,1.);
#2808 = DIRECTION('',(1.,-6.628197161941E-16,0.));
#2809 = PCURVE('',#1134,#2810);
#2810 = DEFINITIONAL_REPRESENTATION('',(#2811),#2815);
#2811 = LINE('',#2812,#2813);
#2812 = CARTESIAN_POINT('',(-34.95792941941,-21.90118510267));
#2813 = VECTOR('',#2814,1.);
#2814 = DIRECTION('',(1.,-6.628197161941E-16));
#2815 = ( GEOMETRIC_REPRESENTATION_CONTEXT(2) 
PARAMETRIC_REPRESENTATION_CONTEXT() REPRESENTATION_CONTEXT('2D SPACE',''
  ) );
#2816 = PCURVE('',#2817,#2822);
#2817 = PLANE('',#2818);
#2818 = AXIS2_PLACEMENT_3D('',#2819,#2820,#2821);
#2819 = CARTESIAN_POINT('',(-33.675,-21.90118510267,4.));
#2820 = DIRECTION('',(6.628197161941E-16,1.,-0.));
#2821 = DIRECTION('',(1.,-6.628197161941E-16,0.));
#2822 = DEFINITIONAL_REPRESENTATION('',(#2823),#2827);
#2823 = LINE('',#2824,#2825);
#2824 = CARTESIAN_POINT('',(0.,0.));
#2825 = VECTOR('',#2826,1.);
#2826 = DIRECTION('',(1.,0.));
#2827 = ( GEOMETRIC_REPRESENTATION_CONTEXT(2) 
PARAMETRIC_REPRESENTATION_CONTEXT() REPRESENTATION_CONTEXT('2D SPACE',''
  ) );
#2828 = ORIENTED_EDGE('',*,*,#2829,.F.);
#2829 = EDGE_CURVE('',#2830,#2802,#2832,.T.);
#2830 = VERTEX_POINT('',#2831);
#2831 = CARTESIAN_POINT('',(-35.35,-19.,4.));
#2832 = SURFACE_CURVE('',#2833,(#2837,#2844),.PCURVE_S1.);
#2833 = LINE('',#2834,#2835);
#2834 = CARTESIAN_POINT('',(-35.35,-19.,4.));
#2835 = VECTOR('',#2836,1.);
#2836 = DIRECTION('',(0.5,-0.866025403784,0.));
#2837 = PCURVE('',#1134,#2838);
#2838 = DEFINITIONAL_REPRESENTATION('',(#2839),#2843);
#2839 = LINE('',#2840,#2841);
#2840 = CARTESIAN_POINT('',(-36.63292941941,-19.));
#2841 = VECTOR('',#2842,1.);
#2842 = DIRECTION('',(0.5,-0.866025403784));
#2843 = ( GEOMETRIC_REPRESENTATION_CONTEXT(2) 
PARAMETRIC_REPRESENTATION_CONTEXT() REPRESENTATION_CONTEXT('2D SPACE',''
  ) );
#2844 = PCURVE('',#2845,#2850);
#2845 = PLANE('',#2846);
#2846 = AXIS2_PLACEMENT_3D('',#2847,#2848,#2849);
#2847 = CARTESIAN_POINT('',(-35.35,-19.,4.));
#2848 = DIRECTION('',(0.866025403784,0.5,-0.));
#2849 = DIRECTION('',(0.5,-0.866025403784,0.));
#2850 = DEFINITIONAL_REPRESENTATION('',(#2851),#2855);
#2851 = LINE('',#2852,#2853);
#2852 = CARTESIAN_POINT('',(0.,0.));
#2853 = VECTOR('',#2854,1.);
#2854 = DIRECTION('',(1.,0.));
#2855 = ( GEOMETRIC_REPRESENTATION_CONTEXT(2) 
PARAMETRIC_REPRESENTATION_CONTEXT() REPRESENTATION_CONTEXT('2D SPACE',''
  ) );
#2856 = ORIENTED_EDGE('',*,*,#2857,.F.);
#2857 = EDGE_CURVE('',#2858,#2830,#2860,.T.);
#2858 = VERTEX_POINT('',#2859);
#2859 = CARTESIAN_POINT('',(-33.675,-16.09881489732,4.));
#2860 = SURFACE_CURVE('',#2861,(#2865,#2872),.PCURVE_S1.);
#2861 = LINE('',#2862,#2863);
#2862 = CARTESIAN_POINT('',(-33.675,-16.09881489732,4.));
#2863 = VECTOR('',#2864,1.);
#2864 = DIRECTION('',(-0.5,-0.866025403784,0.));
#2865 = PCURVE('',#1134,#2866);
#2866 = DEFINITIONAL_REPRESENTATION('',(#2867),#2871);
#2867 = LINE('',#2868,#2869);
#2868 = CARTESIAN_POINT('',(-34.95792941941,-16.09881489732));
#2869 = VECTOR('',#2870,1.);
#2870 = DIRECTION('',(-0.5,-0.866025403784));
#2871 = ( GEOMETRIC_REPRESENTATION_CONTEXT(2) 
PARAMETRIC_REPRESENTATION_CONTEXT() REPRESENTATION_CONTEXT('2D SPACE',''
  ) );
#2872 = PCURVE('',#2873,#2878);
#2873 = PLANE('',#2874);
#2874 = AXIS2_PLACEMENT_3D('',#2875,#2876,#2877);
#2875 = CARTESIAN_POINT('',(-33.675,-16.09881489732,4.));
#2876 = DIRECTION('',(0.866025403784,-0.5,0.));
#2877 = DIRECTION('',(-0.5,-0.866025403784,0.));
#2878 = DEFINITIONAL_REPRESENTATION('',(#2879),#2883);
#2879 = LINE('',#2880,#2881);
#2880 = CARTESIAN_POINT('',(0.,0.));
#2881 = VECTOR('',#2882,1.);
#2882 = DIRECTION('',(1.,0.));
#2883 = ( GEOMETRIC_REPRESENTATION_CONTEXT(2) 
PARAMETRIC_REPRESENTATION_CONTEXT() REPRESENTATION_CONTEXT('2D SPACE',''
  ) );
#2884 = ORIENTED_EDGE('',*,*,#2885,.F.);
#2885 = EDGE_CURVE('',#2746,#2858,#2886,.T.);
#2886 = SURFACE_CURVE('',#2887,(#2891,#2898),.PCURVE_S1.);
#2887 = LINE('',#2888,#2889);
#2888 = CARTESIAN_POINT('',(-30.325,-16.09881489732,4.));
#2889 = VECTOR('',#2890,1.);
#2890 = DIRECTION('',(-1.,1.325639432388E-16,0.));
#2891 = PCURVE('',#1134,#2892);
#2892 = DEFINITIONAL_REPRESENTATION('',(#2893),#2897);
#2893 = LINE('',#2894,#2895);
#2894 = CARTESIAN_POINT('',(-31.60792941941,-16.09881489732));
#2895 = VECTOR('',#2896,1.);
#2896 = DIRECTION('',(-1.,1.325639432388E-16));
#2897 = ( GEOMETRIC_REPRESENTATION_CONTEXT(2) 
PARAMETRIC_REPRESENTATION_CONTEXT() REPRESENTATION_CONTEXT('2D SPACE',''
  ) );
#2898 = PCURVE('',#2899,#2904);
#2899 = PLANE('',#2900);
#2900 = AXIS2_PLACEMENT_3D('',#2901,#2902,#2903);
#2901 = CARTESIAN_POINT('',(-30.325,-16.09881489732,4.));
#2902 = DIRECTION('',(-1.325639432388E-16,-1.,0.));
#2903 = DIRECTION('',(-1.,1.325639432388E-16,0.));
#2904 = DEFINITIONAL_REPRESENTATION('',(#2905),#2909);
#2905 = LINE('',#2906,#2907);
#2906 = CARTESIAN_POINT('',(0.,0.));
#2907 = VECTOR('',#2908,1.);
#2908 = DIRECTION('',(1.,0.));
#2909 = ( GEOMETRIC_REPRESENTATION_CONTEXT(2) 
PARAMETRIC_REPRESENTATION_CONTEXT() REPRESENTATION_CONTEXT('2D SPACE',''
  ) );
#2910 = FACE_BOUND('',#2911,.F.);
#2911 = EDGE_LOOP('',(#2912,#2942,#2970,#2998,#3026,#3054));
#2912 = ORIENTED_EDGE('',*,*,#2913,.F.);
#2913 = EDGE_CURVE('',#2914,#2916,#2918,.T.);
#2914 = VERTEX_POINT('',#2915);
#2915 = CARTESIAN_POINT('',(35.35,-19.,4.));
#2916 = VERTEX_POINT('',#2917);
#2917 = CARTESIAN_POINT('',(33.675,-16.09881489732,4.));
#2918 = SURFACE_CURVE('',#2919,(#2923,#2930),.PCURVE_S1.);
#2919 = LINE('',#2920,#2921);
#2920 = CARTESIAN_POINT('',(35.35,-19.,4.));
#2921 = VECTOR('',#2922,1.);
#2922 = DIRECTION('',(-0.5,0.866025403784,0.));
#2923 = PCURVE('',#1134,#2924);
#2924 = DEFINITIONAL_REPRESENTATION('',(#2925),#2929);
#2925 = LINE('',#2926,#2927);
#2926 = CARTESIAN_POINT('',(34.067070580583,-19.));
#2927 = VECTOR('',#2928,1.);
#2928 = DIRECTION('',(-0.5,0.866025403784));
#2929 = ( GEOMETRIC_REPRESENTATION_CONTEXT(2) 
PARAMETRIC_REPRESENTATION_CONTEXT() REPRESENTATION_CONTEXT('2D SPACE',''
  ) );
#2930 = PCURVE('',#2931,#2936);
#2931 = PLANE('',#2932);
#2932 = AXIS2_PLACEMENT_3D('',#2933,#2934,#2935);
#2933 = CARTESIAN_POINT('',(35.35,-19.,4.));
#2934 = DIRECTION('',(-0.866025403784,-0.5,0.));
#2935 = DIRECTION('',(-0.5,0.866025403784,0.));
#2936 = DEFINITIONAL_REPRESENTATION('',(#2937),#2941);
#2937 = LINE('',#2938,#2939);
#2938 = CARTESIAN_POINT('',(0.,0.));
#2939 = VECTOR('',#2940,1.);
#2940 = DIRECTION('',(1.,0.));
#2941 = ( GEOMETRIC_REPRESENTATION_CONTEXT(2) 
PARAMETRIC_REPRESENTATION_CONTEXT() REPRESENTATION_CONTEXT('2D SPACE',''
  ) );
#2942 = ORIENTED_EDGE('',*,*,#2943,.F.);
#2943 = EDGE_CURVE('',#2944,#2914,#2946,.T.);
#2944 = VERTEX_POINT('',#2945);
#2945 = CARTESIAN_POINT('',(33.675,-21.90118510267,4.));
#2946 = SURFACE_CURVE('',#2947,(#2951,#2958),.PCURVE_S1.);
#2947 = LINE('',#2948,#2949);
#2948 = CARTESIAN_POINT('',(33.675,-21.90118510267,4.));
#2949 = VECTOR('',#2950,1.);
#2950 = DIRECTION('',(0.5,0.866025403784,0.));
#2951 = PCURVE('',#1134,#2952);
#2952 = DEFINITIONAL_REPRESENTATION('',(#2953),#2957);
#2953 = LINE('',#2954,#2955);
#2954 = CARTESIAN_POINT('',(32.392070580583,-21.90118510267));
#2955 = VECTOR('',#2956,1.);
#2956 = DIRECTION('',(0.5,0.866025403784));
#2957 = ( GEOMETRIC_REPRESENTATION_CONTEXT(2) 
PARAMETRIC_REPRESENTATION_CONTEXT() REPRESENTATION_CONTEXT('2D SPACE',''
  ) );
#2958 = PCURVE('',#2959,#2964);
#2959 = PLANE('',#2960);
#2960 = AXIS2_PLACEMENT_3D('',#2961,#2962,#2963);
#2961 = CARTESIAN_POINT('',(33.675,-21.90118510267,4.));
#2962 = DIRECTION('',(-0.866025403784,0.5,0.));
#2963 = DIRECTION('',(0.5,0.866025403784,0.));
#2964 = DEFINITIONAL_REPRESENTATION('',(#2965),#2969);
#2965 = LINE('',#2966,#2967);
#2966 = CARTESIAN_POINT('',(0.,0.));
#2967 = VECTOR('',#2968,1.);
#2968 = DIRECTION('',(1.,0.));
#2969 = ( GEOMETRIC_REPRESENTATION_CONTEXT(2) 
PARAMETRIC_REPRESENTATION_CONTEXT() REPRESENTATION_CONTEXT('2D SPACE',''
  ) );
#2970 = ORIENTED_EDGE('',*,*,#2971,.F.);
#2971 = EDGE_CURVE('',#2972,#2944,#2974,.T.);
#2972 = VERTEX_POINT('',#2973);
#2973 = CARTESIAN_POINT('',(30.325,-21.90118510267,4.));
#2974 = SURFACE_CURVE('',#2975,(#2979,#2986),.PCURVE_S1.);
#2975 = LINE('',#2976,#2977);
#2976 = CARTESIAN_POINT('',(30.325,-21.90118510267,4.));
#2977 = VECTOR('',#2978,1.);
#2978 = DIRECTION('',(1.,-6.628197161941E-16,0.));
#2979 = PCURVE('',#1134,#2980);
#2980 = DEFINITIONAL_REPRESENTATION('',(#2981),#2985);
#2981 = LINE('',#2982,#2983);
#2982 = CARTESIAN_POINT('',(29.042070580583,-21.90118510267));
#2983 = VECTOR('',#2984,1.);
#2984 = DIRECTION('',(1.,-6.628197161941E-16));
#2985 = ( GEOMETRIC_REPRESENTATION_CONTEXT(2) 
PARAMETRIC_REPRESENTATION_CONTEXT() REPRESENTATION_CONTEXT('2D SPACE',''
  ) );
#2986 = PCURVE('',#2987,#2992);
#2987 = PLANE('',#2988);
#2988 = AXIS2_PLACEMENT_3D('',#2989,#2990,#2991);
#2989 = CARTESIAN_POINT('',(30.325,-21.90118510267,4.));
#2990 = DIRECTION('',(6.628197161941E-16,1.,-0.));
#2991 = DIRECTION('',(1.,-6.628197161941E-16,0.));
#2992 = DEFINITIONAL_REPRESENTATION('',(#2993),#2997);
#2993 = LINE('',#2994,#2995);
#2994 = CARTESIAN_POINT('',(0.,0.));
#2995 = VECTOR('',#2996,1.);
#2996 = DIRECTION('',(1.,0.));
#2997 = ( GEOMETRIC_REPRESENTATION_CONTEXT(2) 
PARAMETRIC_REPRESENTATION_CONTEXT() REPRESENTATION_CONTEXT('2D SPACE',''
  ) );
#2998 = ORIENTED_EDGE('',*,*,#2999,.F.);
#2999 = EDGE_CURVE('',#3000,#2972,#3002,.T.);
#3000 = VERTEX_POINT('',#3001);
#3001 = CARTESIAN_POINT('',(28.65,-19.,4.));
#3002 = SURFACE_CURVE('',#3003,(#3007,#3014),.PCURVE_S1.);
#3003 = LINE('',#3004,#3005);
#3004 = CARTESIAN_POINT('',(28.65,-19.,4.));
#3005 = VECTOR('',#3006,1.);
#3006 = DIRECTION('',(0.5,-0.866025403784,0.));
#3007 = PCURVE('',#1134,#3008);
#3008 = DEFINITIONAL_REPRESENTATION('',(#3009),#3013);
#3009 = LINE('',#3010,#3011);
#3010 = CARTESIAN_POINT('',(27.367070580583,-19.));
#3011 = VECTOR('',#3012,1.);
#3012 = DIRECTION('',(0.5,-0.866025403784));
#3013 = ( GEOMETRIC_REPRESENTATION_CONTEXT(2) 
PARAMETRIC_REPRESENTATION_CONTEXT() REPRESENTATION_CONTEXT('2D SPACE',''
  ) );
#3014 = PCURVE('',#3015,#3020);
#3015 = PLANE('',#3016);
#3016 = AXIS2_PLACEMENT_3D('',#3017,#3018,#3019);
#3017 = CARTESIAN_POINT('',(28.65,-19.,4.));
#3018 = DIRECTION('',(0.866025403784,0.5,-0.));
#3019 = DIRECTION('',(0.5,-0.866025403784,0.));
#3020 = DEFINITIONAL_REPRESENTATION('',(#3021),#3025);
#3021 = LINE('',#3022,#3023);
#3022 = CARTESIAN_POINT('',(0.,0.));
#3023 = VECTOR('',#3024,1.);
#3024 = DIRECTION('',(1.,0.));
#3025 = ( GEOMETRIC_REPRESENTATION_CONTEXT(2) 
PARAMETRIC_REPRESENTATION_CONTEXT() REPRESENTATION_CONTEXT('2D SPACE',''
  ) );
#3026 = ORIENTED_EDGE('',*,*,#3027,.F.);
#3027 = EDGE_CURVE('',#3028,#3000,#3030,.T.);
#3028 = VERTEX_POINT('',#3029);
#3029 = CARTESIAN_POINT('',(30.325,-16.09881489732,4.));
#3030 = SURFACE_CURVE('',#3031,(#3035,#3042),.PCURVE_S1.);
#3031 = LINE('',#3032,#3033);
#3032 = CARTESIAN_POINT('',(30.325,-16.09881489732,4.));
#3033 = VECTOR('',#3034,1.);
#3034 = DIRECTION('',(-0.5,-0.866025403784,0.));
#3035 = PCURVE('',#1134,#3036);
#3036 = DEFINITIONAL_REPRESENTATION('',(#3037),#3041);
#3037 = LINE('',#3038,#3039);
#3038 = CARTESIAN_POINT('',(29.042070580583,-16.09881489732));
#3039 = VECTOR('',#3040,1.);
#3040 = DIRECTION('',(-0.5,-0.866025403784));
#3041 = ( GEOMETRIC_REPRESENTATION_CONTEXT(2) 
PARAMETRIC_REPRESENTATION_CONTEXT() REPRESENTATION_CONTEXT('2D SPACE',''
  ) );
#3042 = PCURVE('',#3043,#3048);
#3043 = PLANE('',#3044);
#3044 = AXIS2_PLACEMENT_3D('',#3045,#3046,#3047);
#3045 = CARTESIAN_POINT('',(30.325,-16.09881489732,4.));
#3046 = DIRECTION('',(0.866025403784,-0.5,0.));
#3047 = DIRECTION('',(-0.5,-0.866025403784,0.));
#3048 = DEFINITIONAL_REPRESENTATION('',(#3049),#3053);
#3049 = LINE('',#3050,#3051);
#3050 = CARTESIAN_POINT('',(0.,0.));
#3051 = VECTOR('',#3052,1.);
#3052 = DIRECTION('',(1.,0.));
#3053 = ( GEOMETRIC_REPRESENTATION_CONTEXT(2) 
PARAMETRIC_REPRESENTATION_CONTEXT() REPRESENTATION_CONTEXT('2D SPACE',''
  ) );
#3054 = ORIENTED_EDGE('',*,*,#3055,.F.);
#3055 = EDGE_CURVE('',#2916,#3028,#3056,.T.);
#3056 = SURFACE_CURVE('',#3057,(#3061,#3068),.PCURVE_S1.);
#3057 = LINE('',#3058,#3059);
#3058 = CARTESIAN_POINT('',(33.675,-16.09881489732,4.));
#3059 = VECTOR('',#3060,1.);
#3060 = DIRECTION('',(-1.,1.325639432388E-16,0.));
#3061 = PCURVE('',#1134,#3062);
#3062 = DEFINITIONAL_REPRESENTATION('',(#3063),#3067);
#3063 = LINE('',#3064,#3065);
#3064 = CARTESIAN_POINT('',(32.392070580583,-16.09881489732));
#3065 = VECTOR('',#3066,1.);
#3066 = DIRECTION('',(-1.,1.325639432388E-16));
#3067 = ( GEOMETRIC_REPRESENTATION_CONTEXT(2) 
PARAMETRIC_REPRESENTATION_CONTEXT() REPRESENTATION_CONTEXT('2D SPACE',''
  ) );
#3068 = PCURVE('',#3069,#3074);
#3069 = PLANE('',#3070);
#3070 = AXIS2_PLACEMENT_3D('',#3071,#3072,#3073);
#3071 = CARTESIAN_POINT('',(33.675,-16.09881489732,4.));
#3072 = DIRECTION('',(-1.325639432388E-16,-1.,0.));
#3073 = DIRECTION('',(-1.,1.325639432388E-16,0.));
#3074 = DEFINITIONAL_REPRESENTATION('',(#3075),#3079);
#3075 = LINE('',#3076,#3077);
#3076 = CARTESIAN_POINT('',(0.,0.));
#3077 = VECTOR('',#3078,1.);
#3078 = DIRECTION('',(1.,0.));
#3079 = ( GEOMETRIC_REPRESENTATION_CONTEXT(2) 
PARAMETRIC_REPRESENTATION_CONTEXT() REPRESENTATION_CONTEXT('2D SPACE',''
  ) );
#3080 = FACE_BOUND('',#3081,.F.);
#3081 = EDGE_LOOP('',(#3082,#3112,#3140,#3168,#3196,#3224));
#3082 = ORIENTED_EDGE('',*,*,#3083,.F.);
#3083 = EDGE_CURVE('',#3084,#3086,#3088,.T.);
#3084 = VERTEX_POINT('',#3085);
#3085 = CARTESIAN_POINT('',(-28.65,19.,4.));
#3086 = VERTEX_POINT('',#3087);
#3087 = CARTESIAN_POINT('',(-30.325,21.901185102678,4.));
#3088 = SURFACE_CURVE('',#3089,(#3093,#3100),.PCURVE_S1.);
#3089 = LINE('',#3090,#3091);
#3090 = CARTESIAN_POINT('',(-28.65,19.,4.));
#3091 = VECTOR('',#3092,1.);
#3092 = DIRECTION('',(-0.5,0.866025403784,0.));
#3093 = PCURVE('',#1134,#3094);
#3094 = DEFINITIONAL_REPRESENTATION('',(#3095),#3099);
#3095 = LINE('',#3096,#3097);
#3096 = CARTESIAN_POINT('',(-29.93292941941,19.));
#3097 = VECTOR('',#3098,1.);
#3098 = DIRECTION('',(-0.5,0.866025403784));
#3099 = ( GEOMETRIC_REPRESENTATION_CONTEXT(2) 
PARAMETRIC_REPRESENTATION_CONTEXT() REPRESENTATION_CONTEXT('2D SPACE',''
  ) );
#3100 = PCURVE('',#3101,#3106);
#3101 = PLANE('',#3102);
#3102 = AXIS2_PLACEMENT_3D('',#3103,#3104,#3105);
#3103 = CARTESIAN_POINT('',(-28.65,19.,4.));
#3104 = DIRECTION('',(-0.866025403784,-0.5,0.));
#3105 = DIRECTION('',(-0.5,0.866025403784,0.));
#3106 = DEFINITIONAL_REPRESENTATION('',(#3107),#3111);
#3107 = LINE('',#3108,#3109);
#3108 = CARTESIAN_POINT('',(0.,0.));
#3109 = VECTOR('',#3110,1.);
#3110 = DIRECTION('',(1.,0.));
#3111 = ( GEOMETRIC_REPRESENTATION_CONTEXT(2) 
PARAMETRIC_REPRESENTATION_CONTEXT() REPRESENTATION_CONTEXT('2D SPACE',''
  ) );
#3112 = ORIENTED_EDGE('',*,*,#3113,.F.);
#3113 = EDGE_CURVE('',#3114,#3084,#3116,.T.);
#3114 = VERTEX_POINT('',#3115);
#3115 = CARTESIAN_POINT('',(-30.325,16.098814897322,4.));
#3116 = SURFACE_CURVE('',#3117,(#3121,#3128),.PCURVE_S1.);
#3117 = LINE('',#3118,#3119);
#3118 = CARTESIAN_POINT('',(-30.325,16.098814897322,4.));
#3119 = VECTOR('',#3120,1.);
#3120 = DIRECTION('',(0.5,0.866025403784,0.));
#3121 = PCURVE('',#1134,#3122);
#3122 = DEFINITIONAL_REPRESENTATION('',(#3123),#3127);
#3123 = LINE('',#3124,#3125);
#3124 = CARTESIAN_POINT('',(-31.60792941941,16.098814897322));
#3125 = VECTOR('',#3126,1.);
#3126 = DIRECTION('',(0.5,0.866025403784));
#3127 = ( GEOMETRIC_REPRESENTATION_CONTEXT(2) 
PARAMETRIC_REPRESENTATION_CONTEXT() REPRESENTATION_CONTEXT('2D SPACE',''
  ) );
#3128 = PCURVE('',#3129,#3134);
#3129 = PLANE('',#3130);
#3130 = AXIS2_PLACEMENT_3D('',#3131,#3132,#3133);
#3131 = CARTESIAN_POINT('',(-30.325,16.098814897322,4.));
#3132 = DIRECTION('',(-0.866025403784,0.5,0.));
#3133 = DIRECTION('',(0.5,0.866025403784,0.));
#3134 = DEFINITIONAL_REPRESENTATION('',(#3135),#3139);
#3135 = LINE('',#3136,#3137);
#3136 = CARTESIAN_POINT('',(0.,0.));
#3137 = VECTOR('',#3138,1.);
#3138 = DIRECTION('',(1.,0.));
#3139 = ( GEOMETRIC_REPRESENTATION_CONTEXT(2) 
PARAMETRIC_REPRESENTATION_CONTEXT() REPRESENTATION_CONTEXT('2D SPACE',''
  ) );
#3140 = ORIENTED_EDGE('',*,*,#3141,.F.);
#3141 = EDGE_CURVE('',#3142,#3114,#3144,.T.);
#3142 = VERTEX_POINT('',#3143);
#3143 = CARTESIAN_POINT('',(-33.675,16.098814897322,4.));
#3144 = SURFACE_CURVE('',#3145,(#3149,#3156),.PCURVE_S1.);
#3145 = LINE('',#3146,#3147);
#3146 = CARTESIAN_POINT('',(-33.675,16.098814897322,4.));
#3147 = VECTOR('',#3148,1.);
#3148 = DIRECTION('',(1.,-6.628197161941E-16,0.));
#3149 = PCURVE('',#1134,#3150);
#3150 = DEFINITIONAL_REPRESENTATION('',(#3151),#3155);
#3151 = LINE('',#3152,#3153);
#3152 = CARTESIAN_POINT('',(-34.95792941941,16.098814897322));
#3153 = VECTOR('',#3154,1.);
#3154 = DIRECTION('',(1.,-6.628197161941E-16));
#3155 = ( GEOMETRIC_REPRESENTATION_CONTEXT(2) 
PARAMETRIC_REPRESENTATION_CONTEXT() REPRESENTATION_CONTEXT('2D SPACE',''
  ) );
#3156 = PCURVE('',#3157,#3162);
#3157 = PLANE('',#3158);
#3158 = AXIS2_PLACEMENT_3D('',#3159,#3160,#3161);
#3159 = CARTESIAN_POINT('',(-33.675,16.098814897322,4.));
#3160 = DIRECTION('',(6.628197161941E-16,1.,-0.));
#3161 = DIRECTION('',(1.,-6.628197161941E-16,0.));
#3162 = DEFINITIONAL_REPRESENTATION('',(#3163),#3167);
#3163 = LINE('',#3164,#3165);
#3164 = CARTESIAN_POINT('',(0.,0.));
#3165 = VECTOR('',#3166,1.);
#3166 = DIRECTION('',(1.,0.));
#3167 = ( GEOMETRIC_REPRESENTATION_CONTEXT(2) 
PARAMETRIC_REPRESENTATION_CONTEXT() REPRESENTATION_CONTEXT('2D SPACE',''
  ) );
#3168 = ORIENTED_EDGE('',*,*,#3169,.F.);
#3169 = EDGE_CURVE('',#3170,#3142,#3172,.T.);
#3170 = VERTEX_POINT('',#3171);
#3171 = CARTESIAN_POINT('',(-35.35,19.,4.));
#3172 = SURFACE_CURVE('',#3173,(#3177,#3184),.PCURVE_S1.);
#3173 = LINE('',#3174,#3175);
#3174 = CARTESIAN_POINT('',(-35.35,19.,4.));
#3175 = VECTOR('',#3176,1.);
#3176 = DIRECTION('',(0.5,-0.866025403784,0.));
#3177 = PCURVE('',#1134,#3178);
#3178 = DEFINITIONAL_REPRESENTATION('',(#3179),#3183);
#3179 = LINE('',#3180,#3181);
#3180 = CARTESIAN_POINT('',(-36.63292941941,19.));
#3181 = VECTOR('',#3182,1.);
#3182 = DIRECTION('',(0.5,-0.866025403784));
#3183 = ( GEOMETRIC_REPRESENTATION_CONTEXT(2) 
PARAMETRIC_REPRESENTATION_CONTEXT() REPRESENTATION_CONTEXT('2D SPACE',''
  ) );
#3184 = PCURVE('',#3185,#3190);
#3185 = PLANE('',#3186);
#3186 = AXIS2_PLACEMENT_3D('',#3187,#3188,#3189);
#3187 = CARTESIAN_POINT('',(-35.35,19.,4.));
#3188 = DIRECTION('',(0.866025403784,0.5,-0.));
#3189 = DIRECTION('',(0.5,-0.866025403784,0.));
#3190 = DEFINITIONAL_REPRESENTATION('',(#3191),#3195);
#3191 = LINE('',#3192,#3193);
#3192 = CARTESIAN_POINT('',(0.,0.));
#3193 = VECTOR('',#3194,1.);
#3194 = DIRECTION('',(1.,0.));
#3195 = ( GEOMETRIC_REPRESENTATION_CONTEXT(2) 
PARAMETRIC_REPRESENTATION_CONTEXT() REPRESENTATION_CONTEXT('2D SPACE',''
  ) );
#3196 = ORIENTED_EDGE('',*,*,#3197,.F.);
#3197 = EDGE_CURVE('',#3198,#3170,#3200,.T.);
#3198 = VERTEX_POINT('',#3199);
#3199 = CARTESIAN_POINT('',(-33.675,21.901185102678,4.));
#3200 = SURFACE_CURVE('',#3201,(#3205,#3212),.PCURVE_S1.);
#3201 = LINE('',#3202,#3203);
#3202 = CARTESIAN_POINT('',(-33.675,21.901185102678,4.));
#3203 = VECTOR('',#3204,1.);
#3204 = DIRECTION('',(-0.5,-0.866025403784,0.));
#3205 = PCURVE('',#1134,#3206);
#3206 = DEFINITIONAL_REPRESENTATION('',(#3207),#3211);
#3207 = LINE('',#3208,#3209);
#3208 = CARTESIAN_POINT('',(-34.95792941941,21.901185102678));
#3209 = VECTOR('',#3210,1.);
#3210 = DIRECTION('',(-0.5,-0.866025403784));
#3211 = ( GEOMETRIC_REPRESENTATION_CONTEXT(2) 
PARAMETRIC_REPRESENTATION_CONTEXT() REPRESENTATION_CONTEXT('2D SPACE',''
  ) );
#3212 = PCURVE('',#3213,#3218);
#3213 = PLANE('',#3214);
#3214 = AXIS2_PLACEMENT_3D('',#3215,#3216,#3217);
#3215 = CARTESIAN_POINT('',(-33.675,21.901185102678,4.));
#3216 = DIRECTION('',(0.866025403784,-0.5,0.));
#3217 = DIRECTION('',(-0.5,-0.866025403784,0.));
#3218 = DEFINITIONAL_REPRESENTATION('',(#3219),#3223);
#3219 = LINE('',#3220,#3221);
#3220 = CARTESIAN_POINT('',(0.,0.));
#3221 = VECTOR('',#3222,1.);
#3222 = DIRECTION('',(1.,0.));
#3223 = ( GEOMETRIC_REPRESENTATION_CONTEXT(2) 
PARAMETRIC_REPRESENTATION_CONTEXT() REPRESENTATION_CONTEXT('2D SPACE',''
  ) );
#3224 = ORIENTED_EDGE('',*,*,#3225,.F.);
#3225 = EDGE_CURVE('',#3086,#3198,#3226,.T.);
#3226 = SURFACE_CURVE('',#3227,(#3231,#3238),.PCURVE_S1.);
#3227 = LINE('',#3228,#3229);
#3228 = CARTESIAN_POINT('',(-30.325,21.901185102678,4.));
#3229 = VECTOR('',#3230,1.);
#3230 = DIRECTION('',(-1.,1.325639432388E-16,0.));
#3231 = PCURVE('',#1134,#3232);
#3232 = DEFINITIONAL_REPRESENTATION('',(#3233),#3237);
#3233 = LINE('',#3234,#3235);
#3234 = CARTESIAN_POINT('',(-31.60792941941,21.901185102678));
#3235 = VECTOR('',#3236,1.);
#3236 = DIRECTION('',(-1.,1.325639432388E-16));
#3237 = ( GEOMETRIC_REPRESENTATION_CONTEXT(2) 
PARAMETRIC_REPRESENTATION_CONTEXT() REPRESENTATION_CONTEXT('2D SPACE',''
  ) );
#3238 = PCURVE('',#3239,#3244);
#3239 = PLANE('',#3240);
#3240 = AXIS2_PLACEMENT_3D('',#3241,#3242,#3243);
#3241 = CARTESIAN_POINT('',(-30.325,21.901185102678,4.));
#3242 = DIRECTION('',(-1.325639432388E-16,-1.,0.));
#3243 = DIRECTION('',(-1.,1.325639432388E-16,0.));
#3244 = DEFINITIONAL_REPRESENTATION('',(#3245),#3249);
#3245 = LINE('',#3246,#3247);
#3246 = CARTESIAN_POINT('',(0.,0.));
#3247 = VECTOR('',#3248,1.);
#3248 = DIRECTION('',(1.,0.));
#3249 = ( GEOMETRIC_REPRESENTATION_CONTEXT(2) 
PARAMETRIC_REPRESENTATION_CONTEXT() REPRESENTATION_CONTEXT('2D SPACE',''
  ) );
#3250 = FACE_BOUND('',#3251,.F.);
#3251 = EDGE_LOOP('',(#3252));
#3252 = ORIENTED_EDGE('',*,*,#810,.T.);
#3253 = FACE_BOUND('',#3254,.F.);
#3254 = EDGE_LOOP('',(#3255,#3285,#3313,#3341,#3369,#3397));
#3255 = ORIENTED_EDGE('',*,*,#3256,.F.);
#3256 = EDGE_CURVE('',#3257,#3259,#3261,.T.);
#3257 = VERTEX_POINT('',#3258);
#3258 = CARTESIAN_POINT('',(35.35,19.,4.));
#3259 = VERTEX_POINT('',#3260);
#3260 = CARTESIAN_POINT('',(33.675,21.901185102678,4.));
#3261 = SURFACE_CURVE('',#3262,(#3266,#3273),.PCURVE_S1.);
#3262 = LINE('',#3263,#3264);
#3263 = CARTESIAN_POINT('',(35.35,19.,4.));
#3264 = VECTOR('',#3265,1.);
#3265 = DIRECTION('',(-0.5,0.866025403784,0.));
#3266 = PCURVE('',#1134,#3267);
#3267 = DEFINITIONAL_REPRESENTATION('',(#3268),#3272);
#3268 = LINE('',#3269,#3270);
#3269 = CARTESIAN_POINT('',(34.067070580583,19.));
#3270 = VECTOR('',#3271,1.);
#3271 = DIRECTION('',(-0.5,0.866025403784));
#3272 = ( GEOMETRIC_REPRESENTATION_CONTEXT(2) 
PARAMETRIC_REPRESENTATION_CONTEXT() REPRESENTATION_CONTEXT('2D SPACE',''
  ) );
#3273 = PCURVE('',#3274,#3279);
#3274 = PLANE('',#3275);
#3275 = AXIS2_PLACEMENT_3D('',#3276,#3277,#3278);
#3276 = CARTESIAN_POINT('',(35.35,19.,4.));
#3277 = DIRECTION('',(-0.866025403784,-0.5,0.));
#3278 = DIRECTION('',(-0.5,0.866025403784,0.));
#3279 = DEFINITIONAL_REPRESENTATION('',(#3280),#3284);
#3280 = LINE('',#3281,#3282);
#3281 = CARTESIAN_POINT('',(0.,0.));
#3282 = VECTOR('',#3283,1.);
#3283 = DIRECTION('',(1.,0.));
#3284 = ( GEOMETRIC_REPRESENTATION_CONTEXT(2) 
PARAMETRIC_REPRESENTATION_CONTEXT() REPRESENTATION_CONTEXT('2D SPACE',''
  ) );
#3285 = ORIENTED_EDGE('',*,*,#3286,.F.);
#3286 = EDGE_CURVE('',#3287,#3257,#3289,.T.);
#3287 = VERTEX_POINT('',#3288);
#3288 = CARTESIAN_POINT('',(33.675,16.098814897322,4.));
#3289 = SURFACE_CURVE('',#3290,(#3294,#3301),.PCURVE_S1.);
#3290 = LINE('',#3291,#3292);
#3291 = CARTESIAN_POINT('',(33.675,16.098814897322,4.));
#3292 = VECTOR('',#3293,1.);
#3293 = DIRECTION('',(0.5,0.866025403784,0.));
#3294 = PCURVE('',#1134,#3295);
#3295 = DEFINITIONAL_REPRESENTATION('',(#3296),#3300);
#3296 = LINE('',#3297,#3298);
#3297 = CARTESIAN_POINT('',(32.392070580583,16.098814897322));
#3298 = VECTOR('',#3299,1.);
#3299 = DIRECTION('',(0.5,0.866025403784));
#3300 = ( GEOMETRIC_REPRESENTATION_CONTEXT(2) 
PARAMETRIC_REPRESENTATION_CONTEXT() REPRESENTATION_CONTEXT('2D SPACE',''
  ) );
#3301 = PCURVE('',#3302,#3307);
#3302 = PLANE('',#3303);
#3303 = AXIS2_PLACEMENT_3D('',#3304,#3305,#3306);
#3304 = CARTESIAN_POINT('',(33.675,16.098814897322,4.));
#3305 = DIRECTION('',(-0.866025403784,0.5,0.));
#3306 = DIRECTION('',(0.5,0.866025403784,0.));
#3307 = DEFINITIONAL_REPRESENTATION('',(#3308),#3312);
#3308 = LINE('',#3309,#3310);
#3309 = CARTESIAN_POINT('',(0.,0.));
#3310 = VECTOR('',#3311,1.);
#3311 = DIRECTION('',(1.,0.));
#3312 = ( GEOMETRIC_REPRESENTATION_CONTEXT(2) 
PARAMETRIC_REPRESENTATION_CONTEXT() REPRESENTATION_CONTEXT('2D SPACE',''
  ) );
#3313 = ORIENTED_EDGE('',*,*,#3314,.F.);
#3314 = EDGE_CURVE('',#3315,#3287,#3317,.T.);
#3315 = VERTEX_POINT('',#3316);
#3316 = CARTESIAN_POINT('',(30.325,16.098814897322,4.));
#3317 = SURFACE_CURVE('',#3318,(#3322,#3329),.PCURVE_S1.);
#3318 = LINE('',#3319,#3320);
#3319 = CARTESIAN_POINT('',(30.325,16.098814897322,4.));
#3320 = VECTOR('',#3321,1.);
#3321 = DIRECTION('',(1.,-6.628197161941E-16,0.));
#3322 = PCURVE('',#1134,#3323);
#3323 = DEFINITIONAL_REPRESENTATION('',(#3324),#3328);
#3324 = LINE('',#3325,#3326);
#3325 = CARTESIAN_POINT('',(29.042070580583,16.098814897322));
#3326 = VECTOR('',#3327,1.);
#3327 = DIRECTION('',(1.,-6.628197161941E-16));
#3328 = ( GEOMETRIC_REPRESENTATION_CONTEXT(2) 
PARAMETRIC_REPRESENTATION_CONTEXT() REPRESENTATION_CONTEXT('2D SPACE',''
  ) );
#3329 = PCURVE('',#3330,#3335);
#3330 = PLANE('',#3331);
#3331 = AXIS2_PLACEMENT_3D('',#3332,#3333,#3334);
#3332 = CARTESIAN_POINT('',(30.325,16.098814897322,4.));
#3333 = DIRECTION('',(6.628197161941E-16,1.,-0.));
#3334 = DIRECTION('',(1.,-6.628197161941E-16,0.));
#3335 = DEFINITIONAL_REPRESENTATION('',(#3336),#3340);
#3336 = LINE('',#3337,#3338);
#3337 = CARTESIAN_POINT('',(0.,0.));
#3338 = VECTOR('',#3339,1.);
#3339 = DIRECTION('',(1.,0.));
#3340 = ( GEOMETRIC_REPRESENTATION_CONTEXT(2) 
PARAMETRIC_REPRESENTATION_CONTEXT() REPRESENTATION_CONTEXT('2D SPACE',''
  ) );
#3341 = ORIENTED_EDGE('',*,*,#3342,.F.);
#3342 = EDGE_CURVE('',#3343,#3315,#3345,.T.);
#3343 = VERTEX_POINT('',#3344);
#3344 = CARTESIAN_POINT('',(28.65,19.,4.));
#3345 = SURFACE_CURVE('',#3346,(#3350,#3357),.PCURVE_S1.);
#3346 = LINE('',#3347,#3348);
#3347 = CARTESIAN_POINT('',(28.65,19.,4.));
#3348 = VECTOR('',#3349,1.);
#3349 = DIRECTION('',(0.5,-0.866025403784,0.));
#3350 = PCURVE('',#1134,#3351);
#3351 = DEFINITIONAL_REPRESENTATION('',(#3352),#3356);
#3352 = LINE('',#3353,#3354);
#3353 = CARTESIAN_POINT('',(27.367070580583,19.));
#3354 = VECTOR('',#3355,1.);
#3355 = DIRECTION('',(0.5,-0.866025403784));
#3356 = ( GEOMETRIC_REPRESENTATION_CONTEXT(2) 
PARAMETRIC_REPRESENTATION_CONTEXT() REPRESENTATION_CONTEXT('2D SPACE',''
  ) );
#3357 = PCURVE('',#3358,#3363);
#3358 = PLANE('',#3359);
#3359 = AXIS2_PLACEMENT_3D('',#3360,#3361,#3362);
#3360 = CARTESIAN_POINT('',(28.65,19.,4.));
#3361 = DIRECTION('',(0.866025403784,0.5,-0.));
#3362 = DIRECTION('',(0.5,-0.866025403784,0.));
#3363 = DEFINITIONAL_REPRESENTATION('',(#3364),#3368);
#3364 = LINE('',#3365,#3366);
#3365 = CARTESIAN_POINT('',(0.,0.));
#3366 = VECTOR('',#3367,1.);
#3367 = DIRECTION('',(1.,0.));
#3368 = ( GEOMETRIC_REPRESENTATION_CONTEXT(2) 
PARAMETRIC_REPRESENTATION_CONTEXT() REPRESENTATION_CONTEXT('2D SPACE',''
  ) );
#3369 = ORIENTED_EDGE('',*,*,#3370,.F.);
#3370 = EDGE_CURVE('',#3371,#3343,#3373,.T.);
#3371 = VERTEX_POINT('',#3372);
#3372 = CARTESIAN_POINT('',(30.325,21.901185102678,4.));
#3373 = SURFACE_CURVE('',#3374,(#3378,#3385),.PCURVE_S1.);
#3374 = LINE('',#3375,#3376);
#3375 = CARTESIAN_POINT('',(30.325,21.901185102678,4.));
#3376 = VECTOR('',#3377,1.);
#3377 = DIRECTION('',(-0.5,-0.866025403784,0.));
#3378 = PCURVE('',#1134,#3379);
#3379 = DEFINITIONAL_REPRESENTATION('',(#3380),#3384);
#3380 = LINE('',#3381,#3382);
#3381 = CARTESIAN_POINT('',(29.042070580583,21.901185102678));
#3382 = VECTOR('',#3383,1.);
#3383 = DIRECTION('',(-0.5,-0.866025403784));
#3384 = ( GEOMETRIC_REPRESENTATION_CONTEXT(2) 
PARAMETRIC_REPRESENTATION_CONTEXT() REPRESENTATION_CONTEXT('2D SPACE',''
  ) );
#3385 = PCURVE('',#3386,#3391);
#3386 = PLANE('',#3387);
#3387 = AXIS2_PLACEMENT_3D('',#3388,#3389,#3390);
#3388 = CARTESIAN_POINT('',(30.325,21.901185102678,4.));
#3389 = DIRECTION('',(0.866025403784,-0.5,0.));
#3390 = DIRECTION('',(-0.5,-0.866025403784,0.));
#3391 = DEFINITIONAL_REPRESENTATION('',(#3392),#3396);
#3392 = LINE('',#3393,#3394);
#3393 = CARTESIAN_POINT('',(0.,0.));
#3394 = VECTOR('',#3395,1.);
#3395 = DIRECTION('',(1.,0.));
#3396 = ( GEOMETRIC_REPRESENTATION_CONTEXT(2) 
PARAMETRIC_REPRESENTATION_CONTEXT() REPRESENTATION_CONTEXT('2D SPACE',''
  ) );
#3397 = ORIENTED_EDGE('',*,*,#3398,.F.);
#3398 = EDGE_CURVE('',#3259,#3371,#3399,.T.);
#3399 = SURFACE_CURVE('',#3400,(#3404,#3411),.PCURVE_S1.);
#3400 = LINE('',#3401,#3402);
#3401 = CARTESIAN_POINT('',(33.675,21.901185102678,4.));
#3402 = VECTOR('',#3403,1.);
#3403 = DIRECTION('',(-1.,1.325639432388E-16,0.));
#3404 = PCURVE('',#1134,#3405);
#3405 = DEFINITIONAL_REPRESENTATION('',(#3406),#3410);
#3406 = LINE('',#3407,#3408);
#3407 = CARTESIAN_POINT('',(32.392070580583,21.901185102678));
#3408 = VECTOR('',#3409,1.);
#3409 = DIRECTION('',(-1.,1.325639432388E-16));
#3410 = ( GEOMETRIC_REPRESENTATION_CONTEXT(2) 
PARAMETRIC_REPRESENTATION_CONTEXT() REPRESENTATION_CONTEXT('2D SPACE',''
  ) );
#3411 = PCURVE('',#3412,#3417);
#3412 = PLANE('',#3413);
#3413 = AXIS2_PLACEMENT_3D('',#3414,#3415,#3416);
#3414 = CARTESIAN_POINT('',(33.675,21.901185102678,4.));
#3415 = DIRECTION('',(-1.325639432388E-16,-1.,0.));
#3416 = DIRECTION('',(-1.,1.325639432388E-16,0.));
#3417 = DEFINITIONAL_REPRESENTATION('',(#3418),#3422);
#3418 = LINE('',#3419,#3420);
#3419 = CARTESIAN_POINT('',(0.,0.));
#3420 = VECTOR('',#3421,1.);
#3421 = DIRECTION('',(1.,0.));
#3422 = ( GEOMETRIC_REPRESENTATION_CONTEXT(2) 
PARAMETRIC_REPRESENTATION_CONTEXT() REPRESENTATION_CONTEXT('2D SPACE',''
  ) );
#3423 = ADVANCED_FACE('',(#3424,#3591),#184,.F.);
#3424 = FACE_BOUND('',#3425,.F.);
#3425 = EDGE_LOOP('',(#3426,#3427,#3428,#3454,#3455,#3483,#3509,#3510,
    #3538,#3564,#3565));
#3426 = ORIENTED_EDGE('',*,*,#764,.T.);
#3427 = ORIENTED_EDGE('',*,*,#156,.T.);
#3428 = ORIENTED_EDGE('',*,*,#3429,.T.);
#3429 = EDGE_CURVE('',#157,#283,#3430,.T.);
#3430 = SURFACE_CURVE('',#3431,(#3436,#3447),.PCURVE_S1.);
#3431 = CIRCLE('',#3432,2.5);
#3432 = AXIS2_PLACEMENT_3D('',#3433,#3434,#3435);
#3433 = CARTESIAN_POINT('',(16.,-17.,-105.));
#3434 = DIRECTION('',(0.,0.,-1.));
#3435 = DIRECTION('',(1.,0.,0.));
#3436 = PCURVE('',#184,#3437);
#3437 = DEFINITIONAL_REPRESENTATION('',(#3438),#3446);
#3438 = ( BOUNDED_CURVE() B_SPLINE_CURVE(2,(#3439,#3440,#3441,#3442,
#3443,#3444,#3445),.UNSPECIFIED.,.T.,.F.) B_SPLINE_CURVE_WITH_KNOTS((1,2
    ,2,2,2,1),(-2.094395102393,0.,2.094395102393,4.188790204786,
6.28318530718,8.377580409573),.UNSPECIFIED.) CURVE() 
GEOMETRIC_REPRESENTATION_ITEM() RATIONAL_B_SPLINE_CURVE((1.,0.5,1.,0.5,
1.,0.5,1.)) REPRESENTATION_ITEM('') );
#3439 = CARTESIAN_POINT('',(2.5,-9.));
#3440 = CARTESIAN_POINT('',(2.5,-4.669872981078));
#3441 = CARTESIAN_POINT('',(6.25,-6.834936490539));
#3442 = CARTESIAN_POINT('',(10.,-9.));
#3443 = CARTESIAN_POINT('',(6.25,-11.16506350946));
#3444 = CARTESIAN_POINT('',(2.5,-13.33012701892));
#3445 = CARTESIAN_POINT('',(2.5,-9.));
#3446 = ( GEOMETRIC_REPRESENTATION_CONTEXT(2) 
PARAMETRIC_REPRESENTATION_CONTEXT() REPRESENTATION_CONTEXT('2D SPACE',''
  ) );
#3447 = PCURVE('',#228,#3448);
#3448 = DEFINITIONAL_REPRESENTATION('',(#3449),#3453);
#3449 = LINE('',#3450,#3451);
#3450 = CARTESIAN_POINT('',(-6.28318530718,-3.4));
#3451 = VECTOR('',#3452,1.);
#3452 = DIRECTION('',(1.,-0.));
#3453 = ( GEOMETRIC_REPRESENTATION_CONTEXT(2) 
PARAMETRIC_REPRESENTATION_CONTEXT() REPRESENTATION_CONTEXT('2D SPACE',''
  ) );
#3454 = ORIENTED_EDGE('',*,*,#314,.T.);
#3455 = ORIENTED_EDGE('',*,*,#3456,.T.);
#3456 = EDGE_CURVE('',#315,#3457,#3459,.T.);
#3457 = VERTEX_POINT('',#3458);
#3458 = CARTESIAN_POINT('',(-13.5,-17.,-105.));
#3459 = SURFACE_CURVE('',#3460,(#3465,#3476),.PCURVE_S1.);
#3460 = CIRCLE('',#3461,2.5);
#3461 = AXIS2_PLACEMENT_3D('',#3462,#3463,#3464);
#3462 = CARTESIAN_POINT('',(-16.,-17.,-105.));
#3463 = DIRECTION('',(0.,0.,-1.));
#3464 = DIRECTION('',(1.,0.,0.));
#3465 = PCURVE('',#184,#3466);
#3466 = DEFINITIONAL_REPRESENTATION('',(#3467),#3475);
#3467 = ( BOUNDED_CURVE() B_SPLINE_CURVE(2,(#3468,#3469,#3470,#3471,
#3472,#3473,#3474),.UNSPECIFIED.,.T.,.F.) B_SPLINE_CURVE_WITH_KNOTS((1,2
    ,2,2,2,1),(-2.094395102393,0.,2.094395102393,4.188790204786,
6.28318530718,8.377580409573),.UNSPECIFIED.) CURVE() 
GEOMETRIC_REPRESENTATION_ITEM() RATIONAL_B_SPLINE_CURVE((1.,0.5,1.,0.5,
1.,0.5,1.)) REPRESENTATION_ITEM('') );
#3468 = CARTESIAN_POINT('',(34.5,-9.));
#3469 = CARTESIAN_POINT('',(34.5,-4.669872981078));
#3470 = CARTESIAN_POINT('',(38.25,-6.834936490539));
#3471 = CARTESIAN_POINT('',(42.,-9.));
#3472 = CARTESIAN_POINT('',(38.25,-11.16506350946));
#3473 = CARTESIAN_POINT('',(34.5,-13.33012701892));
#3474 = CARTESIAN_POINT('',(34.5,-9.));
#3475 = ( GEOMETRIC_REPRESENTATION_CONTEXT(2) 
PARAMETRIC_REPRESENTATION_CONTEXT() REPRESENTATION_CONTEXT('2D SPACE',''
  ) );
#3476 = PCURVE('',#381,#3477);
#3477 = DEFINITIONAL_REPRESENTATION('',(#3478),#3482);
#3478 = LINE('',#3479,#3480);
#3479 = CARTESIAN_POINT('',(-6.28318530718,-3.4));
#3480 = VECTOR('',#3481,1.);
#3481 = DIRECTION('',(1.,-0.));
#3482 = ( GEOMETRIC_REPRESENTATION_CONTEXT(2) 
PARAMETRIC_REPRESENTATION_CONTEXT() REPRESENTATION_CONTEXT('2D SPACE',''
  ) );
#3483 = ORIENTED_EDGE('',*,*,#3484,.T.);
#3484 = EDGE_CURVE('',#3457,#436,#3485,.T.);
#3485 = SURFACE_CURVE('',#3486,(#3491,#3502),.PCURVE_S1.);
#3486 = CIRCLE('',#3487,2.5);
#3487 = AXIS2_PLACEMENT_3D('',#3488,#3489,#3490);
#3488 = CARTESIAN_POINT('',(-16.,-17.,-105.));
#3489 = DIRECTION('',(0.,0.,-1.));
#3490 = DIRECTION('',(1.,0.,0.));
#3491 = PCURVE('',#184,#3492);
#3492 = DEFINITIONAL_REPRESENTATION('',(#3493),#3501);
#3493 = ( BOUNDED_CURVE() B_SPLINE_CURVE(2,(#3494,#3495,#3496,#3497,
#3498,#3499,#3500),.UNSPECIFIED.,.T.,.F.) B_SPLINE_CURVE_WITH_KNOTS((1,2
    ,2,2,2,1),(-2.094395102393,0.,2.094395102393,4.188790204786,
6.28318530718,8.377580409573),.UNSPECIFIED.) CURVE() 
GEOMETRIC_REPRESENTATION_ITEM() RATIONAL_B_SPLINE_CURVE((1.,0.5,1.,0.5,
1.,0.5,1.)) REPRESENTATION_ITEM('') );
#3494 = CARTESIAN_POINT('',(34.5,-9.));
#3495 = CARTESIAN_POINT('',(34.5,-4.669872981078));
#3496 = CARTESIAN_POINT('',(38.25,-6.834936490539));
#3497 = CARTESIAN_POINT('',(42.,-9.));
#3498 = CARTESIAN_POINT('',(38.25,-11.16506350946));
#3499 = CARTESIAN_POINT('',(34.5,-13.33012701892));
#3500 = CARTESIAN_POINT('',(34.5,-9.));
#3501 = ( GEOMETRIC_REPRESENTATION_CONTEXT(2) 
PARAMETRIC_REPRESENTATION_CONTEXT() REPRESENTATION_CONTEXT('2D SPACE',''
  ) );
#3502 = PCURVE('',#381,#3503);
#3503 = DEFINITIONAL_REPRESENTATION('',(#3504),#3508);
#3504 = LINE('',#3505,#3506);
#3505 = CARTESIAN_POINT('',(-6.28318530718,-3.4));
#3506 = VECTOR('',#3507,1.);
#3507 = DIRECTION('',(1.,-0.));
#3508 = ( GEOMETRIC_REPRESENTATION_CONTEXT(2) 
PARAMETRIC_REPRESENTATION_CONTEXT() REPRESENTATION_CONTEXT('2D SPACE',''
  ) );
#3509 = ORIENTED_EDGE('',*,*,#464,.T.);
#3510 = ORIENTED_EDGE('',*,*,#3511,.T.);
#3511 = EDGE_CURVE('',#465,#3512,#3514,.T.);
#3512 = VERTEX_POINT('',#3513);
#3513 = CARTESIAN_POINT('',(-13.5,-35.,-105.));
#3514 = SURFACE_CURVE('',#3515,(#3520,#3531),.PCURVE_S1.);
#3515 = CIRCLE('',#3516,2.5);
#3516 = AXIS2_PLACEMENT_3D('',#3517,#3518,#3519);
#3517 = CARTESIAN_POINT('',(-16.,-35.,-105.));
#3518 = DIRECTION('',(0.,0.,-1.));
#3519 = DIRECTION('',(1.,0.,0.));
#3520 = PCURVE('',#184,#3521);
#3521 = DEFINITIONAL_REPRESENTATION('',(#3522),#3530);
#3522 = ( BOUNDED_CURVE() B_SPLINE_CURVE(2,(#3523,#3524,#3525,#3526,
#3527,#3528,#3529),.UNSPECIFIED.,.T.,.F.) B_SPLINE_CURVE_WITH_KNOTS((1,2
    ,2,2,2,1),(-2.094395102393,0.,2.094395102393,4.188790204786,
6.28318530718,8.377580409573),.UNSPECIFIED.) CURVE() 
GEOMETRIC_REPRESENTATION_ITEM() RATIONAL_B_SPLINE_CURVE((1.,0.5,1.,0.5,
1.,0.5,1.)) REPRESENTATION_ITEM('') );
#3523 = CARTESIAN_POINT('',(34.5,9.));
#3524 = CARTESIAN_POINT('',(34.5,13.330127018922));
#3525 = CARTESIAN_POINT('',(38.25,11.165063509461));
#3526 = CARTESIAN_POINT('',(42.,9.));
#3527 = CARTESIAN_POINT('',(38.25,6.834936490539));
#3528 = CARTESIAN_POINT('',(34.5,4.669872981078));
#3529 = CARTESIAN_POINT('',(34.5,9.));
#3530 = ( GEOMETRIC_REPRESENTATION_CONTEXT(2) 
PARAMETRIC_REPRESENTATION_CONTEXT() REPRESENTATION_CONTEXT('2D SPACE',''
  ) );
#3531 = PCURVE('',#531,#3532);
#3532 = DEFINITIONAL_REPRESENTATION('',(#3533),#3537);
#3533 = LINE('',#3534,#3535);
#3534 = CARTESIAN_POINT('',(-6.28318530718,-3.4));
#3535 = VECTOR('',#3536,1.);
#3536 = DIRECTION('',(1.,-0.));
#3537 = ( GEOMETRIC_REPRESENTATION_CONTEXT(2) 
PARAMETRIC_REPRESENTATION_CONTEXT() REPRESENTATION_CONTEXT('2D SPACE',''
  ) );
#3538 = ORIENTED_EDGE('',*,*,#3539,.T.);
#3539 = EDGE_CURVE('',#3512,#586,#3540,.T.);
#3540 = SURFACE_CURVE('',#3541,(#3546,#3557),.PCURVE_S1.);
#3541 = CIRCLE('',#3542,2.5);
#3542 = AXIS2_PLACEMENT_3D('',#3543,#3544,#3545);
#3543 = CARTESIAN_POINT('',(-16.,-35.,-105.));
#3544 = DIRECTION('',(0.,0.,-1.));
#3545 = DIRECTION('',(1.,0.,0.));
#3546 = PCURVE('',#184,#3547);
#3547 = DEFINITIONAL_REPRESENTATION('',(#3548),#3556);
#3548 = ( BOUNDED_CURVE() B_SPLINE_CURVE(2,(#3549,#3550,#3551,#3552,
#3553,#3554,#3555),.UNSPECIFIED.,.T.,.F.) B_SPLINE_CURVE_WITH_KNOTS((1,2
    ,2,2,2,1),(-2.094395102393,0.,2.094395102393,4.188790204786,
6.28318530718,8.377580409573),.UNSPECIFIED.) CURVE() 
GEOMETRIC_REPRESENTATION_ITEM() RATIONAL_B_SPLINE_CURVE((1.,0.5,1.,0.5,
1.,0.5,1.)) REPRESENTATION_ITEM('') );
#3549 = CARTESIAN_POINT('',(34.5,9.));
#3550 = CARTESIAN_POINT('',(34.5,13.330127018922));
#3551 = CARTESIAN_POINT('',(38.25,11.165063509461));
#3552 = CARTESIAN_POINT('',(42.,9.));
#3553 = CARTESIAN_POINT('',(38.25,6.834936490539));
#3554 = CARTESIAN_POINT('',(34.5,4.669872981078));
#3555 = CARTESIAN_POINT('',(34.5,9.));
#3556 = ( GEOMETRIC_REPRESENTATION_CONTEXT(2) 
PARAMETRIC_REPRESENTATION_CONTEXT() REPRESENTATION_CONTEXT('2D SPACE',''
  ) );
#3557 = PCURVE('',#531,#3558);
#3558 = DEFINITIONAL_REPRESENTATION('',(#3559),#3563);
#3559 = LINE('',#3560,#3561);
#3560 = CARTESIAN_POINT('',(-6.28318530718,-3.4));
#3561 = VECTOR('',#3562,1.);
#3562 = DIRECTION('',(1.,-0.));
#3563 = ( GEOMETRIC_REPRESENTATION_CONTEXT(2) 
PARAMETRIC_REPRESENTATION_CONTEXT() REPRESENTATION_CONTEXT('2D SPACE',''
  ) );
#3564 = ORIENTED_EDGE('',*,*,#614,.T.);
#3565 = ORIENTED_EDGE('',*,*,#3566,.T.);
#3566 = EDGE_CURVE('',#615,#736,#3567,.T.);
#3567 = SURFACE_CURVE('',#3568,(#3573,#3584),.PCURVE_S1.);
#3568 = CIRCLE('',#3569,2.5);
#3569 = AXIS2_PLACEMENT_3D('',#3570,#3571,#3572);
#3570 = CARTESIAN_POINT('',(16.,-35.,-105.));
#3571 = DIRECTION('',(0.,0.,-1.));
#3572 = DIRECTION('',(1.,0.,0.));
#3573 = PCURVE('',#184,#3574);
#3574 = DEFINITIONAL_REPRESENTATION('',(#3575),#3583);
#3575 = ( BOUNDED_CURVE() B_SPLINE_CURVE(2,(#3576,#3577,#3578,#3579,
#3580,#3581,#3582),.UNSPECIFIED.,.T.,.F.) B_SPLINE_CURVE_WITH_KNOTS((1,2
    ,2,2,2,1),(-2.094395102393,0.,2.094395102393,4.188790204786,
6.28318530718,8.377580409573),.UNSPECIFIED.) CURVE() 
GEOMETRIC_REPRESENTATION_ITEM() RATIONAL_B_SPLINE_CURVE((1.,0.5,1.,0.5,
1.,0.5,1.)) REPRESENTATION_ITEM('') );
#3576 = CARTESIAN_POINT('',(2.5,9.));
#3577 = CARTESIAN_POINT('',(2.5,13.330127018922));
#3578 = CARTESIAN_POINT('',(6.25,11.165063509461));
#3579 = CARTESIAN_POINT('',(10.,9.));
#3580 = CARTESIAN_POINT('',(6.25,6.834936490539));
#3581 = CARTESIAN_POINT('',(2.5,4.669872981078));
#3582 = CARTESIAN_POINT('',(2.5,9.));
#3583 = ( GEOMETRIC_REPRESENTATION_CONTEXT(2) 
PARAMETRIC_REPRESENTATION_CONTEXT() REPRESENTATION_CONTEXT('2D SPACE',''
  ) );
#3584 = PCURVE('',#681,#3585);
#3585 = DEFINITIONAL_REPRESENTATION('',(#3586),#3590);
#3586 = LINE('',#3587,#3588);
#3587 = CARTESIAN_POINT('',(-6.28318530718,-3.4));
#3588 = VECTOR('',#3589,1.);
#3589 = DIRECTION('',(1.,-0.));
#3590 = ( GEOMETRIC_REPRESENTATION_CONTEXT(2) 
PARAMETRIC_REPRESENTATION_CONTEXT() REPRESENTATION_CONTEXT('2D SPACE',''
  ) );
#3591 = FACE_BOUND('',#3592,.F.);
#3592 = EDGE_LOOP('',(#3593,#3628));
#3593 = ORIENTED_EDGE('',*,*,#3594,.T.);
#3594 = EDGE_CURVE('',#3595,#3597,#3599,.T.);
#3595 = VERTEX_POINT('',#3596);
#3596 = CARTESIAN_POINT('',(1.356725293502,-26.,-105.));
#3597 = VERTEX_POINT('',#3598);
#3598 = CARTESIAN_POINT('',(10.643274706498,-26.,-105.));
#3599 = SURFACE_CURVE('',#3600,(#3605,#3616),.PCURVE_S1.);
#3600 = CIRCLE('',#3601,6.);
#3601 = AXIS2_PLACEMENT_3D('',#3602,#3603,#3604);
#3602 = CARTESIAN_POINT('',(6.,-22.2,-105.));
#3603 = DIRECTION('',(0.,0.,-1.));
#3604 = DIRECTION('',(1.,0.,0.));
#3605 = PCURVE('',#184,#3606);
#3606 = DEFINITIONAL_REPRESENTATION('',(#3607),#3615);
#3607 = ( BOUNDED_CURVE() B_SPLINE_CURVE(2,(#3608,#3609,#3610,#3611,
#3612,#3613,#3614),.UNSPECIFIED.,.T.,.F.) B_SPLINE_CURVE_WITH_KNOTS((1,2
    ,2,2,2,1),(-2.094395102393,0.,2.094395102393,4.188790204786,
6.28318530718,8.377580409573),.UNSPECIFIED.) CURVE() 
GEOMETRIC_REPRESENTATION_ITEM() RATIONAL_B_SPLINE_CURVE((1.,0.5,1.,0.5,
1.,0.5,1.)) REPRESENTATION_ITEM('') );
#3608 = CARTESIAN_POINT('',(9.,-3.8));
#3609 = CARTESIAN_POINT('',(9.,6.592304845413));
#3610 = CARTESIAN_POINT('',(18.,1.396152422707));
#3611 = CARTESIAN_POINT('',(27.,-3.8));
#3612 = CARTESIAN_POINT('',(18.,-8.996152422707));
#3613 = CARTESIAN_POINT('',(9.,-14.19230484541));
#3614 = CARTESIAN_POINT('',(9.,-3.8));
#3615 = ( GEOMETRIC_REPRESENTATION_CONTEXT(2) 
PARAMETRIC_REPRESENTATION_CONTEXT() REPRESENTATION_CONTEXT('2D SPACE',''
  ) );
#3616 = PCURVE('',#3617,#3622);
#3617 = CYLINDRICAL_SURFACE('',#3618,6.);
#3618 = AXIS2_PLACEMENT_3D('',#3619,#3620,#3621);
#3619 = CARTESIAN_POINT('',(6.,-22.2,-108.));
#3620 = DIRECTION('',(-0.,-0.,-1.));
#3621 = DIRECTION('',(1.,0.,0.));
#3622 = DEFINITIONAL_REPRESENTATION('',(#3623),#3627);
#3623 = LINE('',#3624,#3625);
#3624 = CARTESIAN_POINT('',(-12.56637061435,-3.));
#3625 = VECTOR('',#3626,1.);
#3626 = DIRECTION('',(1.,-0.));
#3627 = ( GEOMETRIC_REPRESENTATION_CONTEXT(2) 
PARAMETRIC_REPRESENTATION_CONTEXT() REPRESENTATION_CONTEXT('2D SPACE',''
  ) );
#3628 = ORIENTED_EDGE('',*,*,#3629,.T.);
#3629 = EDGE_CURVE('',#3597,#3595,#3630,.T.);
#3630 = SURFACE_CURVE('',#3631,(#3636,#3647),.PCURVE_S1.);
#3631 = CIRCLE('',#3632,6.);
#3632 = AXIS2_PLACEMENT_3D('',#3633,#3634,#3635);
#3633 = CARTESIAN_POINT('',(6.,-29.8,-105.));
#3634 = DIRECTION('',(0.,0.,-1.));
#3635 = DIRECTION('',(1.,0.,0.));
#3636 = PCURVE('',#184,#3637);
#3637 = DEFINITIONAL_REPRESENTATION('',(#3638),#3646);
#3638 = ( BOUNDED_CURVE() B_SPLINE_CURVE(2,(#3639,#3640,#3641,#3642,
#3643,#3644,#3645),.UNSPECIFIED.,.T.,.F.) B_SPLINE_CURVE_WITH_KNOTS((1,2
    ,2,2,2,1),(-2.094395102393,0.,2.094395102393,4.188790204786,
6.28318530718,8.377580409573),.UNSPECIFIED.) CURVE() 
GEOMETRIC_REPRESENTATION_ITEM() RATIONAL_B_SPLINE_CURVE((1.,0.5,1.,0.5,
1.,0.5,1.)) REPRESENTATION_ITEM('') );
#3639 = CARTESIAN_POINT('',(9.,3.8));
#3640 = CARTESIAN_POINT('',(9.,14.192304845413));
#3641 = CARTESIAN_POINT('',(18.,8.996152422707));
#3642 = CARTESIAN_POINT('',(27.,3.8));
#3643 = CARTESIAN_POINT('',(18.,-1.396152422707));
#3644 = CARTESIAN_POINT('',(9.,-6.592304845413));
#3645 = CARTESIAN_POINT('',(9.,3.8));
#3646 = ( GEOMETRIC_REPRESENTATION_CONTEXT(2) 
PARAMETRIC_REPRESENTATION_CONTEXT() REPRESENTATION_CONTEXT('2D SPACE',''
  ) );
#3647 = PCURVE('',#3648,#3653);
#3648 = CYLINDRICAL_SURFACE('',#3649,6.);
#3649 = AXIS2_PLACEMENT_3D('',#3650,#3651,#3652);
#3650 = CARTESIAN_POINT('',(6.,-29.8,-108.));
#3651 = DIRECTION('',(-0.,-0.,-1.));
#3652 = DIRECTION('',(1.,0.,0.));
#3653 = DEFINITIONAL_REPRESENTATION('',(#3654),#3658);
#3654 = LINE('',#3655,#3656);
#3655 = CARTESIAN_POINT('',(-12.56637061435,-3.));
#3656 = VECTOR('',#3657,1.);
#3657 = DIRECTION('',(1.,-0.));
#3658 = ( GEOMETRIC_REPRESENTATION_CONTEXT(2) 
PARAMETRIC_REPRESENTATION_CONTEXT() REPRESENTATION_CONTEXT('2D SPACE',''
  ) );
#3659 = ADVANCED_FACE('',(#3660),#681,.T.);
#3660 = FACE_BOUND('',#3661,.F.);
#3661 = EDGE_LOOP('',(#3662,#3691,#3714,#3736,#3737,#3738,#3739,#3761));
#3662 = ORIENTED_EDGE('',*,*,#3663,.F.);
#3663 = EDGE_CURVE('',#3664,#3664,#3666,.T.);
#3664 = VERTEX_POINT('',#3665);
#3665 = CARTESIAN_POINT('',(18.5,-35.,-108.4));
#3666 = SURFACE_CURVE('',#3667,(#3672,#3679),.PCURVE_S1.);
#3667 = CIRCLE('',#3668,2.5);
#3668 = AXIS2_PLACEMENT_3D('',#3669,#3670,#3671);
#3669 = CARTESIAN_POINT('',(16.,-35.,-108.4));
#3670 = DIRECTION('',(0.,0.,1.));
#3671 = DIRECTION('',(1.,0.,0.));
#3672 = PCURVE('',#681,#3673);
#3673 = DEFINITIONAL_REPRESENTATION('',(#3674),#3678);
#3674 = LINE('',#3675,#3676);
#3675 = CARTESIAN_POINT('',(-0.,0.));
#3676 = VECTOR('',#3677,1.);
#3677 = DIRECTION('',(-1.,0.));
#3678 = ( GEOMETRIC_REPRESENTATION_CONTEXT(2) 
PARAMETRIC_REPRESENTATION_CONTEXT() REPRESENTATION_CONTEXT('2D SPACE',''
  ) );
#3679 = PCURVE('',#3680,#3685);
#3680 = PLANE('',#3681);
#3681 = AXIS2_PLACEMENT_3D('',#3682,#3683,#3684);
#3682 = CARTESIAN_POINT('',(16.,-35.,-108.4));
#3683 = DIRECTION('',(0.,0.,1.));
#3684 = DIRECTION('',(1.,0.,-0.));
#3685 = DEFINITIONAL_REPRESENTATION('',(#3686),#3690);
#3686 = CIRCLE('',#3687,2.5);
#3687 = AXIS2_PLACEMENT_2D('',#3688,#3689);
#3688 = CARTESIAN_POINT('',(1.7763568394E-15,0.));
#3689 = DIRECTION('',(1.,0.));
#3690 = ( GEOMETRIC_REPRESENTATION_CONTEXT(2) 
PARAMETRIC_REPRESENTATION_CONTEXT() REPRESENTATION_CONTEXT('2D SPACE',''
  ) );
#3691 = ORIENTED_EDGE('',*,*,#3692,.T.);
#3692 = EDGE_CURVE('',#3664,#3693,#3695,.T.);
#3693 = VERTEX_POINT('',#3694);
#3694 = CARTESIAN_POINT('',(18.5,-35.,-104.2));
#3695 = SEAM_CURVE('',#3696,(#3700,#3707),.PCURVE_S1.);
#3696 = LINE('',#3697,#3698);
#3697 = CARTESIAN_POINT('',(18.5,-35.,-108.4));
#3698 = VECTOR('',#3699,1.);
#3699 = DIRECTION('',(0.,0.,1.));
#3700 = PCURVE('',#681,#3701);
#3701 = DEFINITIONAL_REPRESENTATION('',(#3702),#3706);
#3702 = LINE('',#3703,#3704);
#3703 = CARTESIAN_POINT('',(-6.28318530718,0.));
#3704 = VECTOR('',#3705,1.);
#3705 = DIRECTION('',(-0.,-1.));
#3706 = ( GEOMETRIC_REPRESENTATION_CONTEXT(2) 
PARAMETRIC_REPRESENTATION_CONTEXT() REPRESENTATION_CONTEXT('2D SPACE',''
  ) );
#3707 = PCURVE('',#681,#3708);
#3708 = DEFINITIONAL_REPRESENTATION('',(#3709),#3713);
#3709 = LINE('',#3710,#3711);
#3710 = CARTESIAN_POINT('',(-0.,0.));
#3711 = VECTOR('',#3712,1.);
#3712 = DIRECTION('',(-0.,-1.));
#3713 = ( GEOMETRIC_REPRESENTATION_CONTEXT(2) 
PARAMETRIC_REPRESENTATION_CONTEXT() REPRESENTATION_CONTEXT('2D SPACE',''
  ) );
#3714 = ORIENTED_EDGE('',*,*,#3715,.T.);
#3715 = EDGE_CURVE('',#3693,#696,#3716,.T.);
#3716 = SURFACE_CURVE('',#3717,(#3722,#3729),.PCURVE_S1.);
#3717 = CIRCLE('',#3718,2.5);
#3718 = AXIS2_PLACEMENT_3D('',#3719,#3720,#3721);
#3719 = CARTESIAN_POINT('',(16.,-35.,-104.2));
#3720 = DIRECTION('',(0.,0.,1.));
#3721 = DIRECTION('',(1.,0.,0.));
#3722 = PCURVE('',#681,#3723);
#3723 = DEFINITIONAL_REPRESENTATION('',(#3724),#3728);
#3724 = LINE('',#3725,#3726);
#3725 = CARTESIAN_POINT('',(-0.,-4.2));
#3726 = VECTOR('',#3727,1.);
#3727 = DIRECTION('',(-1.,0.));
#3728 = ( GEOMETRIC_REPRESENTATION_CONTEXT(2) 
PARAMETRIC_REPRESENTATION_CONTEXT() REPRESENTATION_CONTEXT('2D SPACE',''
  ) );
#3729 = PCURVE('',#719,#3730);
#3730 = DEFINITIONAL_REPRESENTATION('',(#3731),#3735);
#3731 = CIRCLE('',#3732,2.5);
#3732 = AXIS2_PLACEMENT_2D('',#3733,#3734);
#3733 = CARTESIAN_POINT('',(1.7763568394E-15,0.));
#3734 = DIRECTION('',(1.,0.));
#3735 = ( GEOMETRIC_REPRESENTATION_CONTEXT(2) 
PARAMETRIC_REPRESENTATION_CONTEXT() REPRESENTATION_CONTEXT('2D SPACE',''
  ) );
#3736 = ORIENTED_EDGE('',*,*,#735,.T.);
#3737 = ORIENTED_EDGE('',*,*,#3566,.F.);
#3738 = ORIENTED_EDGE('',*,*,#661,.T.);
#3739 = ORIENTED_EDGE('',*,*,#3740,.T.);
#3740 = EDGE_CURVE('',#662,#3693,#3741,.T.);
#3741 = SURFACE_CURVE('',#3742,(#3747,#3754),.PCURVE_S1.);
#3742 = CIRCLE('',#3743,2.5);
#3743 = AXIS2_PLACEMENT_3D('',#3744,#3745,#3746);
#3744 = CARTESIAN_POINT('',(16.,-35.,-104.2));
#3745 = DIRECTION('',(0.,0.,1.));
#3746 = DIRECTION('',(1.,0.,0.));
#3747 = PCURVE('',#681,#3748);
#3748 = DEFINITIONAL_REPRESENTATION('',(#3749),#3753);
#3749 = LINE('',#3750,#3751);
#3750 = CARTESIAN_POINT('',(-0.,-4.2));
#3751 = VECTOR('',#3752,1.);
#3752 = DIRECTION('',(-1.,0.));
#3753 = ( GEOMETRIC_REPRESENTATION_CONTEXT(2) 
PARAMETRIC_REPRESENTATION_CONTEXT() REPRESENTATION_CONTEXT('2D SPACE',''
  ) );
#3754 = PCURVE('',#719,#3755);
#3755 = DEFINITIONAL_REPRESENTATION('',(#3756),#3760);
#3756 = CIRCLE('',#3757,2.5);
#3757 = AXIS2_PLACEMENT_2D('',#3758,#3759);
#3758 = CARTESIAN_POINT('',(1.7763568394E-15,0.));
#3759 = DIRECTION('',(1.,0.));
#3760 = ( GEOMETRIC_REPRESENTATION_CONTEXT(2) 
PARAMETRIC_REPRESENTATION_CONTEXT() REPRESENTATION_CONTEXT('2D SPACE',''
  ) );
#3761 = ORIENTED_EDGE('',*,*,#3692,.F.);
#3762 = ADVANCED_FACE('',(#3763),#719,.T.);
#3763 = FACE_BOUND('',#3764,.T.);
#3764 = EDGE_LOOP('',(#3765,#3766,#3767));
#3765 = ORIENTED_EDGE('',*,*,#3740,.T.);
#3766 = ORIENTED_EDGE('',*,*,#3715,.T.);
#3767 = ORIENTED_EDGE('',*,*,#695,.T.);
#3768 = ADVANCED_FACE('',(#3769),#531,.T.);
#3769 = FACE_BOUND('',#3770,.F.);
#3770 = EDGE_LOOP('',(#3771,#3800,#3821,#3822,#3823,#3845,#3846,#3847));
#3771 = ORIENTED_EDGE('',*,*,#3772,.F.);
#3772 = EDGE_CURVE('',#3773,#3773,#3775,.T.);
#3773 = VERTEX_POINT('',#3774);
#3774 = CARTESIAN_POINT('',(-13.5,-35.,-108.4));
#3775 = SURFACE_CURVE('',#3776,(#3781,#3788),.PCURVE_S1.);
#3776 = CIRCLE('',#3777,2.5);
#3777 = AXIS2_PLACEMENT_3D('',#3778,#3779,#3780);
#3778 = CARTESIAN_POINT('',(-16.,-35.,-108.4));
#3779 = DIRECTION('',(0.,0.,1.));
#3780 = DIRECTION('',(1.,0.,0.));
#3781 = PCURVE('',#531,#3782);
#3782 = DEFINITIONAL_REPRESENTATION('',(#3783),#3787);
#3783 = LINE('',#3784,#3785);
#3784 = CARTESIAN_POINT('',(-0.,0.));
#3785 = VECTOR('',#3786,1.);
#3786 = DIRECTION('',(-1.,0.));
#3787 = ( GEOMETRIC_REPRESENTATION_CONTEXT(2) 
PARAMETRIC_REPRESENTATION_CONTEXT() REPRESENTATION_CONTEXT('2D SPACE',''
  ) );
#3788 = PCURVE('',#3789,#3794);
#3789 = PLANE('',#3790);
#3790 = AXIS2_PLACEMENT_3D('',#3791,#3792,#3793);
#3791 = CARTESIAN_POINT('',(-16.,-35.,-108.4));
#3792 = DIRECTION('',(0.,0.,1.));
#3793 = DIRECTION('',(1.,0.,-0.));
#3794 = DEFINITIONAL_REPRESENTATION('',(#3795),#3799);
#3795 = CIRCLE('',#3796,2.5);
#3796 = AXIS2_PLACEMENT_2D('',#3797,#3798);
#3797 = CARTESIAN_POINT('',(0.,0.));
#3798 = DIRECTION('',(1.,0.));
#3799 = ( GEOMETRIC_REPRESENTATION_CONTEXT(2) 
PARAMETRIC_REPRESENTATION_CONTEXT() REPRESENTATION_CONTEXT('2D SPACE',''
  ) );
#3800 = ORIENTED_EDGE('',*,*,#3801,.T.);
#3801 = EDGE_CURVE('',#3773,#3512,#3802,.T.);
#3802 = SEAM_CURVE('',#3803,(#3807,#3814),.PCURVE_S1.);
#3803 = LINE('',#3804,#3805);
#3804 = CARTESIAN_POINT('',(-13.5,-35.,-108.4));
#3805 = VECTOR('',#3806,1.);
#3806 = DIRECTION('',(0.,0.,1.));
#3807 = PCURVE('',#531,#3808);
#3808 = DEFINITIONAL_REPRESENTATION('',(#3809),#3813);
#3809 = LINE('',#3810,#3811);
#3810 = CARTESIAN_POINT('',(-6.28318530718,0.));
#3811 = VECTOR('',#3812,1.);
#3812 = DIRECTION('',(-0.,-1.));
#3813 = ( GEOMETRIC_REPRESENTATION_CONTEXT(2) 
PARAMETRIC_REPRESENTATION_CONTEXT() REPRESENTATION_CONTEXT('2D SPACE',''
  ) );
#3814 = PCURVE('',#531,#3815);
#3815 = DEFINITIONAL_REPRESENTATION('',(#3816),#3820);
#3816 = LINE('',#3817,#3818);
#3817 = CARTESIAN_POINT('',(-0.,0.));
#3818 = VECTOR('',#3819,1.);
#3819 = DIRECTION('',(-0.,-1.));
#3820 = ( GEOMETRIC_REPRESENTATION_CONTEXT(2) 
PARAMETRIC_REPRESENTATION_CONTEXT() REPRESENTATION_CONTEXT('2D SPACE',''
  ) );
#3821 = ORIENTED_EDGE('',*,*,#3511,.F.);
#3822 = ORIENTED_EDGE('',*,*,#511,.T.);
#3823 = ORIENTED_EDGE('',*,*,#3824,.T.);
#3824 = EDGE_CURVE('',#512,#546,#3825,.T.);
#3825 = SURFACE_CURVE('',#3826,(#3831,#3838),.PCURVE_S1.);
#3826 = CIRCLE('',#3827,2.5);
#3827 = AXIS2_PLACEMENT_3D('',#3828,#3829,#3830);
#3828 = CARTESIAN_POINT('',(-16.,-35.,-104.2));
#3829 = DIRECTION('',(0.,0.,1.));
#3830 = DIRECTION('',(1.,0.,0.));
#3831 = PCURVE('',#531,#3832);
#3832 = DEFINITIONAL_REPRESENTATION('',(#3833),#3837);
#3833 = LINE('',#3834,#3835);
#3834 = CARTESIAN_POINT('',(-0.,-4.2));
#3835 = VECTOR('',#3836,1.);
#3836 = DIRECTION('',(-1.,0.));
#3837 = ( GEOMETRIC_REPRESENTATION_CONTEXT(2) 
PARAMETRIC_REPRESENTATION_CONTEXT() REPRESENTATION_CONTEXT('2D SPACE',''
  ) );
#3838 = PCURVE('',#569,#3839);
#3839 = DEFINITIONAL_REPRESENTATION('',(#3840),#3844);
#3840 = CIRCLE('',#3841,2.5);
#3841 = AXIS2_PLACEMENT_2D('',#3842,#3843);
#3842 = CARTESIAN_POINT('',(0.,0.));
#3843 = DIRECTION('',(1.,0.));
#3844 = ( GEOMETRIC_REPRESENTATION_CONTEXT(2) 
PARAMETRIC_REPRESENTATION_CONTEXT() REPRESENTATION_CONTEXT('2D SPACE',''
  ) );
#3845 = ORIENTED_EDGE('',*,*,#585,.T.);
#3846 = ORIENTED_EDGE('',*,*,#3539,.F.);
#3847 = ORIENTED_EDGE('',*,*,#3801,.F.);
#3848 = ADVANCED_FACE('',(#3849),#569,.T.);
#3849 = FACE_BOUND('',#3850,.T.);
#3850 = EDGE_LOOP('',(#3851,#3852));
#3851 = ORIENTED_EDGE('',*,*,#545,.T.);
#3852 = ORIENTED_EDGE('',*,*,#3824,.T.);
#3853 = ADVANCED_FACE('',(#3854),#381,.T.);
#3854 = FACE_BOUND('',#3855,.F.);
#3855 = EDGE_LOOP('',(#3856,#3885,#3906,#3907,#3908,#3930,#3931,#3932));
#3856 = ORIENTED_EDGE('',*,*,#3857,.F.);
#3857 = EDGE_CURVE('',#3858,#3858,#3860,.T.);
#3858 = VERTEX_POINT('',#3859);
#3859 = CARTESIAN_POINT('',(-13.5,-17.,-108.4));
#3860 = SURFACE_CURVE('',#3861,(#3866,#3873),.PCURVE_S1.);
#3861 = CIRCLE('',#3862,2.5);
#3862 = AXIS2_PLACEMENT_3D('',#3863,#3864,#3865);
#3863 = CARTESIAN_POINT('',(-16.,-17.,-108.4));
#3864 = DIRECTION('',(0.,0.,1.));
#3865 = DIRECTION('',(1.,0.,0.));
#3866 = PCURVE('',#381,#3867);
#3867 = DEFINITIONAL_REPRESENTATION('',(#3868),#3872);
#3868 = LINE('',#3869,#3870);
#3869 = CARTESIAN_POINT('',(-0.,0.));
#3870 = VECTOR('',#3871,1.);
#3871 = DIRECTION('',(-1.,0.));
#3872 = ( GEOMETRIC_REPRESENTATION_CONTEXT(2) 
PARAMETRIC_REPRESENTATION_CONTEXT() REPRESENTATION_CONTEXT('2D SPACE',''
  ) );
#3873 = PCURVE('',#3874,#3879);
#3874 = PLANE('',#3875);
#3875 = AXIS2_PLACEMENT_3D('',#3876,#3877,#3878);
#3876 = CARTESIAN_POINT('',(-16.,-17.,-108.4));
#3877 = DIRECTION('',(0.,0.,1.));
#3878 = DIRECTION('',(1.,0.,-0.));
#3879 = DEFINITIONAL_REPRESENTATION('',(#3880),#3884);
#3880 = CIRCLE('',#3881,2.5);
#3881 = AXIS2_PLACEMENT_2D('',#3882,#3883);
#3882 = CARTESIAN_POINT('',(-1.7763568394E-15,-3.552713678801E-15));
#3883 = DIRECTION('',(1.,0.));
#3884 = ( GEOMETRIC_REPRESENTATION_CONTEXT(2) 
PARAMETRIC_REPRESENTATION_CONTEXT() REPRESENTATION_CONTEXT('2D SPACE',''
  ) );
#3885 = ORIENTED_EDGE('',*,*,#3886,.T.);
#3886 = EDGE_CURVE('',#3858,#3457,#3887,.T.);
#3887 = SEAM_CURVE('',#3888,(#3892,#3899),.PCURVE_S1.);
#3888 = LINE('',#3889,#3890);
#3889 = CARTESIAN_POINT('',(-13.5,-17.,-108.4));
#3890 = VECTOR('',#3891,1.);
#3891 = DIRECTION('',(0.,0.,1.));
#3892 = PCURVE('',#381,#3893);
#3893 = DEFINITIONAL_REPRESENTATION('',(#3894),#3898);
#3894 = LINE('',#3895,#3896);
#3895 = CARTESIAN_POINT('',(-6.28318530718,0.));
#3896 = VECTOR('',#3897,1.);
#3897 = DIRECTION('',(-0.,-1.));
#3898 = ( GEOMETRIC_REPRESENTATION_CONTEXT(2) 
PARAMETRIC_REPRESENTATION_CONTEXT() REPRESENTATION_CONTEXT('2D SPACE',''
  ) );
#3899 = PCURVE('',#381,#3900);
#3900 = DEFINITIONAL_REPRESENTATION('',(#3901),#3905);
#3901 = LINE('',#3902,#3903);
#3902 = CARTESIAN_POINT('',(-0.,0.));
#3903 = VECTOR('',#3904,1.);
#3904 = DIRECTION('',(-0.,-1.));
#3905 = ( GEOMETRIC_REPRESENTATION_CONTEXT(2) 
PARAMETRIC_REPRESENTATION_CONTEXT() REPRESENTATION_CONTEXT('2D SPACE',''
  ) );
#3906 = ORIENTED_EDGE('',*,*,#3456,.F.);
#3907 = ORIENTED_EDGE('',*,*,#361,.T.);
#3908 = ORIENTED_EDGE('',*,*,#3909,.T.);
#3909 = EDGE_CURVE('',#362,#396,#3910,.T.);
#3910 = SURFACE_CURVE('',#3911,(#3916,#3923),.PCURVE_S1.);
#3911 = CIRCLE('',#3912,2.5);
#3912 = AXIS2_PLACEMENT_3D('',#3913,#3914,#3915);
#3913 = CARTESIAN_POINT('',(-16.,-17.,-104.2));
#3914 = DIRECTION('',(0.,0.,1.));
#3915 = DIRECTION('',(1.,0.,0.));
#3916 = PCURVE('',#381,#3917);
#3917 = DEFINITIONAL_REPRESENTATION('',(#3918),#3922);
#3918 = LINE('',#3919,#3920);
#3919 = CARTESIAN_POINT('',(-0.,-4.2));
#3920 = VECTOR('',#3921,1.);
#3921 = DIRECTION('',(-1.,0.));
#3922 = ( GEOMETRIC_REPRESENTATION_CONTEXT(2) 
PARAMETRIC_REPRESENTATION_CONTEXT() REPRESENTATION_CONTEXT('2D SPACE',''
  ) );
#3923 = PCURVE('',#419,#3924);
#3924 = DEFINITIONAL_REPRESENTATION('',(#3925),#3929);
#3925 = CIRCLE('',#3926,2.5);
#3926 = AXIS2_PLACEMENT_2D('',#3927,#3928);
#3927 = CARTESIAN_POINT('',(-1.7763568394E-15,-3.552713678801E-15));
#3928 = DIRECTION('',(1.,0.));
#3929 = ( GEOMETRIC_REPRESENTATION_CONTEXT(2) 
PARAMETRIC_REPRESENTATION_CONTEXT() REPRESENTATION_CONTEXT('2D SPACE',''
  ) );
#3930 = ORIENTED_EDGE('',*,*,#435,.T.);
#3931 = ORIENTED_EDGE('',*,*,#3484,.F.);
#3932 = ORIENTED_EDGE('',*,*,#3886,.F.);
#3933 = ADVANCED_FACE('',(#3934),#419,.T.);
#3934 = FACE_BOUND('',#3935,.T.);
#3935 = EDGE_LOOP('',(#3936,#3937));
#3936 = ORIENTED_EDGE('',*,*,#395,.T.);
#3937 = ORIENTED_EDGE('',*,*,#3909,.T.);
#3938 = ADVANCED_FACE('',(#3939),#228,.T.);
#3939 = FACE_BOUND('',#3940,.F.);
#3940 = EDGE_LOOP('',(#3941,#3970,#3993,#4015,#4016,#4017,#4018,#4040));
#3941 = ORIENTED_EDGE('',*,*,#3942,.F.);
#3942 = EDGE_CURVE('',#3943,#3943,#3945,.T.);
#3943 = VERTEX_POINT('',#3944);
#3944 = CARTESIAN_POINT('',(18.5,-17.,-108.4));
#3945 = SURFACE_CURVE('',#3946,(#3951,#3958),.PCURVE_S1.);
#3946 = CIRCLE('',#3947,2.5);
#3947 = AXIS2_PLACEMENT_3D('',#3948,#3949,#3950);
#3948 = CARTESIAN_POINT('',(16.,-17.,-108.4));
#3949 = DIRECTION('',(0.,0.,1.));
#3950 = DIRECTION('',(1.,0.,0.));
#3951 = PCURVE('',#228,#3952);
#3952 = DEFINITIONAL_REPRESENTATION('',(#3953),#3957);
#3953 = LINE('',#3954,#3955);
#3954 = CARTESIAN_POINT('',(-0.,0.));
#3955 = VECTOR('',#3956,1.);
#3956 = DIRECTION('',(-1.,0.));
#3957 = ( GEOMETRIC_REPRESENTATION_CONTEXT(2) 
PARAMETRIC_REPRESENTATION_CONTEXT() REPRESENTATION_CONTEXT('2D SPACE',''
  ) );
#3958 = PCURVE('',#3959,#3964);
#3959 = PLANE('',#3960);
#3960 = AXIS2_PLACEMENT_3D('',#3961,#3962,#3963);
#3961 = CARTESIAN_POINT('',(16.,-17.,-108.4));
#3962 = DIRECTION('',(0.,0.,1.));
#3963 = DIRECTION('',(1.,0.,-0.));
#3964 = DEFINITIONAL_REPRESENTATION('',(#3965),#3969);
#3965 = CIRCLE('',#3966,2.5);
#3966 = AXIS2_PLACEMENT_2D('',#3967,#3968);
#3967 = CARTESIAN_POINT('',(1.7763568394E-15,-3.552713678801E-15));
#3968 = DIRECTION('',(1.,0.));
#3969 = ( GEOMETRIC_REPRESENTATION_CONTEXT(2) 
PARAMETRIC_REPRESENTATION_CONTEXT() REPRESENTATION_CONTEXT('2D SPACE',''
  ) );
#3970 = ORIENTED_EDGE('',*,*,#3971,.T.);
#3971 = EDGE_CURVE('',#3943,#3972,#3974,.T.);
#3972 = VERTEX_POINT('',#3973);
#3973 = CARTESIAN_POINT('',(18.5,-17.,-104.2));
#3974 = SEAM_CURVE('',#3975,(#3979,#3986),.PCURVE_S1.);
#3975 = LINE('',#3976,#3977);
#3976 = CARTESIAN_POINT('',(18.5,-17.,-108.4));
#3977 = VECTOR('',#3978,1.);
#3978 = DIRECTION('',(0.,0.,1.));
#3979 = PCURVE('',#228,#3980);
#3980 = DEFINITIONAL_REPRESENTATION('',(#3981),#3985);
#3981 = LINE('',#3982,#3983);
#3982 = CARTESIAN_POINT('',(-6.28318530718,0.));
#3983 = VECTOR('',#3984,1.);
#3984 = DIRECTION('',(-0.,-1.));
#3985 = ( GEOMETRIC_REPRESENTATION_CONTEXT(2) 
PARAMETRIC_REPRESENTATION_CONTEXT() REPRESENTATION_CONTEXT('2D SPACE',''
  ) );
#3986 = PCURVE('',#228,#3987);
#3987 = DEFINITIONAL_REPRESENTATION('',(#3988),#3992);
#3988 = LINE('',#3989,#3990);
#3989 = CARTESIAN_POINT('',(-0.,0.));
#3990 = VECTOR('',#3991,1.);
#3991 = DIRECTION('',(-0.,-1.));
#3992 = ( GEOMETRIC_REPRESENTATION_CONTEXT(2) 
PARAMETRIC_REPRESENTATION_CONTEXT() REPRESENTATION_CONTEXT('2D SPACE',''
  ) );
#3993 = ORIENTED_EDGE('',*,*,#3994,.T.);
#3994 = EDGE_CURVE('',#3972,#243,#3995,.T.);
#3995 = SURFACE_CURVE('',#3996,(#4001,#4008),.PCURVE_S1.);
#3996 = CIRCLE('',#3997,2.5);
#3997 = AXIS2_PLACEMENT_3D('',#3998,#3999,#4000);
#3998 = CARTESIAN_POINT('',(16.,-17.,-104.2));
#3999 = DIRECTION('',(0.,0.,1.));
#4000 = DIRECTION('',(1.,0.,0.));
#4001 = PCURVE('',#228,#4002);
#4002 = DEFINITIONAL_REPRESENTATION('',(#4003),#4007);
#4003 = LINE('',#4004,#4005);
#4004 = CARTESIAN_POINT('',(-0.,-4.2));
#4005 = VECTOR('',#4006,1.);
#4006 = DIRECTION('',(-1.,0.));
#4007 = ( GEOMETRIC_REPRESENTATION_CONTEXT(2) 
PARAMETRIC_REPRESENTATION_CONTEXT() REPRESENTATION_CONTEXT('2D SPACE',''
  ) );
#4008 = PCURVE('',#266,#4009);
#4009 = DEFINITIONAL_REPRESENTATION('',(#4010),#4014);
#4010 = CIRCLE('',#4011,2.5);
#4011 = AXIS2_PLACEMENT_2D('',#4012,#4013);
#4012 = CARTESIAN_POINT('',(1.7763568394E-15,-3.552713678801E-15));
#4013 = DIRECTION('',(1.,0.));
#4014 = ( GEOMETRIC_REPRESENTATION_CONTEXT(2) 
PARAMETRIC_REPRESENTATION_CONTEXT() REPRESENTATION_CONTEXT('2D SPACE',''
  ) );
#4015 = ORIENTED_EDGE('',*,*,#282,.T.);
#4016 = ORIENTED_EDGE('',*,*,#3429,.F.);
#4017 = ORIENTED_EDGE('',*,*,#208,.T.);
#4018 = ORIENTED_EDGE('',*,*,#4019,.T.);
#4019 = EDGE_CURVE('',#209,#3972,#4020,.T.);
#4020 = SURFACE_CURVE('',#4021,(#4026,#4033),.PCURVE_S1.);
#4021 = CIRCLE('',#4022,2.5);
#4022 = AXIS2_PLACEMENT_3D('',#4023,#4024,#4025);
#4023 = CARTESIAN_POINT('',(16.,-17.,-104.2));
#4024 = DIRECTION('',(0.,0.,1.));
#4025 = DIRECTION('',(1.,0.,0.));
#4026 = PCURVE('',#228,#4027);
#4027 = DEFINITIONAL_REPRESENTATION('',(#4028),#4032);
#4028 = LINE('',#4029,#4030);
#4029 = CARTESIAN_POINT('',(-0.,-4.2));
#4030 = VECTOR('',#4031,1.);
#4031 = DIRECTION('',(-1.,0.));
#4032 = ( GEOMETRIC_REPRESENTATION_CONTEXT(2) 
PARAMETRIC_REPRESENTATION_CONTEXT() REPRESENTATION_CONTEXT('2D SPACE',''
  ) );
#4033 = PCURVE('',#266,#4034);
#4034 = DEFINITIONAL_REPRESENTATION('',(#4035),#4039);
#4035 = CIRCLE('',#4036,2.5);
#4036 = AXIS2_PLACEMENT_2D('',#4037,#4038);
#4037 = CARTESIAN_POINT('',(1.7763568394E-15,-3.552713678801E-15));
#4038 = DIRECTION('',(1.,0.));
#4039 = ( GEOMETRIC_REPRESENTATION_CONTEXT(2) 
PARAMETRIC_REPRESENTATION_CONTEXT() REPRESENTATION_CONTEXT('2D SPACE',''
  ) );
#4040 = ORIENTED_EDGE('',*,*,#3971,.F.);
#4041 = ADVANCED_FACE('',(#4042),#266,.T.);
#4042 = FACE_BOUND('',#4043,.T.);
#4043 = EDGE_LOOP('',(#4044,#4045,#4046));
#4044 = ORIENTED_EDGE('',*,*,#4019,.T.);
#4045 = ORIENTED_EDGE('',*,*,#3994,.T.);
#4046 = ORIENTED_EDGE('',*,*,#242,.T.);
#4047 = ADVANCED_FACE('',(#4048),#1487,.T.);
#4048 = FACE_BOUND('',#4049,.T.);
#4049 = EDGE_LOOP('',(#4050,#4051,#4052,#4053));
#4050 = ORIENTED_EDGE('',*,*,#1683,.T.);
#4051 = ORIENTED_EDGE('',*,*,#1303,.T.);
#4052 = ORIENTED_EDGE('',*,*,#1970,.T.);
#4053 = ORIENTED_EDGE('',*,*,#1715,.F.);
#4054 = ADVANCED_FACE('',(#4055),#2022,.T.);
#4055 = FACE_BOUND('',#4056,.T.);
#4056 = EDGE_LOOP('',(#4057,#4058,#4059,#4060));
#4057 = ORIENTED_EDGE('',*,*,#2137,.F.);
#4058 = ORIENTED_EDGE('',*,*,#1999,.T.);
#4059 = ORIENTED_EDGE('',*,*,#2436,.T.);
#4060 = ORIENTED_EDGE('',*,*,#2407,.T.);
#4061 = ADVANCED_FACE('',(#4062),#2726,.F.);
#4062 = FACE_BOUND('',#4063,.F.);
#4063 = EDGE_LOOP('',(#4064,#4087,#4114,#4115));
#4064 = ORIENTED_EDGE('',*,*,#4065,.T.);
#4065 = EDGE_CURVE('',#2710,#4066,#4068,.T.);
#4066 = VERTEX_POINT('',#4067);
#4067 = CARTESIAN_POINT('',(44.,0.,7.));
#4068 = SEAM_CURVE('',#4069,(#4073,#4080),.PCURVE_S1.);
#4069 = LINE('',#4070,#4071);
#4070 = CARTESIAN_POINT('',(44.,0.,4.));
#4071 = VECTOR('',#4072,1.);
#4072 = DIRECTION('',(0.,0.,1.));
#4073 = PCURVE('',#2726,#4074);
#4074 = DEFINITIONAL_REPRESENTATION('',(#4075),#4079);
#4075 = LINE('',#4076,#4077);
#4076 = CARTESIAN_POINT('',(0.,0.));
#4077 = VECTOR('',#4078,1.);
#4078 = DIRECTION('',(0.,-1.));
#4079 = ( GEOMETRIC_REPRESENTATION_CONTEXT(2) 
PARAMETRIC_REPRESENTATION_CONTEXT() REPRESENTATION_CONTEXT('2D SPACE',''
  ) );
#4080 = PCURVE('',#2726,#4081);
#4081 = DEFINITIONAL_REPRESENTATION('',(#4082),#4086);
#4082 = LINE('',#4083,#4084);
#4083 = CARTESIAN_POINT('',(6.28318530718,0.));
#4084 = VECTOR('',#4085,1.);
#4085 = DIRECTION('',(0.,-1.));
#4086 = ( GEOMETRIC_REPRESENTATION_CONTEXT(2) 
PARAMETRIC_REPRESENTATION_CONTEXT() REPRESENTATION_CONTEXT('2D SPACE',''
  ) );
#4087 = ORIENTED_EDGE('',*,*,#4088,.T.);
#4088 = EDGE_CURVE('',#4066,#4066,#4089,.T.);
#4089 = SURFACE_CURVE('',#4090,(#4095,#4102),.PCURVE_S1.);
#4090 = ELLIPSE('',#4091,44.,35.);
#4091 = AXIS2_PLACEMENT_3D('',#4092,#4093,#4094);
#4092 = CARTESIAN_POINT('',(0.,0.,7.));
#4093 = DIRECTION('',(0.,0.,1.));
#4094 = DIRECTION('',(1.,0.,0.));
#4095 = PCURVE('',#2726,#4096);
#4096 = DEFINITIONAL_REPRESENTATION('',(#4097),#4101);
#4097 = LINE('',#4098,#4099);
#4098 = CARTESIAN_POINT('',(0.,-3.));
#4099 = VECTOR('',#4100,1.);
#4100 = DIRECTION('',(1.,0.));
#4101 = ( GEOMETRIC_REPRESENTATION_CONTEXT(2) 
PARAMETRIC_REPRESENTATION_CONTEXT() REPRESENTATION_CONTEXT('2D SPACE',''
  ) );
#4102 = PCURVE('',#4103,#4108);
#4103 = PLANE('',#4104);
#4104 = AXIS2_PLACEMENT_3D('',#4105,#4106,#4107);
#4105 = CARTESIAN_POINT('',(1.282929419417,-4.076557804336E-16,7.));
#4106 = DIRECTION('',(0.,0.,1.));
#4107 = DIRECTION('',(1.,0.,-0.));
#4108 = DEFINITIONAL_REPRESENTATION('',(#4109),#4113);
#4109 = ELLIPSE('',#4110,44.,35.);
#4110 = AXIS2_PLACEMENT_2D('',#4111,#4112);
#4111 = CARTESIAN_POINT('',(-1.282929419417,4.076557804336E-16));
#4112 = DIRECTION('',(1.,0.));
#4113 = ( GEOMETRIC_REPRESENTATION_CONTEXT(2) 
PARAMETRIC_REPRESENTATION_CONTEXT() REPRESENTATION_CONTEXT('2D SPACE',''
  ) );
#4114 = ORIENTED_EDGE('',*,*,#4065,.F.);
#4115 = ORIENTED_EDGE('',*,*,#2709,.F.);
#4116 = ADVANCED_FACE('',(#4117),#2761,.T.);
#4117 = FACE_BOUND('',#4118,.T.);
#4118 = EDGE_LOOP('',(#4119,#4142,#4170,#4191));
#4119 = ORIENTED_EDGE('',*,*,#4120,.T.);
#4120 = EDGE_CURVE('',#2744,#4121,#4123,.T.);
#4121 = VERTEX_POINT('',#4122);
#4122 = CARTESIAN_POINT('',(-28.65,-19.,6.6));
#4123 = SURFACE_CURVE('',#4124,(#4128,#4135),.PCURVE_S1.);
#4124 = LINE('',#4125,#4126);
#4125 = CARTESIAN_POINT('',(-28.65,-19.,4.));
#4126 = VECTOR('',#4127,1.);
#4127 = DIRECTION('',(0.,0.,1.));
#4128 = PCURVE('',#2761,#4129);
#4129 = DEFINITIONAL_REPRESENTATION('',(#4130),#4134);
#4130 = LINE('',#4131,#4132);
#4131 = CARTESIAN_POINT('',(0.,0.));
#4132 = VECTOR('',#4133,1.);
#4133 = DIRECTION('',(0.,-1.));
#4134 = ( GEOMETRIC_REPRESENTATION_CONTEXT(2) 
PARAMETRIC_REPRESENTATION_CONTEXT() REPRESENTATION_CONTEXT('2D SPACE',''
  ) );
#4135 = PCURVE('',#2789,#4136);
#4136 = DEFINITIONAL_REPRESENTATION('',(#4137),#4141);
#4137 = LINE('',#4138,#4139);
#4138 = CARTESIAN_POINT('',(3.35,0.));
#4139 = VECTOR('',#4140,1.);
#4140 = DIRECTION('',(0.,-1.));
#4141 = ( GEOMETRIC_REPRESENTATION_CONTEXT(2) 
PARAMETRIC_REPRESENTATION_CONTEXT() REPRESENTATION_CONTEXT('2D SPACE',''
  ) );
#4142 = ORIENTED_EDGE('',*,*,#4143,.T.);
#4143 = EDGE_CURVE('',#4121,#4144,#4146,.T.);
#4144 = VERTEX_POINT('',#4145);
#4145 = CARTESIAN_POINT('',(-30.325,-16.09881489732,6.6));
#4146 = SURFACE_CURVE('',#4147,(#4151,#4158),.PCURVE_S1.);
#4147 = LINE('',#4148,#4149);
#4148 = CARTESIAN_POINT('',(-28.65,-19.,6.6));
#4149 = VECTOR('',#4150,1.);
#4150 = DIRECTION('',(-0.5,0.866025403784,0.));
#4151 = PCURVE('',#2761,#4152);
#4152 = DEFINITIONAL_REPRESENTATION('',(#4153),#4157);
#4153 = LINE('',#4154,#4155);
#4154 = CARTESIAN_POINT('',(0.,-2.6));
#4155 = VECTOR('',#4156,1.);
#4156 = DIRECTION('',(1.,0.));
#4157 = ( GEOMETRIC_REPRESENTATION_CONTEXT(2) 
PARAMETRIC_REPRESENTATION_CONTEXT() REPRESENTATION_CONTEXT('2D SPACE',''
  ) );
#4158 = PCURVE('',#4159,#4164);
#4159 = PLANE('',#4160);
#4160 = AXIS2_PLACEMENT_3D('',#4161,#4162,#4163);
#4161 = CARTESIAN_POINT('',(-32.,-19.,6.6));
#4162 = DIRECTION('',(0.,0.,1.));
#4163 = DIRECTION('',(1.,0.,-0.));
#4164 = DEFINITIONAL_REPRESENTATION('',(#4165),#4169);
#4165 = LINE('',#4166,#4167);
#4166 = CARTESIAN_POINT('',(3.35,3.552713678801E-15));
#4167 = VECTOR('',#4168,1.);
#4168 = DIRECTION('',(-0.5,0.866025403784));
#4169 = ( GEOMETRIC_REPRESENTATION_CONTEXT(2) 
PARAMETRIC_REPRESENTATION_CONTEXT() REPRESENTATION_CONTEXT('2D SPACE',''
  ) );
#4170 = ORIENTED_EDGE('',*,*,#4171,.F.);
#4171 = EDGE_CURVE('',#2746,#4144,#4172,.T.);
#4172 = SURFACE_CURVE('',#4173,(#4177,#4184),.PCURVE_S1.);
#4173 = LINE('',#4174,#4175);
#4174 = CARTESIAN_POINT('',(-30.325,-16.09881489732,4.));
#4175 = VECTOR('',#4176,1.);
#4176 = DIRECTION('',(0.,0.,1.));
#4177 = PCURVE('',#2761,#4178);
#4178 = DEFINITIONAL_REPRESENTATION('',(#4179),#4183);
#4179 = LINE('',#4180,#4181);
#4180 = CARTESIAN_POINT('',(3.35,0.));
#4181 = VECTOR('',#4182,1.);
#4182 = DIRECTION('',(0.,-1.));
#4183 = ( GEOMETRIC_REPRESENTATION_CONTEXT(2) 
PARAMETRIC_REPRESENTATION_CONTEXT() REPRESENTATION_CONTEXT('2D SPACE',''
  ) );
#4184 = PCURVE('',#2899,#4185);
#4185 = DEFINITIONAL_REPRESENTATION('',(#4186),#4190);
#4186 = LINE('',#4187,#4188);
#4187 = CARTESIAN_POINT('',(0.,0.));
#4188 = VECTOR('',#4189,1.);
#4189 = DIRECTION('',(0.,-1.));
#4190 = ( GEOMETRIC_REPRESENTATION_CONTEXT(2) 
PARAMETRIC_REPRESENTATION_CONTEXT() REPRESENTATION_CONTEXT('2D SPACE',''
  ) );
#4191 = ORIENTED_EDGE('',*,*,#2743,.F.);
#4192 = ADVANCED_FACE('',(#4193),#2899,.T.);
#4193 = FACE_BOUND('',#4194,.T.);
#4194 = EDGE_LOOP('',(#4195,#4196,#4219,#4240));
#4195 = ORIENTED_EDGE('',*,*,#4171,.T.);
#4196 = ORIENTED_EDGE('',*,*,#4197,.T.);
#4197 = EDGE_CURVE('',#4144,#4198,#4200,.T.);
#4198 = VERTEX_POINT('',#4199);
#4199 = CARTESIAN_POINT('',(-33.675,-16.09881489732,6.6));
#4200 = SURFACE_CURVE('',#4201,(#4205,#4212),.PCURVE_S1.);
#4201 = LINE('',#4202,#4203);
#4202 = CARTESIAN_POINT('',(-30.325,-16.09881489732,6.6));
#4203 = VECTOR('',#4204,1.);
#4204 = DIRECTION('',(-1.,1.325639432388E-16,0.));
#4205 = PCURVE('',#2899,#4206);
#4206 = DEFINITIONAL_REPRESENTATION('',(#4207),#4211);
#4207 = LINE('',#4208,#4209);
#4208 = CARTESIAN_POINT('',(0.,-2.6));
#4209 = VECTOR('',#4210,1.);
#4210 = DIRECTION('',(1.,0.));
#4211 = ( GEOMETRIC_REPRESENTATION_CONTEXT(2) 
PARAMETRIC_REPRESENTATION_CONTEXT() REPRESENTATION_CONTEXT('2D SPACE',''
  ) );
#4212 = PCURVE('',#4159,#4213);
#4213 = DEFINITIONAL_REPRESENTATION('',(#4214),#4218);
#4214 = LINE('',#4215,#4216);
#4215 = CARTESIAN_POINT('',(1.675,2.901185102678));
#4216 = VECTOR('',#4217,1.);
#4217 = DIRECTION('',(-1.,1.325639432388E-16));
#4218 = ( GEOMETRIC_REPRESENTATION_CONTEXT(2) 
PARAMETRIC_REPRESENTATION_CONTEXT() REPRESENTATION_CONTEXT('2D SPACE',''
  ) );
#4219 = ORIENTED_EDGE('',*,*,#4220,.F.);
#4220 = EDGE_CURVE('',#2858,#4198,#4221,.T.);
#4221 = SURFACE_CURVE('',#4222,(#4226,#4233),.PCURVE_S1.);
#4222 = LINE('',#4223,#4224);
#4223 = CARTESIAN_POINT('',(-33.675,-16.09881489732,4.));
#4224 = VECTOR('',#4225,1.);
#4225 = DIRECTION('',(0.,0.,1.));
#4226 = PCURVE('',#2899,#4227);
#4227 = DEFINITIONAL_REPRESENTATION('',(#4228),#4232);
#4228 = LINE('',#4229,#4230);
#4229 = CARTESIAN_POINT('',(3.35,0.));
#4230 = VECTOR('',#4231,1.);
#4231 = DIRECTION('',(0.,-1.));
#4232 = ( GEOMETRIC_REPRESENTATION_CONTEXT(2) 
PARAMETRIC_REPRESENTATION_CONTEXT() REPRESENTATION_CONTEXT('2D SPACE',''
  ) );
#4233 = PCURVE('',#2873,#4234);
#4234 = DEFINITIONAL_REPRESENTATION('',(#4235),#4239);
#4235 = LINE('',#4236,#4237);
#4236 = CARTESIAN_POINT('',(0.,0.));
#4237 = VECTOR('',#4238,1.);
#4238 = DIRECTION('',(0.,-1.));
#4239 = ( GEOMETRIC_REPRESENTATION_CONTEXT(2) 
PARAMETRIC_REPRESENTATION_CONTEXT() REPRESENTATION_CONTEXT('2D SPACE',''
  ) );
#4240 = ORIENTED_EDGE('',*,*,#2885,.F.);
#4241 = ADVANCED_FACE('',(#4242),#2873,.T.);
#4242 = FACE_BOUND('',#4243,.T.);
#4243 = EDGE_LOOP('',(#4244,#4245,#4268,#4289));
#4244 = ORIENTED_EDGE('',*,*,#4220,.T.);
#4245 = ORIENTED_EDGE('',*,*,#4246,.T.);
#4246 = EDGE_CURVE('',#4198,#4247,#4249,.T.);
#4247 = VERTEX_POINT('',#4248);
#4248 = CARTESIAN_POINT('',(-35.35,-19.,6.6));
#4249 = SURFACE_CURVE('',#4250,(#4254,#4261),.PCURVE_S1.);
#4250 = LINE('',#4251,#4252);
#4251 = CARTESIAN_POINT('',(-33.675,-16.09881489732,6.6));
#4252 = VECTOR('',#4253,1.);
#4253 = DIRECTION('',(-0.5,-0.866025403784,0.));
#4254 = PCURVE('',#2873,#4255);
#4255 = DEFINITIONAL_REPRESENTATION('',(#4256),#4260);
#4256 = LINE('',#4257,#4258);
#4257 = CARTESIAN_POINT('',(0.,-2.6));
#4258 = VECTOR('',#4259,1.);
#4259 = DIRECTION('',(1.,0.));
#4260 = ( GEOMETRIC_REPRESENTATION_CONTEXT(2) 
PARAMETRIC_REPRESENTATION_CONTEXT() REPRESENTATION_CONTEXT('2D SPACE',''
  ) );
#4261 = PCURVE('',#4159,#4262);
#4262 = DEFINITIONAL_REPRESENTATION('',(#4263),#4267);
#4263 = LINE('',#4264,#4265);
#4264 = CARTESIAN_POINT('',(-1.675,2.901185102678));
#4265 = VECTOR('',#4266,1.);
#4266 = DIRECTION('',(-0.5,-0.866025403784));
#4267 = ( GEOMETRIC_REPRESENTATION_CONTEXT(2) 
PARAMETRIC_REPRESENTATION_CONTEXT() REPRESENTATION_CONTEXT('2D SPACE',''
  ) );
#4268 = ORIENTED_EDGE('',*,*,#4269,.F.);
#4269 = EDGE_CURVE('',#2830,#4247,#4270,.T.);
#4270 = SURFACE_CURVE('',#4271,(#4275,#4282),.PCURVE_S1.);
#4271 = LINE('',#4272,#4273);
#4272 = CARTESIAN_POINT('',(-35.35,-19.,4.));
#4273 = VECTOR('',#4274,1.);
#4274 = DIRECTION('',(0.,0.,1.));
#4275 = PCURVE('',#2873,#4276);
#4276 = DEFINITIONAL_REPRESENTATION('',(#4277),#4281);
#4277 = LINE('',#4278,#4279);
#4278 = CARTESIAN_POINT('',(3.35,0.));
#4279 = VECTOR('',#4280,1.);
#4280 = DIRECTION('',(0.,-1.));
#4281 = ( GEOMETRIC_REPRESENTATION_CONTEXT(2) 
PARAMETRIC_REPRESENTATION_CONTEXT() REPRESENTATION_CONTEXT('2D SPACE',''
  ) );
#4282 = PCURVE('',#2845,#4283);
#4283 = DEFINITIONAL_REPRESENTATION('',(#4284),#4288);
#4284 = LINE('',#4285,#4286);
#4285 = CARTESIAN_POINT('',(0.,0.));
#4286 = VECTOR('',#4287,1.);
#4287 = DIRECTION('',(0.,-1.));
#4288 = ( GEOMETRIC_REPRESENTATION_CONTEXT(2) 
PARAMETRIC_REPRESENTATION_CONTEXT() REPRESENTATION_CONTEXT('2D SPACE',''
  ) );
#4289 = ORIENTED_EDGE('',*,*,#2857,.F.);
#4290 = ADVANCED_FACE('',(#4291),#2845,.T.);
#4291 = FACE_BOUND('',#4292,.T.);
#4292 = EDGE_LOOP('',(#4293,#4294,#4317,#4338));
#4293 = ORIENTED_EDGE('',*,*,#4269,.T.);
#4294 = ORIENTED_EDGE('',*,*,#4295,.T.);
#4295 = EDGE_CURVE('',#4247,#4296,#4298,.T.);
#4296 = VERTEX_POINT('',#4297);
#4297 = CARTESIAN_POINT('',(-33.675,-21.90118510267,6.6));
#4298 = SURFACE_CURVE('',#4299,(#4303,#4310),.PCURVE_S1.);
#4299 = LINE('',#4300,#4301);
#4300 = CARTESIAN_POINT('',(-35.35,-19.,6.6));
#4301 = VECTOR('',#4302,1.);
#4302 = DIRECTION('',(0.5,-0.866025403784,0.));
#4303 = PCURVE('',#2845,#4304);
#4304 = DEFINITIONAL_REPRESENTATION('',(#4305),#4309);
#4305 = LINE('',#4306,#4307);
#4306 = CARTESIAN_POINT('',(0.,-2.6));
#4307 = VECTOR('',#4308,1.);
#4308 = DIRECTION('',(1.,0.));
#4309 = ( GEOMETRIC_REPRESENTATION_CONTEXT(2) 
PARAMETRIC_REPRESENTATION_CONTEXT() REPRESENTATION_CONTEXT('2D SPACE',''
  ) );
#4310 = PCURVE('',#4159,#4311);
#4311 = DEFINITIONAL_REPRESENTATION('',(#4312),#4316);
#4312 = LINE('',#4313,#4314);
#4313 = CARTESIAN_POINT('',(-3.35,3.552713678801E-15));
#4314 = VECTOR('',#4315,1.);
#4315 = DIRECTION('',(0.5,-0.866025403784));
#4316 = ( GEOMETRIC_REPRESENTATION_CONTEXT(2) 
PARAMETRIC_REPRESENTATION_CONTEXT() REPRESENTATION_CONTEXT('2D SPACE',''
  ) );
#4317 = ORIENTED_EDGE('',*,*,#4318,.F.);
#4318 = EDGE_CURVE('',#2802,#4296,#4319,.T.);
#4319 = SURFACE_CURVE('',#4320,(#4324,#4331),.PCURVE_S1.);
#4320 = LINE('',#4321,#4322);
#4321 = CARTESIAN_POINT('',(-33.675,-21.90118510267,4.));
#4322 = VECTOR('',#4323,1.);
#4323 = DIRECTION('',(0.,0.,1.));
#4324 = PCURVE('',#2845,#4325);
#4325 = DEFINITIONAL_REPRESENTATION('',(#4326),#4330);
#4326 = LINE('',#4327,#4328);
#4327 = CARTESIAN_POINT('',(3.35,0.));
#4328 = VECTOR('',#4329,1.);
#4329 = DIRECTION('',(0.,-1.));
#4330 = ( GEOMETRIC_REPRESENTATION_CONTEXT(2) 
PARAMETRIC_REPRESENTATION_CONTEXT() REPRESENTATION_CONTEXT('2D SPACE',''
  ) );
#4331 = PCURVE('',#2817,#4332);
#4332 = DEFINITIONAL_REPRESENTATION('',(#4333),#4337);
#4333 = LINE('',#4334,#4335);
#4334 = CARTESIAN_POINT('',(0.,0.));
#4335 = VECTOR('',#4336,1.);
#4336 = DIRECTION('',(0.,-1.));
#4337 = ( GEOMETRIC_REPRESENTATION_CONTEXT(2) 
PARAMETRIC_REPRESENTATION_CONTEXT() REPRESENTATION_CONTEXT('2D SPACE',''
  ) );
#4338 = ORIENTED_EDGE('',*,*,#2829,.F.);
#4339 = ADVANCED_FACE('',(#4340),#2817,.T.);
#4340 = FACE_BOUND('',#4341,.T.);
#4341 = EDGE_LOOP('',(#4342,#4343,#4366,#4387));
#4342 = ORIENTED_EDGE('',*,*,#4318,.T.);
#4343 = ORIENTED_EDGE('',*,*,#4344,.T.);
#4344 = EDGE_CURVE('',#4296,#4345,#4347,.T.);
#4345 = VERTEX_POINT('',#4346);
#4346 = CARTESIAN_POINT('',(-30.325,-21.90118510267,6.6));
#4347 = SURFACE_CURVE('',#4348,(#4352,#4359),.PCURVE_S1.);
#4348 = LINE('',#4349,#4350);
#4349 = CARTESIAN_POINT('',(-33.675,-21.90118510267,6.6));
#4350 = VECTOR('',#4351,1.);
#4351 = DIRECTION('',(1.,-6.628197161941E-16,0.));
#4352 = PCURVE('',#2817,#4353);
#4353 = DEFINITIONAL_REPRESENTATION('',(#4354),#4358);
#4354 = LINE('',#4355,#4356);
#4355 = CARTESIAN_POINT('',(0.,-2.6));
#4356 = VECTOR('',#4357,1.);
#4357 = DIRECTION('',(1.,0.));
#4358 = ( GEOMETRIC_REPRESENTATION_CONTEXT(2) 
PARAMETRIC_REPRESENTATION_CONTEXT() REPRESENTATION_CONTEXT('2D SPACE',''
  ) );
#4359 = PCURVE('',#4159,#4360);
#4360 = DEFINITIONAL_REPRESENTATION('',(#4361),#4365);
#4361 = LINE('',#4362,#4363);
#4362 = CARTESIAN_POINT('',(-1.675,-2.901185102678));
#4363 = VECTOR('',#4364,1.);
#4364 = DIRECTION('',(1.,-6.628197161941E-16));
#4365 = ( GEOMETRIC_REPRESENTATION_CONTEXT(2) 
PARAMETRIC_REPRESENTATION_CONTEXT() REPRESENTATION_CONTEXT('2D SPACE',''
  ) );
#4366 = ORIENTED_EDGE('',*,*,#4367,.F.);
#4367 = EDGE_CURVE('',#2774,#4345,#4368,.T.);
#4368 = SURFACE_CURVE('',#4369,(#4373,#4380),.PCURVE_S1.);
#4369 = LINE('',#4370,#4371);
#4370 = CARTESIAN_POINT('',(-30.325,-21.90118510267,4.));
#4371 = VECTOR('',#4372,1.);
#4372 = DIRECTION('',(0.,0.,1.));
#4373 = PCURVE('',#2817,#4374);
#4374 = DEFINITIONAL_REPRESENTATION('',(#4375),#4379);
#4375 = LINE('',#4376,#4377);
#4376 = CARTESIAN_POINT('',(3.35,0.));
#4377 = VECTOR('',#4378,1.);
#4378 = DIRECTION('',(0.,-1.));
#4379 = ( GEOMETRIC_REPRESENTATION_CONTEXT(2) 
PARAMETRIC_REPRESENTATION_CONTEXT() REPRESENTATION_CONTEXT('2D SPACE',''
  ) );
#4380 = PCURVE('',#2789,#4381);
#4381 = DEFINITIONAL_REPRESENTATION('',(#4382),#4386);
#4382 = LINE('',#4383,#4384);
#4383 = CARTESIAN_POINT('',(0.,0.));
#4384 = VECTOR('',#4385,1.);
#4385 = DIRECTION('',(0.,-1.));
#4386 = ( GEOMETRIC_REPRESENTATION_CONTEXT(2) 
PARAMETRIC_REPRESENTATION_CONTEXT() REPRESENTATION_CONTEXT('2D SPACE',''
  ) );
#4387 = ORIENTED_EDGE('',*,*,#2801,.F.);
#4388 = ADVANCED_FACE('',(#4389),#2789,.T.);
#4389 = FACE_BOUND('',#4390,.T.);
#4390 = EDGE_LOOP('',(#4391,#4392,#4413,#4414));
#4391 = ORIENTED_EDGE('',*,*,#4367,.T.);
#4392 = ORIENTED_EDGE('',*,*,#4393,.T.);
#4393 = EDGE_CURVE('',#4345,#4121,#4394,.T.);
#4394 = SURFACE_CURVE('',#4395,(#4399,#4406),.PCURVE_S1.);
#4395 = LINE('',#4396,#4397);
#4396 = CARTESIAN_POINT('',(-30.325,-21.90118510267,6.6));
#4397 = VECTOR('',#4398,1.);
#4398 = DIRECTION('',(0.5,0.866025403784,0.));
#4399 = PCURVE('',#2789,#4400);
#4400 = DEFINITIONAL_REPRESENTATION('',(#4401),#4405);
#4401 = LINE('',#4402,#4403);
#4402 = CARTESIAN_POINT('',(0.,-2.6));
#4403 = VECTOR('',#4404,1.);
#4404 = DIRECTION('',(1.,0.));
#4405 = ( GEOMETRIC_REPRESENTATION_CONTEXT(2) 
PARAMETRIC_REPRESENTATION_CONTEXT() REPRESENTATION_CONTEXT('2D SPACE',''
  ) );
#4406 = PCURVE('',#4159,#4407);
#4407 = DEFINITIONAL_REPRESENTATION('',(#4408),#4412);
#4408 = LINE('',#4409,#4410);
#4409 = CARTESIAN_POINT('',(1.675,-2.901185102678));
#4410 = VECTOR('',#4411,1.);
#4411 = DIRECTION('',(0.5,0.866025403784));
#4412 = ( GEOMETRIC_REPRESENTATION_CONTEXT(2) 
PARAMETRIC_REPRESENTATION_CONTEXT() REPRESENTATION_CONTEXT('2D SPACE',''
  ) );
#4413 = ORIENTED_EDGE('',*,*,#4120,.F.);
#4414 = ORIENTED_EDGE('',*,*,#2773,.F.);
#4415 = ADVANCED_FACE('',(#4416),#2931,.T.);
#4416 = FACE_BOUND('',#4417,.T.);
#4417 = EDGE_LOOP('',(#4418,#4441,#4469,#4490));
#4418 = ORIENTED_EDGE('',*,*,#4419,.T.);
#4419 = EDGE_CURVE('',#2914,#4420,#4422,.T.);
#4420 = VERTEX_POINT('',#4421);
#4421 = CARTESIAN_POINT('',(35.35,-19.,6.6));
#4422 = SURFACE_CURVE('',#4423,(#4427,#4434),.PCURVE_S1.);
#4423 = LINE('',#4424,#4425);
#4424 = CARTESIAN_POINT('',(35.35,-19.,4.));
#4425 = VECTOR('',#4426,1.);
#4426 = DIRECTION('',(0.,0.,1.));
#4427 = PCURVE('',#2931,#4428);
#4428 = DEFINITIONAL_REPRESENTATION('',(#4429),#4433);
#4429 = LINE('',#4430,#4431);
#4430 = CARTESIAN_POINT('',(0.,0.));
#4431 = VECTOR('',#4432,1.);
#4432 = DIRECTION('',(0.,-1.));
#4433 = ( GEOMETRIC_REPRESENTATION_CONTEXT(2) 
PARAMETRIC_REPRESENTATION_CONTEXT() REPRESENTATION_CONTEXT('2D SPACE',''
  ) );
#4434 = PCURVE('',#2959,#4435);
#4435 = DEFINITIONAL_REPRESENTATION('',(#4436),#4440);
#4436 = LINE('',#4437,#4438);
#4437 = CARTESIAN_POINT('',(3.35,0.));
#4438 = VECTOR('',#4439,1.);
#4439 = DIRECTION('',(0.,-1.));
#4440 = ( GEOMETRIC_REPRESENTATION_CONTEXT(2) 
PARAMETRIC_REPRESENTATION_CONTEXT() REPRESENTATION_CONTEXT('2D SPACE',''
  ) );
#4441 = ORIENTED_EDGE('',*,*,#4442,.T.);
#4442 = EDGE_CURVE('',#4420,#4443,#4445,.T.);
#4443 = VERTEX_POINT('',#4444);
#4444 = CARTESIAN_POINT('',(33.675,-16.09881489732,6.6));
#4445 = SURFACE_CURVE('',#4446,(#4450,#4457),.PCURVE_S1.);
#4446 = LINE('',#4447,#4448);
#4447 = CARTESIAN_POINT('',(35.35,-19.,6.6));
#4448 = VECTOR('',#4449,1.);
#4449 = DIRECTION('',(-0.5,0.866025403784,0.));
#4450 = PCURVE('',#2931,#4451);
#4451 = DEFINITIONAL_REPRESENTATION('',(#4452),#4456);
#4452 = LINE('',#4453,#4454);
#4453 = CARTESIAN_POINT('',(0.,-2.6));
#4454 = VECTOR('',#4455,1.);
#4455 = DIRECTION('',(1.,0.));
#4456 = ( GEOMETRIC_REPRESENTATION_CONTEXT(2) 
PARAMETRIC_REPRESENTATION_CONTEXT() REPRESENTATION_CONTEXT('2D SPACE',''
  ) );
#4457 = PCURVE('',#4458,#4463);
#4458 = PLANE('',#4459);
#4459 = AXIS2_PLACEMENT_3D('',#4460,#4461,#4462);
#4460 = CARTESIAN_POINT('',(32.,-19.,6.6));
#4461 = DIRECTION('',(0.,0.,1.));
#4462 = DIRECTION('',(1.,0.,-0.));
#4463 = DEFINITIONAL_REPRESENTATION('',(#4464),#4468);
#4464 = LINE('',#4465,#4466);
#4465 = CARTESIAN_POINT('',(3.35,0.));
#4466 = VECTOR('',#4467,1.);
#4467 = DIRECTION('',(-0.5,0.866025403784));
#4468 = ( GEOMETRIC_REPRESENTATION_CONTEXT(2) 
PARAMETRIC_REPRESENTATION_CONTEXT() REPRESENTATION_CONTEXT('2D SPACE',''
  ) );
#4469 = ORIENTED_EDGE('',*,*,#4470,.F.);
#4470 = EDGE_CURVE('',#2916,#4443,#4471,.T.);
#4471 = SURFACE_CURVE('',#4472,(#4476,#4483),.PCURVE_S1.);
#4472 = LINE('',#4473,#4474);
#4473 = CARTESIAN_POINT('',(33.675,-16.09881489732,4.));
#4474 = VECTOR('',#4475,1.);
#4475 = DIRECTION('',(0.,0.,1.));
#4476 = PCURVE('',#2931,#4477);
#4477 = DEFINITIONAL_REPRESENTATION('',(#4478),#4482);
#4478 = LINE('',#4479,#4480);
#4479 = CARTESIAN_POINT('',(3.35,0.));
#4480 = VECTOR('',#4481,1.);
#4481 = DIRECTION('',(0.,-1.));
#4482 = ( GEOMETRIC_REPRESENTATION_CONTEXT(2) 
PARAMETRIC_REPRESENTATION_CONTEXT() REPRESENTATION_CONTEXT('2D SPACE',''
  ) );
#4483 = PCURVE('',#3069,#4484);
#4484 = DEFINITIONAL_REPRESENTATION('',(#4485),#4489);
#4485 = LINE('',#4486,#4487);
#4486 = CARTESIAN_POINT('',(0.,0.));
#4487 = VECTOR('',#4488,1.);
#4488 = DIRECTION('',(0.,-1.));
#4489 = ( GEOMETRIC_REPRESENTATION_CONTEXT(2) 
PARAMETRIC_REPRESENTATION_CONTEXT() REPRESENTATION_CONTEXT('2D SPACE',''
  ) );
#4490 = ORIENTED_EDGE('',*,*,#2913,.F.);
#4491 = ADVANCED_FACE('',(#4492),#3069,.T.);
#4492 = FACE_BOUND('',#4493,.T.);
#4493 = EDGE_LOOP('',(#4494,#4495,#4518,#4539));
#4494 = ORIENTED_EDGE('',*,*,#4470,.T.);
#4495 = ORIENTED_EDGE('',*,*,#4496,.T.);
#4496 = EDGE_CURVE('',#4443,#4497,#4499,.T.);
#4497 = VERTEX_POINT('',#4498);
#4498 = CARTESIAN_POINT('',(30.325,-16.09881489732,6.6));
#4499 = SURFACE_CURVE('',#4500,(#4504,#4511),.PCURVE_S1.);
#4500 = LINE('',#4501,#4502);
#4501 = CARTESIAN_POINT('',(33.675,-16.09881489732,6.6));
#4502 = VECTOR('',#4503,1.);
#4503 = DIRECTION('',(-1.,1.325639432388E-16,0.));
#4504 = PCURVE('',#3069,#4505);
#4505 = DEFINITIONAL_REPRESENTATION('',(#4506),#4510);
#4506 = LINE('',#4507,#4508);
#4507 = CARTESIAN_POINT('',(0.,-2.6));
#4508 = VECTOR('',#4509,1.);
#4509 = DIRECTION('',(1.,0.));
#4510 = ( GEOMETRIC_REPRESENTATION_CONTEXT(2) 
PARAMETRIC_REPRESENTATION_CONTEXT() REPRESENTATION_CONTEXT('2D SPACE',''
  ) );
#4511 = PCURVE('',#4458,#4512);
#4512 = DEFINITIONAL_REPRESENTATION('',(#4513),#4517);
#4513 = LINE('',#4514,#4515);
#4514 = CARTESIAN_POINT('',(1.675,2.901185102678));
#4515 = VECTOR('',#4516,1.);
#4516 = DIRECTION('',(-1.,1.325639432388E-16));
#4517 = ( GEOMETRIC_REPRESENTATION_CONTEXT(2) 
PARAMETRIC_REPRESENTATION_CONTEXT() REPRESENTATION_CONTEXT('2D SPACE',''
  ) );
#4518 = ORIENTED_EDGE('',*,*,#4519,.F.);
#4519 = EDGE_CURVE('',#3028,#4497,#4520,.T.);
#4520 = SURFACE_CURVE('',#4521,(#4525,#4532),.PCURVE_S1.);
#4521 = LINE('',#4522,#4523);
#4522 = CARTESIAN_POINT('',(30.325,-16.09881489732,4.));
#4523 = VECTOR('',#4524,1.);
#4524 = DIRECTION('',(0.,0.,1.));
#4525 = PCURVE('',#3069,#4526);
#4526 = DEFINITIONAL_REPRESENTATION('',(#4527),#4531);
#4527 = LINE('',#4528,#4529);
#4528 = CARTESIAN_POINT('',(3.35,0.));
#4529 = VECTOR('',#4530,1.);
#4530 = DIRECTION('',(0.,-1.));
#4531 = ( GEOMETRIC_REPRESENTATION_CONTEXT(2) 
PARAMETRIC_REPRESENTATION_CONTEXT() REPRESENTATION_CONTEXT('2D SPACE',''
  ) );
#4532 = PCURVE('',#3043,#4533);
#4533 = DEFINITIONAL_REPRESENTATION('',(#4534),#4538);
#4534 = LINE('',#4535,#4536);
#4535 = CARTESIAN_POINT('',(0.,0.));
#4536 = VECTOR('',#4537,1.);
#4537 = DIRECTION('',(0.,-1.));
#4538 = ( GEOMETRIC_REPRESENTATION_CONTEXT(2) 
PARAMETRIC_REPRESENTATION_CONTEXT() REPRESENTATION_CONTEXT('2D SPACE',''
  ) );
#4539 = ORIENTED_EDGE('',*,*,#3055,.F.);
#4540 = ADVANCED_FACE('',(#4541),#3043,.T.);
#4541 = FACE_BOUND('',#4542,.T.);
#4542 = EDGE_LOOP('',(#4543,#4544,#4567,#4588));
#4543 = ORIENTED_EDGE('',*,*,#4519,.T.);
#4544 = ORIENTED_EDGE('',*,*,#4545,.T.);
#4545 = EDGE_CURVE('',#4497,#4546,#4548,.T.);
#4546 = VERTEX_POINT('',#4547);
#4547 = CARTESIAN_POINT('',(28.65,-19.,6.6));
#4548 = SURFACE_CURVE('',#4549,(#4553,#4560),.PCURVE_S1.);
#4549 = LINE('',#4550,#4551);
#4550 = CARTESIAN_POINT('',(30.325,-16.09881489732,6.6));
#4551 = VECTOR('',#4552,1.);
#4552 = DIRECTION('',(-0.5,-0.866025403784,0.));
#4553 = PCURVE('',#3043,#4554);
#4554 = DEFINITIONAL_REPRESENTATION('',(#4555),#4559);
#4555 = LINE('',#4556,#4557);
#4556 = CARTESIAN_POINT('',(0.,-2.6));
#4557 = VECTOR('',#4558,1.);
#4558 = DIRECTION('',(1.,0.));
#4559 = ( GEOMETRIC_REPRESENTATION_CONTEXT(2) 
PARAMETRIC_REPRESENTATION_CONTEXT() REPRESENTATION_CONTEXT('2D SPACE',''
  ) );
#4560 = PCURVE('',#4458,#4561);
#4561 = DEFINITIONAL_REPRESENTATION('',(#4562),#4566);
#4562 = LINE('',#4563,#4564);
#4563 = CARTESIAN_POINT('',(-1.675,2.901185102678));
#4564 = VECTOR('',#4565,1.);
#4565 = DIRECTION('',(-0.5,-0.866025403784));
#4566 = ( GEOMETRIC_REPRESENTATION_CONTEXT(2) 
PARAMETRIC_REPRESENTATION_CONTEXT() REPRESENTATION_CONTEXT('2D SPACE',''
  ) );
#4567 = ORIENTED_EDGE('',*,*,#4568,.F.);
#4568 = EDGE_CURVE('',#3000,#4546,#4569,.T.);
#4569 = SURFACE_CURVE('',#4570,(#4574,#4581),.PCURVE_S1.);
#4570 = LINE('',#4571,#4572);
#4571 = CARTESIAN_POINT('',(28.65,-19.,4.));
#4572 = VECTOR('',#4573,1.);
#4573 = DIRECTION('',(0.,0.,1.));
#4574 = PCURVE('',#3043,#4575);
#4575 = DEFINITIONAL_REPRESENTATION('',(#4576),#4580);
#4576 = LINE('',#4577,#4578);
#4577 = CARTESIAN_POINT('',(3.35,0.));
#4578 = VECTOR('',#4579,1.);
#4579 = DIRECTION('',(0.,-1.));
#4580 = ( GEOMETRIC_REPRESENTATION_CONTEXT(2) 
PARAMETRIC_REPRESENTATION_CONTEXT() REPRESENTATION_CONTEXT('2D SPACE',''
  ) );
#4581 = PCURVE('',#3015,#4582);
#4582 = DEFINITIONAL_REPRESENTATION('',(#4583),#4587);
#4583 = LINE('',#4584,#4585);
#4584 = CARTESIAN_POINT('',(0.,0.));
#4585 = VECTOR('',#4586,1.);
#4586 = DIRECTION('',(0.,-1.));
#4587 = ( GEOMETRIC_REPRESENTATION_CONTEXT(2) 
PARAMETRIC_REPRESENTATION_CONTEXT() REPRESENTATION_CONTEXT('2D SPACE',''
  ) );
#4588 = ORIENTED_EDGE('',*,*,#3027,.F.);
#4589 = ADVANCED_FACE('',(#4590),#3015,.T.);
#4590 = FACE_BOUND('',#4591,.T.);
#4591 = EDGE_LOOP('',(#4592,#4593,#4616,#4637));
#4592 = ORIENTED_EDGE('',*,*,#4568,.T.);
#4593 = ORIENTED_EDGE('',*,*,#4594,.T.);
#4594 = EDGE_CURVE('',#4546,#4595,#4597,.T.);
#4595 = VERTEX_POINT('',#4596);
#4596 = CARTESIAN_POINT('',(30.325,-21.90118510267,6.6));
#4597 = SURFACE_CURVE('',#4598,(#4602,#4609),.PCURVE_S1.);
#4598 = LINE('',#4599,#4600);
#4599 = CARTESIAN_POINT('',(28.65,-19.,6.6));
#4600 = VECTOR('',#4601,1.);
#4601 = DIRECTION('',(0.5,-0.866025403784,0.));
#4602 = PCURVE('',#3015,#4603);
#4603 = DEFINITIONAL_REPRESENTATION('',(#4604),#4608);
#4604 = LINE('',#4605,#4606);
#4605 = CARTESIAN_POINT('',(0.,-2.6));
#4606 = VECTOR('',#4607,1.);
#4607 = DIRECTION('',(1.,0.));
#4608 = ( GEOMETRIC_REPRESENTATION_CONTEXT(2) 
PARAMETRIC_REPRESENTATION_CONTEXT() REPRESENTATION_CONTEXT('2D SPACE',''
  ) );
#4609 = PCURVE('',#4458,#4610);
#4610 = DEFINITIONAL_REPRESENTATION('',(#4611),#4615);
#4611 = LINE('',#4612,#4613);
#4612 = CARTESIAN_POINT('',(-3.35,0.));
#4613 = VECTOR('',#4614,1.);
#4614 = DIRECTION('',(0.5,-0.866025403784));
#4615 = ( GEOMETRIC_REPRESENTATION_CONTEXT(2) 
PARAMETRIC_REPRESENTATION_CONTEXT() REPRESENTATION_CONTEXT('2D SPACE',''
  ) );
#4616 = ORIENTED_EDGE('',*,*,#4617,.F.);
#4617 = EDGE_CURVE('',#2972,#4595,#4618,.T.);
#4618 = SURFACE_CURVE('',#4619,(#4623,#4630),.PCURVE_S1.);
#4619 = LINE('',#4620,#4621);
#4620 = CARTESIAN_POINT('',(30.325,-21.90118510267,4.));
#4621 = VECTOR('',#4622,1.);
#4622 = DIRECTION('',(0.,0.,1.));
#4623 = PCURVE('',#3015,#4624);
#4624 = DEFINITIONAL_REPRESENTATION('',(#4625),#4629);
#4625 = LINE('',#4626,#4627);
#4626 = CARTESIAN_POINT('',(3.35,0.));
#4627 = VECTOR('',#4628,1.);
#4628 = DIRECTION('',(0.,-1.));
#4629 = ( GEOMETRIC_REPRESENTATION_CONTEXT(2) 
PARAMETRIC_REPRESENTATION_CONTEXT() REPRESENTATION_CONTEXT('2D SPACE',''
  ) );
#4630 = PCURVE('',#2987,#4631);
#4631 = DEFINITIONAL_REPRESENTATION('',(#4632),#4636);
#4632 = LINE('',#4633,#4634);
#4633 = CARTESIAN_POINT('',(0.,0.));
#4634 = VECTOR('',#4635,1.);
#4635 = DIRECTION('',(0.,-1.));
#4636 = ( GEOMETRIC_REPRESENTATION_CONTEXT(2) 
PARAMETRIC_REPRESENTATION_CONTEXT() REPRESENTATION_CONTEXT('2D SPACE',''
  ) );
#4637 = ORIENTED_EDGE('',*,*,#2999,.F.);
#4638 = ADVANCED_FACE('',(#4639),#2987,.T.);
#4639 = FACE_BOUND('',#4640,.T.);
#4640 = EDGE_LOOP('',(#4641,#4642,#4665,#4686));
#4641 = ORIENTED_EDGE('',*,*,#4617,.T.);
#4642 = ORIENTED_EDGE('',*,*,#4643,.T.);
#4643 = EDGE_CURVE('',#4595,#4644,#4646,.T.);
#4644 = VERTEX_POINT('',#4645);
#4645 = CARTESIAN_POINT('',(33.675,-21.90118510267,6.6));
#4646 = SURFACE_CURVE('',#4647,(#4651,#4658),.PCURVE_S1.);
#4647 = LINE('',#4648,#4649);
#4648 = CARTESIAN_POINT('',(30.325,-21.90118510267,6.6));
#4649 = VECTOR('',#4650,1.);
#4650 = DIRECTION('',(1.,-6.628197161941E-16,0.));
#4651 = PCURVE('',#2987,#4652);
#4652 = DEFINITIONAL_REPRESENTATION('',(#4653),#4657);
#4653 = LINE('',#4654,#4655);
#4654 = CARTESIAN_POINT('',(0.,-2.6));
#4655 = VECTOR('',#4656,1.);
#4656 = DIRECTION('',(1.,0.));
#4657 = ( GEOMETRIC_REPRESENTATION_CONTEXT(2) 
PARAMETRIC_REPRESENTATION_CONTEXT() REPRESENTATION_CONTEXT('2D SPACE',''
  ) );
#4658 = PCURVE('',#4458,#4659);
#4659 = DEFINITIONAL_REPRESENTATION('',(#4660),#4664);
#4660 = LINE('',#4661,#4662);
#4661 = CARTESIAN_POINT('',(-1.675,-2.901185102678));
#4662 = VECTOR('',#4663,1.);
#4663 = DIRECTION('',(1.,-6.628197161941E-16));
#4664 = ( GEOMETRIC_REPRESENTATION_CONTEXT(2) 
PARAMETRIC_REPRESENTATION_CONTEXT() REPRESENTATION_CONTEXT('2D SPACE',''
  ) );
#4665 = ORIENTED_EDGE('',*,*,#4666,.F.);
#4666 = EDGE_CURVE('',#2944,#4644,#4667,.T.);
#4667 = SURFACE_CURVE('',#4668,(#4672,#4679),.PCURVE_S1.);
#4668 = LINE('',#4669,#4670);
#4669 = CARTESIAN_POINT('',(33.675,-21.90118510267,4.));
#4670 = VECTOR('',#4671,1.);
#4671 = DIRECTION('',(0.,0.,1.));
#4672 = PCURVE('',#2987,#4673);
#4673 = DEFINITIONAL_REPRESENTATION('',(#4674),#4678);
#4674 = LINE('',#4675,#4676);
#4675 = CARTESIAN_POINT('',(3.35,0.));
#4676 = VECTOR('',#4677,1.);
#4677 = DIRECTION('',(0.,-1.));
#4678 = ( GEOMETRIC_REPRESENTATION_CONTEXT(2) 
PARAMETRIC_REPRESENTATION_CONTEXT() REPRESENTATION_CONTEXT('2D SPACE',''
  ) );
#4679 = PCURVE('',#2959,#4680);
#4680 = DEFINITIONAL_REPRESENTATION('',(#4681),#4685);
#4681 = LINE('',#4682,#4683);
#4682 = CARTESIAN_POINT('',(0.,0.));
#4683 = VECTOR('',#4684,1.);
#4684 = DIRECTION('',(0.,-1.));
#4685 = ( GEOMETRIC_REPRESENTATION_CONTEXT(2) 
PARAMETRIC_REPRESENTATION_CONTEXT() REPRESENTATION_CONTEXT('2D SPACE',''
  ) );
#4686 = ORIENTED_EDGE('',*,*,#2971,.F.);
#4687 = ADVANCED_FACE('',(#4688),#2959,.T.);
#4688 = FACE_BOUND('',#4689,.T.);
#4689 = EDGE_LOOP('',(#4690,#4691,#4712,#4713));
#4690 = ORIENTED_EDGE('',*,*,#4666,.T.);
#4691 = ORIENTED_EDGE('',*,*,#4692,.T.);
#4692 = EDGE_CURVE('',#4644,#4420,#4693,.T.);
#4693 = SURFACE_CURVE('',#4694,(#4698,#4705),.PCURVE_S1.);
#4694 = LINE('',#4695,#4696);
#4695 = CARTESIAN_POINT('',(33.675,-21.90118510267,6.6));
#4696 = VECTOR('',#4697,1.);
#4697 = DIRECTION('',(0.5,0.866025403784,0.));
#4698 = PCURVE('',#2959,#4699);
#4699 = DEFINITIONAL_REPRESENTATION('',(#4700),#4704);
#4700 = LINE('',#4701,#4702);
#4701 = CARTESIAN_POINT('',(0.,-2.6));
#4702 = VECTOR('',#4703,1.);
#4703 = DIRECTION('',(1.,0.));
#4704 = ( GEOMETRIC_REPRESENTATION_CONTEXT(2) 
PARAMETRIC_REPRESENTATION_CONTEXT() REPRESENTATION_CONTEXT('2D SPACE',''
  ) );
#4705 = PCURVE('',#4458,#4706);
#4706 = DEFINITIONAL_REPRESENTATION('',(#4707),#4711);
#4707 = LINE('',#4708,#4709);
#4708 = CARTESIAN_POINT('',(1.675,-2.901185102678));
#4709 = VECTOR('',#4710,1.);
#4710 = DIRECTION('',(0.5,0.866025403784));
#4711 = ( GEOMETRIC_REPRESENTATION_CONTEXT(2) 
PARAMETRIC_REPRESENTATION_CONTEXT() REPRESENTATION_CONTEXT('2D SPACE',''
  ) );
#4712 = ORIENTED_EDGE('',*,*,#4419,.F.);
#4713 = ORIENTED_EDGE('',*,*,#2943,.F.);
#4714 = ADVANCED_FACE('',(#4715),#3101,.T.);
#4715 = FACE_BOUND('',#4716,.T.);
#4716 = EDGE_LOOP('',(#4717,#4740,#4768,#4789));
#4717 = ORIENTED_EDGE('',*,*,#4718,.T.);
#4718 = EDGE_CURVE('',#3084,#4719,#4721,.T.);
#4719 = VERTEX_POINT('',#4720);
#4720 = CARTESIAN_POINT('',(-28.65,19.,6.6));
#4721 = SURFACE_CURVE('',#4722,(#4726,#4733),.PCURVE_S1.);
#4722 = LINE('',#4723,#4724);
#4723 = CARTESIAN_POINT('',(-28.65,19.,4.));
#4724 = VECTOR('',#4725,1.);
#4725 = DIRECTION('',(0.,0.,1.));
#4726 = PCURVE('',#3101,#4727);
#4727 = DEFINITIONAL_REPRESENTATION('',(#4728),#4732);
#4728 = LINE('',#4729,#4730);
#4729 = CARTESIAN_POINT('',(0.,0.));
#4730 = VECTOR('',#4731,1.);
#4731 = DIRECTION('',(0.,-1.));
#4732 = ( GEOMETRIC_REPRESENTATION_CONTEXT(2) 
PARAMETRIC_REPRESENTATION_CONTEXT() REPRESENTATION_CONTEXT('2D SPACE',''
  ) );
#4733 = PCURVE('',#3129,#4734);
#4734 = DEFINITIONAL_REPRESENTATION('',(#4735),#4739);
#4735 = LINE('',#4736,#4737);
#4736 = CARTESIAN_POINT('',(3.35,0.));
#4737 = VECTOR('',#4738,1.);
#4738 = DIRECTION('',(0.,-1.));
#4739 = ( GEOMETRIC_REPRESENTATION_CONTEXT(2) 
PARAMETRIC_REPRESENTATION_CONTEXT() REPRESENTATION_CONTEXT('2D SPACE',''
  ) );
#4740 = ORIENTED_EDGE('',*,*,#4741,.T.);
#4741 = EDGE_CURVE('',#4719,#4742,#4744,.T.);
#4742 = VERTEX_POINT('',#4743);
#4743 = CARTESIAN_POINT('',(-30.325,21.901185102678,6.6));
#4744 = SURFACE_CURVE('',#4745,(#4749,#4756),.PCURVE_S1.);
#4745 = LINE('',#4746,#4747);
#4746 = CARTESIAN_POINT('',(-28.65,19.,6.6));
#4747 = VECTOR('',#4748,1.);
#4748 = DIRECTION('',(-0.5,0.866025403784,0.));
#4749 = PCURVE('',#3101,#4750);
#4750 = DEFINITIONAL_REPRESENTATION('',(#4751),#4755);
#4751 = LINE('',#4752,#4753);
#4752 = CARTESIAN_POINT('',(0.,-2.6));
#4753 = VECTOR('',#4754,1.);
#4754 = DIRECTION('',(1.,0.));
#4755 = ( GEOMETRIC_REPRESENTATION_CONTEXT(2) 
PARAMETRIC_REPRESENTATION_CONTEXT() REPRESENTATION_CONTEXT('2D SPACE',''
  ) );
#4756 = PCURVE('',#4757,#4762);
#4757 = PLANE('',#4758);
#4758 = AXIS2_PLACEMENT_3D('',#4759,#4760,#4761);
#4759 = CARTESIAN_POINT('',(-32.,19.,6.6));
#4760 = DIRECTION('',(0.,0.,1.));
#4761 = DIRECTION('',(1.,0.,-0.));
#4762 = DEFINITIONAL_REPRESENTATION('',(#4763),#4767);
#4763 = LINE('',#4764,#4765);
#4764 = CARTESIAN_POINT('',(3.35,0.));
#4765 = VECTOR('',#4766,1.);
#4766 = DIRECTION('',(-0.5,0.866025403784));
#4767 = ( GEOMETRIC_REPRESENTATION_CONTEXT(2) 
PARAMETRIC_REPRESENTATION_CONTEXT() REPRESENTATION_CONTEXT('2D SPACE',''
  ) );
#4768 = ORIENTED_EDGE('',*,*,#4769,.F.);
#4769 = EDGE_CURVE('',#3086,#4742,#4770,.T.);
#4770 = SURFACE_CURVE('',#4771,(#4775,#4782),.PCURVE_S1.);
#4771 = LINE('',#4772,#4773);
#4772 = CARTESIAN_POINT('',(-30.325,21.901185102678,4.));
#4773 = VECTOR('',#4774,1.);
#4774 = DIRECTION('',(0.,0.,1.));
#4775 = PCURVE('',#3101,#4776);
#4776 = DEFINITIONAL_REPRESENTATION('',(#4777),#4781);
#4777 = LINE('',#4778,#4779);
#4778 = CARTESIAN_POINT('',(3.35,0.));
#4779 = VECTOR('',#4780,1.);
#4780 = DIRECTION('',(0.,-1.));
#4781 = ( GEOMETRIC_REPRESENTATION_CONTEXT(2) 
PARAMETRIC_REPRESENTATION_CONTEXT() REPRESENTATION_CONTEXT('2D SPACE',''
  ) );
#4782 = PCURVE('',#3239,#4783);
#4783 = DEFINITIONAL_REPRESENTATION('',(#4784),#4788);
#4784 = LINE('',#4785,#4786);
#4785 = CARTESIAN_POINT('',(0.,0.));
#4786 = VECTOR('',#4787,1.);
#4787 = DIRECTION('',(0.,-1.));
#4788 = ( GEOMETRIC_REPRESENTATION_CONTEXT(2) 
PARAMETRIC_REPRESENTATION_CONTEXT() REPRESENTATION_CONTEXT('2D SPACE',''
  ) );
#4789 = ORIENTED_EDGE('',*,*,#3083,.F.);
#4790 = ADVANCED_FACE('',(#4791),#3239,.T.);
#4791 = FACE_BOUND('',#4792,.T.);
#4792 = EDGE_LOOP('',(#4793,#4794,#4817,#4838));
#4793 = ORIENTED_EDGE('',*,*,#4769,.T.);
#4794 = ORIENTED_EDGE('',*,*,#4795,.T.);
#4795 = EDGE_CURVE('',#4742,#4796,#4798,.T.);
#4796 = VERTEX_POINT('',#4797);
#4797 = CARTESIAN_POINT('',(-33.675,21.901185102678,6.6));
#4798 = SURFACE_CURVE('',#4799,(#4803,#4810),.PCURVE_S1.);
#4799 = LINE('',#4800,#4801);
#4800 = CARTESIAN_POINT('',(-30.325,21.901185102678,6.6));
#4801 = VECTOR('',#4802,1.);
#4802 = DIRECTION('',(-1.,1.325639432388E-16,0.));
#4803 = PCURVE('',#3239,#4804);
#4804 = DEFINITIONAL_REPRESENTATION('',(#4805),#4809);
#4805 = LINE('',#4806,#4807);
#4806 = CARTESIAN_POINT('',(0.,-2.6));
#4807 = VECTOR('',#4808,1.);
#4808 = DIRECTION('',(1.,0.));
#4809 = ( GEOMETRIC_REPRESENTATION_CONTEXT(2) 
PARAMETRIC_REPRESENTATION_CONTEXT() REPRESENTATION_CONTEXT('2D SPACE',''
  ) );
#4810 = PCURVE('',#4757,#4811);
#4811 = DEFINITIONAL_REPRESENTATION('',(#4812),#4816);
#4812 = LINE('',#4813,#4814);
#4813 = CARTESIAN_POINT('',(1.675,2.901185102678));
#4814 = VECTOR('',#4815,1.);
#4815 = DIRECTION('',(-1.,1.325639432388E-16));
#4816 = ( GEOMETRIC_REPRESENTATION_CONTEXT(2) 
PARAMETRIC_REPRESENTATION_CONTEXT() REPRESENTATION_CONTEXT('2D SPACE',''
  ) );
#4817 = ORIENTED_EDGE('',*,*,#4818,.F.);
#4818 = EDGE_CURVE('',#3198,#4796,#4819,.T.);
#4819 = SURFACE_CURVE('',#4820,(#4824,#4831),.PCURVE_S1.);
#4820 = LINE('',#4821,#4822);
#4821 = CARTESIAN_POINT('',(-33.675,21.901185102678,4.));
#4822 = VECTOR('',#4823,1.);
#4823 = DIRECTION('',(0.,0.,1.));
#4824 = PCURVE('',#3239,#4825);
#4825 = DEFINITIONAL_REPRESENTATION('',(#4826),#4830);
#4826 = LINE('',#4827,#4828);
#4827 = CARTESIAN_POINT('',(3.35,0.));
#4828 = VECTOR('',#4829,1.);
#4829 = DIRECTION('',(0.,-1.));
#4830 = ( GEOMETRIC_REPRESENTATION_CONTEXT(2) 
PARAMETRIC_REPRESENTATION_CONTEXT() REPRESENTATION_CONTEXT('2D SPACE',''
  ) );
#4831 = PCURVE('',#3213,#4832);
#4832 = DEFINITIONAL_REPRESENTATION('',(#4833),#4837);
#4833 = LINE('',#4834,#4835);
#4834 = CARTESIAN_POINT('',(0.,0.));
#4835 = VECTOR('',#4836,1.);
#4836 = DIRECTION('',(0.,-1.));
#4837 = ( GEOMETRIC_REPRESENTATION_CONTEXT(2) 
PARAMETRIC_REPRESENTATION_CONTEXT() REPRESENTATION_CONTEXT('2D SPACE',''
  ) );
#4838 = ORIENTED_EDGE('',*,*,#3225,.F.);
#4839 = ADVANCED_FACE('',(#4840),#3213,.T.);
#4840 = FACE_BOUND('',#4841,.T.);
#4841 = EDGE_LOOP('',(#4842,#4843,#4866,#4887));
#4842 = ORIENTED_EDGE('',*,*,#4818,.T.);
#4843 = ORIENTED_EDGE('',*,*,#4844,.T.);
#4844 = EDGE_CURVE('',#4796,#4845,#4847,.T.);
#4845 = VERTEX_POINT('',#4846);
#4846 = CARTESIAN_POINT('',(-35.35,19.,6.6));
#4847 = SURFACE_CURVE('',#4848,(#4852,#4859),.PCURVE_S1.);
#4848 = LINE('',#4849,#4850);
#4849 = CARTESIAN_POINT('',(-33.675,21.901185102678,6.6));
#4850 = VECTOR('',#4851,1.);
#4851 = DIRECTION('',(-0.5,-0.866025403784,0.));
#4852 = PCURVE('',#3213,#4853);
#4853 = DEFINITIONAL_REPRESENTATION('',(#4854),#4858);
#4854 = LINE('',#4855,#4856);
#4855 = CARTESIAN_POINT('',(0.,-2.6));
#4856 = VECTOR('',#4857,1.);
#4857 = DIRECTION('',(1.,0.));
#4858 = ( GEOMETRIC_REPRESENTATION_CONTEXT(2) 
PARAMETRIC_REPRESENTATION_CONTEXT() REPRESENTATION_CONTEXT('2D SPACE',''
  ) );
#4859 = PCURVE('',#4757,#4860);
#4860 = DEFINITIONAL_REPRESENTATION('',(#4861),#4865);
#4861 = LINE('',#4862,#4863);
#4862 = CARTESIAN_POINT('',(-1.675,2.901185102678));
#4863 = VECTOR('',#4864,1.);
#4864 = DIRECTION('',(-0.5,-0.866025403784));
#4865 = ( GEOMETRIC_REPRESENTATION_CONTEXT(2) 
PARAMETRIC_REPRESENTATION_CONTEXT() REPRESENTATION_CONTEXT('2D SPACE',''
  ) );
#4866 = ORIENTED_EDGE('',*,*,#4867,.F.);
#4867 = EDGE_CURVE('',#3170,#4845,#4868,.T.);
#4868 = SURFACE_CURVE('',#4869,(#4873,#4880),.PCURVE_S1.);
#4869 = LINE('',#4870,#4871);
#4870 = CARTESIAN_POINT('',(-35.35,19.,4.));
#4871 = VECTOR('',#4872,1.);
#4872 = DIRECTION('',(0.,0.,1.));
#4873 = PCURVE('',#3213,#4874);
#4874 = DEFINITIONAL_REPRESENTATION('',(#4875),#4879);
#4875 = LINE('',#4876,#4877);
#4876 = CARTESIAN_POINT('',(3.35,0.));
#4877 = VECTOR('',#4878,1.);
#4878 = DIRECTION('',(0.,-1.));
#4879 = ( GEOMETRIC_REPRESENTATION_CONTEXT(2) 
PARAMETRIC_REPRESENTATION_CONTEXT() REPRESENTATION_CONTEXT('2D SPACE',''
  ) );
#4880 = PCURVE('',#3185,#4881);
#4881 = DEFINITIONAL_REPRESENTATION('',(#4882),#4886);
#4882 = LINE('',#4883,#4884);
#4883 = CARTESIAN_POINT('',(0.,0.));
#4884 = VECTOR('',#4885,1.);
#4885 = DIRECTION('',(0.,-1.));
#4886 = ( GEOMETRIC_REPRESENTATION_CONTEXT(2) 
PARAMETRIC_REPRESENTATION_CONTEXT() REPRESENTATION_CONTEXT('2D SPACE',''
  ) );
#4887 = ORIENTED_EDGE('',*,*,#3197,.F.);
#4888 = ADVANCED_FACE('',(#4889),#3185,.T.);
#4889 = FACE_BOUND('',#4890,.T.);
#4890 = EDGE_LOOP('',(#4891,#4892,#4915,#4936));
#4891 = ORIENTED_EDGE('',*,*,#4867,.T.);
#4892 = ORIENTED_EDGE('',*,*,#4893,.T.);
#4893 = EDGE_CURVE('',#4845,#4894,#4896,.T.);
#4894 = VERTEX_POINT('',#4895);
#4895 = CARTESIAN_POINT('',(-33.675,16.098814897322,6.6));
#4896 = SURFACE_CURVE('',#4897,(#4901,#4908),.PCURVE_S1.);
#4897 = LINE('',#4898,#4899);
#4898 = CARTESIAN_POINT('',(-35.35,19.,6.6));
#4899 = VECTOR('',#4900,1.);
#4900 = DIRECTION('',(0.5,-0.866025403784,0.));
#4901 = PCURVE('',#3185,#4902);
#4902 = DEFINITIONAL_REPRESENTATION('',(#4903),#4907);
#4903 = LINE('',#4904,#4905);
#4904 = CARTESIAN_POINT('',(0.,-2.6));
#4905 = VECTOR('',#4906,1.);
#4906 = DIRECTION('',(1.,0.));
#4907 = ( GEOMETRIC_REPRESENTATION_CONTEXT(2) 
PARAMETRIC_REPRESENTATION_CONTEXT() REPRESENTATION_CONTEXT('2D SPACE',''
  ) );
#4908 = PCURVE('',#4757,#4909);
#4909 = DEFINITIONAL_REPRESENTATION('',(#4910),#4914);
#4910 = LINE('',#4911,#4912);
#4911 = CARTESIAN_POINT('',(-3.35,0.));
#4912 = VECTOR('',#4913,1.);
#4913 = DIRECTION('',(0.5,-0.866025403784));
#4914 = ( GEOMETRIC_REPRESENTATION_CONTEXT(2) 
PARAMETRIC_REPRESENTATION_CONTEXT() REPRESENTATION_CONTEXT('2D SPACE',''
  ) );
#4915 = ORIENTED_EDGE('',*,*,#4916,.F.);
#4916 = EDGE_CURVE('',#3142,#4894,#4917,.T.);
#4917 = SURFACE_CURVE('',#4918,(#4922,#4929),.PCURVE_S1.);
#4918 = LINE('',#4919,#4920);
#4919 = CARTESIAN_POINT('',(-33.675,16.098814897322,4.));
#4920 = VECTOR('',#4921,1.);
#4921 = DIRECTION('',(0.,0.,1.));
#4922 = PCURVE('',#3185,#4923);
#4923 = DEFINITIONAL_REPRESENTATION('',(#4924),#4928);
#4924 = LINE('',#4925,#4926);
#4925 = CARTESIAN_POINT('',(3.35,0.));
#4926 = VECTOR('',#4927,1.);
#4927 = DIRECTION('',(0.,-1.));
#4928 = ( GEOMETRIC_REPRESENTATION_CONTEXT(2) 
PARAMETRIC_REPRESENTATION_CONTEXT() REPRESENTATION_CONTEXT('2D SPACE',''
  ) );
#4929 = PCURVE('',#3157,#4930);
#4930 = DEFINITIONAL_REPRESENTATION('',(#4931),#4935);
#4931 = LINE('',#4932,#4933);
#4932 = CARTESIAN_POINT('',(0.,0.));
#4933 = VECTOR('',#4934,1.);
#4934 = DIRECTION('',(0.,-1.));
#4935 = ( GEOMETRIC_REPRESENTATION_CONTEXT(2) 
PARAMETRIC_REPRESENTATION_CONTEXT() REPRESENTATION_CONTEXT('2D SPACE',''
  ) );
#4936 = ORIENTED_EDGE('',*,*,#3169,.F.);
#4937 = ADVANCED_FACE('',(#4938),#3157,.T.);
#4938 = FACE_BOUND('',#4939,.T.);
#4939 = EDGE_LOOP('',(#4940,#4941,#4964,#4985));
#4940 = ORIENTED_EDGE('',*,*,#4916,.T.);
#4941 = ORIENTED_EDGE('',*,*,#4942,.T.);
#4942 = EDGE_CURVE('',#4894,#4943,#4945,.T.);
#4943 = VERTEX_POINT('',#4944);
#4944 = CARTESIAN_POINT('',(-30.325,16.098814897322,6.6));
#4945 = SURFACE_CURVE('',#4946,(#4950,#4957),.PCURVE_S1.);
#4946 = LINE('',#4947,#4948);
#4947 = CARTESIAN_POINT('',(-33.675,16.098814897322,6.6));
#4948 = VECTOR('',#4949,1.);
#4949 = DIRECTION('',(1.,-6.628197161941E-16,0.));
#4950 = PCURVE('',#3157,#4951);
#4951 = DEFINITIONAL_REPRESENTATION('',(#4952),#4956);
#4952 = LINE('',#4953,#4954);
#4953 = CARTESIAN_POINT('',(0.,-2.6));
#4954 = VECTOR('',#4955,1.);
#4955 = DIRECTION('',(1.,0.));
#4956 = ( GEOMETRIC_REPRESENTATION_CONTEXT(2) 
PARAMETRIC_REPRESENTATION_CONTEXT() REPRESENTATION_CONTEXT('2D SPACE',''
  ) );
#4957 = PCURVE('',#4757,#4958);
#4958 = DEFINITIONAL_REPRESENTATION('',(#4959),#4963);
#4959 = LINE('',#4960,#4961);
#4960 = CARTESIAN_POINT('',(-1.675,-2.901185102678));
#4961 = VECTOR('',#4962,1.);
#4962 = DIRECTION('',(1.,-6.628197161941E-16));
#4963 = ( GEOMETRIC_REPRESENTATION_CONTEXT(2) 
PARAMETRIC_REPRESENTATION_CONTEXT() REPRESENTATION_CONTEXT('2D SPACE',''
  ) );
#4964 = ORIENTED_EDGE('',*,*,#4965,.F.);
#4965 = EDGE_CURVE('',#3114,#4943,#4966,.T.);
#4966 = SURFACE_CURVE('',#4967,(#4971,#4978),.PCURVE_S1.);
#4967 = LINE('',#4968,#4969);
#4968 = CARTESIAN_POINT('',(-30.325,16.098814897322,4.));
#4969 = VECTOR('',#4970,1.);
#4970 = DIRECTION('',(0.,0.,1.));
#4971 = PCURVE('',#3157,#4972);
#4972 = DEFINITIONAL_REPRESENTATION('',(#4973),#4977);
#4973 = LINE('',#4974,#4975);
#4974 = CARTESIAN_POINT('',(3.35,0.));
#4975 = VECTOR('',#4976,1.);
#4976 = DIRECTION('',(0.,-1.));
#4977 = ( GEOMETRIC_REPRESENTATION_CONTEXT(2) 
PARAMETRIC_REPRESENTATION_CONTEXT() REPRESENTATION_CONTEXT('2D SPACE',''
  ) );
#4978 = PCURVE('',#3129,#4979);
#4979 = DEFINITIONAL_REPRESENTATION('',(#4980),#4984);
#4980 = LINE('',#4981,#4982);
#4981 = CARTESIAN_POINT('',(0.,0.));
#4982 = VECTOR('',#4983,1.);
#4983 = DIRECTION('',(0.,-1.));
#4984 = ( GEOMETRIC_REPRESENTATION_CONTEXT(2) 
PARAMETRIC_REPRESENTATION_CONTEXT() REPRESENTATION_CONTEXT('2D SPACE',''
  ) );
#4985 = ORIENTED_EDGE('',*,*,#3141,.F.);
#4986 = ADVANCED_FACE('',(#4987),#3129,.T.);
#4987 = FACE_BOUND('',#4988,.T.);
#4988 = EDGE_LOOP('',(#4989,#4990,#5011,#5012));
#4989 = ORIENTED_EDGE('',*,*,#4965,.T.);
#4990 = ORIENTED_EDGE('',*,*,#4991,.T.);
#4991 = EDGE_CURVE('',#4943,#4719,#4992,.T.);
#4992 = SURFACE_CURVE('',#4993,(#4997,#5004),.PCURVE_S1.);
#4993 = LINE('',#4994,#4995);
#4994 = CARTESIAN_POINT('',(-30.325,16.098814897322,6.6));
#4995 = VECTOR('',#4996,1.);
#4996 = DIRECTION('',(0.5,0.866025403784,0.));
#4997 = PCURVE('',#3129,#4998);
#4998 = DEFINITIONAL_REPRESENTATION('',(#4999),#5003);
#4999 = LINE('',#5000,#5001);
#5000 = CARTESIAN_POINT('',(0.,-2.6));
#5001 = VECTOR('',#5002,1.);
#5002 = DIRECTION('',(1.,0.));
#5003 = ( GEOMETRIC_REPRESENTATION_CONTEXT(2) 
PARAMETRIC_REPRESENTATION_CONTEXT() REPRESENTATION_CONTEXT('2D SPACE',''
  ) );
#5004 = PCURVE('',#4757,#5005);
#5005 = DEFINITIONAL_REPRESENTATION('',(#5006),#5010);
#5006 = LINE('',#5007,#5008);
#5007 = CARTESIAN_POINT('',(1.675,-2.901185102678));
#5008 = VECTOR('',#5009,1.);
#5009 = DIRECTION('',(0.5,0.866025403784));
#5010 = ( GEOMETRIC_REPRESENTATION_CONTEXT(2) 
PARAMETRIC_REPRESENTATION_CONTEXT() REPRESENTATION_CONTEXT('2D SPACE',''
  ) );
#5011 = ORIENTED_EDGE('',*,*,#4718,.F.);
#5012 = ORIENTED_EDGE('',*,*,#3113,.F.);
#5013 = ADVANCED_FACE('',(#5014),#3274,.T.);
#5014 = FACE_BOUND('',#5015,.T.);
#5015 = EDGE_LOOP('',(#5016,#5039,#5067,#5088));
#5016 = ORIENTED_EDGE('',*,*,#5017,.T.);
#5017 = EDGE_CURVE('',#3257,#5018,#5020,.T.);
#5018 = VERTEX_POINT('',#5019);
#5019 = CARTESIAN_POINT('',(35.35,19.,6.6));
#5020 = SURFACE_CURVE('',#5021,(#5025,#5032),.PCURVE_S1.);
#5021 = LINE('',#5022,#5023);
#5022 = CARTESIAN_POINT('',(35.35,19.,4.));
#5023 = VECTOR('',#5024,1.);
#5024 = DIRECTION('',(0.,0.,1.));
#5025 = PCURVE('',#3274,#5026);
#5026 = DEFINITIONAL_REPRESENTATION('',(#5027),#5031);
#5027 = LINE('',#5028,#5029);
#5028 = CARTESIAN_POINT('',(0.,0.));
#5029 = VECTOR('',#5030,1.);
#5030 = DIRECTION('',(0.,-1.));
#5031 = ( GEOMETRIC_REPRESENTATION_CONTEXT(2) 
PARAMETRIC_REPRESENTATION_CONTEXT() REPRESENTATION_CONTEXT('2D SPACE',''
  ) );
#5032 = PCURVE('',#3302,#5033);
#5033 = DEFINITIONAL_REPRESENTATION('',(#5034),#5038);
#5034 = LINE('',#5035,#5036);
#5035 = CARTESIAN_POINT('',(3.35,0.));
#5036 = VECTOR('',#5037,1.);
#5037 = DIRECTION('',(0.,-1.));
#5038 = ( GEOMETRIC_REPRESENTATION_CONTEXT(2) 
PARAMETRIC_REPRESENTATION_CONTEXT() REPRESENTATION_CONTEXT('2D SPACE',''
  ) );
#5039 = ORIENTED_EDGE('',*,*,#5040,.T.);
#5040 = EDGE_CURVE('',#5018,#5041,#5043,.T.);
#5041 = VERTEX_POINT('',#5042);
#5042 = CARTESIAN_POINT('',(33.675,21.901185102678,6.6));
#5043 = SURFACE_CURVE('',#5044,(#5048,#5055),.PCURVE_S1.);
#5044 = LINE('',#5045,#5046);
#5045 = CARTESIAN_POINT('',(35.35,19.,6.6));
#5046 = VECTOR('',#5047,1.);
#5047 = DIRECTION('',(-0.5,0.866025403784,0.));
#5048 = PCURVE('',#3274,#5049);
#5049 = DEFINITIONAL_REPRESENTATION('',(#5050),#5054);
#5050 = LINE('',#5051,#5052);
#5051 = CARTESIAN_POINT('',(0.,-2.6));
#5052 = VECTOR('',#5053,1.);
#5053 = DIRECTION('',(1.,0.));
#5054 = ( GEOMETRIC_REPRESENTATION_CONTEXT(2) 
PARAMETRIC_REPRESENTATION_CONTEXT() REPRESENTATION_CONTEXT('2D SPACE',''
  ) );
#5055 = PCURVE('',#5056,#5061);
#5056 = PLANE('',#5057);
#5057 = AXIS2_PLACEMENT_3D('',#5058,#5059,#5060);
#5058 = CARTESIAN_POINT('',(32.,19.,6.6));
#5059 = DIRECTION('',(0.,0.,1.));
#5060 = DIRECTION('',(1.,0.,-0.));
#5061 = DEFINITIONAL_REPRESENTATION('',(#5062),#5066);
#5062 = LINE('',#5063,#5064);
#5063 = CARTESIAN_POINT('',(3.35,0.));
#5064 = VECTOR('',#5065,1.);
#5065 = DIRECTION('',(-0.5,0.866025403784));
#5066 = ( GEOMETRIC_REPRESENTATION_CONTEXT(2) 
PARAMETRIC_REPRESENTATION_CONTEXT() REPRESENTATION_CONTEXT('2D SPACE',''
  ) );
#5067 = ORIENTED_EDGE('',*,*,#5068,.F.);
#5068 = EDGE_CURVE('',#3259,#5041,#5069,.T.);
#5069 = SURFACE_CURVE('',#5070,(#5074,#5081),.PCURVE_S1.);
#5070 = LINE('',#5071,#5072);
#5071 = CARTESIAN_POINT('',(33.675,21.901185102678,4.));
#5072 = VECTOR('',#5073,1.);
#5073 = DIRECTION('',(0.,0.,1.));
#5074 = PCURVE('',#3274,#5075);
#5075 = DEFINITIONAL_REPRESENTATION('',(#5076),#5080);
#5076 = LINE('',#5077,#5078);
#5077 = CARTESIAN_POINT('',(3.35,0.));
#5078 = VECTOR('',#5079,1.);
#5079 = DIRECTION('',(0.,-1.));
#5080 = ( GEOMETRIC_REPRESENTATION_CONTEXT(2) 
PARAMETRIC_REPRESENTATION_CONTEXT() REPRESENTATION_CONTEXT('2D SPACE',''
  ) );
#5081 = PCURVE('',#3412,#5082);
#5082 = DEFINITIONAL_REPRESENTATION('',(#5083),#5087);
#5083 = LINE('',#5084,#5085);
#5084 = CARTESIAN_POINT('',(0.,0.));
#5085 = VECTOR('',#5086,1.);
#5086 = DIRECTION('',(0.,-1.));
#5087 = ( GEOMETRIC_REPRESENTATION_CONTEXT(2) 
PARAMETRIC_REPRESENTATION_CONTEXT() REPRESENTATION_CONTEXT('2D SPACE',''
  ) );
#5088 = ORIENTED_EDGE('',*,*,#3256,.F.);
#5089 = ADVANCED_FACE('',(#5090),#3412,.T.);
#5090 = FACE_BOUND('',#5091,.T.);
#5091 = EDGE_LOOP('',(#5092,#5093,#5116,#5137));
#5092 = ORIENTED_EDGE('',*,*,#5068,.T.);
#5093 = ORIENTED_EDGE('',*,*,#5094,.T.);
#5094 = EDGE_CURVE('',#5041,#5095,#5097,.T.);
#5095 = VERTEX_POINT('',#5096);
#5096 = CARTESIAN_POINT('',(30.325,21.901185102678,6.6));
#5097 = SURFACE_CURVE('',#5098,(#5102,#5109),.PCURVE_S1.);
#5098 = LINE('',#5099,#5100);
#5099 = CARTESIAN_POINT('',(33.675,21.901185102678,6.6));
#5100 = VECTOR('',#5101,1.);
#5101 = DIRECTION('',(-1.,1.325639432388E-16,0.));
#5102 = PCURVE('',#3412,#5103);
#5103 = DEFINITIONAL_REPRESENTATION('',(#5104),#5108);
#5104 = LINE('',#5105,#5106);
#5105 = CARTESIAN_POINT('',(0.,-2.6));
#5106 = VECTOR('',#5107,1.);
#5107 = DIRECTION('',(1.,0.));
#5108 = ( GEOMETRIC_REPRESENTATION_CONTEXT(2) 
PARAMETRIC_REPRESENTATION_CONTEXT() REPRESENTATION_CONTEXT('2D SPACE',''
  ) );
#5109 = PCURVE('',#5056,#5110);
#5110 = DEFINITIONAL_REPRESENTATION('',(#5111),#5115);
#5111 = LINE('',#5112,#5113);
#5112 = CARTESIAN_POINT('',(1.675,2.901185102678));
#5113 = VECTOR('',#5114,1.);
#5114 = DIRECTION('',(-1.,1.325639432388E-16));
#5115 = ( GEOMETRIC_REPRESENTATION_CONTEXT(2) 
PARAMETRIC_REPRESENTATION_CONTEXT() REPRESENTATION_CONTEXT('2D SPACE',''
  ) );
#5116 = ORIENTED_EDGE('',*,*,#5117,.F.);
#5117 = EDGE_CURVE('',#3371,#5095,#5118,.T.);
#5118 = SURFACE_CURVE('',#5119,(#5123,#5130),.PCURVE_S1.);
#5119 = LINE('',#5120,#5121);
#5120 = CARTESIAN_POINT('',(30.325,21.901185102678,4.));
#5121 = VECTOR('',#5122,1.);
#5122 = DIRECTION('',(0.,0.,1.));
#5123 = PCURVE('',#3412,#5124);
#5124 = DEFINITIONAL_REPRESENTATION('',(#5125),#5129);
#5125 = LINE('',#5126,#5127);
#5126 = CARTESIAN_POINT('',(3.35,0.));
#5127 = VECTOR('',#5128,1.);
#5128 = DIRECTION('',(0.,-1.));
#5129 = ( GEOMETRIC_REPRESENTATION_CONTEXT(2) 
PARAMETRIC_REPRESENTATION_CONTEXT() REPRESENTATION_CONTEXT('2D SPACE',''
  ) );
#5130 = PCURVE('',#3386,#5131);
#5131 = DEFINITIONAL_REPRESENTATION('',(#5132),#5136);
#5132 = LINE('',#5133,#5134);
#5133 = CARTESIAN_POINT('',(0.,0.));
#5134 = VECTOR('',#5135,1.);
#5135 = DIRECTION('',(0.,-1.));
#5136 = ( GEOMETRIC_REPRESENTATION_CONTEXT(2) 
PARAMETRIC_REPRESENTATION_CONTEXT() REPRESENTATION_CONTEXT('2D SPACE',''
  ) );
#5137 = ORIENTED_EDGE('',*,*,#3398,.F.);
#5138 = ADVANCED_FACE('',(#5139),#3386,.T.);
#5139 = FACE_BOUND('',#5140,.T.);
#5140 = EDGE_LOOP('',(#5141,#5142,#5165,#5186));
#5141 = ORIENTED_EDGE('',*,*,#5117,.T.);
#5142 = ORIENTED_EDGE('',*,*,#5143,.T.);
#5143 = EDGE_CURVE('',#5095,#5144,#5146,.T.);
#5144 = VERTEX_POINT('',#5145);
#5145 = CARTESIAN_POINT('',(28.65,19.,6.6));
#5146 = SURFACE_CURVE('',#5147,(#5151,#5158),.PCURVE_S1.);
#5147 = LINE('',#5148,#5149);
#5148 = CARTESIAN_POINT('',(30.325,21.901185102678,6.6));
#5149 = VECTOR('',#5150,1.);
#5150 = DIRECTION('',(-0.5,-0.866025403784,0.));
#5151 = PCURVE('',#3386,#5152);
#5152 = DEFINITIONAL_REPRESENTATION('',(#5153),#5157);
#5153 = LINE('',#5154,#5155);
#5154 = CARTESIAN_POINT('',(0.,-2.6));
#5155 = VECTOR('',#5156,1.);
#5156 = DIRECTION('',(1.,0.));
#5157 = ( GEOMETRIC_REPRESENTATION_CONTEXT(2) 
PARAMETRIC_REPRESENTATION_CONTEXT() REPRESENTATION_CONTEXT('2D SPACE',''
  ) );
#5158 = PCURVE('',#5056,#5159);
#5159 = DEFINITIONAL_REPRESENTATION('',(#5160),#5164);
#5160 = LINE('',#5161,#5162);
#5161 = CARTESIAN_POINT('',(-1.675,2.901185102678));
#5162 = VECTOR('',#5163,1.);
#5163 = DIRECTION('',(-0.5,-0.866025403784));
#5164 = ( GEOMETRIC_REPRESENTATION_CONTEXT(2) 
PARAMETRIC_REPRESENTATION_CONTEXT() REPRESENTATION_CONTEXT('2D SPACE',''
  ) );
#5165 = ORIENTED_EDGE('',*,*,#5166,.F.);
#5166 = EDGE_CURVE('',#3343,#5144,#5167,.T.);
#5167 = SURFACE_CURVE('',#5168,(#5172,#5179),.PCURVE_S1.);
#5168 = LINE('',#5169,#5170);
#5169 = CARTESIAN_POINT('',(28.65,19.,4.));
#5170 = VECTOR('',#5171,1.);
#5171 = DIRECTION('',(0.,0.,1.));
#5172 = PCURVE('',#3386,#5173);
#5173 = DEFINITIONAL_REPRESENTATION('',(#5174),#5178);
#5174 = LINE('',#5175,#5176);
#5175 = CARTESIAN_POINT('',(3.35,0.));
#5176 = VECTOR('',#5177,1.);
#5177 = DIRECTION('',(0.,-1.));
#5178 = ( GEOMETRIC_REPRESENTATION_CONTEXT(2) 
PARAMETRIC_REPRESENTATION_CONTEXT() REPRESENTATION_CONTEXT('2D SPACE',''
  ) );
#5179 = PCURVE('',#3358,#5180);
#5180 = DEFINITIONAL_REPRESENTATION('',(#5181),#5185);
#5181 = LINE('',#5182,#5183);
#5182 = CARTESIAN_POINT('',(0.,0.));
#5183 = VECTOR('',#5184,1.);
#5184 = DIRECTION('',(0.,-1.));
#5185 = ( GEOMETRIC_REPRESENTATION_CONTEXT(2) 
PARAMETRIC_REPRESENTATION_CONTEXT() REPRESENTATION_CONTEXT('2D SPACE',''
  ) );
#5186 = ORIENTED_EDGE('',*,*,#3370,.F.);
#5187 = ADVANCED_FACE('',(#5188),#3358,.T.);
#5188 = FACE_BOUND('',#5189,.T.);
#5189 = EDGE_LOOP('',(#5190,#5191,#5214,#5235));
#5190 = ORIENTED_EDGE('',*,*,#5166,.T.);
#5191 = ORIENTED_EDGE('',*,*,#5192,.T.);
#5192 = EDGE_CURVE('',#5144,#5193,#5195,.T.);
#5193 = VERTEX_POINT('',#5194);
#5194 = CARTESIAN_POINT('',(30.325,16.098814897322,6.6));
#5195 = SURFACE_CURVE('',#5196,(#5200,#5207),.PCURVE_S1.);
#5196 = LINE('',#5197,#5198);
#5197 = CARTESIAN_POINT('',(28.65,19.,6.6));
#5198 = VECTOR('',#5199,1.);
#5199 = DIRECTION('',(0.5,-0.866025403784,0.));
#5200 = PCURVE('',#3358,#5201);
#5201 = DEFINITIONAL_REPRESENTATION('',(#5202),#5206);
#5202 = LINE('',#5203,#5204);
#5203 = CARTESIAN_POINT('',(0.,-2.6));
#5204 = VECTOR('',#5205,1.);
#5205 = DIRECTION('',(1.,0.));
#5206 = ( GEOMETRIC_REPRESENTATION_CONTEXT(2) 
PARAMETRIC_REPRESENTATION_CONTEXT() REPRESENTATION_CONTEXT('2D SPACE',''
  ) );
#5207 = PCURVE('',#5056,#5208);
#5208 = DEFINITIONAL_REPRESENTATION('',(#5209),#5213);
#5209 = LINE('',#5210,#5211);
#5210 = CARTESIAN_POINT('',(-3.35,0.));
#5211 = VECTOR('',#5212,1.);
#5212 = DIRECTION('',(0.5,-0.866025403784));
#5213 = ( GEOMETRIC_REPRESENTATION_CONTEXT(2) 
PARAMETRIC_REPRESENTATION_CONTEXT() REPRESENTATION_CONTEXT('2D SPACE',''
  ) );
#5214 = ORIENTED_EDGE('',*,*,#5215,.F.);
#5215 = EDGE_CURVE('',#3315,#5193,#5216,.T.);
#5216 = SURFACE_CURVE('',#5217,(#5221,#5228),.PCURVE_S1.);
#5217 = LINE('',#5218,#5219);
#5218 = CARTESIAN_POINT('',(30.325,16.098814897322,4.));
#5219 = VECTOR('',#5220,1.);
#5220 = DIRECTION('',(0.,0.,1.));
#5221 = PCURVE('',#3358,#5222);
#5222 = DEFINITIONAL_REPRESENTATION('',(#5223),#5227);
#5223 = LINE('',#5224,#5225);
#5224 = CARTESIAN_POINT('',(3.35,0.));
#5225 = VECTOR('',#5226,1.);
#5226 = DIRECTION('',(0.,-1.));
#5227 = ( GEOMETRIC_REPRESENTATION_CONTEXT(2) 
PARAMETRIC_REPRESENTATION_CONTEXT() REPRESENTATION_CONTEXT('2D SPACE',''
  ) );
#5228 = PCURVE('',#3330,#5229);
#5229 = DEFINITIONAL_REPRESENTATION('',(#5230),#5234);
#5230 = LINE('',#5231,#5232);
#5231 = CARTESIAN_POINT('',(0.,0.));
#5232 = VECTOR('',#5233,1.);
#5233 = DIRECTION('',(0.,-1.));
#5234 = ( GEOMETRIC_REPRESENTATION_CONTEXT(2) 
PARAMETRIC_REPRESENTATION_CONTEXT() REPRESENTATION_CONTEXT('2D SPACE',''
  ) );
#5235 = ORIENTED_EDGE('',*,*,#3342,.F.);
#5236 = ADVANCED_FACE('',(#5237),#3330,.T.);
#5237 = FACE_BOUND('',#5238,.T.);
#5238 = EDGE_LOOP('',(#5239,#5240,#5263,#5284));
#5239 = ORIENTED_EDGE('',*,*,#5215,.T.);
#5240 = ORIENTED_EDGE('',*,*,#5241,.T.);
#5241 = EDGE_CURVE('',#5193,#5242,#5244,.T.);
#5242 = VERTEX_POINT('',#5243);
#5243 = CARTESIAN_POINT('',(33.675,16.098814897322,6.6));
#5244 = SURFACE_CURVE('',#5245,(#5249,#5256),.PCURVE_S1.);
#5245 = LINE('',#5246,#5247);
#5246 = CARTESIAN_POINT('',(30.325,16.098814897322,6.6));
#5247 = VECTOR('',#5248,1.);
#5248 = DIRECTION('',(1.,-6.628197161941E-16,0.));
#5249 = PCURVE('',#3330,#5250);
#5250 = DEFINITIONAL_REPRESENTATION('',(#5251),#5255);
#5251 = LINE('',#5252,#5253);
#5252 = CARTESIAN_POINT('',(0.,-2.6));
#5253 = VECTOR('',#5254,1.);
#5254 = DIRECTION('',(1.,0.));
#5255 = ( GEOMETRIC_REPRESENTATION_CONTEXT(2) 
PARAMETRIC_REPRESENTATION_CONTEXT() REPRESENTATION_CONTEXT('2D SPACE',''
  ) );
#5256 = PCURVE('',#5056,#5257);
#5257 = DEFINITIONAL_REPRESENTATION('',(#5258),#5262);
#5258 = LINE('',#5259,#5260);
#5259 = CARTESIAN_POINT('',(-1.675,-2.901185102678));
#5260 = VECTOR('',#5261,1.);
#5261 = DIRECTION('',(1.,-6.628197161941E-16));
#5262 = ( GEOMETRIC_REPRESENTATION_CONTEXT(2) 
PARAMETRIC_REPRESENTATION_CONTEXT() REPRESENTATION_CONTEXT('2D SPACE',''
  ) );
#5263 = ORIENTED_EDGE('',*,*,#5264,.F.);
#5264 = EDGE_CURVE('',#3287,#5242,#5265,.T.);
#5265 = SURFACE_CURVE('',#5266,(#5270,#5277),.PCURVE_S1.);
#5266 = LINE('',#5267,#5268);
#5267 = CARTESIAN_POINT('',(33.675,16.098814897322,4.));
#5268 = VECTOR('',#5269,1.);
#5269 = DIRECTION('',(0.,0.,1.));
#5270 = PCURVE('',#3330,#5271);
#5271 = DEFINITIONAL_REPRESENTATION('',(#5272),#5276);
#5272 = LINE('',#5273,#5274);
#5273 = CARTESIAN_POINT('',(3.35,0.));
#5274 = VECTOR('',#5275,1.);
#5275 = DIRECTION('',(0.,-1.));
#5276 = ( GEOMETRIC_REPRESENTATION_CONTEXT(2) 
PARAMETRIC_REPRESENTATION_CONTEXT() REPRESENTATION_CONTEXT('2D SPACE',''
  ) );
#5277 = PCURVE('',#3302,#5278);
#5278 = DEFINITIONAL_REPRESENTATION('',(#5279),#5283);
#5279 = LINE('',#5280,#5281);
#5280 = CARTESIAN_POINT('',(0.,0.));
#5281 = VECTOR('',#5282,1.);
#5282 = DIRECTION('',(0.,-1.));
#5283 = ( GEOMETRIC_REPRESENTATION_CONTEXT(2) 
PARAMETRIC_REPRESENTATION_CONTEXT() REPRESENTATION_CONTEXT('2D SPACE',''
  ) );
#5284 = ORIENTED_EDGE('',*,*,#3314,.F.);
#5285 = ADVANCED_FACE('',(#5286),#3302,.T.);
#5286 = FACE_BOUND('',#5287,.T.);
#5287 = EDGE_LOOP('',(#5288,#5289,#5310,#5311));
#5288 = ORIENTED_EDGE('',*,*,#5264,.T.);
#5289 = ORIENTED_EDGE('',*,*,#5290,.T.);
#5290 = EDGE_CURVE('',#5242,#5018,#5291,.T.);
#5291 = SURFACE_CURVE('',#5292,(#5296,#5303),.PCURVE_S1.);
#5292 = LINE('',#5293,#5294);
#5293 = CARTESIAN_POINT('',(33.675,16.098814897322,6.6));
#5294 = VECTOR('',#5295,1.);
#5295 = DIRECTION('',(0.5,0.866025403784,0.));
#5296 = PCURVE('',#3302,#5297);
#5297 = DEFINITIONAL_REPRESENTATION('',(#5298),#5302);
#5298 = LINE('',#5299,#5300);
#5299 = CARTESIAN_POINT('',(0.,-2.6));
#5300 = VECTOR('',#5301,1.);
#5301 = DIRECTION('',(1.,0.));
#5302 = ( GEOMETRIC_REPRESENTATION_CONTEXT(2) 
PARAMETRIC_REPRESENTATION_CONTEXT() REPRESENTATION_CONTEXT('2D SPACE',''
  ) );
#5303 = PCURVE('',#5056,#5304);
#5304 = DEFINITIONAL_REPRESENTATION('',(#5305),#5309);
#5305 = LINE('',#5306,#5307);
#5306 = CARTESIAN_POINT('',(1.675,-2.901185102678));
#5307 = VECTOR('',#5308,1.);
#5308 = DIRECTION('',(0.5,0.866025403784));
#5309 = ( GEOMETRIC_REPRESENTATION_CONTEXT(2) 
PARAMETRIC_REPRESENTATION_CONTEXT() REPRESENTATION_CONTEXT('2D SPACE',''
  ) );
#5310 = ORIENTED_EDGE('',*,*,#5017,.F.);
#5311 = ORIENTED_EDGE('',*,*,#3286,.F.);
#5312 = ADVANCED_FACE('',(#5313),#3617,.F.);
#5313 = FACE_BOUND('',#5314,.T.);
#5314 = EDGE_LOOP('',(#5315,#5346,#5365,#5366));
#5315 = ORIENTED_EDGE('',*,*,#5316,.F.);
#5316 = EDGE_CURVE('',#5317,#5319,#5321,.T.);
#5317 = VERTEX_POINT('',#5318);
#5318 = CARTESIAN_POINT('',(1.356725293502,-26.,-97.));
#5319 = VERTEX_POINT('',#5320);
#5320 = CARTESIAN_POINT('',(10.643274706498,-26.,-97.));
#5321 = SURFACE_CURVE('',#5322,(#5327,#5334),.PCURVE_S1.);
#5322 = CIRCLE('',#5323,6.);
#5323 = AXIS2_PLACEMENT_3D('',#5324,#5325,#5326);
#5324 = CARTESIAN_POINT('',(6.,-22.2,-97.));
#5325 = DIRECTION('',(0.,0.,-1.));
#5326 = DIRECTION('',(1.,0.,0.));
#5327 = PCURVE('',#3617,#5328);
#5328 = DEFINITIONAL_REPRESENTATION('',(#5329),#5333);
#5329 = LINE('',#5330,#5331);
#5330 = CARTESIAN_POINT('',(-12.56637061435,-11.));
#5331 = VECTOR('',#5332,1.);
#5332 = DIRECTION('',(1.,-0.));
#5333 = ( GEOMETRIC_REPRESENTATION_CONTEXT(2) 
PARAMETRIC_REPRESENTATION_CONTEXT() REPRESENTATION_CONTEXT('2D SPACE',''
  ) );
#5334 = PCURVE('',#5335,#5340);
#5335 = PLANE('',#5336);
#5336 = AXIS2_PLACEMENT_3D('',#5337,#5338,#5339);
#5337 = CARTESIAN_POINT('',(17.,-24.5,-97.));
#5338 = DIRECTION('',(0.,0.,-1.));
#5339 = DIRECTION('',(-1.,6.26949472771E-16,0.));
#5340 = DEFINITIONAL_REPRESENTATION('',(#5341),#5345);
#5341 = CIRCLE('',#5342,6.);
#5342 = AXIS2_PLACEMENT_2D('',#5343,#5344);
#5343 = CARTESIAN_POINT('',(11.,2.3));
#5344 = DIRECTION('',(-1.,6.26949472771E-16));
#5345 = ( GEOMETRIC_REPRESENTATION_CONTEXT(2) 
PARAMETRIC_REPRESENTATION_CONTEXT() REPRESENTATION_CONTEXT('2D SPACE',''
  ) );
#5346 = ORIENTED_EDGE('',*,*,#5347,.T.);
#5347 = EDGE_CURVE('',#5317,#3595,#5348,.T.);
#5348 = SURFACE_CURVE('',#5349,(#5353,#5359),.PCURVE_S1.);
#5349 = LINE('',#5350,#5351);
#5350 = CARTESIAN_POINT('',(1.356725293502,-26.,-108.));
#5351 = VECTOR('',#5352,1.);
#5352 = DIRECTION('',(-0.,-0.,-1.));
#5353 = PCURVE('',#3617,#5354);
#5354 = DEFINITIONAL_REPRESENTATION('',(#5355),#5358);
#5355 = B_SPLINE_CURVE_WITH_KNOTS('',1,(#5356,#5357),.UNSPECIFIED.,.F.,
  .F.,(2,2),(-15.,0.),.PIECEWISE_BEZIER_KNOTS.);
#5356 = CARTESIAN_POINT('',(-10.11063092538,-15.));
#5357 = CARTESIAN_POINT('',(-10.11063092538,0.));
#5358 = ( GEOMETRIC_REPRESENTATION_CONTEXT(2) 
PARAMETRIC_REPRESENTATION_CONTEXT() REPRESENTATION_CONTEXT('2D SPACE',''
  ) );
#5359 = PCURVE('',#3648,#5360);
#5360 = DEFINITIONAL_REPRESENTATION('',(#5361),#5364);
#5361 = B_SPLINE_CURVE_WITH_KNOTS('',1,(#5362,#5363),.UNSPECIFIED.,.F.,
  .F.,(2,2),(-15.,0.),.PIECEWISE_BEZIER_KNOTS.);
#5362 = CARTESIAN_POINT('',(-2.455739688971,-15.));
#5363 = CARTESIAN_POINT('',(-2.455739688971,0.));
#5364 = ( GEOMETRIC_REPRESENTATION_CONTEXT(2) 
PARAMETRIC_REPRESENTATION_CONTEXT() REPRESENTATION_CONTEXT('2D SPACE',''
  ) );
#5365 = ORIENTED_EDGE('',*,*,#3594,.T.);
#5366 = ORIENTED_EDGE('',*,*,#5367,.F.);
#5367 = EDGE_CURVE('',#5319,#3597,#5368,.T.);
#5368 = SURFACE_CURVE('',#5369,(#5373,#5379),.PCURVE_S1.);
#5369 = LINE('',#5370,#5371);
#5370 = CARTESIAN_POINT('',(10.643274706498,-26.,-108.));
#5371 = VECTOR('',#5372,1.);
#5372 = DIRECTION('',(-0.,-0.,-1.));
#5373 = PCURVE('',#3617,#5374);
#5374 = DEFINITIONAL_REPRESENTATION('',(#5375),#5378);
#5375 = B_SPLINE_CURVE_WITH_KNOTS('',1,(#5376,#5377),.UNSPECIFIED.,.F.,
  .F.,(2,2),(-15.,0.),.PIECEWISE_BEZIER_KNOTS.);
#5376 = CARTESIAN_POINT('',(-5.597332342561,-15.));
#5377 = CARTESIAN_POINT('',(-5.597332342561,0.));
#5378 = ( GEOMETRIC_REPRESENTATION_CONTEXT(2) 
PARAMETRIC_REPRESENTATION_CONTEXT() REPRESENTATION_CONTEXT('2D SPACE',''
  ) );
#5379 = PCURVE('',#3648,#5380);
#5380 = DEFINITIONAL_REPRESENTATION('',(#5381),#5384);
#5381 = B_SPLINE_CURVE_WITH_KNOTS('',1,(#5382,#5383),.UNSPECIFIED.,.F.,
  .F.,(2,2),(-15.,0.),.PIECEWISE_BEZIER_KNOTS.);
#5382 = CARTESIAN_POINT('',(-6.969038271798,-15.));
#5383 = CARTESIAN_POINT('',(-6.969038271798,0.));
#5384 = ( GEOMETRIC_REPRESENTATION_CONTEXT(2) 
PARAMETRIC_REPRESENTATION_CONTEXT() REPRESENTATION_CONTEXT('2D SPACE',''
  ) );
#5385 = ADVANCED_FACE('',(#5386),#3648,.F.);
#5386 = FACE_BOUND('',#5387,.T.);
#5387 = EDGE_LOOP('',(#5388,#5389,#5390,#5414,#5567,#5600,#5656,#5678));
#5388 = ORIENTED_EDGE('',*,*,#3629,.T.);
#5389 = ORIENTED_EDGE('',*,*,#5347,.F.);
#5390 = ORIENTED_EDGE('',*,*,#5391,.F.);
#5391 = EDGE_CURVE('',#5392,#5317,#5394,.T.);
#5392 = VERTEX_POINT('',#5393);
#5393 = CARTESIAN_POINT('',(5.743068306844,-35.79449631787,-97.));
#5394 = SURFACE_CURVE('',#5395,(#5400,#5407),.PCURVE_S1.);
#5395 = CIRCLE('',#5396,6.);
#5396 = AXIS2_PLACEMENT_3D('',#5397,#5398,#5399);
#5397 = CARTESIAN_POINT('',(6.,-29.8,-97.));
#5398 = DIRECTION('',(0.,0.,-1.));
#5399 = DIRECTION('',(1.,0.,0.));
#5400 = PCURVE('',#3648,#5401);
#5401 = DEFINITIONAL_REPRESENTATION('',(#5402),#5406);
#5402 = LINE('',#5403,#5404);
#5403 = CARTESIAN_POINT('',(-12.56637061435,-11.));
#5404 = VECTOR('',#5405,1.);
#5405 = DIRECTION('',(1.,-0.));
#5406 = ( GEOMETRIC_REPRESENTATION_CONTEXT(2) 
PARAMETRIC_REPRESENTATION_CONTEXT() REPRESENTATION_CONTEXT('2D SPACE',''
  ) );
#5407 = PCURVE('',#5335,#5408);
#5408 = DEFINITIONAL_REPRESENTATION('',(#5409),#5413);
#5409 = CIRCLE('',#5410,6.);
#5410 = AXIS2_PLACEMENT_2D('',#5411,#5412);
#5411 = CARTESIAN_POINT('',(11.,-5.3));
#5412 = DIRECTION('',(-1.,6.26949472771E-16));
#5413 = ( GEOMETRIC_REPRESENTATION_CONTEXT(2) 
PARAMETRIC_REPRESENTATION_CONTEXT() REPRESENTATION_CONTEXT('2D SPACE',''
  ) );
#5414 = ORIENTED_EDGE('',*,*,#5415,.T.);
#5415 = EDGE_CURVE('',#5392,#5416,#5418,.T.);
#5416 = VERTEX_POINT('',#5417);
#5417 = CARTESIAN_POINT('',(5.428115434916,-35.77268348769,-93.));
#5418 = SURFACE_CURVE('',#5419,(#5436,#5456),.PCURVE_S1.);
#5419 = B_SPLINE_CURVE_WITH_KNOTS('',8,(#5420,#5421,#5422,#5423,#5424,
    #5425,#5426,#5427,#5428,#5429,#5430,#5431,#5432,#5433,#5434,#5435),
  .UNSPECIFIED.,.F.,.F.,(9,7,9),(0.,0.237405067105,1.),.UNSPECIFIED.);
#5420 = CARTESIAN_POINT('',(5.743068306844,-35.79449631787,-97.));
#5421 = CARTESIAN_POINT('',(5.759458349358,-35.79519881582,
    -96.88126297774));
#5422 = CARTESIAN_POINT('',(5.774078649237,-35.79577412586,
    -96.76239966484));
#5423 = CARTESIAN_POINT('',(5.786886515148,-35.79623991841,
    -96.64342377507));
#5424 = CARTESIAN_POINT('',(5.797845620599,-35.79661177905,
    -96.52435009465));
#5425 = CARTESIAN_POINT('',(5.806927241301,-35.79690290401,
    -96.40519454572));
#5426 = CARTESIAN_POINT('',(5.814111492511,-35.79712379568,
    -96.28597424977));
#5427 = CARTESIAN_POINT('',(5.819388566397,-35.79728195821,
    -96.16670759115));
#5428 = CARTESIAN_POINT('',(5.833589623816,-35.79770164067,
    -95.66421911396));
#5429 = CARTESIAN_POINT('',(5.824754459765,-35.79741845477,
    -95.28073947954));
#5430 = CARTESIAN_POINT('',(5.796297483764,-35.796673022,-94.89769968437
    ));
#5431 = CARTESIAN_POINT('',(5.749401139858,-35.79529113426,
    -94.5155976265));
#5432 = CARTESIAN_POINT('',(5.686556461155,-35.79271521934,
    -94.13470417195));
#5433 = CARTESIAN_POINT('',(5.610465949126,-35.78838271411,
    -93.75515242616));
#5434 = CARTESIAN_POINT('',(5.523603081165,-35.78182643421,
    -93.37695254433));
#5435 = CARTESIAN_POINT('',(5.428115282928,-35.77268347314,-92.9999994)
  );
#5436 = PCURVE('',#3648,#5437);
#5437 = DEFINITIONAL_REPRESENTATION('',(#5438),#5455);
#5438 = B_SPLINE_CURVE_WITH_KNOTS('',8,(#5439,#5440,#5441,#5442,#5443,
    #5444,#5445,#5446,#5447,#5448,#5449,#5450,#5451,#5452,#5453,#5454),
  .UNSPECIFIED.,.F.,.F.,(9,7,9),(0.,0.237405067105,1.),.UNSPECIFIED.);
#5439 = CARTESIAN_POINT('',(-4.669553933475,-11.));
#5440 = CARTESIAN_POINT('',(-4.672288115239,-11.11873702225));
#5441 = CARTESIAN_POINT('',(-4.674726703185,-11.23760033515));
#5442 = CARTESIAN_POINT('',(-4.676862744311,-11.35657622492));
#5443 = CARTESIAN_POINT('',(-4.678690304952,-11.47564990534));
#5444 = CARTESIAN_POINT('',(-4.680204683843,-11.59480545427));
#5445 = CARTESIAN_POINT('',(-4.681402625168,-11.71402575022));
#5446 = CARTESIAN_POINT('',(-4.682282531615,-11.83329240884));
#5447 = CARTESIAN_POINT('',(-4.684650407862,-12.33578088603));
#5448 = CARTESIAN_POINT('',(-4.68317712301,-12.71926052045));
#5449 = CARTESIAN_POINT('',(-4.678432741892,-13.10230031562));
#5450 = CARTESIAN_POINT('',(-4.670613039063,-13.48440237349));
#5451 = CARTESIAN_POINT('',(-4.660131809803,-13.86529582805));
#5452 = CARTESIAN_POINT('',(-4.647432757622,-14.24484757383));
#5453 = CARTESIAN_POINT('',(-4.632917369516,-14.62304745566));
#5454 = CARTESIAN_POINT('',(-4.616929949679,-15.0000006));
#5455 = ( GEOMETRIC_REPRESENTATION_CONTEXT(2) 
PARAMETRIC_REPRESENTATION_CONTEXT() REPRESENTATION_CONTEXT('2D SPACE',''
  ) );
#5456 = PCURVE('',#5457,#5548);
#5457 = ( BOUNDED_SURFACE() B_SPLINE_SURFACE(14,5,(
    (#5458,#5459,#5460,#5461,#5462,#5463)
    ,(#5464,#5465,#5466,#5467,#5468,#5469)
    ,(#5470,#5471,#5472,#5473,#5474,#5475)
    ,(#5476,#5477,#5478,#5479,#5480,#5481)
    ,(#5482,#5483,#5484,#5485,#5486,#5487)
    ,(#5488,#5489,#5490,#5491,#5492,#5493)
    ,(#5494,#5495,#5496,#5497,#5498,#5499)
    ,(#5500,#5501,#5502,#5503,#5504,#5505)
    ,(#5506,#5507,#5508,#5509,#5510,#5511)
    ,(#5512,#5513,#5514,#5515,#5516,#5517)
    ,(#5518,#5519,#5520,#5521,#5522,#5523)
    ,(#5524,#5525,#5526,#5527,#5528,#5529)
    ,(#5530,#5531,#5532,#5533,#5534,#5535)
    ,(#5536,#5537,#5538,#5539,#5540,#5541)
    ,(#5542,#5543,#5544,#5545,#5546,#5547
)),.UNSPECIFIED.,.T.,.F.,.F.) B_SPLINE_SURFACE_WITH_KNOTS((15,15),(6,6),
  (0.,1.),(0.,1.),.PIECEWISE_BEZIER_KNOTS.) 
GEOMETRIC_REPRESENTATION_ITEM() RATIONAL_B_SPLINE_SURFACE((
    (1.,1.,1.,1.,1.,1.)
    ,(1.,1.,1.,1.,1.,1.)
    ,(1.,1.,1.,1.,1.,1.)
    ,(1.,1.,1.,1.,1.,1.)
    ,(1.,1.,1.,1.,1.,1.)
    ,(1.,1.,1.,1.,1.,1.)
    ,(1.,1.,1.,1.,1.,1.)
    ,(1.,1.,1.,1.,1.,1.)
    ,(1.,1.,1.,1.,1.,1.)
    ,(1.,1.,1.,1.,1.,1.)
    ,(1.,1.,1.,1.,1.,1.)
    ,(1.,1.,1.,1.,1.,1.)
    ,(1.,1.,1.,1.,1.,1.)
    ,(1.,1.,1.,1.,1.,1.)
,(1.,1.,1.,1.,1.,1.))) REPRESENTATION_ITEM('') SURFACE() );
#5458 = CARTESIAN_POINT('',(17.,-24.5,-97.));
#5459 = CARTESIAN_POINT('',(24.695572997032,-19.3397591547,
    -77.51967133455));
#5460 = CARTESIAN_POINT('',(15.196592142779,-9.442324537701,
    -55.11219644121));
#5461 = CARTESIAN_POINT('',(31.729761407938,-12.34565689953,
    -35.33195450265));
#5462 = CARTESIAN_POINT('',(28.25621735006,-2.109562729412,
    -14.41592287524));
#5463 = CARTESIAN_POINT('',(30.,2.606519132579E-15,7.));
#5464 = CARTESIAN_POINT('',(17.000000000003,-19.11441259384,-97.));
#5465 = CARTESIAN_POINT('',(24.695572997047,-11.42786359354,
    -77.51967133455));
#5466 = CARTESIAN_POINT('',(15.196592142752,-4.138002351172,
    -55.11219644121));
#5467 = CARTESIAN_POINT('',(31.729761407966,-3.391128076955,
    -35.33195450265));
#5468 = CARTESIAN_POINT('',(28.256217350054,7.518698588513,
    -14.41592287524));
#5469 = CARTESIAN_POINT('',(30.000000000004,9.873576911289,7.));
#5470 = CARTESIAN_POINT('',(13.3124558596,-13.72882319974,-97.));
#5471 = CARTESIAN_POINT('',(19.338748555862,-3.515965111931,
    -77.51967133455));
#5472 = CARTESIAN_POINT('',(11.900233065841,1.166321793248,
    -55.11219644121));
#5473 = CARTESIAN_POINT('',(24.847120481,5.563404050998,-35.33195450265)
  );
#5474 = CARTESIAN_POINT('',(22.12703801369,17.146963460419,
    -14.41592287524));
#5475 = CARTESIAN_POINT('',(23.492569164001,19.747157467127,7.));
#5476 = CARTESIAN_POINT('',(5.93736286467,-9.706167841123,-97.));
#5477 = CARTESIAN_POINT('',(8.625092825689,2.393664920164,
    -77.51967133455));
#5478 = CARTESIAN_POINT('',(5.307510697172,5.128277743268,
    -55.11219644121));
#5479 = CARTESIAN_POINT('',(11.081829829017,12.251807865598,
    -35.33195450265));
#5480 = CARTESIAN_POINT('',(9.868671505181,24.338598107511,
    -14.41592287524));
#5481 = CARTESIAN_POINT('',(10.477699172943,27.122025624609,7.));
#5482 = CARTESIAN_POINT('',(-4.022380450564,-8.409228850085,-97.));
#5483 = CARTESIAN_POINT('',(-5.84323470845,4.298980918694,
    -77.51967133455));
#5484 = CARTESIAN_POINT('',(-3.595675008099,6.405646717976,
    -55.11219644121));
#5485 = CARTESIAN_POINT('',(-7.507598352846,14.408207289226,
    -35.33195450265));
#5486 = CARTESIAN_POINT('',(-6.685720957131,26.657243517334,
    -14.41592287524));
#5487 = CARTESIAN_POINT('',(-7.098318442164,29.499747108174,7.));
#5488 = CARTESIAN_POINT('',(-14.36118622684,-10.71227766788,-97.));
#5489 = CARTESIAN_POINT('',(-20.86221898712,0.915602218347,
    -77.51967133455));
#5490 = CARTESIAN_POINT('',(-12.83771116449,4.137349498561,
    -55.11219644121));
#5491 = CARTESIAN_POINT('',(-26.80453014687,10.578965376072,
    -35.33195450265));
#5492 = CARTESIAN_POINT('',(-23.87016467281,22.539892117711,
    -14.41592287524));
#5493 = CARTESIAN_POINT('',(-25.34326981209,25.277490942222,7.));
#5494 = CARTESIAN_POINT('',(-22.2537089282,-16.50937705681,-97.));
#5495 = CARTESIAN_POINT('',(-32.32753490008,-7.600840179445,
    -77.51967133455));
#5496 = CARTESIAN_POINT('',(-19.89297283641,-1.572275207285,
    -55.11219644121));
#5497 = CARTESIAN_POINT('',(-41.53558086791,0.940222255719,
    -35.33195450265));
#5498 = CARTESIAN_POINT('',(-36.9885668418,12.175936694658,
    -14.41592287524));
#5499 = CARTESIAN_POINT('',(-39.27125104975,14.649475395817,7.));
#5500 = CARTESIAN_POINT('',(-25.22508623481,-24.49999999985,-97.));
#5501 = CARTESIAN_POINT('',(-36.64399755631,-19.33975915445,
    -77.51967133455));
#5502 = CARTESIAN_POINT('',(-22.54913807683,-9.442324537206,
    -55.11219644121));
#5503 = CARTESIAN_POINT('',(-47.08152751192,-12.34565689991,
    -35.33195450265));
#5504 = CARTESIAN_POINT('',(-41.92738349032,-2.109562728943,
    -14.41592287524));
#5505 = CARTESIAN_POINT('',(-44.51485806145,2.913297794736E-10,7.));
#5506 = CARTESIAN_POINT('',(-22.25370892821,-32.49062294344,-97.));
#5507 = CARTESIAN_POINT('',(-32.32753490004,-31.0786781304,
    -77.51967133455));
#5508 = CARTESIAN_POINT('',(-19.89297283646,-17.31237386902,
    -55.11219644121));
#5509 = CARTESIAN_POINT('',(-41.53558086789,-25.63153605409,
    -35.33195450265));
#5510 = CARTESIAN_POINT('',(-36.98856684181,-16.39506215434,
    -14.41592287524));
#5511 = CARTESIAN_POINT('',(-39.27125104976,-14.64947539635,7.));
#5512 = CARTESIAN_POINT('',(-14.36118622683,-38.28772233191,-97.));
#5513 = CARTESIAN_POINT('',(-20.86221898718,-39.5951205274,
    -77.51967133455));
#5514 = CARTESIAN_POINT('',(-12.83771116441,-23.02199857327,
    -55.11219644121));
#5515 = CARTESIAN_POINT('',(-26.8045301469,-35.27027917565,
    -35.33195450265));
#5516 = CARTESIAN_POINT('',(-23.87016467279,-26.75901757588,
    -14.41592287524));
#5517 = CARTESIAN_POINT('',(-25.34326981208,-25.27749094181,7.));
#5518 = CARTESIAN_POINT('',(-4.022380450576,-40.59077115003,-97.));
#5519 = CARTESIAN_POINT('',(-5.8432347084,-42.97849922831,
    -77.51967133455));
#5520 = CARTESIAN_POINT('',(-3.595675008171,-25.29029579379,
    -55.11219644121));
#5521 = CARTESIAN_POINT('',(-7.507598352813,-39.09952108798,
    -35.33195450265));
#5522 = CARTESIAN_POINT('',(-6.685720957153,-30.87636897655,
    -14.41592287524));
#5523 = CARTESIAN_POINT('',(-7.098318442175,-29.49974710843,7.));
#5524 = CARTESIAN_POINT('',(5.937362864677,-39.29383215881,-97.));
#5525 = CARTESIAN_POINT('',(8.62509282566,-41.07318322945,
    -77.51967133455));
#5526 = CARTESIAN_POINT('',(5.307510697216,-24.01292681846,
    -55.11219644121));
#5527 = CARTESIAN_POINT('',(11.081829828995,-36.94312166481,
    -35.33195450265));
#5528 = CARTESIAN_POINT('',(9.868671505195,-28.55772356614,
    -14.41592287524));
#5529 = CARTESIAN_POINT('',(10.47769917295,-27.12202562447,7.));
#5530 = CARTESIAN_POINT('',(13.312455859597,-35.27117680027,-97.));
#5531 = CARTESIAN_POINT('',(19.338748555873,-35.16355319751,
    -77.51967133455));
#5532 = CARTESIAN_POINT('',(11.900233065823,-20.05097086872,
    -55.11219644121));
#5533 = CARTESIAN_POINT('',(24.84712048101,-30.25471785001,
    -35.33195450265));
#5534 = CARTESIAN_POINT('',(22.127038013684,-21.36608891931,
    -14.41592287524));
#5535 = CARTESIAN_POINT('',(23.492569163999,-19.74715746717,7.));
#5536 = CARTESIAN_POINT('',(17.000000000003,-29.88558740615,-97.));
#5537 = CARTESIAN_POINT('',(24.695572997044,-27.25165471584,
    -77.51967133455));
#5538 = CARTESIAN_POINT('',(15.196592142756,-14.74664672421,
    -55.11219644121));
#5539 = CARTESIAN_POINT('',(31.729761407964,-21.30018572212,
    -35.33195450265));
#5540 = CARTESIAN_POINT('',(28.256217350056,-11.73782404732,
    -14.41592287524));
#5541 = CARTESIAN_POINT('',(30.000000000005,-9.873576911278,7.));
#5542 = CARTESIAN_POINT('',(17.,-24.5,-97.));
#5543 = CARTESIAN_POINT('',(24.695572997032,-19.3397591547,
    -77.51967133455));
#5544 = CARTESIAN_POINT('',(15.196592142778,-9.442324537701,
    -55.11219644121));
#5545 = CARTESIAN_POINT('',(31.729761407938,-12.34565689953,
    -35.33195450265));
#5546 = CARTESIAN_POINT('',(28.25621735006,-2.109562729412,
    -14.41592287524));
#5547 = CARTESIAN_POINT('',(30.,-1.160433578539E-14,7.));
#5548 = DEFINITIONAL_REPRESENTATION('',(#5549),#5566);
#5549 = B_SPLINE_CURVE_WITH_KNOTS('',8,(#5550,#5551,#5552,#5553,#5554,
    #5555,#5556,#5557,#5558,#5559,#5560,#5561,#5562,#5563,#5564,#5565),
  .UNSPECIFIED.,.F.,.F.,(9,7,9),(0.,0.237405067105,1.),.UNSPECIFIED.);
#5550 = CARTESIAN_POINT('',(0.804846032445,0.));
#5551 = CARTESIAN_POINT('',(0.804851441688,1.219045369265E-03));
#5552 = CARTESIAN_POINT('',(0.804841140561,2.438366536822E-03));
#5553 = CARTESIAN_POINT('',(0.804814872048,3.657831344646E-03));
#5554 = CARTESIAN_POINT('',(0.804772445015,4.877297197345E-03));
#5555 = CARTESIAN_POINT('',(0.804713744143,6.096610469342E-03));
#5556 = CARTESIAN_POINT('',(0.804638739845,7.315605912078E-03));
#5557 = CARTESIAN_POINT('',(0.8045474982,8.534106061195E-03));
#5558 = CARTESIAN_POINT('',(0.804095497222,1.366379683567E-02));
#5559 = CARTESIAN_POINT('',(0.803585006556,1.756869580003E-02));
#5560 = CARTESIAN_POINT('',(0.802914407695,2.145958512769E-02));
#5561 = CARTESIAN_POINT('',(0.802099503549,2.533183317479E-02));
#5562 = CARTESIAN_POINT('',(0.801167005958,2.918314633524E-02));
#5563 = CARTESIAN_POINT('',(0.800143415738,3.301261608327E-02));
#5564 = CARTESIAN_POINT('',(0.799051811699,3.682055536153E-02));
#5565 = CARTESIAN_POINT('',(0.797911284587,4.060840149455E-02));
#5566 = ( GEOMETRIC_REPRESENTATION_CONTEXT(2) 
PARAMETRIC_REPRESENTATION_CONTEXT() REPRESENTATION_CONTEXT('2D SPACE',''
  ) );
#5567 = ORIENTED_EDGE('',*,*,#5568,.F.);
#5568 = EDGE_CURVE('',#5569,#5416,#5571,.T.);
#5569 = VERTEX_POINT('',#5570);
#5570 = CARTESIAN_POINT('',(10.050539599873,-34.2264126502,-93.));
#5571 = SURFACE_CURVE('',#5572,(#5577,#5584),.PCURVE_S1.);
#5572 = CIRCLE('',#5573,6.);
#5573 = AXIS2_PLACEMENT_3D('',#5574,#5575,#5576);
#5574 = CARTESIAN_POINT('',(6.,-29.8,-93.));
#5575 = DIRECTION('',(0.,0.,-1.));
#5576 = DIRECTION('',(0.77387911775,0.633333333333,0.));
#5577 = PCURVE('',#3648,#5578);
#5578 = DEFINITIONAL_REPRESENTATION('',(#5579),#5583);
#5579 = LINE('',#5580,#5581);
#5580 = CARTESIAN_POINT('',(-6.969038271798,-15.));
#5581 = VECTOR('',#5582,1.);
#5582 = DIRECTION('',(1.,-0.));
#5583 = ( GEOMETRIC_REPRESENTATION_CONTEXT(2) 
PARAMETRIC_REPRESENTATION_CONTEXT() REPRESENTATION_CONTEXT('2D SPACE',''
  ) );
#5584 = PCURVE('',#5585,#5590);
#5585 = PLANE('',#5586);
#5586 = AXIS2_PLACEMENT_3D('',#5587,#5588,#5589);
#5587 = CARTESIAN_POINT('',(6.,-29.8,-93.));
#5588 = DIRECTION('',(0.,0.,1.));
#5589 = DIRECTION('',(1.,0.,-0.));
#5590 = DEFINITIONAL_REPRESENTATION('',(#5591),#5599);
#5591 = ( BOUNDED_CURVE() B_SPLINE_CURVE(2,(#5592,#5593,#5594,#5595,
#5596,#5597,#5598),.UNSPECIFIED.,.T.,.F.) B_SPLINE_CURVE_WITH_KNOTS((1,2
    ,2,2,2,1),(-2.094395102393,0.,2.094395102393,4.188790204786,
6.28318530718,8.377580409573),.UNSPECIFIED.) CURVE() 
GEOMETRIC_REPRESENTATION_ITEM() RATIONAL_B_SPLINE_CURVE((1.,0.5,1.,0.5,
1.,0.5,1.)) REPRESENTATION_ITEM('') );
#5592 = CARTESIAN_POINT('',(4.643274706498,3.8));
#5593 = CARTESIAN_POINT('',(11.225067775259,-4.242387705153));
#5594 = CARTESIAN_POINT('',(0.969259181132,-5.921193852577));
#5595 = CARTESIAN_POINT('',(-9.286549412995,-7.6));
#5596 = CARTESIAN_POINT('',(-5.61253388763,2.121193852577));
#5597 = CARTESIAN_POINT('',(-1.938518362264,11.842387705153));
#5598 = CARTESIAN_POINT('',(4.643274706498,3.8));
#5599 = ( GEOMETRIC_REPRESENTATION_CONTEXT(2) 
PARAMETRIC_REPRESENTATION_CONTEXT() REPRESENTATION_CONTEXT('2D SPACE',''
  ) );
#5600 = ORIENTED_EDGE('',*,*,#5601,.T.);
#5601 = EDGE_CURVE('',#5569,#5602,#5604,.T.);
#5602 = VERTEX_POINT('',#5603);
#5603 = CARTESIAN_POINT('',(10.165927029799,-34.11799166076,-97.));
#5604 = SURFACE_CURVE('',#5605,(#5620,#5638),.PCURVE_S1.);
#5605 = B_SPLINE_CURVE_WITH_KNOTS('',7,(#5606,#5607,#5608,#5609,#5610,
    #5611,#5612,#5613,#5614,#5615,#5616,#5617,#5618,#5619),
  .UNSPECIFIED.,.F.,.F.,(8,6,8),(0.,0.49402512049,1.),.UNSPECIFIED.);
#5606 = CARTESIAN_POINT('',(10.050539670938,-34.22641258517,-92.9999994)
  );
#5607 = CARTESIAN_POINT('',(10.017159979331,-34.25695780942,
    -93.28182656212));
#5608 = CARTESIAN_POINT('',(9.987940279546,-34.28315659828,
    -93.56414682949));
#5609 = CARTESIAN_POINT('',(9.963742393258,-34.30447885788,
    -93.84697624331));
#5610 = CARTESIAN_POINT('',(9.945522904431,-34.32032353948,
    -94.13026447439));
#5611 = CARTESIAN_POINT('',(9.934304871553,-34.33002670653,
    -94.41389377883));
#5612 = CARTESIAN_POINT('',(9.930980057122,-34.33292864219,-94.697673024
    ));
#5613 = CARTESIAN_POINT('',(9.941373745858,-34.32389451097,
    -95.27184386677));
#5614 = CARTESIAN_POINT('',(9.955507679796,-34.31159705106,
    -95.5622665622));
#5615 = CARTESIAN_POINT('',(9.979126274179,-34.29096585732,
    -95.85220103316));
#5616 = CARTESIAN_POINT('',(10.012485733276,-34.26150545978,
    -96.14127218082));
#5617 = CARTESIAN_POINT('',(10.055278042402,-34.22291754605,
    -96.42914043554));
#5618 = CARTESIAN_POINT('',(10.106754640838,-34.17508020422,
    -96.71548703838));
#5619 = CARTESIAN_POINT('',(10.165927029798,-34.11799166076,-97.));
#5620 = PCURVE('',#3648,#5621);
#5621 = DEFINITIONAL_REPRESENTATION('',(#5622),#5637);
#5622 = B_SPLINE_CURVE_WITH_KNOTS('',7,(#5623,#5624,#5625,#5626,#5627,
    #5628,#5629,#5630,#5631,#5632,#5633,#5634,#5635,#5636),
  .UNSPECIFIED.,.F.,.F.,(8,6,8),(0.,0.49402512049,1.),.UNSPECIFIED.);
#5623 = CARTESIAN_POINT('',(-5.453475596401,-15.0000006));
#5624 = CARTESIAN_POINT('',(-5.445934570578,-14.71817343787));
#5625 = CARTESIAN_POINT('',(-5.439394077506,-14.4358531705));
#5626 = CARTESIAN_POINT('',(-5.434019040729,-14.15302375668));
#5627 = CARTESIAN_POINT('',(-5.429994788445,-13.8697355256));
#5628 = CARTESIAN_POINT('',(-5.427522748064,-13.58610622116));
#5629 = CARTESIAN_POINT('',(-5.426787231249,-13.30232697599));
#5630 = CARTESIAN_POINT('',(-5.429082421223,-12.72815613322));
#5631 = CARTESIAN_POINT('',(-5.432204903439,-12.43773343779));
#5632 = CARTESIAN_POINT('',(-5.437431630831,-12.14779896683));
#5633 = CARTESIAN_POINT('',(-5.444849140122,-11.85872781917));
#5634 = CARTESIAN_POINT('',(-5.454451449215,-11.57085956445));
#5635 = CARTESIAN_POINT('',(-5.466161512755,-11.28451296161));
#5636 = CARTESIAN_POINT('',(-5.479865195765,-11.));
#5637 = ( GEOMETRIC_REPRESENTATION_CONTEXT(2) 
PARAMETRIC_REPRESENTATION_CONTEXT() REPRESENTATION_CONTEXT('2D SPACE',''
  ) );
#5638 = PCURVE('',#5457,#5639);
#5639 = DEFINITIONAL_REPRESENTATION('',(#5640),#5655);
#5640 = B_SPLINE_CURVE_WITH_KNOTS('',7,(#5641,#5642,#5643,#5644,#5645,
    #5646,#5647,#5648,#5649,#5650,#5651,#5652,#5653,#5654),
  .UNSPECIFIED.,.F.,.F.,(8,6,8),(0.,0.49402512049,1.),.UNSPECIFIED.);
#5641 = CARTESIAN_POINT('',(0.842497162828,4.060840149455E-02));
#5642 = CARTESIAN_POINT('',(0.842579072617,3.777643698573E-02));
#5643 = CARTESIAN_POINT('',(0.842719682216,3.493520063921E-02));
#5644 = CARTESIAN_POINT('',(0.842929762445,3.208437257151E-02));
#5645 = CARTESIAN_POINT('',(0.8432215384,2.922429153495E-02));
#5646 = CARTESIAN_POINT('',(0.843608570258,2.635597489829E-02));
#5647 = CARTESIAN_POINT('',(0.84410401722,2.348119082169E-02));
#5648 = CARTESIAN_POINT('',(0.845347760366,1.765433255059E-02));
#5649 = CARTESIAN_POINT('',(0.84610196895,1.470169340724E-02));
#5650 = CARTESIAN_POINT('',(0.846992277853,1.174850592881E-02));
#5651 = CARTESIAN_POINT('',(0.84802724236,8.798453888481E-03));
#5652 = CARTESIAN_POINT('',(0.849210555464,5.854899172477E-03));
#5653 = CARTESIAN_POINT('',(0.850541762785,2.921028351251E-03));
#5654 = CARTESIAN_POINT('',(0.852018014526,0.));
#5655 = ( GEOMETRIC_REPRESENTATION_CONTEXT(2) 
PARAMETRIC_REPRESENTATION_CONTEXT() REPRESENTATION_CONTEXT('2D SPACE',''
  ) );
#5656 = ORIENTED_EDGE('',*,*,#5657,.F.);
#5657 = EDGE_CURVE('',#5319,#5602,#5658,.T.);
#5658 = SURFACE_CURVE('',#5659,(#5664,#5671),.PCURVE_S1.);
#5659 = CIRCLE('',#5660,6.);
#5660 = AXIS2_PLACEMENT_3D('',#5661,#5662,#5663);
#5661 = CARTESIAN_POINT('',(6.,-29.8,-97.));
#5662 = DIRECTION('',(0.,0.,-1.));
#5663 = DIRECTION('',(1.,0.,0.));
#5664 = PCURVE('',#3648,#5665);
#5665 = DEFINITIONAL_REPRESENTATION('',(#5666),#5670);
#5666 = LINE('',#5667,#5668);
#5667 = CARTESIAN_POINT('',(-12.56637061435,-11.));
#5668 = VECTOR('',#5669,1.);
#5669 = DIRECTION('',(1.,-0.));
#5670 = ( GEOMETRIC_REPRESENTATION_CONTEXT(2) 
PARAMETRIC_REPRESENTATION_CONTEXT() REPRESENTATION_CONTEXT('2D SPACE',''
  ) );
#5671 = PCURVE('',#5335,#5672);
#5672 = DEFINITIONAL_REPRESENTATION('',(#5673),#5677);
#5673 = CIRCLE('',#5674,6.);
#5674 = AXIS2_PLACEMENT_2D('',#5675,#5676);
#5675 = CARTESIAN_POINT('',(11.,-5.3));
#5676 = DIRECTION('',(-1.,6.26949472771E-16));
#5677 = ( GEOMETRIC_REPRESENTATION_CONTEXT(2) 
PARAMETRIC_REPRESENTATION_CONTEXT() REPRESENTATION_CONTEXT('2D SPACE',''
  ) );
#5678 = ORIENTED_EDGE('',*,*,#5367,.T.);
#5679 = ADVANCED_FACE('',(#5680),#3680,.F.);
#5680 = FACE_BOUND('',#5681,.F.);
#5681 = EDGE_LOOP('',(#5682));
#5682 = ORIENTED_EDGE('',*,*,#3663,.T.);
#5683 = ADVANCED_FACE('',(#5684),#3789,.F.);
#5684 = FACE_BOUND('',#5685,.F.);
#5685 = EDGE_LOOP('',(#5686));
#5686 = ORIENTED_EDGE('',*,*,#3772,.T.);
#5687 = ADVANCED_FACE('',(#5688),#3874,.F.);
#5688 = FACE_BOUND('',#5689,.F.);
#5689 = EDGE_LOOP('',(#5690));
#5690 = ORIENTED_EDGE('',*,*,#3857,.T.);
#5691 = ADVANCED_FACE('',(#5692),#3959,.F.);
#5692 = FACE_BOUND('',#5693,.F.);
#5693 = EDGE_LOOP('',(#5694));
#5694 = ORIENTED_EDGE('',*,*,#3942,.T.);
#5695 = ADVANCED_FACE('',(#5696,#5699,#5734,#5769,#5818,#5853),#4103,.T.
  );
#5696 = FACE_BOUND('',#5697,.T.);
#5697 = EDGE_LOOP('',(#5698));
#5698 = ORIENTED_EDGE('',*,*,#4088,.T.);
#5699 = FACE_BOUND('',#5700,.T.);
#5700 = EDGE_LOOP('',(#5701));
#5701 = ORIENTED_EDGE('',*,*,#5702,.T.);
#5702 = EDGE_CURVE('',#5703,#5703,#5705,.T.);
#5703 = VERTEX_POINT('',#5704);
#5704 = CARTESIAN_POINT('',(-30.2,-19.,7.));
#5705 = SURFACE_CURVE('',#5706,(#5711,#5722),.PCURVE_S1.);
#5706 = CIRCLE('',#5707,1.8);
#5707 = AXIS2_PLACEMENT_3D('',#5708,#5709,#5710);
#5708 = CARTESIAN_POINT('',(-32.,-19.,7.));
#5709 = DIRECTION('',(0.,0.,-1.));
#5710 = DIRECTION('',(1.,0.,0.));
#5711 = PCURVE('',#4103,#5712);
#5712 = DEFINITIONAL_REPRESENTATION('',(#5713),#5721);
#5713 = ( BOUNDED_CURVE() B_SPLINE_CURVE(2,(#5714,#5715,#5716,#5717,
#5718,#5719,#5720),.UNSPECIFIED.,.T.,.F.) B_SPLINE_CURVE_WITH_KNOTS((1,2
    ,2,2,2,1),(-2.094395102393,0.,2.094395102393,4.188790204786,
6.28318530718,8.377580409573),.UNSPECIFIED.) CURVE() 
GEOMETRIC_REPRESENTATION_ITEM() RATIONAL_B_SPLINE_CURVE((1.,0.5,1.,0.5,
1.,0.5,1.)) REPRESENTATION_ITEM('') );
#5714 = CARTESIAN_POINT('',(-31.48292941941,-19.));
#5715 = CARTESIAN_POINT('',(-31.48292941941,-22.11769145362));
#5716 = CARTESIAN_POINT('',(-34.18292941941,-20.55884572681));
#5717 = CARTESIAN_POINT('',(-36.88292941941,-19.));
#5718 = CARTESIAN_POINT('',(-34.18292941941,-17.44115427318));
#5719 = CARTESIAN_POINT('',(-31.48292941941,-15.88230854637));
#5720 = CARTESIAN_POINT('',(-31.48292941941,-19.));
#5721 = ( GEOMETRIC_REPRESENTATION_CONTEXT(2) 
PARAMETRIC_REPRESENTATION_CONTEXT() REPRESENTATION_CONTEXT('2D SPACE',''
  ) );
#5722 = PCURVE('',#5723,#5728);
#5723 = CYLINDRICAL_SURFACE('',#5724,1.8);
#5724 = AXIS2_PLACEMENT_3D('',#5725,#5726,#5727);
#5725 = CARTESIAN_POINT('',(-32.,-19.,3.));
#5726 = DIRECTION('',(-0.,-0.,-1.));
#5727 = DIRECTION('',(1.,0.,0.));
#5728 = DEFINITIONAL_REPRESENTATION('',(#5729),#5733);
#5729 = LINE('',#5730,#5731);
#5730 = CARTESIAN_POINT('',(-6.28318530718,-4.));
#5731 = VECTOR('',#5732,1.);
#5732 = DIRECTION('',(1.,-0.));
#5733 = ( GEOMETRIC_REPRESENTATION_CONTEXT(2) 
PARAMETRIC_REPRESENTATION_CONTEXT() REPRESENTATION_CONTEXT('2D SPACE',''
  ) );
#5734 = FACE_BOUND('',#5735,.T.);
#5735 = EDGE_LOOP('',(#5736));
#5736 = ORIENTED_EDGE('',*,*,#5737,.T.);
#5737 = EDGE_CURVE('',#5738,#5738,#5740,.T.);
#5738 = VERTEX_POINT('',#5739);
#5739 = CARTESIAN_POINT('',(33.8,-19.,7.));
#5740 = SURFACE_CURVE('',#5741,(#5746,#5757),.PCURVE_S1.);
#5741 = CIRCLE('',#5742,1.8);
#5742 = AXIS2_PLACEMENT_3D('',#5743,#5744,#5745);
#5743 = CARTESIAN_POINT('',(32.,-19.,7.));
#5744 = DIRECTION('',(0.,0.,-1.));
#5745 = DIRECTION('',(1.,0.,0.));
#5746 = PCURVE('',#4103,#5747);
#5747 = DEFINITIONAL_REPRESENTATION('',(#5748),#5756);
#5748 = ( BOUNDED_CURVE() B_SPLINE_CURVE(2,(#5749,#5750,#5751,#5752,
#5753,#5754,#5755),.UNSPECIFIED.,.T.,.F.) B_SPLINE_CURVE_WITH_KNOTS((1,2
    ,2,2,2,1),(-2.094395102393,0.,2.094395102393,4.188790204786,
6.28318530718,8.377580409573),.UNSPECIFIED.) CURVE() 
GEOMETRIC_REPRESENTATION_ITEM() RATIONAL_B_SPLINE_CURVE((1.,0.5,1.,0.5,
1.,0.5,1.)) REPRESENTATION_ITEM('') );
#5749 = CARTESIAN_POINT('',(32.517070580583,-19.));
#5750 = CARTESIAN_POINT('',(32.517070580583,-22.11769145362));
#5751 = CARTESIAN_POINT('',(29.817070580583,-20.55884572681));
#5752 = CARTESIAN_POINT('',(27.117070580583,-19.));
#5753 = CARTESIAN_POINT('',(29.817070580583,-17.44115427318));
#5754 = CARTESIAN_POINT('',(32.517070580583,-15.88230854637));
#5755 = CARTESIAN_POINT('',(32.517070580583,-19.));
#5756 = ( GEOMETRIC_REPRESENTATION_CONTEXT(2) 
PARAMETRIC_REPRESENTATION_CONTEXT() REPRESENTATION_CONTEXT('2D SPACE',''
  ) );
#5757 = PCURVE('',#5758,#5763);
#5758 = CYLINDRICAL_SURFACE('',#5759,1.8);
#5759 = AXIS2_PLACEMENT_3D('',#5760,#5761,#5762);
#5760 = CARTESIAN_POINT('',(32.,-19.,3.));
#5761 = DIRECTION('',(-0.,-0.,-1.));
#5762 = DIRECTION('',(1.,0.,0.));
#5763 = DEFINITIONAL_REPRESENTATION('',(#5764),#5768);
#5764 = LINE('',#5765,#5766);
#5765 = CARTESIAN_POINT('',(-6.28318530718,-4.));
#5766 = VECTOR('',#5767,1.);
#5767 = DIRECTION('',(1.,-0.));
#5768 = ( GEOMETRIC_REPRESENTATION_CONTEXT(2) 
PARAMETRIC_REPRESENTATION_CONTEXT() REPRESENTATION_CONTEXT('2D SPACE',''
  ) );
#5769 = FACE_BOUND('',#5770,.T.);
#5770 = EDGE_LOOP('',(#5771));
#5771 = ORIENTED_EDGE('',*,*,#5772,.F.);
#5772 = EDGE_CURVE('',#5773,#5773,#5775,.T.);
#5773 = VERTEX_POINT('',#5774);
#5774 = CARTESIAN_POINT('',(30.,0.,7.));
#5775 = SURFACE_CURVE('',#5776,(#5792,#5811),.PCURVE_S1.);
#5776 = B_SPLINE_CURVE_WITH_KNOTS('',14,(#5777,#5778,#5779,#5780,#5781,
    #5782,#5783,#5784,#5785,#5786,#5787,#5788,#5789,#5790,#5791),
  .UNSPECIFIED.,.T.,.F.,(15,15),(0.,1.),.PIECEWISE_BEZIER_KNOTS.);
#5777 = CARTESIAN_POINT('',(30.,2.606519132579E-15,7.));
#5778 = CARTESIAN_POINT('',(30.000000000004,9.873576911289,7.));
#5779 = CARTESIAN_POINT('',(23.492569164001,19.747157467127,7.));
#5780 = CARTESIAN_POINT('',(10.477699172943,27.122025624609,7.));
#5781 = CARTESIAN_POINT('',(-7.098318442164,29.499747108174,7.));
#5782 = CARTESIAN_POINT('',(-25.34326981209,25.277490942222,7.));
#5783 = CARTESIAN_POINT('',(-39.27125104975,14.649475395817,7.));
#5784 = CARTESIAN_POINT('',(-44.51485806145,2.913297794736E-10,7.));
#5785 = CARTESIAN_POINT('',(-39.27125104976,-14.64947539635,7.));
#5786 = CARTESIAN_POINT('',(-25.34326981208,-25.27749094181,7.));
#5787 = CARTESIAN_POINT('',(-7.098318442175,-29.49974710843,7.));
#5788 = CARTESIAN_POINT('',(10.47769917295,-27.12202562447,7.));
#5789 = CARTESIAN_POINT('',(23.492569163999,-19.74715746717,7.));
#5790 = CARTESIAN_POINT('',(30.000000000005,-9.873576911278,7.));
#5791 = CARTESIAN_POINT('',(30.,-1.160433578539E-14,7.));
#5792 = PCURVE('',#4103,#5793);
#5793 = DEFINITIONAL_REPRESENTATION('',(#5794),#5810);
#5794 = B_SPLINE_CURVE_WITH_KNOTS('',14,(#5795,#5796,#5797,#5798,#5799,
    #5800,#5801,#5802,#5803,#5804,#5805,#5806,#5807,#5808,#5809),
  .UNSPECIFIED.,.F.,.F.,(15,15),(0.,1.),.PIECEWISE_BEZIER_KNOTS.);
#5795 = CARTESIAN_POINT('',(28.717070580583,3.014174913012E-15));
#5796 = CARTESIAN_POINT('',(28.717070580587,9.873576911289));
#5797 = CARTESIAN_POINT('',(22.209639744584,19.747157467127));
#5798 = CARTESIAN_POINT('',(9.194769753526,27.122025624609));
#5799 = CARTESIAN_POINT('',(-8.381247861581,29.499747108174));
#5800 = CARTESIAN_POINT('',(-26.62619923151,25.277490942222));
#5801 = CARTESIAN_POINT('',(-40.55418046917,14.649475395817));
#5802 = CARTESIAN_POINT('',(-45.79778748087,2.913301871294E-10));
#5803 = CARTESIAN_POINT('',(-40.55418046918,-14.64947539635));
#5804 = CARTESIAN_POINT('',(-26.6261992315,-25.27749094181));
#5805 = CARTESIAN_POINT('',(-8.381247861593,-29.49974710843));
#5806 = CARTESIAN_POINT('',(9.194769753533,-27.12202562447));
#5807 = CARTESIAN_POINT('',(22.209639744581,-19.74715746717));
#5808 = CARTESIAN_POINT('',(28.717070580588,-9.873576911278));
#5809 = CARTESIAN_POINT('',(28.717070580583,-1.119668000496E-14));
#5810 = ( GEOMETRIC_REPRESENTATION_CONTEXT(2) 
PARAMETRIC_REPRESENTATION_CONTEXT() REPRESENTATION_CONTEXT('2D SPACE',''
  ) );
#5811 = PCURVE('',#5457,#5812);
#5812 = DEFINITIONAL_REPRESENTATION('',(#5813),#5817);
#5813 = LINE('',#5814,#5815);
#5814 = CARTESIAN_POINT('',(0.,1.));
#5815 = VECTOR('',#5816,1.);
#5816 = DIRECTION('',(1.,0.));
#5817 = ( GEOMETRIC_REPRESENTATION_CONTEXT(2) 
PARAMETRIC_REPRESENTATION_CONTEXT() REPRESENTATION_CONTEXT('2D SPACE',''
  ) );
#5818 = FACE_BOUND('',#5819,.T.);
#5819 = EDGE_LOOP('',(#5820));
#5820 = ORIENTED_EDGE('',*,*,#5821,.T.);
#5821 = EDGE_CURVE('',#5822,#5822,#5824,.T.);
#5822 = VERTEX_POINT('',#5823);
#5823 = CARTESIAN_POINT('',(-30.2,19.,7.));
#5824 = SURFACE_CURVE('',#5825,(#5830,#5841),.PCURVE_S1.);
#5825 = CIRCLE('',#5826,1.8);
#5826 = AXIS2_PLACEMENT_3D('',#5827,#5828,#5829);
#5827 = CARTESIAN_POINT('',(-32.,19.,7.));
#5828 = DIRECTION('',(0.,0.,-1.));
#5829 = DIRECTION('',(1.,0.,0.));
#5830 = PCURVE('',#4103,#5831);
#5831 = DEFINITIONAL_REPRESENTATION('',(#5832),#5840);
#5832 = ( BOUNDED_CURVE() B_SPLINE_CURVE(2,(#5833,#5834,#5835,#5836,
#5837,#5838,#5839),.UNSPECIFIED.,.T.,.F.) B_SPLINE_CURVE_WITH_KNOTS((1,2
    ,2,2,2,1),(-2.094395102393,0.,2.094395102393,4.188790204786,
6.28318530718,8.377580409573),.UNSPECIFIED.) CURVE() 
GEOMETRIC_REPRESENTATION_ITEM() RATIONAL_B_SPLINE_CURVE((1.,0.5,1.,0.5,
1.,0.5,1.)) REPRESENTATION_ITEM('') );
#5833 = CARTESIAN_POINT('',(-31.48292941941,19.));
#5834 = CARTESIAN_POINT('',(-31.48292941941,15.882308546376));
#5835 = CARTESIAN_POINT('',(-34.18292941941,17.441154273188));
#5836 = CARTESIAN_POINT('',(-36.88292941941,19.));
#5837 = CARTESIAN_POINT('',(-34.18292941941,20.558845726812));
#5838 = CARTESIAN_POINT('',(-31.48292941941,22.117691453624));
#5839 = CARTESIAN_POINT('',(-31.48292941941,19.));
#5840 = ( GEOMETRIC_REPRESENTATION_CONTEXT(2) 
PARAMETRIC_REPRESENTATION_CONTEXT() REPRESENTATION_CONTEXT('2D SPACE',''
  ) );
#5841 = PCURVE('',#5842,#5847);
#5842 = CYLINDRICAL_SURFACE('',#5843,1.8);
#5843 = AXIS2_PLACEMENT_3D('',#5844,#5845,#5846);
#5844 = CARTESIAN_POINT('',(-32.,19.,3.));
#5845 = DIRECTION('',(-0.,-0.,-1.));
#5846 = DIRECTION('',(1.,0.,0.));
#5847 = DEFINITIONAL_REPRESENTATION('',(#5848),#5852);
#5848 = LINE('',#5849,#5850);
#5849 = CARTESIAN_POINT('',(-6.28318530718,-4.));
#5850 = VECTOR('',#5851,1.);
#5851 = DIRECTION('',(1.,-0.));
#5852 = ( GEOMETRIC_REPRESENTATION_CONTEXT(2) 
PARAMETRIC_REPRESENTATION_CONTEXT() REPRESENTATION_CONTEXT('2D SPACE',''
  ) );
#5853 = FACE_BOUND('',#5854,.T.);
#5854 = EDGE_LOOP('',(#5855));
#5855 = ORIENTED_EDGE('',*,*,#5856,.T.);
#5856 = EDGE_CURVE('',#5857,#5857,#5859,.T.);
#5857 = VERTEX_POINT('',#5858);
#5858 = CARTESIAN_POINT('',(33.8,19.,7.));
#5859 = SURFACE_CURVE('',#5860,(#5865,#5876),.PCURVE_S1.);
#5860 = CIRCLE('',#5861,1.8);
#5861 = AXIS2_PLACEMENT_3D('',#5862,#5863,#5864);
#5862 = CARTESIAN_POINT('',(32.,19.,7.));
#5863 = DIRECTION('',(0.,0.,-1.));
#5864 = DIRECTION('',(1.,0.,0.));
#5865 = PCURVE('',#4103,#5866);
#5866 = DEFINITIONAL_REPRESENTATION('',(#5867),#5875);
#5867 = ( BOUNDED_CURVE() B_SPLINE_CURVE(2,(#5868,#5869,#5870,#5871,
#5872,#5873,#5874),.UNSPECIFIED.,.T.,.F.) B_SPLINE_CURVE_WITH_KNOTS((1,2
    ,2,2,2,1),(-2.094395102393,0.,2.094395102393,4.188790204786,
6.28318530718,8.377580409573),.UNSPECIFIED.) CURVE() 
GEOMETRIC_REPRESENTATION_ITEM() RATIONAL_B_SPLINE_CURVE((1.,0.5,1.,0.5,
1.,0.5,1.)) REPRESENTATION_ITEM('') );
#5868 = CARTESIAN_POINT('',(32.517070580583,19.));
#5869 = CARTESIAN_POINT('',(32.517070580583,15.882308546376));
#5870 = CARTESIAN_POINT('',(29.817070580583,17.441154273188));
#5871 = CARTESIAN_POINT('',(27.117070580583,19.));
#5872 = CARTESIAN_POINT('',(29.817070580583,20.558845726812));
#5873 = CARTESIAN_POINT('',(32.517070580583,22.117691453624));
#5874 = CARTESIAN_POINT('',(32.517070580583,19.));
#5875 = ( GEOMETRIC_REPRESENTATION_CONTEXT(2) 
PARAMETRIC_REPRESENTATION_CONTEXT() REPRESENTATION_CONTEXT('2D SPACE',''
  ) );
#5876 = PCURVE('',#5877,#5882);
#5877 = CYLINDRICAL_SURFACE('',#5878,1.8);
#5878 = AXIS2_PLACEMENT_3D('',#5879,#5880,#5881);
#5879 = CARTESIAN_POINT('',(32.,19.,3.));
#5880 = DIRECTION('',(-0.,-0.,-1.));
#5881 = DIRECTION('',(1.,0.,0.));
#5882 = DEFINITIONAL_REPRESENTATION('',(#5883),#5887);
#5883 = LINE('',#5884,#5885);
#5884 = CARTESIAN_POINT('',(-6.28318530718,-4.));
#5885 = VECTOR('',#5886,1.);
#5886 = DIRECTION('',(1.,-0.));
#5887 = ( GEOMETRIC_REPRESENTATION_CONTEXT(2) 
PARAMETRIC_REPRESENTATION_CONTEXT() REPRESENTATION_CONTEXT('2D SPACE',''
  ) );
#5888 = ADVANCED_FACE('',(#5889,#5897),#4159,.F.);
#5889 = FACE_BOUND('',#5890,.F.);
#5890 = EDGE_LOOP('',(#5891,#5892,#5893,#5894,#5895,#5896));
#5891 = ORIENTED_EDGE('',*,*,#4143,.T.);
#5892 = ORIENTED_EDGE('',*,*,#4197,.T.);
#5893 = ORIENTED_EDGE('',*,*,#4246,.T.);
#5894 = ORIENTED_EDGE('',*,*,#4295,.T.);
#5895 = ORIENTED_EDGE('',*,*,#4344,.T.);
#5896 = ORIENTED_EDGE('',*,*,#4393,.T.);
#5897 = FACE_BOUND('',#5898,.F.);
#5898 = EDGE_LOOP('',(#5899));
#5899 = ORIENTED_EDGE('',*,*,#5900,.T.);
#5900 = EDGE_CURVE('',#5901,#5901,#5903,.T.);
#5901 = VERTEX_POINT('',#5902);
#5902 = CARTESIAN_POINT('',(-30.2,-19.,6.6));
#5903 = SURFACE_CURVE('',#5904,(#5909,#5920),.PCURVE_S1.);
#5904 = CIRCLE('',#5905,1.8);
#5905 = AXIS2_PLACEMENT_3D('',#5906,#5907,#5908);
#5906 = CARTESIAN_POINT('',(-32.,-19.,6.6));
#5907 = DIRECTION('',(0.,0.,-1.));
#5908 = DIRECTION('',(1.,0.,0.));
#5909 = PCURVE('',#4159,#5910);
#5910 = DEFINITIONAL_REPRESENTATION('',(#5911),#5919);
#5911 = ( BOUNDED_CURVE() B_SPLINE_CURVE(2,(#5912,#5913,#5914,#5915,
#5916,#5917,#5918),.UNSPECIFIED.,.T.,.F.) B_SPLINE_CURVE_WITH_KNOTS((1,2
    ,2,2,2,1),(-2.094395102393,0.,2.094395102393,4.188790204786,
6.28318530718,8.377580409573),.UNSPECIFIED.) CURVE() 
GEOMETRIC_REPRESENTATION_ITEM() RATIONAL_B_SPLINE_CURVE((1.,0.5,1.,0.5,
1.,0.5,1.)) REPRESENTATION_ITEM('') );
#5912 = CARTESIAN_POINT('',(1.8,3.552713678801E-15));
#5913 = CARTESIAN_POINT('',(1.8,-3.117691453624));
#5914 = CARTESIAN_POINT('',(-0.9,-1.558845726812));
#5915 = CARTESIAN_POINT('',(-3.6,3.111840831107E-15));
#5916 = CARTESIAN_POINT('',(-0.9,1.558845726812));
#5917 = CARTESIAN_POINT('',(1.8,3.117691453624));
#5918 = CARTESIAN_POINT('',(1.8,3.552713678801E-15));
#5919 = ( GEOMETRIC_REPRESENTATION_CONTEXT(2) 
PARAMETRIC_REPRESENTATION_CONTEXT() REPRESENTATION_CONTEXT('2D SPACE',''
  ) );
#5920 = PCURVE('',#5723,#5921);
#5921 = DEFINITIONAL_REPRESENTATION('',(#5922),#5926);
#5922 = LINE('',#5923,#5924);
#5923 = CARTESIAN_POINT('',(-6.28318530718,-3.6));
#5924 = VECTOR('',#5925,1.);
#5925 = DIRECTION('',(1.,-0.));
#5926 = ( GEOMETRIC_REPRESENTATION_CONTEXT(2) 
PARAMETRIC_REPRESENTATION_CONTEXT() REPRESENTATION_CONTEXT('2D SPACE',''
  ) );
#5927 = ADVANCED_FACE('',(#5928,#5936),#4458,.F.);
#5928 = FACE_BOUND('',#5929,.F.);
#5929 = EDGE_LOOP('',(#5930,#5931,#5932,#5933,#5934,#5935));
#5930 = ORIENTED_EDGE('',*,*,#4442,.T.);
#5931 = ORIENTED_EDGE('',*,*,#4496,.T.);
#5932 = ORIENTED_EDGE('',*,*,#4545,.T.);
#5933 = ORIENTED_EDGE('',*,*,#4594,.T.);
#5934 = ORIENTED_EDGE('',*,*,#4643,.T.);
#5935 = ORIENTED_EDGE('',*,*,#4692,.T.);
#5936 = FACE_BOUND('',#5937,.F.);
#5937 = EDGE_LOOP('',(#5938));
#5938 = ORIENTED_EDGE('',*,*,#5939,.T.);
#5939 = EDGE_CURVE('',#5940,#5940,#5942,.T.);
#5940 = VERTEX_POINT('',#5941);
#5941 = CARTESIAN_POINT('',(33.8,-19.,6.6));
#5942 = SURFACE_CURVE('',#5943,(#5948,#5959),.PCURVE_S1.);
#5943 = CIRCLE('',#5944,1.8);
#5944 = AXIS2_PLACEMENT_3D('',#5945,#5946,#5947);
#5945 = CARTESIAN_POINT('',(32.,-19.,6.6));
#5946 = DIRECTION('',(0.,0.,-1.));
#5947 = DIRECTION('',(1.,0.,0.));
#5948 = PCURVE('',#4458,#5949);
#5949 = DEFINITIONAL_REPRESENTATION('',(#5950),#5958);
#5950 = ( BOUNDED_CURVE() B_SPLINE_CURVE(2,(#5951,#5952,#5953,#5954,
#5955,#5956,#5957),.UNSPECIFIED.,.T.,.F.) B_SPLINE_CURVE_WITH_KNOTS((1,2
    ,2,2,2,1),(-2.094395102393,0.,2.094395102393,4.188790204786,
6.28318530718,8.377580409573),.UNSPECIFIED.) CURVE() 
GEOMETRIC_REPRESENTATION_ITEM() RATIONAL_B_SPLINE_CURVE((1.,0.5,1.,0.5,
1.,0.5,1.)) REPRESENTATION_ITEM('') );
#5951 = CARTESIAN_POINT('',(1.8,0.));
#5952 = CARTESIAN_POINT('',(1.8,-3.117691453624));
#5953 = CARTESIAN_POINT('',(-0.9,-1.558845726812));
#5954 = CARTESIAN_POINT('',(-3.6,-4.40872847693E-16));
#5955 = CARTESIAN_POINT('',(-0.9,1.558845726812));
#5956 = CARTESIAN_POINT('',(1.8,3.117691453624));
#5957 = CARTESIAN_POINT('',(1.8,0.));
#5958 = ( GEOMETRIC_REPRESENTATION_CONTEXT(2) 
PARAMETRIC_REPRESENTATION_CONTEXT() REPRESENTATION_CONTEXT('2D SPACE',''
  ) );
#5959 = PCURVE('',#5758,#5960);
#5960 = DEFINITIONAL_REPRESENTATION('',(#5961),#5965);
#5961 = LINE('',#5962,#5963);
#5962 = CARTESIAN_POINT('',(-6.28318530718,-3.6));
#5963 = VECTOR('',#5964,1.);
#5964 = DIRECTION('',(1.,-0.));
#5965 = ( GEOMETRIC_REPRESENTATION_CONTEXT(2) 
PARAMETRIC_REPRESENTATION_CONTEXT() REPRESENTATION_CONTEXT('2D SPACE',''
  ) );
#5966 = ADVANCED_FACE('',(#5967,#5975),#4757,.F.);
#5967 = FACE_BOUND('',#5968,.F.);
#5968 = EDGE_LOOP('',(#5969,#5970,#5971,#5972,#5973,#5974));
#5969 = ORIENTED_EDGE('',*,*,#4741,.T.);
#5970 = ORIENTED_EDGE('',*,*,#4795,.T.);
#5971 = ORIENTED_EDGE('',*,*,#4844,.T.);
#5972 = ORIENTED_EDGE('',*,*,#4893,.T.);
#5973 = ORIENTED_EDGE('',*,*,#4942,.T.);
#5974 = ORIENTED_EDGE('',*,*,#4991,.T.);
#5975 = FACE_BOUND('',#5976,.F.);
#5976 = EDGE_LOOP('',(#5977));
#5977 = ORIENTED_EDGE('',*,*,#5978,.T.);
#5978 = EDGE_CURVE('',#5979,#5979,#5981,.T.);
#5979 = VERTEX_POINT('',#5980);
#5980 = CARTESIAN_POINT('',(-30.2,19.,6.6));
#5981 = SURFACE_CURVE('',#5982,(#5987,#5998),.PCURVE_S1.);
#5982 = CIRCLE('',#5983,1.8);
#5983 = AXIS2_PLACEMENT_3D('',#5984,#5985,#5986);
#5984 = CARTESIAN_POINT('',(-32.,19.,6.6));
#5985 = DIRECTION('',(0.,0.,-1.));
#5986 = DIRECTION('',(1.,0.,0.));
#5987 = PCURVE('',#4757,#5988);
#5988 = DEFINITIONAL_REPRESENTATION('',(#5989),#5997);
#5989 = ( BOUNDED_CURVE() B_SPLINE_CURVE(2,(#5990,#5991,#5992,#5993,
#5994,#5995,#5996),.UNSPECIFIED.,.T.,.F.) B_SPLINE_CURVE_WITH_KNOTS((1,2
    ,2,2,2,1),(-2.094395102393,0.,2.094395102393,4.188790204786,
6.28318530718,8.377580409573),.UNSPECIFIED.) CURVE() 
GEOMETRIC_REPRESENTATION_ITEM() RATIONAL_B_SPLINE_CURVE((1.,0.5,1.,0.5,
1.,0.5,1.)) REPRESENTATION_ITEM('') );
#5990 = CARTESIAN_POINT('',(1.8,0.));
#5991 = CARTESIAN_POINT('',(1.8,-3.117691453624));
#5992 = CARTESIAN_POINT('',(-0.9,-1.558845726812));
#5993 = CARTESIAN_POINT('',(-3.6,-4.40872847693E-16));
#5994 = CARTESIAN_POINT('',(-0.9,1.558845726812));
#5995 = CARTESIAN_POINT('',(1.8,3.117691453624));
#5996 = CARTESIAN_POINT('',(1.8,0.));
#5997 = ( GEOMETRIC_REPRESENTATION_CONTEXT(2) 
PARAMETRIC_REPRESENTATION_CONTEXT() REPRESENTATION_CONTEXT('2D SPACE',''
  ) );
#5998 = PCURVE('',#5842,#5999);
#5999 = DEFINITIONAL_REPRESENTATION('',(#6000),#6004);
#6000 = LINE('',#6001,#6002);
#6001 = CARTESIAN_POINT('',(-6.28318530718,-3.6));
#6002 = VECTOR('',#6003,1.);
#6003 = DIRECTION('',(1.,-0.));
#6004 = ( GEOMETRIC_REPRESENTATION_CONTEXT(2) 
PARAMETRIC_REPRESENTATION_CONTEXT() REPRESENTATION_CONTEXT('2D SPACE',''
  ) );
#6005 = ADVANCED_FACE('',(#6006,#6014),#5056,.F.);
#6006 = FACE_BOUND('',#6007,.F.);
#6007 = EDGE_LOOP('',(#6008,#6009,#6010,#6011,#6012,#6013));
#6008 = ORIENTED_EDGE('',*,*,#5040,.T.);
#6009 = ORIENTED_EDGE('',*,*,#5094,.T.);
#6010 = ORIENTED_EDGE('',*,*,#5143,.T.);
#6011 = ORIENTED_EDGE('',*,*,#5192,.T.);
#6012 = ORIENTED_EDGE('',*,*,#5241,.T.);
#6013 = ORIENTED_EDGE('',*,*,#5290,.T.);
#6014 = FACE_BOUND('',#6015,.F.);
#6015 = EDGE_LOOP('',(#6016));
#6016 = ORIENTED_EDGE('',*,*,#6017,.T.);
#6017 = EDGE_CURVE('',#6018,#6018,#6020,.T.);
#6018 = VERTEX_POINT('',#6019);
#6019 = CARTESIAN_POINT('',(33.8,19.,6.6));
#6020 = SURFACE_CURVE('',#6021,(#6026,#6037),.PCURVE_S1.);
#6021 = CIRCLE('',#6022,1.8);
#6022 = AXIS2_PLACEMENT_3D('',#6023,#6024,#6025);
#6023 = CARTESIAN_POINT('',(32.,19.,6.6));
#6024 = DIRECTION('',(0.,0.,-1.));
#6025 = DIRECTION('',(1.,0.,0.));
#6026 = PCURVE('',#5056,#6027);
#6027 = DEFINITIONAL_REPRESENTATION('',(#6028),#6036);
#6028 = ( BOUNDED_CURVE() B_SPLINE_CURVE(2,(#6029,#6030,#6031,#6032,
#6033,#6034,#6035),.UNSPECIFIED.,.T.,.F.) B_SPLINE_CURVE_WITH_KNOTS((1,2
    ,2,2,2,1),(-2.094395102393,0.,2.094395102393,4.188790204786,
6.28318530718,8.377580409573),.UNSPECIFIED.) CURVE() 
GEOMETRIC_REPRESENTATION_ITEM() RATIONAL_B_SPLINE_CURVE((1.,0.5,1.,0.5,
1.,0.5,1.)) REPRESENTATION_ITEM('') );
#6029 = CARTESIAN_POINT('',(1.8,0.));
#6030 = CARTESIAN_POINT('',(1.8,-3.117691453624));
#6031 = CARTESIAN_POINT('',(-0.9,-1.558845726812));
#6032 = CARTESIAN_POINT('',(-3.6,-4.40872847693E-16));
#6033 = CARTESIAN_POINT('',(-0.9,1.558845726812));
#6034 = CARTESIAN_POINT('',(1.8,3.117691453624));
#6035 = CARTESIAN_POINT('',(1.8,0.));
#6036 = ( GEOMETRIC_REPRESENTATION_CONTEXT(2) 
PARAMETRIC_REPRESENTATION_CONTEXT() REPRESENTATION_CONTEXT('2D SPACE',''
  ) );
#6037 = PCURVE('',#5877,#6038);
#6038 = DEFINITIONAL_REPRESENTATION('',(#6039),#6043);
#6039 = LINE('',#6040,#6041);
#6040 = CARTESIAN_POINT('',(-6.28318530718,-3.6));
#6041 = VECTOR('',#6042,1.);
#6042 = DIRECTION('',(1.,-0.));
#6043 = ( GEOMETRIC_REPRESENTATION_CONTEXT(2) 
PARAMETRIC_REPRESENTATION_CONTEXT() REPRESENTATION_CONTEXT('2D SPACE',''
  ) );
#6044 = ADVANCED_FACE('',(#6045),#5335,.F.);
#6045 = FACE_BOUND('',#6046,.F.);
#6046 = EDGE_LOOP('',(#6047,#6096,#6141,#6142,#6143,#6144,#6191));
#6047 = ORIENTED_EDGE('',*,*,#6048,.F.);
#6048 = EDGE_CURVE('',#6049,#6051,#6053,.T.);
#6049 = VERTEX_POINT('',#6050);
#6050 = CARTESIAN_POINT('',(17.,-24.5,-97.));
#6051 = VERTEX_POINT('',#6052);
#6052 = CARTESIAN_POINT('',(-7.145518392783,-13.61151433509,-97.));
#6053 = SURFACE_CURVE('',#6054,(#6070,#6089),.PCURVE_S1.);
#6054 = B_SPLINE_CURVE_WITH_KNOTS('',14,(#6055,#6056,#6057,#6058,#6059,
    #6060,#6061,#6062,#6063,#6064,#6065,#6066,#6067,#6068,#6069),
  .UNSPECIFIED.,.T.,.F.,(15,15),(0.,1.),.PIECEWISE_BEZIER_KNOTS.);
#6055 = CARTESIAN_POINT('',(17.,-24.5,-97.));
#6056 = CARTESIAN_POINT('',(17.000000000003,-19.11441259384,-97.));
#6057 = CARTESIAN_POINT('',(13.3124558596,-13.72882319974,-97.));
#6058 = CARTESIAN_POINT('',(5.93736286467,-9.706167841123,-97.));
#6059 = CARTESIAN_POINT('',(-4.022380450564,-8.409228850085,-97.));
#6060 = CARTESIAN_POINT('',(-14.36118622684,-10.71227766788,-97.));
#6061 = CARTESIAN_POINT('',(-22.2537089282,-16.50937705681,-97.));
#6062 = CARTESIAN_POINT('',(-25.22508623481,-24.49999999985,-97.));
#6063 = CARTESIAN_POINT('',(-22.25370892821,-32.49062294344,-97.));
#6064 = CARTESIAN_POINT('',(-14.36118622683,-38.28772233191,-97.));
#6065 = CARTESIAN_POINT('',(-4.022380450576,-40.59077115003,-97.));
#6066 = CARTESIAN_POINT('',(5.937362864677,-39.29383215881,-97.));
#6067 = CARTESIAN_POINT('',(13.312455859597,-35.27117680027,-97.));
#6068 = CARTESIAN_POINT('',(17.000000000003,-29.88558740615,-97.));
#6069 = CARTESIAN_POINT('',(17.,-24.5,-97.));
#6070 = PCURVE('',#5335,#6071);
#6071 = DEFINITIONAL_REPRESENTATION('',(#6072),#6088);
#6072 = B_SPLINE_CURVE_WITH_KNOTS('',14,(#6073,#6074,#6075,#6076,#6077,
    #6078,#6079,#6080,#6081,#6082,#6083,#6084,#6085,#6086,#6087),
  .UNSPECIFIED.,.F.,.F.,(15,15),(0.,1.),.PIECEWISE_BEZIER_KNOTS.);
#6073 = CARTESIAN_POINT('',(0.,0.));
#6074 = CARTESIAN_POINT('',(-2.51887399827E-12,5.385587406157));
#6075 = CARTESIAN_POINT('',(3.6875441404,10.771176800251));
#6076 = CARTESIAN_POINT('',(11.06263713533,14.793832158877));
#6077 = CARTESIAN_POINT('',(21.022380450564,16.090771149915));
#6078 = CARTESIAN_POINT('',(31.361186226848,13.787722332116));
#6079 = CARTESIAN_POINT('',(39.253708928206,7.990622943184));
#6080 = CARTESIAN_POINT('',(42.225086234812,1.420055184553E-10));
#6081 = CARTESIAN_POINT('',(39.253708928215,-7.990622943444));
#6082 = CARTESIAN_POINT('',(31.361186226835,-13.78772233191));
#6083 = CARTESIAN_POINT('',(21.022380450576,-16.09077115003));
#6084 = CARTESIAN_POINT('',(11.062637135323,-14.79383215881));
#6085 = CARTESIAN_POINT('',(3.687544140403,-10.77117680027));
#6086 = CARTESIAN_POINT('',(-3.154809746775E-12,-5.385587406153));
#6087 = CARTESIAN_POINT('',(1.06581410364E-14,1.42108547152E-14));
#6088 = ( GEOMETRIC_REPRESENTATION_CONTEXT(2) 
PARAMETRIC_REPRESENTATION_CONTEXT() REPRESENTATION_CONTEXT('2D SPACE',''
  ) );
#6089 = PCURVE('',#5457,#6090);
#6090 = DEFINITIONAL_REPRESENTATION('',(#6091),#6095);
#6091 = LINE('',#6092,#6093);
#6092 = CARTESIAN_POINT('',(0.,0.));
#6093 = VECTOR('',#6094,1.);
#6094 = DIRECTION('',(1.,0.));
#6095 = ( GEOMETRIC_REPRESENTATION_CONTEXT(2) 
PARAMETRIC_REPRESENTATION_CONTEXT() REPRESENTATION_CONTEXT('2D SPACE',''
  ) );
#6096 = ORIENTED_EDGE('',*,*,#6097,.F.);
#6097 = EDGE_CURVE('',#5602,#6049,#6098,.T.);
#6098 = SURFACE_CURVE('',#6099,(#6115,#6134),.PCURVE_S1.);
#6099 = B_SPLINE_CURVE_WITH_KNOTS('',14,(#6100,#6101,#6102,#6103,#6104,
    #6105,#6106,#6107,#6108,#6109,#6110,#6111,#6112,#6113,#6114),
  .UNSPECIFIED.,.T.,.F.,(15,15),(0.,1.),.PIECEWISE_BEZIER_KNOTS.);
#6100 = CARTESIAN_POINT('',(17.,-24.5,-97.));
#6101 = CARTESIAN_POINT('',(17.000000000003,-19.11441259384,-97.));
#6102 = CARTESIAN_POINT('',(13.3124558596,-13.72882319974,-97.));
#6103 = CARTESIAN_POINT('',(5.93736286467,-9.706167841123,-97.));
#6104 = CARTESIAN_POINT('',(-4.022380450564,-8.409228850085,-97.));
#6105 = CARTESIAN_POINT('',(-14.36118622684,-10.71227766788,-97.));
#6106 = CARTESIAN_POINT('',(-22.2537089282,-16.50937705681,-97.));
#6107 = CARTESIAN_POINT('',(-25.22508623481,-24.49999999985,-97.));
#6108 = CARTESIAN_POINT('',(-22.25370892821,-32.49062294344,-97.));
#6109 = CARTESIAN_POINT('',(-14.36118622683,-38.28772233191,-97.));
#6110 = CARTESIAN_POINT('',(-4.022380450576,-40.59077115003,-97.));
#6111 = CARTESIAN_POINT('',(5.937362864677,-39.29383215881,-97.));
#6112 = CARTESIAN_POINT('',(13.312455859597,-35.27117680027,-97.));
#6113 = CARTESIAN_POINT('',(17.000000000003,-29.88558740615,-97.));
#6114 = CARTESIAN_POINT('',(17.,-24.5,-97.));
#6115 = PCURVE('',#5335,#6116);
#6116 = DEFINITIONAL_REPRESENTATION('',(#6117),#6133);
#6117 = B_SPLINE_CURVE_WITH_KNOTS('',14,(#6118,#6119,#6120,#6121,#6122,
    #6123,#6124,#6125,#6126,#6127,#6128,#6129,#6130,#6131,#6132),
  .UNSPECIFIED.,.F.,.F.,(15,15),(0.,1.),.PIECEWISE_BEZIER_KNOTS.);
#6118 = CARTESIAN_POINT('',(0.,0.));
#6119 = CARTESIAN_POINT('',(-2.51887399827E-12,5.385587406157));
#6120 = CARTESIAN_POINT('',(3.6875441404,10.771176800251));
#6121 = CARTESIAN_POINT('',(11.06263713533,14.793832158877));
#6122 = CARTESIAN_POINT('',(21.022380450564,16.090771149915));
#6123 = CARTESIAN_POINT('',(31.361186226848,13.787722332116));
#6124 = CARTESIAN_POINT('',(39.253708928206,7.990622943184));
#6125 = CARTESIAN_POINT('',(42.225086234812,1.420055184553E-10));
#6126 = CARTESIAN_POINT('',(39.253708928215,-7.990622943444));
#6127 = CARTESIAN_POINT('',(31.361186226835,-13.78772233191));
#6128 = CARTESIAN_POINT('',(21.022380450576,-16.09077115003));
#6129 = CARTESIAN_POINT('',(11.062637135323,-14.79383215881));
#6130 = CARTESIAN_POINT('',(3.687544140403,-10.77117680027));
#6131 = CARTESIAN_POINT('',(-3.154809746775E-12,-5.385587406153));
#6132 = CARTESIAN_POINT('',(1.06581410364E-14,1.42108547152E-14));
#6133 = ( GEOMETRIC_REPRESENTATION_CONTEXT(2) 
PARAMETRIC_REPRESENTATION_CONTEXT() REPRESENTATION_CONTEXT('2D SPACE',''
  ) );
#6134 = PCURVE('',#5457,#6135);
#6135 = DEFINITIONAL_REPRESENTATION('',(#6136),#6140);
#6136 = LINE('',#6137,#6138);
#6137 = CARTESIAN_POINT('',(0.,0.));
#6138 = VECTOR('',#6139,1.);
#6139 = DIRECTION('',(1.,0.));
#6140 = ( GEOMETRIC_REPRESENTATION_CONTEXT(2) 
PARAMETRIC_REPRESENTATION_CONTEXT() REPRESENTATION_CONTEXT('2D SPACE',''
  ) );
#6141 = ORIENTED_EDGE('',*,*,#5657,.F.);
#6142 = ORIENTED_EDGE('',*,*,#5316,.F.);
#6143 = ORIENTED_EDGE('',*,*,#5391,.F.);
#6144 = ORIENTED_EDGE('',*,*,#6145,.F.);
#6145 = EDGE_CURVE('',#6146,#5392,#6148,.T.);
#6146 = VERTEX_POINT('',#6147);
#6147 = CARTESIAN_POINT('',(-7.145518392783,-35.3884856649,-97.));
#6148 = SURFACE_CURVE('',#6149,(#6165,#6184),.PCURVE_S1.);
#6149 = B_SPLINE_CURVE_WITH_KNOTS('',14,(#6150,#6151,#6152,#6153,#6154,
    #6155,#6156,#6157,#6158,#6159,#6160,#6161,#6162,#6163,#6164),
  .UNSPECIFIED.,.T.,.F.,(15,15),(0.,1.),.PIECEWISE_BEZIER_KNOTS.);
#6150 = CARTESIAN_POINT('',(17.,-24.5,-97.));
#6151 = CARTESIAN_POINT('',(17.000000000003,-19.11441259384,-97.));
#6152 = CARTESIAN_POINT('',(13.3124558596,-13.72882319974,-97.));
#6153 = CARTESIAN_POINT('',(5.93736286467,-9.706167841123,-97.));
#6154 = CARTESIAN_POINT('',(-4.022380450564,-8.409228850085,-97.));
#6155 = CARTESIAN_POINT('',(-14.36118622684,-10.71227766788,-97.));
#6156 = CARTESIAN_POINT('',(-22.2537089282,-16.50937705681,-97.));
#6157 = CARTESIAN_POINT('',(-25.22508623481,-24.49999999985,-97.));
#6158 = CARTESIAN_POINT('',(-22.25370892821,-32.49062294344,-97.));
#6159 = CARTESIAN_POINT('',(-14.36118622683,-38.28772233191,-97.));
#6160 = CARTESIAN_POINT('',(-4.022380450576,-40.59077115003,-97.));
#6161 = CARTESIAN_POINT('',(5.937362864677,-39.29383215881,-97.));
#6162 = CARTESIAN_POINT('',(13.312455859597,-35.27117680027,-97.));
#6163 = CARTESIAN_POINT('',(17.000000000003,-29.88558740615,-97.));
#6164 = CARTESIAN_POINT('',(17.,-24.5,-97.));
#6165 = PCURVE('',#5335,#6166);
#6166 = DEFINITIONAL_REPRESENTATION('',(#6167),#6183);
#6167 = B_SPLINE_CURVE_WITH_KNOTS('',14,(#6168,#6169,#6170,#6171,#6172,
    #6173,#6174,#6175,#6176,#6177,#6178,#6179,#6180,#6181,#6182),
  .UNSPECIFIED.,.F.,.F.,(15,15),(0.,1.),.PIECEWISE_BEZIER_KNOTS.);
#6168 = CARTESIAN_POINT('',(0.,0.));
#6169 = CARTESIAN_POINT('',(-2.51887399827E-12,5.385587406157));
#6170 = CARTESIAN_POINT('',(3.6875441404,10.771176800251));
#6171 = CARTESIAN_POINT('',(11.06263713533,14.793832158877));
#6172 = CARTESIAN_POINT('',(21.022380450564,16.090771149915));
#6173 = CARTESIAN_POINT('',(31.361186226848,13.787722332116));
#6174 = CARTESIAN_POINT('',(39.253708928206,7.990622943184));
#6175 = CARTESIAN_POINT('',(42.225086234812,1.420055184553E-10));
#6176 = CARTESIAN_POINT('',(39.253708928215,-7.990622943444));
#6177 = CARTESIAN_POINT('',(31.361186226835,-13.78772233191));
#6178 = CARTESIAN_POINT('',(21.022380450576,-16.09077115003));
#6179 = CARTESIAN_POINT('',(11.062637135323,-14.79383215881));
#6180 = CARTESIAN_POINT('',(3.687544140403,-10.77117680027));
#6181 = CARTESIAN_POINT('',(-3.154809746775E-12,-5.385587406153));
#6182 = CARTESIAN_POINT('',(1.06581410364E-14,1.42108547152E-14));
#6183 = ( GEOMETRIC_REPRESENTATION_CONTEXT(2) 
PARAMETRIC_REPRESENTATION_CONTEXT() REPRESENTATION_CONTEXT('2D SPACE',''
  ) );
#6184 = PCURVE('',#5457,#6185);
#6185 = DEFINITIONAL_REPRESENTATION('',(#6186),#6190);
#6186 = LINE('',#6187,#6188);
#6187 = CARTESIAN_POINT('',(0.,0.));
#6188 = VECTOR('',#6189,1.);
#6189 = DIRECTION('',(1.,0.));
#6190 = ( GEOMETRIC_REPRESENTATION_CONTEXT(2) 
PARAMETRIC_REPRESENTATION_CONTEXT() REPRESENTATION_CONTEXT('2D SPACE',''
  ) );
#6191 = ORIENTED_EDGE('',*,*,#6192,.F.);
#6192 = EDGE_CURVE('',#6051,#6146,#6193,.T.);
#6193 = SURFACE_CURVE('',#6194,(#6198,#6204),.PCURVE_S1.);
#6194 = LINE('',#6195,#6196);
#6195 = CARTESIAN_POINT('',(-7.145518392783,-12.25,-97.));
#6196 = VECTOR('',#6197,1.);
#6197 = DIRECTION('',(0.,-1.,0.));
#6198 = PCURVE('',#5335,#6199);
#6199 = DEFINITIONAL_REPRESENTATION('',(#6200),#6203);
#6200 = B_SPLINE_CURVE_WITH_KNOTS('',1,(#6201,#6202),.UNSPECIFIED.,.F.,
  .F.,(2,2),(-2.482294421422,25.008832978828),.PIECEWISE_BEZIER_KNOTS.);
#6201 = CARTESIAN_POINT('',(24.145518392783,14.732294421422));
#6202 = CARTESIAN_POINT('',(24.145518392783,-12.75883297882));
#6203 = ( GEOMETRIC_REPRESENTATION_CONTEXT(2) 
PARAMETRIC_REPRESENTATION_CONTEXT() REPRESENTATION_CONTEXT('2D SPACE',''
  ) );
#6204 = PCURVE('',#6205,#6210);
#6205 = PLANE('',#6206);
#6206 = AXIS2_PLACEMENT_3D('',#6207,#6208,#6209);
#6207 = CARTESIAN_POINT('',(11.465034234462,0.,-12.32198554603));
#6208 = DIRECTION('',(0.976689489641,0.,-0.21465703069));
#6209 = DIRECTION('',(-0.21465703069,0.,-0.976689489641));
#6210 = DEFINITIONAL_REPRESENTATION('',(#6211),#6214);
#6211 = B_SPLINE_CURVE_WITH_KNOTS('',1,(#6212,#6213),.UNSPECIFIED.,.F.,
  .F.,(2,2),(-2.482294421422,25.008832978828),.PIECEWISE_BEZIER_KNOTS.);
#6212 = CARTESIAN_POINT('',(86.699012687327,-9.767705578578));
#6213 = CARTESIAN_POINT('',(86.699012687327,-37.25883297882));
#6214 = ( GEOMETRIC_REPRESENTATION_CONTEXT(2) 
PARAMETRIC_REPRESENTATION_CONTEXT() REPRESENTATION_CONTEXT('2D SPACE',''
  ) );
#6215 = ADVANCED_FACE('',(#6216),#5457,.F.);
#6216 = FACE_BOUND('',#6217,.F.);
#6217 = EDGE_LOOP('',(#6218,#6219,#6243,#6244,#6245,#6246,#6539,#6573,
    #6871,#6923,#7216,#7245,#7536,#7537,#7538,#7574));
#6218 = ORIENTED_EDGE('',*,*,#6097,.T.);
#6219 = ORIENTED_EDGE('',*,*,#6220,.T.);
#6220 = EDGE_CURVE('',#6049,#5773,#6221,.T.);
#6221 = SEAM_CURVE('',#6222,(#6229,#6236),.PCURVE_S1.);
#6222 = ( BOUNDED_CURVE() B_SPLINE_CURVE(5,(#6223,#6224,#6225,#6226,
#6227,#6228),.UNSPECIFIED.,.F.,.F.) B_SPLINE_CURVE_WITH_KNOTS((6,6),(0.,
1.),.PIECEWISE_BEZIER_KNOTS.) CURVE() GEOMETRIC_REPRESENTATION_ITEM() 
RATIONAL_B_SPLINE_CURVE((1.,1.,1.,1.,1.,1.)) REPRESENTATION_ITEM('') );
#6223 = CARTESIAN_POINT('',(17.,-24.5,-97.));
#6224 = CARTESIAN_POINT('',(24.695572997032,-19.3397591547,
    -77.51967133455));
#6225 = CARTESIAN_POINT('',(15.196592142779,-9.442324537701,
    -55.11219644121));
#6226 = CARTESIAN_POINT('',(31.729761407938,-12.34565689953,
    -35.33195450265));
#6227 = CARTESIAN_POINT('',(28.25621735006,-2.109562729412,
    -14.41592287524));
#6228 = CARTESIAN_POINT('',(30.,2.606519132579E-15,7.));
#6229 = PCURVE('',#5457,#6230);
#6230 = DEFINITIONAL_REPRESENTATION('',(#6231),#6235);
#6231 = LINE('',#6232,#6233);
#6232 = CARTESIAN_POINT('',(0.,0.));
#6233 = VECTOR('',#6234,1.);
#6234 = DIRECTION('',(0.,1.));
#6235 = ( GEOMETRIC_REPRESENTATION_CONTEXT(2) 
PARAMETRIC_REPRESENTATION_CONTEXT() REPRESENTATION_CONTEXT('2D SPACE',''
  ) );
#6236 = PCURVE('',#5457,#6237);
#6237 = DEFINITIONAL_REPRESENTATION('',(#6238),#6242);
#6238 = LINE('',#6239,#6240);
#6239 = CARTESIAN_POINT('',(1.,0.));
#6240 = VECTOR('',#6241,1.);
#6241 = DIRECTION('',(0.,1.));
#6242 = ( GEOMETRIC_REPRESENTATION_CONTEXT(2) 
PARAMETRIC_REPRESENTATION_CONTEXT() REPRESENTATION_CONTEXT('2D SPACE',''
  ) );
#6243 = ORIENTED_EDGE('',*,*,#5772,.F.);
#6244 = ORIENTED_EDGE('',*,*,#6220,.F.);
#6245 = ORIENTED_EDGE('',*,*,#6048,.T.);
#6246 = ORIENTED_EDGE('',*,*,#6247,.T.);
#6247 = EDGE_CURVE('',#6051,#6248,#6250,.T.);
#6248 = VERTEX_POINT('',#6249);
#6249 = CARTESIAN_POINT('',(11.465034234462,15.687069096097,
    -12.32198554603));
#6250 = SURFACE_CURVE('',#6251,(#6345,#6442),.PCURVE_S1.);
#6251 = B_SPLINE_CURVE_WITH_KNOTS('',8,(#6252,#6253,#6254,#6255,#6256,
    #6257,#6258,#6259,#6260,#6261,#6262,#6263,#6264,#6265,#6266,#6267,
    #6268,#6269,#6270,#6271,#6272,#6273,#6274,#6275,#6276,#6277,#6278,
    #6279,#6280,#6281,#6282,#6283,#6284,#6285,#6286,#6287,#6288,#6289,
    #6290,#6291,#6292,#6293,#6294,#6295,#6296,#6297,#6298,#6299,#6300,
    #6301,#6302,#6303,#6304,#6305,#6306,#6307,#6308,#6309,#6310,#6311,
    #6312,#6313,#6314,#6315,#6316,#6317,#6318,#6319,#6320,#6321,#6322,
    #6323,#6324,#6325,#6326,#6327,#6328,#6329,#6330,#6331,#6332,#6333,
    #6334,#6335,#6336,#6337,#6338,#6339,#6340,#6341,#6342,#6343,#6344),
  .UNSPECIFIED.,.F.,.F.,(9,7,7,7,7,7,7,7,7,7,7,7,7,9),(0.,0.126403700553
    ,0.251480729461,0.416640380805,0.48952195383,0.521036146332,
    0.55615205276,0.614224268118,0.651714978273,0.741232267643,
    0.767860918496,0.815084614514,0.888965700509,1.),.UNSPECIFIED.);
#6252 = CARTESIAN_POINT('',(-7.145518392783,-13.61151433509,-97.));
#6253 = CARTESIAN_POINT('',(-6.883152700656,-12.83168759201,
    -95.80623610081));
#6254 = CARTESIAN_POINT('',(-6.616290347355,-12.08495388748,
    -94.5920123933));
#6255 = CARTESIAN_POINT('',(-6.345649601477,-11.36784769293,
    -93.36059699955));
#6256 = CARTESIAN_POINT('',(-6.071760872971,-10.67798470723,
    -92.11440328485));
#6257 = CARTESIAN_POINT('',(-5.795060126215,-10.01327643857,
    -90.85541488711));
#6258 = CARTESIAN_POINT('',(-5.51589339297,-9.371890775605,
    -89.58520625084));
#6259 = CARTESIAN_POINT('',(-5.234534785939,-8.752106678988,
    -88.30502458885));
#6260 = CARTESIAN_POINT('',(-4.670815365619,-7.558785021696,
    -85.7401012264));
#6261 = CARTESIAN_POINT('',(-4.388533662111,-6.984909090584,
    -84.45571947544));
#6262 = CARTESIAN_POINT('',(-4.104570083143,-6.429147447581,
    -83.16368519113));
#6263 = CARTESIAN_POINT('',(-3.819122286517,-5.890119547058,
    -81.86489771648));
#6264 = CARTESIAN_POINT('',(-3.532362770963,-5.366539379683,
    -80.56014192071));
#6265 = CARTESIAN_POINT('',(-3.244441770905,-4.85718257,-79.25010137045)
  );
#6266 = CARTESIAN_POINT('',(-2.955488810829,-4.360868450354,
    -77.9353654021));
#6267 = CARTESIAN_POINT('',(-2.282842384933,-3.236809618806,
    -74.87482416427));
#6268 = CARTESIAN_POINT('',(-1.898481688177,-2.617946787671,
    -73.12598299404));
#6269 = CARTESIAN_POINT('',(-1.51278586767,-2.017244555038,
    -71.37106701073));
#6270 = CARTESIAN_POINT('',(-1.125981158655,-1.432238754519,
    -69.61110558471));
#6271 = CARTESIAN_POINT('',(-0.738268269049,-0.860579256591,
    -67.847011937));
#6272 = CARTESIAN_POINT('',(-0.349823547529,-0.300014211101,
    -66.07958845409));
#6273 = CARTESIAN_POINT('',(3.920195639744E-02,0.251595608272,
    -64.30952241122));
#6274 = CARTESIAN_POINT('',(0.600556672516,1.036569405381,
    -61.75535845288));
#6275 = CARTESIAN_POINT('',(0.772515342534,1.275546383156,-60.9729465043
    ));
#6276 = CARTESIAN_POINT('',(0.944550143662,1.513332598808,
    -60.19018815917));
#6277 = CARTESIAN_POINT('',(1.116650233816,1.75009103568,-59.40713274897
    ));
#6278 = CARTESIAN_POINT('',(1.288805377479,1.985977689052,-58.6238268453
    ));
#6279 = CARTESIAN_POINT('',(1.461005987621,2.221140902612,
    -57.84031406916));
#6280 = CARTESIAN_POINT('',(1.633243167606,2.455720704938,
    -57.05663490022));
#6281 = CARTESIAN_POINT('',(1.879996865785,2.79108549501,-55.93390557351
    ));
#6282 = CARTESIAN_POINT('',(1.954490276002,2.892238233725,
    -55.59496055702));
#6283 = CARTESIAN_POINT('',(2.028988315286,2.993316965824,
    -55.25599447828));
#6284 = CARTESIAN_POINT('',(2.10349033799,3.0943319534,-54.91701027498)
  );
#6285 = CARTESIAN_POINT('',(2.177995721299,3.195293116927,
    -54.57801078092));
#6286 = CARTESIAN_POINT('',(2.252503865233,3.296210035266,
    -54.23899872602));
#6287 = CARTESIAN_POINT('',(2.327014192644,3.397091945662,-53.8999767363
    ));
#6288 = CARTESIAN_POINT('',(2.484553975316,3.610330212946,
    -53.18317072514));
#6289 = CARTESIAN_POINT('',(2.567583824584,3.722680229371,
    -52.80538491097));
#6290 = CARTESIAN_POINT('',(2.650614929569,3.835010104313,
    -52.42759338329));
#6291 = CARTESIAN_POINT('',(2.733646559779,3.947331555494,
    -52.04979946583));
#6292 = CARTESIAN_POINT('',(2.816678021685,4.059655707062,
    -51.67200631416));
#6293 = CARTESIAN_POINT('',(2.899708658716,4.171993089587,
    -51.29421691567));
#6294 = CARTESIAN_POINT('',(2.982737851261,4.284353640069,
    -50.91643408959));
#6295 = CARTESIAN_POINT('',(3.203069501177,4.582614439862,
    -49.91392508247));
#6296 = CARTESIAN_POINT('',(3.340368443179,4.768571040586,
    -49.28921489636));
#6297 = CARTESIAN_POINT('',(3.477659212664,4.954658632253,
    -48.66454189521));
#6298 = CARTESIAN_POINT('',(3.614939465305,5.140914637411,
    -48.03991674569));
#6299 = CARTESIAN_POINT('',(3.752207151772,5.32737162412,-47.41534877227
    ));
#6300 = CARTESIAN_POINT('',(3.889460527035,5.514057157054,
    -46.79084591482));
#6301 = CARTESIAN_POINT('',(4.026698159671,5.700993648608,
    -46.16641468633));
#6302 = CARTESIAN_POINT('',(4.252506995111,6.009055179349,
    -45.13898448508));
#6303 = CARTESIAN_POINT('',(4.341088027418,6.130023868289,
    -44.73594078808));
#6304 = CARTESIAN_POINT('',(4.429661737918,6.251108907416,-44.3329304053
    ));
#6305 = CARTESIAN_POINT('',(4.518227884938,6.372313989726,
    -43.92995443636));
#6306 = CARTESIAN_POINT('',(4.606786285301,6.493641870616,
    -43.52701371471));
#6307 = CARTESIAN_POINT('',(4.695336814333,6.615094367892,
    -43.12410880762));
#6308 = CARTESIAN_POINT('',(4.783879405857,6.736672361764,
    -42.72124001618));
#6309 = CARTESIAN_POINT('',(5.083809929283,7.148969421683,
    -41.35655613459));
#6310 = CARTESIAN_POINT('',(5.295160554454,7.440278156665,
    -40.39491079007));
#6311 = CARTESIAN_POINT('',(5.506465789319,7.732301016795,
    -39.43347197143));
#6312 = CARTESIAN_POINT('',(5.717727536162,8.025005776731,
    -38.47223102329));
#6313 = CARTESIAN_POINT('',(5.928949760361,8.318328616886,
    -37.51116990319));
#6314 = CARTESIAN_POINT('',(6.140138512814,8.612173771535,
    -36.55026107953));
#6315 = CARTESIAN_POINT('',(6.351301952356,8.906413176911,
    -35.58946742961));
#6316 = CARTESIAN_POINT('',(6.62526055248,9.288482797277,-34.34295579904
    ));
#6317 = CARTESIAN_POINT('',(6.688069408764,9.376100145557,
    -34.05717550295));
#6318 = CARTESIAN_POINT('',(6.750877208391,9.463733938367,
    -33.77140001465));
#6319 = CARTESIAN_POINT('',(6.813684239219,9.551379694922,
    -33.48562802438));
#6320 = CARTESIAN_POINT('',(6.876490805615,9.639032679438,
    -33.19985814728));
#6321 = CARTESIAN_POINT('',(6.939297228448,9.726687901136,
    -32.91408892339));
#6322 = CARTESIAN_POINT('',(7.002103845092,9.814340114241,
    -32.62831881766));
#6323 = CARTESIAN_POINT('',(7.176294288014,10.057412632083,
    -31.83575230237));
#6324 = CARTESIAN_POINT('',(7.287679282562,10.212814670706,
    -31.32895057717));
#6325 = CARTESIAN_POINT('',(7.399067973895,10.368159267325,
    -30.82213203161));
#6326 = CARTESIAN_POINT('',(7.510462497119,10.523413207566,
    -30.31528695094));
#6327 = CARTESIAN_POINT('',(7.621865141625,10.678540729209,
    -29.80840491844));
#6328 = CARTESIAN_POINT('',(7.733278351089,10.833503522181,
    -29.30147481537));
#6329 = CARTESIAN_POINT('',(7.844704723473,10.988260728566,
    -28.79448482103));
#6330 = CARTESIAN_POINT('',(8.130497557978,11.384495779121,
    -27.49412742403));
#6331 = CARTESIAN_POINT('',(8.304886898588,11.625612951906,
    -26.70065592426));
#6332 = CARTESIAN_POINT('',(8.479325730024,11.865954433607,
    -25.90695924122));
#6333 = CARTESIAN_POINT('',(8.653825441737,12.105338572957,
    -25.11298555293));
#6334 = CARTESIAN_POINT('',(8.828398115449,12.343568094761,
    -24.31867988754));
#6335 = CARTESIAN_POINT('',(9.00305652516,12.580430099895,
    -23.52398412335));
#6336 = CARTESIAN_POINT('',(9.177814137148,12.815696065311,
    -22.72883698881));
#6337 = CARTESIAN_POINT('',(9.615494944257,13.399932440195,
    -20.73738931646));
#6338 = CARTESIAN_POINT('',(9.878558000737,13.746583046452,
    -19.54045240948));
#6339 = CARTESIAN_POINT('',(10.1419249182,14.088248490565,
    -18.34213293502));
#6340 = CARTESIAN_POINT('',(10.405645601733,14.424019012767,
    -17.14220382495));
#6341 = CARTESIAN_POINT('',(10.669769224576,14.752900222728,
    -15.94044134101));
#6342 = CARTESIAN_POINT('',(10.93434407683,15.073815748751,
    -14.73662576325));
#6343 = CARTESIAN_POINT('',(11.199417261016,15.38561257919,
    -13.53054277521));
#6344 = CARTESIAN_POINT('',(11.465034234462,15.687069096097,
    -12.32198554603));
#6345 = PCURVE('',#5457,#6346);
#6346 = DEFINITIONAL_REPRESENTATION('',(#6347),#6441);
#6347 = B_SPLINE_CURVE_WITH_KNOTS('',8,(#6348,#6349,#6350,#6351,#6352,
    #6353,#6354,#6355,#6356,#6357,#6358,#6359,#6360,#6361,#6362,#6363,
    #6364,#6365,#6366,#6367,#6368,#6369,#6370,#6371,#6372,#6373,#6374,
    #6375,#6376,#6377,#6378,#6379,#6380,#6381,#6382,#6383,#6384,#6385,
    #6386,#6387,#6388,#6389,#6390,#6391,#6392,#6393,#6394,#6395,#6396,
    #6397,#6398,#6399,#6400,#6401,#6402,#6403,#6404,#6405,#6406,#6407,
    #6408,#6409,#6410,#6411,#6412,#6413,#6414,#6415,#6416,#6417,#6418,
    #6419,#6420,#6421,#6422,#6423,#6424,#6425,#6426,#6427,#6428,#6429,
    #6430,#6431,#6432,#6433,#6434,#6435,#6436,#6437,#6438,#6439,#6440),
  .UNSPECIFIED.,.F.,.F.,(9,7,7,7,7,7,7,7,7,7,7,7,7,9),(0.,0.126403700553
    ,0.251480729461,0.416640380805,0.48952195383,0.521036146332,
    0.55615205276,0.614224268118,0.651714978273,0.741232267643,
    0.767860918496,0.815084614514,0.888965700509,1.),.UNSPECIFIED.);
#6348 = CARTESIAN_POINT('',(0.319041897949,0.));
#6349 = CARTESIAN_POINT('',(0.314289688007,1.225609608219E-02));
#6350 = CARTESIAN_POINT('',(0.310105707376,2.461906586028E-02));
#6351 = CARTESIAN_POINT('',(0.306324227262,3.706180809117E-02));
#6352 = CARTESIAN_POINT('',(0.30284728499,4.956729608797E-02));
#6353 = CARTESIAN_POINT('',(0.299603498001,6.212307655436E-02));
#6354 = CARTESIAN_POINT('',(0.296542050062,7.47207773353E-02));
#6355 = CARTESIAN_POINT('',(0.293623931445,8.735498071156E-02));
#6356 = CARTESIAN_POINT('',(0.288044513869,0.112558164441));
#6357 = CARTESIAN_POINT('',(0.285381175724,0.125124755781));
#6358 = CARTESIAN_POINT('',(0.282801080121,0.137718976913));
#6359 = CARTESIAN_POINT('',(0.280284423989,0.150337954948));
#6360 = CARTESIAN_POINT('',(0.277817351241,0.162979542638));
#6361 = CARTESIAN_POINT('',(0.275390072882,0.175642152924));
#6362 = CARTESIAN_POINT('',(0.272995768344,0.188324678116));
#6363 = CARTESIAN_POINT('',(0.267506711233,0.217798777605));
#6364 = CARTESIAN_POINT('',(0.26443348683,0.234603859574));
#6365 = CARTESIAN_POINT('',(0.261400833219,0.251440127003));
#6366 = CARTESIAN_POINT('',(0.25840642503,0.268305946515));
#6367 = CARTESIAN_POINT('',(0.25545262922,0.285199556988));
#6368 = CARTESIAN_POINT('',(0.252544292729,0.302119067357));
#6369 = CARTESIAN_POINT('',(0.249687061713,0.319062559237));
#6370 = CARTESIAN_POINT('',(0.245650283713,0.34351492591));
#6371 = CARTESIAN_POINT('',(0.244425328313,0.3510058164));
#6372 = CARTESIAN_POINT('',(0.243211828777,0.358500778904));
#6373 = CARTESIAN_POINT('',(0.2420102313,0.365999610984));
#6374 = CARTESIAN_POINT('',(0.240820951675,0.373502097851));
#6375 = CARTESIAN_POINT('',(0.239644361323,0.38100801555));
#6376 = CARTESIAN_POINT('',(0.238480773314,0.388517134151));
#6377 = CARTESIAN_POINT('',(0.236833016088,0.399277467905));
#6378 = CARTESIAN_POINT('',(0.236338080049,0.402526269284));
#6379 = CARTESIAN_POINT('',(0.235845640212,0.405775605847));
#6380 = CARTESIAN_POINT('',(0.235355713994,0.409025458203));
#6381 = CARTESIAN_POINT('',(0.234868316293,0.412275806795));
#6382 = CARTESIAN_POINT('',(0.234383459485,0.415526631899));
#6383 = CARTESIAN_POINT('',(0.233901153429,0.418777913623));
#6384 = CARTESIAN_POINT('',(0.232886827765,0.425652984627));
#6385 = CARTESIAN_POINT('',(0.232355426168,0.429276879486));
#6386 = CARTESIAN_POINT('',(0.231827210701,0.432901288689));
#6387 = CARTESIAN_POINT('',(0.231302187207,0.436526184421));
#6388 = CARTESIAN_POINT('',(0.23078035734,0.440151538848));
#6389 = CARTESIAN_POINT('',(0.230261718572,0.443777324116));
#6390 = CARTESIAN_POINT('',(0.229746264187,0.447403512353));
#6391 = CARTESIAN_POINT('',(0.228386809179,0.45702743092));
#6392 = CARTESIAN_POINT('',(0.227548313831,0.463025812119));
#6393 = CARTESIAN_POINT('',(0.22671844823,0.469025093766));
#6394 = CARTESIAN_POINT('',(0.225897131372,0.475025151272));
#6395 = CARTESIAN_POINT('',(0.225084251457,0.481025861969));
#6396 = CARTESIAN_POINT('',(0.224279667079,0.487027106117));
#6397 = CARTESIAN_POINT('',(0.223483208416,0.493028767908));
#6398 = CARTESIAN_POINT('',(0.222185613132,0.502905533796));
#6399 = CARTESIAN_POINT('',(0.221679852643,0.506780459117));
#6400 = CARTESIAN_POINT('',(0.221177343582,0.510655482392));
#6401 = CARTESIAN_POINT('',(0.220678028374,0.514530574679));
#6402 = CARTESIAN_POINT('',(0.220181845243,0.518405708145));
#6403 = CARTESIAN_POINT('',(0.219688728215,0.522280856065));
#6404 = CARTESIAN_POINT('',(0.219198607116,0.526155992824));
#6405 = CARTESIAN_POINT('',(0.217548111846,0.539283747294));
#6406 = CARTESIAN_POINT('',(0.216401473662,0.548536199734));
#6407 = CARTESIAN_POINT('',(0.215270487085,0.557788118043));
#6408 = CARTESIAN_POINT('',(0.21415402468,0.567039215906));
#6409 = CARTESIAN_POINT('',(0.213050857285,0.576289260377));
#6410 = CARTESIAN_POINT('',(0.211959673796,0.585538078374));
#6411 = CARTESIAN_POINT('',(0.210879100942,0.594785563165));
#6412 = CARTESIAN_POINT('',(0.209489020973,0.606782117583));
#6413 = CARTESIAN_POINT('',(0.209171132548,0.609532433404));
#6414 = CARTESIAN_POINT('',(0.208854020428,0.612282627429));
#6415 = CARTESIAN_POINT('',(0.208537646995,0.615032699347));
#6416 = CARTESIAN_POINT('',(0.208221974378,0.617782649433));
#6417 = CARTESIAN_POINT('',(0.207906964452,0.620532478548));
#6418 = CARTESIAN_POINT('',(0.207592578838,0.623282188137));
#6419 = CARTESIAN_POINT('',(0.206722280842,0.630907952967));
#6420 = CARTESIAN_POINT('',(0.206167625606,0.635783756132));
#6421 = CARTESIAN_POINT('',(0.205614596767,0.640659201102));
#6422 = CARTESIAN_POINT('',(0.205062977651,0.645534305287));
#6423 = CARTESIAN_POINT('',(0.204512551338,0.650409092132));
#6424 = CARTESIAN_POINT('',(0.203963100664,0.65528359112));
#6425 = CARTESIAN_POINT('',(0.20341440822,0.660157837767));
#6426 = CARTESIAN_POINT('',(0.202008677238,0.672657262844));
#6427 = CARTESIAN_POINT('',(0.201152430639,0.680282131265));
#6428 = CARTESIAN_POINT('',(0.200296673915,0.68790664302));
#6429 = CARTESIAN_POINT('',(0.19944058575,0.695530993998));
#6430 = CARTESIAN_POINT('',(0.198583366153,0.703155411839));
#6431 = CARTESIAN_POINT('',(0.197724236455,0.71078015594));
#6432 = CARTESIAN_POINT('',(0.196862439311,0.718405517449));
#6433 = CARTESIAN_POINT('',(0.194696947262,0.737493224704));
#6434 = CARTESIAN_POINT('',(0.193388999325,0.74895663476));
#6435 = CARTESIAN_POINT('',(0.192070931656,0.760423269418));
#6436 = CARTESIAN_POINT('',(0.190740494002,0.771894341017));
#6437 = CARTESIAN_POINT('',(0.189395703979,0.78337106718));
#6438 = CARTESIAN_POINT('',(0.188034936682,0.794854677703));
#6439 = CARTESIAN_POINT('',(0.186657049029,0.806346415409));
#6440 = CARTESIAN_POINT('',(0.18526153883,0.817847530969));
#6441 = ( GEOMETRIC_REPRESENTATION_CONTEXT(2) 
PARAMETRIC_REPRESENTATION_CONTEXT() REPRESENTATION_CONTEXT('2D SPACE',''
  ) );
#6442 = PCURVE('',#6205,#6443);
#6443 = DEFINITIONAL_REPRESENTATION('',(#6444),#6538);
#6444 = B_SPLINE_CURVE_WITH_KNOTS('',8,(#6445,#6446,#6447,#6448,#6449,
    #6450,#6451,#6452,#6453,#6454,#6455,#6456,#6457,#6458,#6459,#6460,
    #6461,#6462,#6463,#6464,#6465,#6466,#6467,#6468,#6469,#6470,#6471,
    #6472,#6473,#6474,#6475,#6476,#6477,#6478,#6479,#6480,#6481,#6482,
    #6483,#6484,#6485,#6486,#6487,#6488,#6489,#6490,#6491,#6492,#6493,
    #6494,#6495,#6496,#6497,#6498,#6499,#6500,#6501,#6502,#6503,#6504,
    #6505,#6506,#6507,#6508,#6509,#6510,#6511,#6512,#6513,#6514,#6515,
    #6516,#6517,#6518,#6519,#6520,#6521,#6522,#6523,#6524,#6525,#6526,
    #6527,#6528,#6529,#6530,#6531,#6532,#6533,#6534,#6535,#6536,#6537),
  .UNSPECIFIED.,.F.,.F.,(9,7,7,7,7,7,7,7,7,7,7,7,7,9),(0.,0.126403700553
    ,0.251480729461,0.416640380805,0.48952195383,0.521036146332,
    0.55615205276,0.614224268118,0.651714978273,0.741232267643,
    0.767860918496,0.815084614514,0.888965700509,1.),.UNSPECIFIED.);
#6445 = CARTESIAN_POINT('',(86.699012687327,-13.61151433509));
#6446 = CARTESIAN_POINT('',(85.476757393456,-12.83168759201));
#6447 = CARTESIAN_POINT('',(84.233553979889,-12.08495388748));
#6448 = CARTESIAN_POINT('',(82.972748568541,-11.36784769293));
#6449 = CARTESIAN_POINT('',(81.696812124133,-10.67798470723));
#6450 = CARTESIAN_POINT('',(80.407775627794,-10.01327643857));
#6451 = CARTESIAN_POINT('',(79.107251101075,-9.371890775605));
#6452 = CARTESIAN_POINT('',(77.796515523835,-8.752106678988));
#6453 = CARTESIAN_POINT('',(75.17037549708,-7.558785021696));
#6454 = CARTESIAN_POINT('',(73.855339587939,-6.984909090584));
#6455 = CARTESIAN_POINT('',(72.532468503517,-6.429147447581));
#6456 = CARTESIAN_POINT('',(71.202683051307,-5.890119547058));
#6457 = CARTESIAN_POINT('',(69.866786832898,-5.366539379683));
#6458 = CARTESIAN_POINT('',(68.525479729506,-4.85718257));
#6459 = CARTESIAN_POINT('',(67.17936514315,-4.360868450354));
#6460 = CARTESIAN_POINT('',(64.045778399064,-3.236809618806));
#6461 = CARTESIAN_POINT('',(62.255197883164,-2.617946787671));
#6462 = CARTESIAN_POINT('',(60.458397567482,-2.017244555038));
#6463 = CARTESIAN_POINT('',(58.656431390222,-1.432238754519));
#6464 = CARTESIAN_POINT('',(56.85023436812,-0.860579256591));
#6465 = CARTESIAN_POINT('',(55.040628038104,-0.300014211101));
#6466 = CARTESIAN_POINT('',(53.228316078532,0.251595608272));
#6467 = CARTESIAN_POINT('',(50.613192249076,1.036569405381));
#6468 = CARTESIAN_POINT('',(49.812106584818,1.275546383156));
#6469 = CARTESIAN_POINT('',(49.010666256612,1.513332598808));
#6470 = CARTESIAN_POINT('',(48.208921773331,1.75009103568));
#6471 = CARTESIAN_POINT('',(47.406920818087,1.985977689052));
#6472 = CARTESIAN_POINT('',(46.604708052972,2.221140902612));
#6473 = CARTESIAN_POINT('',(45.802324923796,2.455720704938));
#6474 = CARTESIAN_POINT('',(44.65279957452,2.79108549501));
#6475 = CARTESIAN_POINT('',(44.305765005106,2.892238233725));
#6476 = CARTESIAN_POINT('',(43.958708870749,2.993316965824));
#6477 = CARTESIAN_POINT('',(43.611634179256,3.0943319534));
#6478 = CARTESIAN_POINT('',(43.264543832064,3.195293116927));
#6479 = CARTESIAN_POINT('',(42.917440624242,3.296210035266));
#6480 = CARTESIAN_POINT('',(42.570327244489,3.397091945662));
#6481 = CARTESIAN_POINT('',(41.836413325314,3.610330212946));
#6482 = CARTESIAN_POINT('',(41.449610950376,3.722680229371));
#6483 = CARTESIAN_POINT('',(41.062802725565,3.835010104313));
#6484 = CARTESIAN_POINT('',(40.675992053939,3.947331555494));
#6485 = CARTESIAN_POINT('',(40.289182166376,4.059655707062));
#6486 = CARTESIAN_POINT('',(39.902376121572,4.171993089587));
#6487 = CARTESIAN_POINT('',(39.515576806041,4.284353640069));
#6488 = CARTESIAN_POINT('',(38.489141057779,4.582614439862));
#6489 = CARTESIAN_POINT('',(37.849521001727,4.768571040586));
#6490 = CARTESIAN_POINT('',(37.20993901812,4.954658632253));
#6491 = CARTESIAN_POINT('',(36.570406028215,5.140914637411));
#6492 = CARTESIAN_POINT('',(35.930931579016,5.32737162412));
#6493 = CARTESIAN_POINT('',(35.291523799912,5.514057157054));
#6494 = CARTESIAN_POINT('',(34.652189359319,5.700993648608));
#6495 = CARTESIAN_POINT('',(33.600237626299,6.009055179349));
#6496 = CARTESIAN_POINT('',(33.187574542205,6.130023868289));
#6497 = CARTESIAN_POINT('',(32.774945567436,6.251108907416));
#6498 = CARTESIAN_POINT('',(32.362351827858,6.372313989726));
#6499 = CARTESIAN_POINT('',(31.949794176806,6.493641870616));
#6500 = CARTESIAN_POINT('',(31.537273195094,6.615094367892));
#6501 = CARTESIAN_POINT('',(31.124789191008,6.736672361764));
#6502 = CARTESIAN_POINT('',(29.727534591608,7.148969421683));
#6503 = CARTESIAN_POINT('',(28.742937793212,7.440278156665));
#6504 = CARTESIAN_POINT('',(27.758552449831,7.732301016795));
#6505 = CARTESIAN_POINT('',(26.774369699499,8.025005776731));
#6506 = CARTESIAN_POINT('',(25.790371069125,8.318328616886));
#6507 = CARTESIAN_POINT('',(24.806528370035,8.612173771535));
#6508 = CARTESIAN_POINT('',(23.822803593525,8.906413176911));
#6509 = CARTESIAN_POINT('',(22.546541645603,9.288482797277));
#6510 = CARTESIAN_POINT('',(22.253940671473,9.376100145557));
#6511 = CARTESIAN_POINT('',(21.961344619882,9.463733938367));
#6512 = CARTESIAN_POINT('',(21.668752149808,9.551379694922));
#6513 = CARTESIAN_POINT('',(21.376161843337,9.639032679438));
#6514 = CARTESIAN_POINT('',(21.083572205667,9.726687901136));
#6515 = CARTESIAN_POINT('',(20.790981665109,9.814340114241));
#6516 = CARTESIAN_POINT('',(19.979499076528,10.057412632083));
#6517 = CARTESIAN_POINT('',(19.460601586004,10.212814670706));
#6518 = CARTESIAN_POINT('',(18.941686873662,10.368159267325));
#6519 = CARTESIAN_POINT('',(18.422744992907,10.523413207566));
#6520 = CARTESIAN_POINT('',(17.903765278394,10.678540729209));
#6521 = CARTESIAN_POINT('',(17.384736346026,10.833503522181));
#6522 = CARTESIAN_POINT('',(16.865646092957,10.988260728566));
#6523 = CARTESIAN_POINT('',(15.534253249288,11.384495779121));
#6524 = CARTESIAN_POINT('',(14.721844077089,11.625612951906));
#6525 = CARTESIAN_POINT('',(13.90920434721,11.865954433607));
#6526 = CARTESIAN_POINT('',(13.096281000833,12.105338572957));
#6527 = CARTESIAN_POINT('',(12.283017754106,12.343568094761));
#6528 = CARTESIAN_POINT('',(11.469355098147,12.580430099895));
#6529 = CARTESIAN_POINT('',(10.655230299041,12.815696065311));
#6530 = CARTESIAN_POINT('',(8.616253025846,13.399932440195));
#6531 = CARTESIAN_POINT('',(7.390748994444,13.746583046452));
#6532 = CARTESIAN_POINT('',(6.163829398023,14.088248490565));
#6533 = CARTESIAN_POINT('',(4.93526174904,14.424019012767));
#6534 = CARTESIAN_POINT('',(3.704816969323,14.752900222728));
#6535 = CARTESIAN_POINT('',(2.472270094879,15.073815748751));
#6536 = CARTESIAN_POINT('',(1.237401694189,15.38561257919));
#6537 = CARTESIAN_POINT('',(0.,15.687069096097));
#6538 = ( GEOMETRIC_REPRESENTATION_CONTEXT(2) 
PARAMETRIC_REPRESENTATION_CONTEXT() REPRESENTATION_CONTEXT('2D SPACE',''
  ) );
#6539 = ORIENTED_EDGE('',*,*,#6540,.F.);
#6540 = EDGE_CURVE('',#6541,#6248,#6543,.T.);
#6541 = VERTEX_POINT('',#6542);
#6542 = CARTESIAN_POINT('',(8.534965765538,16.671281296004,
    -11.67801445396));
#6543 = SURFACE_CURVE('',#6544,(#6550,#6559),.PCURVE_S1.);
#6544 = B_SPLINE_CURVE_WITH_KNOTS('',4,(#6545,#6546,#6547,#6548,#6549),
  .UNSPECIFIED.,.F.,.F.,(5,5),(0.,1.),.PIECEWISE_BEZIER_KNOTS.);
#6545 = CARTESIAN_POINT('',(8.534965765538,16.671281296004,
    -11.67801445396));
#6546 = CARTESIAN_POINT('',(9.276538058145,16.454777434901,
    -11.84099737541));
#6547 = CARTESIAN_POINT('',(10.012648066709,16.218666497125,
    -12.00277979488));
#6548 = CARTESIAN_POINT('',(10.742469839237,15.96283671851,
    -12.16318018444));
#6549 = CARTESIAN_POINT('',(11.465034234462,15.687069096097,
    -12.32198554603));
#6550 = PCURVE('',#5457,#6551);
#6551 = DEFINITIONAL_REPRESENTATION('',(#6552),#6558);
#6552 = B_SPLINE_CURVE_WITH_KNOTS('',4,(#6553,#6554,#6555,#6556,#6557),
  .UNSPECIFIED.,.F.,.F.,(5,5),(0.,1.),.PIECEWISE_BEZIER_KNOTS.);
#6553 = CARTESIAN_POINT('',(0.202490755286,0.823974048354));
#6554 = CARTESIAN_POINT('',(0.198217930488,0.822423935888));
#6555 = CARTESIAN_POINT('',(0.193925113498,0.820884935582));
#6556 = CARTESIAN_POINT('',(0.189607903912,0.819358786514));
#6557 = CARTESIAN_POINT('',(0.18526153883,0.817847530969));
#6558 = ( GEOMETRIC_REPRESENTATION_CONTEXT(2) 
PARAMETRIC_REPRESENTATION_CONTEXT() REPRESENTATION_CONTEXT('2D SPACE',''
  ) );
#6559 = PCURVE('',#6560,#6565);
#6560 = PLANE('',#6561);
#6561 = AXIS2_PLACEMENT_3D('',#6562,#6563,#6564);
#6562 = CARTESIAN_POINT('',(8.534965765538,0.,-11.67801445396));
#6563 = DIRECTION('',(0.21465703069,0.,0.976689489641));
#6564 = DIRECTION('',(0.976689489641,0.,-0.21465703069));
#6565 = DEFINITIONAL_REPRESENTATION('',(#6566),#6572);
#6566 = B_SPLINE_CURVE_WITH_KNOTS('',4,(#6567,#6568,#6569,#6570,#6571),
  .UNSPECIFIED.,.F.,.F.,(5,5),(0.,1.),.PIECEWISE_BEZIER_KNOTS.);
#6567 = CARTESIAN_POINT('',(0.,16.671281296004));
#6568 = CARTESIAN_POINT('',(0.75927129397,16.454777434901));
#6569 = CARTESIAN_POINT('',(1.512949936334,16.218666497125));
#6570 = CARTESIAN_POINT('',(2.260190262219,15.96283671851));
#6571 = CARTESIAN_POINT('',(3.,15.687069096097));
#6572 = ( GEOMETRIC_REPRESENTATION_CONTEXT(2) 
PARAMETRIC_REPRESENTATION_CONTEXT() REPRESENTATION_CONTEXT('2D SPACE',''
  ) );
#6573 = ORIENTED_EDGE('',*,*,#6574,.F.);
#6574 = EDGE_CURVE('',#6575,#6541,#6577,.T.);
#6575 = VERTEX_POINT('',#6576);
#6576 = CARTESIAN_POINT('',(-10.21711896985,-14.90907486217,-97.));
#6577 = SURFACE_CURVE('',#6578,(#6672,#6769),.PCURVE_S1.);
#6578 = B_SPLINE_CURVE_WITH_KNOTS('',8,(#6579,#6580,#6581,#6582,#6583,
    #6584,#6585,#6586,#6587,#6588,#6589,#6590,#6591,#6592,#6593,#6594,
    #6595,#6596,#6597,#6598,#6599,#6600,#6601,#6602,#6603,#6604,#6605,
    #6606,#6607,#6608,#6609,#6610,#6611,#6612,#6613,#6614,#6615,#6616,
    #6617,#6618,#6619,#6620,#6621,#6622,#6623,#6624,#6625,#6626,#6627,
    #6628,#6629,#6630,#6631,#6632,#6633,#6634,#6635,#6636,#6637,#6638,
    #6639,#6640,#6641,#6642,#6643,#6644,#6645,#6646,#6647,#6648,#6649,
    #6650,#6651,#6652,#6653,#6654,#6655,#6656,#6657,#6658,#6659,#6660,
    #6661,#6662,#6663,#6664,#6665,#6666,#6667,#6668,#6669,#6670,#6671),
  .UNSPECIFIED.,.F.,.F.,(9,7,7,7,7,7,7,7,7,7,7,7,7,9),(0.,0.103554595095
    ,0.205153287396,0.398643462715,0.492519198162,0.533302909826,
    0.564452457144,0.658992694252,0.737966477588,0.765501203243,
    0.7846607513,0.828980013955,0.918813706167,1.),.UNSPECIFIED.);
#6579 = CARTESIAN_POINT('',(-10.21711896985,-14.90907486217,-97.));
#6580 = CARTESIAN_POINT('',(-10.00709925489,-14.203343661,
    -96.04441029691));
#6581 = CARTESIAN_POINT('',(-9.792720926716,-13.52604620765,
    -95.06898890372));
#6582 = CARTESIAN_POINT('',(-9.574735528294,-12.8737881106,
    -94.0771553409));
#6583 = CARTESIAN_POINT('',(-9.353685764652,-12.24428316483,
    -93.07137891633));
#6584 = CARTESIAN_POINT('',(-9.130002899044,-11.63562556159,
    -92.05362187781));
#6585 = CARTESIAN_POINT('',(-8.904018998874,-11.04619700216,
    -91.02539513204));
#6586 = CARTESIAN_POINT('',(-8.675986811557,-10.47452284962,
    -89.98784867974));
#6587 = CARTESIAN_POINT('',(-8.22052359065,-9.37444283311,
    -87.91549102462));
#6588 = CARTESIAN_POINT('',(-7.993202625459,-8.845519552165,
    -86.881180633));
#6589 = CARTESIAN_POINT('',(-7.764322638258,-8.331251311589,
    -85.83977669123));
#6590 = CARTESIAN_POINT('',(-7.534054896554,-7.830586817061,
    -84.79205846648));
#6591 = CARTESIAN_POINT('',(-7.302545986647,-7.342586677624,
    -83.7386929264));
#6592 = CARTESIAN_POINT('',(-7.069921631289,-6.866385685758,
    -82.68025210953));
#6593 = CARTESIAN_POINT('',(-6.836288779629,-6.40117186215,
    -81.61722263447));
#6594 = CARTESIAN_POINT('',(-6.155040610073,-5.079674883083,
    -78.51754346299));
#6595 = CARTESIAN_POINT('',(-5.705055534196,-4.250338758977,
    -76.47011136775));
#6596 = CARTESIAN_POINT('',(-5.25239369232,-3.452878343028,
    -74.41049998722));
#6597 = CARTESIAN_POINT('',(-4.797555497462,-2.682805029662,
    -72.34098620061));
#6598 = CARTESIAN_POINT('',(-4.340959190435,-1.936052930303,
    -70.26347300364));
#6599 = CARTESIAN_POINT('',(-3.882953722003,-1.208815473633,
    -68.17954812227));
#6600 = CARTESIAN_POINT('',(-3.423821421441,-0.497513257484,
    -66.09049615472));
#6601 = CARTESIAN_POINT('',(-2.740578064208,0.540189786017,
    -62.98173887931));
#6602 = CARTESIAN_POINT('',(-2.517170622812,0.876208819727,
    -61.96523502095));
#6603 = CARTESIAN_POINT('',(-2.293583543524,1.209629458931,
    -60.9479138102));
#6604 = CARTESIAN_POINT('',(-2.06984331404,1.540812272974,
    -59.92989576604));
#6605 = CARTESIAN_POINT('',(-1.845974643836,1.870100700151,
    -58.91129331661));
#6606 = CARTESIAN_POINT('',(-1.622000344997,2.197819281681,
    -57.89221025689));
#6607 = CARTESIAN_POINT('',(-1.397941213041,2.524271895688,
    -56.8727412065));
#6608 = CARTESIAN_POINT('',(-1.076446105163,2.991137519507,
    -55.40993846565));
#6609 = CARTESIAN_POINT('',(-0.979063863302,3.132349088133,
    -54.96684926518));
#6610 = CARTESIAN_POINT('',(-0.881670743124,3.273397778183,
    -54.52371056837));
#6611 = CARTESIAN_POINT('',(-0.784268238872,3.41430575178,
    -54.08052917403));
#6612 = CARTESIAN_POINT('',(-0.686857778074,3.555094252036,
    -53.6373115774));
#6613 = CARTESIAN_POINT('',(-0.589440721541,3.695783603054,
    -53.19406397017));
#6614 = CARTESIAN_POINT('',(-0.492018363365,3.836393209927,
    -52.75079224047));
#6615 = CARTESIAN_POINT('',(-0.320180134072,4.08428876337,
    -51.96892829719));
#6616 = CARTESIAN_POINT('',(-0.245765960131,4.191600199238,
    -51.63034380575));
#6617 = CARTESIAN_POINT('',(-0.171349955899,4.298884086774,
    -51.2917509865));
#6618 = CARTESIAN_POINT('',(-9.693264403447E-02,4.406148286975,
    -50.95315221752));
#6619 = CARTESIAN_POINT('',(-2.251452305496E-02,4.513400301405,
    -50.61454976706));
#6620 = CARTESIAN_POINT('',(5.190393266163E-02,4.620647272198,
    -50.27594579355));
#6621 = CARTESIAN_POINT('',(0.126322272877,4.727895982051,
    -49.93734234557));
#6622 = CARTESIAN_POINT('',(0.426601341785,5.160682147607,
    -48.57107258204));
#6623 = CARTESIAN_POINT('',(0.652457641149,5.486286464552,
    -47.54342641993));
#6624 = CARTESIAN_POINT('',(0.878297056738,5.812145122496,-46.515857079)
  );
#6625 = CARTESIAN_POINT('',(1.104109810958,6.138404837639,-45.4884090473
    ));
#6626 = CARTESIAN_POINT('',(1.32988837712,6.465177987094,-44.46111657127
    ));
#6627 = CARTESIAN_POINT('',(1.555627595079,6.792540871014,
    -43.43400312955));
#6628 = CARTESIAN_POINT('',(1.781324786887,7.120531974735,
    -42.40708090682));
#6629 = CARTESIAN_POINT('',(2.1954798845,7.723660087846,-40.52267521269)
  );
#6630 = CARTESIAN_POINT('',(2.383950545473,7.998607662823,
    -39.66513370526));
#6631 = CARTESIAN_POINT('',(2.572391795627,8.273992576182,
    -38.80772601706));
#6632 = CARTESIAN_POINT('',(2.760804881115,8.549795377254,
    -37.95044647809));
#6633 = CARTESIAN_POINT('',(2.949192374673,8.825977237274,-37.0932833824
    ));
#6634 = CARTESIAN_POINT('',(3.137558196323,9.102479642285,
    -36.23621889389));
#6635 = CARTESIAN_POINT('',(3.325907634073,9.379224086047,
    -35.37922895213));
#6636 = CARTESIAN_POINT('',(3.579913242478,9.752650460966,
    -34.22350343389));
#6637 = CARTESIAN_POINT('',(3.645577941082,9.84920657334,-33.92472905524
    ));
#6638 = CARTESIAN_POINT('',(3.711241743685,9.94577591767,-33.62595875339
    ));
#6639 = CARTESIAN_POINT('',(3.776904953955,10.042354011042,
    -33.32719114666));
#6640 = CARTESIAN_POINT('',(3.842567895981,10.138936070018,
    -33.02842476045));
#6641 = CARTESIAN_POINT('',(3.908230914269,10.235517010644,
    -32.72965802724));
#6642 = CARTESIAN_POINT('',(3.973894373744,10.332091448446,
    -32.43088928662));
#6643 = CARTESIAN_POINT('',(4.085249982739,10.495844818916,
    -31.9242212657));
#6644 = CARTESIAN_POINT('',(4.130941705826,10.563030037521,
    -31.71632392565));
#6645 = CARTESIAN_POINT('',(4.176633958845,10.630207438558,
    -31.50842417441));
#6646 = CARTESIAN_POINT('',(4.222326876338,10.697375035041,
    -31.30052139982));
#6647 = CARTESIAN_POINT('',(4.268020597559,10.764530768684,
    -31.09261496826));
#6648 = CARTESIAN_POINT('',(4.313715266475,10.831672509903,
    -30.8847042247));
#6649 = CARTESIAN_POINT('',(4.359411031761,10.898798057815,
    -30.67678849265));
#6650 = CARTESIAN_POINT('',(4.510812941636,11.121135128092,
    -29.98790980272));
#6651 = CARTESIAN_POINT('',(4.616524517952,11.276266293579,
    -29.50692213048));
#6652 = CARTESIAN_POINT('',(4.722244680732,11.431270537748,
    -29.02589538983));
#6653 = CARTESIAN_POINT('',(4.827975462153,11.586117682801,
    -28.54482033437));
#6654 = CARTESIAN_POINT('',(4.933719021597,11.740775472097,
    -28.06368713889));
#6655 = CARTESIAN_POINT('',(5.03947764565,11.89520957015,-27.58248539945
    ));
#6656 = CARTESIAN_POINT('',(5.145253748097,12.049383562634,
    -27.10120413332));
#6657 = CARTESIAN_POINT('',(5.465495139922,12.51515933405,
    -25.64410580052));
#6658 = CARTESIAN_POINT('',(5.680022148421,12.825832099911,
    -24.66800791184));
#6659 = CARTESIAN_POINT('',(5.894652653301,13.134957425495,
    -23.69143911464));
#6660 = CARTESIAN_POINT('',(6.109409847628,13.442178995912,
    -22.71429388045));
#6661 = CARTESIAN_POINT('',(6.324318377096,13.747103745066,
    -21.73646007137));
#6662 = CARTESIAN_POINT('',(6.539404357462,14.049301590868,
    -20.75781886071));
#6663 = CARTESIAN_POINT('',(6.754695391986,14.348305170464,
    -19.77824465362));
#6664 = CARTESIAN_POINT('',(7.164999313098,14.910487954842,
    -17.91136181257));
#6665 = CARTESIAN_POINT('',(7.359968190764,15.174343474705,
    -17.02425341918));
#6666 = CARTESIAN_POINT('',(7.555148939608,15.434804097091,
    -16.13618101195));
#6667 = CARTESIAN_POINT('',(7.75056294073,15.691470529783,
    -15.24704730684));
#6668 = CARTESIAN_POINT('',(7.946231211053,15.943916702654,
    -14.35675667687));
#6669 = CARTESIAN_POINT('',(8.142174375785,16.191690244026,
    -13.46521527734));
#6670 = CARTESIAN_POINT('',(8.338412640888,16.434312957039,
    -12.57233117112));
#6671 = CARTESIAN_POINT('',(8.534965765538,16.671281296004,
    -11.67801445396));
#6672 = PCURVE('',#5457,#6673);
#6673 = DEFINITIONAL_REPRESENTATION('',(#6674),#6768);
#6674 = B_SPLINE_CURVE_WITH_KNOTS('',8,(#6675,#6676,#6677,#6678,#6679,
    #6680,#6681,#6682,#6683,#6684,#6685,#6686,#6687,#6688,#6689,#6690,
    #6691,#6692,#6693,#6694,#6695,#6696,#6697,#6698,#6699,#6700,#6701,
    #6702,#6703,#6704,#6705,#6706,#6707,#6708,#6709,#6710,#6711,#6712,
    #6713,#6714,#6715,#6716,#6717,#6718,#6719,#6720,#6721,#6722,#6723,
    #6724,#6725,#6726,#6727,#6728,#6729,#6730,#6731,#6732,#6733,#6734,
    #6735,#6736,#6737,#6738,#6739,#6740,#6741,#6742,#6743,#6744,#6745,
    #6746,#6747,#6748,#6749,#6750,#6751,#6752,#6753,#6754,#6755,#6756,
    #6757,#6758,#6759,#6760,#6761,#6762,#6763,#6764,#6765,#6766,#6767),
  .UNSPECIFIED.,.F.,.F.,(9,7,7,7,7,7,7,7,7,7,7,7,7,9),(0.,0.103554595095
    ,0.205153287396,0.398643462715,0.492519198162,0.533302909826,
    0.564452457144,0.658992694252,0.737966477588,0.765501203243,
    0.7846607513,0.828980013955,0.918813706167,1.),.UNSPECIFIED.);
#6675 = CARTESIAN_POINT('',(0.352616812991,0.));
#6676 = CARTESIAN_POINT('',(0.347499129345,9.810817050347E-03));
#6677 = CARTESIAN_POINT('',(0.342960632441,1.975912470241E-02));
#6678 = CARTESIAN_POINT('',(0.338863866009,2.981149722643E-02));
#6679 = CARTESIAN_POINT('',(0.33511788587,3.994577629281E-02));
#6680 = CARTESIAN_POINT('',(0.331654359206,5.014558664509E-02));
#6681 = CARTESIAN_POINT('',(0.32842148544,6.039943890396E-02));
#6682 = CARTESIAN_POINT('',(0.325378162809,7.069952581171E-02));
#6683 = CARTESIAN_POINT('',(0.319659323244,9.118791939623E-02));
#6684 = CARTESIAN_POINT('',(0.316978423739,0.10137285944));
#6685 = CARTESIAN_POINT('',(0.314418091273,0.111590511698));
#6686 = CARTESIAN_POINT('',(0.311955212176,0.121836528219));
#6687 = CARTESIAN_POINT('',(0.30957198444,0.132107580111));
#6688 = CARTESIAN_POINT('',(0.307254316855,0.142401130097));
#6689 = CARTESIAN_POINT('',(0.304990893861,0.152715308378));
#6690 = CARTESIAN_POINT('',(0.298548847466,0.182728740329));
#6691 = CARTESIAN_POINT('',(0.294489936995,0.202476900465));
#6692 = CARTESIAN_POINT('',(0.290534931776,0.222284877698));
#6693 = CARTESIAN_POINT('',(0.286653662902,0.242146860075));
#6694 = CARTESIAN_POINT('',(0.282833661426,0.26205821442));
#6695 = CARTESIAN_POINT('',(0.279073255586,0.282014954414));
#6696 = CARTESIAN_POINT('',(0.275377499515,0.302013757425));
#6697 = CARTESIAN_POINT('',(0.269994935601,0.331774123992));
#6698 = CARTESIAN_POINT('',(0.268253472884,0.341505155909));
#6699 = CARTESIAN_POINT('',(0.266529748395,0.351244761572));
#6700 = CARTESIAN_POINT('',(0.264824717822,0.360992455031));
#6701 = CARTESIAN_POINT('',(0.263139377523,0.370747715338));
#6702 = CARTESIAN_POINT('',(0.261474692474,0.380509996419));
#6703 = CARTESIAN_POINT('',(0.259831524205,0.390278736952));
#6704 = CARTESIAN_POINT('',(0.257506340683,0.404299897036));
#6705 = CARTESIAN_POINT('',(0.256806314023,0.408547533952));
#6706 = CARTESIAN_POINT('',(0.256110537439,0.41279623303));
#6707 = CARTESIAN_POINT('',(0.255419063361,0.417045945908));
#6708 = CARTESIAN_POINT('',(0.254731937977,0.421296623827));
#6709 = CARTESIAN_POINT('',(0.254049201229,0.425548217626));
#6710 = CARTESIAN_POINT('',(0.253370886814,0.429800677748));
#6711 = CARTESIAN_POINT('',(0.25218234176,0.43730249714));
#6712 = CARTESIAN_POINT('',(0.251670256847,0.440551516367));
#6713 = CARTESIAN_POINT('',(0.251160779417,0.44380098969));
#6714 = CARTESIAN_POINT('',(0.250653918975,0.447050894924));
#6715 = CARTESIAN_POINT('',(0.250149682556,0.450301209926));
#6716 = CARTESIAN_POINT('',(0.24964807473,0.453551912591));
#6717 = CARTESIAN_POINT('',(0.249149097599,0.456802980859));
#6718 = CARTESIAN_POINT('',(0.247146316577,0.469922569729));
#6719 = CARTESIAN_POINT('',(0.245664109232,0.479793912596));
#6720 = CARTESIAN_POINT('',(0.244206123766,0.489667807341));
#6721 = CARTESIAN_POINT('',(0.24277212928,0.499543651289));
#6722 = CARTESIAN_POINT('',(0.241361683079,0.5094208656));
#6723 = CARTESIAN_POINT('',(0.239974144771,0.519298907822));
#6724 = CARTESIAN_POINT('',(0.238608690371,0.529177284432));
#6725 = CARTESIAN_POINT('',(0.2361413177,0.547307341534));
#6726 = CARTESIAN_POINT('',(0.23503302691,0.555559052935));
#6727 = CARTESIAN_POINT('',(0.233938878258,0.563810445258));
#6728 = CARTESIAN_POINT('',(0.232858216996,0.572061298087));
#6729 = CARTESIAN_POINT('',(0.231790319611,0.580311426954));
#6730 = CARTESIAN_POINT('',(0.23073440404,0.588560687361));
#6731 = CARTESIAN_POINT('',(0.229689639875,0.596808978806));
#6732 = CARTESIAN_POINT('',(0.228294479916,0.60793171339));
#6733 = CARTESIAN_POINT('',(0.227935051301,0.610807053851));
#6734 = CARTESIAN_POINT('',(0.227576835819,0.613682267946));
#6735 = CARTESIAN_POINT('',(0.227219796096,0.616557354164));
#6736 = CARTESIAN_POINT('',(0.226863894295,0.61943231173));
#6737 = CARTESIAN_POINT('',(0.226509092122,0.622307140599));
#6738 = CARTESIAN_POINT('',(0.226155350821,0.625181841466));
#6739 = CARTESIAN_POINT('',(0.225557197498,0.630056637035));
#6740 = CARTESIAN_POINT('',(0.225312258521,0.632056797035));
#6741 = CARTESIAN_POINT('',(0.225067801052,0.63405689624));
#6742 = CARTESIAN_POINT('',(0.224823811828,0.636056935316));
#6743 = CARTESIAN_POINT('',(0.224580277521,0.638056915112));
#6744 = CARTESIAN_POINT('',(0.224337184735,0.640056836653));
#6745 = CARTESIAN_POINT('',(0.224094520006,0.64205670115));
#6746 = CARTESIAN_POINT('',(0.223291904266,0.648682404765));
#6747 = CARTESIAN_POINT('',(0.222733757344,0.65330800165));
#6748 = CARTESIAN_POINT('',(0.222177660682,0.657933317879));
#6749 = CARTESIAN_POINT('',(0.221623445537,0.662558375954));
#6750 = CARTESIAN_POINT('',(0.221070942777,0.667183203641));
#6751 = CARTESIAN_POINT('',(0.220519982882,0.671807833974));
#6752 = CARTESIAN_POINT('',(0.219970395944,0.676432305251));
#6753 = CARTESIAN_POINT('',(0.218310454715,0.690430078589));
#6754 = CARTESIAN_POINT('',(0.217203843164,0.699802999855));
#6755 = CARTESIAN_POINT('',(0.216100766225,0.709175816009));
#6756 = CARTESIAN_POINT('',(0.214999824742,0.718548981057));
#6757 = CARTESIAN_POINT('',(0.213899651853,0.727923017116));
#6758 = CARTESIAN_POINT('',(0.212798933659,0.737298519692));
#6759 = CARTESIAN_POINT('',(0.211696429884,0.74667616296));
#6760 = CARTESIAN_POINT('',(0.209591968494,0.76453427539));
#6761 = CARTESIAN_POINT('',(0.208590553216,0.773014165493));
#6762 = CARTESIAN_POINT('',(0.207585907187,0.781496945151));
#6763 = CARTESIAN_POINT('',(0.206577255762,0.789983181487));
#6764 = CARTESIAN_POINT('',(0.205563914589,0.798473440838));
#6765 = CARTESIAN_POINT('',(0.204545313029,0.806968290649));
#6766 = CARTESIAN_POINT('',(0.203521017579,0.815468301372));
#6767 = CARTESIAN_POINT('',(0.202490755286,0.823974048354));
#6768 = ( GEOMETRIC_REPRESENTATION_CONTEXT(2) 
PARAMETRIC_REPRESENTATION_CONTEXT() REPRESENTATION_CONTEXT('2D SPACE',''
  ) );
#6769 = PCURVE('',#6770,#6775);
#6770 = PLANE('',#6771);
#6771 = AXIS2_PLACEMENT_3D('',#6772,#6773,#6774);
#6772 = CARTESIAN_POINT('',(-11.46503423446,0.,-102.6780144539));
#6773 = DIRECTION('',(-0.976689489641,0.,0.21465703069));
#6774 = DIRECTION('',(0.21465703069,0.,0.976689489641));
#6775 = DEFINITIONAL_REPRESENTATION('',(#6776),#6870);
#6776 = B_SPLINE_CURVE_WITH_KNOTS('',8,(#6777,#6778,#6779,#6780,#6781,
    #6782,#6783,#6784,#6785,#6786,#6787,#6788,#6789,#6790,#6791,#6792,
    #6793,#6794,#6795,#6796,#6797,#6798,#6799,#6800,#6801,#6802,#6803,
    #6804,#6805,#6806,#6807,#6808,#6809,#6810,#6811,#6812,#6813,#6814,
    #6815,#6816,#6817,#6818,#6819,#6820,#6821,#6822,#6823,#6824,#6825,
    #6826,#6827,#6828,#6829,#6830,#6831,#6832,#6833,#6834,#6835,#6836,
    #6837,#6838,#6839,#6840,#6841,#6842,#6843,#6844,#6845,#6846,#6847,
    #6848,#6849,#6850,#6851,#6852,#6853,#6854,#6855,#6856,#6857,#6858,
    #6859,#6860,#6861,#6862,#6863,#6864,#6865,#6866,#6867,#6868,#6869),
  .UNSPECIFIED.,.F.,.F.,(9,7,7,7,7,7,7,7,7,7,7,7,7,9),(0.,0.103554595095
    ,0.205153287396,0.398643462715,0.492519198162,0.533302909826,
    0.564452457144,0.658992694252,0.737966477588,0.765501203243,
    0.7846607513,0.828980013955,0.918813706167,1.),.UNSPECIFIED.);
#6777 = CARTESIAN_POINT('',(5.813530824471,-14.90907486217));
#6778 = CARTESIAN_POINT('',(6.791927452285,-14.203343661));
#6779 = CARTESIAN_POINT('',(7.790629090354,-13.52604620765));
#6780 = CARTESIAN_POINT('',(8.806134604996,-12.8737881106));
#6781 = CARTESIAN_POINT('',(9.8359157537,-12.24428316483));
#6782 = CARTESIAN_POINT('',(10.877963455977,-11.63562556159));
#6783 = CARTESIAN_POINT('',(11.930730744534,-11.04619700216));
#6784 = CARTESIAN_POINT('',(12.993040171734,-10.47452284962));
#6785 = CARTESIAN_POINT('',(15.114858494864,-9.37444283311));
#6786 = CARTESIAN_POINT('',(16.173854626783,-8.845519552165));
#6787 = CARTESIAN_POINT('',(17.240113609613,-8.331251311589));
#6788 = CARTESIAN_POINT('',(18.312837577533,-7.830586817061));
#6789 = CARTESIAN_POINT('',(19.391343644456,-7.342586677624));
#6790 = CARTESIAN_POINT('',(20.475046119094,-6.866385685758));
#6791 = CARTESIAN_POINT('',(21.563446768767,-6.40117186215));
#6792 = CARTESIAN_POINT('',(24.737105546051,-5.079674883083));
#6793 = CARTESIAN_POINT('',(26.833403414466,-4.250338758977));
#6794 = CARTESIAN_POINT('',(28.942171249467,-3.452878343028));
#6795 = CARTESIAN_POINT('',(31.06107782986,-2.682805029662));
#6796 = CARTESIAN_POINT('',(33.188174741429,-1.936052930303));
#6797 = CARTESIAN_POINT('',(35.321836364152,-1.208815473633));
#6798 = CARTESIAN_POINT('',(37.46074744051,-0.497513257484));
#6799 = CARTESIAN_POINT('',(40.643700987552,0.540189786017));
#6800 = CARTESIAN_POINT('',(41.684465600189,0.876208819727));
#6801 = CARTESIAN_POINT('',(42.726067072865,1.209629458931));
#6802 = CARTESIAN_POINT('',(43.768382010161,1.540812272974));
#6803 = CARTESIAN_POINT('',(44.811295300652,1.870100700151));
#6804 = CARTESIAN_POINT('',(45.854700672091,2.197819281681));
#6805 = CARTESIAN_POINT('',(46.898501246594,2.524271895688));
#6806 = CARTESIAN_POINT('',(48.396216494231,2.991137519507));
#6807 = CARTESIAN_POINT('',(48.849880842183,3.132349088133));
#6808 = CARTESIAN_POINT('',(49.303595867799,3.273397778183));
#6809 = CARTESIAN_POINT('',(49.757354610004,3.41430575178));
#6810 = CARTESIAN_POINT('',(50.211150418529,3.555094252036));
#6811 = CARTESIAN_POINT('',(50.664976953911,3.695783603054));
#6812 = CARTESIAN_POINT('',(51.118828187493,3.836393209927));
#6813 = CARTESIAN_POINT('',(51.919352767288,4.08428876337));
#6814 = CARTESIAN_POINT('',(52.266018207044,4.191600199238));
#6815 = CARTESIAN_POINT('',(52.612692173382,4.298884086774));
#6816 = CARTESIAN_POINT('',(52.95937223145,4.406148286975));
#6817 = CARTESIAN_POINT('',(53.306056058857,4.513400301405));
#6818 = CARTESIAN_POINT('',(53.652741445668,4.620647272198));
#6819 = CARTESIAN_POINT('',(53.999426294407,4.727895982051));
#6820 = CARTESIAN_POINT('',(55.398304625773,5.160682147607));
#6821 = CARTESIAN_POINT('',(56.450477473956,5.486286464552));
#6822 = CARTESIAN_POINT('',(57.50257166748,5.812145122496));
#6823 = CARTESIAN_POINT('',(58.55454165651,6.138404837639));
#6824 = CARTESIAN_POINT('',(59.606352377245,6.465177987094));
#6825 = CARTESIAN_POINT('',(60.657979790674,6.792540871014));
#6826 = CARTESIAN_POINT('',(61.709411421321,7.120531974735));
#6827 = CARTESIAN_POINT('',(63.638791960502,7.723660087846));
#6828 = CARTESIAN_POINT('',(64.516800290195,7.998607662823));
#6829 = CARTESIAN_POINT('',(65.394671606817,8.273992576182));
#6830 = CARTESIAN_POINT('',(66.272411715686,8.549795377254));
#6831 = CARTESIAN_POINT('',(67.15003260214,8.825977237274));
#6832 = CARTESIAN_POINT('',(68.02755252797,9.102479642285));
#6833 = CARTESIAN_POINT('',(68.904996127859,9.379224086047));
#6834 = CARTESIAN_POINT('',(70.088305184111,9.752650460966));
#6835 = CARTESIAN_POINT('',(70.394210368738,9.84920657334));
#6836 = CARTESIAN_POINT('',(70.700111379254,9.94577591767));
#6837 = CARTESIAN_POINT('',(71.006009630334,10.042354011042));
#6838 = CARTESIAN_POINT('',(71.311906631772,10.138936070018));
#6839 = CARTESIAN_POINT('',(71.617803988486,10.235517010644));
#6840 = CARTESIAN_POINT('',(71.923703400511,10.332091448446));
#6841 = CARTESIAN_POINT('',(72.442463995663,10.495844818916));
#6842 = CARTESIAN_POINT('',(72.655323192218,10.563030037521));
#6843 = CARTESIAN_POINT('',(72.868184857507,10.630207438558));
#6844 = CARTESIAN_POINT('',(73.081049618312,10.697375035041));
#6845 = CARTESIAN_POINT('',(73.293918123361,10.764530768684));
#6846 = CARTESIAN_POINT('',(73.506791043332,10.831672509903));
#6847 = CARTESIAN_POINT('',(73.719669070848,10.898798057815));
#6848 = CARTESIAN_POINT('',(74.424989131357,11.121135128092));
#6849 = CARTESIAN_POINT('',(74.917456468563,11.276266293579));
#6850 = CARTESIAN_POINT('',(75.409963806614,11.431270537748));
#6851 = CARTESIAN_POINT('',(75.902520612608,11.586117682801));
#6852 = CARTESIAN_POINT('',(76.395136946229,11.740775472097));
#6853 = CARTESIAN_POINT('',(76.887823459744,11.89520957015));
#6854 = CARTESIAN_POINT('',(77.38059139801,12.049383562634));
#6855 = CARTESIAN_POINT('',(78.872466091305,12.51515933405));
#6856 = CARTESIAN_POINT('',(79.871860370679,12.825832099911));
#6857 = CARTESIAN_POINT('',(80.871736797694,13.134957425495));
#6858 = CARTESIAN_POINT('',(81.872203419431,13.442178995912));
#6859 = CARTESIAN_POINT('',(82.873375050177,13.747103745066));
#6860 = CARTESIAN_POINT('',(83.875373352653,14.049301590868));
#6861 = CARTESIAN_POINT('',(84.878326919243,14.348305170464));
#6862 = CARTESIAN_POINT('',(86.789766389881,14.910487954842));
#6863 = CARTESIAN_POINT('',(87.698047274224,15.174343474705));
#6864 = CARTESIAN_POINT('',(88.60731518041,15.434804097091));
#6865 = CARTESIAN_POINT('',(89.517669714309,15.691470529783));
#6866 = CARTESIAN_POINT('',(90.429208785234,15.943916702654));
#6867 = CARTESIAN_POINT('',(91.342028477664,16.191690244026));
#6868 = CARTESIAN_POINT('',(92.256222922968,16.434312957039));
#6869 = CARTESIAN_POINT('',(93.171884171138,16.671281296004));
#6870 = ( GEOMETRIC_REPRESENTATION_CONTEXT(2) 
PARAMETRIC_REPRESENTATION_CONTEXT() REPRESENTATION_CONTEXT('2D SPACE',''
  ) );
#6871 = ORIENTED_EDGE('',*,*,#6872,.T.);
#6872 = EDGE_CURVE('',#6575,#6873,#6875,.T.);
#6873 = VERTEX_POINT('',#6874);
#6874 = CARTESIAN_POINT('',(-10.21711896985,-34.09092513782,-97.));
#6875 = SURFACE_CURVE('',#6876,(#6892,#6899),.PCURVE_S1.);
#6876 = B_SPLINE_CURVE_WITH_KNOTS('',14,(#6877,#6878,#6879,#6880,#6881,
    #6882,#6883,#6884,#6885,#6886,#6887,#6888,#6889,#6890,#6891),
  .UNSPECIFIED.,.T.,.F.,(15,15),(0.,1.),.PIECEWISE_BEZIER_KNOTS.);
#6877 = CARTESIAN_POINT('',(17.,-24.5,-97.));
#6878 = CARTESIAN_POINT('',(17.000000000003,-19.11441259384,-97.));
#6879 = CARTESIAN_POINT('',(13.3124558596,-13.72882319974,-97.));
#6880 = CARTESIAN_POINT('',(5.93736286467,-9.706167841123,-97.));
#6881 = CARTESIAN_POINT('',(-4.022380450564,-8.409228850085,-97.));
#6882 = CARTESIAN_POINT('',(-14.36118622684,-10.71227766788,-97.));
#6883 = CARTESIAN_POINT('',(-22.2537089282,-16.50937705681,-97.));
#6884 = CARTESIAN_POINT('',(-25.22508623481,-24.49999999985,-97.));
#6885 = CARTESIAN_POINT('',(-22.25370892821,-32.49062294344,-97.));
#6886 = CARTESIAN_POINT('',(-14.36118622683,-38.28772233191,-97.));
#6887 = CARTESIAN_POINT('',(-4.022380450576,-40.59077115003,-97.));
#6888 = CARTESIAN_POINT('',(5.937362864677,-39.29383215881,-97.));
#6889 = CARTESIAN_POINT('',(13.312455859597,-35.27117680027,-97.));
#6890 = CARTESIAN_POINT('',(17.000000000003,-29.88558740615,-97.));
#6891 = CARTESIAN_POINT('',(17.,-24.5,-97.));
#6892 = PCURVE('',#5457,#6893);
#6893 = DEFINITIONAL_REPRESENTATION('',(#6894),#6898);
#6894 = LINE('',#6895,#6896);
#6895 = CARTESIAN_POINT('',(0.,0.));
#6896 = VECTOR('',#6897,1.);
#6897 = DIRECTION('',(1.,0.));
#6898 = ( GEOMETRIC_REPRESENTATION_CONTEXT(2) 
PARAMETRIC_REPRESENTATION_CONTEXT() REPRESENTATION_CONTEXT('2D SPACE',''
  ) );
#6899 = PCURVE('',#6900,#6905);
#6900 = PLANE('',#6901);
#6901 = AXIS2_PLACEMENT_3D('',#6902,#6903,#6904);
#6902 = CARTESIAN_POINT('',(17.,-24.5,-97.));
#6903 = DIRECTION('',(0.,0.,-1.));
#6904 = DIRECTION('',(-1.,6.26949472771E-16,0.));
#6905 = DEFINITIONAL_REPRESENTATION('',(#6906),#6922);
#6906 = B_SPLINE_CURVE_WITH_KNOTS('',14,(#6907,#6908,#6909,#6910,#6911,
    #6912,#6913,#6914,#6915,#6916,#6917,#6918,#6919,#6920,#6921),
  .UNSPECIFIED.,.F.,.F.,(15,15),(0.,1.),.PIECEWISE_BEZIER_KNOTS.);
#6907 = CARTESIAN_POINT('',(0.,0.));
#6908 = CARTESIAN_POINT('',(-2.51887399827E-12,5.385587406157));
#6909 = CARTESIAN_POINT('',(3.6875441404,10.771176800251));
#6910 = CARTESIAN_POINT('',(11.06263713533,14.793832158877));
#6911 = CARTESIAN_POINT('',(21.022380450564,16.090771149915));
#6912 = CARTESIAN_POINT('',(31.361186226848,13.787722332116));
#6913 = CARTESIAN_POINT('',(39.253708928206,7.990622943184));
#6914 = CARTESIAN_POINT('',(42.225086234812,1.420055184553E-10));
#6915 = CARTESIAN_POINT('',(39.253708928215,-7.990622943444));
#6916 = CARTESIAN_POINT('',(31.361186226835,-13.78772233191));
#6917 = CARTESIAN_POINT('',(21.022380450576,-16.09077115003));
#6918 = CARTESIAN_POINT('',(11.062637135323,-14.79383215881));
#6919 = CARTESIAN_POINT('',(3.687544140403,-10.77117680027));
#6920 = CARTESIAN_POINT('',(-3.154809746775E-12,-5.385587406153));
#6921 = CARTESIAN_POINT('',(1.06581410364E-14,1.42108547152E-14));
#6922 = ( GEOMETRIC_REPRESENTATION_CONTEXT(2) 
PARAMETRIC_REPRESENTATION_CONTEXT() REPRESENTATION_CONTEXT('2D SPACE',''
  ) );
#6923 = ORIENTED_EDGE('',*,*,#6924,.T.);
#6924 = EDGE_CURVE('',#6873,#6925,#6927,.T.);
#6925 = VERTEX_POINT('',#6926);
#6926 = CARTESIAN_POINT('',(8.534965765538,-23.5234871997,
    -11.67801445396));
#6927 = SURFACE_CURVE('',#6928,(#7022,#7119),.PCURVE_S1.);
#6928 = B_SPLINE_CURVE_WITH_KNOTS('',8,(#6929,#6930,#6931,#6932,#6933,
    #6934,#6935,#6936,#6937,#6938,#6939,#6940,#6941,#6942,#6943,#6944,
    #6945,#6946,#6947,#6948,#6949,#6950,#6951,#6952,#6953,#6954,#6955,
    #6956,#6957,#6958,#6959,#6960,#6961,#6962,#6963,#6964,#6965,#6966,
    #6967,#6968,#6969,#6970,#6971,#6972,#6973,#6974,#6975,#6976,#6977,
    #6978,#6979,#6980,#6981,#6982,#6983,#6984,#6985,#6986,#6987,#6988,
    #6989,#6990,#6991,#6992,#6993,#6994,#6995,#6996,#6997,#6998,#6999,
    #7000,#7001,#7002,#7003,#7004,#7005,#7006,#7007,#7008,#7009,#7010,
    #7011,#7012,#7013,#7014,#7015,#7016,#7017,#7018,#7019,#7020,#7021),
  .UNSPECIFIED.,.F.,.F.,(9,7,7,7,7,7,7,7,7,7,7,7,7,9),(0.,0.102238557453
    ,0.184953401193,0.233717853442,0.269276257857,0.327059733309,
    0.438807316083,0.614300374857,0.645846765506,0.671313364581,
    0.693138217398,0.761071137055,0.901327484385,1.),.UNSPECIFIED.);
#6929 = CARTESIAN_POINT('',(-10.21711896985,-34.09092513782,-97.));
#6930 = CARTESIAN_POINT('',(-9.980103862394,-34.31603383413,
    -95.92158126105));
#6931 = CARTESIAN_POINT('',(-9.740151986805,-34.46686464467,
    -94.82980022712));
#6932 = CARTESIAN_POINT('',(-9.498592211011,-34.55638772029,
    -93.73070324726));
#6933 = CARTESIAN_POINT('',(-9.256413084901,-34.59466684904,
    -92.62878822346));
#6934 = CARTESIAN_POINT('',(-9.014291406012,-34.59057431813,
    -91.52713458451));
#6935 = CARTESIAN_POINT('',(-8.772582492225,-34.55128899072,
    -90.42735902679));
#6936 = CARTESIAN_POINT('',(-8.53132981495,-34.48273825327,
    -89.32965934518));
#6937 = CARTESIAN_POINT('',(-8.095225875167,-34.31424824864,
    -87.34538641917));
#6938 = CARTESIAN_POINT('',(-7.900491069321,-34.22287304923,
    -86.45934305257));
#6939 = CARTESIAN_POINT('',(-7.706057074205,-34.11806436255,
    -85.57466837479));
#6940 = CARTESIAN_POINT('',(-7.511918638888,-34.00199347076,
    -84.6913384941));
#6941 = CARTESIAN_POINT('',(-7.318061186557,-33.87651693705,
    -83.809287086));
#6942 = CARTESIAN_POINT('',(-7.124459179715,-33.74323534448,
    -82.92839795486));
#6943 = CARTESIAN_POINT('',(-6.931075101388,-33.60352945782,
    -82.04850039848));
#6944 = CARTESIAN_POINT('',(-6.623947815741,-33.3731508154,
    -80.65107124878));
#6945 = CARTESIAN_POINT('',(-6.510100060206,-33.28589221273,
    -80.1330639611));
#6946 = CARTESIAN_POINT('',(-6.396307860194,-33.19706768702,
    -79.61530945104));
#6947 = CARTESIAN_POINT('',(-6.282564191863,-33.10690436767,
    -79.09777576014));
#6948 = CARTESIAN_POINT('',(-6.168862296644,-33.01561087507,
    -78.58043213689));
#6949 = CARTESIAN_POINT('',(-6.055195617827,-32.92337905874,
    -78.06324874827));
#6950 = CARTESIAN_POINT('',(-5.941557737136,-32.8303857353,
    -77.54619639113));
#6951 = CARTESIAN_POINT('',(-5.745095420336,-32.66854886142,
    -76.65229284969));
#6952 = CARTESIAN_POINT('',(-5.662260608848,-32.59998541875,
    -76.27539445742));
#6953 = CARTESIAN_POINT('',(-5.579435509392,-32.53116745378,
    -75.8985402549));
#6954 = CARTESIAN_POINT('',(-5.496617879362,-32.46215457,-75.52172003826
    ));
#6955 = CARTESIAN_POINT('',(-5.4138055928,-32.39300283276,-75.1449241344
    ));
#6956 = CARTESIAN_POINT('',(-5.330996632191,-32.32376498282,
    -74.76814336363));
#6957 = CARTESIAN_POINT('',(-5.248189080266,-32.25449064998,
    -74.39136900237));
#6958 = CARTESIAN_POINT('',(-5.030815675239,-32.07267035015,
    -73.4023200095));
#6959 = CARTESIAN_POINT('',(-4.896249241335,-31.9601413427,
    -72.79004273523));
#6960 = CARTESIAN_POINT('',(-4.7616739985,-31.8478397603,-72.17772538033
    ));
#6961 = CARTESIAN_POINT('',(-4.627083015537,-31.73594600094,
    -71.56533640785));
#6962 = CARTESIAN_POINT('',(-4.492470187843,-31.62462204738,
    -70.95284804185));
#6963 = CARTESIAN_POINT('',(-4.357830183619,-31.51401287004,
    -70.34023602263));
#6964 = CARTESIAN_POINT('',(-4.223158390077,-31.40424782999,
    -69.72747936201));
#6965 = CARTESIAN_POINT('',(-3.827939687736,-31.08502242006,
    -67.92923426636));
#6966 = CARTESIAN_POINT('',(-3.567293911295,-30.87818959891,
    -66.74329598355));
#6967 = CARTESIAN_POINT('',(-3.306486882581,-30.67577589543,
    -65.5566240029));
#6968 = CARTESIAN_POINT('',(-3.045500486297,-30.47841070334,
    -64.36913589981));
#6969 = CARTESIAN_POINT('',(-2.784324303286,-30.28654448433,
    -63.18078426711));
#6970 = CARTESIAN_POINT('',(-2.522954947077,-30.10046784051,
    -61.99155369636));
#6971 = CARTESIAN_POINT('',(-2.261395573281,-29.92032570781,
    -60.80145854559));
#6972 = CARTESIAN_POINT('',(-1.588608145251,-29.47255724564,
    -57.74027574805));
#6973 = CARTESIAN_POINT('',(-1.177106086665,-29.21363952719,
    -55.86794138148));
#6974 = CARTESIAN_POINT('',(-0.765187410023,-28.96941055205,
    -53.99371140276));
#6975 = CARTESIAN_POINT('',(-0.352902630541,-28.73907215235,
    -52.11781565612));
#6976 = CARTESIAN_POINT('',(5.968816628274E-02,-28.52110725147,
    -50.24052753057));
#6977 = CARTESIAN_POINT('',(0.472518201503,-28.3133967892,
    -48.36215087032));
#6978 = CARTESIAN_POINT('',(0.885517410214,-28.11335835051,
    -46.48300447068));
#6979 = CARTESIAN_POINT('',(1.372875159874,-27.8830331565,
    -44.26552670973));
#6980 = CARTESIAN_POINT('',(1.447136745648,-27.84809405664,
    -43.92763649446));
#6981 = CARTESIAN_POINT('',(1.521401332462,-27.81329355458,
    -43.58973262446));
#6982 = CARTESIAN_POINT('',(1.595668540762,-27.77861470329,
    -43.25181682669));
#6983 = CARTESIAN_POINT('',(1.669937990795,-27.74404032686,
    -42.91389082904));
#6984 = CARTESIAN_POINT('',(1.744209302608,-27.70955302057,
    -42.57595636029));
#6985 = CARTESIAN_POINT('',(1.818482096051,-27.67513515088,
    -42.23801515013));
#6986 = CARTESIAN_POINT('',(1.952715417498,-27.61302581882,
    -41.62725353754));
#6987 = CARTESIAN_POINT('',(2.012675560971,-27.58531642802,
    -41.35443488474));
#6988 = CARTESIAN_POINT('',(2.072636221035,-27.55763129734,
    -41.08161388145));
#6989 = CARTESIAN_POINT('',(2.132597196788,-27.52996099837,
    -40.80879144177));
#6990 = CARTESIAN_POINT('',(2.192558286582,-27.50229605997,
    -40.53596848321));
#6991 = CARTESIAN_POINT('',(2.252519288023,-27.47462696823,
    -40.26314592666));
#6992 = CARTESIAN_POINT('',(2.312479997971,-27.44694416652,
    -39.99032469639));
#6993 = CARTESIAN_POINT('',(2.423826063241,-27.39549394284,
    -39.48370009942));
#6994 = CARTESIAN_POINT('',(2.475211549643,-27.37173272604,
    -39.24989613629));
#6995 = CARTESIAN_POINT('',(2.526596543344,-27.34794836689,
    -39.01609441495));
#6996 = CARTESIAN_POINT('',(2.577980915184,-27.32413482968,
    -38.78229552307));
#6997 = CARTESIAN_POINT('',(2.629364535253,-27.30028608119,
    -38.54850005176));
#6998 = CARTESIAN_POINT('',(2.680747272883,-27.27639609061,
    -38.31470859554));
#6999 = CARTESIAN_POINT('',(2.732128996655,-27.25245882964,
    -38.08092175238));
#7000 = CARTESIAN_POINT('',(2.943438838931,-27.15379429358,
    -37.11946197002));
#7001 = CARTESIAN_POINT('',(3.103356932764,-27.07860403859,
    -36.39183464308));
#7002 = CARTESIAN_POINT('',(3.263259965974,-27.0027161127,
    -35.66427584198));
#7003 = CARTESIAN_POINT('',(3.423143860703,-26.92595050565,
    -34.93680412096));
#7004 = CARTESIAN_POINT('',(3.583004390778,-26.84813037219,
    -34.20943870912));
#7005 = CARTESIAN_POINT('',(3.74283722134,-26.76908381265,
    -33.48219933006));
#7006 = CARTESIAN_POINT('',(3.90263794847,-26.68864565352,
    -32.75510602162));
#7007 = CARTESIAN_POINT('',(4.392256087174,-26.43738759011,
    -30.52734349052));
#7008 = CARTESIAN_POINT('',(4.721957186139,-26.26151462235,
    -29.02720349023));
#7009 = CARTESIAN_POINT('',(5.051462214535,-26.07766376166,
    -27.52795561103));
#7010 = CARTESIAN_POINT('',(5.380727872482,-25.8846122694,
    -26.02979686737));
#7011 = CARTESIAN_POINT('',(5.709712669809,-25.68135962176,
    -24.53291603953));
#7012 = CARTESIAN_POINT('',(6.038378641575,-25.46718976792,-23.037485868
    ));
#7013 = CARTESIAN_POINT('',(6.36669289068,-25.24172725606,
    -21.54365603457));
#7014 = CARTESIAN_POINT('',(6.925337066701,-24.8384369451,
    -19.00182503367));
#7015 = CARTESIAN_POINT('',(7.155860669818,-24.66630303966,
    -17.95294263949));
#7016 = CARTESIAN_POINT('',(7.386190814347,-24.48859046233,
    -16.90494048188));
#7017 = CARTESIAN_POINT('',(7.616323164382,-24.30539746499,
    -15.85783828922));
#7018 = CARTESIAN_POINT('',(7.846258291418,-24.11692337441,
    -14.81163346121));
#7019 = CARTESIAN_POINT('',(8.07600196507,-23.9234763668,-13.76629974609
    ));
#7020 = CARTESIAN_POINT('',(8.305565443781,-23.72548124233,
    -12.72178591796));
#7021 = CARTESIAN_POINT('',(8.534965765538,-23.5234871997,
    -11.67801445396));
#7022 = PCURVE('',#5457,#7023);
#7023 = DEFINITIONAL_REPRESENTATION('',(#7024),#7118);
#7024 = B_SPLINE_CURVE_WITH_KNOTS('',8,(#7025,#7026,#7027,#7028,#7029,
    #7030,#7031,#7032,#7033,#7034,#7035,#7036,#7037,#7038,#7039,#7040,
    #7041,#7042,#7043,#7044,#7045,#7046,#7047,#7048,#7049,#7050,#7051,
    #7052,#7053,#7054,#7055,#7056,#7057,#7058,#7059,#7060,#7061,#7062,
    #7063,#7064,#7065,#7066,#7067,#7068,#7069,#7070,#7071,#7072,#7073,
    #7074,#7075,#7076,#7077,#7078,#7079,#7080,#7081,#7082,#7083,#7084,
    #7085,#7086,#7087,#7088,#7089,#7090,#7091,#7092,#7093,#7094,#7095,
    #7096,#7097,#7098,#7099,#7100,#7101,#7102,#7103,#7104,#7105,#7106,
    #7107,#7108,#7109,#7110,#7111,#7112,#7113,#7114,#7115,#7116,#7117),
  .UNSPECIFIED.,.F.,.F.,(9,7,7,7,7,7,7,7,7,7,7,7,7,9),(0.,0.102238557453
    ,0.184953401193,0.233717853442,0.269276257857,0.327059733309,
    0.438807316083,0.614300374857,0.645846765506,0.671313364581,
    0.693138217398,0.761071137055,0.901327484385,1.),.UNSPECIFIED.);
#7025 = CARTESIAN_POINT('',(0.647383187009,0.));
#7026 = CARTESIAN_POINT('',(0.653158684512,1.107187417073E-02));
#7027 = CARTESIAN_POINT('',(0.658132850794,2.219673001146E-02));
#7028 = CARTESIAN_POINT('',(0.66253068966,3.331815746603E-02));
#7029 = CARTESIAN_POINT('',(0.666482296003,4.439789957342E-02));
#7030 = CARTESIAN_POINT('',(0.670085299173,5.541259304088E-02));
#7031 = CARTESIAN_POINT('',(0.673409056204,6.635318806642E-02));
#7032 = CARTESIAN_POINT('',(0.676509202594,7.72239783363E-02));
#7033 = CARTESIAN_POINT('',(0.681793367348,9.679519130156E-02));
#7034 = CARTESIAN_POINT('',(0.684037117907,0.105505586575));
#7035 = CARTESIAN_POINT('',(0.686183649829,0.114176601935));
#7036 = CARTESIAN_POINT('',(0.688249505779,0.122811098667));
#7037 = CARTESIAN_POINT('',(0.690247674662,0.131412099359));
#7038 = CARTESIAN_POINT('',(0.692188649493,0.139982885803));
#7039 = CARTESIAN_POINT('',(0.694080955978,0.148527064349));
#7040 = CARTESIAN_POINT('',(0.697022776904,0.162072509085));
#7041 = CARTESIAN_POINT('',(0.698099374997,0.16708832171));
#7042 = CARTESIAN_POINT('',(0.699162896659,0.172096754178));
#7043 = CARTESIAN_POINT('',(0.700214575572,0.177098457942));
#7044 = CARTESIAN_POINT('',(0.701255481661,0.182094053067));
#7045 = CARTESIAN_POINT('',(0.702286543253,0.187084132525));
#7046 = CARTESIAN_POINT('',(0.703308569228,0.192069266484));
#7047 = CARTESIAN_POINT('',(0.705061449461,0.200681897515));
#7048 = CARTESIAN_POINT('',(0.705796199949,0.204311446005));
#7049 = CARTESIAN_POINT('',(0.706526796016,0.207938861839));
#7050 = CARTESIAN_POINT('',(0.70725348136,0.21156434497));
#7051 = CARTESIAN_POINT('',(0.707976472531,0.215188086093));
#7052 = CARTESIAN_POINT('',(0.708695961452,0.218810267225));
#7053 = CARTESIAN_POINT('',(0.70941211794,0.222431062261));
#7054 = CARTESIAN_POINT('',(0.711283696874,0.231932556139));
#7055 = CARTESIAN_POINT('',(0.712433897851,0.237811249289));
#7056 = CARTESIAN_POINT('',(0.71357633621,0.243687429612));
#7057 = CARTESIAN_POINT('',(0.714711515775,0.249561746864));
#7058 = CARTESIAN_POINT('',(0.715839820373,0.255434791735));
#7059 = CARTESIAN_POINT('',(0.716961531043,0.261307099637));
#7060 = CARTESIAN_POINT('',(0.718076843265,0.267179154492));
#7061 = CARTESIAN_POINT('',(0.721330660679,0.284407725801));
#7062 = CARTESIAN_POINT('',(0.723451988602,0.29576478541));
#7063 = CARTESIAN_POINT('',(0.725550753785,0.307125641187));
#7064 = CARTESIAN_POINT('',(0.727626853653,0.31849272617));
#7065 = CARTESIAN_POINT('',(0.72967953628,0.329867897182));
#7066 = CARTESIAN_POINT('',(0.731707676722,0.341252482627));
#7067 = CARTESIAN_POINT('',(0.733709990599,0.352647317506));
#7068 = CARTESIAN_POINT('',(0.738787112434,0.381964356469));
#7069 = CARTESIAN_POINT('',(0.741822224918,0.399902521168));
#7070 = CARTESIAN_POINT('',(0.744785507132,0.417868597221));
#7071 = CARTESIAN_POINT('',(0.747672100982,0.435862172166));
#7072 = CARTESIAN_POINT('',(0.750478825571,0.453881314609));
#7073 = CARTESIAN_POINT('',(0.753204819665,0.471922801492));
#7074 = CARTESIAN_POINT('',(0.755851575227,0.48998238498));
#7075 = CARTESIAN_POINT('',(0.758884799966,0.51130387637));
#7076 = CARTESIAN_POINT('',(0.759344524032,0.514553042125));
#7077 = CARTESIAN_POINT('',(0.759801823605,0.51780261189));
#7078 = CARTESIAN_POINT('',(0.760256721504,0.521052557197));
#7079 = CARTESIAN_POINT('',(0.760709242549,0.524302848861));
#7080 = CARTESIAN_POINT('',(0.761159413565,0.527553456986));
#7081 = CARTESIAN_POINT('',(0.76160726338,0.530804350959));
#7082 = CARTESIAN_POINT('',(0.762412511636,0.536680068972));
#7083 = CARTESIAN_POINT('',(0.762770707748,0.539304804347));
#7084 = CARTESIAN_POINT('',(0.763127427364,0.541929689107));
#7085 = CARTESIAN_POINT('',(0.763482687409,0.544554706492));
#7086 = CARTESIAN_POINT('',(0.763836505535,0.547179839455));
#7087 = CARTESIAN_POINT('',(0.76418890012,0.549805070662));
#7088 = CARTESIAN_POINT('',(0.764539890265,0.552430382493));
#7089 = CARTESIAN_POINT('',(0.765189107429,0.557305700698));
#7090 = CARTESIAN_POINT('',(0.765487702095,0.55955569041));
#7091 = CARTESIAN_POINT('',(0.765785292268,0.561805714906));
#7092 = CARTESIAN_POINT('',(0.766081890744,0.564055762764));
#7093 = CARTESIAN_POINT('',(0.766377510647,0.566305822417));
#7094 = CARTESIAN_POINT('',(0.766672165428,0.568555882147));
#7095 = CARTESIAN_POINT('',(0.766965868862,0.570805930089));
#7096 = CARTESIAN_POINT('',(0.768169910936,0.580059470373));
#7097 = CARTESIAN_POINT('',(0.769072105798,0.587062752995));
#7098 = CARTESIAN_POINT('',(0.769965644485,0.594065444318));
#7099 = CARTESIAN_POINT('',(0.770850979075,0.601067168389));
#7100 = CARTESIAN_POINT('',(0.771728584388,0.608067534386));
#7101 = CARTESIAN_POINT('',(0.7725989535,0.615066139927));
#7102 = CARTESIAN_POINT('',(0.773462593255,0.62206257438));
#7103 = CARTESIAN_POINT('',(0.776090288348,0.643496130476));
#7104 = CARTESIAN_POINT('',(0.777834086874,0.657924939266));
#7105 = CARTESIAN_POINT('',(0.779555935599,0.672339007809));
#7106 = CARTESIAN_POINT('',(0.781260522376,0.686734424432));
#7107 = CARTESIAN_POINT('',(0.782952539101,0.701107353583));
#7108 = CARTESIAN_POINT('',(0.784636510299,0.715454169629));
#7109 = CARTESIAN_POINT('',(0.78631661385,0.729771577371));
#7110 = CARTESIAN_POINT('',(0.789178315547,0.754106538176));
#7111 = CARTESIAN_POINT('',(0.790360041321,0.764140504169));
#7112 = CARTESIAN_POINT('',(0.791542936573,0.774157631973));
#7113 = CARTESIAN_POINT('',(0.792728156792,0.784157177454));
#7114 = CARTESIAN_POINT('',(0.7939167064,0.794138654677));
#7115 = CARTESIAN_POINT('',(0.795109397559,0.804101852952));
#7116 = CARTESIAN_POINT('',(0.796306808976,0.814046853871));
#7117 = CARTESIAN_POINT('',(0.797509244714,0.823974048354));
#7118 = ( GEOMETRIC_REPRESENTATION_CONTEXT(2) 
PARAMETRIC_REPRESENTATION_CONTEXT() REPRESENTATION_CONTEXT('2D SPACE',''
  ) );
#7119 = PCURVE('',#6770,#7120);
#7120 = DEFINITIONAL_REPRESENTATION('',(#7121),#7215);
#7121 = B_SPLINE_CURVE_WITH_KNOTS('',8,(#7122,#7123,#7124,#7125,#7126,
    #7127,#7128,#7129,#7130,#7131,#7132,#7133,#7134,#7135,#7136,#7137,
    #7138,#7139,#7140,#7141,#7142,#7143,#7144,#7145,#7146,#7147,#7148,
    #7149,#7150,#7151,#7152,#7153,#7154,#7155,#7156,#7157,#7158,#7159,
    #7160,#7161,#7162,#7163,#7164,#7165,#7166,#7167,#7168,#7169,#7170,
    #7171,#7172,#7173,#7174,#7175,#7176,#7177,#7178,#7179,#7180,#7181,
    #7182,#7183,#7184,#7185,#7186,#7187,#7188,#7189,#7190,#7191,#7192,
    #7193,#7194,#7195,#7196,#7197,#7198,#7199,#7200,#7201,#7202,#7203,
    #7204,#7205,#7206,#7207,#7208,#7209,#7210,#7211,#7212,#7213,#7214),
  .UNSPECIFIED.,.F.,.F.,(9,7,7,7,7,7,7,7,7,7,7,7,7,9),(0.,0.102238557453
    ,0.184953401193,0.233717853442,0.269276257857,0.327059733309,
    0.438807316083,0.614300374857,0.645846765506,0.671313364581,
    0.693138217398,0.761071137055,0.901327484385,1.),.UNSPECIFIED.);
#7122 = CARTESIAN_POINT('',(5.813530824471,-34.09092513782));
#7123 = CARTESIAN_POINT('',(6.917688031423,-34.31603383413));
#7124 = CARTESIAN_POINT('',(8.035526449374,-34.46686464467));
#7125 = CARTESIAN_POINT('',(9.160855421911,-34.55638772029));
#7126 = CARTESIAN_POINT('',(10.289069696237,-34.59466684904));
#7127 = CARTESIAN_POINT('',(11.417016347278,-34.59057431813));
#7128 = CARTESIAN_POINT('',(12.543040093201,-34.55128899072));
#7129 = CARTESIAN_POINT('',(13.666938418355,-34.48273825327));
#7130 = CARTESIAN_POINT('',(15.698569706556,-34.31424824864));
#7131 = CARTESIAN_POINT('',(16.605760145275,-34.22287304923));
#7132 = CARTESIAN_POINT('',(17.511549228871,-34.11806436255));
#7133 = CARTESIAN_POINT('',(18.415961419294,-34.00199347076));
#7134 = CARTESIAN_POINT('',(19.319064624009,-33.87651693705));
#7135 = CARTESIAN_POINT('',(20.220977811849,-33.74323534448));
#7136 = CARTESIAN_POINT('',(21.12187575917,-33.60352945782));
#7137 = CARTESIAN_POINT('',(22.552657153375,-33.3731508154));
#7138 = CARTESIAN_POINT('',(23.083027647968,-33.28589221273));
#7139 = CARTESIAN_POINT('',(23.613139331921,-33.19706768702));
#7140 = CARTESIAN_POINT('',(24.14302492647,-33.10690436767));
#7141 = CARTESIAN_POINT('',(24.672715917038,-33.01561087507));
#7142 = CARTESIAN_POINT('',(25.202242848682,-32.92337905874));
#7143 = CARTESIAN_POINT('',(25.731635621541,-32.8303857353));
#7144 = CARTESIAN_POINT('',(26.646873832783,-32.66854886142));
#7145 = CARTESIAN_POINT('',(27.032767605849,-32.59998541875));
#7146 = CARTESIAN_POINT('',(27.418616134497,-32.53116745378));
#7147 = CARTESIAN_POINT('',(27.804429866121,-32.46215457));
#7148 = CARTESIAN_POINT('',(28.1902187047,-32.39300283276));
#7149 = CARTESIAN_POINT('',(28.575992049008,-32.32376498282));
#7150 = CARTESIAN_POINT('',(28.961758830829,-32.25449064998));
#7151 = CARTESIAN_POINT('',(29.974413316585,-32.07267035015));
#7152 = CARTESIAN_POINT('',(30.601303726236,-31.9601413427));
#7153 = CARTESIAN_POINT('',(31.228235173122,-31.8478397603));
#7154 = CARTESIAN_POINT('',(31.855239946877,-31.73594600094));
#7155 = CARTESIAN_POINT('',(32.482346486368,-31.62462204738));
#7156 = CARTESIAN_POINT('',(33.109579630285,-31.51401287004));
#7157 = CARTESIAN_POINT('',(33.736960867737,-31.40424782999));
#7158 = CARTESIAN_POINT('',(35.578124425578,-31.08502242006));
#7159 = CARTESIAN_POINT('',(36.792367330191,-30.87818959891));
#7160 = CARTESIAN_POINT('',(38.00736144371,-30.67577589543));
#7161 = CARTESIAN_POINT('',(39.22319115795,-30.47841070334));
#7162 = CARTESIAN_POINT('',(40.439905011537,-30.28654448433));
#7163 = CARTESIAN_POINT('',(41.657518780667,-30.10046784051));
#7164 = CARTESIAN_POINT('',(42.876017764627,-29.92032570781));
#7165 = CARTESIAN_POINT('',(46.010261380439,-29.47255724564));
#7166 = CARTESIAN_POINT('',(47.927282487376,-29.21363952719));
#7167 = CARTESIAN_POINT('',(49.846244448776,-28.96941055205));
#7168 = CARTESIAN_POINT('',(51.766911934748,-28.73907215235));
#7169 = CARTESIAN_POINT('',(53.689005031333,-28.52110725147));
#7170 = CARTESIAN_POINT('',(55.612212642527,-28.3133967892));
#7171 = CARTESIAN_POINT('',(57.53620836437,-28.11335835051));
#7172 = CARTESIAN_POINT('',(59.806610354432,-27.8830331565));
#7173 = CARTESIAN_POINT('',(60.152564947835,-27.84809405664));
#7174 = CARTESIAN_POINT('',(60.498533521867,-27.81329355458));
#7175 = CARTESIAN_POINT('',(60.844514308338,-27.77861470329));
#7176 = CARTESIAN_POINT('',(61.190505538134,-27.74404032686));
#7177 = CARTESIAN_POINT('',(61.53650544121,-27.70955302057));
#7178 = CARTESIAN_POINT('',(61.882512246595,-27.67513515088));
#7179 = CARTESIAN_POINT('',(62.507850820486,-27.61302581882));
#7180 = CARTESIAN_POINT('',(62.787180797615,-27.58531642802));
#7181 = CARTESIAN_POINT('',(63.06651318133,-27.55763129734));
#7182 = CARTESIAN_POINT('',(63.345847035711,-27.52996099837));
#7183 = CARTESIAN_POINT('',(63.625181421362,-27.50229605997));
#7184 = CARTESIAN_POINT('',(63.904515395414,-27.47462696823));
#7185 = CARTESIAN_POINT('',(64.183848011521,-27.44694416652));
#7186 = CARTESIAN_POINT('',(64.702564146331,-27.39549394284));
#7187 = CARTESIAN_POINT('',(64.941948275688,-27.37173272604));
#7188 = CARTESIAN_POINT('',(65.18133010975,-27.34794836689));
#7189 = CARTESIAN_POINT('',(65.420709046817,-27.32413482968));
#7190 = CARTESIAN_POINT('',(65.660084481682,-27.30028608119));
#7191 = CARTESIAN_POINT('',(65.899455805625,-27.27639609061));
#7192 = CARTESIAN_POINT('',(66.138822406415,-27.25245882964));
#7193 = CARTESIAN_POINT('',(67.123229213856,-27.15379429358));
#7194 = CARTESIAN_POINT('',(67.868222719629,-27.07860403859));
#7195 = CARTESIAN_POINT('',(68.613146064073,-27.0027161127));
#7196 = CARTESIAN_POINT('',(69.357980250099,-26.92595050565));
#7197 = CARTESIAN_POINT('',(70.102705589682,-26.84813037219));
#7198 = CARTESIAN_POINT('',(70.847301888475,-26.76908381265));
#7199 = CARTESIAN_POINT('',(71.591748630407,-26.68864565352));
#7200 = CARTESIAN_POINT('',(73.872680855778,-26.43738759011));
#7201 = CARTESIAN_POINT('',(75.408624485969,-26.26151462235));
#7202 = CARTESIAN_POINT('',(76.943654702945,-26.07766376166));
#7203 = CARTESIAN_POINT('',(78.477569790134,-25.8846122694));
#7204 = CARTESIAN_POINT('',(80.010176461667,-25.68135962176));
#7205 = CARTESIAN_POINT('',(81.541297854282,-25.46718976792));
#7206 = CARTESIAN_POINT('',(83.07078071375,-25.24172725606));
#7207 = CARTESIAN_POINT('',(85.673277236805,-24.8384369451));
#7208 = CARTESIAN_POINT('',(86.747193159224,-24.66630303966));
#7209 = CARTESIAN_POINT('',(87.820207836584,-24.48859046233));
#7210 = CARTESIAN_POINT('',(88.892301069657,-24.30539746499));
#7211 = CARTESIAN_POINT('',(89.963475520813,-24.11692337441));
#7212 = CARTESIAN_POINT('',(91.033758068339,-23.9234763668));
#7213 = CARTESIAN_POINT('',(92.103201160757,-23.72548124233));
#7214 = CARTESIAN_POINT('',(93.171884171138,-23.5234871997));
#7215 = ( GEOMETRIC_REPRESENTATION_CONTEXT(2) 
PARAMETRIC_REPRESENTATION_CONTEXT() REPRESENTATION_CONTEXT('2D SPACE',''
  ) );
#7216 = ORIENTED_EDGE('',*,*,#7217,.F.);
#7217 = EDGE_CURVE('',#7218,#6925,#7220,.T.);
#7218 = VERTEX_POINT('',#7219);
#7219 = CARTESIAN_POINT('',(11.465034234462,-22.83517720532,
    -12.32198554603));
#7220 = SURFACE_CURVE('',#7221,(#7227,#7236),.PCURVE_S1.);
#7221 = B_SPLINE_CURVE_WITH_KNOTS('',4,(#7222,#7223,#7224,#7225,#7226),
  .UNSPECIFIED.,.F.,.F.,(5,5),(0.,1.),.PIECEWISE_BEZIER_KNOTS.);
#7222 = CARTESIAN_POINT('',(11.465034234462,-22.83517720532,
    -12.32198554603));
#7223 = CARTESIAN_POINT('',(10.739978476449,-23.03852234027,
    -12.16263263218));
#7224 = CARTESIAN_POINT('',(10.009257679417,-23.22068618718,
    -12.00203465481));
#7225 = CARTESIAN_POINT('',(9.273957866734,-23.38220342551,
    -11.84043030038));
#7226 = CARTESIAN_POINT('',(8.534965765538,-23.5234871997,
    -11.67801445396));
#7227 = PCURVE('',#5457,#7228);
#7228 = DEFINITIONAL_REPRESENTATION('',(#7229),#7235);
#7229 = B_SPLINE_CURVE_WITH_KNOTS('',4,(#7230,#7231,#7232,#7233,#7234),
  .UNSPECIFIED.,.F.,.F.,(5,5),(0.,1.),.PIECEWISE_BEZIER_KNOTS.);
#7230 = CARTESIAN_POINT('',(0.81473846117,0.817847530969));
#7231 = CARTESIAN_POINT('',(0.810377110057,0.819363997242));
#7232 = CARTESIAN_POINT('',(0.806054994884,0.820892024656));
#7233 = CARTESIAN_POINT('',(0.801767202848,0.822429329275));
#7234 = CARTESIAN_POINT('',(0.797509244714,0.823974048354));
#7235 = ( GEOMETRIC_REPRESENTATION_CONTEXT(2) 
PARAMETRIC_REPRESENTATION_CONTEXT() REPRESENTATION_CONTEXT('2D SPACE',''
  ) );
#7236 = PCURVE('',#6560,#7237);
#7237 = DEFINITIONAL_REPRESENTATION('',(#7238),#7244);
#7238 = B_SPLINE_CURVE_WITH_KNOTS('',4,(#7239,#7240,#7241,#7242,#7243),
  .UNSPECIFIED.,.F.,.F.,(5,5),(0.,1.),.PIECEWISE_BEZIER_KNOTS.);
#7239 = CARTESIAN_POINT('',(3.,-22.83517720532));
#7240 = CARTESIAN_POINT('',(2.257639438426,-23.03852234027));
#7241 = CARTESIAN_POINT('',(1.509478631146,-23.22068618718));
#7242 = CARTESIAN_POINT('',(0.756629521494,-23.38220342551));
#7243 = CARTESIAN_POINT('',(0.,-23.5234871997));
#7244 = ( GEOMETRIC_REPRESENTATION_CONTEXT(2) 
PARAMETRIC_REPRESENTATION_CONTEXT() REPRESENTATION_CONTEXT('2D SPACE',''
  ) );
#7245 = ORIENTED_EDGE('',*,*,#7246,.F.);
#7246 = EDGE_CURVE('',#6146,#7218,#7247,.T.);
#7247 = SURFACE_CURVE('',#7248,(#7342,#7439),.PCURVE_S1.);
#7248 = B_SPLINE_CURVE_WITH_KNOTS('',8,(#7249,#7250,#7251,#7252,#7253,
    #7254,#7255,#7256,#7257,#7258,#7259,#7260,#7261,#7262,#7263,#7264,
    #7265,#7266,#7267,#7268,#7269,#7270,#7271,#7272,#7273,#7274,#7275,
    #7276,#7277,#7278,#7279,#7280,#7281,#7282,#7283,#7284,#7285,#7286,
    #7287,#7288,#7289,#7290,#7291,#7292,#7293,#7294,#7295,#7296,#7297,
    #7298,#7299,#7300,#7301,#7302,#7303,#7304,#7305,#7306,#7307,#7308,
    #7309,#7310,#7311,#7312,#7313,#7314,#7315,#7316,#7317,#7318,#7319,
    #7320,#7321,#7322,#7323,#7324,#7325,#7326,#7327,#7328,#7329,#7330,
    #7331,#7332,#7333,#7334,#7335,#7336,#7337,#7338,#7339,#7340,#7341),
  .UNSPECIFIED.,.F.,.F.,(9,7,7,7,7,7,7,7,7,7,7,7,7,9),(0.,0.108546118034
    ,0.189757213278,0.234091880928,0.266276459043,0.298532555622,
    0.443535534035,0.622771801159,0.655752867675,0.680170376046,
    0.698480918129,0.755876597224,0.911866116508,1.),.UNSPECIFIED.);
#7249 = CARTESIAN_POINT('',(-7.145518392783,-35.3884856649,-97.));
#7250 = CARTESIAN_POINT('',(-6.891812432292,-35.53100376926,
    -95.84563787976));
#7251 = CARTESIAN_POINT('',(-6.636575759884,-35.60550096068,
    -94.6843110203));
#7252 = CARTESIAN_POINT('',(-6.380717030053,-35.62320968571,
    -93.52015379957));
#7253 = CARTESIAN_POINT('',(-6.124911615876,-35.59353507518,
    -92.35623916507));
#7254 = CARTESIAN_POINT('',(-5.869603325559,-35.52464583766,
    -91.19458644412));
#7255 = CARTESIAN_POINT('',(-5.615002864611,-35.42329220745,
    -90.03615434681));
#7256 = CARTESIAN_POINT('',(-5.361088084693,-35.29503866597,
    -88.88084209818));
#7257 = CARTESIAN_POINT('',(-4.91794998272,-35.03160257786,
    -86.86456373421));
#7258 = CARTESIAN_POINT('',(-4.728649378114,-34.90636511247,
    -86.00324598325));
#7259 = CARTESIAN_POINT('',(-4.539677163185,-34.77057903447,
    -85.14342240532));
#7260 = CARTESIAN_POINT('',(-4.351009034949,-34.62591773452,
    -84.28498242185));
#7261 = CARTESIAN_POINT('',(-4.162617079412,-34.47383307969,
    -83.42779902416));
#7262 = CARTESIAN_POINT('',(-3.974468393897,-34.31559434059,
    -82.57172250506));
#7263 = CARTESIAN_POINT('',(-3.786524095223,-34.15231582215,
    -81.7165759461));
#7264 = CARTESIAN_POINT('',(-3.49622313441,-33.89361770578,
    -80.3957065744));
#7265 = CARTESIAN_POINT('',(-3.393757303667,-33.80105323001,
    -79.92948704451));
#7266 = CARTESIAN_POINT('',(-3.291335254977,-33.70743994237,
    -79.46346672298));
#7267 = CARTESIAN_POINT('',(-3.188951285403,-33.61292696958,
    -78.99761966142));
#7268 = CARTESIAN_POINT('',(-3.086599921267,-33.51765320103,
    -78.53192095459));
#7269 = CARTESIAN_POINT('',(-2.98427588381,-33.421748096,-78.06634658417
    ));
#7270 = CARTESIAN_POINT('',(-2.881974054855,-33.32533249094,
    -77.60087326242));
#7271 = CARTESIAN_POINT('',(-2.705436329224,-33.15823832778,
    -76.7976266108));
#7272 = CARTESIAN_POINT('',(-2.631192350797,-33.08774793068,
    -76.45981650896));
#7273 = CARTESIAN_POINT('',(-2.556955648381,-33.01709123708,
    -76.12203951296));
#7274 = CARTESIAN_POINT('',(-2.48272443929,-32.94630932296,
    -75.7842875116));
#7275 = CARTESIAN_POINT('',(-2.408497016949,-32.87544131861,
    -75.44655273995));
#7276 = CARTESIAN_POINT('',(-2.334271750899,-32.80452440856,
    -75.10882777942));
#7277 = CARTESIAN_POINT('',(-2.260047086793,-32.73359383162,
    -74.77110555774));
#7278 = CARTESIAN_POINT('',(-2.111431066858,-32.59161435645,
    -74.09490266703));
#7279 = CARTESIAN_POINT('',(-2.037039713094,-32.52056573335,
    -73.75642200741));
#7280 = CARTESIAN_POINT('',(-1.962646000926,-32.44957058263,
    -73.41793061704));
#7281 = CARTESIAN_POINT('',(-1.888248525317,-32.37866087727,
    -73.07942210302));
#7282 = CARTESIAN_POINT('',(-1.813845960369,-32.30786699227,
    -72.74089043251));
#7283 = CARTESIAN_POINT('',(-1.739437059326,-32.23721770455,
    -72.40232993276));
#7284 = CARTESIAN_POINT('',(-1.665020654572,-32.16674019304,
    -72.06373529113));
#7285 = CARTESIAN_POINT('',(-1.256028014018,-31.78052498151,
    -70.20281877661));
#7286 = CARTESIAN_POINT('',(-0.92128399754,-31.46857710117,
    -68.67973350164));
#7287 = CARTESIAN_POINT('',(-0.586268206497,-31.16295627682,
    -67.15541165239));
#7288 = CARTESIAN_POINT('',(-0.250914872524,-30.86540434457,
    -65.62955398282));
#7289 = CARTESIAN_POINT('',(8.481640353104E-02,-30.5771694312,
    -64.10197667676));
#7290 = CARTESIAN_POINT('',(0.420942841701,-30.29905943711,
    -62.57260138309));
#7291 = CARTESIAN_POINT('',(0.757459744037,-30.0314728238,
    -61.04144947746));
#7292 = CARTESIAN_POINT('',(1.510757645753,-29.45671362784,
    -57.61394402465));
#7293 = CARTESIAN_POINT('',(1.927746111492,-29.15509914642,
    -55.71664650554));
#7294 = CARTESIAN_POINT('',(2.345261873399,-28.86963643121,
    -53.81694978886));
#7295 = CARTESIAN_POINT('',(2.763243759257,-28.59948157843,
    -51.91513220821));
#7296 = CARTESIAN_POINT('',(3.181617515318,-28.34299226011,
    -50.01153161814));
#7297 = CARTESIAN_POINT('',(3.60029938876,-28.09785312641,
    -48.10652909397));
#7298 = CARTESIAN_POINT('',(4.019200697564,-27.86123611586,
    -46.20052813891));
#7299 = CARTESIAN_POINT('',(4.515339127917,-27.58744537621,
    -43.94309828081));
#7300 = CARTESIAN_POINT('',(4.592449493326,-27.54507708238,
    -43.5922461182));
#7301 = CARTESIAN_POINT('',(4.66956396308,-27.50287110072,
    -43.24137528082));
#7302 = CARTESIAN_POINT('',(4.746682015615,-27.46080746612,
    -42.89048814178));
#7303 = CARTESIAN_POINT('',(4.823803128766,-27.41886593945,
    -42.53958707695));
#7304 = CARTESIAN_POINT('',(4.900926779771,-27.37702600754,
    -42.18867446487));
#7305 = CARTESIAN_POINT('',(4.978052445268,-27.33526688322,
    -41.83775268686));
#7306 = CARTESIAN_POINT('',(5.112280634612,-27.26269540149,
    -41.22701442535));
#7307 = CARTESIAN_POINT('',(5.169382484038,-27.23185608063,
    -40.96720101046));
#7308 = CARTESIAN_POINT('',(5.226484936865,-27.20104101157,
    -40.70738485009));
#7309 = CARTESIAN_POINT('',(5.283587779727,-27.17024162832,
    -40.44756691507));
#7310 = CARTESIAN_POINT('',(5.340690798597,-27.13944933001,
    -40.18774817922));
#7311 = CARTESIAN_POINT('',(5.39779377879,-27.10865548094,
    -39.92792961934));
#7312 = CARTESIAN_POINT('',(5.454896504964,-27.07785141054,
    -39.66811221524));
#7313 = CARTESIAN_POINT('',(5.554819398195,-27.02391443397,
    -39.21346305105));
#7314 = CARTESIAN_POINT('',(5.597639770711,-27.00078981972,
    -39.0186303561));
#7315 = CARTESIAN_POINT('',(5.640459787519,-26.97765090336,
    -38.82379927962));
#7316 = CARTESIAN_POINT('',(5.683279357127,-26.95449401823,
    -38.6289702379));
#7317 = CARTESIAN_POINT('',(5.726098387696,-26.93131549832,
    -38.43414364882));
#7318 = CARTESIAN_POINT('',(5.768916787039,-26.90811167827,
    -38.2393199318));
#7319 = CARTESIAN_POINT('',(5.811734462624,-26.88487889335,
    -38.04449950789));
#7320 = CARTESIAN_POINT('',(5.988763770601,-26.78868640704,
    -37.2390161566));
#7321 = CARTESIAN_POINT('',(6.122968161374,-26.71543878014,
    -36.62838617858));
#7322 = CARTESIAN_POINT('',(6.257161681925,-26.64175788306,
    -36.01780566007));
#7323 = CARTESIAN_POINT('',(6.391341431557,-26.56753157137,
    -35.40728779925));
#7324 = CARTESIAN_POINT('',(6.525504440617,-26.49264904491,
    -34.79684610802));
#7325 = CARTESIAN_POINT('',(6.65964769028,-26.41700162075,
    -34.18649432206));
#7326 = CARTESIAN_POINT('',(6.793768132319,-26.34048350614,
    -33.57624631078));
#7327 = CARTESIAN_POINT('',(7.292303880542,-26.05238832691,
    -31.30790865637));
#7328 = CARTESIAN_POINT('',(7.656558576622,-25.83459570891,
    -29.6505497892));
#7329 = CARTESIAN_POINT('',(8.02055971098,-25.60756801677,
    -27.99434462787));
#7330 = CARTESIAN_POINT('',(8.38423910433,-25.36945758087,
    -26.33960338813));
#7331 = CARTESIAN_POINT('',(8.747531139281,-25.11873434908,
    -24.6866246291));
#7332 = CARTESIAN_POINT('',(9.110376074382,-24.85429362477,
    -23.03568017439));
#7333 = CARTESIAN_POINT('',(9.472723017191,-24.57555295622,
    -21.38700158461));
#7334 = CARTESIAN_POINT('',(10.038954493924,-24.11698519403,
    -18.81064836548));
#7335 = CARTESIAN_POINT('',(10.243207079088,-23.94687373502,
    -17.88129910298));
#7336 = CARTESIAN_POINT('',(10.447283816964,-23.77220792187,
    -16.95274994564));
#7337 = CARTESIAN_POINT('',(10.651181369631,-23.59305198937,
    -16.02501608101));
#7338 = CARTESIAN_POINT('',(10.854899748471,-23.40953495494,
    -15.09809745729));
#7339 = CARTESIAN_POINT('',(11.058442506506,-23.22185528778,
    -14.17197790823));
#7340 = CARTESIAN_POINT('',(11.261816930733,-23.03028557792,
    -13.246624278));
#7341 = CARTESIAN_POINT('',(11.465034234462,-22.83517720532,
    -12.32198554603));
#7342 = PCURVE('',#5457,#7343);
#7343 = DEFINITIONAL_REPRESENTATION('',(#7344),#7438);
#7344 = B_SPLINE_CURVE_WITH_KNOTS('',8,(#7345,#7346,#7347,#7348,#7349,
    #7350,#7351,#7352,#7353,#7354,#7355,#7356,#7357,#7358,#7359,#7360,
    #7361,#7362,#7363,#7364,#7365,#7366,#7367,#7368,#7369,#7370,#7371,
    #7372,#7373,#7374,#7375,#7376,#7377,#7378,#7379,#7380,#7381,#7382,
    #7383,#7384,#7385,#7386,#7387,#7388,#7389,#7390,#7391,#7392,#7393,
    #7394,#7395,#7396,#7397,#7398,#7399,#7400,#7401,#7402,#7403,#7404,
    #7405,#7406,#7407,#7408,#7409,#7410,#7411,#7412,#7413,#7414,#7415,
    #7416,#7417,#7418,#7419,#7420,#7421,#7422,#7423,#7424,#7425,#7426,
    #7427,#7428,#7429,#7430,#7431,#7432,#7433,#7434,#7435,#7436,#7437),
  .UNSPECIFIED.,.F.,.F.,(9,7,7,7,7,7,7,7,7,7,7,7,7,9),(0.,0.108546118034
    ,0.189757213278,0.234091880928,0.266276459043,0.298532555622,
    0.443535534035,0.622771801159,0.655752867675,0.680170376046,
    0.698480918129,0.755876597224,0.911866116508,1.),.UNSPECIFIED.);
#7345 = CARTESIAN_POINT('',(0.680958102051,0.));
#7346 = CARTESIAN_POINT('',(0.685553458929,1.185156718923E-02));
#7347 = CARTESIAN_POINT('',(0.689569048825,2.367815655071E-02));
#7348 = CARTESIAN_POINT('',(0.693172394095,3.544671223645E-02));
#7349 = CARTESIAN_POINT('',(0.696460038231,4.713587513159E-02));
#7350 = CARTESIAN_POINT('',(0.699502832299,5.873458731405E-02));
#7351 = CARTESIAN_POINT('',(0.702350980179,7.024155839758E-02));
#7352 = CARTESIAN_POINT('',(0.705044174007,8.166497817292E-02));
#7353 = CARTESIAN_POINT('',(0.709536581185,0.101519925695));
#7354 = CARTESIAN_POINT('',(0.711389014669,0.109975468873));
#7355 = CARTESIAN_POINT('',(0.713183733265,0.118392792185));
#7356 = CARTESIAN_POINT('',(0.714930275873,0.12677533607));
#7357 = CARTESIAN_POINT('',(0.716636110698,0.13512646601));
#7358 = CARTESIAN_POINT('',(0.718307260412,0.143449564783));
#7359 = CARTESIAN_POINT('',(0.719948678391,0.151748100237));
#7360 = CARTESIAN_POINT('',(0.722446415788,0.164544549132));
#7361 = CARTESIAN_POINT('',(0.723320771766,0.169057075786));
#7362 = CARTESIAN_POINT('',(0.724188087457,0.173563770844));
#7363 = CARTESIAN_POINT('',(0.725048924187,0.178065131246));
#7364 = CARTESIAN_POINT('',(0.725903769895,0.18256163098));
#7365 = CARTESIAN_POINT('',(0.726753047938,0.187053723507));
#7366 = CARTESIAN_POINT('',(0.727597125894,0.191541844192));
#7367 = CARTESIAN_POINT('',(0.729045537196,0.199281967674));
#7368 = CARTESIAN_POINT('',(0.729652178913,0.202535648053));
#7369 = CARTESIAN_POINT('',(0.730256369086,0.205787611892));
#7370 = CARTESIAN_POINT('',(0.730858215596,0.209038011296));
#7371 = CARTESIAN_POINT('',(0.731457814634,0.212286992448));
#7372 = CARTESIAN_POINT('',(0.732055250693,0.215534695608));
#7373 = CARTESIAN_POINT('',(0.732650596575,0.218781255115));
#7374 = CARTESIAN_POINT('',(0.73383854863,0.225279555692));
#7375 = CARTESIAN_POINT('',(0.734431147528,0.228531292203));
#7376 = CARTESIAN_POINT('',(0.735021772005,0.231782138077));
#7377 = CARTESIAN_POINT('',(0.735610475747,0.235032216834));
#7378 = CARTESIAN_POINT('',(0.736197304201,0.238281646353));
#7379 = CARTESIAN_POINT('',(0.736782294574,0.241530538874));
#7380 = CARTESIAN_POINT('',(0.737365475836,0.244779000995));
#7381 = CARTESIAN_POINT('',(0.740560442848,0.262628680769));
#7382 = CARTESIAN_POINT('',(0.743137913923,0.277223691859));
#7383 = CARTESIAN_POINT('',(0.745681266081,0.291821201828));
#7384 = CARTESIAN_POINT('',(0.748189744173,0.306428131582));
#7385 = CARTESIAN_POINT('',(0.750661044118,0.321049607799));
#7386 = CARTESIAN_POINT('',(0.753092173659,0.33568912898));
#7387 = CARTESIAN_POINT('',(0.755480073518,0.350348659427));
#7388 = CARTESIAN_POINT('',(0.760717023305,0.38317457753));
#7389 = CARTESIAN_POINT('',(0.763541958442,0.401352447081));
#7390 = CARTESIAN_POINT('',(0.76629184719,0.419563432692));
#7391 = CARTESIAN_POINT('',(0.768962863968,0.437806689444));
#7392 = CARTESIAN_POINT('',(0.77155347889,0.456079638234));
#7393 = CARTESIAN_POINT('',(0.774064943788,0.474378232322));
#7394 = CARTESIAN_POINT('',(0.776501190162,0.492697288385));
#7395 = CARTESIAN_POINT('',(0.779303678677,0.514404426308));
#7396 = CARTESIAN_POINT('',(0.779736873122,0.517778470552));
#7397 = CARTESIAN_POINT('',(0.780167759879,0.521152979062));
#7398 = CARTESIAN_POINT('',(0.780596378623,0.52452791525));
#7399 = CARTESIAN_POINT('',(0.781022771203,0.527903241698));
#7400 = CARTESIAN_POINT('',(0.781446981641,0.531278920154));
#7401 = CARTESIAN_POINT('',(0.781869056132,0.534654911534));
#7402 = CARTESIAN_POINT('',(0.782599980045,0.540530790785));
#7403 = CARTESIAN_POINT('',(0.782909772711,0.543030555277));
#7404 = CARTESIAN_POINT('',(0.78321844063,0.54553045321));
#7405 = CARTESIAN_POINT('',(0.783526003911,0.548030468163));
#7406 = CARTESIAN_POINT('',(0.783832483187,0.550530583482));
#7407 = CARTESIAN_POINT('',(0.784137899609,0.553030782278));
#7408 = CARTESIAN_POINT('',(0.784442274855,0.555531047433));
#7409 = CARTESIAN_POINT('',(0.78497311615,0.559906332082));
#7410 = CARTESIAN_POINT('',(0.785200028142,0.561781330125));
#7411 = CARTESIAN_POINT('',(0.785426376444,0.563656348404));
#7412 = CARTESIAN_POINT('',(0.785652170539,0.565531379532));
#7413 = CARTESIAN_POINT('',(0.785877420039,0.56740641605));
#7414 = CARTESIAN_POINT('',(0.786102134691,0.569281450432));
#7415 = CARTESIAN_POINT('',(0.786326324372,0.571156475079));
#7416 = CARTESIAN_POINT('',(0.787251123196,0.578908824104));
#7417 = CARTESIAN_POINT('',(0.787947187282,0.5847859934));
#7418 = CARTESIAN_POINT('',(0.788638499451,0.590662756304));
#7419 = CARTESIAN_POINT('',(0.789325378893,0.59653887009));
#7420 = CARTESIAN_POINT('',(0.79000815384,0.602414084746));
#7421 = CARTESIAN_POINT('',(0.790687159524,0.608288144494));
#7422 = CARTESIAN_POINT('',(0.791362736126,0.614160789325));
#7423 = CARTESIAN_POINT('',(0.793862916338,0.63598782438));
#7424 = CARTESIAN_POINT('',(0.795667833397,0.651931700651));
#7425 = CARTESIAN_POINT('',(0.797456840655,0.66785786325));
#7426 = CARTESIAN_POINT('',(0.799236947262,0.68376061427));
#7427 = CARTESIAN_POINT('',(0.801015030312,0.699634349268));
#7428 = CARTESIAN_POINT('',(0.802797539996,0.715473800774));
#7429 = CARTESIAN_POINT('',(0.804590188366,0.731274256017));
#7430 = CARTESIAN_POINT('',(0.807418819281,0.755934712625));
#7431 = CARTESIAN_POINT('',(0.80844474797,0.764824057665));
#7432 = CARTESIAN_POINT('',(0.809476245247,0.773699094279));
#7433 = CARTESIAN_POINT('',(0.810514052698,0.782559295963));
#7434 = CARTESIAN_POINT('',(0.811558791043,0.79140431005));
#7435 = CARTESIAN_POINT('',(0.812610935162,0.800233968342));
#7436 = CARTESIAN_POINT('',(0.813670789115,0.809048297759));
#7437 = CARTESIAN_POINT('',(0.81473846117,0.817847530969));
#7438 = ( GEOMETRIC_REPRESENTATION_CONTEXT(2) 
PARAMETRIC_REPRESENTATION_CONTEXT() REPRESENTATION_CONTEXT('2D SPACE',''
  ) );
#7439 = PCURVE('',#6205,#7440);
#7440 = DEFINITIONAL_REPRESENTATION('',(#7441),#7535);
#7441 = B_SPLINE_CURVE_WITH_KNOTS('',8,(#7442,#7443,#7444,#7445,#7446,
    #7447,#7448,#7449,#7450,#7451,#7452,#7453,#7454,#7455,#7456,#7457,
    #7458,#7459,#7460,#7461,#7462,#7463,#7464,#7465,#7466,#7467,#7468,
    #7469,#7470,#7471,#7472,#7473,#7474,#7475,#7476,#7477,#7478,#7479,
    #7480,#7481,#7482,#7483,#7484,#7485,#7486,#7487,#7488,#7489,#7490,
    #7491,#7492,#7493,#7494,#7495,#7496,#7497,#7498,#7499,#7500,#7501,
    #7502,#7503,#7504,#7505,#7506,#7507,#7508,#7509,#7510,#7511,#7512,
    #7513,#7514,#7515,#7516,#7517,#7518,#7519,#7520,#7521,#7522,#7523,
    #7524,#7525,#7526,#7527,#7528,#7529,#7530,#7531,#7532,#7533,#7534),
  .UNSPECIFIED.,.F.,.F.,(9,7,7,7,7,7,7,7,7,7,7,7,7,9),(0.,0.108546118034
    ,0.189757213278,0.234091880928,0.266276459043,0.298532555622,
    0.443535534035,0.622771801159,0.655752867675,0.680170376046,
    0.698480918129,0.755876597224,0.911866116508,1.),.UNSPECIFIED.);
#7442 = CARTESIAN_POINT('',(86.699012687327,-35.3884856649));
#7443 = CARTESIAN_POINT('',(85.517099569107,-35.53100376926));
#7444 = CARTESIAN_POINT('',(84.328055485214,-35.60550096068));
#7445 = CARTESIAN_POINT('',(83.136113488216,-35.62320968571));
#7446 = CARTESIAN_POINT('',(81.944419867211,-35.59353507518));
#7447 = CARTESIAN_POINT('',(80.755042144543,-35.52464583766));
#7448 = CARTESIAN_POINT('',(79.568961911676,-35.42329220745));
#7449 = CARTESIAN_POINT('',(78.386075988481,-35.29503866597));
#7450 = CARTESIAN_POINT('',(76.321675393041,-35.03160257786));
#7451 = CARTESIAN_POINT('',(75.439800692748,-34.90636511247));
#7452 = CARTESIAN_POINT('',(74.559455826702,-34.77057903447));
#7453 = CARTESIAN_POINT('',(73.680527577162,-34.62591773452));
#7454 = CARTESIAN_POINT('',(72.802885904158,-34.47383307969));
#7455 = CARTESIAN_POINT('',(71.926377527468,-34.31559434059));
#7456 = CARTESIAN_POINT('',(71.050821306137,-34.15231582215));
#7457 = CARTESIAN_POINT('',(69.698426931354,-33.89361770578));
#7458 = CARTESIAN_POINT('',(69.221080205679,-33.80105323001));
#7459 = CARTESIAN_POINT('',(68.743937442826,-33.70743994237));
#7460 = CARTESIAN_POINT('',(68.266972075119,-33.61292696958));
#7461 = CARTESIAN_POINT('',(67.790158602914,-33.51765320103));
#7462 = CARTESIAN_POINT('',(67.313472434622,-33.421748096));
#7463 = CARTESIAN_POINT('',(66.836889726727,-33.32533249094));
#7464 = CARTESIAN_POINT('',(66.014472100513,-33.15823832778));
#7465 = CARTESIAN_POINT('',(65.668599532592,-33.08774793068));
#7466 = CARTESIAN_POINT('',(65.322760860654,-33.01709123708));
#7467 = CARTESIAN_POINT('',(64.976947779887,-32.94630932296));
#7468 = CARTESIAN_POINT('',(64.631152340055,-32.87544131861));
#7469 = CARTESIAN_POINT('',(64.285366945507,-32.80452440856));
#7470 = CARTESIAN_POINT('',(63.939584355169,-32.73359383162));
#7471 = CARTESIAN_POINT('',(63.247242625399,-32.59161435645));
#7472 = CARTESIAN_POINT('',(62.900683495588,-32.52056573335));
#7473 = CARTESIAN_POINT('',(62.554113378931,-32.44957058263));
#7474 = CARTESIAN_POINT('',(62.207525729926,-32.37866087727));
#7475 = CARTESIAN_POINT('',(61.860914371759,-32.30786699227));
#7476 = CARTESIAN_POINT('',(61.514273496294,-32.23721770455));
#7477 = CARTESIAN_POINT('',(61.167597664085,-32.16674019304));
#7478 = CARTESIAN_POINT('',(59.262266917457,-31.78052498151));
#7479 = CARTESIAN_POINT('',(57.702830380946,-31.46857710117));
#7480 = CARTESIAN_POINT('',(56.142127757019,-31.16295627682));
#7481 = CARTESIAN_POINT('',(54.57985265755,-30.86540434457));
#7482 = CARTESIAN_POINT('',(53.015816879289,-30.5771694312));
#7483 = CARTESIAN_POINT('',(51.449940201086,-30.29905943711));
#7484 = CARTESIAN_POINT('',(49.882244508783,-30.0314728238));
#7485 = CARTESIAN_POINT('',(46.37293526653,-29.45671362784));
#7486 = CARTESIAN_POINT('',(44.430355215003,-29.15509914642));
#7487 = CARTESIAN_POINT('',(42.485318704601,-28.86963643121));
#7488 = CARTESIAN_POINT('',(40.538110711866,-28.59948157843));
#7489 = CARTESIAN_POINT('',(38.589077154867,-28.34299226011));
#7490 = CARTESIAN_POINT('',(36.638608204019,-28.09785312641));
#7491 = CARTESIAN_POINT('',(34.687116992868,-27.86123611586));
#7492 = CARTESIAN_POINT('',(32.375809374584,-27.58744537621));
#7493 = CARTESIAN_POINT('',(32.016583472869,-27.54507708238));
#7494 = CARTESIAN_POINT('',(31.657338450678,-27.50287110072));
#7495 = CARTESIAN_POINT('',(31.298076737766,-27.46080746612));
#7496 = CARTESIAN_POINT('',(30.938800766681,-27.41886593945));
#7497 = CARTESIAN_POINT('',(30.579512972764,-27.37702600754));
#7498 = CARTESIAN_POINT('',(30.22021579415,-27.33526688322));
#7499 = CARTESIAN_POINT('',(29.59490112865,-27.26269540149));
#7500 = CARTESIAN_POINT('',(29.328886783614,-27.23185608063));
#7501 = CARTESIAN_POINT('',(29.062869627578,-27.20104101157));
#7502 = CARTESIAN_POINT('',(28.796850654531,-27.17024162832));
#7503 = CARTESIAN_POINT('',(28.530830861534,-27.13944933001));
#7504 = CARTESIAN_POINT('',(28.264811248713,-27.10865548094));
#7505 = CARTESIAN_POINT('',(27.998792819266,-27.07785141054));
#7506 = CARTESIAN_POINT('',(27.53329260756,-27.02391443397));
#7507 = CARTESIAN_POINT('',(27.333809868149,-27.00078981972));
#7508 = CARTESIAN_POINT('',(27.134328785835,-26.97765090336));
#7509 = CARTESIAN_POINT('',(26.934849786845,-26.95449401823));
#7510 = CARTESIAN_POINT('',(26.735373299022,-26.93131549832));
#7511 = CARTESIAN_POINT('',(26.535899751823,-26.90811167827));
#7512 = CARTESIAN_POINT('',(26.33642957632,-26.88487889335));
#7513 = CARTESIAN_POINT('',(25.511721867434,-26.78868640704));
#7514 = CARTESIAN_POINT('',(24.886518069813,-26.71543878014));
#7515 = CARTESIAN_POINT('',(24.261364912148,-26.64175788306));
#7516 = CARTESIAN_POINT('',(23.63627590761,-26.56753157137));
#7517 = CARTESIAN_POINT('',(23.011264890597,-26.49264904491));
#7518 = CARTESIAN_POINT('',(22.3863459246,-26.41700162075));
#7519 = CARTESIAN_POINT('',(21.761533210068,-26.34048350614));
#7520 = CARTESIAN_POINT('',(19.43905746064,-26.05238832691));
#7521 = CARTESIAN_POINT('',(17.742142643042,-25.83459570891));
#7522 = CARTESIAN_POINT('',(16.046409066614,-25.60756801677));
#7523 = CARTESIAN_POINT('',(14.35217435098,-25.36945758087));
#7524 = CARTESIAN_POINT('',(12.659744180943,-25.11873434908));
#7525 = CARTESIAN_POINT('',(10.969396867678,-24.85429362477));
#7526 = CARTESIAN_POINT('',(9.281369498419,-24.57555295622));
#7527 = CARTESIAN_POINT('',(6.643526820209,-24.11698519403));
#7528 = CARTESIAN_POINT('',(5.691996909882,-23.94687373502));
#7529 = CARTESIAN_POINT('',(4.74128620071,-23.77220792187));
#7530 = CARTESIAN_POINT('',(3.791410242715,-23.59305198937));
#7531 = CARTESIAN_POINT('',(2.842368982875,-23.40953495494));
#7532 = CARTESIAN_POINT('',(1.894145869101,-23.22185528778));
#7533 = CARTESIAN_POINT('',(0.94670695423,-23.03028557792));
#7534 = CARTESIAN_POINT('',(0.,-22.83517720532));
#7535 = ( GEOMETRIC_REPRESENTATION_CONTEXT(2) 
PARAMETRIC_REPRESENTATION_CONTEXT() REPRESENTATION_CONTEXT('2D SPACE',''
  ) );
#7536 = ORIENTED_EDGE('',*,*,#6145,.T.);
#7537 = ORIENTED_EDGE('',*,*,#5415,.T.);
#7538 = ORIENTED_EDGE('',*,*,#7539,.F.);
#7539 = EDGE_CURVE('',#5569,#5416,#7540,.T.);
#7540 = SURFACE_CURVE('',#7541,(#7550,#7562),.PCURVE_S1.);
#7541 = B_SPLINE_CURVE_WITH_KNOTS('',7,(#7542,#7543,#7544,#7545,#7546,
    #7547,#7548,#7549),.UNSPECIFIED.,.F.,.F.,(8,8),(0.,1.),
  .PIECEWISE_BEZIER_KNOTS.);
#7542 = CARTESIAN_POINT('',(12.,-33.18072886634,-93.));
#7543 = CARTESIAN_POINT('',(11.120578579298,-33.72155601061,-93.));
#7544 = CARTESIAN_POINT('',(10.205315803515,-34.20334833752,-93.));
#7545 = CARTESIAN_POINT('',(9.261369979048,-34.62860310673,-93.));
#7546 = CARTESIAN_POINT('',(8.2946830583,-34.99923087472,-93.));
#7547 = CARTESIAN_POINT('',(7.310199466758,-35.31702980036,-93.));
#7548 = CARTESIAN_POINT('',(6.311816444359,-35.58356338204,-93.));
#7549 = CARTESIAN_POINT('',(5.302341232175,-35.8,-93.));
#7550 = PCURVE('',#5457,#7551);
#7551 = DEFINITIONAL_REPRESENTATION('',(#7552),#7561);
#7552 = B_SPLINE_CURVE_WITH_KNOTS('',7,(#7553,#7554,#7555,#7556,#7557,
    #7558,#7559,#7560),.UNSPECIFIED.,.F.,.F.,(8,8),(0.,1.),
  .PIECEWISE_BEZIER_KNOTS.);
#7553 = CARTESIAN_POINT('',(0.863770331316,4.06083954654E-02));
#7554 = CARTESIAN_POINT('',(0.853646485468,4.06083954654E-02));
#7555 = CARTESIAN_POINT('',(0.843762146294,4.06083954654E-02));
#7556 = CARTESIAN_POINT('',(0.83407734666,4.06083954654E-02));
#7557 = CARTESIAN_POINT('',(0.824562956195,4.06083954654E-02));
#7558 = CARTESIAN_POINT('',(0.815191745079,4.06083954654E-02));
#7559 = CARTESIAN_POINT('',(0.805936807652,4.06083954654E-02));
#7560 = CARTESIAN_POINT('',(0.796767609161,4.06083954654E-02));
#7561 = ( GEOMETRIC_REPRESENTATION_CONTEXT(2) 
PARAMETRIC_REPRESENTATION_CONTEXT() REPRESENTATION_CONTEXT('2D SPACE',''
  ) );
#7562 = PCURVE('',#5585,#7563);
#7563 = DEFINITIONAL_REPRESENTATION('',(#7564),#7573);
#7564 = B_SPLINE_CURVE_WITH_KNOTS('',7,(#7565,#7566,#7567,#7568,#7569,
    #7570,#7571,#7572),.UNSPECIFIED.,.F.,.F.,(8,8),(0.,1.),
  .PIECEWISE_BEZIER_KNOTS.);
#7565 = CARTESIAN_POINT('',(6.,-3.380728866344));
#7566 = CARTESIAN_POINT('',(5.120578579298,-3.921556010616));
#7567 = CARTESIAN_POINT('',(4.205315803515,-4.403348337526));
#7568 = CARTESIAN_POINT('',(3.261369979048,-4.82860310673));
#7569 = CARTESIAN_POINT('',(2.2946830583,-5.199230874721));
#7570 = CARTESIAN_POINT('',(1.310199466758,-5.517029800365));
#7571 = CARTESIAN_POINT('',(0.311816444359,-5.783563382048));
#7572 = CARTESIAN_POINT('',(-0.697658767825,-6.));
#7573 = ( GEOMETRIC_REPRESENTATION_CONTEXT(2) 
PARAMETRIC_REPRESENTATION_CONTEXT() REPRESENTATION_CONTEXT('2D SPACE',''
  ) );
#7574 = ORIENTED_EDGE('',*,*,#5601,.T.);
#7575 = ADVANCED_FACE('',(#7576),#5585,.F.);
#7576 = FACE_BOUND('',#7577,.F.);
#7577 = EDGE_LOOP('',(#7578,#7579));
#7578 = ORIENTED_EDGE('',*,*,#5568,.F.);
#7579 = ORIENTED_EDGE('',*,*,#7539,.T.);
#7580 = ADVANCED_FACE('',(#7581),#5723,.F.);
#7581 = FACE_BOUND('',#7582,.T.);
#7582 = EDGE_LOOP('',(#7583,#7584,#7605,#7606));
#7583 = ORIENTED_EDGE('',*,*,#5900,.T.);
#7584 = ORIENTED_EDGE('',*,*,#7585,.T.);
#7585 = EDGE_CURVE('',#5901,#5703,#7586,.T.);
#7586 = SEAM_CURVE('',#7587,(#7591,#7598),.PCURVE_S1.);
#7587 = LINE('',#7588,#7589);
#7588 = CARTESIAN_POINT('',(-30.2,-19.,3.));
#7589 = VECTOR('',#7590,1.);
#7590 = DIRECTION('',(0.,0.,1.));
#7591 = PCURVE('',#5723,#7592);
#7592 = DEFINITIONAL_REPRESENTATION('',(#7593),#7597);
#7593 = LINE('',#7594,#7595);
#7594 = CARTESIAN_POINT('',(-6.28318530718,0.));
#7595 = VECTOR('',#7596,1.);
#7596 = DIRECTION('',(-0.,-1.));
#7597 = ( GEOMETRIC_REPRESENTATION_CONTEXT(2) 
PARAMETRIC_REPRESENTATION_CONTEXT() REPRESENTATION_CONTEXT('2D SPACE',''
  ) );
#7598 = PCURVE('',#5723,#7599);
#7599 = DEFINITIONAL_REPRESENTATION('',(#7600),#7604);
#7600 = LINE('',#7601,#7602);
#7601 = CARTESIAN_POINT('',(-0.,0.));
#7602 = VECTOR('',#7603,1.);
#7603 = DIRECTION('',(-0.,-1.));
#7604 = ( GEOMETRIC_REPRESENTATION_CONTEXT(2) 
PARAMETRIC_REPRESENTATION_CONTEXT() REPRESENTATION_CONTEXT('2D SPACE',''
  ) );
#7605 = ORIENTED_EDGE('',*,*,#5702,.F.);
#7606 = ORIENTED_EDGE('',*,*,#7585,.F.);
#7607 = ADVANCED_FACE('',(#7608),#5758,.F.);
#7608 = FACE_BOUND('',#7609,.T.);
#7609 = EDGE_LOOP('',(#7610,#7611,#7632,#7633));
#7610 = ORIENTED_EDGE('',*,*,#5939,.T.);
#7611 = ORIENTED_EDGE('',*,*,#7612,.T.);
#7612 = EDGE_CURVE('',#5940,#5738,#7613,.T.);
#7613 = SEAM_CURVE('',#7614,(#7618,#7625),.PCURVE_S1.);
#7614 = LINE('',#7615,#7616);
#7615 = CARTESIAN_POINT('',(33.8,-19.,3.));
#7616 = VECTOR('',#7617,1.);
#7617 = DIRECTION('',(0.,0.,1.));
#7618 = PCURVE('',#5758,#7619);
#7619 = DEFINITIONAL_REPRESENTATION('',(#7620),#7624);
#7620 = LINE('',#7621,#7622);
#7621 = CARTESIAN_POINT('',(-6.28318530718,0.));
#7622 = VECTOR('',#7623,1.);
#7623 = DIRECTION('',(-0.,-1.));
#7624 = ( GEOMETRIC_REPRESENTATION_CONTEXT(2) 
PARAMETRIC_REPRESENTATION_CONTEXT() REPRESENTATION_CONTEXT('2D SPACE',''
  ) );
#7625 = PCURVE('',#5758,#7626);
#7626 = DEFINITIONAL_REPRESENTATION('',(#7627),#7631);
#7627 = LINE('',#7628,#7629);
#7628 = CARTESIAN_POINT('',(-0.,0.));
#7629 = VECTOR('',#7630,1.);
#7630 = DIRECTION('',(-0.,-1.));
#7631 = ( GEOMETRIC_REPRESENTATION_CONTEXT(2) 
PARAMETRIC_REPRESENTATION_CONTEXT() REPRESENTATION_CONTEXT('2D SPACE',''
  ) );
#7632 = ORIENTED_EDGE('',*,*,#5737,.F.);
#7633 = ORIENTED_EDGE('',*,*,#7612,.F.);
#7634 = ADVANCED_FACE('',(#7635),#5842,.F.);
#7635 = FACE_BOUND('',#7636,.T.);
#7636 = EDGE_LOOP('',(#7637,#7638,#7659,#7660));
#7637 = ORIENTED_EDGE('',*,*,#5978,.T.);
#7638 = ORIENTED_EDGE('',*,*,#7639,.T.);
#7639 = EDGE_CURVE('',#5979,#5822,#7640,.T.);
#7640 = SEAM_CURVE('',#7641,(#7645,#7652),.PCURVE_S1.);
#7641 = LINE('',#7642,#7643);
#7642 = CARTESIAN_POINT('',(-30.2,19.,3.));
#7643 = VECTOR('',#7644,1.);
#7644 = DIRECTION('',(0.,0.,1.));
#7645 = PCURVE('',#5842,#7646);
#7646 = DEFINITIONAL_REPRESENTATION('',(#7647),#7651);
#7647 = LINE('',#7648,#7649);
#7648 = CARTESIAN_POINT('',(-6.28318530718,0.));
#7649 = VECTOR('',#7650,1.);
#7650 = DIRECTION('',(-0.,-1.));
#7651 = ( GEOMETRIC_REPRESENTATION_CONTEXT(2) 
PARAMETRIC_REPRESENTATION_CONTEXT() REPRESENTATION_CONTEXT('2D SPACE',''
  ) );
#7652 = PCURVE('',#5842,#7653);
#7653 = DEFINITIONAL_REPRESENTATION('',(#7654),#7658);
#7654 = LINE('',#7655,#7656);
#7655 = CARTESIAN_POINT('',(-0.,0.));
#7656 = VECTOR('',#7657,1.);
#7657 = DIRECTION('',(-0.,-1.));
#7658 = ( GEOMETRIC_REPRESENTATION_CONTEXT(2) 
PARAMETRIC_REPRESENTATION_CONTEXT() REPRESENTATION_CONTEXT('2D SPACE',''
  ) );
#7659 = ORIENTED_EDGE('',*,*,#5821,.F.);
#7660 = ORIENTED_EDGE('',*,*,#7639,.F.);
#7661 = ADVANCED_FACE('',(#7662),#5877,.F.);
#7662 = FACE_BOUND('',#7663,.T.);
#7663 = EDGE_LOOP('',(#7664,#7665,#7686,#7687));
#7664 = ORIENTED_EDGE('',*,*,#6017,.T.);
#7665 = ORIENTED_EDGE('',*,*,#7666,.T.);
#7666 = EDGE_CURVE('',#6018,#5857,#7667,.T.);
#7667 = SEAM_CURVE('',#7668,(#7672,#7679),.PCURVE_S1.);
#7668 = LINE('',#7669,#7670);
#7669 = CARTESIAN_POINT('',(33.8,19.,3.));
#7670 = VECTOR('',#7671,1.);
#7671 = DIRECTION('',(0.,0.,1.));
#7672 = PCURVE('',#5877,#7673);
#7673 = DEFINITIONAL_REPRESENTATION('',(#7674),#7678);
#7674 = LINE('',#7675,#7676);
#7675 = CARTESIAN_POINT('',(-6.28318530718,0.));
#7676 = VECTOR('',#7677,1.);
#7677 = DIRECTION('',(-0.,-1.));
#7678 = ( GEOMETRIC_REPRESENTATION_CONTEXT(2) 
PARAMETRIC_REPRESENTATION_CONTEXT() REPRESENTATION_CONTEXT('2D SPACE',''
  ) );
#7679 = PCURVE('',#5877,#7680);
#7680 = DEFINITIONAL_REPRESENTATION('',(#7681),#7685);
#7681 = LINE('',#7682,#7683);
#7682 = CARTESIAN_POINT('',(-0.,0.));
#7683 = VECTOR('',#7684,1.);
#7684 = DIRECTION('',(-0.,-1.));
#7685 = ( GEOMETRIC_REPRESENTATION_CONTEXT(2) 
PARAMETRIC_REPRESENTATION_CONTEXT() REPRESENTATION_CONTEXT('2D SPACE',''
  ) );
#7686 = ORIENTED_EDGE('',*,*,#5856,.F.);
#7687 = ORIENTED_EDGE('',*,*,#7666,.F.);
#7688 = ADVANCED_FACE('',(#7689),#6205,.T.);
#7689 = FACE_BOUND('',#7690,.T.);
#7690 = EDGE_LOOP('',(#7691,#7712,#7713,#7714));
#7691 = ORIENTED_EDGE('',*,*,#7692,.F.);
#7692 = EDGE_CURVE('',#7218,#6248,#7693,.T.);
#7693 = SURFACE_CURVE('',#7694,(#7698,#7705),.PCURVE_S1.);
#7694 = LINE('',#7695,#7696);
#7695 = CARTESIAN_POINT('',(11.465034234462,-45.,-12.32198554603));
#7696 = VECTOR('',#7697,1.);
#7697 = DIRECTION('',(0.,1.,0.));
#7698 = PCURVE('',#6205,#7699);
#7699 = DEFINITIONAL_REPRESENTATION('',(#7700),#7704);
#7700 = LINE('',#7701,#7702);
#7701 = CARTESIAN_POINT('',(-0.,-45.));
#7702 = VECTOR('',#7703,1.);
#7703 = DIRECTION('',(0.,1.));
#7704 = ( GEOMETRIC_REPRESENTATION_CONTEXT(2) 
PARAMETRIC_REPRESENTATION_CONTEXT() REPRESENTATION_CONTEXT('2D SPACE',''
  ) );
#7705 = PCURVE('',#6560,#7706);
#7706 = DEFINITIONAL_REPRESENTATION('',(#7707),#7711);
#7707 = LINE('',#7708,#7709);
#7708 = CARTESIAN_POINT('',(3.,-45.));
#7709 = VECTOR('',#7710,1.);
#7710 = DIRECTION('',(0.,1.));
#7711 = ( GEOMETRIC_REPRESENTATION_CONTEXT(2) 
PARAMETRIC_REPRESENTATION_CONTEXT() REPRESENTATION_CONTEXT('2D SPACE',''
  ) );
#7712 = ORIENTED_EDGE('',*,*,#7246,.F.);
#7713 = ORIENTED_EDGE('',*,*,#6192,.F.);
#7714 = ORIENTED_EDGE('',*,*,#6247,.T.);
#7715 = ADVANCED_FACE('',(#7716),#6560,.T.);
#7716 = FACE_BOUND('',#7717,.T.);
#7717 = EDGE_LOOP('',(#7718,#7739,#7740,#7741));
#7718 = ORIENTED_EDGE('',*,*,#7719,.F.);
#7719 = EDGE_CURVE('',#6925,#6541,#7720,.T.);
#7720 = SURFACE_CURVE('',#7721,(#7725,#7732),.PCURVE_S1.);
#7721 = LINE('',#7722,#7723);
#7722 = CARTESIAN_POINT('',(8.534965765538,-45.,-11.67801445396));
#7723 = VECTOR('',#7724,1.);
#7724 = DIRECTION('',(0.,1.,0.));
#7725 = PCURVE('',#6560,#7726);
#7726 = DEFINITIONAL_REPRESENTATION('',(#7727),#7731);
#7727 = LINE('',#7728,#7729);
#7728 = CARTESIAN_POINT('',(0.,-45.));
#7729 = VECTOR('',#7730,1.);
#7730 = DIRECTION('',(0.,1.));
#7731 = ( GEOMETRIC_REPRESENTATION_CONTEXT(2) 
PARAMETRIC_REPRESENTATION_CONTEXT() REPRESENTATION_CONTEXT('2D SPACE',''
  ) );
#7732 = PCURVE('',#6770,#7733);
#7733 = DEFINITIONAL_REPRESENTATION('',(#7734),#7738);
#7734 = LINE('',#7735,#7736);
#7735 = CARTESIAN_POINT('',(93.171884171138,-45.));
#7736 = VECTOR('',#7737,1.);
#7737 = DIRECTION('',(0.,1.));
#7738 = ( GEOMETRIC_REPRESENTATION_CONTEXT(2) 
PARAMETRIC_REPRESENTATION_CONTEXT() REPRESENTATION_CONTEXT('2D SPACE',''
  ) );
#7739 = ORIENTED_EDGE('',*,*,#7217,.F.);
#7740 = ORIENTED_EDGE('',*,*,#7692,.T.);
#7741 = ORIENTED_EDGE('',*,*,#6540,.F.);
#7742 = ADVANCED_FACE('',(#7743),#6770,.T.);
#7743 = FACE_BOUND('',#7744,.T.);
#7744 = EDGE_LOOP('',(#7745,#7746,#7747,#7766));
#7745 = ORIENTED_EDGE('',*,*,#7719,.T.);
#7746 = ORIENTED_EDGE('',*,*,#6574,.F.);
#7747 = ORIENTED_EDGE('',*,*,#7748,.F.);
#7748 = EDGE_CURVE('',#6873,#6575,#7749,.T.);
#7749 = SURFACE_CURVE('',#7750,(#7754,#7760),.PCURVE_S1.);
#7750 = LINE('',#7751,#7752);
#7751 = CARTESIAN_POINT('',(-10.21711896985,-12.25,-97.));
#7752 = VECTOR('',#7753,1.);
#7753 = DIRECTION('',(0.,1.,0.));
#7754 = PCURVE('',#6770,#7755);
#7755 = DEFINITIONAL_REPRESENTATION('',(#7756),#7759);
#7756 = B_SPLINE_CURVE_WITH_KNOTS('',1,(#7757,#7758),.UNSPECIFIED.,.F.,
  .F.,(2,2),(-25.00883297882,2.482294421422),.PIECEWISE_BEZIER_KNOTS.);
#7757 = CARTESIAN_POINT('',(5.813530824471,-37.25883297882));
#7758 = CARTESIAN_POINT('',(5.813530824471,-9.767705578578));
#7759 = ( GEOMETRIC_REPRESENTATION_CONTEXT(2) 
PARAMETRIC_REPRESENTATION_CONTEXT() REPRESENTATION_CONTEXT('2D SPACE',''
  ) );
#7760 = PCURVE('',#6900,#7761);
#7761 = DEFINITIONAL_REPRESENTATION('',(#7762),#7765);
#7762 = B_SPLINE_CURVE_WITH_KNOTS('',1,(#7763,#7764),.UNSPECIFIED.,.F.,
  .F.,(2,2),(-25.00883297882,2.482294421422),.PIECEWISE_BEZIER_KNOTS.);
#7763 = CARTESIAN_POINT('',(27.217118969854,-12.75883297882));
#7764 = CARTESIAN_POINT('',(27.217118969854,14.732294421422));
#7765 = ( GEOMETRIC_REPRESENTATION_CONTEXT(2) 
PARAMETRIC_REPRESENTATION_CONTEXT() REPRESENTATION_CONTEXT('2D SPACE',''
  ) );
#7766 = ORIENTED_EDGE('',*,*,#6924,.T.);
#7767 = ADVANCED_FACE('',(#7768),#6900,.F.);
#7768 = FACE_BOUND('',#7769,.F.);
#7769 = EDGE_LOOP('',(#7770,#7771));
#7770 = ORIENTED_EDGE('',*,*,#6872,.F.);
#7771 = ORIENTED_EDGE('',*,*,#7748,.F.);
#7772 = ( GEOMETRIC_REPRESENTATION_CONTEXT(3) 
GLOBAL_UNCERTAINTY_ASSIGNED_CONTEXT((#7776)) 
GLOBAL_UNIT_ASSIGNED_CONTEXT((#7773,#7774,#7775)) REPRESENTATION_CONTEXT
('Context #1','3D Context with UNIT and UNCERTAINTY') );
#7773 = ( LENGTH_UNIT() NAMED_UNIT(*) SI_UNIT(.MILLI.,.METRE.) );
#7774 = ( NAMED_UNIT(*) PLANE_ANGLE_UNIT() SI_UNIT($,.RADIAN.) );
#7775 = ( NAMED_UNIT(*) SI_UNIT($,.STERADIAN.) SOLID_ANGLE_UNIT() );
#7776 = UNCERTAINTY_MEASURE_WITH_UNIT(LENGTH_MEASURE(2.E-06),#7773,
  'distance_accuracy_value','confusion accuracy');
#7777 = PRODUCT_RELATED_PRODUCT_CATEGORY('part',$,(#7));
ENDSEC;
END-ISO-10303-21;
