ISO-10303-21;
HEADER;
FILE_DESCRIPTION(('Open CASCADE Model'),'2;1');
FILE_NAME('Open CASCADE Shape Model','2026-09-09T16:23:36',('Author'),(
    'Open CASCADE'),'Open CASCADE STEP processor 7.9','Open CASCADE 7.9'
  ,'Unknown');
FILE_SCHEMA(('AUTOMOTIVE_DESIGN { 1 0 10303 214 1 1 1 1 }'));
ENDSEC;
DATA;
#1 = APPLICATION_PROTOCOL_DEFINITION('international standard',
  'automotive_design',2000,#2);
#2 = APPLICATION_CONTEXT(
  'core data for automotive mechanical design processes');
#3 = SHAPE_DEFINITION_REPRESENTATION(#4,#10);
#4 = PRODUCT_DEFINITION_SHAPE('','',#5);
#5 = PRODUCT_DEFINITION('design','',#6,#9);
#6 = PRODUCT_DEFINITION_FORMATION('','',#7);
#7 = PRODUCT('Open CASCADE STEP translator 7.9 3',
  'Open CASCADE STEP translator 7.9 3','',(#8));
#8 = PRODUCT_CONTEXT('',#2,'mechanical');
#9 = PRODUCT_DEFINITION_CONTEXT('part definition',#2,'design');
#10 = ADVANCED_BREP_SHAPE_REPRESENTATION('',(#11,#15),#3806);
#11 = AXIS2_PLACEMENT_3D('',#12,#13,#14);
#12 = CARTESIAN_POINT('',(0.,0.,0.));
#13 = DIRECTION('',(0.,0.,1.));
#14 = DIRECTION('',(1.,0.,-0.));
#15 = MANIFOLD_SOLID_BREP('',#16);
#16 = CLOSED_SHELL('',(#17,#353,#871,#1055,#1130,#1364,#1441,#1445,#1495
    ,#1542,#1592,#1639,#1667,#1770,#3421,#3426,#3550,#3556,#3629,#3656,
    #3683,#3708,#3713,#3793,#3798,#3802));
#17 = ADVANCED_FACE('',(#18),#31,.T.);
#18 = FACE_BOUND('',#19,.T.);
#19 = EDGE_LOOP('',(#20,#75,#104,#138,#217,#251,#273,#274));
#20 = ORIENTED_EDGE('',*,*,#21,.F.);
#21 = EDGE_CURVE('',#22,#24,#26,.T.);
#22 = VERTEX_POINT('',#23);
#23 = CARTESIAN_POINT('',(29.,0.,12.));
#24 = VERTEX_POINT('',#25);
#25 = CARTESIAN_POINT('',(42.,0.,18.));
#26 = SEAM_CURVE('',#27,(#30,#68),.PCURVE_S1.);
#27 = B_SPLINE_CURVE_WITH_KNOTS('',1,(#28,#29),.UNSPECIFIED.,.F.,.F.,(2,
    2),(0.,1.),.PIECEWISE_BEZIER_KNOTS.);
#28 = CARTESIAN_POINT('',(29.,2.64856971226E-15,12.));
#29 = CARTESIAN_POINT('',(42.,4.727759759839E-14,18.));
#30 = PCURVE('',#31,#62);
#31 = B_SPLINE_SURFACE_WITH_KNOTS('',14,1,(
    (#32,#33)
    ,(#34,#35)
    ,(#36,#37)
    ,(#38,#39)
    ,(#40,#41)
    ,(#42,#43)
    ,(#44,#45)
    ,(#46,#47)
    ,(#48,#49)
    ,(#50,#51)
    ,(#52,#53)
    ,(#54,#55)
    ,(#56,#57)
    ,(#58,#59)
    ,(#60,#61
    )),.UNSPECIFIED.,.T.,.F.,.F.,(15,15),(2,2),(0.,6.28318530718),(0.,1.
    ),.PIECEWISE_BEZIER_KNOTS.);
#32 = CARTESIAN_POINT('',(29.,2.64856971226E-15,12.));
#33 = CARTESIAN_POINT('',(42.,4.727759759839E-14,18.));
#34 = CARTESIAN_POINT('',(29.000000000003,10.322375861804,12.));
#35 = CARTESIAN_POINT('',(42.000000000004,14.361566416421,
    18.000000000001));
#36 = CARTESIAN_POINT('',(22.709483525206,20.644755533803,12.));
#37 = CARTESIAN_POINT('',(32.88959682961,28.723138133996,17.999999999997
    ));
#38 = CARTESIAN_POINT('',(10.128442533833,28.354844971212,
    11.999999999997));
#39 = CARTESIAN_POINT('',(14.668778842096,39.450219090356,
    18.000000000004));
#40 = CARTESIAN_POINT('',(-6.861707827399,30.84064470394,12.000000000013
    ));
#41 = CARTESIAN_POINT('',(-9.937645818978,42.908723066406,
    18.000000000005));
#42 = CARTESIAN_POINT('',(-24.49849415174,26.426467803327,
    11.999999999966));
#43 = CARTESIAN_POINT('',(-35.48057773702,36.767259552362,
    17.999999999969));
#44 = CARTESIAN_POINT('',(-37.96220934803,15.315360640961,
    12.000000000061));
#45 = CARTESIAN_POINT('',(-54.97975146953,21.308327848421,18.00000000007
    ));
#46 = CARTESIAN_POINT('',(-43.03102945947,4.311891682217E-10,
    11.999999999921));
#47 = CARTESIAN_POINT('',(-62.32080128618,4.529813320791E-10,
    17.999999999894));
#48 = CARTESIAN_POINT('',(-37.96220934804,-15.31536064175,
    12.000000000081));
#49 = CARTESIAN_POINT('',(-54.97975146953,-21.30832784925,
    18.000000000119));
#50 = CARTESIAN_POINT('',(-24.49849415172,-26.42646780272,
    11.999999999935));
#51 = CARTESIAN_POINT('',(-35.48057773702,-36.76725955172,
    17.999999999896));
#52 = CARTESIAN_POINT('',(-6.861707827408,-30.84064470431,
    12.000000000041));
#53 = CARTESIAN_POINT('',(-9.937645818976,-42.9087230668,18.000000000071
    ));
#54 = CARTESIAN_POINT('',(10.128442533839,-28.35484497102,11.99999999998
    ));
#55 = CARTESIAN_POINT('',(14.668778842096,-39.45021909015,
    17.999999999963));
#56 = CARTESIAN_POINT('',(22.709483525203,-20.64475553387,
    12.000000000007));
#57 = CARTESIAN_POINT('',(32.889596829611,-28.72313813407,
    18.000000000014));
#58 = CARTESIAN_POINT('',(29.000000000004,-10.32237586178,
    11.999999999998));
#59 = CARTESIAN_POINT('',(42.000000000004,-14.3615664164,17.999999999997
    ));
#60 = CARTESIAN_POINT('',(29.,-1.156228521492E-14,12.));
#61 = CARTESIAN_POINT('',(42.,-5.219838570296E-14,18.));
#62 = DEFINITIONAL_REPRESENTATION('',(#63),#67);
#63 = LINE('',#64,#65);
#64 = CARTESIAN_POINT('',(0.,0.));
#65 = VECTOR('',#66,1.);
#66 = DIRECTION('',(0.,1.));
#67 = ( GEOMETRIC_REPRESENTATION_CONTEXT(2) 
PARAMETRIC_REPRESENTATION_CONTEXT() REPRESENTATION_CONTEXT('2D SPACE',''
  ) );
#68 = PCURVE('',#31,#69);
#69 = DEFINITIONAL_REPRESENTATION('',(#70),#74);
#70 = LINE('',#71,#72);
#71 = CARTESIAN_POINT('',(6.28318530718,0.));
#72 = VECTOR('',#73,1.);
#73 = DIRECTION('',(0.,1.));
#74 = ( GEOMETRIC_REPRESENTATION_CONTEXT(2) 
PARAMETRIC_REPRESENTATION_CONTEXT() REPRESENTATION_CONTEXT('2D SPACE',''
  ) );
#75 = ORIENTED_EDGE('',*,*,#76,.T.);
#76 = EDGE_CURVE('',#22,#77,#79,.T.);
#77 = VERTEX_POINT('',#78);
#78 = CARTESIAN_POINT('',(-26.,-10.18759825204,12.));
#79 = SURFACE_CURVE('',#80,(#85,#92),.PCURVE_S1.);
#80 = ELLIPSE('',#81,29.,23.);
#81 = AXIS2_PLACEMENT_3D('',#82,#83,#84);
#82 = CARTESIAN_POINT('',(0.,0.,12.));
#83 = DIRECTION('',(0.,0.,1.));
#84 = DIRECTION('',(1.,0.,0.));
#85 = PCURVE('',#31,#86);
#86 = DEFINITIONAL_REPRESENTATION('',(#87),#91);
#87 = LINE('',#88,#89);
#88 = CARTESIAN_POINT('',(0.,0.));
#89 = VECTOR('',#90,1.);
#90 = DIRECTION('',(1.,0.));
#91 = ( GEOMETRIC_REPRESENTATION_CONTEXT(2) 
PARAMETRIC_REPRESENTATION_CONTEXT() REPRESENTATION_CONTEXT('2D SPACE',''
  ) );
#92 = PCURVE('',#93,#98);
#93 = PLANE('',#94);
#94 = AXIS2_PLACEMENT_3D('',#95,#96,#97);
#95 = CARTESIAN_POINT('',(0.,0.,12.));
#96 = DIRECTION('',(0.,0.,1.));
#97 = DIRECTION('',(1.,0.,0.));
#98 = DEFINITIONAL_REPRESENTATION('',(#99),#103);
#99 = ELLIPSE('',#100,29.,23.);
#100 = AXIS2_PLACEMENT_2D('',#101,#102);
#101 = CARTESIAN_POINT('',(0.,0.));
#102 = DIRECTION('',(1.,0.));
#103 = ( GEOMETRIC_REPRESENTATION_CONTEXT(2) 
PARAMETRIC_REPRESENTATION_CONTEXT() REPRESENTATION_CONTEXT('2D SPACE',''
  ) );
#104 = ORIENTED_EDGE('',*,*,#105,.T.);
#105 = EDGE_CURVE('',#77,#106,#108,.T.);
#106 = VERTEX_POINT('',#107);
#107 = CARTESIAN_POINT('',(-26.,-11.,12.222287649451));
#108 = SURFACE_CURVE('',#109,(#115,#124),.PCURVE_S1.);
#109 = B_SPLINE_CURVE_WITH_KNOTS('',4,(#110,#111,#112,#113,#114),
  .UNSPECIFIED.,.F.,.F.,(5,5),(0.,1.),.PIECEWISE_BEZIER_KNOTS.);
#110 = CARTESIAN_POINT('',(-26.,-10.18759823051,12.));
#111 = CARTESIAN_POINT('',(-26.,-10.39118106446,12.053818227465));
#112 = CARTESIAN_POINT('',(-26.,-10.59444447464,12.108824806386));
#113 = CARTESIAN_POINT('',(-26.,-10.79738482192,12.16499095515));
#114 = CARTESIAN_POINT('',(-26.,-11.,12.222287649451));
#115 = PCURVE('',#31,#116);
#116 = DEFINITIONAL_REPRESENTATION('',(#117),#123);
#117 = B_SPLINE_CURVE_WITH_KNOTS('',4,(#118,#119,#120,#121,#122),
  .UNSPECIFIED.,.F.,.F.,(5,5),(0.,1.),.PIECEWISE_BEZIER_KNOTS.);
#118 = CARTESIAN_POINT('',(3.600466858815,0.));
#119 = CARTESIAN_POINT('',(3.608605555626,8.969704577449E-03));
#120 = CARTESIAN_POINT('',(3.616657929932,1.813746773093E-02));
#121 = CARTESIAN_POINT('',(3.624623041673,2.7498492525E-02));
#122 = CARTESIAN_POINT('',(3.632500355699,3.704794157511E-02));
#123 = ( GEOMETRIC_REPRESENTATION_CONTEXT(2) 
PARAMETRIC_REPRESENTATION_CONTEXT() REPRESENTATION_CONTEXT('2D SPACE',''
  ) );
#124 = PCURVE('',#125,#130);
#125 = PLANE('',#126);
#126 = AXIS2_PLACEMENT_3D('',#127,#128,#129);
#127 = CARTESIAN_POINT('',(-26.,-13.,4.5));
#128 = DIRECTION('',(1.,0.,0.));
#129 = DIRECTION('',(0.,0.,1.));
#130 = DEFINITIONAL_REPRESENTATION('',(#131),#137);
#131 = B_SPLINE_CURVE_WITH_KNOTS('',4,(#132,#133,#134,#135,#136),
  .UNSPECIFIED.,.F.,.F.,(5,5),(0.,1.),.PIECEWISE_BEZIER_KNOTS.);
#132 = CARTESIAN_POINT('',(7.5,-2.81240176949));
#133 = CARTESIAN_POINT('',(7.553818227465,-2.60881893554));
#134 = CARTESIAN_POINT('',(7.608824806386,-2.405555525353));
#135 = CARTESIAN_POINT('',(7.66499095515,-2.202615178071));
#136 = CARTESIAN_POINT('',(7.722287649451,-2.));
#137 = ( GEOMETRIC_REPRESENTATION_CONTEXT(2) 
PARAMETRIC_REPRESENTATION_CONTEXT() REPRESENTATION_CONTEXT('2D SPACE',''
  ) );
#138 = ORIENTED_EDGE('',*,*,#139,.T.);
#139 = EDGE_CURVE('',#106,#140,#142,.T.);
#140 = VERTEX_POINT('',#141);
#141 = CARTESIAN_POINT('',(-24.,-13.,12.03044201027));
#142 = SURFACE_CURVE('',#143,(#164,#188),.PCURVE_S1.);
#143 = B_SPLINE_CURVE_WITH_KNOTS('',7,(#144,#145,#146,#147,#148,#149,
    #150,#151,#152,#153,#154,#155,#156,#157,#158,#159,#160,#161,#162,
    #163),.UNSPECIFIED.,.F.,.F.,(8,6,6,8),(0.,0.234521169228,
    0.657796269625,1.),.UNSPECIFIED.);
#144 = CARTESIAN_POINT('',(-26.,-11.,12.222287649451));
#145 = CARTESIAN_POINT('',(-26.,-11.10247632294,12.25126649795));
#146 = CARTESIAN_POINT('',(-25.99387425997,-11.20589059416,
    12.278219429205));
#147 = CARTESIAN_POINT('',(-25.98142052697,-11.30978713179,
    12.302959272407));
#148 = CARTESIAN_POINT('',(-25.96248032552,-11.41365749213,
    12.325297478291));
#149 = CARTESIAN_POINT('',(-25.93695315464,-11.5169411056,
    12.345047776027));
#150 = CARTESIAN_POINT('',(-25.90482130671,-11.61902921686,
    12.362035126116));
#151 = CARTESIAN_POINT('',(-25.79645319724,-11.90019536466,
    12.401512924049));
#152 = CARTESIAN_POINT('',(-25.7053184922,-12.07566680976,
    12.417506903121));
#153 = CARTESIAN_POINT('',(-25.59348802519,-12.2409055367,
    12.422984488671));
#154 = CARTESIAN_POINT('',(-25.46304977876,-12.39213429108,
    12.417560897727));
#155 = CARTESIAN_POINT('',(-25.31686836201,-12.52637479482,
    12.401288676729));
#156 = CARTESIAN_POINT('',(-25.15853318665,-12.64146401835,
    12.374694055267));
#157 = CARTESIAN_POINT('',(-24.85813998125,-12.81315204251,
    12.310105144303));
#158 = CARTESIAN_POINT('',(-24.71853036108,-12.87687034443,
    12.275217790485));
#159 = CARTESIAN_POINT('',(-24.57549216768,-12.92716621872,
    12.234830205535));
#160 = CARTESIAN_POINT('',(-24.43074880895,-12.96416707025,
    12.18955153206));
#161 = CARTESIAN_POINT('',(-24.28579039205,-12.98825905592,
    12.140000951524));
#162 = CARTESIAN_POINT('',(-24.14187035912,-13.,12.086782182906));
#163 = CARTESIAN_POINT('',(-24.,-13.,12.03044201027));
#164 = PCURVE('',#31,#165);
#165 = DEFINITIONAL_REPRESENTATION('',(#166),#187);
#166 = B_SPLINE_CURVE_WITH_KNOTS('',7,(#167,#168,#169,#170,#171,#172,
    #173,#174,#175,#176,#177,#178,#179,#180,#181,#182,#183,#184,#185,
    #186),.UNSPECIFIED.,.F.,.F.,(8,6,6,8),(0.,0.234521169228,
    0.657796269625,1.),.UNSPECIFIED.);
#167 = CARTESIAN_POINT('',(3.632500355699,3.704794157511E-02));
#168 = CARTESIAN_POINT('',(3.636484450987,4.187774965827E-02));
#169 = CARTESIAN_POINT('',(3.640576326087,4.636990486748E-02));
#170 = CARTESIAN_POINT('',(3.644762752038,5.049321206785E-02));
#171 = CARTESIAN_POINT('',(3.649028523817,5.421624638182E-02));
#172 = CARTESIAN_POINT('',(3.653356327793,5.750796267118E-02));
#173 = CARTESIAN_POINT('',(3.657726446053,6.033918768595E-02));
#174 = CARTESIAN_POINT('',(3.670039313126,6.691882067489E-02));
#175 = CARTESIAN_POINT('',(3.678051082383,6.958448385357E-02));
#176 = CARTESIAN_POINT('',(3.685980285932,7.049741477856E-02));
#177 = CARTESIAN_POINT('',(3.693679158333,6.959348295451E-02));
#178 = CARTESIAN_POINT('',(3.701016253041,6.688144612146E-02));
#179 = CARTESIAN_POINT('',(3.707871635338,6.244900921114E-02));
#180 = CARTESIAN_POINT('',(3.719217014784,5.168419071715E-02));
#181 = CARTESIAN_POINT('',(3.7239177352,4.586963174753E-02));
#182 = CARTESIAN_POINT('',(3.728206794278,3.913836758909E-02));
#183 = CARTESIAN_POINT('',(3.73206182681,3.159192200998E-02));
#184 = CARTESIAN_POINT('',(3.735470221221,2.333349192075E-02));
#185 = CARTESIAN_POINT('',(3.738427220026,1.4463697151E-02));
#186 = CARTESIAN_POINT('',(3.740932450942,5.073668378362E-03));
#187 = ( GEOMETRIC_REPRESENTATION_CONTEXT(2) 
PARAMETRIC_REPRESENTATION_CONTEXT() REPRESENTATION_CONTEXT('2D SPACE',''
  ) );
#188 = PCURVE('',#189,#194);
#189 = CYLINDRICAL_SURFACE('',#190,2.);
#190 = AXIS2_PLACEMENT_3D('',#191,#192,#193);
#191 = CARTESIAN_POINT('',(-24.,-11.,4.5));
#192 = DIRECTION('',(0.,0.,1.));
#193 = DIRECTION('',(-1.,-0.,0.));
#194 = DEFINITIONAL_REPRESENTATION('',(#195),#216);
#195 = B_SPLINE_CURVE_WITH_KNOTS('',7,(#196,#197,#198,#199,#200,#201,
    #202,#203,#204,#205,#206,#207,#208,#209,#210,#211,#212,#213,#214,
    #215),.UNSPECIFIED.,.F.,.F.,(8,6,6,8),(0.,0.234521169228,
    0.657796269625,1.),.UNSPECIFIED.);
#196 = CARTESIAN_POINT('',(0.,7.722287649451));
#197 = CARTESIAN_POINT('',(5.123816147312E-02,7.75126649795));
#198 = CARTESIAN_POINT('',(0.102945255407,7.778219429205));
#199 = CARTESIAN_POINT('',(0.155113380528,7.802959272407));
#200 = CARTESIAN_POINT('',(0.207725615531,7.825297478291));
#201 = CARTESIAN_POINT('',(0.260755741534,7.845047776027));
#202 = CARTESIAN_POINT('',(0.314162420933,7.862035126116));
#203 = CARTESIAN_POINT('',(0.464825994684,7.901512924049));
#204 = CARTESIAN_POINT('',(0.56307915313,7.917506903121));
#205 = CARTESIAN_POINT('',(0.661768525157,7.922984488671));
#206 = CARTESIAN_POINT('',(0.760422678996,7.917560897727));
#207 = CARTESIAN_POINT('',(0.858615178661,7.901288676729));
#208 = CARTESIAN_POINT('',(0.955903072775,7.874694055267));
#209 = CARTESIAN_POINT('',(1.128900800715,7.810105144303));
#210 = CARTESIAN_POINT('',(1.205314238672,7.775217790485));
#211 = CARTESIAN_POINT('',(1.280641780376,7.734830205535));
#212 = CARTESIAN_POINT('',(1.354839232015,7.68955153206));
#213 = CARTESIAN_POINT('',(1.427901062457,7.640000951524));
#214 = CARTESIAN_POINT('',(1.499861147232,7.586782182906));
#215 = CARTESIAN_POINT('',(1.570796326795,7.53044201027));
#216 = ( GEOMETRIC_REPRESENTATION_CONTEXT(2) 
PARAMETRIC_REPRESENTATION_CONTEXT() REPRESENTATION_CONTEXT('2D SPACE',''
  ) );
#217 = ORIENTED_EDGE('',*,*,#218,.F.);
#218 = EDGE_CURVE('',#219,#140,#221,.T.);
#219 = VERTEX_POINT('',#220);
#220 = CARTESIAN_POINT('',(-23.92331795083,-13.,12.));
#221 = SURFACE_CURVE('',#222,(#228,#237),.PCURVE_S1.);
#222 = B_SPLINE_CURVE_WITH_KNOTS('',4,(#223,#224,#225,#226,#227),
  .UNSPECIFIED.,.F.,.F.,(5,5),(0.,1.),.PIECEWISE_BEZIER_KNOTS.);
#223 = CARTESIAN_POINT('',(-23.92331794767,-13.,12.));
#224 = CARTESIAN_POINT('',(-23.94248935559,-13.,12.007608277493));
#225 = CARTESIAN_POINT('',(-23.96166016599,-13.,12.015218041742));
#226 = CARTESIAN_POINT('',(-23.9808303799,-13.,12.022829287588));
#227 = CARTESIAN_POINT('',(-24.,-13.,12.03044201027));
#228 = PCURVE('',#31,#229);
#229 = DEFINITIONAL_REPRESENTATION('',(#230),#236);
#230 = B_SPLINE_CURVE_WITH_KNOTS('',4,(#231,#232,#233,#234,#235),
  .UNSPECIFIED.,.F.,.F.,(5,5),(0.,1.),.PIECEWISE_BEZIER_KNOTS.);
#231 = CARTESIAN_POINT('',(3.742289406955,0.));
#232 = CARTESIAN_POINT('',(3.741949435961,1.268046248849E-03));
#233 = CARTESIAN_POINT('',(3.741609944626,2.536334688449E-03));
#234 = CARTESIAN_POINT('',(3.741270967003,3.804885791548E-03));
#235 = CARTESIAN_POINT('',(3.740932458483,5.073672905317E-03));
#236 = ( GEOMETRIC_REPRESENTATION_CONTEXT(2) 
PARAMETRIC_REPRESENTATION_CONTEXT() REPRESENTATION_CONTEXT('2D SPACE',''
  ) );
#237 = PCURVE('',#238,#243);
#238 = PLANE('',#239);
#239 = AXIS2_PLACEMENT_3D('',#240,#241,#242);
#240 = CARTESIAN_POINT('',(-26.,-13.,4.5));
#241 = DIRECTION('',(0.,1.,0.));
#242 = DIRECTION('',(0.,0.,1.));
#243 = DEFINITIONAL_REPRESENTATION('',(#244),#250);
#244 = B_SPLINE_CURVE_WITH_KNOTS('',4,(#245,#246,#247,#248,#249),
  .UNSPECIFIED.,.F.,.F.,(5,5),(0.,1.),.PIECEWISE_BEZIER_KNOTS.);
#245 = CARTESIAN_POINT('',(7.5,2.07668205233));
#246 = CARTESIAN_POINT('',(7.507608277493,2.057510644404));
#247 = CARTESIAN_POINT('',(7.515218041742,2.038339834008));
#248 = CARTESIAN_POINT('',(7.522829287588,2.019169620096));
#249 = CARTESIAN_POINT('',(7.53044201027,2.));
#250 = ( GEOMETRIC_REPRESENTATION_CONTEXT(2) 
PARAMETRIC_REPRESENTATION_CONTEXT() REPRESENTATION_CONTEXT('2D SPACE',''
  ) );
#251 = ORIENTED_EDGE('',*,*,#252,.T.);
#252 = EDGE_CURVE('',#219,#22,#253,.T.);
#253 = SURFACE_CURVE('',#254,(#259,#266),.PCURVE_S1.);
#254 = ELLIPSE('',#255,29.,23.);
#255 = AXIS2_PLACEMENT_3D('',#256,#257,#258);
#256 = CARTESIAN_POINT('',(0.,0.,12.));
#257 = DIRECTION('',(0.,0.,1.));
#258 = DIRECTION('',(1.,0.,0.));
#259 = PCURVE('',#31,#260);
#260 = DEFINITIONAL_REPRESENTATION('',(#261),#265);
#261 = LINE('',#262,#263);
#262 = CARTESIAN_POINT('',(0.,0.));
#263 = VECTOR('',#264,1.);
#264 = DIRECTION('',(1.,0.));
#265 = ( GEOMETRIC_REPRESENTATION_CONTEXT(2) 
PARAMETRIC_REPRESENTATION_CONTEXT() REPRESENTATION_CONTEXT('2D SPACE',''
  ) );
#266 = PCURVE('',#93,#267);
#267 = DEFINITIONAL_REPRESENTATION('',(#268),#272);
#268 = ELLIPSE('',#269,29.,23.);
#269 = AXIS2_PLACEMENT_2D('',#270,#271);
#270 = CARTESIAN_POINT('',(0.,0.));
#271 = DIRECTION('',(1.,0.));
#272 = ( GEOMETRIC_REPRESENTATION_CONTEXT(2) 
PARAMETRIC_REPRESENTATION_CONTEXT() REPRESENTATION_CONTEXT('2D SPACE',''
  ) );
#273 = ORIENTED_EDGE('',*,*,#21,.T.);
#274 = ORIENTED_EDGE('',*,*,#275,.F.);
#275 = EDGE_CURVE('',#24,#24,#276,.T.);
#276 = SURFACE_CURVE('',#277,(#282,#289),.PCURVE_S1.);
#277 = ELLIPSE('',#278,42.,32.);
#278 = AXIS2_PLACEMENT_3D('',#279,#280,#281);
#279 = CARTESIAN_POINT('',(0.,0.,18.));
#280 = DIRECTION('',(0.,0.,1.));
#281 = DIRECTION('',(1.,0.,0.));
#282 = PCURVE('',#31,#283);
#283 = DEFINITIONAL_REPRESENTATION('',(#284),#288);
#284 = LINE('',#285,#286);
#285 = CARTESIAN_POINT('',(0.,1.));
#286 = VECTOR('',#287,1.);
#287 = DIRECTION('',(1.,0.));
#288 = ( GEOMETRIC_REPRESENTATION_CONTEXT(2) 
PARAMETRIC_REPRESENTATION_CONTEXT() REPRESENTATION_CONTEXT('2D SPACE',''
  ) );
#289 = PCURVE('',#290,#347);
#290 = B_SPLINE_SURFACE_WITH_KNOTS('',14,1,(
    (#291,#292)
    ,(#293,#294)
    ,(#295,#296)
    ,(#297,#298)
    ,(#299,#300)
    ,(#301,#302)
    ,(#303,#304)
    ,(#305,#306)
    ,(#307,#308)
    ,(#309,#310)
    ,(#311,#312)
    ,(#313,#314)
    ,(#315,#316)
    ,(#317,#318)
    ,(#319,#320)
    ,(#321,#322)
    ,(#323,#324)
    ,(#325,#326)
    ,(#327,#328)
    ,(#329,#330)
    ,(#331,#332)
    ,(#333,#334)
    ,(#335,#336)
    ,(#337,#338)
    ,(#339,#340)
    ,(#341,#342)
    ,(#343,#344)
    ,(#345,#346
    )),.UNSPECIFIED.,.T.,.F.,.F.,(15,13,15),(2,2),(0.,3.14159265359,
    6.28318530718),(0.,1.),.UNSPECIFIED.);
#291 = CARTESIAN_POINT('',(42.,4.727759759839E-14,18.));
#292 = CARTESIAN_POINT('',(52.,7.105427357601E-15,86.));
#293 = CARTESIAN_POINT('',(42.000000000002,7.180783208211,
    18.000000000001));
#294 = CARTESIAN_POINT('',(51.999999999999,9.649177436024,
    85.999999999996));
#295 = CARTESIAN_POINT('',(39.722399207405,14.36156774171,18.));
#296 = CARTESIAN_POINT('',(49.180112970321,19.298354291805,
    86.000000000009));
#297 = CARTESIAN_POINT('',(35.167196166367,21.088041592701,18.));
#298 = CARTESIAN_POINT('',(43.540339408388,28.337063228807,
    85.99999999999));
#299 = CARTESIAN_POINT('',(28.504690657943,26.905918368593,18.));
#300 = CARTESIAN_POINT('',(35.291519502044,36.154819020212,
    86.000000000003));
#301 = CARTESIAN_POINT('',(20.075467183912,31.401633725313,18.));
#302 = CARTESIAN_POINT('',(24.855342511442,42.19594839679,
    86.000000000004));
#303 = CARTESIAN_POINT('',(10.371744126715,34.243180991786,18.));
#304 = CARTESIAN_POINT('',(12.841205836926,46.01427767796,
    85.999999999995));
#305 = CARTESIAN_POINT('',(-3.765199885208E-08,35.21523895902,18.));
#306 = CARTESIAN_POINT('',(-2.346059854322E-13,47.320473051831,
    85.999999999999));
#307 = CARTESIAN_POINT('',(-10.371743895,34.243182303258,18.));
#308 = CARTESIAN_POINT('',(-12.84120583692,46.014277677965,
    86.000000000005));
#309 = CARTESIAN_POINT('',(-20.07546791047,31.401634010186,18.));
#310 = CARTESIAN_POINT('',(-24.85534251144,42.195948396787,
    85.999999999998));
#311 = CARTESIAN_POINT('',(-28.50468954647,26.905915233008,18.));
#312 = CARTESIAN_POINT('',(-35.29151950204,36.154819020208,
    85.999999999996));
#313 = CARTESIAN_POINT('',(-35.16719697106,21.088045129779,18.));
#314 = CARTESIAN_POINT('',(-43.54033940838,28.337063228816,
    86.000000000007));
#315 = CARTESIAN_POINT('',(-39.72239898664,14.361566321527,18.));
#316 = CARTESIAN_POINT('',(-49.18011297032,19.298354291797,
    85.999999999995));
#317 = CARTESIAN_POINT('',(-41.99999999443,7.180783160764,18.));
#318 = CARTESIAN_POINT('',(-51.99999999999,9.649177436027,
    86.000000000001));
#319 = CARTESIAN_POINT('',(-41.99999999443,-7.180783160764,18.));
#320 = CARTESIAN_POINT('',(-52.,-9.649177436027,86.000000000001));
#321 = CARTESIAN_POINT('',(-39.72239898664,-14.36156632152,18.));
#322 = CARTESIAN_POINT('',(-49.18011297031,-19.29835429179,
    85.999999999997));
#323 = CARTESIAN_POINT('',(-35.16719697106,-21.08804512977,18.));
#324 = CARTESIAN_POINT('',(-43.54033940839,-28.33706322881,
    86.000000000003));
#325 = CARTESIAN_POINT('',(-28.50468954647,-26.905915233,18.));
#326 = CARTESIAN_POINT('',(-35.29151950204,-36.1548190202,86.));
#327 = CARTESIAN_POINT('',(-20.07546791047,-31.40163401018,18.));
#328 = CARTESIAN_POINT('',(-24.85534251143,-42.19594839678,
    85.999999999999));
#329 = CARTESIAN_POINT('',(-10.371743895,-34.24318230325,18.));
#330 = CARTESIAN_POINT('',(-12.84120583693,-46.01427767796,
    86.000000000001));
#331 = CARTESIAN_POINT('',(-3.76520352674E-08,-35.21523895902,18.));
#332 = CARTESIAN_POINT('',(0.,-47.32047305183,86.000000000001));
#333 = CARTESIAN_POINT('',(10.371744126715,-34.24318099178,18.));
#334 = CARTESIAN_POINT('',(12.84120583693,-46.01427767796,
    85.999999999999));
#335 = CARTESIAN_POINT('',(20.075467183912,-31.40163372531,18.));
#336 = CARTESIAN_POINT('',(24.855342511439,-42.19594839678,
    85.999999999999));
#337 = CARTESIAN_POINT('',(28.504690657943,-26.90591836859,18.));
#338 = CARTESIAN_POINT('',(35.291519502042,-36.15481902021,
    86.000000000001));
#339 = CARTESIAN_POINT('',(35.167196166367,-21.08804159269,
    17.999999999999));
#340 = CARTESIAN_POINT('',(43.540339408395,-28.3370632288,86.));
#341 = CARTESIAN_POINT('',(39.722399207405,-14.36156774172,
    18.000000000002));
#342 = CARTESIAN_POINT('',(49.180112970315,-19.2983542918,
    85.999999999999));
#343 = CARTESIAN_POINT('',(42.000000000002,-7.180783208203,
    17.999999999998));
#344 = CARTESIAN_POINT('',(52.000000000001,-9.649177436025,86.));
#345 = CARTESIAN_POINT('',(42.,-5.219838570296E-14,18.));
#346 = CARTESIAN_POINT('',(52.,-1.207195983276E-14,86.));
#347 = DEFINITIONAL_REPRESENTATION('',(#348),#352);
#348 = LINE('',#349,#350);
#349 = CARTESIAN_POINT('',(0.,0.));
#350 = VECTOR('',#351,1.);
#351 = DIRECTION('',(1.,0.));
#352 = ( GEOMETRIC_REPRESENTATION_CONTEXT(2) 
PARAMETRIC_REPRESENTATION_CONTEXT() REPRESENTATION_CONTEXT('2D SPACE',''
  ) );
#353 = ADVANCED_FACE('',(#354),#290,.T.);
#354 = FACE_BOUND('',#355,.T.);
#355 = EDGE_LOOP('',(#356,#378,#379,#380));
#356 = ORIENTED_EDGE('',*,*,#357,.F.);
#357 = EDGE_CURVE('',#24,#358,#360,.T.);
#358 = VERTEX_POINT('',#359);
#359 = CARTESIAN_POINT('',(48.029411764706,2.305614201203E-14,59.));
#360 = SEAM_CURVE('',#361,(#364,#371),.PCURVE_S1.);
#361 = B_SPLINE_CURVE_WITH_KNOTS('',1,(#362,#363),.UNSPECIFIED.,.F.,.F.,
  (2,2),(0.,1.),.PIECEWISE_BEZIER_KNOTS.);
#362 = CARTESIAN_POINT('',(42.,4.727759759839E-14,18.));
#363 = CARTESIAN_POINT('',(52.,7.105427357601E-15,86.));
#364 = PCURVE('',#290,#365);
#365 = DEFINITIONAL_REPRESENTATION('',(#366),#370);
#366 = LINE('',#367,#368);
#367 = CARTESIAN_POINT('',(0.,0.));
#368 = VECTOR('',#369,1.);
#369 = DIRECTION('',(0.,1.));
#370 = ( GEOMETRIC_REPRESENTATION_CONTEXT(2) 
PARAMETRIC_REPRESENTATION_CONTEXT() REPRESENTATION_CONTEXT('2D SPACE',''
  ) );
#371 = PCURVE('',#290,#372);
#372 = DEFINITIONAL_REPRESENTATION('',(#373),#377);
#373 = LINE('',#374,#375);
#374 = CARTESIAN_POINT('',(6.28318530718,0.));
#375 = VECTOR('',#376,1.);
#376 = DIRECTION('',(0.,1.));
#377 = ( GEOMETRIC_REPRESENTATION_CONTEXT(2) 
PARAMETRIC_REPRESENTATION_CONTEXT() REPRESENTATION_CONTEXT('2D SPACE',''
  ) );
#378 = ORIENTED_EDGE('',*,*,#275,.T.);
#379 = ORIENTED_EDGE('',*,*,#357,.T.);
#380 = ORIENTED_EDGE('',*,*,#381,.T.);
#381 = EDGE_CURVE('',#358,#358,#382,.T.);
#382 = SURFACE_CURVE('',#383,(#542,#704),.PCURVE_S1.);
#383 = B_SPLINE_CURVE_WITH_KNOTS('',7,(#384,#385,#386,#387,#388,#389,
    #390,#391,#392,#393,#394,#395,#396,#397,#398,#399,#400,#401,#402,
    #403,#404,#405,#406,#407,#408,#409,#410,#411,#412,#413,#414,#415,
    #416,#417,#418,#419,#420,#421,#422,#423,#424,#425,#426,#427,#428,
    #429,#430,#431,#432,#433,#434,#435,#436,#437,#438,#439,#440,#441,
    #442,#443,#444,#445,#446,#447,#448,#449,#450,#451,#452,#453,#454,
    #455,#456,#457,#458,#459,#460,#461,#462,#463,#464,#465,#466,#467,
    #468,#469,#470,#471,#472,#473,#474,#475,#476,#477,#478,#479,#480,
    #481,#482,#483,#484,#485,#486,#487,#488,#489,#490,#491,#492,#493,
    #494,#495,#496,#497,#498,#499,#500,#501,#502,#503,#504,#505,#506,
    #507,#508,#509,#510,#511,#512,#513,#514,#515,#516,#517,#518,#519,
    #520,#521,#522,#523,#524,#525,#526,#527,#528,#529,#530,#531,#532,
    #533,#534,#535,#536,#537,#538,#539,#540,#541),.UNSPECIFIED.,.T.,.F.,
  (8,6,6,6,6,6,6,6,6,6,6,6,6,6,6,6,6,6,6,6,6,6,6,6,6,6,8),(0.,
    5.953977202257E-02,9.564660265181E-02,0.138795600995,0.170285834173,
    0.192881699609,0.249995292913,0.307108886208,0.32970475164,
    0.361194984809,0.404343983128,0.440450813839,0.459710549438,
    0.49999905363,0.527652577568,0.559548649195,0.595655523925,
    0.638804574849,0.670294846408,0.692890739388,0.750004402312,
    0.807118065245,0.829713958228,0.861204229796,0.904353280743,
    0.940460155391,1.),.UNSPECIFIED.);
#384 = CARTESIAN_POINT('',(48.029411764706,-1.42108547152E-14,59.));
#385 = CARTESIAN_POINT('',(48.029412011605,-2.322304421392,59.));
#386 = CARTESIAN_POINT('',(47.826926662188,-4.646041592153,59.));
#387 = CARTESIAN_POINT('',(47.421515460423,-6.947278029732,59.));
#388 = CARTESIAN_POINT('',(46.819842632944,-9.205746048354,59.));
#389 = CARTESIAN_POINT('',(46.032590126942,-11.40415860271,59.));
#390 = CARTESIAN_POINT('',(45.073479056866,-13.52797638308,59.));
#391 = CARTESIAN_POINT('',(43.282333367767,-16.80067572587,59.));
#392 = CARTESIAN_POINT('',(42.548649213001,-18.00465374367,59.));
#393 = CARTESIAN_POINT('',(41.760766309943,-19.17479121207,59.));
#394 = CARTESIAN_POINT('',(40.922106950493,-20.30923105208,59.));
#395 = CARTESIAN_POINT('',(40.036074843477,-21.40654058358,59.));
#396 = CARTESIAN_POINT('',(39.105963720764,-22.46564478457,59.));
#397 = CARTESIAN_POINT('',(36.974425726064,-24.70487405324,59.));
#398 = CARTESIAN_POINT('',(35.755511847213,-25.86826034728,59.));
#399 = CARTESIAN_POINT('',(34.483433143747,-26.97469206263,59.));
#400 = CARTESIAN_POINT('',(33.16320646057,-28.0233969133,59.));
#401 = CARTESIAN_POINT('',(31.799512803822,-29.01398751658,59.));
#402 = CARTESIAN_POINT('',(30.396627645143,-29.94637396146,59.));
#403 = CARTESIAN_POINT('',(27.90869467686,-31.45874386516,59.));
#404 = CARTESIAN_POINT('',(26.840227478538,-32.06585233553,59.));
#405 = CARTESIAN_POINT('',(25.754450247657,-32.64203976358,59.));
#406 = CARTESIAN_POINT('',(24.652784590468,-33.18737722476,59.));
#407 = CARTESIAN_POINT('',(23.536569742054,-33.70196203537,59.));
#408 = CARTESIAN_POINT('',(22.407059205591,-34.18591089343,59.));
#409 = CARTESIAN_POINT('',(20.446230151224,-34.96472136404,59.));
#410 = CARTESIAN_POINT('',(19.620803318961,-35.27437917472,59.));
#411 = CARTESIAN_POINT('',(18.789571030096,-35.56837352039,59.));
#412 = CARTESIAN_POINT('',(17.952952070555,-35.84675085189,59.));
#413 = CARTESIAN_POINT('',(17.111349876917,-36.10955700205,59.));
#414 = CARTESIAN_POINT('',(16.265152536416,-36.35683718568,59.));
#415 = CARTESIAN_POINT('',(13.265201850223,-37.1745329214,59.));
#416 = CARTESIAN_POINT('',(11.088831875031,-37.66148186791,59.));
#417 = CARTESIAN_POINT('',(8.891460151687,-38.05026039596,59.));
#418 = CARTESIAN_POINT('',(6.678670412048,-38.34142044377,59.));
#419 = CARTESIAN_POINT('',(4.455805272745,-38.53536876561,59.));
#420 = CARTESIAN_POINT('',(2.227966057544,-38.63235293467,59.));
#421 = CARTESIAN_POINT('',(-2.227966059485,-38.63235293514,59.));
#422 = CARTESIAN_POINT('',(-4.455805274363,-38.53536876657,59.));
#423 = CARTESIAN_POINT('',(-6.678670413342,-38.34142044505,59.));
#424 = CARTESIAN_POINT('',(-8.891460152612,-38.05026039713,59.));
#425 = CARTESIAN_POINT('',(-11.0888318755,-37.66148186849,59.));
#426 = CARTESIAN_POINT('',(-13.26520185014,-37.17453292103,59.));
#427 = CARTESIAN_POINT('',(-16.26515253542,-36.35683718396,59.));
#428 = CARTESIAN_POINT('',(-17.11134987565,-36.10955699992,59.));
#429 = CARTESIAN_POINT('',(-17.95295206902,-35.84675084938,59.));
#430 = CARTESIAN_POINT('',(-18.78957102829,-35.56837351753,59.));
#431 = CARTESIAN_POINT('',(-19.6208033169,-35.27437917155,59.));
#432 = CARTESIAN_POINT('',(-20.44623014892,-34.96472136064,59.));
#433 = CARTESIAN_POINT('',(-22.40705920267,-34.18591088976,59.));
#434 = CARTESIAN_POINT('',(-23.53656973879,-33.70196203174,59.));
#435 = CARTESIAN_POINT('',(-24.65278458696,-33.18737722141,59.));
#436 = CARTESIAN_POINT('',(-25.75445024405,-32.6420397608,59.));
#437 = CARTESIAN_POINT('',(-26.840227475,-32.06585233362,59.));
#438 = CARTESIAN_POINT('',(-27.9086946736,-31.45874386441,59.));
#439 = CARTESIAN_POINT('',(-30.3966276426,-29.94637396429,59.));
#440 = CARTESIAN_POINT('',(-31.79951280188,-29.01398752208,59.));
#441 = CARTESIAN_POINT('',(-33.16320645967,-28.02339692185,59.));
#442 = CARTESIAN_POINT('',(-34.48343314419,-26.97469207433,59.));
#443 = CARTESIAN_POINT('',(-35.75551184901,-25.8682603619,59.));
#444 = CARTESIAN_POINT('',(-36.97442572887,-24.7048740702,59.));
#445 = CARTESIAN_POINT('',(-39.10596372682,-22.46564480146,59.));
#446 = CARTESIAN_POINT('',(-40.03607485181,-21.40654059807,59.));
#447 = CARTESIAN_POINT('',(-40.92210696009,-20.30923106333,59.));
#448 = CARTESIAN_POINT('',(-41.76076631958,-19.17479121924,59.));
#449 = CARTESIAN_POINT('',(-42.54864922144,-18.00465374604,59.));
#450 = CARTESIAN_POINT('',(-43.282333374,-16.80067572304,59.));
#451 = CARTESIAN_POINT('',(-44.31916653377,-14.90622140104,59.));
#452 = CARTESIAN_POINT('',(-44.66347231914,-14.23826210655,59.));
#453 = CARTESIAN_POINT('',(-44.99090762159,-13.56170679545,59.));
#454 = CARTESIAN_POINT('',(-45.30097806592,-12.87695307836,59.));
#455 = CARTESIAN_POINT('',(-45.59320581866,-12.18443783126,59.));
#456 = CARTESIAN_POINT('',(-45.86713562478,-11.4846399088,59.));
#457 = CARTESIAN_POINT('',(-46.6561921363,-9.300070622636,59.));
#458 = CARTESIAN_POINT('',(-47.10818443694,-7.79227348012,59.));
#459 = CARTESIAN_POINT('',(-47.4742668756,-6.259760878723,59.));
#460 = CARTESIAN_POINT('',(-47.75121761512,-4.708052745424,59.));
#461 = CARTESIAN_POINT('',(-47.93669603092,-3.143126946685,59.));
#462 = CARTESIAN_POINT('',(-48.02941192319,-1.571445566294,59.));
#463 = CARTESIAN_POINT('',(-48.02941214865,1.078620512637,59.));
#464 = CARTESIAN_POINT('',(-47.98573020032,2.15727932747,59.));
#465 = CARTESIAN_POINT('',(-47.89836480443,3.23378646545,59.));
#466 = CARTESIAN_POINT('',(-47.76758786357,4.306032387328,59.));
#467 = CARTESIAN_POINT('',(-47.59392517251,5.371985959125,59.));
#468 = CARTESIAN_POINT('',(-47.37813729471,6.429692417605,59.));
#469 = CARTESIAN_POINT('',(-46.82484537457,8.685567561752,59.));
#470 = CARTESIAN_POINT('',(-46.47372734886,9.88047748149,59.));
#471 = CARTESIAN_POINT('',(-46.06933343257,11.059130207585,59.));
#472 = CARTESIAN_POINT('',(-45.6134856242,12.219004113437,59.));
#473 = CARTESIAN_POINT('',(-45.10823842219,13.3578877579,59.));
#474 = CARTESIAN_POINT('',(-44.55580259452,14.473850616646,59.));
#475 = CARTESIAN_POINT('',(-43.282333374,16.800675723029,59.));
#476 = CARTESIAN_POINT('',(-42.54864922145,18.004653746045,59.));
#477 = CARTESIAN_POINT('',(-41.76076631959,19.174791219234,59.));
#478 = CARTESIAN_POINT('',(-40.92210696009,20.309231063322,59.));
#479 = CARTESIAN_POINT('',(-40.03607485181,21.406540598069,59.));
#480 = CARTESIAN_POINT('',(-39.10596372683,22.465644801458,59.));
#481 = CARTESIAN_POINT('',(-36.97442572888,24.7048740702,59.));
#482 = CARTESIAN_POINT('',(-35.75551184902,25.868260361901,59.));
#483 = CARTESIAN_POINT('',(-34.4834331442,26.97469207433,59.));
#484 = CARTESIAN_POINT('',(-33.16320645968,28.023396921845,59.));
#485 = CARTESIAN_POINT('',(-31.79951280189,29.013987522078,59.));
#486 = CARTESIAN_POINT('',(-30.39662764261,29.946373964292,59.));
#487 = CARTESIAN_POINT('',(-27.90869467361,31.458743864407,59.));
#488 = CARTESIAN_POINT('',(-26.84022747501,32.065852333615,59.));
#489 = CARTESIAN_POINT('',(-25.75445024406,32.642039760801,59.));
#490 = CARTESIAN_POINT('',(-24.65278458697,33.187377221413,59.));
#491 = CARTESIAN_POINT('',(-23.5365697388,33.701962031741,59.));
#492 = CARTESIAN_POINT('',(-22.40705920268,34.185910889757,59.));
#493 = CARTESIAN_POINT('',(-20.44623014893,34.964721360642,59.));
#494 = CARTESIAN_POINT('',(-19.62080331691,35.274379171555,59.));
#495 = CARTESIAN_POINT('',(-18.7895710283,35.568373517527,59.));
#496 = CARTESIAN_POINT('',(-17.95295206903,35.846750849381,59.));
#497 = CARTESIAN_POINT('',(-17.11134987566,36.109556999925,59.));
#498 = CARTESIAN_POINT('',(-16.26515253543,36.356837183957,59.));
#499 = CARTESIAN_POINT('',(-13.26520185015,37.17453292103,59.));
#500 = CARTESIAN_POINT('',(-11.08883187551,37.661481868496,59.));
#501 = CARTESIAN_POINT('',(-8.891460152625,38.050260397125,59.));
#502 = CARTESIAN_POINT('',(-6.678670413355,38.341420445045,59.));
#503 = CARTESIAN_POINT('',(-4.455805274371,38.535368766581,59.));
#504 = CARTESIAN_POINT('',(-2.227966059497,38.632352935139,59.));
#505 = CARTESIAN_POINT('',(2.227966057535,38.632352934674,59.));
#506 = CARTESIAN_POINT('',(4.455805272731,38.535368765617,59.));
#507 = CARTESIAN_POINT('',(6.678670412041,38.341420443777,59.));
#508 = CARTESIAN_POINT('',(8.891460151679,38.050260395963,59.));
#509 = CARTESIAN_POINT('',(11.088831875017,37.661481867923,59.));
#510 = CARTESIAN_POINT('',(13.265201850216,37.174532921401,59.));
#511 = CARTESIAN_POINT('',(16.265152536407,36.35683718569,59.));
#512 = CARTESIAN_POINT('',(17.111349876908,36.109557002055,59.));
#513 = CARTESIAN_POINT('',(17.952952070546,35.846750851897,59.));
#514 = CARTESIAN_POINT('',(18.789571030087,35.568373520398,59.));
#515 = CARTESIAN_POINT('',(19.620803318952,35.27437917473,59.));
#516 = CARTESIAN_POINT('',(20.446230151216,34.964721364048,59.));
#517 = CARTESIAN_POINT('',(22.407059205583,34.185910893443,59.));
#518 = CARTESIAN_POINT('',(23.536569742047,33.701962035382,59.));
#519 = CARTESIAN_POINT('',(24.652784590461,33.18737722477,59.));
#520 = CARTESIAN_POINT('',(25.754450247649,32.642039763592,59.));
#521 = CARTESIAN_POINT('',(26.84022747853,32.065852335537,59.));
#522 = CARTESIAN_POINT('',(27.908694676854,31.458743865166,59.));
#523 = CARTESIAN_POINT('',(30.396627645135,29.946373961473,59.));
#524 = CARTESIAN_POINT('',(31.799512803817,29.013987516592,59.));
#525 = CARTESIAN_POINT('',(33.163206460565,28.023396913309,59.));
#526 = CARTESIAN_POINT('',(34.483433143741,26.974692062637,59.));
#527 = CARTESIAN_POINT('',(35.755511847207,25.868260347292,59.));
#528 = CARTESIAN_POINT('',(36.974425726059,24.704874053249,59.));
#529 = CARTESIAN_POINT('',(39.105963720762,22.465644784576,59.));
#530 = CARTESIAN_POINT('',(40.036074843466,21.406540583586,59.));
#531 = CARTESIAN_POINT('',(40.922106950495,20.309231052091,59.));
#532 = CARTESIAN_POINT('',(41.760766309944,19.174791212082,59.));
#533 = CARTESIAN_POINT('',(42.548649212988,18.004653743674,59.));
#534 = CARTESIAN_POINT('',(43.282333367769,16.800675725876,59.));
#535 = CARTESIAN_POINT('',(45.073479056856,13.527976383103,59.));
#536 = CARTESIAN_POINT('',(46.032590126969,11.404158602681,59.));
#537 = CARTESIAN_POINT('',(46.819842632898,9.205746048416,59.));
#538 = CARTESIAN_POINT('',(47.421515460463,6.947278029686,59.));
#539 = CARTESIAN_POINT('',(47.826926662168,4.646041592177,59.));
#540 = CARTESIAN_POINT('',(48.029412011609,2.322304421388,59.));
#541 = CARTESIAN_POINT('',(48.029411764706,1.42108547152E-14,59.));
#542 = PCURVE('',#290,#543);
#543 = DEFINITIONAL_REPRESENTATION('',(#544),#703);
#544 = B_SPLINE_CURVE_WITH_KNOTS('',7,(#545,#546,#547,#548,#549,#550,
    #551,#552,#553,#554,#555,#556,#557,#558,#559,#560,#561,#562,#563,
    #564,#565,#566,#567,#568,#569,#570,#571,#572,#573,#574,#575,#576,
    #577,#578,#579,#580,#581,#582,#583,#584,#585,#586,#587,#588,#589,
    #590,#591,#592,#593,#594,#595,#596,#597,#598,#599,#600,#601,#602,
    #603,#604,#605,#606,#607,#608,#609,#610,#611,#612,#613,#614,#615,
    #616,#617,#618,#619,#620,#621,#622,#623,#624,#625,#626,#627,#628,
    #629,#630,#631,#632,#633,#634,#635,#636,#637,#638,#639,#640,#641,
    #642,#643,#644,#645,#646,#647,#648,#649,#650,#651,#652,#653,#654,
    #655,#656,#657,#658,#659,#660,#661,#662,#663,#664,#665,#666,#667,
    #668,#669,#670,#671,#672,#673,#674,#675,#676,#677,#678,#679,#680,
    #681,#682,#683,#684,#685,#686,#687,#688,#689,#690,#691,#692,#693,
    #694,#695,#696,#697,#698,#699,#700,#701,#702),.UNSPECIFIED.,.F.,.F.,
  (8,6,6,6,6,6,6,6,6,6,6,6,6,6,6,6,6,6,6,6,6,6,6,6,6,6,8),(0.,
    5.953977202257E-02,9.564660265181E-02,0.138795600995,0.170285834173,
    0.192881699609,0.249995292913,0.307108886208,0.32970475164,
    0.361194984809,0.404343983128,0.440450813839,0.459710549438,
    0.49999905363,0.527652577568,0.559548649195,0.595655523925,
    0.638804574849,0.670294846408,0.692890739388,0.750004402312,
    0.807118065245,0.829713958228,0.861204229796,0.904353280743,
    0.940460155391,1.),.UNSPECIFIED.);
#545 = CARTESIAN_POINT('',(6.28318530718,0.602941176471));
#546 = CARTESIAN_POINT('',(6.223072360076,0.602941176471));
#547 = CARTESIAN_POINT('',(6.162922360457,0.602941176471));
#548 = CARTESIAN_POINT('',(6.102999861342,0.602941176471));
#549 = CARTESIAN_POINT('',(6.043473249446,0.602941176471));
#550 = CARTESIAN_POINT('',(5.984474178508,0.602941176471));
#551 = CARTESIAN_POINT('',(5.926112921096,0.602941176471));
#552 = CARTESIAN_POINT('',(5.833553765061,0.602941176471));
#553 = CARTESIAN_POINT('',(5.798875572593,0.602941176471));
#554 = CARTESIAN_POINT('',(5.764474745233,0.602941176471));
#555 = CARTESIAN_POINT('',(5.730359077826,0.602941176471));
#556 = CARTESIAN_POINT('',(5.696531643905,0.602941176471));
#557 = CARTESIAN_POINT('',(5.662991595791,0.602941176471));
#558 = CARTESIAN_POINT('',(5.589990020031,0.602941176471));
#559 = CARTESIAN_POINT('',(5.550651272357,0.602941176471));
#560 = CARTESIAN_POINT('',(5.511707461017,0.602941176471));
#561 = CARTESIAN_POINT('',(5.473145065238,0.602941176471));
#562 = CARTESIAN_POINT('',(5.434947076913,0.602941176471));
#563 = CARTESIAN_POINT('',(5.397092702852,0.602941176471));
#564 = CARTESIAN_POINT('',(5.332163478064,0.602941176471));
#565 = CARTESIAN_POINT('',(5.304940609182,0.602941176471));
#566 = CARTESIAN_POINT('',(5.277879213054,0.602941176471));
#567 = CARTESIAN_POINT('',(5.250970105024,0.602941176471));
#568 = CARTESIAN_POINT('',(5.224203968098,0.602941176471));
#569 = CARTESIAN_POINT('',(5.19757115793,0.602941176471));
#570 = CARTESIAN_POINT('',(5.152039467434,0.602941176471));
#571 = CARTESIAN_POINT('',(5.133080966789,0.602941176471));
#572 = CARTESIAN_POINT('',(5.114182383666,0.602941176471));
#573 = CARTESIAN_POINT('',(5.095340091117,0.602941176471));
#574 = CARTESIAN_POINT('',(5.076550457456,0.602941176471));
#575 = CARTESIAN_POINT('',(5.057809846257,0.602941176471));
#576 = CARTESIAN_POINT('',(4.991860318434,0.602941176471));
#577 = CARTESIAN_POINT('',(4.944898767691,0.602941176471));
#578 = CARTESIAN_POINT('',(4.898166392702,0.602941176471));
#579 = CARTESIAN_POINT('',(4.851605736051,0.602941176471));
#580 = CARTESIAN_POINT('',(4.805161434163,0.602941176471));
#581 = CARTESIAN_POINT('',(4.758776510247,0.602941176471));
#582 = CARTESIAN_POINT('',(4.666001450531,0.602941176471));
#583 = CARTESIAN_POINT('',(4.619616526617,0.602941176471));
#584 = CARTESIAN_POINT('',(4.57317222473,0.602941176471));
#585 = CARTESIAN_POINT('',(4.526611568076,0.602941176471));
#586 = CARTESIAN_POINT('',(4.479879193082,0.602941176471));
#587 = CARTESIAN_POINT('',(4.432917642337,0.602941176471));
#588 = CARTESIAN_POINT('',(4.366968114512,0.602941176471));
#589 = CARTESIAN_POINT('',(4.348227503313,0.602941176471));
#590 = CARTESIAN_POINT('',(4.329437869652,0.602941176471));
#591 = CARTESIAN_POINT('',(4.310595577103,0.602941176471));
#592 = CARTESIAN_POINT('',(4.29169699398,0.602941176471));
#593 = CARTESIAN_POINT('',(4.272738493335,0.602941176471));
#594 = CARTESIAN_POINT('',(4.227206802843,0.602941176471));
#595 = CARTESIAN_POINT('',(4.200573992677,0.602941176471));
#596 = CARTESIAN_POINT('',(4.173807855754,0.602941176471));
#597 = CARTESIAN_POINT('',(4.146898747725,0.602941176471));
#598 = CARTESIAN_POINT('',(4.119837351596,0.602941176471));
#599 = CARTESIAN_POINT('',(4.092614482711,0.602941176471));
#600 = CARTESIAN_POINT('',(4.02768525792,0.602941176471));
#601 = CARTESIAN_POINT('',(3.989830883858,0.602941176471));
#602 = CARTESIAN_POINT('',(3.951632895526,0.602941176471));
#603 = CARTESIAN_POINT('',(3.913070499737,0.602941176471));
#604 = CARTESIAN_POINT('',(3.874126688388,0.602941176471));
#605 = CARTESIAN_POINT('',(3.834787940715,0.602941176471));
#606 = CARTESIAN_POINT('',(3.761786364904,0.602941176471));
#607 = CARTESIAN_POINT('',(3.72824631673,0.602941176471));
#608 = CARTESIAN_POINT('',(3.694418882769,0.602941176471));
#609 = CARTESIAN_POINT('',(3.660303215354,0.602941176471));
#610 = CARTESIAN_POINT('',(3.625902388022,0.602941176471));
#611 = CARTESIAN_POINT('',(3.591224195618,0.602941176471));
#612 = CARTESIAN_POINT('',(3.537644847442,0.602941176471));
#613 = CARTESIAN_POINT('',(3.518931891671,0.602941176471));
#614 = CARTESIAN_POINT('',(3.500146240289,0.602941176471));
#615 = CARTESIAN_POINT('',(3.481290494389,0.602941176471));
#616 = CARTESIAN_POINT('',(3.462367710115,0.602941176471));
#617 = CARTESIAN_POINT('',(3.443381476349,0.602941176471));
#618 = CARTESIAN_POINT('',(3.384495670854,0.602941176471));
#619 = CARTESIAN_POINT('',(3.344390504158,0.602941176471));
#620 = CARTESIAN_POINT('',(3.304066652718,0.602941176471));
#621 = CARTESIAN_POINT('',(3.263570748411,0.602941176471));
#622 = CARTESIAN_POINT('',(3.222952604868,0.602941176471));
#623 = CARTESIAN_POINT('',(3.182269588973,0.602941176471));
#624 = CARTESIAN_POINT('',(3.113672515354,0.602941176471));
#625 = CARTESIAN_POINT('',(3.085751399393,0.602941176471));
#626 = CARTESIAN_POINT('',(3.057850406146,0.602941176471));
#627 = CARTESIAN_POINT('',(3.029988623512,0.602941176471));
#628 = CARTESIAN_POINT('',(3.002183825842,0.602941176471));
#629 = CARTESIAN_POINT('',(2.974453172941,0.602941176471));
#630 = CARTESIAN_POINT('',(2.914934285255,0.602941176471));
#631 = CARTESIAN_POINT('',(2.883173934517,0.602941176471));
#632 = CARTESIAN_POINT('',(2.851558820615,0.602941176471));
#633 = CARTESIAN_POINT('',(2.820109220871,0.602941176471));
#634 = CARTESIAN_POINT('',(2.788841435553,0.602941176471));
#635 = CARTESIAN_POINT('',(2.757768860546,0.602941176471));
#636 = CARTESIAN_POINT('',(2.691961111562,0.602941176471));
#637 = CARTESIAN_POINT('',(2.657282919158,0.602941176471));
#638 = CARTESIAN_POINT('',(2.622882091826,0.602941176471));
#639 = CARTESIAN_POINT('',(2.58876642441,0.602941176471));
#640 = CARTESIAN_POINT('',(2.55493899045,0.602941176471));
#641 = CARTESIAN_POINT('',(2.521398942276,0.602941176471));
#642 = CARTESIAN_POINT('',(2.448397366465,0.602941176471));
#643 = CARTESIAN_POINT('',(2.409058618792,0.602941176471));
#644 = CARTESIAN_POINT('',(2.370114807443,0.602941176471));
#645 = CARTESIAN_POINT('',(2.331552411653,0.602941176471));
#646 = CARTESIAN_POINT('',(2.293354423322,0.602941176471));
#647 = CARTESIAN_POINT('',(2.255500049259,0.602941176471));
#648 = CARTESIAN_POINT('',(2.190570824469,0.602941176471));
#649 = CARTESIAN_POINT('',(2.163347955584,0.602941176471));
#650 = CARTESIAN_POINT('',(2.136286559455,0.602941176471));
#651 = CARTESIAN_POINT('',(2.109377451426,0.602941176471));
#652 = CARTESIAN_POINT('',(2.082611314503,0.602941176471));
#653 = CARTESIAN_POINT('',(2.055978504337,0.602941176471));
#654 = CARTESIAN_POINT('',(2.010446813845,0.602941176471));
#655 = CARTESIAN_POINT('',(1.9914883132,0.602941176471));
#656 = CARTESIAN_POINT('',(1.972589730077,0.602941176471));
#657 = CARTESIAN_POINT('',(1.953747437528,0.602941176471));
#658 = CARTESIAN_POINT('',(1.934957803867,0.602941176471));
#659 = CARTESIAN_POINT('',(1.916217192668,0.602941176471));
#660 = CARTESIAN_POINT('',(1.850267664843,0.602941176471));
#661 = CARTESIAN_POINT('',(1.803306114098,0.602941176471));
#662 = CARTESIAN_POINT('',(1.756573739104,0.602941176471));
#663 = CARTESIAN_POINT('',(1.71001308245,0.602941176471));
#664 = CARTESIAN_POINT('',(1.663568780562,0.602941176471));
#665 = CARTESIAN_POINT('',(1.617183856649,0.602941176471));
#666 = CARTESIAN_POINT('',(1.524408796933,0.602941176471));
#667 = CARTESIAN_POINT('',(1.478023873017,0.602941176471));
#668 = CARTESIAN_POINT('',(1.431579571129,0.602941176471));
#669 = CARTESIAN_POINT('',(1.385018914478,0.602941176471));
#670 = CARTESIAN_POINT('',(1.338286539488,0.602941176471));
#671 = CARTESIAN_POINT('',(1.291324988746,0.602941176471));
#672 = CARTESIAN_POINT('',(1.225375460923,0.602941176471));
#673 = CARTESIAN_POINT('',(1.206634849724,0.602941176471));
#674 = CARTESIAN_POINT('',(1.187845216063,0.602941176471));
#675 = CARTESIAN_POINT('',(1.169002923514,0.602941176471));
#676 = CARTESIAN_POINT('',(1.15010434039,0.602941176471));
#677 = CARTESIAN_POINT('',(1.131145839746,0.602941176471));
#678 = CARTESIAN_POINT('',(1.08561414925,0.602941176471));
#679 = CARTESIAN_POINT('',(1.058981339081,0.602941176471));
#680 = CARTESIAN_POINT('',(1.032215202156,0.602941176471));
#681 = CARTESIAN_POINT('',(1.005306094126,0.602941176471));
#682 = CARTESIAN_POINT('',(0.978244697998,0.602941176471));
#683 = CARTESIAN_POINT('',(0.951021829116,0.602941176471));
#684 = CARTESIAN_POINT('',(0.886092604328,0.602941176471));
#685 = CARTESIAN_POINT('',(0.848238230266,0.602941176471));
#686 = CARTESIAN_POINT('',(0.810040241942,0.602941176471));
#687 = CARTESIAN_POINT('',(0.771477846162,0.602941176471));
#688 = CARTESIAN_POINT('',(0.732534034823,0.602941176471));
#689 = CARTESIAN_POINT('',(0.693195287149,0.602941176471));
#690 = CARTESIAN_POINT('',(0.620193711388,0.602941176471));
#691 = CARTESIAN_POINT('',(0.586653663275,0.602941176471));
#692 = CARTESIAN_POINT('',(0.552826229354,0.602941176471));
#693 = CARTESIAN_POINT('',(0.518710561947,0.602941176471));
#694 = CARTESIAN_POINT('',(0.484309734587,0.602941176471));
#695 = CARTESIAN_POINT('',(0.449631542118,0.602941176471));
#696 = CARTESIAN_POINT('',(0.357072386085,0.602941176471));
#697 = CARTESIAN_POINT('',(0.298711128668,0.602941176471));
#698 = CARTESIAN_POINT('',(0.239712057739,0.602941176471));
#699 = CARTESIAN_POINT('',(0.180185445832,0.602941176471));
#700 = CARTESIAN_POINT('',(0.120262946726,0.602941176471));
#701 = CARTESIAN_POINT('',(6.011294710324E-02,0.602941176471));
#702 = CARTESIAN_POINT('',(0.,0.602941176471));
#703 = ( GEOMETRIC_REPRESENTATION_CONTEXT(2) 
PARAMETRIC_REPRESENTATION_CONTEXT() REPRESENTATION_CONTEXT('2D SPACE',''
  ) );
#704 = PCURVE('',#705,#710);
#705 = PLANE('',#706);
#706 = AXIS2_PLACEMENT_3D('',#707,#708,#709);
#707 = CARTESIAN_POINT('',(-90.,-80.,59.));
#708 = DIRECTION('',(0.,0.,1.));
#709 = DIRECTION('',(1.,0.,0.));
#710 = DEFINITIONAL_REPRESENTATION('',(#711),#870);
#711 = B_SPLINE_CURVE_WITH_KNOTS('',7,(#712,#713,#714,#715,#716,#717,
    #718,#719,#720,#721,#722,#723,#724,#725,#726,#727,#728,#729,#730,
    #731,#732,#733,#734,#735,#736,#737,#738,#739,#740,#741,#742,#743,
    #744,#745,#746,#747,#748,#749,#750,#751,#752,#753,#754,#755,#756,
    #757,#758,#759,#760,#761,#762,#763,#764,#765,#766,#767,#768,#769,
    #770,#771,#772,#773,#774,#775,#776,#777,#778,#779,#780,#781,#782,
    #783,#784,#785,#786,#787,#788,#789,#790,#791,#792,#793,#794,#795,
    #796,#797,#798,#799,#800,#801,#802,#803,#804,#805,#806,#807,#808,
    #809,#810,#811,#812,#813,#814,#815,#816,#817,#818,#819,#820,#821,
    #822,#823,#824,#825,#826,#827,#828,#829,#830,#831,#832,#833,#834,
    #835,#836,#837,#838,#839,#840,#841,#842,#843,#844,#845,#846,#847,
    #848,#849,#850,#851,#852,#853,#854,#855,#856,#857,#858,#859,#860,
    #861,#862,#863,#864,#865,#866,#867,#868,#869),.UNSPECIFIED.,.F.,.F.,
  (8,6,6,6,6,6,6,6,6,6,6,6,6,6,6,6,6,6,6,6,6,6,6,6,6,6,8),(0.,
    5.953977202257E-02,9.564660265181E-02,0.138795600995,0.170285834173,
    0.192881699609,0.249995292913,0.307108886208,0.32970475164,
    0.361194984809,0.404343983128,0.440450813839,0.459710549438,
    0.49999905363,0.527652577568,0.559548649195,0.595655523925,
    0.638804574849,0.670294846408,0.692890739388,0.750004402312,
    0.807118065245,0.829713958228,0.861204229796,0.904353280743,
    0.940460155391,1.),.UNSPECIFIED.);
#712 = CARTESIAN_POINT('',(138.0294117647,80.));
#713 = CARTESIAN_POINT('',(138.0294120116,77.677695578608));
#714 = CARTESIAN_POINT('',(137.82692666218,75.353958407847));
#715 = CARTESIAN_POINT('',(137.42151546042,73.052721970268));
#716 = CARTESIAN_POINT('',(136.81984263294,70.794253951646));
#717 = CARTESIAN_POINT('',(136.03259012694,68.595841397285));
#718 = CARTESIAN_POINT('',(135.07347905686,66.472023616913));
#719 = CARTESIAN_POINT('',(133.28233336776,63.19932427413));
#720 = CARTESIAN_POINT('',(132.548649213,61.995346256328));
#721 = CARTESIAN_POINT('',(131.76076630994,60.825208787925));
#722 = CARTESIAN_POINT('',(130.92210695049,59.690768947915));
#723 = CARTESIAN_POINT('',(130.03607484347,58.593459416416));
#724 = CARTESIAN_POINT('',(129.10596372076,57.53435521543));
#725 = CARTESIAN_POINT('',(126.97442572606,55.295125946755));
#726 = CARTESIAN_POINT('',(125.75551184721,54.131739652713));
#727 = CARTESIAN_POINT('',(124.48343314374,53.025307937367));
#728 = CARTESIAN_POINT('',(123.16320646057,51.976603086695));
#729 = CARTESIAN_POINT('',(121.79951280382,50.986012483412));
#730 = CARTESIAN_POINT('',(120.39662764514,50.053626038532));
#731 = CARTESIAN_POINT('',(117.90869467686,48.541256134838));
#732 = CARTESIAN_POINT('',(116.84022747853,47.934147664467));
#733 = CARTESIAN_POINT('',(115.75445024765,47.357960236411));
#734 = CARTESIAN_POINT('',(114.65278459046,46.812622775233));
#735 = CARTESIAN_POINT('',(113.53656974205,46.298037964621));
#736 = CARTESIAN_POINT('',(112.40705920559,45.814089106561));
#737 = CARTESIAN_POINT('',(110.44623015122,45.035278635955));
#738 = CARTESIAN_POINT('',(109.62080331896,44.725620825273));
#739 = CARTESIAN_POINT('',(108.78957103009,44.431626479605));
#740 = CARTESIAN_POINT('',(107.95295207055,44.153249148106));
#741 = CARTESIAN_POINT('',(107.11134987691,43.890442997948));
#742 = CARTESIAN_POINT('',(106.26515253641,43.643162814312));
#743 = CARTESIAN_POINT('',(103.26520185022,42.8254670786));
#744 = CARTESIAN_POINT('',(101.08883187503,42.338518132082));
#745 = CARTESIAN_POINT('',(98.891460151687,41.949739604036));
#746 = CARTESIAN_POINT('',(96.678670412048,41.658579556222));
#747 = CARTESIAN_POINT('',(94.455805272745,41.464631234388));
#748 = CARTESIAN_POINT('',(92.227966057544,41.367647065325));
#749 = CARTESIAN_POINT('',(87.772033940515,41.367647064859));
#750 = CARTESIAN_POINT('',(85.544194725637,41.464631233424));
#751 = CARTESIAN_POINT('',(83.321329586658,41.65857955495));
#752 = CARTESIAN_POINT('',(81.108539847388,41.94973960287));
#753 = CARTESIAN_POINT('',(78.911168124493,42.338518131508));
#754 = CARTESIAN_POINT('',(76.734798149857,42.825467078965));
#755 = CARTESIAN_POINT('',(73.73484746458,43.64316281604));
#756 = CARTESIAN_POINT('',(72.888650124342,43.890443000071));
#757 = CARTESIAN_POINT('',(72.047047930974,44.153249150616));
#758 = CARTESIAN_POINT('',(71.210428971702,44.431626482469));
#759 = CARTESIAN_POINT('',(70.379196683097,44.725620828441));
#760 = CARTESIAN_POINT('',(69.553769851074,45.035278639354));
#761 = CARTESIAN_POINT('',(67.592940797323,45.814089110239));
#762 = CARTESIAN_POINT('',(66.463430261204,46.298037968254));
#763 = CARTESIAN_POINT('',(65.347215413033,46.812622778581));
#764 = CARTESIAN_POINT('',(64.245549755948,47.357960239194));
#765 = CARTESIAN_POINT('',(63.159772524995,47.93414766638));
#766 = CARTESIAN_POINT('',(62.0913053264,48.541256135587));
#767 = CARTESIAN_POINT('',(59.603372357394,50.053626035702));
#768 = CARTESIAN_POINT('',(58.200487198113,50.986012477915));
#769 = CARTESIAN_POINT('',(56.836793540326,51.976603078148));
#770 = CARTESIAN_POINT('',(55.516566855809,53.025307925663));
#771 = CARTESIAN_POINT('',(54.244488150986,54.131739638092));
#772 = CARTESIAN_POINT('',(53.025574271128,55.295125929791));
#773 = CARTESIAN_POINT('',(50.894036273174,57.534355198533));
#774 = CARTESIAN_POINT('',(49.96392514819,58.593459401926));
#775 = CARTESIAN_POINT('',(49.07789303991,59.690768936666));
#776 = CARTESIAN_POINT('',(48.239233680416,60.825208780755));
#777 = CARTESIAN_POINT('',(47.451350778553,61.995346253951));
#778 = CARTESIAN_POINT('',(46.717666626,63.199324276959));
#779 = CARTESIAN_POINT('',(45.680833466226,65.093778598951));
#780 = CARTESIAN_POINT('',(45.336527680853,65.761737893442));
#781 = CARTESIAN_POINT('',(45.00909237841,66.438293204549));
#782 = CARTESIAN_POINT('',(44.699021934076,67.123046921633));
#783 = CARTESIAN_POINT('',(44.406794181334,67.815562168738));
#784 = CARTESIAN_POINT('',(44.132864375213,68.515360091198));
#785 = CARTESIAN_POINT('',(43.343807863696,70.699929377364));
#786 = CARTESIAN_POINT('',(42.891815563052,72.20772651988));
#787 = CARTESIAN_POINT('',(42.525733124397,73.740239121277));
#788 = CARTESIAN_POINT('',(42.248782384872,75.291947254576));
#789 = CARTESIAN_POINT('',(42.063303969073,76.856873053315));
#790 = CARTESIAN_POINT('',(41.970588076808,78.428554433706));
#791 = CARTESIAN_POINT('',(41.970587851341,81.078620512637));
#792 = CARTESIAN_POINT('',(42.014269799676,82.15727932747));
#793 = CARTESIAN_POINT('',(42.101635195563,83.23378646545));
#794 = CARTESIAN_POINT('',(42.232412136421,84.306032387328));
#795 = CARTESIAN_POINT('',(42.406074827489,85.371985959125));
#796 = CARTESIAN_POINT('',(42.621862705283,86.429692417605));
#797 = CARTESIAN_POINT('',(43.175154625422,88.685567561752));
#798 = CARTESIAN_POINT('',(43.526272651131,89.88047748149));
#799 = CARTESIAN_POINT('',(43.930666567423,91.059130207585));
#800 = CARTESIAN_POINT('',(44.386514375797,92.219004113437));
#801 = CARTESIAN_POINT('',(44.891761577804,93.3578877579));
#802 = CARTESIAN_POINT('',(45.444197405478,94.473850616646));
#803 = CARTESIAN_POINT('',(46.717666625993,96.800675723029));
#804 = CARTESIAN_POINT('',(47.45135077855,98.004653746045));
#805 = CARTESIAN_POINT('',(48.239233680408,99.174791219234));
#806 = CARTESIAN_POINT('',(49.077893039901,100.30923106332));
#807 = CARTESIAN_POINT('',(49.963925148185,101.40654059806));
#808 = CARTESIAN_POINT('',(50.894036273165,102.46564480145));
#809 = CARTESIAN_POINT('',(53.02557427112,104.7048740702));
#810 = CARTESIAN_POINT('',(54.244488150976,105.8682603619));
#811 = CARTESIAN_POINT('',(55.516566855799,106.97469207433));
#812 = CARTESIAN_POINT('',(56.836793540318,108.02339692184));
#813 = CARTESIAN_POINT('',(58.200487198104,109.01398752207));
#814 = CARTESIAN_POINT('',(59.603372357384,109.94637396429));
#815 = CARTESIAN_POINT('',(62.09130532639,111.4587438644));
#816 = CARTESIAN_POINT('',(63.159772524984,112.06585233361));
#817 = CARTESIAN_POINT('',(64.245549755938,112.6420397608));
#818 = CARTESIAN_POINT('',(65.347215413023,113.18737722141));
#819 = CARTESIAN_POINT('',(66.463430261193,113.70196203174));
#820 = CARTESIAN_POINT('',(67.592940797313,114.18591088975));
#821 = CARTESIAN_POINT('',(69.553769851063,114.96472136064));
#822 = CARTESIAN_POINT('',(70.379196683087,115.27437917155));
#823 = CARTESIAN_POINT('',(71.210428971691,115.56837351752));
#824 = CARTESIAN_POINT('',(72.047047930963,115.84675084938));
#825 = CARTESIAN_POINT('',(72.888650124331,116.10955699992));
#826 = CARTESIAN_POINT('',(73.734847464568,116.35683718395));
#827 = CARTESIAN_POINT('',(76.734798149845,117.17453292103));
#828 = CARTESIAN_POINT('',(78.911168124485,117.66148186849));
#829 = CARTESIAN_POINT('',(81.108539847375,118.05026039712));
#830 = CARTESIAN_POINT('',(83.321329586645,118.34142044504));
#831 = CARTESIAN_POINT('',(85.544194725629,118.53536876658));
#832 = CARTESIAN_POINT('',(87.772033940503,118.63235293513));
#833 = CARTESIAN_POINT('',(92.227966057535,118.63235293467));
#834 = CARTESIAN_POINT('',(94.455805272731,118.53536876561));
#835 = CARTESIAN_POINT('',(96.678670412041,118.34142044377));
#836 = CARTESIAN_POINT('',(98.891460151679,118.05026039596));
#837 = CARTESIAN_POINT('',(101.08883187501,117.66148186792));
#838 = CARTESIAN_POINT('',(103.26520185021,117.1745329214));
#839 = CARTESIAN_POINT('',(106.2651525364,116.35683718569));
#840 = CARTESIAN_POINT('',(107.1113498769,116.10955700205));
#841 = CARTESIAN_POINT('',(107.95295207054,115.84675085189));
#842 = CARTESIAN_POINT('',(108.78957103008,115.56837352039));
#843 = CARTESIAN_POINT('',(109.62080331895,115.27437917473));
#844 = CARTESIAN_POINT('',(110.44623015121,114.96472136404));
#845 = CARTESIAN_POINT('',(112.40705920558,114.18591089344));
#846 = CARTESIAN_POINT('',(113.53656974204,113.70196203538));
#847 = CARTESIAN_POINT('',(114.65278459046,113.18737722477));
#848 = CARTESIAN_POINT('',(115.75445024764,112.64203976359));
#849 = CARTESIAN_POINT('',(116.84022747853,112.06585233553));
#850 = CARTESIAN_POINT('',(117.90869467685,111.45874386516));
#851 = CARTESIAN_POINT('',(120.39662764513,109.94637396147));
#852 = CARTESIAN_POINT('',(121.79951280381,109.01398751659));
#853 = CARTESIAN_POINT('',(123.16320646056,108.0233969133));
#854 = CARTESIAN_POINT('',(124.48343314374,106.97469206263));
#855 = CARTESIAN_POINT('',(125.7555118472,105.86826034729));
#856 = CARTESIAN_POINT('',(126.97442572605,104.70487405324));
#857 = CARTESIAN_POINT('',(129.10596372076,102.46564478457));
#858 = CARTESIAN_POINT('',(130.03607484346,101.40654058358));
#859 = CARTESIAN_POINT('',(130.92210695049,100.30923105209));
#860 = CARTESIAN_POINT('',(131.76076630994,99.174791212082));
#861 = CARTESIAN_POINT('',(132.54864921298,98.004653743674));
#862 = CARTESIAN_POINT('',(133.28233336776,96.800675725876));
#863 = CARTESIAN_POINT('',(135.07347905685,93.527976383103));
#864 = CARTESIAN_POINT('',(136.03259012696,91.404158602681));
#865 = CARTESIAN_POINT('',(136.81984263289,89.205746048416));
#866 = CARTESIAN_POINT('',(137.42151546046,86.947278029686));
#867 = CARTESIAN_POINT('',(137.82692666216,84.646041592177));
#868 = CARTESIAN_POINT('',(138.0294120116,82.322304421388));
#869 = CARTESIAN_POINT('',(138.0294117647,80.));
#870 = ( GEOMETRIC_REPRESENTATION_CONTEXT(2) 
PARAMETRIC_REPRESENTATION_CONTEXT() REPRESENTATION_CONTEXT('2D SPACE',''
  ) );
#871 = ADVANCED_FACE('',(#872),#93,.F.);
#872 = FACE_BOUND('',#873,.F.);
#873 = EDGE_LOOP('',(#874,#875,#876,#897,#926,#952,#981,#1007,#1036));
#874 = ORIENTED_EDGE('',*,*,#252,.T.);
#875 = ORIENTED_EDGE('',*,*,#76,.T.);
#876 = ORIENTED_EDGE('',*,*,#877,.T.);
#877 = EDGE_CURVE('',#77,#878,#880,.T.);
#878 = VERTEX_POINT('',#879);
#879 = CARTESIAN_POINT('',(-26.,-5.,12.));
#880 = SURFACE_CURVE('',#881,(#885,#891),.PCURVE_S1.);
#881 = LINE('',#882,#883);
#882 = CARTESIAN_POINT('',(-26.,-6.5,12.));
#883 = VECTOR('',#884,1.);
#884 = DIRECTION('',(0.,1.,0.));
#885 = PCURVE('',#93,#886);
#886 = DEFINITIONAL_REPRESENTATION('',(#887),#890);
#887 = B_SPLINE_CURVE_WITH_KNOTS('',1,(#888,#889),.UNSPECIFIED.,.F.,.F.,
  (2,2),(-4.5,1.5),.PIECEWISE_BEZIER_KNOTS.);
#888 = CARTESIAN_POINT('',(-26.,-11.));
#889 = CARTESIAN_POINT('',(-26.,-5.));
#890 = ( GEOMETRIC_REPRESENTATION_CONTEXT(2) 
PARAMETRIC_REPRESENTATION_CONTEXT() REPRESENTATION_CONTEXT('2D SPACE',''
  ) );
#891 = PCURVE('',#125,#892);
#892 = DEFINITIONAL_REPRESENTATION('',(#893),#896);
#893 = B_SPLINE_CURVE_WITH_KNOTS('',1,(#894,#895),.UNSPECIFIED.,.F.,.F.,
  (2,2),(-4.5,1.5),.PIECEWISE_BEZIER_KNOTS.);
#894 = CARTESIAN_POINT('',(7.5,-2.));
#895 = CARTESIAN_POINT('',(7.5,-8.));
#896 = ( GEOMETRIC_REPRESENTATION_CONTEXT(2) 
PARAMETRIC_REPRESENTATION_CONTEXT() REPRESENTATION_CONTEXT('2D SPACE',''
  ) );
#897 = ORIENTED_EDGE('',*,*,#898,.F.);
#898 = EDGE_CURVE('',#899,#878,#901,.T.);
#899 = VERTEX_POINT('',#900);
#900 = CARTESIAN_POINT('',(-24.,-3.,12.));
#901 = SURFACE_CURVE('',#902,(#907,#914),.PCURVE_S1.);
#902 = CIRCLE('',#903,2.);
#903 = AXIS2_PLACEMENT_3D('',#904,#905,#906);
#904 = CARTESIAN_POINT('',(-24.,-5.,12.));
#905 = DIRECTION('',(0.,0.,1.));
#906 = DIRECTION('',(-1.,-0.,0.));
#907 = PCURVE('',#93,#908);
#908 = DEFINITIONAL_REPRESENTATION('',(#909),#913);
#909 = CIRCLE('',#910,2.);
#910 = AXIS2_PLACEMENT_2D('',#911,#912);
#911 = CARTESIAN_POINT('',(-24.,-5.));
#912 = DIRECTION('',(-1.,0.));
#913 = ( GEOMETRIC_REPRESENTATION_CONTEXT(2) 
PARAMETRIC_REPRESENTATION_CONTEXT() REPRESENTATION_CONTEXT('2D SPACE',''
  ) );
#914 = PCURVE('',#915,#920);
#915 = CYLINDRICAL_SURFACE('',#916,2.);
#916 = AXIS2_PLACEMENT_3D('',#917,#918,#919);
#917 = CARTESIAN_POINT('',(-24.,-5.,4.5));
#918 = DIRECTION('',(0.,0.,1.));
#919 = DIRECTION('',(-1.,-0.,0.));
#920 = DEFINITIONAL_REPRESENTATION('',(#921),#925);
#921 = LINE('',#922,#923);
#922 = CARTESIAN_POINT('',(-6.28318530718,7.5));
#923 = VECTOR('',#924,1.);
#924 = DIRECTION('',(1.,-0.));
#925 = ( GEOMETRIC_REPRESENTATION_CONTEXT(2) 
PARAMETRIC_REPRESENTATION_CONTEXT() REPRESENTATION_CONTEXT('2D SPACE',''
  ) );
#926 = ORIENTED_EDGE('',*,*,#927,.F.);
#927 = EDGE_CURVE('',#928,#899,#930,.T.);
#928 = VERTEX_POINT('',#929);
#929 = CARTESIAN_POINT('',(-12.,-3.,12.));
#930 = SURFACE_CURVE('',#931,(#935,#941),.PCURVE_S1.);
#931 = LINE('',#932,#933);
#932 = CARTESIAN_POINT('',(-13.,-3.,12.));
#933 = VECTOR('',#934,1.);
#934 = DIRECTION('',(-1.,0.,0.));
#935 = PCURVE('',#93,#936);
#936 = DEFINITIONAL_REPRESENTATION('',(#937),#940);
#937 = B_SPLINE_CURVE_WITH_KNOTS('',1,(#938,#939),.UNSPECIFIED.,.F.,.F.,
  (2,2),(-1.,11.),.PIECEWISE_BEZIER_KNOTS.);
#938 = CARTESIAN_POINT('',(-12.,-3.));
#939 = CARTESIAN_POINT('',(-24.,-3.));
#940 = ( GEOMETRIC_REPRESENTATION_CONTEXT(2) 
PARAMETRIC_REPRESENTATION_CONTEXT() REPRESENTATION_CONTEXT('2D SPACE',''
  ) );
#941 = PCURVE('',#942,#947);
#942 = PLANE('',#943);
#943 = AXIS2_PLACEMENT_3D('',#944,#945,#946);
#944 = CARTESIAN_POINT('',(-26.,-3.,4.5));
#945 = DIRECTION('',(0.,1.,0.));
#946 = DIRECTION('',(0.,0.,1.));
#947 = DEFINITIONAL_REPRESENTATION('',(#948),#951);
#948 = B_SPLINE_CURVE_WITH_KNOTS('',1,(#949,#950),.UNSPECIFIED.,.F.,.F.,
  (2,2),(-1.,11.),.PIECEWISE_BEZIER_KNOTS.);
#949 = CARTESIAN_POINT('',(7.5,14.));
#950 = CARTESIAN_POINT('',(7.5,2.));
#951 = ( GEOMETRIC_REPRESENTATION_CONTEXT(2) 
PARAMETRIC_REPRESENTATION_CONTEXT() REPRESENTATION_CONTEXT('2D SPACE',''
  ) );
#952 = ORIENTED_EDGE('',*,*,#953,.F.);
#953 = EDGE_CURVE('',#954,#928,#956,.T.);
#954 = VERTEX_POINT('',#955);
#955 = CARTESIAN_POINT('',(-10.,-5.,12.));
#956 = SURFACE_CURVE('',#957,(#962,#969),.PCURVE_S1.);
#957 = CIRCLE('',#958,2.);
#958 = AXIS2_PLACEMENT_3D('',#959,#960,#961);
#959 = CARTESIAN_POINT('',(-12.,-5.,12.));
#960 = DIRECTION('',(0.,0.,1.));
#961 = DIRECTION('',(1.,0.,-0.));
#962 = PCURVE('',#93,#963);
#963 = DEFINITIONAL_REPRESENTATION('',(#964),#968);
#964 = CIRCLE('',#965,2.);
#965 = AXIS2_PLACEMENT_2D('',#966,#967);
#966 = CARTESIAN_POINT('',(-12.,-5.));
#967 = DIRECTION('',(1.,0.));
#968 = ( GEOMETRIC_REPRESENTATION_CONTEXT(2) 
PARAMETRIC_REPRESENTATION_CONTEXT() REPRESENTATION_CONTEXT('2D SPACE',''
  ) );
#969 = PCURVE('',#970,#975);
#970 = CYLINDRICAL_SURFACE('',#971,2.);
#971 = AXIS2_PLACEMENT_3D('',#972,#973,#974);
#972 = CARTESIAN_POINT('',(-12.,-5.,4.5));
#973 = DIRECTION('',(0.,0.,1.));
#974 = DIRECTION('',(1.,0.,-0.));
#975 = DEFINITIONAL_REPRESENTATION('',(#976),#980);
#976 = LINE('',#977,#978);
#977 = CARTESIAN_POINT('',(0.,7.5));
#978 = VECTOR('',#979,1.);
#979 = DIRECTION('',(1.,0.));
#980 = ( GEOMETRIC_REPRESENTATION_CONTEXT(2) 
PARAMETRIC_REPRESENTATION_CONTEXT() REPRESENTATION_CONTEXT('2D SPACE',''
  ) );
#981 = ORIENTED_EDGE('',*,*,#982,.F.);
#982 = EDGE_CURVE('',#983,#954,#985,.T.);
#983 = VERTEX_POINT('',#984);
#984 = CARTESIAN_POINT('',(-10.,-11.,12.));
#985 = SURFACE_CURVE('',#986,(#990,#996),.PCURVE_S1.);
#986 = LINE('',#987,#988);
#987 = CARTESIAN_POINT('',(-10.,-6.5,12.));
#988 = VECTOR('',#989,1.);
#989 = DIRECTION('',(0.,1.,0.));
#990 = PCURVE('',#93,#991);
#991 = DEFINITIONAL_REPRESENTATION('',(#992),#995);
#992 = B_SPLINE_CURVE_WITH_KNOTS('',1,(#993,#994),.UNSPECIFIED.,.F.,.F.,
  (2,2),(-4.5,1.5),.PIECEWISE_BEZIER_KNOTS.);
#993 = CARTESIAN_POINT('',(-10.,-11.));
#994 = CARTESIAN_POINT('',(-10.,-5.));
#995 = ( GEOMETRIC_REPRESENTATION_CONTEXT(2) 
PARAMETRIC_REPRESENTATION_CONTEXT() REPRESENTATION_CONTEXT('2D SPACE',''
  ) );
#996 = PCURVE('',#997,#1002);
#997 = PLANE('',#998);
#998 = AXIS2_PLACEMENT_3D('',#999,#1000,#1001);
#999 = CARTESIAN_POINT('',(-10.,-13.,4.5));
#1000 = DIRECTION('',(1.,0.,0.));
#1001 = DIRECTION('',(0.,0.,1.));
#1002 = DEFINITIONAL_REPRESENTATION('',(#1003),#1006);
#1003 = B_SPLINE_CURVE_WITH_KNOTS('',1,(#1004,#1005),.UNSPECIFIED.,.F.,
  .F.,(2,2),(-4.5,1.5),.PIECEWISE_BEZIER_KNOTS.);
#1004 = CARTESIAN_POINT('',(7.5,-2.));
#1005 = CARTESIAN_POINT('',(7.5,-8.));
#1006 = ( GEOMETRIC_REPRESENTATION_CONTEXT(2) 
PARAMETRIC_REPRESENTATION_CONTEXT() REPRESENTATION_CONTEXT('2D SPACE',''
  ) );
#1007 = ORIENTED_EDGE('',*,*,#1008,.F.);
#1008 = EDGE_CURVE('',#1009,#983,#1011,.T.);
#1009 = VERTEX_POINT('',#1010);
#1010 = CARTESIAN_POINT('',(-12.,-13.,12.));
#1011 = SURFACE_CURVE('',#1012,(#1017,#1024),.PCURVE_S1.);
#1012 = CIRCLE('',#1013,2.);
#1013 = AXIS2_PLACEMENT_3D('',#1014,#1015,#1016);
#1014 = CARTESIAN_POINT('',(-12.,-11.,12.));
#1015 = DIRECTION('',(0.,0.,1.));
#1016 = DIRECTION('',(1.,0.,-0.));
#1017 = PCURVE('',#93,#1018);
#1018 = DEFINITIONAL_REPRESENTATION('',(#1019),#1023);
#1019 = CIRCLE('',#1020,2.);
#1020 = AXIS2_PLACEMENT_2D('',#1021,#1022);
#1021 = CARTESIAN_POINT('',(-12.,-11.));
#1022 = DIRECTION('',(1.,0.));
#1023 = ( GEOMETRIC_REPRESENTATION_CONTEXT(2) 
PARAMETRIC_REPRESENTATION_CONTEXT() REPRESENTATION_CONTEXT('2D SPACE',''
  ) );
#1024 = PCURVE('',#1025,#1030);
#1025 = CYLINDRICAL_SURFACE('',#1026,2.);
#1026 = AXIS2_PLACEMENT_3D('',#1027,#1028,#1029);
#1027 = CARTESIAN_POINT('',(-12.,-11.,4.5));
#1028 = DIRECTION('',(0.,0.,1.));
#1029 = DIRECTION('',(1.,0.,-0.));
#1030 = DEFINITIONAL_REPRESENTATION('',(#1031),#1035);
#1031 = LINE('',#1032,#1033);
#1032 = CARTESIAN_POINT('',(-6.28318530718,7.5));
#1033 = VECTOR('',#1034,1.);
#1034 = DIRECTION('',(1.,-0.));
#1035 = ( GEOMETRIC_REPRESENTATION_CONTEXT(2) 
PARAMETRIC_REPRESENTATION_CONTEXT() REPRESENTATION_CONTEXT('2D SPACE',''
  ) );
#1036 = ORIENTED_EDGE('',*,*,#1037,.T.);
#1037 = EDGE_CURVE('',#1009,#219,#1038,.T.);
#1038 = SURFACE_CURVE('',#1039,(#1043,#1049),.PCURVE_S1.);
#1039 = LINE('',#1040,#1041);
#1040 = CARTESIAN_POINT('',(-13.,-13.,12.));
#1041 = VECTOR('',#1042,1.);
#1042 = DIRECTION('',(-1.,0.,0.));
#1043 = PCURVE('',#93,#1044);
#1044 = DEFINITIONAL_REPRESENTATION('',(#1045),#1048);
#1045 = B_SPLINE_CURVE_WITH_KNOTS('',1,(#1046,#1047),.UNSPECIFIED.,.F.,
  .F.,(2,2),(-1.,11.),.PIECEWISE_BEZIER_KNOTS.);
#1046 = CARTESIAN_POINT('',(-12.,-13.));
#1047 = CARTESIAN_POINT('',(-24.,-13.));
#1048 = ( GEOMETRIC_REPRESENTATION_CONTEXT(2) 
PARAMETRIC_REPRESENTATION_CONTEXT() REPRESENTATION_CONTEXT('2D SPACE',''
  ) );
#1049 = PCURVE('',#238,#1050);
#1050 = DEFINITIONAL_REPRESENTATION('',(#1051),#1054);
#1051 = B_SPLINE_CURVE_WITH_KNOTS('',1,(#1052,#1053),.UNSPECIFIED.,.F.,
  .F.,(2,2),(-1.,11.),.PIECEWISE_BEZIER_KNOTS.);
#1052 = CARTESIAN_POINT('',(7.5,14.));
#1053 = CARTESIAN_POINT('',(7.5,2.));
#1054 = ( GEOMETRIC_REPRESENTATION_CONTEXT(2) 
PARAMETRIC_REPRESENTATION_CONTEXT() REPRESENTATION_CONTEXT('2D SPACE',''
  ) );
#1055 = ADVANCED_FACE('',(#1056),#238,.F.);
#1056 = FACE_BOUND('',#1057,.F.);
#1057 = EDGE_LOOP('',(#1058,#1086,#1107,#1108,#1109));
#1058 = ORIENTED_EDGE('',*,*,#1059,.F.);
#1059 = EDGE_CURVE('',#1060,#1062,#1064,.T.);
#1060 = VERTEX_POINT('',#1061);
#1061 = CARTESIAN_POINT('',(-24.,-13.,7.));
#1062 = VERTEX_POINT('',#1063);
#1063 = CARTESIAN_POINT('',(-12.,-13.,7.));
#1064 = SURFACE_CURVE('',#1065,(#1069,#1075),.PCURVE_S1.);
#1065 = LINE('',#1066,#1067);
#1066 = CARTESIAN_POINT('',(2.,-13.,7.));
#1067 = VECTOR('',#1068,1.);
#1068 = DIRECTION('',(1.,0.,0.));
#1069 = PCURVE('',#238,#1070);
#1070 = DEFINITIONAL_REPRESENTATION('',(#1071),#1074);
#1071 = B_SPLINE_CURVE_WITH_KNOTS('',1,(#1072,#1073),.UNSPECIFIED.,.F.,
  .F.,(2,2),(-26.,-14.),.PIECEWISE_BEZIER_KNOTS.);
#1072 = CARTESIAN_POINT('',(2.5,2.));
#1073 = CARTESIAN_POINT('',(2.5,14.));
#1074 = ( GEOMETRIC_REPRESENTATION_CONTEXT(2) 
PARAMETRIC_REPRESENTATION_CONTEXT() REPRESENTATION_CONTEXT('2D SPACE',''
  ) );
#1075 = PCURVE('',#1076,#1081);
#1076 = PLANE('',#1077);
#1077 = AXIS2_PLACEMENT_3D('',#1078,#1079,#1080);
#1078 = CARTESIAN_POINT('',(30.,2.606519132579E-15,7.));
#1079 = DIRECTION('',(0.,0.,1.));
#1080 = DIRECTION('',(-1.,1.576990910474E-17,0.));
#1081 = DEFINITIONAL_REPRESENTATION('',(#1082),#1085);
#1082 = B_SPLINE_CURVE_WITH_KNOTS('',1,(#1083,#1084),.UNSPECIFIED.,.F.,
  .F.,(2,2),(-26.,-14.),.PIECEWISE_BEZIER_KNOTS.);
#1083 = CARTESIAN_POINT('',(54.,13.));
#1084 = CARTESIAN_POINT('',(42.,13.));
#1085 = ( GEOMETRIC_REPRESENTATION_CONTEXT(2) 
PARAMETRIC_REPRESENTATION_CONTEXT() REPRESENTATION_CONTEXT('2D SPACE',''
  ) );
#1086 = ORIENTED_EDGE('',*,*,#1087,.T.);
#1087 = EDGE_CURVE('',#1060,#140,#1088,.T.);
#1088 = SURFACE_CURVE('',#1089,(#1093,#1100),.PCURVE_S1.);
#1089 = LINE('',#1090,#1091);
#1090 = CARTESIAN_POINT('',(-24.,-13.,4.5));
#1091 = VECTOR('',#1092,1.);
#1092 = DIRECTION('',(0.,0.,1.));
#1093 = PCURVE('',#238,#1094);
#1094 = DEFINITIONAL_REPRESENTATION('',(#1095),#1099);
#1095 = LINE('',#1096,#1097);
#1096 = CARTESIAN_POINT('',(0.,2.));
#1097 = VECTOR('',#1098,1.);
#1098 = DIRECTION('',(1.,0.));
#1099 = ( GEOMETRIC_REPRESENTATION_CONTEXT(2) 
PARAMETRIC_REPRESENTATION_CONTEXT() REPRESENTATION_CONTEXT('2D SPACE',''
  ) );
#1100 = PCURVE('',#189,#1101);
#1101 = DEFINITIONAL_REPRESENTATION('',(#1102),#1106);
#1102 = LINE('',#1103,#1104);
#1103 = CARTESIAN_POINT('',(1.570796326795,0.));
#1104 = VECTOR('',#1105,1.);
#1105 = DIRECTION('',(0.,1.));
#1106 = ( GEOMETRIC_REPRESENTATION_CONTEXT(2) 
PARAMETRIC_REPRESENTATION_CONTEXT() REPRESENTATION_CONTEXT('2D SPACE',''
  ) );
#1107 = ORIENTED_EDGE('',*,*,#218,.F.);
#1108 = ORIENTED_EDGE('',*,*,#1037,.F.);
#1109 = ORIENTED_EDGE('',*,*,#1110,.F.);
#1110 = EDGE_CURVE('',#1062,#1009,#1111,.T.);
#1111 = SURFACE_CURVE('',#1112,(#1116,#1123),.PCURVE_S1.);
#1112 = LINE('',#1113,#1114);
#1113 = CARTESIAN_POINT('',(-12.,-13.,4.5));
#1114 = VECTOR('',#1115,1.);
#1115 = DIRECTION('',(0.,0.,1.));
#1116 = PCURVE('',#238,#1117);
#1117 = DEFINITIONAL_REPRESENTATION('',(#1118),#1122);
#1118 = LINE('',#1119,#1120);
#1119 = CARTESIAN_POINT('',(0.,14.));
#1120 = VECTOR('',#1121,1.);
#1121 = DIRECTION('',(1.,0.));
#1122 = ( GEOMETRIC_REPRESENTATION_CONTEXT(2) 
PARAMETRIC_REPRESENTATION_CONTEXT() REPRESENTATION_CONTEXT('2D SPACE',''
  ) );
#1123 = PCURVE('',#1025,#1124);
#1124 = DEFINITIONAL_REPRESENTATION('',(#1125),#1129);
#1125 = LINE('',#1126,#1127);
#1126 = CARTESIAN_POINT('',(-1.570796326795,0.));
#1127 = VECTOR('',#1128,1.);
#1128 = DIRECTION('',(-0.,1.));
#1129 = ( GEOMETRIC_REPRESENTATION_CONTEXT(2) 
PARAMETRIC_REPRESENTATION_CONTEXT() REPRESENTATION_CONTEXT('2D SPACE',''
  ) );
#1130 = ADVANCED_FACE('',(#1131),#189,.T.);
#1131 = FACE_BOUND('',#1132,.T.);
#1132 = EDGE_LOOP('',(#1133,#1156,#1276,#1305,#1340,#1362,#1363));
#1133 = ORIENTED_EDGE('',*,*,#1134,.F.);
#1134 = EDGE_CURVE('',#1135,#106,#1137,.T.);
#1135 = VERTEX_POINT('',#1136);
#1136 = CARTESIAN_POINT('',(-26.,-11.,5.261744264747));
#1137 = SURFACE_CURVE('',#1138,(#1142,#1149),.PCURVE_S1.);
#1138 = LINE('',#1139,#1140);
#1139 = CARTESIAN_POINT('',(-26.,-11.,4.5));
#1140 = VECTOR('',#1141,1.);
#1141 = DIRECTION('',(0.,0.,1.));
#1142 = PCURVE('',#189,#1143);
#1143 = DEFINITIONAL_REPRESENTATION('',(#1144),#1148);
#1144 = LINE('',#1145,#1146);
#1145 = CARTESIAN_POINT('',(0.,0.));
#1146 = VECTOR('',#1147,1.);
#1147 = DIRECTION('',(0.,1.));
#1148 = ( GEOMETRIC_REPRESENTATION_CONTEXT(2) 
PARAMETRIC_REPRESENTATION_CONTEXT() REPRESENTATION_CONTEXT('2D SPACE',''
  ) );
#1149 = PCURVE('',#125,#1150);
#1150 = DEFINITIONAL_REPRESENTATION('',(#1151),#1155);
#1151 = LINE('',#1152,#1153);
#1152 = CARTESIAN_POINT('',(0.,-2.));
#1153 = VECTOR('',#1154,1.);
#1154 = DIRECTION('',(1.,0.));
#1155 = ( GEOMETRIC_REPRESENTATION_CONTEXT(2) 
PARAMETRIC_REPRESENTATION_CONTEXT() REPRESENTATION_CONTEXT('2D SPACE',''
  ) );
#1156 = ORIENTED_EDGE('',*,*,#1157,.F.);
#1157 = EDGE_CURVE('',#1158,#1135,#1160,.T.);
#1158 = VERTEX_POINT('',#1159);
#1159 = CARTESIAN_POINT('',(-25.99978469661,-11.02934565052,4.5));
#1160 = SURFACE_CURVE('',#1161,(#1167,#1176),.PCURVE_S1.);
#1161 = B_SPLINE_CURVE_WITH_KNOTS('',4,(#1162,#1163,#1164,#1165,#1166),
  .UNSPECIFIED.,.F.,.F.,(5,5),(0.,1.),.PIECEWISE_BEZIER_KNOTS.);
#1162 = CARTESIAN_POINT('',(-25.9997846962,-11.02934567796,4.4999994));
#1163 = CARTESIAN_POINT('',(-25.99991247692,-11.02063795867,
    4.690400528384));
#1164 = CARTESIAN_POINT('',(-25.99997635921,-11.0128391324,
    4.880827650029));
#1165 = CARTESIAN_POINT('',(-26.,-11.00595460019,5.071276870492));
#1166 = CARTESIAN_POINT('',(-26.,-11.,5.261744264747));
#1167 = PCURVE('',#189,#1168);
#1168 = DEFINITIONAL_REPRESENTATION('',(#1169),#1175);
#1169 = B_SPLINE_CURVE_WITH_KNOTS('',4,(#1170,#1171,#1172,#1173,#1174),
  .UNSPECIFIED.,.F.,.F.,(5,5),(0.,1.),.PIECEWISE_BEZIER_KNOTS.);
#1170 = CARTESIAN_POINT('',(1.467336552609E-02,-6.E-07));
#1171 = CARTESIAN_POINT('',(1.031903712991E-02,0.190400528384));
#1172 = CARTESIAN_POINT('',(6.419570543301E-03,0.380827650029));
#1173 = CARTESIAN_POINT('',(2.977300097074E-03,0.571276870492));
#1174 = CARTESIAN_POINT('',(0.,0.761744264747));
#1175 = ( GEOMETRIC_REPRESENTATION_CONTEXT(2) 
PARAMETRIC_REPRESENTATION_CONTEXT() REPRESENTATION_CONTEXT('2D SPACE',''
  ) );
#1176 = PCURVE('',#1177,#1268);
#1177 = ( BOUNDED_SURFACE() B_SPLINE_SURFACE(14,5,(
    (#1178,#1179,#1180,#1181,#1182,#1183)
    ,(#1184,#1185,#1186,#1187,#1188,#1189)
    ,(#1190,#1191,#1192,#1193,#1194,#1195)
    ,(#1196,#1197,#1198,#1199,#1200,#1201)
    ,(#1202,#1203,#1204,#1205,#1206,#1207)
    ,(#1208,#1209,#1210,#1211,#1212,#1213)
    ,(#1214,#1215,#1216,#1217,#1218,#1219)
    ,(#1220,#1221,#1222,#1223,#1224,#1225)
    ,(#1226,#1227,#1228,#1229,#1230,#1231)
    ,(#1232,#1233,#1234,#1235,#1236,#1237)
    ,(#1238,#1239,#1240,#1241,#1242,#1243)
    ,(#1244,#1245,#1246,#1247,#1248,#1249)
    ,(#1250,#1251,#1252,#1253,#1254,#1255)
    ,(#1256,#1257,#1258,#1259,#1260,#1261)
    ,(#1262,#1263,#1264,#1265,#1266,#1267
)),.UNSPECIFIED.,.T.,.F.,.F.) B_SPLINE_SURFACE_WITH_KNOTS((15,15),(6,6),
  (0.,1.),(0.,1.),.PIECEWISE_BEZIER_KNOTS.) 
GEOMETRIC_REPRESENTATION_ITEM() RATIONAL_B_SPLINE_SURFACE((
    (1.,1.,1.,1.,1.,1.)
    ,(1.,1.,1.,1.,1.,1.)
    ,(1.,1.,1.,1.,1.,1.)
    ,(1.,1.,1.,1.,1.,1.)
    ,(1.,1.,1.,1.,1.,1.)
    ,(1.,1.,1.,1.,1.,1.)
    ,(1.,1.,1.,1.,1.,1.)
    ,(1.,1.,1.,1.,1.,1.)
    ,(1.,1.,1.,1.,1.,1.)
    ,(1.,1.,1.,1.,1.,1.)
    ,(1.,1.,1.,1.,1.,1.)
    ,(1.,1.,1.,1.,1.,1.)
    ,(1.,1.,1.,1.,1.,1.)
    ,(1.,1.,1.,1.,1.,1.)
,(1.,1.,1.,1.,1.,1.))) REPRESENTATION_ITEM('') SURFACE() );
#1178 = CARTESIAN_POINT('',(17.,-24.5,-97.));
#1179 = CARTESIAN_POINT('',(24.695572997032,-19.3397591547,
    -77.51967133455));
#1180 = CARTESIAN_POINT('',(15.196592142779,-9.442324537701,
    -55.11219644121));
#1181 = CARTESIAN_POINT('',(31.729761407938,-12.34565689953,
    -35.33195450265));
#1182 = CARTESIAN_POINT('',(28.25621735006,-2.109562729412,
    -14.41592287524));
#1183 = CARTESIAN_POINT('',(30.,2.606519132579E-15,7.));
#1184 = CARTESIAN_POINT('',(17.000000000003,-19.11441259384,-97.));
#1185 = CARTESIAN_POINT('',(24.695572997047,-11.42786359354,
    -77.51967133455));
#1186 = CARTESIAN_POINT('',(15.196592142752,-4.138002351172,
    -55.11219644121));
#1187 = CARTESIAN_POINT('',(31.729761407966,-3.391128076955,
    -35.33195450265));
#1188 = CARTESIAN_POINT('',(28.256217350054,7.518698588513,
    -14.41592287524));
#1189 = CARTESIAN_POINT('',(30.000000000004,9.873576911289,7.));
#1190 = CARTESIAN_POINT('',(13.3124558596,-13.72882319974,-97.));
#1191 = CARTESIAN_POINT('',(19.338748555862,-3.515965111931,
    -77.51967133455));
#1192 = CARTESIAN_POINT('',(11.900233065841,1.166321793248,
    -55.11219644121));
#1193 = CARTESIAN_POINT('',(24.847120481,5.563404050998,-35.33195450265)
  );
#1194 = CARTESIAN_POINT('',(22.12703801369,17.146963460419,
    -14.41592287524));
#1195 = CARTESIAN_POINT('',(23.492569164001,19.747157467127,7.));
#1196 = CARTESIAN_POINT('',(5.93736286467,-9.706167841123,-97.));
#1197 = CARTESIAN_POINT('',(8.625092825689,2.393664920164,
    -77.51967133455));
#1198 = CARTESIAN_POINT('',(5.307510697172,5.128277743268,
    -55.11219644121));
#1199 = CARTESIAN_POINT('',(11.081829829017,12.251807865598,
    -35.33195450265));
#1200 = CARTESIAN_POINT('',(9.868671505181,24.338598107511,
    -14.41592287524));
#1201 = CARTESIAN_POINT('',(10.477699172943,27.122025624609,7.));
#1202 = CARTESIAN_POINT('',(-4.022380450564,-8.409228850085,-97.));
#1203 = CARTESIAN_POINT('',(-5.84323470845,4.298980918694,
    -77.51967133455));
#1204 = CARTESIAN_POINT('',(-3.595675008099,6.405646717976,
    -55.11219644121));
#1205 = CARTESIAN_POINT('',(-7.507598352846,14.408207289226,
    -35.33195450265));
#1206 = CARTESIAN_POINT('',(-6.685720957131,26.657243517334,
    -14.41592287524));
#1207 = CARTESIAN_POINT('',(-7.098318442164,29.499747108174,7.));
#1208 = CARTESIAN_POINT('',(-14.36118622684,-10.71227766788,-97.));
#1209 = CARTESIAN_POINT('',(-20.86221898712,0.915602218347,
    -77.51967133455));
#1210 = CARTESIAN_POINT('',(-12.83771116449,4.137349498561,
    -55.11219644121));
#1211 = CARTESIAN_POINT('',(-26.80453014687,10.578965376072,
    -35.33195450265));
#1212 = CARTESIAN_POINT('',(-23.87016467281,22.539892117711,
    -14.41592287524));
#1213 = CARTESIAN_POINT('',(-25.34326981209,25.277490942222,7.));
#1214 = CARTESIAN_POINT('',(-22.2537089282,-16.50937705681,-97.));
#1215 = CARTESIAN_POINT('',(-32.32753490008,-7.600840179445,
    -77.51967133455));
#1216 = CARTESIAN_POINT('',(-19.89297283641,-1.572275207285,
    -55.11219644121));
#1217 = CARTESIAN_POINT('',(-41.53558086791,0.940222255719,
    -35.33195450265));
#1218 = CARTESIAN_POINT('',(-36.9885668418,12.175936694658,
    -14.41592287524));
#1219 = CARTESIAN_POINT('',(-39.27125104975,14.649475395817,7.));
#1220 = CARTESIAN_POINT('',(-25.22508623481,-24.49999999985,-97.));
#1221 = CARTESIAN_POINT('',(-36.64399755631,-19.33975915445,
    -77.51967133455));
#1222 = CARTESIAN_POINT('',(-22.54913807683,-9.442324537206,
    -55.11219644121));
#1223 = CARTESIAN_POINT('',(-47.08152751192,-12.34565689991,
    -35.33195450265));
#1224 = CARTESIAN_POINT('',(-41.92738349032,-2.109562728943,
    -14.41592287524));
#1225 = CARTESIAN_POINT('',(-44.51485806145,2.913297794736E-10,7.));
#1226 = CARTESIAN_POINT('',(-22.25370892821,-32.49062294344,-97.));
#1227 = CARTESIAN_POINT('',(-32.32753490004,-31.0786781304,
    -77.51967133455));
#1228 = CARTESIAN_POINT('',(-19.89297283646,-17.31237386902,
    -55.11219644121));
#1229 = CARTESIAN_POINT('',(-41.53558086789,-25.63153605409,
    -35.33195450265));
#1230 = CARTESIAN_POINT('',(-36.98856684181,-16.39506215434,
    -14.41592287524));
#1231 = CARTESIAN_POINT('',(-39.27125104976,-14.64947539635,7.));
#1232 = CARTESIAN_POINT('',(-14.36118622683,-38.28772233191,-97.));
#1233 = CARTESIAN_POINT('',(-20.86221898718,-39.5951205274,
    -77.51967133455));
#1234 = CARTESIAN_POINT('',(-12.83771116441,-23.02199857327,
    -55.11219644121));
#1235 = CARTESIAN_POINT('',(-26.8045301469,-35.27027917565,
    -35.33195450265));
#1236 = CARTESIAN_POINT('',(-23.87016467279,-26.75901757588,
    -14.41592287524));
#1237 = CARTESIAN_POINT('',(-25.34326981208,-25.27749094181,7.));
#1238 = CARTESIAN_POINT('',(-4.022380450576,-40.59077115003,-97.));
#1239 = CARTESIAN_POINT('',(-5.8432347084,-42.97849922831,
    -77.51967133455));
#1240 = CARTESIAN_POINT('',(-3.595675008171,-25.29029579379,
    -55.11219644121));
#1241 = CARTESIAN_POINT('',(-7.507598352813,-39.09952108798,
    -35.33195450265));
#1242 = CARTESIAN_POINT('',(-6.685720957153,-30.87636897655,
    -14.41592287524));
#1243 = CARTESIAN_POINT('',(-7.098318442175,-29.49974710843,7.));
#1244 = CARTESIAN_POINT('',(5.937362864677,-39.29383215881,-97.));
#1245 = CARTESIAN_POINT('',(8.62509282566,-41.07318322945,
    -77.51967133455));
#1246 = CARTESIAN_POINT('',(5.307510697216,-24.01292681846,
    -55.11219644121));
#1247 = CARTESIAN_POINT('',(11.081829828995,-36.94312166481,
    -35.33195450265));
#1248 = CARTESIAN_POINT('',(9.868671505195,-28.55772356614,
    -14.41592287524));
#1249 = CARTESIAN_POINT('',(10.47769917295,-27.12202562447,7.));
#1250 = CARTESIAN_POINT('',(13.312455859597,-35.27117680027,-97.));
#1251 = CARTESIAN_POINT('',(19.338748555873,-35.16355319751,
    -77.51967133455));
#1252 = CARTESIAN_POINT('',(11.900233065823,-20.05097086872,
    -55.11219644121));
#1253 = CARTESIAN_POINT('',(24.84712048101,-30.25471785001,
    -35.33195450265));
#1254 = CARTESIAN_POINT('',(22.127038013684,-21.36608891931,
    -14.41592287524));
#1255 = CARTESIAN_POINT('',(23.492569163999,-19.74715746717,7.));
#1256 = CARTESIAN_POINT('',(17.000000000003,-29.88558740615,-97.));
#1257 = CARTESIAN_POINT('',(24.695572997044,-27.25165471584,
    -77.51967133455));
#1258 = CARTESIAN_POINT('',(15.196592142756,-14.74664672421,
    -55.11219644121));
#1259 = CARTESIAN_POINT('',(31.729761407964,-21.30018572212,
    -35.33195450265));
#1260 = CARTESIAN_POINT('',(28.256217350056,-11.73782404732,
    -14.41592287524));
#1261 = CARTESIAN_POINT('',(30.000000000005,-9.873576911278,7.));
#1262 = CARTESIAN_POINT('',(17.,-24.5,-97.));
#1263 = CARTESIAN_POINT('',(24.695572997032,-19.3397591547,
    -77.51967133455));
#1264 = CARTESIAN_POINT('',(15.196592142778,-9.442324537701,
    -55.11219644121));
#1265 = CARTESIAN_POINT('',(31.729761407938,-12.34565689953,
    -35.33195450265));
#1266 = CARTESIAN_POINT('',(28.25621735006,-2.109562729412,
    -14.41592287524));
#1267 = CARTESIAN_POINT('',(30.,-1.160433578539E-14,7.));
#1268 = DEFINITIONAL_REPRESENTATION('',(#1269),#1275);
#1269 = B_SPLINE_CURVE_WITH_KNOTS('',4,(#1270,#1271,#1272,#1273,#1274),
  .UNSPECIFIED.,.F.,.F.,(5,5),(0.,1.),.PIECEWISE_BEZIER_KNOTS.);
#1270 = CARTESIAN_POINT('',(0.581462076889,0.976626678091));
#1271 = CARTESIAN_POINT('',(0.581573703916,0.978408849232));
#1272 = CARTESIAN_POINT('',(0.58168857816,0.9801908376));
#1273 = CARTESIAN_POINT('',(0.581806588703,0.981972610652));
#1274 = CARTESIAN_POINT('',(0.581927705798,0.983754136136));
#1275 = ( GEOMETRIC_REPRESENTATION_CONTEXT(2) 
PARAMETRIC_REPRESENTATION_CONTEXT() REPRESENTATION_CONTEXT('2D SPACE',''
  ) );
#1276 = ORIENTED_EDGE('',*,*,#1277,.T.);
#1277 = EDGE_CURVE('',#1158,#1278,#1280,.T.);
#1278 = VERTEX_POINT('',#1279);
#1279 = CARTESIAN_POINT('',(-24.32666563661,-12.97314205313,4.5));
#1280 = SURFACE_CURVE('',#1281,(#1286,#1293),.PCURVE_S1.);
#1281 = CIRCLE('',#1282,2.);
#1282 = AXIS2_PLACEMENT_3D('',#1283,#1284,#1285);
#1283 = CARTESIAN_POINT('',(-24.,-11.,4.5));
#1284 = DIRECTION('',(0.,0.,1.));
#1285 = DIRECTION('',(0.,-1.,0.));
#1286 = PCURVE('',#189,#1287);
#1287 = DEFINITIONAL_REPRESENTATION('',(#1288),#1292);
#1288 = LINE('',#1289,#1290);
#1289 = CARTESIAN_POINT('',(-4.712388980385,0.));
#1290 = VECTOR('',#1291,1.);
#1291 = DIRECTION('',(1.,0.));
#1292 = ( GEOMETRIC_REPRESENTATION_CONTEXT(2) 
PARAMETRIC_REPRESENTATION_CONTEXT() REPRESENTATION_CONTEXT('2D SPACE',''
  ) );
#1293 = PCURVE('',#1294,#1299);
#1294 = PLANE('',#1295);
#1295 = AXIS2_PLACEMENT_3D('',#1296,#1297,#1298);
#1296 = CARTESIAN_POINT('',(-26.,-13.,4.5));
#1297 = DIRECTION('',(0.,0.,1.));
#1298 = DIRECTION('',(1.,0.,0.));
#1299 = DEFINITIONAL_REPRESENTATION('',(#1300),#1304);
#1300 = CIRCLE('',#1301,2.);
#1301 = AXIS2_PLACEMENT_2D('',#1302,#1303);
#1302 = CARTESIAN_POINT('',(2.,2.));
#1303 = DIRECTION('',(0.,-1.));
#1304 = ( GEOMETRIC_REPRESENTATION_CONTEXT(2) 
PARAMETRIC_REPRESENTATION_CONTEXT() REPRESENTATION_CONTEXT('2D SPACE',''
  ) );
#1305 = ORIENTED_EDGE('',*,*,#1306,.F.);
#1306 = EDGE_CURVE('',#1307,#1278,#1309,.T.);
#1307 = VERTEX_POINT('',#1308);
#1308 = CARTESIAN_POINT('',(-24.21355776213,-12.98856558409,7.));
#1309 = SURFACE_CURVE('',#1310,(#1318,#1329),.PCURVE_S1.);
#1310 = B_SPLINE_CURVE_WITH_KNOTS('',6,(#1311,#1312,#1313,#1314,#1315,
    #1316,#1317),.UNSPECIFIED.,.F.,.F.,(7,7),(0.,1.),
  .PIECEWISE_BEZIER_KNOTS.);
#1311 = CARTESIAN_POINT('',(-24.21355776213,-12.98856558409,7.));
#1312 = CARTESIAN_POINT('',(-24.22173159596,-12.98768777263,
    6.583084243686));
#1313 = CARTESIAN_POINT('',(-24.23447973658,-12.98627793589,
    6.166226923501));
#1314 = CARTESIAN_POINT('',(-24.251517069,-12.98428097811,5.749460548218
    ));
#1315 = CARTESIAN_POINT('',(-24.27264512243,-12.98156199866,
    5.332815698813));
#1316 = CARTESIAN_POINT('',(-24.29772098012,-12.97793401723,
    4.916320167641));
#1317 = CARTESIAN_POINT('',(-24.32666567833,-12.97314204623,4.4999994));
#1318 = PCURVE('',#189,#1319);
#1319 = DEFINITIONAL_REPRESENTATION('',(#1320),#1328);
#1320 = B_SPLINE_CURVE_WITH_KNOTS('',6,(#1321,#1322,#1323,#1324,#1325,
    #1326,#1327),.UNSPECIFIED.,.F.,.F.,(7,7),(0.,1.),
  .PIECEWISE_BEZIER_KNOTS.);
#1321 = CARTESIAN_POINT('',(1.463813486864,2.5));
#1322 = CARTESIAN_POINT('',(1.45970306984,2.083084243686));
#1323 = CARTESIAN_POINT('',(1.453290169323,1.666226923501));
#1324 = CARTESIAN_POINT('',(1.444713471006,1.249460548218));
#1325 = CARTESIAN_POINT('',(1.434063594743,0.832815698813));
#1326 = CARTESIAN_POINT('',(1.421397749956,0.416320167641));
#1327 = CARTESIAN_POINT('',(1.40672840658,-6.E-07));
#1328 = ( GEOMETRIC_REPRESENTATION_CONTEXT(2) 
PARAMETRIC_REPRESENTATION_CONTEXT() REPRESENTATION_CONTEXT('2D SPACE',''
  ) );
#1329 = PCURVE('',#1177,#1330);
#1330 = DEFINITIONAL_REPRESENTATION('',(#1331),#1339);
#1331 = B_SPLINE_CURVE_WITH_KNOTS('',6,(#1332,#1333,#1334,#1335,#1336,
    #1337,#1338),.UNSPECIFIED.,.F.,.F.,(7,7),(0.,1.),
  .PIECEWISE_BEZIER_KNOTS.);
#1332 = CARTESIAN_POINT('',(0.600512894899,1.));
#1333 = CARTESIAN_POINT('',(0.600193238177,0.996106488067));
#1334 = CARTESIAN_POINT('',(0.599844250017,0.992211823371));
#1335 = CARTESIAN_POINT('',(0.599466940442,0.988316269762));
#1336 = CARTESIAN_POINT('',(0.599061570371,0.984420077829));
#1337 = CARTESIAN_POINT('',(0.598627897389,0.980523476727));
#1338 = CARTESIAN_POINT('',(0.598165045219,0.976626678091));
#1339 = ( GEOMETRIC_REPRESENTATION_CONTEXT(2) 
PARAMETRIC_REPRESENTATION_CONTEXT() REPRESENTATION_CONTEXT('2D SPACE',''
  ) );
#1340 = ORIENTED_EDGE('',*,*,#1341,.T.);
#1341 = EDGE_CURVE('',#1307,#1060,#1342,.T.);
#1342 = SURFACE_CURVE('',#1343,(#1348,#1355),.PCURVE_S1.);
#1343 = CIRCLE('',#1344,2.);
#1344 = AXIS2_PLACEMENT_3D('',#1345,#1346,#1347);
#1345 = CARTESIAN_POINT('',(-24.,-11.,7.));
#1346 = DIRECTION('',(0.,0.,1.));
#1347 = DIRECTION('',(-1.,-0.,0.));
#1348 = PCURVE('',#189,#1349);
#1349 = DEFINITIONAL_REPRESENTATION('',(#1350),#1354);
#1350 = LINE('',#1351,#1352);
#1351 = CARTESIAN_POINT('',(0.,2.5));
#1352 = VECTOR('',#1353,1.);
#1353 = DIRECTION('',(1.,0.));
#1354 = ( GEOMETRIC_REPRESENTATION_CONTEXT(2) 
PARAMETRIC_REPRESENTATION_CONTEXT() REPRESENTATION_CONTEXT('2D SPACE',''
  ) );
#1355 = PCURVE('',#1076,#1356);
#1356 = DEFINITIONAL_REPRESENTATION('',(#1357),#1361);
#1357 = CIRCLE('',#1358,2.);
#1358 = AXIS2_PLACEMENT_2D('',#1359,#1360);
#1359 = CARTESIAN_POINT('',(54.,11.));
#1360 = DIRECTION('',(1.,1.576990910474E-17));
#1361 = ( GEOMETRIC_REPRESENTATION_CONTEXT(2) 
PARAMETRIC_REPRESENTATION_CONTEXT() REPRESENTATION_CONTEXT('2D SPACE',''
  ) );
#1362 = ORIENTED_EDGE('',*,*,#1087,.T.);
#1363 = ORIENTED_EDGE('',*,*,#139,.F.);
#1364 = ADVANCED_FACE('',(#1365),#125,.F.);
#1365 = FACE_BOUND('',#1366,.F.);
#1366 = EDGE_LOOP('',(#1367,#1368,#1369,#1370,#1399,#1420));
#1367 = ORIENTED_EDGE('',*,*,#877,.F.);
#1368 = ORIENTED_EDGE('',*,*,#105,.T.);
#1369 = ORIENTED_EDGE('',*,*,#1134,.F.);
#1370 = ORIENTED_EDGE('',*,*,#1371,.F.);
#1371 = EDGE_CURVE('',#1372,#1135,#1374,.T.);
#1372 = VERTEX_POINT('',#1373);
#1373 = CARTESIAN_POINT('',(-26.,-10.97552832087,7.));
#1374 = SURFACE_CURVE('',#1375,(#1381,#1390),.PCURVE_S1.);
#1375 = B_SPLINE_CURVE_WITH_KNOTS('',4,(#1376,#1377,#1378,#1379,#1380),
  .UNSPECIFIED.,.F.,.F.,(5,5),(0.,1.),.PIECEWISE_BEZIER_KNOTS.);
#1376 = CARTESIAN_POINT('',(-26.,-10.97552832087,7.));
#1377 = CARTESIAN_POINT('',(-26.,-10.97373393139,6.565373955934));
#1378 = CARTESIAN_POINT('',(-26.,-10.97751328004,6.130725178017));
#1379 = CARTESIAN_POINT('',(-26.,-10.98641876668,5.696161695977));
#1380 = CARTESIAN_POINT('',(-26.,-11.,5.261744264747));
#1381 = PCURVE('',#125,#1382);
#1382 = DEFINITIONAL_REPRESENTATION('',(#1383),#1389);
#1383 = B_SPLINE_CURVE_WITH_KNOTS('',4,(#1384,#1385,#1386,#1387,#1388),
  .UNSPECIFIED.,.F.,.F.,(5,5),(0.,1.),.PIECEWISE_BEZIER_KNOTS.);
#1384 = CARTESIAN_POINT('',(2.5,-2.024471679123));
#1385 = CARTESIAN_POINT('',(2.065373955934,-2.02626606861));
#1386 = CARTESIAN_POINT('',(1.630725178017,-2.022486719959));
#1387 = CARTESIAN_POINT('',(1.196161695977,-2.013581233315));
#1388 = CARTESIAN_POINT('',(0.761744264747,-2.));
#1389 = ( GEOMETRIC_REPRESENTATION_CONTEXT(2) 
PARAMETRIC_REPRESENTATION_CONTEXT() REPRESENTATION_CONTEXT('2D SPACE',''
  ) );
#1390 = PCURVE('',#1177,#1391);
#1391 = DEFINITIONAL_REPRESENTATION('',(#1392),#1398);
#1392 = B_SPLINE_CURVE_WITH_KNOTS('',4,(#1393,#1394,#1395,#1396,#1397),
  .UNSPECIFIED.,.F.,.F.,(5,5),(0.,1.),.PIECEWISE_BEZIER_KNOTS.);
#1393 = CARTESIAN_POINT('',(0.583128985779,1.));
#1394 = CARTESIAN_POINT('',(0.582802834173,0.995941094422));
#1395 = CARTESIAN_POINT('',(0.582495052882,0.991879925532));
#1396 = CARTESIAN_POINT('',(0.582203949287,0.987817433834));
#1397 = CARTESIAN_POINT('',(0.581927705798,0.983754136136));
#1398 = ( GEOMETRIC_REPRESENTATION_CONTEXT(2) 
PARAMETRIC_REPRESENTATION_CONTEXT() REPRESENTATION_CONTEXT('2D SPACE',''
  ) );
#1399 = ORIENTED_EDGE('',*,*,#1400,.F.);
#1400 = EDGE_CURVE('',#1401,#1372,#1403,.T.);
#1401 = VERTEX_POINT('',#1402);
#1402 = CARTESIAN_POINT('',(-26.,-5.,7.));
#1403 = SURFACE_CURVE('',#1404,(#1408,#1414),.PCURVE_S1.);
#1404 = LINE('',#1405,#1406);
#1405 = CARTESIAN_POINT('',(-26.,-6.5,7.));
#1406 = VECTOR('',#1407,1.);
#1407 = DIRECTION('',(0.,-1.,0.));
#1408 = PCURVE('',#125,#1409);
#1409 = DEFINITIONAL_REPRESENTATION('',(#1410),#1413);
#1410 = B_SPLINE_CURVE_WITH_KNOTS('',1,(#1411,#1412),.UNSPECIFIED.,.F.,
  .F.,(2,2),(-1.5,4.5),.PIECEWISE_BEZIER_KNOTS.);
#1411 = CARTESIAN_POINT('',(2.5,-8.));
#1412 = CARTESIAN_POINT('',(2.5,-2.));
#1413 = ( GEOMETRIC_REPRESENTATION_CONTEXT(2) 
PARAMETRIC_REPRESENTATION_CONTEXT() REPRESENTATION_CONTEXT('2D SPACE',''
  ) );
#1414 = PCURVE('',#1076,#1415);
#1415 = DEFINITIONAL_REPRESENTATION('',(#1416),#1419);
#1416 = B_SPLINE_CURVE_WITH_KNOTS('',1,(#1417,#1418),.UNSPECIFIED.,.F.,
  .F.,(2,2),(-1.5,4.5),.PIECEWISE_BEZIER_KNOTS.);
#1417 = CARTESIAN_POINT('',(56.,5.));
#1418 = CARTESIAN_POINT('',(56.,11.));
#1419 = ( GEOMETRIC_REPRESENTATION_CONTEXT(2) 
PARAMETRIC_REPRESENTATION_CONTEXT() REPRESENTATION_CONTEXT('2D SPACE',''
  ) );
#1420 = ORIENTED_EDGE('',*,*,#1421,.T.);
#1421 = EDGE_CURVE('',#1401,#878,#1422,.T.);
#1422 = SURFACE_CURVE('',#1423,(#1427,#1434),.PCURVE_S1.);
#1423 = LINE('',#1424,#1425);
#1424 = CARTESIAN_POINT('',(-26.,-5.,4.5));
#1425 = VECTOR('',#1426,1.);
#1426 = DIRECTION('',(0.,0.,1.));
#1427 = PCURVE('',#125,#1428);
#1428 = DEFINITIONAL_REPRESENTATION('',(#1429),#1433);
#1429 = LINE('',#1430,#1431);
#1430 = CARTESIAN_POINT('',(0.,-8.));
#1431 = VECTOR('',#1432,1.);
#1432 = DIRECTION('',(1.,0.));
#1433 = ( GEOMETRIC_REPRESENTATION_CONTEXT(2) 
PARAMETRIC_REPRESENTATION_CONTEXT() REPRESENTATION_CONTEXT('2D SPACE',''
  ) );
#1434 = PCURVE('',#915,#1435);
#1435 = DEFINITIONAL_REPRESENTATION('',(#1436),#1440);
#1436 = LINE('',#1437,#1438);
#1437 = CARTESIAN_POINT('',(-0.,0.));
#1438 = VECTOR('',#1439,1.);
#1439 = DIRECTION('',(-0.,1.));
#1440 = ( GEOMETRIC_REPRESENTATION_CONTEXT(2) 
PARAMETRIC_REPRESENTATION_CONTEXT() REPRESENTATION_CONTEXT('2D SPACE',''
  ) );
#1441 = ADVANCED_FACE('',(#1442),#705,.T.);
#1442 = FACE_BOUND('',#1443,.T.);
#1443 = EDGE_LOOP('',(#1444));
#1444 = ORIENTED_EDGE('',*,*,#381,.F.);
#1445 = ADVANCED_FACE('',(#1446),#1025,.T.);
#1446 = FACE_BOUND('',#1447,.F.);
#1447 = EDGE_LOOP('',(#1448,#1471,#1493,#1494));
#1448 = ORIENTED_EDGE('',*,*,#1449,.F.);
#1449 = EDGE_CURVE('',#1450,#983,#1452,.T.);
#1450 = VERTEX_POINT('',#1451);
#1451 = CARTESIAN_POINT('',(-10.,-11.,7.));
#1452 = SURFACE_CURVE('',#1453,(#1457,#1464),.PCURVE_S1.);
#1453 = LINE('',#1454,#1455);
#1454 = CARTESIAN_POINT('',(-10.,-11.,4.5));
#1455 = VECTOR('',#1456,1.);
#1456 = DIRECTION('',(0.,0.,1.));
#1457 = PCURVE('',#1025,#1458);
#1458 = DEFINITIONAL_REPRESENTATION('',(#1459),#1463);
#1459 = LINE('',#1460,#1461);
#1460 = CARTESIAN_POINT('',(-0.,0.));
#1461 = VECTOR('',#1462,1.);
#1462 = DIRECTION('',(-0.,1.));
#1463 = ( GEOMETRIC_REPRESENTATION_CONTEXT(2) 
PARAMETRIC_REPRESENTATION_CONTEXT() REPRESENTATION_CONTEXT('2D SPACE',''
  ) );
#1464 = PCURVE('',#997,#1465);
#1465 = DEFINITIONAL_REPRESENTATION('',(#1466),#1470);
#1466 = LINE('',#1467,#1468);
#1467 = CARTESIAN_POINT('',(0.,-2.));
#1468 = VECTOR('',#1469,1.);
#1469 = DIRECTION('',(1.,0.));
#1470 = ( GEOMETRIC_REPRESENTATION_CONTEXT(2) 
PARAMETRIC_REPRESENTATION_CONTEXT() REPRESENTATION_CONTEXT('2D SPACE',''
  ) );
#1471 = ORIENTED_EDGE('',*,*,#1472,.F.);
#1472 = EDGE_CURVE('',#1062,#1450,#1473,.T.);
#1473 = SURFACE_CURVE('',#1474,(#1479,#1486),.PCURVE_S1.);
#1474 = CIRCLE('',#1475,2.);
#1475 = AXIS2_PLACEMENT_3D('',#1476,#1477,#1478);
#1476 = CARTESIAN_POINT('',(-12.,-11.,7.));
#1477 = DIRECTION('',(0.,0.,1.));
#1478 = DIRECTION('',(1.,0.,-0.));
#1479 = PCURVE('',#1025,#1480);
#1480 = DEFINITIONAL_REPRESENTATION('',(#1481),#1485);
#1481 = LINE('',#1482,#1483);
#1482 = CARTESIAN_POINT('',(-6.28318530718,2.5));
#1483 = VECTOR('',#1484,1.);
#1484 = DIRECTION('',(1.,-0.));
#1485 = ( GEOMETRIC_REPRESENTATION_CONTEXT(2) 
PARAMETRIC_REPRESENTATION_CONTEXT() REPRESENTATION_CONTEXT('2D SPACE',''
  ) );
#1486 = PCURVE('',#1076,#1487);
#1487 = DEFINITIONAL_REPRESENTATION('',(#1488),#1492);
#1488 = CIRCLE('',#1489,2.);
#1489 = AXIS2_PLACEMENT_2D('',#1490,#1491);
#1490 = CARTESIAN_POINT('',(42.,11.));
#1491 = DIRECTION('',(-1.,-1.576990910474E-17));
#1492 = ( GEOMETRIC_REPRESENTATION_CONTEXT(2) 
PARAMETRIC_REPRESENTATION_CONTEXT() REPRESENTATION_CONTEXT('2D SPACE',''
  ) );
#1493 = ORIENTED_EDGE('',*,*,#1110,.T.);
#1494 = ORIENTED_EDGE('',*,*,#1008,.T.);
#1495 = ADVANCED_FACE('',(#1496),#997,.T.);
#1496 = FACE_BOUND('',#1497,.T.);
#1497 = EDGE_LOOP('',(#1498,#1499,#1500,#1521));
#1498 = ORIENTED_EDGE('',*,*,#982,.F.);
#1499 = ORIENTED_EDGE('',*,*,#1449,.F.);
#1500 = ORIENTED_EDGE('',*,*,#1501,.F.);
#1501 = EDGE_CURVE('',#1502,#1450,#1504,.T.);
#1502 = VERTEX_POINT('',#1503);
#1503 = CARTESIAN_POINT('',(-10.,-5.,7.));
#1504 = SURFACE_CURVE('',#1505,(#1509,#1515),.PCURVE_S1.);
#1505 = LINE('',#1506,#1507);
#1506 = CARTESIAN_POINT('',(-10.,-6.5,7.));
#1507 = VECTOR('',#1508,1.);
#1508 = DIRECTION('',(0.,-1.,0.));
#1509 = PCURVE('',#997,#1510);
#1510 = DEFINITIONAL_REPRESENTATION('',(#1511),#1514);
#1511 = B_SPLINE_CURVE_WITH_KNOTS('',1,(#1512,#1513),.UNSPECIFIED.,.F.,
  .F.,(2,2),(-1.5,4.5),.PIECEWISE_BEZIER_KNOTS.);
#1512 = CARTESIAN_POINT('',(2.5,-8.));
#1513 = CARTESIAN_POINT('',(2.5,-2.));
#1514 = ( GEOMETRIC_REPRESENTATION_CONTEXT(2) 
PARAMETRIC_REPRESENTATION_CONTEXT() REPRESENTATION_CONTEXT('2D SPACE',''
  ) );
#1515 = PCURVE('',#1076,#1516);
#1516 = DEFINITIONAL_REPRESENTATION('',(#1517),#1520);
#1517 = B_SPLINE_CURVE_WITH_KNOTS('',1,(#1518,#1519),.UNSPECIFIED.,.F.,
  .F.,(2,2),(-1.5,4.5),.PIECEWISE_BEZIER_KNOTS.);
#1518 = CARTESIAN_POINT('',(40.,5.));
#1519 = CARTESIAN_POINT('',(40.,11.));
#1520 = ( GEOMETRIC_REPRESENTATION_CONTEXT(2) 
PARAMETRIC_REPRESENTATION_CONTEXT() REPRESENTATION_CONTEXT('2D SPACE',''
  ) );
#1521 = ORIENTED_EDGE('',*,*,#1522,.T.);
#1522 = EDGE_CURVE('',#1502,#954,#1523,.T.);
#1523 = SURFACE_CURVE('',#1524,(#1528,#1535),.PCURVE_S1.);
#1524 = LINE('',#1525,#1526);
#1525 = CARTESIAN_POINT('',(-10.,-5.,4.5));
#1526 = VECTOR('',#1527,1.);
#1527 = DIRECTION('',(0.,0.,1.));
#1528 = PCURVE('',#997,#1529);
#1529 = DEFINITIONAL_REPRESENTATION('',(#1530),#1534);
#1530 = LINE('',#1531,#1532);
#1531 = CARTESIAN_POINT('',(0.,-8.));
#1532 = VECTOR('',#1533,1.);
#1533 = DIRECTION('',(1.,0.));
#1534 = ( GEOMETRIC_REPRESENTATION_CONTEXT(2) 
PARAMETRIC_REPRESENTATION_CONTEXT() REPRESENTATION_CONTEXT('2D SPACE',''
  ) );
#1535 = PCURVE('',#970,#1536);
#1536 = DEFINITIONAL_REPRESENTATION('',(#1537),#1541);
#1537 = LINE('',#1538,#1539);
#1538 = CARTESIAN_POINT('',(0.,0.));
#1539 = VECTOR('',#1540,1.);
#1540 = DIRECTION('',(0.,1.));
#1541 = ( GEOMETRIC_REPRESENTATION_CONTEXT(2) 
PARAMETRIC_REPRESENTATION_CONTEXT() REPRESENTATION_CONTEXT('2D SPACE',''
  ) );
#1542 = ADVANCED_FACE('',(#1543),#970,.T.);
#1543 = FACE_BOUND('',#1544,.T.);
#1544 = EDGE_LOOP('',(#1545,#1546,#1570,#1591));
#1545 = ORIENTED_EDGE('',*,*,#1522,.F.);
#1546 = ORIENTED_EDGE('',*,*,#1547,.T.);
#1547 = EDGE_CURVE('',#1502,#1548,#1550,.T.);
#1548 = VERTEX_POINT('',#1549);
#1549 = CARTESIAN_POINT('',(-12.,-3.,7.));
#1550 = SURFACE_CURVE('',#1551,(#1556,#1563),.PCURVE_S1.);
#1551 = CIRCLE('',#1552,2.);
#1552 = AXIS2_PLACEMENT_3D('',#1553,#1554,#1555);
#1553 = CARTESIAN_POINT('',(-12.,-5.,7.));
#1554 = DIRECTION('',(0.,0.,1.));
#1555 = DIRECTION('',(1.,0.,-0.));
#1556 = PCURVE('',#970,#1557);
#1557 = DEFINITIONAL_REPRESENTATION('',(#1558),#1562);
#1558 = LINE('',#1559,#1560);
#1559 = CARTESIAN_POINT('',(0.,2.5));
#1560 = VECTOR('',#1561,1.);
#1561 = DIRECTION('',(1.,0.));
#1562 = ( GEOMETRIC_REPRESENTATION_CONTEXT(2) 
PARAMETRIC_REPRESENTATION_CONTEXT() REPRESENTATION_CONTEXT('2D SPACE',''
  ) );
#1563 = PCURVE('',#1076,#1564);
#1564 = DEFINITIONAL_REPRESENTATION('',(#1565),#1569);
#1565 = CIRCLE('',#1566,2.);
#1566 = AXIS2_PLACEMENT_2D('',#1567,#1568);
#1567 = CARTESIAN_POINT('',(42.,5.));
#1568 = DIRECTION('',(-1.,-1.576990910474E-17));
#1569 = ( GEOMETRIC_REPRESENTATION_CONTEXT(2) 
PARAMETRIC_REPRESENTATION_CONTEXT() REPRESENTATION_CONTEXT('2D SPACE',''
  ) );
#1570 = ORIENTED_EDGE('',*,*,#1571,.T.);
#1571 = EDGE_CURVE('',#1548,#928,#1572,.T.);
#1572 = SURFACE_CURVE('',#1573,(#1577,#1584),.PCURVE_S1.);
#1573 = LINE('',#1574,#1575);
#1574 = CARTESIAN_POINT('',(-12.,-3.,4.5));
#1575 = VECTOR('',#1576,1.);
#1576 = DIRECTION('',(0.,0.,1.));
#1577 = PCURVE('',#970,#1578);
#1578 = DEFINITIONAL_REPRESENTATION('',(#1579),#1583);
#1579 = LINE('',#1580,#1581);
#1580 = CARTESIAN_POINT('',(1.570796326795,0.));
#1581 = VECTOR('',#1582,1.);
#1582 = DIRECTION('',(0.,1.));
#1583 = ( GEOMETRIC_REPRESENTATION_CONTEXT(2) 
PARAMETRIC_REPRESENTATION_CONTEXT() REPRESENTATION_CONTEXT('2D SPACE',''
  ) );
#1584 = PCURVE('',#942,#1585);
#1585 = DEFINITIONAL_REPRESENTATION('',(#1586),#1590);
#1586 = LINE('',#1587,#1588);
#1587 = CARTESIAN_POINT('',(0.,14.));
#1588 = VECTOR('',#1589,1.);
#1589 = DIRECTION('',(1.,0.));
#1590 = ( GEOMETRIC_REPRESENTATION_CONTEXT(2) 
PARAMETRIC_REPRESENTATION_CONTEXT() REPRESENTATION_CONTEXT('2D SPACE',''
  ) );
#1591 = ORIENTED_EDGE('',*,*,#953,.F.);
#1592 = ADVANCED_FACE('',(#1593),#942,.T.);
#1593 = FACE_BOUND('',#1594,.T.);
#1594 = EDGE_LOOP('',(#1595,#1616,#1637,#1638));
#1595 = ORIENTED_EDGE('',*,*,#1596,.F.);
#1596 = EDGE_CURVE('',#1597,#1548,#1599,.T.);
#1597 = VERTEX_POINT('',#1598);
#1598 = CARTESIAN_POINT('',(-24.,-3.,7.));
#1599 = SURFACE_CURVE('',#1600,(#1604,#1610),.PCURVE_S1.);
#1600 = LINE('',#1601,#1602);
#1601 = CARTESIAN_POINT('',(2.,-3.,7.));
#1602 = VECTOR('',#1603,1.);
#1603 = DIRECTION('',(1.,0.,0.));
#1604 = PCURVE('',#942,#1605);
#1605 = DEFINITIONAL_REPRESENTATION('',(#1606),#1609);
#1606 = B_SPLINE_CURVE_WITH_KNOTS('',1,(#1607,#1608),.UNSPECIFIED.,.F.,
  .F.,(2,2),(-26.,-14.),.PIECEWISE_BEZIER_KNOTS.);
#1607 = CARTESIAN_POINT('',(2.5,2.));
#1608 = CARTESIAN_POINT('',(2.5,14.));
#1609 = ( GEOMETRIC_REPRESENTATION_CONTEXT(2) 
PARAMETRIC_REPRESENTATION_CONTEXT() REPRESENTATION_CONTEXT('2D SPACE',''
  ) );
#1610 = PCURVE('',#1076,#1611);
#1611 = DEFINITIONAL_REPRESENTATION('',(#1612),#1615);
#1612 = B_SPLINE_CURVE_WITH_KNOTS('',1,(#1613,#1614),.UNSPECIFIED.,.F.,
  .F.,(2,2),(-26.,-14.),.PIECEWISE_BEZIER_KNOTS.);
#1613 = CARTESIAN_POINT('',(54.,3.));
#1614 = CARTESIAN_POINT('',(42.,3.));
#1615 = ( GEOMETRIC_REPRESENTATION_CONTEXT(2) 
PARAMETRIC_REPRESENTATION_CONTEXT() REPRESENTATION_CONTEXT('2D SPACE',''
  ) );
#1616 = ORIENTED_EDGE('',*,*,#1617,.T.);
#1617 = EDGE_CURVE('',#1597,#899,#1618,.T.);
#1618 = SURFACE_CURVE('',#1619,(#1623,#1630),.PCURVE_S1.);
#1619 = LINE('',#1620,#1621);
#1620 = CARTESIAN_POINT('',(-24.,-3.,4.5));
#1621 = VECTOR('',#1622,1.);
#1622 = DIRECTION('',(0.,0.,1.));
#1623 = PCURVE('',#942,#1624);
#1624 = DEFINITIONAL_REPRESENTATION('',(#1625),#1629);
#1625 = LINE('',#1626,#1627);
#1626 = CARTESIAN_POINT('',(0.,2.));
#1627 = VECTOR('',#1628,1.);
#1628 = DIRECTION('',(1.,0.));
#1629 = ( GEOMETRIC_REPRESENTATION_CONTEXT(2) 
PARAMETRIC_REPRESENTATION_CONTEXT() REPRESENTATION_CONTEXT('2D SPACE',''
  ) );
#1630 = PCURVE('',#915,#1631);
#1631 = DEFINITIONAL_REPRESENTATION('',(#1632),#1636);
#1632 = LINE('',#1633,#1634);
#1633 = CARTESIAN_POINT('',(-1.570796326795,0.));
#1634 = VECTOR('',#1635,1.);
#1635 = DIRECTION('',(-0.,1.));
#1636 = ( GEOMETRIC_REPRESENTATION_CONTEXT(2) 
PARAMETRIC_REPRESENTATION_CONTEXT() REPRESENTATION_CONTEXT('2D SPACE',''
  ) );
#1637 = ORIENTED_EDGE('',*,*,#927,.F.);
#1638 = ORIENTED_EDGE('',*,*,#1571,.F.);
#1639 = ADVANCED_FACE('',(#1640),#915,.T.);
#1640 = FACE_BOUND('',#1641,.F.);
#1641 = EDGE_LOOP('',(#1642,#1643,#1665,#1666));
#1642 = ORIENTED_EDGE('',*,*,#1421,.F.);
#1643 = ORIENTED_EDGE('',*,*,#1644,.F.);
#1644 = EDGE_CURVE('',#1597,#1401,#1645,.T.);
#1645 = SURFACE_CURVE('',#1646,(#1651,#1658),.PCURVE_S1.);
#1646 = CIRCLE('',#1647,2.);
#1647 = AXIS2_PLACEMENT_3D('',#1648,#1649,#1650);
#1648 = CARTESIAN_POINT('',(-24.,-5.,7.));
#1649 = DIRECTION('',(0.,0.,1.));
#1650 = DIRECTION('',(-1.,-0.,0.));
#1651 = PCURVE('',#915,#1652);
#1652 = DEFINITIONAL_REPRESENTATION('',(#1653),#1657);
#1653 = LINE('',#1654,#1655);
#1654 = CARTESIAN_POINT('',(-6.28318530718,2.5));
#1655 = VECTOR('',#1656,1.);
#1656 = DIRECTION('',(1.,-0.));
#1657 = ( GEOMETRIC_REPRESENTATION_CONTEXT(2) 
PARAMETRIC_REPRESENTATION_CONTEXT() REPRESENTATION_CONTEXT('2D SPACE',''
  ) );
#1658 = PCURVE('',#1076,#1659);
#1659 = DEFINITIONAL_REPRESENTATION('',(#1660),#1664);
#1660 = CIRCLE('',#1661,2.);
#1661 = AXIS2_PLACEMENT_2D('',#1662,#1663);
#1662 = CARTESIAN_POINT('',(54.,5.));
#1663 = DIRECTION('',(1.,1.576990910474E-17));
#1664 = ( GEOMETRIC_REPRESENTATION_CONTEXT(2) 
PARAMETRIC_REPRESENTATION_CONTEXT() REPRESENTATION_CONTEXT('2D SPACE',''
  ) );
#1665 = ORIENTED_EDGE('',*,*,#1617,.T.);
#1666 = ORIENTED_EDGE('',*,*,#898,.T.);
#1667 = ADVANCED_FACE('',(#1668),#1076,.T.);
#1668 = FACE_BOUND('',#1669,.T.);
#1669 = EDGE_LOOP('',(#1670,#1717,#1762,#1763,#1764,#1765,#1766,#1767,
    #1768,#1769));
#1670 = ORIENTED_EDGE('',*,*,#1671,.T.);
#1671 = EDGE_CURVE('',#1307,#1672,#1674,.T.);
#1672 = VERTEX_POINT('',#1673);
#1673 = CARTESIAN_POINT('',(30.,0.,7.));
#1674 = SURFACE_CURVE('',#1675,(#1691,#1710),.PCURVE_S1.);
#1675 = B_SPLINE_CURVE_WITH_KNOTS('',14,(#1676,#1677,#1678,#1679,#1680,
    #1681,#1682,#1683,#1684,#1685,#1686,#1687,#1688,#1689,#1690),
  .UNSPECIFIED.,.T.,.F.,(15,15),(0.,1.),.PIECEWISE_BEZIER_KNOTS.);
#1676 = CARTESIAN_POINT('',(30.,2.606519132579E-15,7.));
#1677 = CARTESIAN_POINT('',(30.000000000004,9.873576911289,7.));
#1678 = CARTESIAN_POINT('',(23.492569164001,19.747157467127,7.));
#1679 = CARTESIAN_POINT('',(10.477699172943,27.122025624609,7.));
#1680 = CARTESIAN_POINT('',(-7.098318442164,29.499747108174,7.));
#1681 = CARTESIAN_POINT('',(-25.34326981209,25.277490942222,7.));
#1682 = CARTESIAN_POINT('',(-39.27125104975,14.649475395817,7.));
#1683 = CARTESIAN_POINT('',(-44.51485806145,2.913297794736E-10,7.));
#1684 = CARTESIAN_POINT('',(-39.27125104976,-14.64947539635,7.));
#1685 = CARTESIAN_POINT('',(-25.34326981208,-25.27749094181,7.));
#1686 = CARTESIAN_POINT('',(-7.098318442175,-29.49974710843,7.));
#1687 = CARTESIAN_POINT('',(10.47769917295,-27.12202562447,7.));
#1688 = CARTESIAN_POINT('',(23.492569163999,-19.74715746717,7.));
#1689 = CARTESIAN_POINT('',(30.000000000005,-9.873576911278,7.));
#1690 = CARTESIAN_POINT('',(30.,-1.160433578539E-14,7.));
#1691 = PCURVE('',#1076,#1692);
#1692 = DEFINITIONAL_REPRESENTATION('',(#1693),#1709);
#1693 = B_SPLINE_CURVE_WITH_KNOTS('',14,(#1694,#1695,#1696,#1697,#1698,
    #1699,#1700,#1701,#1702,#1703,#1704,#1705,#1706,#1707,#1708),
  .UNSPECIFIED.,.F.,.F.,(15,15),(0.,1.),.PIECEWISE_BEZIER_KNOTS.);
#1694 = CARTESIAN_POINT('',(0.,0.));
#1695 = CARTESIAN_POINT('',(-4.217071136736E-12,-9.873576911289));
#1696 = CARTESIAN_POINT('',(6.507430835998,-19.74715746712));
#1697 = CARTESIAN_POINT('',(19.522300827057,-27.1220256246));
#1698 = CARTESIAN_POINT('',(37.098318442164,-29.49974710817));
#1699 = CARTESIAN_POINT('',(55.343269812098,-25.27749094222));
#1700 = CARTESIAN_POINT('',(69.271251049756,-14.64947539581));
#1701 = CARTESIAN_POINT('',(74.514858061458,-2.913259978619E-10));
#1702 = CARTESIAN_POINT('',(69.271251049764,14.649475396352));
#1703 = CARTESIAN_POINT('',(55.343269812085,25.27749094181));
#1704 = CARTESIAN_POINT('',(37.098318442175,29.499747108434));
#1705 = CARTESIAN_POINT('',(19.52230082705,27.122025624479));
#1706 = CARTESIAN_POINT('',(6.507430836001,19.747157467175));
#1707 = CARTESIAN_POINT('',(-4.899192163066E-12,9.873576911278));
#1708 = CARTESIAN_POINT('',(7.105427357601E-15,1.421085491797E-14));
#1709 = ( GEOMETRIC_REPRESENTATION_CONTEXT(2) 
PARAMETRIC_REPRESENTATION_CONTEXT() REPRESENTATION_CONTEXT('2D SPACE',''
  ) );
#1710 = PCURVE('',#1177,#1711);
#1711 = DEFINITIONAL_REPRESENTATION('',(#1712),#1716);
#1712 = LINE('',#1713,#1714);
#1713 = CARTESIAN_POINT('',(0.,1.));
#1714 = VECTOR('',#1715,1.);
#1715 = DIRECTION('',(1.,0.));
#1716 = ( GEOMETRIC_REPRESENTATION_CONTEXT(2) 
PARAMETRIC_REPRESENTATION_CONTEXT() REPRESENTATION_CONTEXT('2D SPACE',''
  ) );
#1717 = ORIENTED_EDGE('',*,*,#1718,.T.);
#1718 = EDGE_CURVE('',#1672,#1372,#1719,.T.);
#1719 = SURFACE_CURVE('',#1720,(#1736,#1755),.PCURVE_S1.);
#1720 = B_SPLINE_CURVE_WITH_KNOTS('',14,(#1721,#1722,#1723,#1724,#1725,
    #1726,#1727,#1728,#1729,#1730,#1731,#1732,#1733,#1734,#1735),
  .UNSPECIFIED.,.T.,.F.,(15,15),(0.,1.),.PIECEWISE_BEZIER_KNOTS.);
#1721 = CARTESIAN_POINT('',(30.,2.606519132579E-15,7.));
#1722 = CARTESIAN_POINT('',(30.000000000004,9.873576911289,7.));
#1723 = CARTESIAN_POINT('',(23.492569164001,19.747157467127,7.));
#1724 = CARTESIAN_POINT('',(10.477699172943,27.122025624609,7.));
#1725 = CARTESIAN_POINT('',(-7.098318442164,29.499747108174,7.));
#1726 = CARTESIAN_POINT('',(-25.34326981209,25.277490942222,7.));
#1727 = CARTESIAN_POINT('',(-39.27125104975,14.649475395817,7.));
#1728 = CARTESIAN_POINT('',(-44.51485806145,2.913297794736E-10,7.));
#1729 = CARTESIAN_POINT('',(-39.27125104976,-14.64947539635,7.));
#1730 = CARTESIAN_POINT('',(-25.34326981208,-25.27749094181,7.));
#1731 = CARTESIAN_POINT('',(-7.098318442175,-29.49974710843,7.));
#1732 = CARTESIAN_POINT('',(10.47769917295,-27.12202562447,7.));
#1733 = CARTESIAN_POINT('',(23.492569163999,-19.74715746717,7.));
#1734 = CARTESIAN_POINT('',(30.000000000005,-9.873576911278,7.));
#1735 = CARTESIAN_POINT('',(30.,-1.160433578539E-14,7.));
#1736 = PCURVE('',#1076,#1737);
#1737 = DEFINITIONAL_REPRESENTATION('',(#1738),#1754);
#1738 = B_SPLINE_CURVE_WITH_KNOTS('',14,(#1739,#1740,#1741,#1742,#1743,
    #1744,#1745,#1746,#1747,#1748,#1749,#1750,#1751,#1752,#1753),
  .UNSPECIFIED.,.F.,.F.,(15,15),(0.,1.),.PIECEWISE_BEZIER_KNOTS.);
#1739 = CARTESIAN_POINT('',(0.,0.));
#1740 = CARTESIAN_POINT('',(-4.217071136736E-12,-9.873576911289));
#1741 = CARTESIAN_POINT('',(6.507430835998,-19.74715746712));
#1742 = CARTESIAN_POINT('',(19.522300827057,-27.1220256246));
#1743 = CARTESIAN_POINT('',(37.098318442164,-29.49974710817));
#1744 = CARTESIAN_POINT('',(55.343269812098,-25.27749094222));
#1745 = CARTESIAN_POINT('',(69.271251049756,-14.64947539581));
#1746 = CARTESIAN_POINT('',(74.514858061458,-2.913259978619E-10));
#1747 = CARTESIAN_POINT('',(69.271251049764,14.649475396352));
#1748 = CARTESIAN_POINT('',(55.343269812085,25.27749094181));
#1749 = CARTESIAN_POINT('',(37.098318442175,29.499747108434));
#1750 = CARTESIAN_POINT('',(19.52230082705,27.122025624479));
#1751 = CARTESIAN_POINT('',(6.507430836001,19.747157467175));
#1752 = CARTESIAN_POINT('',(-4.899192163066E-12,9.873576911278));
#1753 = CARTESIAN_POINT('',(7.105427357601E-15,1.421085491797E-14));
#1754 = ( GEOMETRIC_REPRESENTATION_CONTEXT(2) 
PARAMETRIC_REPRESENTATION_CONTEXT() REPRESENTATION_CONTEXT('2D SPACE',''
  ) );
#1755 = PCURVE('',#1177,#1756);
#1756 = DEFINITIONAL_REPRESENTATION('',(#1757),#1761);
#1757 = LINE('',#1758,#1759);
#1758 = CARTESIAN_POINT('',(0.,1.));
#1759 = VECTOR('',#1760,1.);
#1760 = DIRECTION('',(1.,0.));
#1761 = ( GEOMETRIC_REPRESENTATION_CONTEXT(2) 
PARAMETRIC_REPRESENTATION_CONTEXT() REPRESENTATION_CONTEXT('2D SPACE',''
  ) );
#1762 = ORIENTED_EDGE('',*,*,#1400,.F.);
#1763 = ORIENTED_EDGE('',*,*,#1644,.F.);
#1764 = ORIENTED_EDGE('',*,*,#1596,.T.);
#1765 = ORIENTED_EDGE('',*,*,#1547,.F.);
#1766 = ORIENTED_EDGE('',*,*,#1501,.T.);
#1767 = ORIENTED_EDGE('',*,*,#1472,.F.);
#1768 = ORIENTED_EDGE('',*,*,#1059,.F.);
#1769 = ORIENTED_EDGE('',*,*,#1341,.F.);
#1770 = ADVANCED_FACE('',(#1771),#1177,.T.);
#1771 = FACE_BOUND('',#1772,.T.);
#1772 = EDGE_LOOP('',(#1773,#1815,#1867,#1891,#1892,#1893,#1923,#1924,
    #1925,#1926,#1927,#1974,#2035,#2075,#2131,#2178,#2434,#2468,#2724,
    #2776,#3012,#3041,#3277,#3324,#3356));
#1773 = ORIENTED_EDGE('',*,*,#1774,.T.);
#1774 = EDGE_CURVE('',#1775,#1777,#1779,.T.);
#1775 = VERTEX_POINT('',#1776);
#1776 = CARTESIAN_POINT('',(14.68290511976,-31.07526900585,-94.));
#1777 = VERTEX_POINT('',#1778);
#1778 = CARTESIAN_POINT('',(14.546064986381,-30.71064131975,-97.));
#1779 = SURFACE_CURVE('',#1780,(#1788,#1799),.PCURVE_S1.);
#1780 = B_SPLINE_CURVE_WITH_KNOTS('',6,(#1781,#1782,#1783,#1784,#1785,
    #1786,#1787),.UNSPECIFIED.,.F.,.F.,(7,7),(0.,1.),
  .PIECEWISE_BEZIER_KNOTS.);
#1781 = CARTESIAN_POINT('',(14.682905132085,-31.07526904224,-93.9999994)
  );
#1782 = CARTESIAN_POINT('',(14.672596622957,-31.04483243541,
    -94.50183971284));
#1783 = CARTESIAN_POINT('',(14.658346951524,-31.00340270752,
    -95.00329229303));
#1784 = CARTESIAN_POINT('',(14.639548965287,-30.9500670199,
    -95.50415673291));
#1785 = CARTESIAN_POINT('',(14.615383009577,-30.88394695344,
    -96.00414961059));
#1786 = CARTESIAN_POINT('',(14.584719587105,-30.8042836701,
    -96.50290771124));
#1787 = CARTESIAN_POINT('',(14.546064986381,-30.71064131975,-97.));
#1788 = PCURVE('',#1177,#1789);
#1789 = DEFINITIONAL_REPRESENTATION('',(#1790),#1798);
#1790 = B_SPLINE_CURVE_WITH_KNOTS('',6,(#1791,#1792,#1793,#1794,#1795,
    #1796,#1797),.UNSPECIFIED.,.F.,.F.,(7,7),(0.,1.),
  .PIECEWISE_BEZIER_KNOTS.);
#1791 = CARTESIAN_POINT('',(0.901498557544,3.053591207835E-02));
#1792 = CARTESIAN_POINT('',(0.903171712394,2.546882319939E-02));
#1793 = CARTESIAN_POINT('',(0.90495444827,2.03904430229E-02));
#1794 = CARTESIAN_POINT('',(0.906858748031,1.530195895481E-02));
#1795 = CARTESIAN_POINT('',(0.908896956311,1.020537830246E-02));
#1796 = CARTESIAN_POINT('',(0.911081213381,5.103530821233E-03));
#1797 = CARTESIAN_POINT('',(0.913421433175,0.));
#1798 = ( GEOMETRIC_REPRESENTATION_CONTEXT(2) 
PARAMETRIC_REPRESENTATION_CONTEXT() REPRESENTATION_CONTEXT('2D SPACE',''
  ) );
#1799 = PCURVE('',#1800,#1805);
#1800 = CYLINDRICAL_SURFACE('',#1801,6.);
#1801 = AXIS2_PLACEMENT_3D('',#1802,#1803,#1804);
#1802 = CARTESIAN_POINT('',(9.,-33.,-109.));
#1803 = DIRECTION('',(-0.,-0.,-1.));
#1804 = DIRECTION('',(1.,0.,0.));
#1805 = DEFINITIONAL_REPRESENTATION('',(#1806),#1814);
#1806 = B_SPLINE_CURVE_WITH_KNOTS('',6,(#1807,#1808,#1809,#1810,#1811,
    #1812,#1813),.UNSPECIFIED.,.F.,.F.,(7,7),(0.,1.),
  .PIECEWISE_BEZIER_KNOTS.);
#1807 = CARTESIAN_POINT('',(-0.326561859368,-15.0000006));
#1808 = CARTESIAN_POINT('',(-0.331917677586,-14.49816028715));
#1809 = CARTESIAN_POINT('',(-0.339219580808,-13.99670770696));
#1810 = CARTESIAN_POINT('',(-0.348644307087,-13.49584326708));
#1811 = CARTESIAN_POINT('',(-0.360375969,-12.9958503894));
#1812 = CARTESIAN_POINT('',(-0.37459868825,-12.49709228875));
#1813 = CARTESIAN_POINT('',(-0.391483155091,-12.));
#1814 = ( GEOMETRIC_REPRESENTATION_CONTEXT(2) 
PARAMETRIC_REPRESENTATION_CONTEXT() REPRESENTATION_CONTEXT('2D SPACE',''
  ) );
#1815 = ORIENTED_EDGE('',*,*,#1816,.T.);
#1816 = EDGE_CURVE('',#1777,#1817,#1819,.T.);
#1817 = VERTEX_POINT('',#1818);
#1818 = CARTESIAN_POINT('',(17.,-24.5,-97.));
#1819 = SURFACE_CURVE('',#1820,(#1836,#1843),.PCURVE_S1.);
#1820 = B_SPLINE_CURVE_WITH_KNOTS('',14,(#1821,#1822,#1823,#1824,#1825,
    #1826,#1827,#1828,#1829,#1830,#1831,#1832,#1833,#1834,#1835),
  .UNSPECIFIED.,.T.,.F.,(15,15),(0.,1.),.PIECEWISE_BEZIER_KNOTS.);
#1821 = CARTESIAN_POINT('',(17.,-24.5,-97.));
#1822 = CARTESIAN_POINT('',(17.000000000003,-19.11441259384,-97.));
#1823 = CARTESIAN_POINT('',(13.3124558596,-13.72882319974,-97.));
#1824 = CARTESIAN_POINT('',(5.93736286467,-9.706167841123,-97.));
#1825 = CARTESIAN_POINT('',(-4.022380450564,-8.409228850085,-97.));
#1826 = CARTESIAN_POINT('',(-14.36118622684,-10.71227766788,-97.));
#1827 = CARTESIAN_POINT('',(-22.2537089282,-16.50937705681,-97.));
#1828 = CARTESIAN_POINT('',(-25.22508623481,-24.49999999985,-97.));
#1829 = CARTESIAN_POINT('',(-22.25370892821,-32.49062294344,-97.));
#1830 = CARTESIAN_POINT('',(-14.36118622683,-38.28772233191,-97.));
#1831 = CARTESIAN_POINT('',(-4.022380450576,-40.59077115003,-97.));
#1832 = CARTESIAN_POINT('',(5.937362864677,-39.29383215881,-97.));
#1833 = CARTESIAN_POINT('',(13.312455859597,-35.27117680027,-97.));
#1834 = CARTESIAN_POINT('',(17.000000000003,-29.88558740615,-97.));
#1835 = CARTESIAN_POINT('',(17.,-24.5,-97.));
#1836 = PCURVE('',#1177,#1837);
#1837 = DEFINITIONAL_REPRESENTATION('',(#1838),#1842);
#1838 = LINE('',#1839,#1840);
#1839 = CARTESIAN_POINT('',(0.,0.));
#1840 = VECTOR('',#1841,1.);
#1841 = DIRECTION('',(1.,0.));
#1842 = ( GEOMETRIC_REPRESENTATION_CONTEXT(2) 
PARAMETRIC_REPRESENTATION_CONTEXT() REPRESENTATION_CONTEXT('2D SPACE',''
  ) );
#1843 = PCURVE('',#1844,#1849);
#1844 = PLANE('',#1845);
#1845 = AXIS2_PLACEMENT_3D('',#1846,#1847,#1848);
#1846 = CARTESIAN_POINT('',(17.,-24.5,-97.));
#1847 = DIRECTION('',(0.,0.,-1.));
#1848 = DIRECTION('',(-1.,6.26949472771E-16,0.));
#1849 = DEFINITIONAL_REPRESENTATION('',(#1850),#1866);
#1850 = B_SPLINE_CURVE_WITH_KNOTS('',14,(#1851,#1852,#1853,#1854,#1855,
    #1856,#1857,#1858,#1859,#1860,#1861,#1862,#1863,#1864,#1865),
  .UNSPECIFIED.,.F.,.F.,(15,15),(0.,1.),.PIECEWISE_BEZIER_KNOTS.);
#1851 = CARTESIAN_POINT('',(0.,0.));
#1852 = CARTESIAN_POINT('',(-2.51887399827E-12,5.385587406157));
#1853 = CARTESIAN_POINT('',(3.6875441404,10.771176800251));
#1854 = CARTESIAN_POINT('',(11.06263713533,14.793832158877));
#1855 = CARTESIAN_POINT('',(21.022380450564,16.090771149915));
#1856 = CARTESIAN_POINT('',(31.361186226848,13.787722332116));
#1857 = CARTESIAN_POINT('',(39.253708928206,7.990622943184));
#1858 = CARTESIAN_POINT('',(42.225086234812,1.420055184553E-10));
#1859 = CARTESIAN_POINT('',(39.253708928215,-7.990622943444));
#1860 = CARTESIAN_POINT('',(31.361186226835,-13.78772233191));
#1861 = CARTESIAN_POINT('',(21.022380450576,-16.09077115003));
#1862 = CARTESIAN_POINT('',(11.062637135323,-14.79383215881));
#1863 = CARTESIAN_POINT('',(3.687544140403,-10.77117680027));
#1864 = CARTESIAN_POINT('',(-3.154809746775E-12,-5.385587406153));
#1865 = CARTESIAN_POINT('',(1.06581410364E-14,1.42108547152E-14));
#1866 = ( GEOMETRIC_REPRESENTATION_CONTEXT(2) 
PARAMETRIC_REPRESENTATION_CONTEXT() REPRESENTATION_CONTEXT('2D SPACE',''
  ) );
#1867 = ORIENTED_EDGE('',*,*,#1868,.T.);
#1868 = EDGE_CURVE('',#1817,#1672,#1869,.T.);
#1869 = SEAM_CURVE('',#1870,(#1877,#1884),.PCURVE_S1.);
#1870 = ( BOUNDED_CURVE() B_SPLINE_CURVE(5,(#1871,#1872,#1873,#1874,
#1875,#1876),.UNSPECIFIED.,.F.,.F.) B_SPLINE_CURVE_WITH_KNOTS((6,6),(0.,
1.),.PIECEWISE_BEZIER_KNOTS.) CURVE() GEOMETRIC_REPRESENTATION_ITEM() 
RATIONAL_B_SPLINE_CURVE((1.,1.,1.,1.,1.,1.)) REPRESENTATION_ITEM('') );
#1871 = CARTESIAN_POINT('',(17.,-24.5,-97.));
#1872 = CARTESIAN_POINT('',(24.695572997032,-19.3397591547,
    -77.51967133455));
#1873 = CARTESIAN_POINT('',(15.196592142779,-9.442324537701,
    -55.11219644121));
#1874 = CARTESIAN_POINT('',(31.729761407938,-12.34565689953,
    -35.33195450265));
#1875 = CARTESIAN_POINT('',(28.25621735006,-2.109562729412,
    -14.41592287524));
#1876 = CARTESIAN_POINT('',(30.,2.606519132579E-15,7.));
#1877 = PCURVE('',#1177,#1878);
#1878 = DEFINITIONAL_REPRESENTATION('',(#1879),#1883);
#1879 = LINE('',#1880,#1881);
#1880 = CARTESIAN_POINT('',(0.,0.));
#1881 = VECTOR('',#1882,1.);
#1882 = DIRECTION('',(0.,1.));
#1883 = ( GEOMETRIC_REPRESENTATION_CONTEXT(2) 
PARAMETRIC_REPRESENTATION_CONTEXT() REPRESENTATION_CONTEXT('2D SPACE',''
  ) );
#1884 = PCURVE('',#1177,#1885);
#1885 = DEFINITIONAL_REPRESENTATION('',(#1886),#1890);
#1886 = LINE('',#1887,#1888);
#1887 = CARTESIAN_POINT('',(1.,0.));
#1888 = VECTOR('',#1889,1.);
#1889 = DIRECTION('',(0.,1.));
#1890 = ( GEOMETRIC_REPRESENTATION_CONTEXT(2) 
PARAMETRIC_REPRESENTATION_CONTEXT() REPRESENTATION_CONTEXT('2D SPACE',''
  ) );
#1891 = ORIENTED_EDGE('',*,*,#1671,.F.);
#1892 = ORIENTED_EDGE('',*,*,#1306,.T.);
#1893 = ORIENTED_EDGE('',*,*,#1894,.T.);
#1894 = EDGE_CURVE('',#1278,#1158,#1895,.T.);
#1895 = SURFACE_CURVE('',#1896,(#1903,#1913),.PCURVE_S1.);
#1896 = B_SPLINE_CURVE_WITH_KNOTS('',5,(#1897,#1898,#1899,#1900,#1901,
    #1902),.UNSPECIFIED.,.F.,.F.,(6,6),(0.,1.),
  .PIECEWISE_BEZIER_KNOTS.);
#1897 = CARTESIAN_POINT('',(-24.30072726596,-13.,4.5));
#1898 = CARTESIAN_POINT('',(-24.66278945183,-12.62569767379,4.5));
#1899 = CARTESIAN_POINT('',(-25.01448274356,-12.24136683413,4.5));
#1900 = CARTESIAN_POINT('',(-25.35510026921,-11.84706058594,4.5));
#1901 = CARTESIAN_POINT('',(-25.68387412066,-11.44289371801,4.5));
#1902 = CARTESIAN_POINT('',(-26.,-11.02906380886,4.5));
#1903 = PCURVE('',#1177,#1904);
#1904 = DEFINITIONAL_REPRESENTATION('',(#1905),#1912);
#1905 = B_SPLINE_CURVE_WITH_KNOTS('',5,(#1906,#1907,#1908,#1909,#1910,
    #1911),.UNSPECIFIED.,.F.,.F.,(6,6),(0.,1.),
  .PIECEWISE_BEZIER_KNOTS.);
#1906 = CARTESIAN_POINT('',(0.598404118484,0.976626683707));
#1907 = CARTESIAN_POINT('',(0.595070535135,0.976626683707));
#1908 = CARTESIAN_POINT('',(0.591709721305,0.976626683707));
#1909 = CARTESIAN_POINT('',(0.588321132131,0.976626683707));
#1910 = CARTESIAN_POINT('',(0.584904472307,0.976626683707));
#1911 = CARTESIAN_POINT('',(0.581459731166,0.976626683707));
#1912 = ( GEOMETRIC_REPRESENTATION_CONTEXT(2) 
PARAMETRIC_REPRESENTATION_CONTEXT() REPRESENTATION_CONTEXT('2D SPACE',''
  ) );
#1913 = PCURVE('',#1294,#1914);
#1914 = DEFINITIONAL_REPRESENTATION('',(#1915),#1922);
#1915 = B_SPLINE_CURVE_WITH_KNOTS('',5,(#1916,#1917,#1918,#1919,#1920,
    #1921),.UNSPECIFIED.,.F.,.F.,(6,6),(0.,1.),
  .PIECEWISE_BEZIER_KNOTS.);
#1916 = CARTESIAN_POINT('',(1.699272734033,0.));
#1917 = CARTESIAN_POINT('',(1.337210548169,0.374302326206));
#1918 = CARTESIAN_POINT('',(0.985517256439,0.758633165861));
#1919 = CARTESIAN_POINT('',(0.644899730784,1.152939414058));
#1920 = CARTESIAN_POINT('',(0.316125879339,1.557106281981));
#1921 = CARTESIAN_POINT('',(0.,1.970936191139));
#1922 = ( GEOMETRIC_REPRESENTATION_CONTEXT(2) 
PARAMETRIC_REPRESENTATION_CONTEXT() REPRESENTATION_CONTEXT('2D SPACE',''
  ) );
#1923 = ORIENTED_EDGE('',*,*,#1157,.T.);
#1924 = ORIENTED_EDGE('',*,*,#1371,.F.);
#1925 = ORIENTED_EDGE('',*,*,#1718,.F.);
#1926 = ORIENTED_EDGE('',*,*,#1868,.F.);
#1927 = ORIENTED_EDGE('',*,*,#1928,.T.);
#1928 = EDGE_CURVE('',#1817,#1929,#1931,.T.);
#1929 = VERTEX_POINT('',#1930);
#1930 = CARTESIAN_POINT('',(14.998136581848,-18.85047560235,-97.));
#1931 = SURFACE_CURVE('',#1932,(#1948,#1955),.PCURVE_S1.);
#1932 = B_SPLINE_CURVE_WITH_KNOTS('',14,(#1933,#1934,#1935,#1936,#1937,
    #1938,#1939,#1940,#1941,#1942,#1943,#1944,#1945,#1946,#1947),
  .UNSPECIFIED.,.T.,.F.,(15,15),(0.,1.),.PIECEWISE_BEZIER_KNOTS.);
#1933 = CARTESIAN_POINT('',(17.,-24.5,-97.));
#1934 = CARTESIAN_POINT('',(17.000000000003,-19.11441259384,-97.));
#1935 = CARTESIAN_POINT('',(13.3124558596,-13.72882319974,-97.));
#1936 = CARTESIAN_POINT('',(5.93736286467,-9.706167841123,-97.));
#1937 = CARTESIAN_POINT('',(-4.022380450564,-8.409228850085,-97.));
#1938 = CARTESIAN_POINT('',(-14.36118622684,-10.71227766788,-97.));
#1939 = CARTESIAN_POINT('',(-22.2537089282,-16.50937705681,-97.));
#1940 = CARTESIAN_POINT('',(-25.22508623481,-24.49999999985,-97.));
#1941 = CARTESIAN_POINT('',(-22.25370892821,-32.49062294344,-97.));
#1942 = CARTESIAN_POINT('',(-14.36118622683,-38.28772233191,-97.));
#1943 = CARTESIAN_POINT('',(-4.022380450576,-40.59077115003,-97.));
#1944 = CARTESIAN_POINT('',(5.937362864677,-39.29383215881,-97.));
#1945 = CARTESIAN_POINT('',(13.312455859597,-35.27117680027,-97.));
#1946 = CARTESIAN_POINT('',(17.000000000003,-29.88558740615,-97.));
#1947 = CARTESIAN_POINT('',(17.,-24.5,-97.));
#1948 = PCURVE('',#1177,#1949);
#1949 = DEFINITIONAL_REPRESENTATION('',(#1950),#1954);
#1950 = LINE('',#1951,#1952);
#1951 = CARTESIAN_POINT('',(0.,0.));
#1952 = VECTOR('',#1953,1.);
#1953 = DIRECTION('',(1.,0.));
#1954 = ( GEOMETRIC_REPRESENTATION_CONTEXT(2) 
PARAMETRIC_REPRESENTATION_CONTEXT() REPRESENTATION_CONTEXT('2D SPACE',''
  ) );
#1955 = PCURVE('',#1844,#1956);
#1956 = DEFINITIONAL_REPRESENTATION('',(#1957),#1973);
#1957 = B_SPLINE_CURVE_WITH_KNOTS('',14,(#1958,#1959,#1960,#1961,#1962,
    #1963,#1964,#1965,#1966,#1967,#1968,#1969,#1970,#1971,#1972),
  .UNSPECIFIED.,.F.,.F.,(15,15),(0.,1.),.PIECEWISE_BEZIER_KNOTS.);
#1958 = CARTESIAN_POINT('',(0.,0.));
#1959 = CARTESIAN_POINT('',(-2.51887399827E-12,5.385587406157));
#1960 = CARTESIAN_POINT('',(3.6875441404,10.771176800251));
#1961 = CARTESIAN_POINT('',(11.06263713533,14.793832158877));
#1962 = CARTESIAN_POINT('',(21.022380450564,16.090771149915));
#1963 = CARTESIAN_POINT('',(31.361186226848,13.787722332116));
#1964 = CARTESIAN_POINT('',(39.253708928206,7.990622943184));
#1965 = CARTESIAN_POINT('',(42.225086234812,1.420055184553E-10));
#1966 = CARTESIAN_POINT('',(39.253708928215,-7.990622943444));
#1967 = CARTESIAN_POINT('',(31.361186226835,-13.78772233191));
#1968 = CARTESIAN_POINT('',(21.022380450576,-16.09077115003));
#1969 = CARTESIAN_POINT('',(11.062637135323,-14.79383215881));
#1970 = CARTESIAN_POINT('',(3.687544140403,-10.77117680027));
#1971 = CARTESIAN_POINT('',(-3.154809746775E-12,-5.385587406153));
#1972 = CARTESIAN_POINT('',(1.06581410364E-14,1.42108547152E-14));
#1973 = ( GEOMETRIC_REPRESENTATION_CONTEXT(2) 
PARAMETRIC_REPRESENTATION_CONTEXT() REPRESENTATION_CONTEXT('2D SPACE',''
  ) );
#1974 = ORIENTED_EDGE('',*,*,#1975,.T.);
#1975 = EDGE_CURVE('',#1929,#1976,#1978,.T.);
#1976 = VERTEX_POINT('',#1977);
#1977 = CARTESIAN_POINT('',(13.91920567114,-15.56468115526,-94.));
#1978 = SURFACE_CURVE('',#1979,(#1994,#2012),.PCURVE_S1.);
#1979 = B_SPLINE_CURVE_WITH_KNOTS('',7,(#1980,#1981,#1982,#1983,#1984,
    #1985,#1986,#1987,#1988,#1989,#1990,#1991,#1992,#1993),
  .UNSPECIFIED.,.F.,.F.,(8,6,8),(0.,0.515907465093,1.),.UNSPECIFIED.);
#1980 = CARTESIAN_POINT('',(14.998136581848,-18.85047560235,-97.));
#1981 = CARTESIAN_POINT('',(14.992705190451,-18.63259659433,
    -96.75556334169));
#1982 = CARTESIAN_POINT('',(14.977945229728,-18.41112268405,
    -96.5129540044));
#1983 = CARTESIAN_POINT('',(14.953265982038,-18.18583227091,
    -96.27243872516));
#1984 = CARTESIAN_POINT('',(14.917918119407,-17.95653231141,
    -96.03444239814));
#1985 = CARTESIAN_POINT('',(14.870945750765,-17.72303972194,
    -95.79956468291));
#1986 = CARTESIAN_POINT('',(14.8111651493,-17.48517309316,
    -95.56858533257));
#1987 = CARTESIAN_POINT('',(14.667159032863,-17.01506710746,
    -95.13045626764));
#1988 = CARTESIAN_POINT('',(14.584770076705,-16.78371527294,
    -94.92302242224));
#1989 = CARTESIAN_POINT('',(14.488251310268,-16.54802908848,
    -94.72078193476));
#1990 = CARTESIAN_POINT('',(14.375829522339,-16.3078526789,
    -94.52497023032));
#1991 = CARTESIAN_POINT('',(14.245324210895,-16.06342158937,
    -94.33759150709));
#1992 = CARTESIAN_POINT('',(14.094287738785,-15.81538986418,
    -94.16133703729));
#1993 = CARTESIAN_POINT('',(13.919205020023,-15.56468022289,-93.9999994)
  );
#1994 = PCURVE('',#1177,#1995);
#1995 = DEFINITIONAL_REPRESENTATION('',(#1996),#2011);
#1996 = B_SPLINE_CURVE_WITH_KNOTS('',7,(#1997,#1998,#1999,#2000,#2001,
    #2002,#2003,#2004,#2005,#2006,#2007,#2008,#2009,#2010),
  .UNSPECIFIED.,.F.,.F.,(8,6,8),(0.,0.515907465093,1.),.UNSPECIFIED.);
#1997 = CARTESIAN_POINT('',(7.801619374964E-02,0.));
#1998 = CARTESIAN_POINT('',(7.981830430571E-02,2.509574273677E-03));
#1999 = CARTESIAN_POINT('',(8.167744923841E-02,4.995971591966E-03));
#2000 = CARTESIAN_POINT('',(8.360071617324E-02,7.456688673191E-03));
#2001 = CARTESIAN_POINT('',(8.559600625277E-02,9.887613807619E-03));
#2002 = CARTESIAN_POINT('',(8.767268018026E-02,1.228288348346E-02));
#2003 = CARTESIAN_POINT('',(8.984187961397E-02,1.463484643478E-02));
#2004 = CARTESIAN_POINT('',(9.425692664825E-02,1.908981863785E-02));
#2005 = CARTESIAN_POINT('',(9.648669362985E-02,2.119611439244E-02));
#2006 = CARTESIAN_POINT('',(9.882492415072E-02,2.324697425098E-02));
#2007 = CARTESIAN_POINT('',(0.101287022794,2.523015485643E-02));
#2008 = CARTESIAN_POINT('',(0.103889409131,2.712571168363E-02));
#2009 = CARTESIAN_POINT('',(0.106648811457,2.890688362695E-02));
#2010 = CARTESIAN_POINT('',(0.109590645797,3.053591207835E-02));
#2011 = ( GEOMETRIC_REPRESENTATION_CONTEXT(2) 
PARAMETRIC_REPRESENTATION_CONTEXT() REPRESENTATION_CONTEXT('2D SPACE',''
  ) );
#2012 = PCURVE('',#2013,#2018);
#2013 = CYLINDRICAL_SURFACE('',#2014,6.);
#2014 = AXIS2_PLACEMENT_3D('',#2015,#2016,#2017);
#2015 = CARTESIAN_POINT('',(9.,-19.,-109.));
#2016 = DIRECTION('',(-0.,-0.,-1.));
#2017 = DIRECTION('',(1.,0.,0.));
#2018 = DEFINITIONAL_REPRESENTATION('',(#2019),#2034);
#2019 = B_SPLINE_CURVE_WITH_KNOTS('',7,(#2020,#2021,#2022,#2023,#2024,
    #2025,#2026,#2027,#2028,#2029,#2030,#2031,#2032,#2033),
  .UNSPECIFIED.,.F.,.F.,(8,6,8),(0.,0.515907465093,1.),.UNSPECIFIED.);
#2020 = CARTESIAN_POINT('',(-2.492331313636E-02,-12.));
#2021 = CARTESIAN_POINT('',(-6.12477624118E-02,-12.2444366583));
#2022 = CARTESIAN_POINT('',(-9.820990322992E-02,-12.48704599559));
#2023 = CARTESIAN_POINT('',(-0.13592752819,-12.72756127483));
#2024 = CARTESIAN_POINT('',(-0.174526104608,-12.96555760185));
#2025 = CARTESIAN_POINT('',(-0.214151210233,-13.20043531708));
#2026 = CARTESIAN_POINT('',(-0.254975285641,-13.43141466742));
#2027 = CARTESIAN_POINT('',(-0.336919948432,-13.86954373235));
#2028 = CARTESIAN_POINT('',(-0.377809385507,-14.07697757776));
#2029 = CARTESIAN_POINT('',(-0.420181726513,-14.27921806524));
#2030 = CARTESIAN_POINT('',(-0.464276683589,-14.47502976967));
#2031 = CARTESIAN_POINT('',(-0.510346294447,-14.6624084929));
#2032 = CARTESIAN_POINT('',(-0.55865128083,-14.8386629627));
#2033 = CARTESIAN_POINT('',(-0.609616760063,-15.0000006));
#2034 = ( GEOMETRIC_REPRESENTATION_CONTEXT(2) 
PARAMETRIC_REPRESENTATION_CONTEXT() REPRESENTATION_CONTEXT('2D SPACE',''
  ) );
#2035 = ORIENTED_EDGE('',*,*,#2036,.F.);
#2036 = EDGE_CURVE('',#2037,#1976,#2039,.T.);
#2037 = VERTEX_POINT('',#2038);
#2038 = CARTESIAN_POINT('',(10.092727469235,-13.10034351186,-94.));
#2039 = SURFACE_CURVE('',#2040,(#2048,#2059),.PCURVE_S1.);
#2040 = B_SPLINE_CURVE_WITH_KNOTS('',6,(#2041,#2042,#2043,#2044,#2045,
    #2046,#2047),.UNSPECIFIED.,.F.,.F.,(7,7),(0.,1.),
  .PIECEWISE_BEZIER_KNOTS.);
#2041 = CARTESIAN_POINT('',(9.879689645065,-13.,-94.));
#2042 = CARTESIAN_POINT('',(10.831533940743,-13.44146346391,-94.));
#2043 = CARTESIAN_POINT('',(11.755090121267,-13.94275887043,-94.));
#2044 = CARTESIAN_POINT('',(12.644530212347,-14.50662753001,-94.));
#2045 = CARTESIAN_POINT('',(13.490476455254,-15.13580106798,-94.));
#2046 = CARTESIAN_POINT('',(14.280659808819,-15.83204428766,-94.));
#2047 = CARTESIAN_POINT('',(15.,-16.59597037631,-94.));
#2048 = PCURVE('',#1177,#2049);
#2049 = DEFINITIONAL_REPRESENTATION('',(#2050),#2058);
#2050 = B_SPLINE_CURVE_WITH_KNOTS('',6,(#2051,#2052,#2053,#2054,#2055,
    #2056,#2057),.UNSPECIFIED.,.F.,.F.,(7,7),(0.,1.),
  .PIECEWISE_BEZIER_KNOTS.);
#2051 = CARTESIAN_POINT('',(0.157682660278,3.053590602014E-02));
#2052 = CARTESIAN_POINT('',(0.147635572466,3.053590602014E-02));
#2053 = CARTESIAN_POINT('',(0.137388349086,3.053590602014E-02));
#2054 = CARTESIAN_POINT('',(0.12689337406,3.053590602014E-02));
#2055 = CARTESIAN_POINT('',(0.116114284286,3.053590602014E-02));
#2056 = CARTESIAN_POINT('',(0.105018704431,3.053590602014E-02));
#2057 = CARTESIAN_POINT('',(9.356756201251E-02,3.053590602014E-02));
#2058 = ( GEOMETRIC_REPRESENTATION_CONTEXT(2) 
PARAMETRIC_REPRESENTATION_CONTEXT() REPRESENTATION_CONTEXT('2D SPACE',''
  ) );
#2059 = PCURVE('',#2060,#2065);
#2060 = PLANE('',#2061);
#2061 = AXIS2_PLACEMENT_3D('',#2062,#2063,#2064);
#2062 = CARTESIAN_POINT('',(9.,-19.,-94.));
#2063 = DIRECTION('',(0.,0.,1.));
#2064 = DIRECTION('',(1.,0.,-0.));
#2065 = DEFINITIONAL_REPRESENTATION('',(#2066),#2074);
#2066 = B_SPLINE_CURVE_WITH_KNOTS('',6,(#2067,#2068,#2069,#2070,#2071,
    #2072,#2073),.UNSPECIFIED.,.F.,.F.,(7,7),(0.,1.),
  .PIECEWISE_BEZIER_KNOTS.);
#2067 = CARTESIAN_POINT('',(0.879689645065,6.));
#2068 = CARTESIAN_POINT('',(1.831533940743,5.558536536086));
#2069 = CARTESIAN_POINT('',(2.755090121267,5.057241129564));
#2070 = CARTESIAN_POINT('',(3.644530212347,4.493372469982));
#2071 = CARTESIAN_POINT('',(4.490476455254,3.864198932018));
#2072 = CARTESIAN_POINT('',(5.280659808819,3.167955712331));
#2073 = CARTESIAN_POINT('',(6.,2.404029623684));
#2074 = ( GEOMETRIC_REPRESENTATION_CONTEXT(2) 
PARAMETRIC_REPRESENTATION_CONTEXT() REPRESENTATION_CONTEXT('2D SPACE',''
  ) );
#2075 = ORIENTED_EDGE('',*,*,#2076,.T.);
#2076 = EDGE_CURVE('',#2037,#2077,#2079,.T.);
#2077 = VERTEX_POINT('',#2078);
#2078 = CARTESIAN_POINT('',(6.682006318438,-13.46584195272,-97.));
#2079 = SURFACE_CURVE('',#2080,(#2095,#2113),.PCURVE_S1.);
#2080 = B_SPLINE_CURVE_WITH_KNOTS('',7,(#2081,#2082,#2083,#2084,#2085,
    #2086,#2087,#2088,#2089,#2090,#2091,#2092,#2093,#2094),
  .UNSPECIFIED.,.F.,.F.,(8,6,8),(0.,0.464405402122,1.),.UNSPECIFIED.);
#2081 = CARTESIAN_POINT('',(10.092728588141,-13.1003437191,-93.9999994)
  );
#2082 = CARTESIAN_POINT('',(9.805114611691,-13.04707213862,
    -94.15422903507));
#2083 = CARTESIAN_POINT('',(9.528821749939,-13.01281637583,
    -94.32216563354));
#2084 = CARTESIAN_POINT('',(9.263427822496,-12.99446393679,
    -94.50050681205));
#2085 = CARTESIAN_POINT('',(9.008629618229,-12.9897638822,
    -94.68686854349));
#2086 = CARTESIAN_POINT('',(8.763882503437,-12.99682302861,
    -94.87946292068));
#2087 = CARTESIAN_POINT('',(8.528458525343,-13.01419149627,
    -95.07715562578));
#2088 = CARTESIAN_POINT('',(8.039578733168,-13.07150153277,
    -95.51269456694));
#2089 = CARTESIAN_POINT('',(7.789284053859,-13.114449639,-95.75170084003
    ));
#2090 = CARTESIAN_POINT('',(7.549466803853,-13.1679126312,
    -95.99523155171));
#2091 = CARTESIAN_POINT('',(7.319421407448,-13.23066487621,
    -96.24239977654));
#2092 = CARTESIAN_POINT('',(7.09852495716,-13.30171659718,
    -96.49253019639));
#2093 = CARTESIAN_POINT('',(6.886227002955,-13.38030369156,
    -96.74515611903));
#2094 = CARTESIAN_POINT('',(6.682006318438,-13.46584195272,-97.));
#2095 = PCURVE('',#1177,#2096);
#2096 = DEFINITIONAL_REPRESENTATION('',(#2097),#2112);
#2097 = B_SPLINE_CURVE_WITH_KNOTS('',7,(#2098,#2099,#2100,#2101,#2102,
    #2103,#2104,#2105,#2106,#2107,#2108,#2109,#2110,#2111),
  .UNSPECIFIED.,.F.,.F.,(8,6,8),(0.,0.464405402122,1.),.UNSPECIFIED.);
#2098 = CARTESIAN_POINT('',(0.155423369164,3.053591207835E-02));
#2099 = CARTESIAN_POINT('',(0.158217377113,2.897865322791E-02));
#2100 = CARTESIAN_POINT('',(0.160839645864,2.728159862659E-02));
#2101 = CARTESIAN_POINT('',(0.163310520648,2.547762255115E-02));
#2102 = CARTESIAN_POINT('',(0.165643630567,2.35904275394E-02));
#2103 = CARTESIAN_POINT('',(0.167852402187,2.163779687616E-02));
#2104 = CARTESIAN_POINT('',(0.169949590564,1.96309672852E-02));
#2105 = CARTESIAN_POINT('',(0.174253301569,1.520386190314E-02));
#2106 = CARTESIAN_POINT('',(0.176423839727,1.277092016637E-02));
#2107 = CARTESIAN_POINT('',(0.178476795135,1.028806479804E-02));
#2108 = CARTESIAN_POINT('',(0.180423271659,7.763986445559E-03));
#2109 = CARTESIAN_POINT('',(0.182272482072,5.205274008068E-03));
#2110 = CARTESIAN_POINT('',(0.184031985846,2.616422806253E-03));
#2111 = CARTESIAN_POINT('',(0.185708372522,0.));
#2112 = ( GEOMETRIC_REPRESENTATION_CONTEXT(2) 
PARAMETRIC_REPRESENTATION_CONTEXT() REPRESENTATION_CONTEXT('2D SPACE',''
  ) );
#2113 = PCURVE('',#2013,#2114);
#2114 = DEFINITIONAL_REPRESENTATION('',(#2115),#2130);
#2115 = B_SPLINE_CURVE_WITH_KNOTS('',7,(#2116,#2117,#2118,#2119,#2120,
    #2121,#2122,#2123,#2124,#2125,#2126,#2127,#2128,#2129),
  .UNSPECIFIED.,.F.,.F.,(8,6,8),(0.,0.464405402122,1.),.UNSPECIFIED.);
#2116 = CARTESIAN_POINT('',(-1.387652791277,-15.0000006));
#2117 = CARTESIAN_POINT('',(-1.436403762987,-14.84577096492));
#2118 = CARTESIAN_POINT('',(-1.482722280107,-14.67783436645));
#2119 = CARTESIAN_POINT('',(-1.526960928064,-14.49949318795));
#2120 = CARTESIAN_POINT('',(-1.569343323831,-14.3131314565));
#2121 = CARTESIAN_POINT('',(-1.610084677979,-14.12053707931));
#2122 = CARTESIAN_POINT('',(-1.649392129291,-13.92284437421));
#2123 = CARTESIAN_POINT('',(-1.731430042525,-13.48730543305));
#2124 = CARTESIAN_POINT('',(-1.773695538241,-13.24829915996));
#2125 = CARTESIAN_POINT('',(-1.814569126644,-13.00476844828));
#2126 = CARTESIAN_POINT('',(-1.85423554387,-12.75760022345));
#2127 = CARTESIAN_POINT('',(-1.892850344924,-12.50746980361));
#2128 = CARTESIAN_POINT('',(-1.930546286539,-12.25484388096));
#2129 = CARTESIAN_POINT('',(-1.967448139137,-12.));
#2130 = ( GEOMETRIC_REPRESENTATION_CONTEXT(2) 
PARAMETRIC_REPRESENTATION_CONTEXT() REPRESENTATION_CONTEXT('2D SPACE',''
  ) );
#2131 = ORIENTED_EDGE('',*,*,#2132,.T.);
#2132 = EDGE_CURVE('',#2077,#2133,#2135,.T.);
#2133 = VERTEX_POINT('',#2134);
#2134 = CARTESIAN_POINT('',(1.5,-12.546804095,-97.));
#2135 = SURFACE_CURVE('',#2136,(#2152,#2159),.PCURVE_S1.);
#2136 = B_SPLINE_CURVE_WITH_KNOTS('',14,(#2137,#2138,#2139,#2140,#2141,
    #2142,#2143,#2144,#2145,#2146,#2147,#2148,#2149,#2150,#2151),
  .UNSPECIFIED.,.T.,.F.,(15,15),(0.,1.),.PIECEWISE_BEZIER_KNOTS.);
#2137 = CARTESIAN_POINT('',(17.,-24.5,-97.));
#2138 = CARTESIAN_POINT('',(17.000000000003,-19.11441259384,-97.));
#2139 = CARTESIAN_POINT('',(13.3124558596,-13.72882319974,-97.));
#2140 = CARTESIAN_POINT('',(5.93736286467,-9.706167841123,-97.));
#2141 = CARTESIAN_POINT('',(-4.022380450564,-8.409228850085,-97.));
#2142 = CARTESIAN_POINT('',(-14.36118622684,-10.71227766788,-97.));
#2143 = CARTESIAN_POINT('',(-22.2537089282,-16.50937705681,-97.));
#2144 = CARTESIAN_POINT('',(-25.22508623481,-24.49999999985,-97.));
#2145 = CARTESIAN_POINT('',(-22.25370892821,-32.49062294344,-97.));
#2146 = CARTESIAN_POINT('',(-14.36118622683,-38.28772233191,-97.));
#2147 = CARTESIAN_POINT('',(-4.022380450576,-40.59077115003,-97.));
#2148 = CARTESIAN_POINT('',(5.937362864677,-39.29383215881,-97.));
#2149 = CARTESIAN_POINT('',(13.312455859597,-35.27117680027,-97.));
#2150 = CARTESIAN_POINT('',(17.000000000003,-29.88558740615,-97.));
#2151 = CARTESIAN_POINT('',(17.,-24.5,-97.));
#2152 = PCURVE('',#1177,#2153);
#2153 = DEFINITIONAL_REPRESENTATION('',(#2154),#2158);
#2154 = LINE('',#2155,#2156);
#2155 = CARTESIAN_POINT('',(0.,0.));
#2156 = VECTOR('',#2157,1.);
#2157 = DIRECTION('',(1.,0.));
#2158 = ( GEOMETRIC_REPRESENTATION_CONTEXT(2) 
PARAMETRIC_REPRESENTATION_CONTEXT() REPRESENTATION_CONTEXT('2D SPACE',''
  ) );
#2159 = PCURVE('',#1844,#2160);
#2160 = DEFINITIONAL_REPRESENTATION('',(#2161),#2177);
#2161 = B_SPLINE_CURVE_WITH_KNOTS('',14,(#2162,#2163,#2164,#2165,#2166,
    #2167,#2168,#2169,#2170,#2171,#2172,#2173,#2174,#2175,#2176),
  .UNSPECIFIED.,.F.,.F.,(15,15),(0.,1.),.PIECEWISE_BEZIER_KNOTS.);
#2162 = CARTESIAN_POINT('',(0.,0.));
#2163 = CARTESIAN_POINT('',(-2.51887399827E-12,5.385587406157));
#2164 = CARTESIAN_POINT('',(3.6875441404,10.771176800251));
#2165 = CARTESIAN_POINT('',(11.06263713533,14.793832158877));
#2166 = CARTESIAN_POINT('',(21.022380450564,16.090771149915));
#2167 = CARTESIAN_POINT('',(31.361186226848,13.787722332116));
#2168 = CARTESIAN_POINT('',(39.253708928206,7.990622943184));
#2169 = CARTESIAN_POINT('',(42.225086234812,1.420055184553E-10));
#2170 = CARTESIAN_POINT('',(39.253708928215,-7.990622943444));
#2171 = CARTESIAN_POINT('',(31.361186226835,-13.78772233191));
#2172 = CARTESIAN_POINT('',(21.022380450576,-16.09077115003));
#2173 = CARTESIAN_POINT('',(11.062637135323,-14.79383215881));
#2174 = CARTESIAN_POINT('',(3.687544140403,-10.77117680027));
#2175 = CARTESIAN_POINT('',(-3.154809746775E-12,-5.385587406153));
#2176 = CARTESIAN_POINT('',(1.06581410364E-14,1.42108547152E-14));
#2177 = ( GEOMETRIC_REPRESENTATION_CONTEXT(2) 
PARAMETRIC_REPRESENTATION_CONTEXT() REPRESENTATION_CONTEXT('2D SPACE',''
  ) );
#2178 = ORIENTED_EDGE('',*,*,#2179,.T.);
#2179 = EDGE_CURVE('',#2133,#2180,#2182,.T.);
#2180 = VERTEX_POINT('',#2181);
#2181 = CARTESIAN_POINT('',(1.5,17.471889597672,-12.));
#2182 = SURFACE_CURVE('',#2183,(#2263,#2346),.PCURVE_S1.);
#2183 = B_SPLINE_CURVE_WITH_KNOTS('',8,(#2184,#2185,#2186,#2187,#2188,
    #2189,#2190,#2191,#2192,#2193,#2194,#2195,#2196,#2197,#2198,#2199,
    #2200,#2201,#2202,#2203,#2204,#2205,#2206,#2207,#2208,#2209,#2210,
    #2211,#2212,#2213,#2214,#2215,#2216,#2217,#2218,#2219,#2220,#2221,
    #2222,#2223,#2224,#2225,#2226,#2227,#2228,#2229,#2230,#2231,#2232,
    #2233,#2234,#2235,#2236,#2237,#2238,#2239,#2240,#2241,#2242,#2243,
    #2244,#2245,#2246,#2247,#2248,#2249,#2250,#2251,#2252,#2253,#2254,
    #2255,#2256,#2257,#2258,#2259,#2260,#2261,#2262),.UNSPECIFIED.,.F.,
  .F.,(9,7,7,7,7,7,7,7,7,7,7,9),(0.,0.253426909552,0.367657718167,
    0.414945845935,0.448868871068,0.521519637833,0.636612297782,
    0.792298831584,0.826479917488,0.857030235396,0.90962268302,1.),
  .UNSPECIFIED.);
#2184 = CARTESIAN_POINT('',(1.5,-12.546804095,-97.));
#2185 = CARTESIAN_POINT('',(1.5,-11.1596414093,-94.50019224466));
#2186 = CARTESIAN_POINT('',(1.5,-9.869541677076,-91.94742178288));
#2187 = CARTESIAN_POINT('',(1.5,-8.666205223595,-89.35185691727));
#2188 = CARTESIAN_POINT('',(1.5,-7.538999660239,-86.7224072066));
#2189 = CARTESIAN_POINT('',(1.5,-6.477039138638,-84.06670587327));
#2190 = CARTESIAN_POINT('',(1.5,-5.469636378413,-81.39091230091));
#2191 = CARTESIAN_POINT('',(1.5,-4.506470583453,-78.69964803163));
#2192 = CARTESIAN_POINT('',(1.5,-3.159150464259,-74.77722617577));
#2193 = CARTESIAN_POINT('',(1.5,-2.747581874029,-73.556123285));
#2194 = CARTESIAN_POINT('',(1.5,-2.342180100949,-72.33295160662));
#2195 = CARTESIAN_POINT('',(1.5,-1.942104002673,-71.10802862938));
#2196 = CARTESIAN_POINT('',(1.5,-1.546548771905,-69.88164626225));
#2197 = CARTESIAN_POINT('',(1.5,-1.154748088769,-68.65407013979));
#2198 = CARTESIAN_POINT('',(1.5,-0.765976273177,-67.42553892752));
#2199 = CARTESIAN_POINT('',(1.5,-0.219581734117,-65.68738053209));
#2200 = CARTESIAN_POINT('',(1.5,-6.001544367884E-02,-65.17837099758));
#2201 = CARTESIAN_POINT('',(1.5,9.919676109362E-02,-64.66925054689));
#2202 = CARTESIAN_POINT('',(1.5,0.258101798177,-64.1600341564));
#2203 = CARTESIAN_POINT('',(1.5,0.416745176557,-63.65073625585));
#2204 = CARTESIAN_POINT('',(1.5,0.575170996226,-63.14137072826));
#2205 = CARTESIAN_POINT('',(1.5,0.733421948186,-62.63195090998));
#2206 = CARTESIAN_POINT('',(1.5,1.004967771922,-61.75701796058));
#2207 = CARTESIAN_POINT('',(1.5,1.118327454291,-61.39152499478));
#2208 = CARTESIAN_POINT('',(1.5,1.231633586962,-61.02601542579));
#2209 = CARTESIAN_POINT('',(1.5,1.344900988129,-60.66049385545));
#2210 = CARTESIAN_POINT('',(1.5,1.458144068772,-60.29496475489));
#2211 = CARTESIAN_POINT('',(1.5,1.571376832657,-59.92943246459));
#2212 = CARTESIAN_POINT('',(1.5,1.684612876335,-59.56390119429));
#2213 = CARTESIAN_POINT('',(1.5,2.040411030671,-58.41555107076));
#2214 = CARTESIAN_POINT('',(1.5,2.283032142115,-57.63275062252));
#2215 = CARTESIAN_POINT('',(1.5,2.525858201942,-56.85001362632));
#2216 = CARTESIAN_POINT('',(1.5,2.769009772169,-56.0673775175));
#2217 = CARTESIAN_POINT('',(1.5,3.012598251925,-55.2848771422));
#2218 = CARTESIAN_POINT('',(1.5,3.256725631001,-54.50254468083));
#2219 = CARTESIAN_POINT('',(1.5,3.501484243416,-53.72040957143));
#2220 = CARTESIAN_POINT('',(1.5,4.135831389408,-51.69980217763));
#2221 = CARTESIAN_POINT('',(1.5,4.526497504129,-50.46166710377));
#2222 = CARTESIAN_POINT('',(1.5,4.919282403055,-49.22420085564));
#2223 = CARTESIAN_POINT('',(1.5,5.314451040735,-47.98749252593));
#2224 = CARTESIAN_POINT('',(1.5,5.712204148063,-46.75161213299));
#2225 = CARTESIAN_POINT('',(1.5,6.112676592004,-45.5166100978));
#2226 = CARTESIAN_POINT('',(1.5,6.515935735316,-44.2825167211));
#2227 = CARTESIAN_POINT('',(1.5,7.471238041319,-41.38121833373));
#2228 = CARTESIAN_POINT('',(1.5,8.025594691385,-39.71476800984));
#2229 = CARTESIAN_POINT('',(1.5,8.585045502456,-38.05001812751));
#2230 = CARTESIAN_POINT('',(1.5,9.149360289533,-36.38691283161));
#2231 = CARTESIAN_POINT('',(1.5,9.718080519259,-34.72531215313));
#2232 = CARTESIAN_POINT('',(1.5,10.290516902537,-33.06499118932));
#2233 = CARTESIAN_POINT('',(1.5,10.865746987162,-31.40563928377));
#2234 = CARTESIAN_POINT('',(1.5,11.569264026745,-29.38267289616));
#2235 = CARTESIAN_POINT('',(1.5,11.695994184709,-29.01851401625));
#2236 = CARTESIAN_POINT('',(1.5,11.822790983664,-28.6543783263));
#2237 = CARTESIAN_POINT('',(1.5,11.949641626032,-28.29026138486));
#2238 = CARTESIAN_POINT('',(1.5,12.076532757327,-27.92615854954));
#2239 = CARTESIAN_POINT('',(1.5,12.203450466147,-27.56206497697));
#2240 = CARTESIAN_POINT('',(1.5,12.330380284184,-27.19797562285));
#2241 = CARTESIAN_POINT('',(1.5,12.57075171571,-26.5084691063));
#2242 = CARTESIAN_POINT('',(1.5,12.684193907609,-26.18305215631));
#2243 = CARTESIAN_POINT('',(1.5,12.797623035127,-25.85763064594));
#2244 = CARTESIAN_POINT('',(1.5,12.911028002945,-25.53220070697));
#2245 = CARTESIAN_POINT('',(1.5,13.024397347203,-25.20675834892));
#2246 = CARTESIAN_POINT('',(1.5,13.1377192355,-24.88129945907));
#2247 = CARTESIAN_POINT('',(1.5,13.250981466902,-24.55581980244));
#2248 = CARTESIAN_POINT('',(1.5,13.559028344749,-23.66995773916));
#2249 = CARTESIAN_POINT('',(1.5,13.753671049496,-23.10952609721));
#2250 = CARTESIAN_POINT('',(1.5,13.94803560318,-22.54899778118));
#2251 = CARTESIAN_POINT('',(1.5,14.142054538573,-21.98834953057));
#2252 = CARTESIAN_POINT('',(1.5,14.335656904213,-21.42755713918));
#2253 = CARTESIAN_POINT('',(1.5,14.528768264404,-20.8665954551));
#2254 = CARTESIAN_POINT('',(1.5,14.72131069921,-20.30543838073));
#2255 = CARTESIAN_POINT('',(1.5,15.242959155537,-18.77935812134));
#2256 = CARTESIAN_POINT('',(1.5,15.570793626972,-17.81400428035));
#2257 = CARTESIAN_POINT('',(1.5,15.896293356611,-16.84785590388));
#2258 = CARTESIAN_POINT('',(1.5,16.219012322197,-15.88076855752));
#2259 = CARTESIAN_POINT('',(1.5,16.538469378914,-14.91259417217));
#2260 = CARTESIAN_POINT('',(1.5,16.854146296931,-13.9431803978));
#2261 = CARTESIAN_POINT('',(1.5,17.165485798934,-12.97236995725));
#2262 = CARTESIAN_POINT('',(1.5,17.471889597672,-12.));
#2263 = PCURVE('',#1177,#2264);
#2264 = DEFINITIONAL_REPRESENTATION('',(#2265),#2345);
#2265 = B_SPLINE_CURVE_WITH_KNOTS('',8,(#2266,#2267,#2268,#2269,#2270,
    #2271,#2272,#2273,#2274,#2275,#2276,#2277,#2278,#2279,#2280,#2281,
    #2282,#2283,#2284,#2285,#2286,#2287,#2288,#2289,#2290,#2291,#2292,
    #2293,#2294,#2295,#2296,#2297,#2298,#2299,#2300,#2301,#2302,#2303,
    #2304,#2305,#2306,#2307,#2308,#2309,#2310,#2311,#2312,#2313,#2314,
    #2315,#2316,#2317,#2318,#2319,#2320,#2321,#2322,#2323,#2324,#2325,
    #2326,#2327,#2328,#2329,#2330,#2331,#2332,#2333,#2334,#2335,#2336,
    #2337,#2338,#2339,#2340,#2341,#2342,#2343,#2344),.UNSPECIFIED.,.F.,
  .F.,(9,7,7,7,7,7,7,7,7,7,7,9),(0.,0.253426909552,0.367657718167,
    0.414945845935,0.448868871068,0.521519637833,0.636612297782,
    0.792298831584,0.826479917488,0.857030235396,0.90962268302,1.),
  .UNSPECIFIED.);
#2266 = CARTESIAN_POINT('',(0.235938630635,0.));
#2267 = CARTESIAN_POINT('',(0.236757589427,2.566494434737E-02));
#2268 = CARTESIAN_POINT('',(0.237255815776,5.142118325023E-02));
#2269 = CARTESIAN_POINT('',(0.237607845565,7.724683328682E-02));
#2270 = CARTESIAN_POINT('',(0.237852181351,0.103125528514));
#2271 = CARTESIAN_POINT('',(0.238039455535,0.12904453098));
#2272 = CARTESIAN_POINT('',(0.238187593068,0.154996360559));
#2273 = CARTESIAN_POINT('',(0.238317893658,0.180979570427));
#2274 = CARTESIAN_POINT('',(0.238497555441,0.218728927468));
#2275 = CARTESIAN_POINT('',(0.238552083582,0.230464049654));
#2276 = CARTESIAN_POINT('',(0.238606438251,0.24220553057));
#2277 = CARTESIAN_POINT('',(0.238661508154,0.253953196653));
#2278 = CARTESIAN_POINT('',(0.238717973607,0.265706805075));
#2279 = CARTESIAN_POINT('',(0.238776328515,0.277466064184));
#2280 = CARTESIAN_POINT('',(0.238836902364,0.289230653944));
#2281 = CARTESIAN_POINT('',(0.238925953966,0.30587250455));
#2282 = CARTESIAN_POINT('',(0.238952438175,0.310745609914));
#2283 = CARTESIAN_POINT('',(0.238979347432,0.315619533559));
#2284 = CARTESIAN_POINT('',(0.239006690625,0.32049424415));
#2285 = CARTESIAN_POINT('',(0.239034472925,0.325369707937));
#2286 = CARTESIAN_POINT('',(0.239062695785,0.330245888746));
#2287 = CARTESIAN_POINT('',(0.239091356943,0.335122747985));
#2288 = CARTESIAN_POINT('',(0.239141321171,0.343499208321));
#2289 = CARTESIAN_POINT('',(0.239162414596,0.346998499948));
#2290 = CARTESIAN_POINT('',(0.239183728581,0.350498104336));
#2291 = CARTESIAN_POINT('',(0.239205260283,0.353998005688));
#2292 = CARTESIAN_POINT('',(0.239227006129,0.357498187593));
#2293 = CARTESIAN_POINT('',(0.239248961819,0.360998633028));
#2294 = CARTESIAN_POINT('',(0.23927112232,0.364499324358));
#2295 = CARTESIAN_POINT('',(0.239341367895,0.375497936921));
#2296 = CARTESIAN_POINT('',(0.239390167162,0.382996673659));
#2297 = CARTESIAN_POINT('',(0.239439824087,0.390496276183));
#2298 = CARTESIAN_POINT('',(0.239490270178,0.397996553369));
#2299 = CARTESIAN_POINT('',(0.239541426375,0.40549730277));
#2300 = CARTESIAN_POINT('',(0.239593205381,0.412998313055));
#2301 = CARTESIAN_POINT('',(0.239645513998,0.420499366447));
#2302 = CARTESIAN_POINT('',(0.239781807985,0.439883056197));
#2303 = CARTESIAN_POINT('',(0.239866447855,0.451765431406));
#2304 = CARTESIAN_POINT('',(0.239951786292,0.46364646846));
#2305 = CARTESIAN_POINT('',(0.240037416722,0.475525250876));
#2306 = CARTESIAN_POINT('',(0.240122928315,0.487400868521));
#2307 = CARTESIAN_POINT('',(0.240207919517,0.499272442117));
#2308 = CARTESIAN_POINT('',(0.240292011583,0.511139147739));
#2309 = CARTESIAN_POINT('',(0.240486934519,0.539044813992));
#2310 = CARTESIAN_POINT('',(0.240596736699,0.55507918991));
#2311 = CARTESIAN_POINT('',(0.240703402004,0.571101490563));
#2312 = CARTESIAN_POINT('',(0.240806185979,0.587110249919));
#2313 = CARTESIAN_POINT('',(0.240904469174,0.603104508287));
#2314 = CARTESIAN_POINT('',(0.240997759969,0.619083906185));
#2315 = CARTESIAN_POINT('',(0.24108569739,0.635048778197));
#2316 = CARTESIAN_POINT('',(0.241186135367,0.654502402786));
#2317 = CARTESIAN_POINT('',(0.241203947684,0.658003913893));
#2318 = CARTESIAN_POINT('',(0.24122148841,0.661504792266));
#2319 = CARTESIAN_POINT('',(0.241238755352,0.665005051885));
#2320 = CARTESIAN_POINT('',(0.241255746599,0.668504708608));
#2321 = CARTESIAN_POINT('',(0.241272460516,0.672003780173));
#2322 = CARTESIAN_POINT('',(0.241288895751,0.675502286196));
#2323 = CARTESIAN_POINT('',(0.241319490651,0.682126651191));
#2324 = CARTESIAN_POINT('',(0.241333706589,0.685252619596));
#2325 = CARTESIAN_POINT('',(0.241347698275,0.68837816875));
#2326 = CARTESIAN_POINT('',(0.241361465116,0.691503315244));
#2327 = CARTESIAN_POINT('',(0.241375006689,0.694628076893));
#2328 = CARTESIAN_POINT('',(0.241388322748,0.697752472734));
#2329 = CARTESIAN_POINT('',(0.241401413219,0.700876523028));
#2330 = CARTESIAN_POINT('',(0.241436425298,0.709377751668));
#2331 = CARTESIAN_POINT('',(0.241457904156,0.714754293071));
#2332 = CARTESIAN_POINT('',(0.241478715248,0.720129983562));
#2333 = CARTESIAN_POINT('',(0.241498860585,0.725504943597));
#2334 = CARTESIAN_POINT('',(0.241518343719,0.730879303988));
#2335 = CARTESIAN_POINT('',(0.241537169736,0.736253205909));
#2336 = CARTESIAN_POINT('',(0.241555345265,0.741626800894));
#2337 = CARTESIAN_POINT('',(0.241603008349,0.756234238037));
#2338 = CARTESIAN_POINT('',(0.241631241256,0.765467761584));
#2339 = CARTESIAN_POINT('',(0.241657619424,0.774701685935));
#2340 = CARTESIAN_POINT('',(0.24168219823,0.783936919818));
#2341 = CARTESIAN_POINT('',(0.241705047714,0.793174426202));
#2342 = CARTESIAN_POINT('',(0.241726254106,0.802415232288));
#2343 = CARTESIAN_POINT('',(0.241745921351,0.811660439484));
#2344 = CARTESIAN_POINT('',(0.24176417263,0.820911233393));
#2345 = ( GEOMETRIC_REPRESENTATION_CONTEXT(2) 
PARAMETRIC_REPRESENTATION_CONTEXT() REPRESENTATION_CONTEXT('2D SPACE',''
  ) );
#2346 = PCURVE('',#2347,#2352);
#2347 = PLANE('',#2348);
#2348 = AXIS2_PLACEMENT_3D('',#2349,#2350,#2351);
#2349 = CARTESIAN_POINT('',(1.5,-50.,-103.));
#2350 = DIRECTION('',(1.,0.,0.));
#2351 = DIRECTION('',(0.,0.,1.));
#2352 = DEFINITIONAL_REPRESENTATION('',(#2353),#2433);
#2353 = B_SPLINE_CURVE_WITH_KNOTS('',8,(#2354,#2355,#2356,#2357,#2358,
    #2359,#2360,#2361,#2362,#2363,#2364,#2365,#2366,#2367,#2368,#2369,
    #2370,#2371,#2372,#2373,#2374,#2375,#2376,#2377,#2378,#2379,#2380,
    #2381,#2382,#2383,#2384,#2385,#2386,#2387,#2388,#2389,#2390,#2391,
    #2392,#2393,#2394,#2395,#2396,#2397,#2398,#2399,#2400,#2401,#2402,
    #2403,#2404,#2405,#2406,#2407,#2408,#2409,#2410,#2411,#2412,#2413,
    #2414,#2415,#2416,#2417,#2418,#2419,#2420,#2421,#2422,#2423,#2424,
    #2425,#2426,#2427,#2428,#2429,#2430,#2431,#2432),.UNSPECIFIED.,.F.,
  .F.,(9,7,7,7,7,7,7,7,7,7,7,9),(0.,0.253426909552,0.367657718167,
    0.414945845935,0.448868871068,0.521519637833,0.636612297782,
    0.792298831584,0.826479917488,0.857030235396,0.90962268302,1.),
  .UNSPECIFIED.);
#2354 = CARTESIAN_POINT('',(6.,-37.45319590499));
#2355 = CARTESIAN_POINT('',(8.499807755336,-38.84035859069));
#2356 = CARTESIAN_POINT('',(11.052578217116,-40.13045832292));
#2357 = CARTESIAN_POINT('',(13.648143082725,-41.3337947764));
#2358 = CARTESIAN_POINT('',(16.277592793397,-42.46100033976));
#2359 = CARTESIAN_POINT('',(18.933294126721,-43.52296086136));
#2360 = CARTESIAN_POINT('',(21.609087699089,-44.53036362158));
#2361 = CARTESIAN_POINT('',(24.300351968369,-45.49352941654));
#2362 = CARTESIAN_POINT('',(28.222773824228,-46.84084953574));
#2363 = CARTESIAN_POINT('',(29.443876714994,-47.25241812597));
#2364 = CARTESIAN_POINT('',(30.667048393376,-47.65781989905));
#2365 = CARTESIAN_POINT('',(31.891971370618,-48.05789599732));
#2366 = CARTESIAN_POINT('',(33.11835373775,-48.45345122809));
#2367 = CARTESIAN_POINT('',(34.345929860209,-48.84525191123));
#2368 = CARTESIAN_POINT('',(35.574461072471,-49.23402372682));
#2369 = CARTESIAN_POINT('',(37.312619467905,-49.78041826588));
#2370 = CARTESIAN_POINT('',(37.821629002412,-49.93998455632));
#2371 = CARTESIAN_POINT('',(38.33074945311,-50.09919676109));
#2372 = CARTESIAN_POINT('',(38.839965843595,-50.25810179817));
#2373 = CARTESIAN_POINT('',(39.349263744148,-50.41674517655));
#2374 = CARTESIAN_POINT('',(39.858629271738,-50.57517099622));
#2375 = CARTESIAN_POINT('',(40.368049090017,-50.73342194818));
#2376 = CARTESIAN_POINT('',(41.242982039417,-51.00496777192));
#2377 = CARTESIAN_POINT('',(41.608475005217,-51.11832745429));
#2378 = CARTESIAN_POINT('',(41.973984574205,-51.23163358696));
#2379 = CARTESIAN_POINT('',(42.339506144548,-51.34490098812));
#2380 = CARTESIAN_POINT('',(42.705035245102,-51.45814406877));
#2381 = CARTESIAN_POINT('',(43.070567535409,-51.57137683265));
#2382 = CARTESIAN_POINT('',(43.436098805701,-51.68461287633));
#2383 = CARTESIAN_POINT('',(44.584448929237,-52.04041103067));
#2384 = CARTESIAN_POINT('',(45.367249377475,-52.28303214211));
#2385 = CARTESIAN_POINT('',(46.149986373675,-52.52585820194));
#2386 = CARTESIAN_POINT('',(46.932622482499,-52.76900977216));
#2387 = CARTESIAN_POINT('',(47.715122857793,-53.01259825192));
#2388 = CARTESIAN_POINT('',(48.497455319165,-53.256725631));
#2389 = CARTESIAN_POINT('',(49.279590428565,-53.50148424341));
#2390 = CARTESIAN_POINT('',(51.300197822368,-54.1358313894));
#2391 = CARTESIAN_POINT('',(52.53833289623,-54.52649750412));
#2392 = CARTESIAN_POINT('',(53.77579914436,-54.91928240305));
#2393 = CARTESIAN_POINT('',(55.012507474063,-55.31445104073));
#2394 = CARTESIAN_POINT('',(56.248387867009,-55.71220414806));
#2395 = CARTESIAN_POINT('',(57.483389902193,-56.112676592));
#2396 = CARTESIAN_POINT('',(58.7174832789,-56.51593573531));
#2397 = CARTESIAN_POINT('',(61.618781666268,-57.47123804131));
#2398 = CARTESIAN_POINT('',(63.285231990155,-58.02559469138));
#2399 = CARTESIAN_POINT('',(64.949981872484,-58.58504550245));
#2400 = CARTESIAN_POINT('',(66.613087168386,-59.14936028953));
#2401 = CARTESIAN_POINT('',(68.274687846862,-59.71808051925));
#2402 = CARTESIAN_POINT('',(69.935008810672,-60.29051690253));
#2403 = CARTESIAN_POINT('',(71.594360716228,-60.86574698716));
#2404 = CARTESIAN_POINT('',(73.617327103836,-61.56926402674));
#2405 = CARTESIAN_POINT('',(73.981485983744,-61.6959941847));
#2406 = CARTESIAN_POINT('',(74.345621673695,-61.82279098366));
#2407 = CARTESIAN_POINT('',(74.709738615132,-61.94964162603));
#2408 = CARTESIAN_POINT('',(75.073841450457,-62.07653275732));
#2409 = CARTESIAN_POINT('',(75.437935023024,-62.20345046614));
#2410 = CARTESIAN_POINT('',(75.80202437715,-62.33038028418));
#2411 = CARTESIAN_POINT('',(76.491530893694,-62.57075171571));
#2412 = CARTESIAN_POINT('',(76.816947843684,-62.6841939076));
#2413 = CARTESIAN_POINT('',(77.142369354053,-62.79762303512));
#2414 = CARTESIAN_POINT('',(77.467799293025,-62.91102800294));
#2415 = CARTESIAN_POINT('',(77.793241651076,-63.0243973472));
#2416 = CARTESIAN_POINT('',(78.118700540929,-63.1377192355));
#2417 = CARTESIAN_POINT('',(78.44418019756,-63.2509814669));
#2418 = CARTESIAN_POINT('',(79.330042260839,-63.55902834474));
#2419 = CARTESIAN_POINT('',(79.890473902788,-63.75367104949));
#2420 = CARTESIAN_POINT('',(80.45100221882,-63.94803560318));
#2421 = CARTESIAN_POINT('',(81.01165046943,-64.14205453857));
#2422 = CARTESIAN_POINT('',(81.572442860818,-64.33565690421));
#2423 = CARTESIAN_POINT('',(82.133404544891,-64.5287682644));
#2424 = CARTESIAN_POINT('',(82.694561619267,-64.72131069921));
#2425 = CARTESIAN_POINT('',(84.220641878652,-65.24295915553));
#2426 = CARTESIAN_POINT('',(85.185995719641,-65.57079362697));
#2427 = CARTESIAN_POINT('',(86.15214409612,-65.89629335661));
#2428 = CARTESIAN_POINT('',(87.119231442479,-66.21901232219));
#2429 = CARTESIAN_POINT('',(88.087405827827,-66.53846937891));
#2430 = CARTESIAN_POINT('',(89.056819602196,-66.85414629693));
#2431 = CARTESIAN_POINT('',(90.02763004275,-67.16548579893));
#2432 = CARTESIAN_POINT('',(91.,-67.47188959767));
#2433 = ( GEOMETRIC_REPRESENTATION_CONTEXT(2) 
PARAMETRIC_REPRESENTATION_CONTEXT() REPRESENTATION_CONTEXT('2D SPACE',''
  ) );
#2434 = ORIENTED_EDGE('',*,*,#2435,.F.);
#2435 = EDGE_CURVE('',#2436,#2180,#2438,.T.);
#2436 = VERTEX_POINT('',#2437);
#2437 = CARTESIAN_POINT('',(-1.5,17.471889598632,-12.));
#2438 = SURFACE_CURVE('',#2439,(#2445,#2454),.PCURVE_S1.);
#2439 = B_SPLINE_CURVE_WITH_KNOTS('',4,(#2440,#2441,#2442,#2443,#2444),
  .UNSPECIFIED.,.F.,.F.,(5,5),(0.,1.),.PIECEWISE_BEZIER_KNOTS.);
#2440 = CARTESIAN_POINT('',(-1.5,17.471889598632,-12.));
#2441 = CARTESIAN_POINT('',(-0.75035136809,17.500005630088,-12.));
#2442 = CARTESIAN_POINT('',(1.242383973477E-11,17.50936254199,-12.));
#2443 = CARTESIAN_POINT('',(0.750351368107,17.500005629557,-12.));
#2444 = CARTESIAN_POINT('',(1.5,17.471889597672,-12.));
#2445 = PCURVE('',#1177,#2446);
#2446 = DEFINITIONAL_REPRESENTATION('',(#2447),#2453);
#2447 = B_SPLINE_CURVE_WITH_KNOTS('',4,(#2448,#2449,#2450,#2451,#2452),
  .UNSPECIFIED.,.F.,.F.,(5,5),(0.,1.),.PIECEWISE_BEZIER_KNOTS.);
#2448 = CARTESIAN_POINT('',(0.258235827348,0.820911233393));
#2449 = CARTESIAN_POINT('',(0.254116165039,0.820911233393));
#2450 = CARTESIAN_POINT('',(0.249999999989,0.820911233393));
#2451 = CARTESIAN_POINT('',(0.245883834938,0.820911233393));
#2452 = CARTESIAN_POINT('',(0.24176417263,0.820911233393));
#2453 = ( GEOMETRIC_REPRESENTATION_CONTEXT(2) 
PARAMETRIC_REPRESENTATION_CONTEXT() REPRESENTATION_CONTEXT('2D SPACE',''
  ) );
#2454 = PCURVE('',#2455,#2460);
#2455 = PLANE('',#2456);
#2456 = AXIS2_PLACEMENT_3D('',#2457,#2458,#2459);
#2457 = CARTESIAN_POINT('',(-1.5,-50.,-12.));
#2458 = DIRECTION('',(0.,0.,1.));
#2459 = DIRECTION('',(1.,0.,0.));
#2460 = DEFINITIONAL_REPRESENTATION('',(#2461),#2467);
#2461 = B_SPLINE_CURVE_WITH_KNOTS('',4,(#2462,#2463,#2464,#2465,#2466),
  .UNSPECIFIED.,.F.,.F.,(5,5),(0.,1.),.PIECEWISE_BEZIER_KNOTS.);
#2462 = CARTESIAN_POINT('',(0.,67.471889598632));
#2463 = CARTESIAN_POINT('',(0.74964863191,67.500005630088));
#2464 = CARTESIAN_POINT('',(1.500000000012,67.50936254199));
#2465 = CARTESIAN_POINT('',(2.250351368107,67.500005629557));
#2466 = CARTESIAN_POINT('',(3.,67.471889597672));
#2467 = ( GEOMETRIC_REPRESENTATION_CONTEXT(2) 
PARAMETRIC_REPRESENTATION_CONTEXT() REPRESENTATION_CONTEXT('2D SPACE',''
  ) );
#2468 = ORIENTED_EDGE('',*,*,#2469,.F.);
#2469 = EDGE_CURVE('',#2470,#2436,#2472,.T.);
#2470 = VERTEX_POINT('',#2471);
#2471 = CARTESIAN_POINT('',(-1.5,-12.54680409415,-97.));
#2472 = SURFACE_CURVE('',#2473,(#2553,#2636),.PCURVE_S1.);
#2473 = B_SPLINE_CURVE_WITH_KNOTS('',8,(#2474,#2475,#2476,#2477,#2478,
    #2479,#2480,#2481,#2482,#2483,#2484,#2485,#2486,#2487,#2488,#2489,
    #2490,#2491,#2492,#2493,#2494,#2495,#2496,#2497,#2498,#2499,#2500,
    #2501,#2502,#2503,#2504,#2505,#2506,#2507,#2508,#2509,#2510,#2511,
    #2512,#2513,#2514,#2515,#2516,#2517,#2518,#2519,#2520,#2521,#2522,
    #2523,#2524,#2525,#2526,#2527,#2528,#2529,#2530,#2531,#2532,#2533,
    #2534,#2535,#2536,#2537,#2538,#2539,#2540,#2541,#2542,#2543,#2544,
    #2545,#2546,#2547,#2548,#2549,#2550,#2551,#2552),.UNSPECIFIED.,.F.,
  .F.,(9,7,7,7,7,7,7,7,7,7,7,9),(0.,0.253426909553,0.367657718167,
    0.414945845935,0.448868871068,0.521519637833,0.636612297782,
    0.792298831584,0.826479917488,0.857030235396,0.90962268302,1.),
  .UNSPECIFIED.);
#2474 = CARTESIAN_POINT('',(-1.5,-12.54680409415,-97.));
#2475 = CARTESIAN_POINT('',(-1.5,-11.15964140844,-94.50019224467));
#2476 = CARTESIAN_POINT('',(-1.5,-9.869541676188,-91.94742178285));
#2477 = CARTESIAN_POINT('',(-1.5,-8.66620522275,-89.35185691735));
#2478 = CARTESIAN_POINT('',(-1.5,-7.538999659315,-86.72240720652));
#2479 = CARTESIAN_POINT('',(-1.5,-6.477039137772,-84.06670587335));
#2480 = CARTESIAN_POINT('',(-1.5,-5.469636377508,-81.39091230088));
#2481 = CARTESIAN_POINT('',(-1.5,-4.506470582557,-78.69964803164));
#2482 = CARTESIAN_POINT('',(-1.5,-3.159150463357,-74.77722617577));
#2483 = CARTESIAN_POINT('',(-1.5,-2.747581873127,-73.556123285));
#2484 = CARTESIAN_POINT('',(-1.5,-2.342180100047,-72.33295160662));
#2485 = CARTESIAN_POINT('',(-1.5,-1.94210400177,-71.10802862938));
#2486 = CARTESIAN_POINT('',(-1.5,-1.546548771001,-69.88164626225));
#2487 = CARTESIAN_POINT('',(-1.5,-1.154748087866,-68.65407013979));
#2488 = CARTESIAN_POINT('',(-1.5,-0.765976272273,-67.42553892752));
#2489 = CARTESIAN_POINT('',(-1.5,-0.219581733213,-65.68738053209));
#2490 = CARTESIAN_POINT('',(-1.5,-6.001544277454E-02,-65.17837099758));
#2491 = CARTESIAN_POINT('',(-1.5,9.919676199799E-02,-64.66925054689));
#2492 = CARTESIAN_POINT('',(-1.5,0.258101799082,-64.1600341564));
#2493 = CARTESIAN_POINT('',(-1.5,0.416745177462,-63.65073625585));
#2494 = CARTESIAN_POINT('',(-1.5,0.575170997131,-63.14137072826));
#2495 = CARTESIAN_POINT('',(-1.5,0.733421949091,-62.63195090998));
#2496 = CARTESIAN_POINT('',(-1.5,1.004967772826,-61.75701796058));
#2497 = CARTESIAN_POINT('',(-1.5,1.118327455196,-61.39152499478));
#2498 = CARTESIAN_POINT('',(-1.5,1.231633587867,-61.02601542579));
#2499 = CARTESIAN_POINT('',(-1.5,1.344900989034,-60.66049385545));
#2500 = CARTESIAN_POINT('',(-1.5,1.458144069677,-60.29496475489));
#2501 = CARTESIAN_POINT('',(-1.5,1.571376833562,-59.92943246459));
#2502 = CARTESIAN_POINT('',(-1.5,1.684612877239,-59.56390119429));
#2503 = CARTESIAN_POINT('',(-1.5,2.040411031576,-58.41555107076));
#2504 = CARTESIAN_POINT('',(-1.5,2.28303214302,-57.63275062252));
#2505 = CARTESIAN_POINT('',(-1.5,2.525858202847,-56.85001362632));
#2506 = CARTESIAN_POINT('',(-1.5,2.769009773075,-56.0673775175));
#2507 = CARTESIAN_POINT('',(-1.5,3.01259825283,-55.2848771422));
#2508 = CARTESIAN_POINT('',(-1.5,3.256725631906,-54.50254468083));
#2509 = CARTESIAN_POINT('',(-1.5,3.501484244321,-53.72040957143));
#2510 = CARTESIAN_POINT('',(-1.5,4.135831390314,-51.69980217763));
#2511 = CARTESIAN_POINT('',(-1.5,4.526497505035,-50.46166710377));
#2512 = CARTESIAN_POINT('',(-1.5,4.919282403962,-49.22420085564));
#2513 = CARTESIAN_POINT('',(-1.5,5.314451041643,-47.98749252593));
#2514 = CARTESIAN_POINT('',(-1.5,5.712204148971,-46.75161213299));
#2515 = CARTESIAN_POINT('',(-1.5,6.112676592913,-45.5166100978));
#2516 = CARTESIAN_POINT('',(-1.5,6.515935736225,-44.2825167211));
#2517 = CARTESIAN_POINT('',(-1.5,7.471238042231,-41.38121833373));
#2518 = CARTESIAN_POINT('',(-1.5,8.025594692298,-39.71476800984));
#2519 = CARTESIAN_POINT('',(-1.5,8.585045503371,-38.05001812751));
#2520 = CARTESIAN_POINT('',(-1.5,9.149360290451,-36.38691283161));
#2521 = CARTESIAN_POINT('',(-1.5,9.718080520178,-34.72531215313));
#2522 = CARTESIAN_POINT('',(-1.5,10.290516903458,-33.06499118932));
#2523 = CARTESIAN_POINT('',(-1.5,10.865746988085,-31.40563928377));
#2524 = CARTESIAN_POINT('',(-1.5,11.569264027672,-29.38267289616));
#2525 = CARTESIAN_POINT('',(-1.5,11.695994185636,-29.01851401625));
#2526 = CARTESIAN_POINT('',(-1.5,11.822790984592,-28.6543783263));
#2527 = CARTESIAN_POINT('',(-1.5,11.949641626961,-28.29026138486));
#2528 = CARTESIAN_POINT('',(-1.5,12.076532758256,-27.92615854954));
#2529 = CARTESIAN_POINT('',(-1.5,12.203450467077,-27.56206497697));
#2530 = CARTESIAN_POINT('',(-1.5,12.330380285114,-27.19797562285));
#2531 = CARTESIAN_POINT('',(-1.5,12.570751716642,-26.5084691063));
#2532 = CARTESIAN_POINT('',(-1.5,12.684193908541,-26.18305215631));
#2533 = CARTESIAN_POINT('',(-1.5,12.79762303606,-25.85763064594));
#2534 = CARTESIAN_POINT('',(-1.5,12.911028003879,-25.53220070697));
#2535 = CARTESIAN_POINT('',(-1.5,13.024397348137,-25.20675834892));
#2536 = CARTESIAN_POINT('',(-1.5,13.137719236435,-24.88129945907));
#2537 = CARTESIAN_POINT('',(-1.5,13.250981467837,-24.55581980244));
#2538 = CARTESIAN_POINT('',(-1.5,13.559028345686,-23.66995773916));
#2539 = CARTESIAN_POINT('',(-1.5,13.753671050434,-23.10952609721));
#2540 = CARTESIAN_POINT('',(-1.5,13.948035604119,-22.54899778118));
#2541 = CARTESIAN_POINT('',(-1.5,14.142054539513,-21.98834953057));
#2542 = CARTESIAN_POINT('',(-1.5,14.335656905155,-21.42755713918));
#2543 = CARTESIAN_POINT('',(-1.5,14.528768265346,-20.8665954551));
#2544 = CARTESIAN_POINT('',(-1.5,14.721310700154,-20.30543838073));
#2545 = CARTESIAN_POINT('',(-1.5,15.242959156483,-18.77935812134));
#2546 = CARTESIAN_POINT('',(-1.5,15.570793627921,-17.81400428035));
#2547 = CARTESIAN_POINT('',(-1.5,15.896293357562,-16.84785590388));
#2548 = CARTESIAN_POINT('',(-1.5,16.219012323149,-15.88076855752));
#2549 = CARTESIAN_POINT('',(-1.5,16.538469379868,-14.91259417217));
#2550 = CARTESIAN_POINT('',(-1.5,16.854146297887,-13.9431803978));
#2551 = CARTESIAN_POINT('',(-1.5,17.165485799893,-12.97236995724));
#2552 = CARTESIAN_POINT('',(-1.5,17.471889598632,-12.));
#2553 = PCURVE('',#1177,#2554);
#2554 = DEFINITIONAL_REPRESENTATION('',(#2555),#2635);
#2555 = B_SPLINE_CURVE_WITH_KNOTS('',8,(#2556,#2557,#2558,#2559,#2560,
    #2561,#2562,#2563,#2564,#2565,#2566,#2567,#2568,#2569,#2570,#2571,
    #2572,#2573,#2574,#2575,#2576,#2577,#2578,#2579,#2580,#2581,#2582,
    #2583,#2584,#2585,#2586,#2587,#2588,#2589,#2590,#2591,#2592,#2593,
    #2594,#2595,#2596,#2597,#2598,#2599,#2600,#2601,#2602,#2603,#2604,
    #2605,#2606,#2607,#2608,#2609,#2610,#2611,#2612,#2613,#2614,#2615,
    #2616,#2617,#2618,#2619,#2620,#2621,#2622,#2623,#2624,#2625,#2626,
    #2627,#2628,#2629,#2630,#2631,#2632,#2633,#2634),.UNSPECIFIED.,.F.,
  .F.,(9,7,7,7,7,7,7,7,7,7,7,9),(0.,0.253426909553,0.367657718167,
    0.414945845935,0.448868871068,0.521519637833,0.636612297782,
    0.792298831584,0.826479917488,0.857030235396,0.90962268302,1.),
  .UNSPECIFIED.);
#2556 = CARTESIAN_POINT('',(0.264061369345,0.));
#2557 = CARTESIAN_POINT('',(0.263242410553,2.566494434725E-02));
#2558 = CARTESIAN_POINT('',(0.262744184204,5.142118325047E-02));
#2559 = CARTESIAN_POINT('',(0.262392154415,7.724683328612E-02));
#2560 = CARTESIAN_POINT('',(0.262147818629,0.103125528515));
#2561 = CARTESIAN_POINT('',(0.261960544445,0.129044530979));
#2562 = CARTESIAN_POINT('',(0.261812406911,0.154996360559));
#2563 = CARTESIAN_POINT('',(0.261682106322,0.180979570427));
#2564 = CARTESIAN_POINT('',(0.261502444538,0.218728927468));
#2565 = CARTESIAN_POINT('',(0.261447916397,0.230464049654));
#2566 = CARTESIAN_POINT('',(0.261393561729,0.24220553057));
#2567 = CARTESIAN_POINT('',(0.261338491825,0.253953196653));
#2568 = CARTESIAN_POINT('',(0.261282026372,0.265706805075));
#2569 = CARTESIAN_POINT('',(0.261223671464,0.277466064184));
#2570 = CARTESIAN_POINT('',(0.261163097616,0.289230653944));
#2571 = CARTESIAN_POINT('',(0.261074046013,0.30587250455));
#2572 = CARTESIAN_POINT('',(0.261047561804,0.310745609914));
#2573 = CARTESIAN_POINT('',(0.261020652547,0.315619533559));
#2574 = CARTESIAN_POINT('',(0.260993309354,0.32049424415));
#2575 = CARTESIAN_POINT('',(0.260965527054,0.325369707937));
#2576 = CARTESIAN_POINT('',(0.260937304194,0.330245888746));
#2577 = CARTESIAN_POINT('',(0.260908643036,0.335122747985));
#2578 = CARTESIAN_POINT('',(0.260858678808,0.343499208321));
#2579 = CARTESIAN_POINT('',(0.260837585383,0.346998499948));
#2580 = CARTESIAN_POINT('',(0.260816271398,0.350498104336));
#2581 = CARTESIAN_POINT('',(0.260794739696,0.353998005688));
#2582 = CARTESIAN_POINT('',(0.26077299385,0.357498187593));
#2583 = CARTESIAN_POINT('',(0.260751038161,0.360998633028));
#2584 = CARTESIAN_POINT('',(0.260728877659,0.364499324358));
#2585 = CARTESIAN_POINT('',(0.260658632084,0.375497936921));
#2586 = CARTESIAN_POINT('',(0.260609832817,0.382996673659));
#2587 = CARTESIAN_POINT('',(0.260560175892,0.390496276183));
#2588 = CARTESIAN_POINT('',(0.260509729801,0.397996553369));
#2589 = CARTESIAN_POINT('',(0.260458573604,0.40549730277));
#2590 = CARTESIAN_POINT('',(0.260406794598,0.412998313055));
#2591 = CARTESIAN_POINT('',(0.260354485981,0.420499366447));
#2592 = CARTESIAN_POINT('',(0.260218191995,0.439883056197));
#2593 = CARTESIAN_POINT('',(0.260133552124,0.451765431406));
#2594 = CARTESIAN_POINT('',(0.260048213687,0.46364646846));
#2595 = CARTESIAN_POINT('',(0.259962583257,0.475525250876));
#2596 = CARTESIAN_POINT('',(0.259877071664,0.487400868521));
#2597 = CARTESIAN_POINT('',(0.259792080462,0.499272442117));
#2598 = CARTESIAN_POINT('',(0.259707988396,0.511139147739));
#2599 = CARTESIAN_POINT('',(0.25951306546,0.539044813992));
#2600 = CARTESIAN_POINT('',(0.25940326328,0.55507918991));
#2601 = CARTESIAN_POINT('',(0.259296597975,0.571101490563));
#2602 = CARTESIAN_POINT('',(0.259193814,0.587110249919));
#2603 = CARTESIAN_POINT('',(0.259095530805,0.603104508287));
#2604 = CARTESIAN_POINT('',(0.25900224001,0.619083906185));
#2605 = CARTESIAN_POINT('',(0.258914302589,0.635048778197));
#2606 = CARTESIAN_POINT('',(0.258813864612,0.654502402786));
#2607 = CARTESIAN_POINT('',(0.258796052295,0.658003913893));
#2608 = CARTESIAN_POINT('',(0.258778511569,0.661504792266));
#2609 = CARTESIAN_POINT('',(0.258761244626,0.665005051885));
#2610 = CARTESIAN_POINT('',(0.25874425338,0.668504708608));
#2611 = CARTESIAN_POINT('',(0.258727539463,0.672003780173));
#2612 = CARTESIAN_POINT('',(0.258711104227,0.675502286196));
#2613 = CARTESIAN_POINT('',(0.258680509327,0.682126651191));
#2614 = CARTESIAN_POINT('',(0.25866629339,0.685252619596));
#2615 = CARTESIAN_POINT('',(0.258652301704,0.68837816875));
#2616 = CARTESIAN_POINT('',(0.258638534863,0.691503315244));
#2617 = CARTESIAN_POINT('',(0.25862499329,0.694628076893));
#2618 = CARTESIAN_POINT('',(0.25861167723,0.697752472734));
#2619 = CARTESIAN_POINT('',(0.25859858676,0.700876523028));
#2620 = CARTESIAN_POINT('',(0.258563574681,0.709377751668));
#2621 = CARTESIAN_POINT('',(0.258542095823,0.714754293071));
#2622 = CARTESIAN_POINT('',(0.258521284731,0.720129983562));
#2623 = CARTESIAN_POINT('',(0.258501139393,0.725504943597));
#2624 = CARTESIAN_POINT('',(0.25848165626,0.730879303988));
#2625 = CARTESIAN_POINT('',(0.258462830243,0.736253205909));
#2626 = CARTESIAN_POINT('',(0.258444654714,0.741626800894));
#2627 = CARTESIAN_POINT('',(0.258396991629,0.756234238037));
#2628 = CARTESIAN_POINT('',(0.258368758723,0.765467761584));
#2629 = CARTESIAN_POINT('',(0.258342380554,0.774701685935));
#2630 = CARTESIAN_POINT('',(0.258317801748,0.783936919818));
#2631 = CARTESIAN_POINT('',(0.258294952264,0.793174426202));
#2632 = CARTESIAN_POINT('',(0.258273745872,0.802415232288));
#2633 = CARTESIAN_POINT('',(0.258254078628,0.811660439484));
#2634 = CARTESIAN_POINT('',(0.258235827348,0.820911233393));
#2635 = ( GEOMETRIC_REPRESENTATION_CONTEXT(2) 
PARAMETRIC_REPRESENTATION_CONTEXT() REPRESENTATION_CONTEXT('2D SPACE',''
  ) );
#2636 = PCURVE('',#2637,#2642);
#2637 = PLANE('',#2638);
#2638 = AXIS2_PLACEMENT_3D('',#2639,#2640,#2641);
#2639 = CARTESIAN_POINT('',(-1.5,-50.,-103.));
#2640 = DIRECTION('',(1.,0.,0.));
#2641 = DIRECTION('',(0.,0.,1.));
#2642 = DEFINITIONAL_REPRESENTATION('',(#2643),#2723);
#2643 = B_SPLINE_CURVE_WITH_KNOTS('',8,(#2644,#2645,#2646,#2647,#2648,
    #2649,#2650,#2651,#2652,#2653,#2654,#2655,#2656,#2657,#2658,#2659,
    #2660,#2661,#2662,#2663,#2664,#2665,#2666,#2667,#2668,#2669,#2670,
    #2671,#2672,#2673,#2674,#2675,#2676,#2677,#2678,#2679,#2680,#2681,
    #2682,#2683,#2684,#2685,#2686,#2687,#2688,#2689,#2690,#2691,#2692,
    #2693,#2694,#2695,#2696,#2697,#2698,#2699,#2700,#2701,#2702,#2703,
    #2704,#2705,#2706,#2707,#2708,#2709,#2710,#2711,#2712,#2713,#2714,
    #2715,#2716,#2717,#2718,#2719,#2720,#2721,#2722),.UNSPECIFIED.,.F.,
  .F.,(9,7,7,7,7,7,7,7,7,7,7,9),(0.,0.253426909553,0.367657718167,
    0.414945845935,0.448868871068,0.521519637833,0.636612297782,
    0.792298831584,0.826479917488,0.857030235396,0.90962268302,1.),
  .UNSPECIFIED.);
#2644 = CARTESIAN_POINT('',(6.,-37.45319590584));
#2645 = CARTESIAN_POINT('',(8.499807755323,-38.84035859155));
#2646 = CARTESIAN_POINT('',(11.052578217143,-40.13045832381));
#2647 = CARTESIAN_POINT('',(13.648143082646,-41.33379477725));
#2648 = CARTESIAN_POINT('',(16.277592793479,-42.46100034068));
#2649 = CARTESIAN_POINT('',(18.933294126649,-43.52296086222));
#2650 = CARTESIAN_POINT('',(21.609087699114,-44.53036362249));
#2651 = CARTESIAN_POINT('',(24.30035196836,-45.49352941744));
#2652 = CARTESIAN_POINT('',(28.222773824228,-46.84084953664));
#2653 = CARTESIAN_POINT('',(29.443876714994,-47.25241812687));
#2654 = CARTESIAN_POINT('',(30.667048393375,-47.65781989995));
#2655 = CARTESIAN_POINT('',(31.891971370618,-48.05789599823));
#2656 = CARTESIAN_POINT('',(33.118353737749,-48.45345122899));
#2657 = CARTESIAN_POINT('',(34.345929860208,-48.84525191213));
#2658 = CARTESIAN_POINT('',(35.574461072471,-49.23402372772));
#2659 = CARTESIAN_POINT('',(37.312619467905,-49.78041826678));
#2660 = CARTESIAN_POINT('',(37.821629002412,-49.93998455722));
#2661 = CARTESIAN_POINT('',(38.33074945311,-50.09919676199));
#2662 = CARTESIAN_POINT('',(38.839965843595,-50.25810179908));
#2663 = CARTESIAN_POINT('',(39.349263744148,-50.41674517746));
#2664 = CARTESIAN_POINT('',(39.858629271738,-50.57517099713));
#2665 = CARTESIAN_POINT('',(40.368049090017,-50.73342194909));
#2666 = CARTESIAN_POINT('',(41.242982039417,-51.00496777282));
#2667 = CARTESIAN_POINT('',(41.608475005217,-51.11832745519));
#2668 = CARTESIAN_POINT('',(41.973984574205,-51.23163358786));
#2669 = CARTESIAN_POINT('',(42.339506144548,-51.34490098903));
#2670 = CARTESIAN_POINT('',(42.705035245102,-51.45814406967));
#2671 = CARTESIAN_POINT('',(43.070567535409,-51.57137683356));
#2672 = CARTESIAN_POINT('',(43.436098805701,-51.68461287723));
#2673 = CARTESIAN_POINT('',(44.584448929237,-52.04041103157));
#2674 = CARTESIAN_POINT('',(45.367249377476,-52.28303214302));
#2675 = CARTESIAN_POINT('',(46.149986373675,-52.52585820284));
#2676 = CARTESIAN_POINT('',(46.932622482499,-52.76900977307));
#2677 = CARTESIAN_POINT('',(47.715122857793,-53.01259825283));
#2678 = CARTESIAN_POINT('',(48.497455319165,-53.2567256319));
#2679 = CARTESIAN_POINT('',(49.279590428565,-53.50148424432));
#2680 = CARTESIAN_POINT('',(51.300197822368,-54.13583139031));
#2681 = CARTESIAN_POINT('',(52.53833289623,-54.52649750503));
#2682 = CARTESIAN_POINT('',(53.775799144359,-54.91928240396));
#2683 = CARTESIAN_POINT('',(55.012507474063,-55.31445104164));
#2684 = CARTESIAN_POINT('',(56.248387867009,-55.71220414897));
#2685 = CARTESIAN_POINT('',(57.483389902193,-56.11267659291));
#2686 = CARTESIAN_POINT('',(58.7174832789,-56.51593573622));
#2687 = CARTESIAN_POINT('',(61.618781666268,-57.47123804223));
#2688 = CARTESIAN_POINT('',(63.285231990155,-58.02559469229));
#2689 = CARTESIAN_POINT('',(64.949981872484,-58.58504550337));
#2690 = CARTESIAN_POINT('',(66.613087168387,-59.14936029045));
#2691 = CARTESIAN_POINT('',(68.274687846863,-59.71808052017));
#2692 = CARTESIAN_POINT('',(69.935008810672,-60.29051690345));
#2693 = CARTESIAN_POINT('',(71.594360716227,-60.86574698808));
#2694 = CARTESIAN_POINT('',(73.617327103836,-61.56926402767));
#2695 = CARTESIAN_POINT('',(73.981485983745,-61.69599418563));
#2696 = CARTESIAN_POINT('',(74.345621673695,-61.82279098459));
#2697 = CARTESIAN_POINT('',(74.709738615133,-61.94964162696));
#2698 = CARTESIAN_POINT('',(75.073841450457,-62.07653275825));
#2699 = CARTESIAN_POINT('',(75.437935023024,-62.20345046707));
#2700 = CARTESIAN_POINT('',(75.80202437715,-62.33038028511));
#2701 = CARTESIAN_POINT('',(76.491530893694,-62.57075171664));
#2702 = CARTESIAN_POINT('',(76.816947843685,-62.68419390854));
#2703 = CARTESIAN_POINT('',(77.142369354053,-62.79762303606));
#2704 = CARTESIAN_POINT('',(77.467799293025,-62.91102800387));
#2705 = CARTESIAN_POINT('',(77.793241651076,-63.02439734813));
#2706 = CARTESIAN_POINT('',(78.118700540929,-63.13771923643));
#2707 = CARTESIAN_POINT('',(78.44418019756,-63.25098146783));
#2708 = CARTESIAN_POINT('',(79.330042260839,-63.55902834568));
#2709 = CARTESIAN_POINT('',(79.890473902788,-63.75367105043));
#2710 = CARTESIAN_POINT('',(80.45100221882,-63.94803560411));
#2711 = CARTESIAN_POINT('',(81.01165046943,-64.14205453951));
#2712 = CARTESIAN_POINT('',(81.572442860818,-64.33565690515));
#2713 = CARTESIAN_POINT('',(82.133404544891,-64.52876826534));
#2714 = CARTESIAN_POINT('',(82.694561619267,-64.72131070015));
#2715 = CARTESIAN_POINT('',(84.220641878652,-65.24295915648));
#2716 = CARTESIAN_POINT('',(85.185995719641,-65.57079362792));
#2717 = CARTESIAN_POINT('',(86.15214409612,-65.89629335756));
#2718 = CARTESIAN_POINT('',(87.119231442479,-66.21901232314));
#2719 = CARTESIAN_POINT('',(88.087405827827,-66.53846937986));
#2720 = CARTESIAN_POINT('',(89.056819602196,-66.85414629788));
#2721 = CARTESIAN_POINT('',(90.027630042751,-67.16548579989));
#2722 = CARTESIAN_POINT('',(91.,-67.47188959863));
#2723 = ( GEOMETRIC_REPRESENTATION_CONTEXT(2) 
PARAMETRIC_REPRESENTATION_CONTEXT() REPRESENTATION_CONTEXT('2D SPACE',''
  ) );
#2724 = ORIENTED_EDGE('',*,*,#2725,.T.);
#2725 = EDGE_CURVE('',#2470,#2726,#2728,.T.);
#2726 = VERTEX_POINT('',#2727);
#2727 = CARTESIAN_POINT('',(-1.5,-36.45319590584,-97.));
#2728 = SURFACE_CURVE('',#2729,(#2745,#2752),.PCURVE_S1.);
#2729 = B_SPLINE_CURVE_WITH_KNOTS('',14,(#2730,#2731,#2732,#2733,#2734,
    #2735,#2736,#2737,#2738,#2739,#2740,#2741,#2742,#2743,#2744),
  .UNSPECIFIED.,.T.,.F.,(15,15),(0.,1.),.PIECEWISE_BEZIER_KNOTS.);
#2730 = CARTESIAN_POINT('',(17.,-24.5,-97.));
#2731 = CARTESIAN_POINT('',(17.000000000003,-19.11441259384,-97.));
#2732 = CARTESIAN_POINT('',(13.3124558596,-13.72882319974,-97.));
#2733 = CARTESIAN_POINT('',(5.93736286467,-9.706167841123,-97.));
#2734 = CARTESIAN_POINT('',(-4.022380450564,-8.409228850085,-97.));
#2735 = CARTESIAN_POINT('',(-14.36118622684,-10.71227766788,-97.));
#2736 = CARTESIAN_POINT('',(-22.2537089282,-16.50937705681,-97.));
#2737 = CARTESIAN_POINT('',(-25.22508623481,-24.49999999985,-97.));
#2738 = CARTESIAN_POINT('',(-22.25370892821,-32.49062294344,-97.));
#2739 = CARTESIAN_POINT('',(-14.36118622683,-38.28772233191,-97.));
#2740 = CARTESIAN_POINT('',(-4.022380450576,-40.59077115003,-97.));
#2741 = CARTESIAN_POINT('',(5.937362864677,-39.29383215881,-97.));
#2742 = CARTESIAN_POINT('',(13.312455859597,-35.27117680027,-97.));
#2743 = CARTESIAN_POINT('',(17.000000000003,-29.88558740615,-97.));
#2744 = CARTESIAN_POINT('',(17.,-24.5,-97.));
#2745 = PCURVE('',#1177,#2746);
#2746 = DEFINITIONAL_REPRESENTATION('',(#2747),#2751);
#2747 = LINE('',#2748,#2749);
#2748 = CARTESIAN_POINT('',(0.,0.));
#2749 = VECTOR('',#2750,1.);
#2750 = DIRECTION('',(1.,0.));
#2751 = ( GEOMETRIC_REPRESENTATION_CONTEXT(2) 
PARAMETRIC_REPRESENTATION_CONTEXT() REPRESENTATION_CONTEXT('2D SPACE',''
  ) );
#2752 = PCURVE('',#2753,#2758);
#2753 = PLANE('',#2754);
#2754 = AXIS2_PLACEMENT_3D('',#2755,#2756,#2757);
#2755 = CARTESIAN_POINT('',(17.,-24.5,-97.));
#2756 = DIRECTION('',(0.,0.,-1.));
#2757 = DIRECTION('',(-1.,6.26949472771E-16,0.));
#2758 = DEFINITIONAL_REPRESENTATION('',(#2759),#2775);
#2759 = B_SPLINE_CURVE_WITH_KNOTS('',14,(#2760,#2761,#2762,#2763,#2764,
    #2765,#2766,#2767,#2768,#2769,#2770,#2771,#2772,#2773,#2774),
  .UNSPECIFIED.,.F.,.F.,(15,15),(0.,1.),.PIECEWISE_BEZIER_KNOTS.);
#2760 = CARTESIAN_POINT('',(0.,0.));
#2761 = CARTESIAN_POINT('',(-2.51887399827E-12,5.385587406157));
#2762 = CARTESIAN_POINT('',(3.6875441404,10.771176800251));
#2763 = CARTESIAN_POINT('',(11.06263713533,14.793832158877));
#2764 = CARTESIAN_POINT('',(21.022380450564,16.090771149915));
#2765 = CARTESIAN_POINT('',(31.361186226848,13.787722332116));
#2766 = CARTESIAN_POINT('',(39.253708928206,7.990622943184));
#2767 = CARTESIAN_POINT('',(42.225086234812,1.420055184553E-10));
#2768 = CARTESIAN_POINT('',(39.253708928215,-7.990622943444));
#2769 = CARTESIAN_POINT('',(31.361186226835,-13.78772233191));
#2770 = CARTESIAN_POINT('',(21.022380450576,-16.09077115003));
#2771 = CARTESIAN_POINT('',(11.062637135323,-14.79383215881));
#2772 = CARTESIAN_POINT('',(3.687544140403,-10.77117680027));
#2773 = CARTESIAN_POINT('',(-3.154809746775E-12,-5.385587406153));
#2774 = CARTESIAN_POINT('',(1.06581410364E-14,1.42108547152E-14));
#2775 = ( GEOMETRIC_REPRESENTATION_CONTEXT(2) 
PARAMETRIC_REPRESENTATION_CONTEXT() REPRESENTATION_CONTEXT('2D SPACE',''
  ) );
#2776 = ORIENTED_EDGE('',*,*,#2777,.T.);
#2777 = EDGE_CURVE('',#2726,#2778,#2780,.T.);
#2778 = VERTEX_POINT('',#2779);
#2779 = CARTESIAN_POINT('',(-1.5,-24.47188959863,-12.));
#2780 = SURFACE_CURVE('',#2781,(#2856,#2934),.PCURVE_S1.);
#2781 = B_SPLINE_CURVE_WITH_KNOTS('',7,(#2782,#2783,#2784,#2785,#2786,
    #2787,#2788,#2789,#2790,#2791,#2792,#2793,#2794,#2795,#2796,#2797,
    #2798,#2799,#2800,#2801,#2802,#2803,#2804,#2805,#2806,#2807,#2808,
    #2809,#2810,#2811,#2812,#2813,#2814,#2815,#2816,#2817,#2818,#2819,
    #2820,#2821,#2822,#2823,#2824,#2825,#2826,#2827,#2828,#2829,#2830,
    #2831,#2832,#2833,#2834,#2835,#2836,#2837,#2838,#2839,#2840,#2841,
    #2842,#2843,#2844,#2845,#2846,#2847,#2848,#2849,#2850,#2851,#2852,
    #2853,#2854,#2855),.UNSPECIFIED.,.F.,.F.,(8,6,6,6,6,6,6,6,6,6,6,6,8)
  ,(0.,0.108504985322,0.17775760429,0.211013051031,0.24691145981,
    0.28662667706,0.435152710514,0.643995307191,0.686476530285,
    0.714380242572,0.776273565592,0.899309923996,1.),.UNSPECIFIED.);
#2782 = CARTESIAN_POINT('',(-1.5,-36.45319590584,-97.));
#2783 = CARTESIAN_POINT('',(-1.5,-36.48665512945,-95.66790942958));
#2784 = CARTESIAN_POINT('',(-1.5,-36.4489020992,-94.33485297149));
#2785 = CARTESIAN_POINT('',(-1.5,-36.35302465445,-93.00421480564));
#2786 = CARTESIAN_POINT('',(-1.5,-36.21061294368,-91.67811579283));
#2787 = CARTESIAN_POINT('',(-1.5,-36.03119726001,-90.35745310082));
#2788 = CARTESIAN_POINT('',(-1.5,-35.82246287462,-89.04187366478));
#2789 = CARTESIAN_POINT('',(-1.5,-35.4424208494,-86.89228358241));
#2790 = CARTESIAN_POINT('',(-1.5,-35.28493998034,-86.05650853455));
#2791 = CARTESIAN_POINT('',(-1.5,-35.11967031905,-85.22222438066));
#2792 = CARTESIAN_POINT('',(-1.5,-34.94802727386,-84.38923954983));
#2793 = CARTESIAN_POINT('',(-1.5,-34.77124944355,-83.55735618854));
#2794 = CARTESIAN_POINT('',(-1.5,-34.59042753145,-82.72636425178));
#2795 = CARTESIAN_POINT('',(-1.5,-34.31821108356,-81.49731077319));
#2796 = CARTESIAN_POINT('',(-1.5,-34.22918924976,-81.09874126028));
#2797 = CARTESIAN_POINT('',(-1.5,-34.13956452147,-80.70030668143));
#2798 = CARTESIAN_POINT('',(-1.5,-34.04943760515,-80.30198550515));
#2799 = CARTESIAN_POINT('',(-1.5,-33.95890329549,-79.90375701343));
#2800 = CARTESIAN_POINT('',(-1.5,-33.86805092066,-79.50560120123));
#2801 = CARTESIAN_POINT('',(-1.5,-33.67863962366,-78.67775712707));
#2802 = CARTESIAN_POINT('',(-1.5,-33.58004214044,-78.24807798224));
#2803 = CARTESIAN_POINT('',(-1.5,-33.48127835146,-77.81843696961));
#2804 = CARTESIAN_POINT('',(-1.5,-33.3824475998,-77.38881132108));
#2805 = CARTESIAN_POINT('',(-1.5,-33.28364299373,-76.959179672));
#2806 = CARTESIAN_POINT('',(-1.5,-33.18495184269,-76.52952196093));
#2807 = CARTESIAN_POINT('',(-1.5,-32.97748802966,-75.62442964093));
#2808 = CARTESIAN_POINT('',(-1.5,-32.86875917533,-75.14898517874));
#2809 = CARTESIAN_POINT('',(-1.5,-32.76038044723,-74.67346053247));
#2810 = CARTESIAN_POINT('',(-1.5,-32.6524548253,-74.19783256004));
#2811 = CARTESIAN_POINT('',(-1.5,-32.54507780419,-73.72208028494));
#2812 = CARTESIAN_POINT('',(-1.5,-32.43833784502,-73.24618479351));
#2813 = CARTESIAN_POINT('',(-1.5,-31.93582192325,-70.98978738992));
#2814 = CARTESIAN_POINT('',(-1.5,-31.5493740055,-69.20716950091));
#2815 = CARTESIAN_POINT('',(-1.5,-31.1772687528,-67.42145386369));
#2816 = CARTESIAN_POINT('',(-1.5,-30.82249389761,-65.63216782669));
#2817 = CARTESIAN_POINT('',(-1.5,-30.48697581374,-63.83913769085));
#2818 = CARTESIAN_POINT('',(-1.5,-30.17164228472,-62.0424760376));
#2819 = CARTESIAN_POINT('',(-1.5,-29.46159228295,-57.71169303689));
#2820 = CARTESIAN_POINT('',(-1.5,-29.08660756216,-55.17417926412));
#2821 = CARTESIAN_POINT('',(-1.5,-28.75171634679,-52.63103524886));
#2822 = CARTESIAN_POINT('',(-1.5,-28.45345143253,-50.08342212557));
#2823 = CARTESIAN_POINT('',(-1.5,-28.18546719112,-47.5325634199));
#2824 = CARTESIAN_POINT('',(-1.5,-27.93956993221,-44.9796269918));
#2825 = CARTESIAN_POINT('',(-1.5,-27.65976168709,-41.90604219863));
#2826 = CARTESIAN_POINT('',(-1.5,-27.61301917836,-41.38646436413));
#2827 = CARTESIAN_POINT('',(-1.5,-27.56675676431,-40.86684350375));
#2828 = CARTESIAN_POINT('',(-1.5,-27.52090021632,-40.34718674448));
#2829 = CARTESIAN_POINT('',(-1.5,-27.47537486217,-39.82750101424));
#2830 = CARTESIAN_POINT('',(-1.5,-27.43010603377,-39.30779300232));
#2831 = CARTESIAN_POINT('',(-1.5,-27.355404519,-38.44668945553));
#2832 = CARTESIAN_POINT('',(-1.5,-27.32586821103,-38.10530297381));
#2833 = CARTESIAN_POINT('',(-1.5,-27.2963894939,-37.76391151377));
#2834 = CARTESIAN_POINT('',(-1.5,-27.26694744118,-37.42251689237));
#2835 = CARTESIAN_POINT('',(-1.5,-27.23752129717,-37.08112090456));
#2836 = CARTESIAN_POINT('',(-1.5,-27.20809047686,-36.73972532329));
#2837 = CARTESIAN_POINT('',(-1.5,-27.11329830578,-35.6410859373));
#2838 = CARTESIAN_POINT('',(-1.5,-27.04783876743,-34.88385087859));
#2839 = CARTESIAN_POINT('',(-1.5,-26.98203384399,-34.12664541543));
#2840 = CARTESIAN_POINT('',(-1.5,-26.91566768651,-33.3694884795));
#2841 = CARTESIAN_POINT('',(-1.5,-26.84853362,-32.6123989867));
#2842 = CARTESIAN_POINT('',(-1.5,-26.78043705934,-31.85539558181));
#2843 = CARTESIAN_POINT('',(-1.5,-26.57356048634,-29.59387332303));
#2844 = CARTESIAN_POINT('',(-1.5,-26.43140881631,-28.08965564889));
#2845 = CARTESIAN_POINT('',(-1.5,-26.28333385414,-26.58599846381));
#2846 = CARTESIAN_POINT('',(-1.5,-26.1281588618,-25.08304890416));
#2847 = CARTESIAN_POINT('',(-1.5,-25.9650295261,-23.58093691826));
#2848 = CARTESIAN_POINT('',(-1.5,-25.79348906904,-22.07976756225));
#2849 = CARTESIAN_POINT('',(-1.5,-25.4662718323,-19.35192491492));
#2850 = CARTESIAN_POINT('',(-1.5,-25.31337132594,-18.12490510864));
#2851 = CARTESIAN_POINT('',(-1.5,-25.1548371441,-16.89859635643));
#2852 = CARTESIAN_POINT('',(-1.5,-24.99087366405,-15.6730041361));
#2853 = CARTESIAN_POINT('',(-1.5,-24.82190744752,-14.44809609926));
#2854 = CARTESIAN_POINT('',(-1.5,-24.64860484476,-13.2237997294));
#2855 = CARTESIAN_POINT('',(-1.5,-24.47188959863,-12.));
#2856 = PCURVE('',#1177,#2857);
#2857 = DEFINITIONAL_REPRESENTATION('',(#2858),#2933);
#2858 = B_SPLINE_CURVE_WITH_KNOTS('',7,(#2859,#2860,#2861,#2862,#2863,
    #2864,#2865,#2866,#2867,#2868,#2869,#2870,#2871,#2872,#2873,#2874,
    #2875,#2876,#2877,#2878,#2879,#2880,#2881,#2882,#2883,#2884,#2885,
    #2886,#2887,#2888,#2889,#2890,#2891,#2892,#2893,#2894,#2895,#2896,
    #2897,#2898,#2899,#2900,#2901,#2902,#2903,#2904,#2905,#2906,#2907,
    #2908,#2909,#2910,#2911,#2912,#2913,#2914,#2915,#2916,#2917,#2918,
    #2919,#2920,#2921,#2922,#2923,#2924,#2925,#2926,#2927,#2928,#2929,
    #2930,#2931,#2932),.UNSPECIFIED.,.F.,.F.,(8,6,6,6,6,6,6,6,6,6,6,6,8)
  ,(0.,0.108504985322,0.17775760429,0.211013051031,0.24691145981,
    0.28662667706,0.435152710514,0.643995307191,0.686476530285,
    0.714380242572,0.776273565592,0.899309923996,1.),.UNSPECIFIED.);
#2859 = CARTESIAN_POINT('',(0.735938630655,0.));
#2860 = CARTESIAN_POINT('',(0.736375035127,1.367626381762E-02));
#2861 = CARTESIAN_POINT('',(0.736713705884,2.72312872262E-02));
#2862 = CARTESIAN_POINT('',(0.736986398594,4.064881016029E-02));
#2863 = CARTESIAN_POINT('',(0.737209491091,5.392411828607E-02));
#2864 = CARTESIAN_POINT('',(0.737395246825,6.706243427889E-02));
#2865 = CARTESIAN_POINT('',(0.737551981203,8.007915671737E-02));
#2866 = CARTESIAN_POINT('',(0.737771833728,0.101247017526));
#2867 = CARTESIAN_POINT('',(0.737848275037,0.109452093058));
#2868 = CARTESIAN_POINT('',(0.737917161426,0.1176199461));
#2869 = CARTESIAN_POINT('',(0.737979796866,0.125754746069));
#2870 = CARTESIAN_POINT('',(0.738037251618,0.13386047344));
#2871 = CARTESIAN_POINT('',(0.738090433955,0.141941018458));
#2872 = CARTESIAN_POINT('',(0.738163972281,0.153870323604));
#2873 = CARTESIAN_POINT('',(0.738187021921,0.157735448658));
#2874 = CARTESIAN_POINT('',(0.738209349442,0.16159602194));
#2875 = CARTESIAN_POINT('',(0.738231033291,0.165452427884));
#2876 = CARTESIAN_POINT('',(0.738252145704,0.169305034293));
#2877 = CARTESIAN_POINT('',(0.738272753445,0.173154194018));
#2878 = CARTESIAN_POINT('',(0.738314686253,0.181151962632));
#2879 = CARTESIAN_POINT('',(0.738335938145,0.185300055025));
#2880 = CARTESIAN_POINT('',(0.738356752108,0.189444949731));
#2881 = CARTESIAN_POINT('',(0.738377199518,0.193587048146));
#2882 = CARTESIAN_POINT('',(0.738397345841,0.197726728865));
#2883 = CARTESIAN_POINT('',(0.738417251233,0.201864349393));
#2884 = CARTESIAN_POINT('',(0.738458787719,0.21057588535));
#2885 = CARTESIAN_POINT('',(0.738480377261,0.215149413133));
#2886 = CARTESIAN_POINT('',(0.738501814722,0.219721287708));
#2887 = CARTESIAN_POINT('',(0.738523167939,0.224291932054));
#2888 = CARTESIAN_POINT('',(0.738544498168,0.2288617374));
#2889 = CARTESIAN_POINT('',(0.738565860631,0.233431065021));
#2890 = CARTESIAN_POINT('',(0.738667502397,0.255087970944));
#2891 = CARTESIAN_POINT('',(0.738748847698,0.272174016925));
#2892 = CARTESIAN_POINT('',(0.738833935055,0.289275178499));
#2893 = CARTESIAN_POINT('',(0.738924275055,0.306403057149));
#2894 = CARTESIAN_POINT('',(0.739020556008,0.323564975112));
#2895 = CARTESIAN_POINT('',(0.739122751385,0.340764195221));
#2896 = CARTESIAN_POINT('',(0.739381604267,0.382235868058));
#2897 = CARTESIAN_POINT('',(0.739543532912,0.406546330005));
#2898 = CARTESIAN_POINT('',(0.73971467745,0.430930560753));
#2899 = CARTESIAN_POINT('',(0.739891576234,0.455381396135));
#2900 = CARTESIAN_POINT('',(0.740070066312,0.479886782215));
#2901 = CARTESIAN_POINT('',(0.740246181939,0.504431618875));
#2902 = CARTESIAN_POINT('',(0.740451304884,0.533997809771));
#2903 = CARTESIAN_POINT('',(0.740485742531,0.538996400134));
#2904 = CARTESIAN_POINT('',(0.74051991813,0.543995888161));
#2905 = CARTESIAN_POINT('',(0.740553804962,0.548996146541));
#2906 = CARTESIAN_POINT('',(0.740587377474,0.553997045802));
#2907 = CARTESIAN_POINT('',(0.740620611383,0.558998455052));
#2908 = CARTESIAN_POINT('',(0.74067507593,0.567285657628));
#2909 = CARTESIAN_POINT('',(0.740696512114,0.570571235543));
#2910 = CARTESIAN_POINT('',(0.740717785809,0.573856938904));
#2911 = CARTESIAN_POINT('',(0.740738890767,0.577142729815));
#2912 = CARTESIAN_POINT('',(0.740759820994,0.580428570033));
#2913 = CARTESIAN_POINT('',(0.740780570755,0.583714420977));
#2914 = CARTESIAN_POINT('',(0.740846747253,0.594288538778));
#2915 = CARTESIAN_POINT('',(0.740891445103,0.601576692415));
#2916 = CARTESIAN_POINT('',(0.740935168407,0.608864284451));
#2917 = CARTESIAN_POINT('',(0.740977863905,0.616150880624));
#2918 = CARTESIAN_POINT('',(0.741019484875,0.623436037641));
#2919 = CARTESIAN_POINT('',(0.741059991213,0.630719308232));
#2920 = CARTESIAN_POINT('',(0.741177589001,0.652473860633));
#2921 = CARTESIAN_POINT('',(0.741251292181,0.666938318857));
#2922 = CARTESIAN_POINT('',(0.741320195364,0.681389993265));
#2923 = CARTESIAN_POINT('',(0.741384139507,0.695825269736));
#2924 = CARTESIAN_POINT('',(0.741443067255,0.710240721184));
#2925 = CARTESIAN_POINT('',(0.741497022155,0.724633257308));
#2926 = CARTESIAN_POINT('',(0.74158635511,0.750757861594));
#2927 = CARTESIAN_POINT('',(0.741623327545,0.762498469077));
#2928 = CARTESIAN_POINT('',(0.741657147937,0.774220626704));
#2929 = CARTESIAN_POINT('',(0.741687942354,0.785923305233));
#2930 = CARTESIAN_POINT('',(0.741715885194,0.797605930756));
#2931 = CARTESIAN_POINT('',(0.741741202062,0.80926842296));
#2932 = CARTESIAN_POINT('',(0.741764172652,0.820911233393));
#2933 = ( GEOMETRIC_REPRESENTATION_CONTEXT(2) 
PARAMETRIC_REPRESENTATION_CONTEXT() REPRESENTATION_CONTEXT('2D SPACE',''
  ) );
#2934 = PCURVE('',#2637,#2935);
#2935 = DEFINITIONAL_REPRESENTATION('',(#2936),#3011);
#2936 = B_SPLINE_CURVE_WITH_KNOTS('',7,(#2937,#2938,#2939,#2940,#2941,
    #2942,#2943,#2944,#2945,#2946,#2947,#2948,#2949,#2950,#2951,#2952,
    #2953,#2954,#2955,#2956,#2957,#2958,#2959,#2960,#2961,#2962,#2963,
    #2964,#2965,#2966,#2967,#2968,#2969,#2970,#2971,#2972,#2973,#2974,
    #2975,#2976,#2977,#2978,#2979,#2980,#2981,#2982,#2983,#2984,#2985,
    #2986,#2987,#2988,#2989,#2990,#2991,#2992,#2993,#2994,#2995,#2996,
    #2997,#2998,#2999,#3000,#3001,#3002,#3003,#3004,#3005,#3006,#3007,
    #3008,#3009,#3010),.UNSPECIFIED.,.F.,.F.,(8,6,6,6,6,6,6,6,6,6,6,6,8)
  ,(0.,0.108504985322,0.17775760429,0.211013051031,0.24691145981,
    0.28662667706,0.435152710514,0.643995307191,0.686476530285,
    0.714380242572,0.776273565592,0.899309923996,1.),.UNSPECIFIED.);
#2937 = CARTESIAN_POINT('',(6.,-13.54680409415));
#2938 = CARTESIAN_POINT('',(7.332090570413,-13.51334487054));
#2939 = CARTESIAN_POINT('',(8.665147028508,-13.55109790079));
#2940 = CARTESIAN_POINT('',(9.995785194355,-13.64697534554));
#2941 = CARTESIAN_POINT('',(11.321884207162,-13.78938705631));
#2942 = CARTESIAN_POINT('',(12.642546899174,-13.96880273999));
#2943 = CARTESIAN_POINT('',(13.95812633522,-14.17753712538));
#2944 = CARTESIAN_POINT('',(16.107716417588,-14.55757915059));
#2945 = CARTESIAN_POINT('',(16.943491465441,-14.71506001965));
#2946 = CARTESIAN_POINT('',(17.777775619337,-14.88032968094));
#2947 = CARTESIAN_POINT('',(18.610760450163,-15.05197272613));
#2948 = CARTESIAN_POINT('',(19.442643811457,-15.22875055644));
#2949 = CARTESIAN_POINT('',(20.273635748214,-15.40957246854));
#2950 = CARTESIAN_POINT('',(21.502689226801,-15.68178891643));
#2951 = CARTESIAN_POINT('',(21.901258739715,-15.77081075023));
#2952 = CARTESIAN_POINT('',(22.299693318563,-15.86043547852));
#2953 = CARTESIAN_POINT('',(22.698014494845,-15.95056239485));
#2954 = CARTESIAN_POINT('',(23.096242986563,-16.0410967045));
#2955 = CARTESIAN_POINT('',(23.494398798763,-16.13194907933));
#2956 = CARTESIAN_POINT('',(24.322242872927,-16.32136037633));
#2957 = CARTESIAN_POINT('',(24.751922017753,-16.41995785956));
#2958 = CARTESIAN_POINT('',(25.181563030382,-16.51872164853));
#2959 = CARTESIAN_POINT('',(25.611188678916,-16.61755240019));
#2960 = CARTESIAN_POINT('',(26.040820327995,-16.71635700627));
#2961 = CARTESIAN_POINT('',(26.470478039062,-16.8150481573));
#2962 = CARTESIAN_POINT('',(27.375570359064,-17.02251197033));
#2963 = CARTESIAN_POINT('',(27.851014821253,-17.13124082466));
#2964 = CARTESIAN_POINT('',(28.326539467528,-17.23961955276));
#2965 = CARTESIAN_POINT('',(28.80216743996,-17.34754517469));
#2966 = CARTESIAN_POINT('',(29.277919715059,-17.4549221958));
#2967 = CARTESIAN_POINT('',(29.753815206488,-17.56166215497));
#2968 = CARTESIAN_POINT('',(32.01021261008,-18.06417807674));
#2969 = CARTESIAN_POINT('',(33.792830499084,-18.45062599449));
#2970 = CARTESIAN_POINT('',(35.578546136306,-18.82273124719));
#2971 = CARTESIAN_POINT('',(37.367832173308,-19.17750610238));
#2972 = CARTESIAN_POINT('',(39.16086230915,-19.51302418625));
#2973 = CARTESIAN_POINT('',(40.957523962392,-19.82835771527));
#2974 = CARTESIAN_POINT('',(45.288306963101,-20.53840771705));
#2975 = CARTESIAN_POINT('',(47.825820735877,-20.91339243783));
#2976 = CARTESIAN_POINT('',(50.368964751134,-21.2482836532));
#2977 = CARTESIAN_POINT('',(52.916577874428,-21.54654856746));
#2978 = CARTESIAN_POINT('',(55.467436580099,-21.81453280887));
#2979 = CARTESIAN_POINT('',(58.020373008198,-22.06043006778));
#2980 = CARTESIAN_POINT('',(61.093957801369,-22.3402383129));
#2981 = CARTESIAN_POINT('',(61.613535635866,-22.38698082163));
#2982 = CARTESIAN_POINT('',(62.13315649625,-22.43324323568));
#2983 = CARTESIAN_POINT('',(62.652813255511,-22.47909978367));
#2984 = CARTESIAN_POINT('',(63.172498985752,-22.52462513782));
#2985 = CARTESIAN_POINT('',(63.692206997675,-22.56989396622));
#2986 = CARTESIAN_POINT('',(64.553310544463,-22.64459548099));
#2987 = CARTESIAN_POINT('',(64.894697026182,-22.67413178896));
#2988 = CARTESIAN_POINT('',(65.236088486228,-22.70361050609));
#2989 = CARTESIAN_POINT('',(65.577483107629,-22.73305255881));
#2990 = CARTESIAN_POINT('',(65.918879095432,-22.76247870282));
#2991 = CARTESIAN_POINT('',(66.260274676707,-22.79190952313));
#2992 = CARTESIAN_POINT('',(67.358914062695,-22.88670169422));
#2993 = CARTESIAN_POINT('',(68.116149121409,-22.95216123256));
#2994 = CARTESIAN_POINT('',(68.87335458457,-23.017966156));
#2995 = CARTESIAN_POINT('',(69.6305115205,-23.08433231348));
#2996 = CARTESIAN_POINT('',(70.387601013299,-23.15146637999));
#2997 = CARTESIAN_POINT('',(71.144604418188,-23.21956294065));
#2998 = CARTESIAN_POINT('',(73.406126676964,-23.42643951365));
#2999 = CARTESIAN_POINT('',(74.910344351104,-23.56859118368));
#3000 = CARTESIAN_POINT('',(76.414001536182,-23.71666614585));
#3001 = CARTESIAN_POINT('',(77.916951095834,-23.8718411382));
#3002 = CARTESIAN_POINT('',(79.419063081734,-24.03497047389));
#3003 = CARTESIAN_POINT('',(80.920232437741,-24.20651093095));
#3004 = CARTESIAN_POINT('',(83.648075085075,-24.53372816769));
#3005 = CARTESIAN_POINT('',(84.875094891356,-24.68662867405));
#3006 = CARTESIAN_POINT('',(86.101403643566,-24.84516285589));
#3007 = CARTESIAN_POINT('',(87.326995863891,-25.00912633594));
#3008 = CARTESIAN_POINT('',(88.551903900732,-25.17809255247));
#3009 = CARTESIAN_POINT('',(89.776200270598,-25.35139515523));
#3010 = CARTESIAN_POINT('',(91.,-25.52811040136));
#3011 = ( GEOMETRIC_REPRESENTATION_CONTEXT(2) 
PARAMETRIC_REPRESENTATION_CONTEXT() REPRESENTATION_CONTEXT('2D SPACE',''
  ) );
#3012 = ORIENTED_EDGE('',*,*,#3013,.F.);
#3013 = EDGE_CURVE('',#3014,#2778,#3016,.T.);
#3014 = VERTEX_POINT('',#3015);
#3015 = CARTESIAN_POINT('',(1.5,-24.47188959767,-12.));
#3016 = SURFACE_CURVE('',#3017,(#3023,#3032),.PCURVE_S1.);
#3017 = B_SPLINE_CURVE_WITH_KNOTS('',4,(#3018,#3019,#3020,#3021,#3022),
  .UNSPECIFIED.,.F.,.F.,(5,5),(0.,1.),.PIECEWISE_BEZIER_KNOTS.);
#3018 = CARTESIAN_POINT('',(1.5,-24.47188959767,-12.));
#3019 = CARTESIAN_POINT('',(0.750351368107,-24.50000562955,-12.));
#3020 = CARTESIAN_POINT('',(1.260858084606E-11,-24.50936254199,-12.));
#3021 = CARTESIAN_POINT('',(-0.750351368091,-24.50000563008,-12.));
#3022 = CARTESIAN_POINT('',(-1.5,-24.47188959863,-12.));
#3023 = PCURVE('',#1177,#3024);
#3024 = DEFINITIONAL_REPRESENTATION('',(#3025),#3031);
#3025 = B_SPLINE_CURVE_WITH_KNOTS('',4,(#3026,#3027,#3028,#3029,#3030),
  .UNSPECIFIED.,.F.,.F.,(5,5),(0.,1.),.PIECEWISE_BEZIER_KNOTS.);
#3026 = CARTESIAN_POINT('',(0.75823582737,0.820911233393));
#3027 = CARTESIAN_POINT('',(0.754116165062,0.820911233393));
#3028 = CARTESIAN_POINT('',(0.750000000011,0.820911233393));
#3029 = CARTESIAN_POINT('',(0.745883834961,0.820911233393));
#3030 = CARTESIAN_POINT('',(0.741764172652,0.820911233393));
#3031 = ( GEOMETRIC_REPRESENTATION_CONTEXT(2) 
PARAMETRIC_REPRESENTATION_CONTEXT() REPRESENTATION_CONTEXT('2D SPACE',''
  ) );
#3032 = PCURVE('',#2455,#3033);
#3033 = DEFINITIONAL_REPRESENTATION('',(#3034),#3040);
#3034 = B_SPLINE_CURVE_WITH_KNOTS('',4,(#3035,#3036,#3037,#3038,#3039),
  .UNSPECIFIED.,.F.,.F.,(5,5),(0.,1.),.PIECEWISE_BEZIER_KNOTS.);
#3035 = CARTESIAN_POINT('',(3.,25.528110402328));
#3036 = CARTESIAN_POINT('',(2.250351368107,25.499994370443));
#3037 = CARTESIAN_POINT('',(1.500000000013,25.49063745801));
#3038 = CARTESIAN_POINT('',(0.749648631909,25.499994369912));
#3039 = CARTESIAN_POINT('',(0.,25.528110401368));
#3040 = ( GEOMETRIC_REPRESENTATION_CONTEXT(2) 
PARAMETRIC_REPRESENTATION_CONTEXT() REPRESENTATION_CONTEXT('2D SPACE',''
  ) );
#3041 = ORIENTED_EDGE('',*,*,#3042,.F.);
#3042 = EDGE_CURVE('',#3043,#3014,#3045,.T.);
#3043 = VERTEX_POINT('',#3044);
#3044 = CARTESIAN_POINT('',(1.5,-36.45319590499,-97.));
#3045 = SURFACE_CURVE('',#3046,(#3121,#3199),.PCURVE_S1.);
#3046 = B_SPLINE_CURVE_WITH_KNOTS('',7,(#3047,#3048,#3049,#3050,#3051,
    #3052,#3053,#3054,#3055,#3056,#3057,#3058,#3059,#3060,#3061,#3062,
    #3063,#3064,#3065,#3066,#3067,#3068,#3069,#3070,#3071,#3072,#3073,
    #3074,#3075,#3076,#3077,#3078,#3079,#3080,#3081,#3082,#3083,#3084,
    #3085,#3086,#3087,#3088,#3089,#3090,#3091,#3092,#3093,#3094,#3095,
    #3096,#3097,#3098,#3099,#3100,#3101,#3102,#3103,#3104,#3105,#3106,
    #3107,#3108,#3109,#3110,#3111,#3112,#3113,#3114,#3115,#3116,#3117,
    #3118,#3119,#3120),.UNSPECIFIED.,.F.,.F.,(8,6,6,6,6,6,6,6,6,6,6,6,8)
  ,(0.,0.108504985322,0.17775760429,0.211013051031,0.246911459811,
    0.28662667706,0.435152710514,0.643995307191,0.686476530285,
    0.714380242572,0.776273565592,0.899309923996,1.),.UNSPECIFIED.);
#3047 = CARTESIAN_POINT('',(1.5,-36.45319590499,-97.));
#3048 = CARTESIAN_POINT('',(1.5,-36.4866551286,-95.66790942958));
#3049 = CARTESIAN_POINT('',(1.5,-36.44890209834,-94.33485297148));
#3050 = CARTESIAN_POINT('',(1.5,-36.35302465358,-93.00421480565));
#3051 = CARTESIAN_POINT('',(1.5,-36.21061294281,-91.67811579283));
#3052 = CARTESIAN_POINT('',(1.5,-36.03119725913,-90.35745310082));
#3053 = CARTESIAN_POINT('',(1.5,-35.82246287373,-89.04187366477));
#3054 = CARTESIAN_POINT('',(1.5,-35.44242084852,-86.89228358241));
#3055 = CARTESIAN_POINT('',(1.5,-35.28493997945,-86.05650853455));
#3056 = CARTESIAN_POINT('',(1.5,-35.11967031816,-85.22222438066));
#3057 = CARTESIAN_POINT('',(1.5,-34.94802727297,-84.38923954983));
#3058 = CARTESIAN_POINT('',(1.5,-34.77124944266,-83.55735618854));
#3059 = CARTESIAN_POINT('',(1.5,-34.59042753056,-82.72636425178));
#3060 = CARTESIAN_POINT('',(1.5,-34.31821108266,-81.49731077319));
#3061 = CARTESIAN_POINT('',(1.5,-34.22918924886,-81.09874126028));
#3062 = CARTESIAN_POINT('',(1.5,-34.13956452058,-80.70030668143));
#3063 = CARTESIAN_POINT('',(1.5,-34.04943760425,-80.30198550515));
#3064 = CARTESIAN_POINT('',(1.5,-33.95890329459,-79.90375701343));
#3065 = CARTESIAN_POINT('',(1.5,-33.86805091976,-79.50560120123));
#3066 = CARTESIAN_POINT('',(1.5,-33.67863962276,-78.67775712707));
#3067 = CARTESIAN_POINT('',(1.5,-33.58004213954,-78.24807798224));
#3068 = CARTESIAN_POINT('',(1.5,-33.48127835056,-77.81843696961));
#3069 = CARTESIAN_POINT('',(1.5,-33.3824475989,-77.38881132108));
#3070 = CARTESIAN_POINT('',(1.5,-33.28364299283,-76.959179672));
#3071 = CARTESIAN_POINT('',(1.5,-33.18495184179,-76.52952196093));
#3072 = CARTESIAN_POINT('',(1.5,-32.97748802876,-75.62442964093));
#3073 = CARTESIAN_POINT('',(1.5,-32.86875917443,-75.14898517874));
#3074 = CARTESIAN_POINT('',(1.5,-32.76038044633,-74.67346053247));
#3075 = CARTESIAN_POINT('',(1.5,-32.6524548244,-74.19783256004));
#3076 = CARTESIAN_POINT('',(1.5,-32.54507780329,-73.72208028494));
#3077 = CARTESIAN_POINT('',(1.5,-32.43833784412,-73.24618479351));
#3078 = CARTESIAN_POINT('',(1.5,-31.93582192235,-70.98978738992));
#3079 = CARTESIAN_POINT('',(1.5,-31.54937400459,-69.20716950089));
#3080 = CARTESIAN_POINT('',(1.5,-31.17726875191,-67.42145386373));
#3081 = CARTESIAN_POINT('',(1.5,-30.8224938967,-65.63216782665));
#3082 = CARTESIAN_POINT('',(1.5,-30.48697581284,-63.83913769087));
#3083 = CARTESIAN_POINT('',(1.5,-30.17164228381,-62.0424760376));
#3084 = CARTESIAN_POINT('',(1.5,-29.46159228204,-57.71169303689));
#3085 = CARTESIAN_POINT('',(1.5,-29.08660756126,-55.17417926412));
#3086 = CARTESIAN_POINT('',(1.5,-28.75171634589,-52.63103524886));
#3087 = CARTESIAN_POINT('',(1.5,-28.45345143163,-50.08342212557));
#3088 = CARTESIAN_POINT('',(1.5,-28.18546719021,-47.5325634199));
#3089 = CARTESIAN_POINT('',(1.5,-27.9395699313,-44.9796269918));
#3090 = CARTESIAN_POINT('',(1.5,-27.65976168618,-41.90604219863));
#3091 = CARTESIAN_POINT('',(1.5,-27.61301917745,-41.38646436413));
#3092 = CARTESIAN_POINT('',(1.5,-27.5667567634,-40.86684350375));
#3093 = CARTESIAN_POINT('',(1.5,-27.52090021541,-40.34718674448));
#3094 = CARTESIAN_POINT('',(1.5,-27.47537486126,-39.82750101424));
#3095 = CARTESIAN_POINT('',(1.5,-27.43010603286,-39.30779300232));
#3096 = CARTESIAN_POINT('',(1.5,-27.35540451808,-38.44668945553));
#3097 = CARTESIAN_POINT('',(1.5,-27.32586821012,-38.10530297381));
#3098 = CARTESIAN_POINT('',(1.5,-27.29638949299,-37.76391151377));
#3099 = CARTESIAN_POINT('',(1.5,-27.26694744027,-37.42251689237));
#3100 = CARTESIAN_POINT('',(1.5,-27.23752129625,-37.08112090456));
#3101 = CARTESIAN_POINT('',(1.5,-27.20809047594,-36.73972532329));
#3102 = CARTESIAN_POINT('',(1.5,-27.11329830486,-35.6410859373));
#3103 = CARTESIAN_POINT('',(1.5,-27.04783876651,-34.88385087859));
#3104 = CARTESIAN_POINT('',(1.5,-26.98203384307,-34.12664541543));
#3105 = CARTESIAN_POINT('',(1.5,-26.91566768559,-33.3694884795));
#3106 = CARTESIAN_POINT('',(1.5,-26.84853361908,-32.6123989867));
#3107 = CARTESIAN_POINT('',(1.5,-26.78043705842,-31.85539558181));
#3108 = CARTESIAN_POINT('',(1.5,-26.57356048541,-29.59387332303));
#3109 = CARTESIAN_POINT('',(1.5,-26.43140881538,-28.08965564889));
#3110 = CARTESIAN_POINT('',(1.5,-26.28333385321,-26.58599846381));
#3111 = CARTESIAN_POINT('',(1.5,-26.12815886086,-25.08304890416));
#3112 = CARTESIAN_POINT('',(1.5,-25.96502952517,-23.58093691826));
#3113 = CARTESIAN_POINT('',(1.5,-25.7934890681,-22.07976756225));
#3114 = CARTESIAN_POINT('',(1.5,-25.46627183136,-19.35192491492));
#3115 = CARTESIAN_POINT('',(1.5,-25.31337132499,-18.12490510864));
#3116 = CARTESIAN_POINT('',(1.5,-25.15483714315,-16.89859635643));
#3117 = CARTESIAN_POINT('',(1.5,-24.9908736631,-15.6730041361));
#3118 = CARTESIAN_POINT('',(1.5,-24.82190744656,-14.44809609926));
#3119 = CARTESIAN_POINT('',(1.5,-24.64860484381,-13.2237997294));
#3120 = CARTESIAN_POINT('',(1.5,-24.47188959767,-12.));
#3121 = PCURVE('',#1177,#3122);
#3122 = DEFINITIONAL_REPRESENTATION('',(#3123),#3198);
#3123 = B_SPLINE_CURVE_WITH_KNOTS('',7,(#3124,#3125,#3126,#3127,#3128,
    #3129,#3130,#3131,#3132,#3133,#3134,#3135,#3136,#3137,#3138,#3139,
    #3140,#3141,#3142,#3143,#3144,#3145,#3146,#3147,#3148,#3149,#3150,
    #3151,#3152,#3153,#3154,#3155,#3156,#3157,#3158,#3159,#3160,#3161,
    #3162,#3163,#3164,#3165,#3166,#3167,#3168,#3169,#3170,#3171,#3172,
    #3173,#3174,#3175,#3176,#3177,#3178,#3179,#3180,#3181,#3182,#3183,
    #3184,#3185,#3186,#3187,#3188,#3189,#3190,#3191,#3192,#3193,#3194,
    #3195,#3196,#3197),.UNSPECIFIED.,.F.,.F.,(8,6,6,6,6,6,6,6,6,6,6,6,8)
  ,(0.,0.108504985322,0.17775760429,0.211013051031,0.246911459811,
    0.28662667706,0.435152710514,0.643995307191,0.686476530285,
    0.714380242572,0.776273565592,0.899309923996,1.),.UNSPECIFIED.);
#3124 = CARTESIAN_POINT('',(0.764061369365,0.));
#3125 = CARTESIAN_POINT('',(0.763624964893,1.367626381762E-02));
#3126 = CARTESIAN_POINT('',(0.763286294136,2.723128722624E-02));
#3127 = CARTESIAN_POINT('',(0.763013601426,4.064881016023E-02));
#3128 = CARTESIAN_POINT('',(0.762790508929,5.392411828614E-02));
#3129 = CARTESIAN_POINT('',(0.762604753195,6.706243427886E-02));
#3130 = CARTESIAN_POINT('',(0.762448018818,8.007915671738E-02));
#3131 = CARTESIAN_POINT('',(0.762228166292,0.101247017526));
#3132 = CARTESIAN_POINT('',(0.762151724983,0.109452093058));
#3133 = CARTESIAN_POINT('',(0.762082838595,0.1176199461));
#3134 = CARTESIAN_POINT('',(0.762020203155,0.125754746069));
#3135 = CARTESIAN_POINT('',(0.761962748402,0.13386047344));
#3136 = CARTESIAN_POINT('',(0.761909566065,0.141941018458));
#3137 = CARTESIAN_POINT('',(0.761836027739,0.153870323604));
#3138 = CARTESIAN_POINT('',(0.7618129781,0.157735448658));
#3139 = CARTESIAN_POINT('',(0.761790650578,0.16159602194));
#3140 = CARTESIAN_POINT('',(0.76176896673,0.165452427884));
#3141 = CARTESIAN_POINT('',(0.761747854317,0.169305034293));
#3142 = CARTESIAN_POINT('',(0.761727246575,0.173154194018));
#3143 = CARTESIAN_POINT('',(0.761685313768,0.181151962632));
#3144 = CARTESIAN_POINT('',(0.761664061875,0.185300055025));
#3145 = CARTESIAN_POINT('',(0.761643247913,0.189444949731));
#3146 = CARTESIAN_POINT('',(0.761622800503,0.193587048146));
#3147 = CARTESIAN_POINT('',(0.76160265418,0.197726728865));
#3148 = CARTESIAN_POINT('',(0.761582748788,0.201864349393));
#3149 = CARTESIAN_POINT('',(0.761541212302,0.21057588535));
#3150 = CARTESIAN_POINT('',(0.76151962276,0.215149413133));
#3151 = CARTESIAN_POINT('',(0.761498185298,0.219721287708));
#3152 = CARTESIAN_POINT('',(0.761476832082,0.224291932054));
#3153 = CARTESIAN_POINT('',(0.761455501852,0.2288617374));
#3154 = CARTESIAN_POINT('',(0.76143413939,0.233431065021));
#3155 = CARTESIAN_POINT('',(0.761332497623,0.255087970944));
#3156 = CARTESIAN_POINT('',(0.761251152322,0.272174016926));
#3157 = CARTESIAN_POINT('',(0.761166064966,0.289275178499));
#3158 = CARTESIAN_POINT('',(0.761075724966,0.30640305715));
#3159 = CARTESIAN_POINT('',(0.760979444013,0.323564975111));
#3160 = CARTESIAN_POINT('',(0.760877248635,0.340764195221));
#3161 = CARTESIAN_POINT('',(0.760618395754,0.382235868058));
#3162 = CARTESIAN_POINT('',(0.760456467109,0.406546330005));
#3163 = CARTESIAN_POINT('',(0.760285322571,0.430930560753));
#3164 = CARTESIAN_POINT('',(0.760108423787,0.455381396135));
#3165 = CARTESIAN_POINT('',(0.759929933709,0.479886782215));
#3166 = CARTESIAN_POINT('',(0.759753818082,0.504431618875));
#3167 = CARTESIAN_POINT('',(0.759548695137,0.533997809771));
#3168 = CARTESIAN_POINT('',(0.75951425749,0.538996400134));
#3169 = CARTESIAN_POINT('',(0.759480081891,0.543995888161));
#3170 = CARTESIAN_POINT('',(0.75944619506,0.548996146541));
#3171 = CARTESIAN_POINT('',(0.759412622547,0.553997045802));
#3172 = CARTESIAN_POINT('',(0.759379388638,0.558998455052));
#3173 = CARTESIAN_POINT('',(0.759324924091,0.567285657628));
#3174 = CARTESIAN_POINT('',(0.759303487907,0.570571235543));
#3175 = CARTESIAN_POINT('',(0.759282214212,0.573856938904));
#3176 = CARTESIAN_POINT('',(0.759261109254,0.577142729815));
#3177 = CARTESIAN_POINT('',(0.759240179028,0.580428570033));
#3178 = CARTESIAN_POINT('',(0.759219429266,0.583714420977));
#3179 = CARTESIAN_POINT('',(0.759153252768,0.594288538778));
#3180 = CARTESIAN_POINT('',(0.759108554918,0.601576692415));
#3181 = CARTESIAN_POINT('',(0.759064831614,0.608864284451));
#3182 = CARTESIAN_POINT('',(0.759022136117,0.616150880624));
#3183 = CARTESIAN_POINT('',(0.758980515147,0.623436037641));
#3184 = CARTESIAN_POINT('',(0.758940008809,0.630719308232));
#3185 = CARTESIAN_POINT('',(0.758822411021,0.652473860633));
#3186 = CARTESIAN_POINT('',(0.758748707841,0.666938318857));
#3187 = CARTESIAN_POINT('',(0.758679804657,0.681389993265));
#3188 = CARTESIAN_POINT('',(0.758615860515,0.695825269736));
#3189 = CARTESIAN_POINT('',(0.758556932766,0.710240721184));
#3190 = CARTESIAN_POINT('',(0.758502977866,0.724633257308));
#3191 = CARTESIAN_POINT('',(0.758413644912,0.750757861594));
#3192 = CARTESIAN_POINT('',(0.758376672476,0.762498469077));
#3193 = CARTESIAN_POINT('',(0.758342852084,0.774220626704));
#3194 = CARTESIAN_POINT('',(0.758312057667,0.785923305233));
#3195 = CARTESIAN_POINT('',(0.758284114828,0.797605930756));
#3196 = CARTESIAN_POINT('',(0.758258797959,0.80926842296));
#3197 = CARTESIAN_POINT('',(0.75823582737,0.820911233393));
#3198 = ( GEOMETRIC_REPRESENTATION_CONTEXT(2) 
PARAMETRIC_REPRESENTATION_CONTEXT() REPRESENTATION_CONTEXT('2D SPACE',''
  ) );
#3199 = PCURVE('',#2347,#3200);
#3200 = DEFINITIONAL_REPRESENTATION('',(#3201),#3276);
#3201 = B_SPLINE_CURVE_WITH_KNOTS('',7,(#3202,#3203,#3204,#3205,#3206,
    #3207,#3208,#3209,#3210,#3211,#3212,#3213,#3214,#3215,#3216,#3217,
    #3218,#3219,#3220,#3221,#3222,#3223,#3224,#3225,#3226,#3227,#3228,
    #3229,#3230,#3231,#3232,#3233,#3234,#3235,#3236,#3237,#3238,#3239,
    #3240,#3241,#3242,#3243,#3244,#3245,#3246,#3247,#3248,#3249,#3250,
    #3251,#3252,#3253,#3254,#3255,#3256,#3257,#3258,#3259,#3260,#3261,
    #3262,#3263,#3264,#3265,#3266,#3267,#3268,#3269,#3270,#3271,#3272,
    #3273,#3274,#3275),.UNSPECIFIED.,.F.,.F.,(8,6,6,6,6,6,6,6,6,6,6,6,8)
  ,(0.,0.108504985322,0.17775760429,0.211013051031,0.246911459811,
    0.28662667706,0.435152710514,0.643995307191,0.686476530285,
    0.714380242572,0.776273565592,0.899309923996,1.),.UNSPECIFIED.);
#3202 = CARTESIAN_POINT('',(6.,-13.546804095));
#3203 = CARTESIAN_POINT('',(7.332090570413,-13.51334487139));
#3204 = CARTESIAN_POINT('',(8.665147028512,-13.55109790165));
#3205 = CARTESIAN_POINT('',(9.995785194349,-13.64697534641));
#3206 = CARTESIAN_POINT('',(11.321884207169,-13.78938705718));
#3207 = CARTESIAN_POINT('',(12.642546899171,-13.96880274086));
#3208 = CARTESIAN_POINT('',(13.958126335221,-14.17753712626));
#3209 = CARTESIAN_POINT('',(16.107716417587,-14.55757915147));
#3210 = CARTESIAN_POINT('',(16.943491465442,-14.71506002054));
#3211 = CARTESIAN_POINT('',(17.777775619336,-14.88032968183));
#3212 = CARTESIAN_POINT('',(18.610760450162,-15.05197272702));
#3213 = CARTESIAN_POINT('',(19.442643811458,-15.22875055733));
#3214 = CARTESIAN_POINT('',(20.273635748214,-15.40957246943));
#3215 = CARTESIAN_POINT('',(21.502689226801,-15.68178891733));
#3216 = CARTESIAN_POINT('',(21.901258739715,-15.77081075113));
#3217 = CARTESIAN_POINT('',(22.299693318563,-15.86043547941));
#3218 = CARTESIAN_POINT('',(22.698014494845,-15.95056239574));
#3219 = CARTESIAN_POINT('',(23.096242986563,-16.0410967054));
#3220 = CARTESIAN_POINT('',(23.494398798763,-16.13194908023));
#3221 = CARTESIAN_POINT('',(24.322242872927,-16.32136037723));
#3222 = CARTESIAN_POINT('',(24.751922017753,-16.41995786046));
#3223 = CARTESIAN_POINT('',(25.181563030382,-16.51872164943));
#3224 = CARTESIAN_POINT('',(25.611188678916,-16.61755240109));
#3225 = CARTESIAN_POINT('',(26.040820327995,-16.71635700717));
#3226 = CARTESIAN_POINT('',(26.470478039062,-16.8150481582));
#3227 = CARTESIAN_POINT('',(27.375570359064,-17.02251197123));
#3228 = CARTESIAN_POINT('',(27.851014821253,-17.13124082556));
#3229 = CARTESIAN_POINT('',(28.326539467528,-17.23961955366));
#3230 = CARTESIAN_POINT('',(28.80216743996,-17.34754517559));
#3231 = CARTESIAN_POINT('',(29.277919715058,-17.4549221967));
#3232 = CARTESIAN_POINT('',(29.753815206488,-17.56166215587));
#3233 = CARTESIAN_POINT('',(32.010212610073,-18.06417807764));
#3234 = CARTESIAN_POINT('',(33.792830499108,-18.4506259954));
#3235 = CARTESIAN_POINT('',(35.578546136263,-18.82273124809));
#3236 = CARTESIAN_POINT('',(37.367832173349,-19.17750610329));
#3237 = CARTESIAN_POINT('',(39.160862309129,-19.51302418715));
#3238 = CARTESIAN_POINT('',(40.957523962397,-19.82835771618));
#3239 = CARTESIAN_POINT('',(45.288306963101,-20.53840771795));
#3240 = CARTESIAN_POINT('',(47.825820735878,-20.91339243873));
#3241 = CARTESIAN_POINT('',(50.368964751134,-21.2482836541));
#3242 = CARTESIAN_POINT('',(52.916577874427,-21.54654856836));
#3243 = CARTESIAN_POINT('',(55.4674365801,-21.81453280978));
#3244 = CARTESIAN_POINT('',(58.020373008197,-22.06043006869));
#3245 = CARTESIAN_POINT('',(61.09395780137,-22.34023831381));
#3246 = CARTESIAN_POINT('',(61.613535635866,-22.38698082254));
#3247 = CARTESIAN_POINT('',(62.13315649625,-22.43324323659));
#3248 = CARTESIAN_POINT('',(62.652813255511,-22.47909978458));
#3249 = CARTESIAN_POINT('',(63.172498985752,-22.52462513873));
#3250 = CARTESIAN_POINT('',(63.692206997675,-22.56989396713));
#3251 = CARTESIAN_POINT('',(64.553310544463,-22.64459548191));
#3252 = CARTESIAN_POINT('',(64.894697026182,-22.67413178987));
#3253 = CARTESIAN_POINT('',(65.236088486228,-22.703610507));
#3254 = CARTESIAN_POINT('',(65.577483107629,-22.73305255972));
#3255 = CARTESIAN_POINT('',(65.918879095431,-22.76247870374));
#3256 = CARTESIAN_POINT('',(66.260274676707,-22.79190952405));
#3257 = CARTESIAN_POINT('',(67.358914062696,-22.88670169513));
#3258 = CARTESIAN_POINT('',(68.116149121409,-22.95216123348));
#3259 = CARTESIAN_POINT('',(68.87335458457,-23.01796615692));
#3260 = CARTESIAN_POINT('',(69.6305115205,-23.0843323144));
#3261 = CARTESIAN_POINT('',(70.387601013299,-23.15146638091));
#3262 = CARTESIAN_POINT('',(71.144604418188,-23.21956294158));
#3263 = CARTESIAN_POINT('',(73.406126676963,-23.42643951458));
#3264 = CARTESIAN_POINT('',(74.910344351107,-23.56859118461));
#3265 = CARTESIAN_POINT('',(76.414001536181,-23.71666614678));
#3266 = CARTESIAN_POINT('',(77.916951095832,-23.87184113913));
#3267 = CARTESIAN_POINT('',(79.419063081736,-24.03497047482));
#3268 = CARTESIAN_POINT('',(80.920232437741,-24.20651093189));
#3269 = CARTESIAN_POINT('',(83.648075085076,-24.53372816863));
#3270 = CARTESIAN_POINT('',(84.875094891356,-24.686628675));
#3271 = CARTESIAN_POINT('',(86.101403643565,-24.84516285684));
#3272 = CARTESIAN_POINT('',(87.326995863891,-25.00912633689));
#3273 = CARTESIAN_POINT('',(88.551903900732,-25.17809255343));
#3274 = CARTESIAN_POINT('',(89.776200270598,-25.35139515618));
#3275 = CARTESIAN_POINT('',(91.,-25.52811040232));
#3276 = ( GEOMETRIC_REPRESENTATION_CONTEXT(2) 
PARAMETRIC_REPRESENTATION_CONTEXT() REPRESENTATION_CONTEXT('2D SPACE',''
  ) );
#3277 = ORIENTED_EDGE('',*,*,#3278,.T.);
#3278 = EDGE_CURVE('',#3043,#3279,#3281,.T.);
#3279 = VERTEX_POINT('',#3280);
#3280 = CARTESIAN_POINT('',(3.910855156381,-36.17814486149,-97.));
#3281 = SURFACE_CURVE('',#3282,(#3298,#3305),.PCURVE_S1.);
#3282 = B_SPLINE_CURVE_WITH_KNOTS('',14,(#3283,#3284,#3285,#3286,#3287,
    #3288,#3289,#3290,#3291,#3292,#3293,#3294,#3295,#3296,#3297),
  .UNSPECIFIED.,.T.,.F.,(15,15),(0.,1.),.PIECEWISE_BEZIER_KNOTS.);
#3283 = CARTESIAN_POINT('',(17.,-24.5,-97.));
#3284 = CARTESIAN_POINT('',(17.000000000003,-19.11441259384,-97.));
#3285 = CARTESIAN_POINT('',(13.3124558596,-13.72882319974,-97.));
#3286 = CARTESIAN_POINT('',(5.93736286467,-9.706167841123,-97.));
#3287 = CARTESIAN_POINT('',(-4.022380450564,-8.409228850085,-97.));
#3288 = CARTESIAN_POINT('',(-14.36118622684,-10.71227766788,-97.));
#3289 = CARTESIAN_POINT('',(-22.2537089282,-16.50937705681,-97.));
#3290 = CARTESIAN_POINT('',(-25.22508623481,-24.49999999985,-97.));
#3291 = CARTESIAN_POINT('',(-22.25370892821,-32.49062294344,-97.));
#3292 = CARTESIAN_POINT('',(-14.36118622683,-38.28772233191,-97.));
#3293 = CARTESIAN_POINT('',(-4.022380450576,-40.59077115003,-97.));
#3294 = CARTESIAN_POINT('',(5.937362864677,-39.29383215881,-97.));
#3295 = CARTESIAN_POINT('',(13.312455859597,-35.27117680027,-97.));
#3296 = CARTESIAN_POINT('',(17.000000000003,-29.88558740615,-97.));
#3297 = CARTESIAN_POINT('',(17.,-24.5,-97.));
#3298 = PCURVE('',#1177,#3299);
#3299 = DEFINITIONAL_REPRESENTATION('',(#3300),#3304);
#3300 = LINE('',#3301,#3302);
#3301 = CARTESIAN_POINT('',(0.,0.));
#3302 = VECTOR('',#3303,1.);
#3303 = DIRECTION('',(1.,0.));
#3304 = ( GEOMETRIC_REPRESENTATION_CONTEXT(2) 
PARAMETRIC_REPRESENTATION_CONTEXT() REPRESENTATION_CONTEXT('2D SPACE',''
  ) );
#3305 = PCURVE('',#1844,#3306);
#3306 = DEFINITIONAL_REPRESENTATION('',(#3307),#3323);
#3307 = B_SPLINE_CURVE_WITH_KNOTS('',14,(#3308,#3309,#3310,#3311,#3312,
    #3313,#3314,#3315,#3316,#3317,#3318,#3319,#3320,#3321,#3322),
  .UNSPECIFIED.,.F.,.F.,(15,15),(0.,1.),.PIECEWISE_BEZIER_KNOTS.);
#3308 = CARTESIAN_POINT('',(0.,0.));
#3309 = CARTESIAN_POINT('',(-2.51887399827E-12,5.385587406157));
#3310 = CARTESIAN_POINT('',(3.6875441404,10.771176800251));
#3311 = CARTESIAN_POINT('',(11.06263713533,14.793832158877));
#3312 = CARTESIAN_POINT('',(21.022380450564,16.090771149915));
#3313 = CARTESIAN_POINT('',(31.361186226848,13.787722332116));
#3314 = CARTESIAN_POINT('',(39.253708928206,7.990622943184));
#3315 = CARTESIAN_POINT('',(42.225086234812,1.420055184553E-10));
#3316 = CARTESIAN_POINT('',(39.253708928215,-7.990622943444));
#3317 = CARTESIAN_POINT('',(31.361186226835,-13.78772233191));
#3318 = CARTESIAN_POINT('',(21.022380450576,-16.09077115003));
#3319 = CARTESIAN_POINT('',(11.062637135323,-14.79383215881));
#3320 = CARTESIAN_POINT('',(3.687544140403,-10.77117680027));
#3321 = CARTESIAN_POINT('',(-3.154809746775E-12,-5.385587406153));
#3322 = CARTESIAN_POINT('',(1.06581410364E-14,1.42108547152E-14));
#3323 = ( GEOMETRIC_REPRESENTATION_CONTEXT(2) 
PARAMETRIC_REPRESENTATION_CONTEXT() REPRESENTATION_CONTEXT('2D SPACE',''
  ) );
#3324 = ORIENTED_EDGE('',*,*,#3325,.T.);
#3325 = EDGE_CURVE('',#3279,#3326,#3328,.T.);
#3326 = VERTEX_POINT('',#3327);
#3327 = CARTESIAN_POINT('',(3.882966912657,-36.13304522518,-94.));
#3328 = SURFACE_CURVE('',#3329,(#3336,#3346),.PCURVE_S1.);
#3329 = B_SPLINE_CURVE_WITH_KNOTS('',5,(#3330,#3331,#3332,#3333,#3334,
    #3335),.UNSPECIFIED.,.F.,.F.,(6,6),(0.,1.),
  .PIECEWISE_BEZIER_KNOTS.);
#3330 = CARTESIAN_POINT('',(3.910855156381,-36.17814486149,-97.));
#3331 = CARTESIAN_POINT('',(3.921537288308,-36.19525009709,
    -96.40000290027));
#3332 = CARTESIAN_POINT('',(3.923340642755,-36.19797865796,
    -95.79971703586));
#3333 = CARTESIAN_POINT('',(3.916814190566,-36.18774069173,
    -95.19948629561));
#3334 = CARTESIAN_POINT('',(3.90298667022,-36.16574241145,
    -94.59954107085));
#3335 = CARTESIAN_POINT('',(3.882966892622,-36.13304519246,-93.9999994)
  );
#3336 = PCURVE('',#1177,#3337);
#3337 = DEFINITIONAL_REPRESENTATION('',(#3338),#3345);
#3338 = B_SPLINE_CURVE_WITH_KNOTS('',5,(#3339,#3340,#3341,#3342,#3343,
    #3344),.UNSPECIFIED.,.F.,.F.,(6,6),(0.,1.),
  .PIECEWISE_BEZIER_KNOTS.);
#3339 = CARTESIAN_POINT('',(0.786944537053,0.));
#3340 = CARTESIAN_POINT('',(0.786522739911,6.16003056244E-03));
#3341 = CARTESIAN_POINT('',(0.786068829151,1.229451645861E-02));
#3342 = CARTESIAN_POINT('',(0.785585062605,1.840206759089E-02));
#3343 = CARTESIAN_POINT('',(0.785077689495,2.448233117805E-02));
#3344 = CARTESIAN_POINT('',(0.784553196298,3.053591207835E-02));
#3345 = ( GEOMETRIC_REPRESENTATION_CONTEXT(2) 
PARAMETRIC_REPRESENTATION_CONTEXT() REPRESENTATION_CONTEXT('2D SPACE',''
  ) );
#3346 = PCURVE('',#1800,#3347);
#3347 = DEFINITIONAL_REPRESENTATION('',(#3348),#3355);
#3348 = B_SPLINE_CURVE_WITH_KNOTS('',5,(#3349,#3350,#3351,#3352,#3353,
    #3354),.UNSPECIFIED.,.F.,.F.,(6,6),(0.,1.),
  .PIECEWISE_BEZIER_KNOTS.);
#3349 = CARTESIAN_POINT('',(-3.699828648891,-12.));
#3350 = CARTESIAN_POINT('',(-3.703189770675,-12.59999709972));
#3351 = CARTESIAN_POINT('',(-3.703734747171,-13.20028296413));
#3352 = CARTESIAN_POINT('',(-3.701711127531,-13.80051370438));
#3353 = CARTESIAN_POINT('',(-3.69738086523,-14.40045892914));
#3354 = CARTESIAN_POINT('',(-3.690990986895,-15.0000006));
#3355 = ( GEOMETRIC_REPRESENTATION_CONTEXT(2) 
PARAMETRIC_REPRESENTATION_CONTEXT() REPRESENTATION_CONTEXT('2D SPACE',''
  ) );
#3356 = ORIENTED_EDGE('',*,*,#3357,.F.);
#3357 = EDGE_CURVE('',#1775,#3326,#3358,.T.);
#3358 = SURFACE_CURVE('',#3359,(#3376,#3396),.PCURVE_S1.);
#3359 = B_SPLINE_CURVE_WITH_KNOTS('',8,(#3360,#3361,#3362,#3363,#3364,
    #3365,#3366,#3367,#3368,#3369,#3370,#3371,#3372,#3373,#3374,#3375),
  .UNSPECIFIED.,.F.,.F.,(9,7,9),(0.,0.287631918237,1.),.UNSPECIFIED.);
#3360 = CARTESIAN_POINT('',(15.,-30.74957414647,-94.));
#3361 = CARTESIAN_POINT('',(14.668067229676,-31.10208066013,-94.));
#3362 = CARTESIAN_POINT('',(14.321695744777,-31.44093868827,-94.));
#3363 = CARTESIAN_POINT('',(13.962180213055,-31.7661351763,-94.));
#3364 = CARTESIAN_POINT('',(13.590723687828,-32.07772353626,-94.));
#3365 = CARTESIAN_POINT('',(13.208429660955,-32.37581375042,-94.));
#3366 = CARTESIAN_POINT('',(12.816294115816,-32.66056247496,-94.));
#3367 = CARTESIAN_POINT('',(12.415197580288,-32.93216314357,-94.));
#3368 = CARTESIAN_POINT('',(10.9921969513,-33.83148241616,-94.));
#3369 = CARTESIAN_POINT('',(9.929274410304,-34.39213702243,-94.));
#3370 = CARTESIAN_POINT('',(8.827781278655,-34.87709103242,-94.));
#3371 = CARTESIAN_POINT('',(7.696483676378,-35.28917640187,-94.));
#3372 = CARTESIAN_POINT('',(6.542790029184,-35.63102358563,-94.));
#3373 = CARTESIAN_POINT('',(5.372670079821,-35.90482562671,-94.));
#3374 = CARTESIAN_POINT('',(4.190719074187,-36.11239034674,-94.));
#3375 = CARTESIAN_POINT('',(3.,-36.25463903151,-94.));
#3376 = PCURVE('',#1177,#3377);
#3377 = DEFINITIONAL_REPRESENTATION('',(#3378),#3395);
#3378 = B_SPLINE_CURVE_WITH_KNOTS('',8,(#3379,#3380,#3381,#3382,#3383,
    #3384,#3385,#3386,#3387,#3388,#3389,#3390,#3391,#3392,#3393,#3394),
  .UNSPECIFIED.,.F.,.F.,(9,7,9),(0.,0.287631918237,1.),.UNSPECIFIED.);
#3379 = CARTESIAN_POINT('',(0.906432437987,3.053590602014E-02));
#3380 = CARTESIAN_POINT('',(0.901148415945,3.053590602014E-02));
#3381 = CARTESIAN_POINT('',(0.895935352758,3.053590602014E-02));
#3382 = CARTESIAN_POINT('',(0.890790838639,3.053590602014E-02));
#3383 = CARTESIAN_POINT('',(0.885712342686,3.053590602014E-02));
#3384 = CARTESIAN_POINT('',(0.880697147109,3.053590602014E-02));
#3385 = CARTESIAN_POINT('',(0.875742281448,3.053590602014E-02));
#3386 = CARTESIAN_POINT('',(0.870844456791,3.053590602014E-02));
#3387 = CARTESIAN_POINT('',(0.85400190044,3.053590602014E-02));
#3388 = CARTESIAN_POINT('',(0.84234413621,3.053590602014E-02));
#3389 = CARTESIAN_POINT('',(0.830957360088,3.053590602014E-02));
#3390 = CARTESIAN_POINT('',(0.819796407258,3.053590602014E-02));
#3391 = CARTESIAN_POINT('',(0.808820736701,3.053590602014E-02));
#3392 = CARTESIAN_POINT('',(0.797992698663,3.053590602014E-02));
#3393 = CARTESIAN_POINT('',(0.787272003391,3.053590602014E-02));
#3394 = CARTESIAN_POINT('',(0.776610566106,3.053590602014E-02));
#3395 = ( GEOMETRIC_REPRESENTATION_CONTEXT(2) 
PARAMETRIC_REPRESENTATION_CONTEXT() REPRESENTATION_CONTEXT('2D SPACE',''
  ) );
#3396 = PCURVE('',#3397,#3402);
#3397 = PLANE('',#3398);
#3398 = AXIS2_PLACEMENT_3D('',#3399,#3400,#3401);
#3399 = CARTESIAN_POINT('',(9.,-33.,-94.));
#3400 = DIRECTION('',(0.,0.,1.));
#3401 = DIRECTION('',(1.,0.,-0.));
#3402 = DEFINITIONAL_REPRESENTATION('',(#3403),#3420);
#3403 = B_SPLINE_CURVE_WITH_KNOTS('',8,(#3404,#3405,#3406,#3407,#3408,
    #3409,#3410,#3411,#3412,#3413,#3414,#3415,#3416,#3417,#3418,#3419),
  .UNSPECIFIED.,.F.,.F.,(9,7,9),(0.,0.287631918237,1.),.UNSPECIFIED.);
#3404 = CARTESIAN_POINT('',(6.,2.250425853527));
#3405 = CARTESIAN_POINT('',(5.668067229676,1.897919339868));
#3406 = CARTESIAN_POINT('',(5.321695744777,1.559061311726));
#3407 = CARTESIAN_POINT('',(4.962180213055,1.233864823694));
#3408 = CARTESIAN_POINT('',(4.590723687828,0.92227646374));
#3409 = CARTESIAN_POINT('',(4.208429660955,0.624186249576));
#3410 = CARTESIAN_POINT('',(3.816294115816,0.339437525031));
#3411 = CARTESIAN_POINT('',(3.415197580288,6.783685642624E-02));
#3412 = CARTESIAN_POINT('',(1.9921969513,-0.831482416162));
#3413 = CARTESIAN_POINT('',(0.929274410304,-1.392137022432));
#3414 = CARTESIAN_POINT('',(-0.172218721345,-1.877091032427));
#3415 = CARTESIAN_POINT('',(-1.303516323622,-2.289176401873));
#3416 = CARTESIAN_POINT('',(-2.457209970816,-2.631023585636));
#3417 = CARTESIAN_POINT('',(-3.627329920179,-2.904825626715));
#3418 = CARTESIAN_POINT('',(-4.809280925813,-3.112390346744));
#3419 = CARTESIAN_POINT('',(-6.,-3.254639031517));
#3420 = ( GEOMETRIC_REPRESENTATION_CONTEXT(2) 
PARAMETRIC_REPRESENTATION_CONTEXT() REPRESENTATION_CONTEXT('2D SPACE',''
  ) );
#3421 = ADVANCED_FACE('',(#3422),#1294,.F.);
#3422 = FACE_BOUND('',#3423,.F.);
#3423 = EDGE_LOOP('',(#3424,#3425));
#3424 = ORIENTED_EDGE('',*,*,#1894,.T.);
#3425 = ORIENTED_EDGE('',*,*,#1277,.T.);
#3426 = ADVANCED_FACE('',(#3427),#1800,.T.);
#3427 = FACE_BOUND('',#3428,.F.);
#3428 = EDGE_LOOP('',(#3429,#3458,#3481,#3503,#3504,#3526,#3527,#3549));
#3429 = ORIENTED_EDGE('',*,*,#3430,.F.);
#3430 = EDGE_CURVE('',#3431,#3431,#3433,.T.);
#3431 = VERTEX_POINT('',#3432);
#3432 = CARTESIAN_POINT('',(15.,-33.,-109.));
#3433 = SURFACE_CURVE('',#3434,(#3439,#3446),.PCURVE_S1.);
#3434 = CIRCLE('',#3435,6.);
#3435 = AXIS2_PLACEMENT_3D('',#3436,#3437,#3438);
#3436 = CARTESIAN_POINT('',(9.,-33.,-109.));
#3437 = DIRECTION('',(0.,0.,1.));
#3438 = DIRECTION('',(1.,0.,0.));
#3439 = PCURVE('',#1800,#3440);
#3440 = DEFINITIONAL_REPRESENTATION('',(#3441),#3445);
#3441 = LINE('',#3442,#3443);
#3442 = CARTESIAN_POINT('',(-0.,0.));
#3443 = VECTOR('',#3444,1.);
#3444 = DIRECTION('',(-1.,0.));
#3445 = ( GEOMETRIC_REPRESENTATION_CONTEXT(2) 
PARAMETRIC_REPRESENTATION_CONTEXT() REPRESENTATION_CONTEXT('2D SPACE',''
  ) );
#3446 = PCURVE('',#3447,#3452);
#3447 = PLANE('',#3448);
#3448 = AXIS2_PLACEMENT_3D('',#3449,#3450,#3451);
#3449 = CARTESIAN_POINT('',(9.,-33.,-109.));
#3450 = DIRECTION('',(0.,0.,1.));
#3451 = DIRECTION('',(1.,0.,-0.));
#3452 = DEFINITIONAL_REPRESENTATION('',(#3453),#3457);
#3453 = CIRCLE('',#3454,6.);
#3454 = AXIS2_PLACEMENT_2D('',#3455,#3456);
#3455 = CARTESIAN_POINT('',(0.,7.105427357601E-15));
#3456 = DIRECTION('',(1.,0.));
#3457 = ( GEOMETRIC_REPRESENTATION_CONTEXT(2) 
PARAMETRIC_REPRESENTATION_CONTEXT() REPRESENTATION_CONTEXT('2D SPACE',''
  ) );
#3458 = ORIENTED_EDGE('',*,*,#3459,.T.);
#3459 = EDGE_CURVE('',#3431,#3460,#3462,.T.);
#3460 = VERTEX_POINT('',#3461);
#3461 = CARTESIAN_POINT('',(15.,-33.,-94.));
#3462 = SEAM_CURVE('',#3463,(#3467,#3474),.PCURVE_S1.);
#3463 = LINE('',#3464,#3465);
#3464 = CARTESIAN_POINT('',(15.,-33.,-109.));
#3465 = VECTOR('',#3466,1.);
#3466 = DIRECTION('',(0.,0.,1.));
#3467 = PCURVE('',#1800,#3468);
#3468 = DEFINITIONAL_REPRESENTATION('',(#3469),#3473);
#3469 = LINE('',#3470,#3471);
#3470 = CARTESIAN_POINT('',(-6.28318530718,0.));
#3471 = VECTOR('',#3472,1.);
#3472 = DIRECTION('',(-0.,-1.));
#3473 = ( GEOMETRIC_REPRESENTATION_CONTEXT(2) 
PARAMETRIC_REPRESENTATION_CONTEXT() REPRESENTATION_CONTEXT('2D SPACE',''
  ) );
#3474 = PCURVE('',#1800,#3475);
#3475 = DEFINITIONAL_REPRESENTATION('',(#3476),#3480);
#3476 = LINE('',#3477,#3478);
#3477 = CARTESIAN_POINT('',(-0.,0.));
#3478 = VECTOR('',#3479,1.);
#3479 = DIRECTION('',(-0.,-1.));
#3480 = ( GEOMETRIC_REPRESENTATION_CONTEXT(2) 
PARAMETRIC_REPRESENTATION_CONTEXT() REPRESENTATION_CONTEXT('2D SPACE',''
  ) );
#3481 = ORIENTED_EDGE('',*,*,#3482,.T.);
#3482 = EDGE_CURVE('',#3460,#1775,#3483,.T.);
#3483 = SURFACE_CURVE('',#3484,(#3489,#3496),.PCURVE_S1.);
#3484 = CIRCLE('',#3485,6.);
#3485 = AXIS2_PLACEMENT_3D('',#3486,#3487,#3488);
#3486 = CARTESIAN_POINT('',(9.,-33.,-94.));
#3487 = DIRECTION('',(0.,0.,1.));
#3488 = DIRECTION('',(1.,0.,0.));
#3489 = PCURVE('',#1800,#3490);
#3490 = DEFINITIONAL_REPRESENTATION('',(#3491),#3495);
#3491 = LINE('',#3492,#3493);
#3492 = CARTESIAN_POINT('',(-0.,-15.));
#3493 = VECTOR('',#3494,1.);
#3494 = DIRECTION('',(-1.,0.));
#3495 = ( GEOMETRIC_REPRESENTATION_CONTEXT(2) 
PARAMETRIC_REPRESENTATION_CONTEXT() REPRESENTATION_CONTEXT('2D SPACE',''
  ) );
#3496 = PCURVE('',#3397,#3497);
#3497 = DEFINITIONAL_REPRESENTATION('',(#3498),#3502);
#3498 = CIRCLE('',#3499,6.);
#3499 = AXIS2_PLACEMENT_2D('',#3500,#3501);
#3500 = CARTESIAN_POINT('',(0.,7.105427357601E-15));
#3501 = DIRECTION('',(1.,0.));
#3502 = ( GEOMETRIC_REPRESENTATION_CONTEXT(2) 
PARAMETRIC_REPRESENTATION_CONTEXT() REPRESENTATION_CONTEXT('2D SPACE',''
  ) );
#3503 = ORIENTED_EDGE('',*,*,#1774,.T.);
#3504 = ORIENTED_EDGE('',*,*,#3505,.F.);
#3505 = EDGE_CURVE('',#3279,#1777,#3506,.T.);
#3506 = SURFACE_CURVE('',#3507,(#3512,#3519),.PCURVE_S1.);
#3507 = CIRCLE('',#3508,6.);
#3508 = AXIS2_PLACEMENT_3D('',#3509,#3510,#3511);
#3509 = CARTESIAN_POINT('',(9.,-33.,-97.));
#3510 = DIRECTION('',(0.,0.,-1.));
#3511 = DIRECTION('',(1.,0.,0.));
#3512 = PCURVE('',#1800,#3513);
#3513 = DEFINITIONAL_REPRESENTATION('',(#3514),#3518);
#3514 = LINE('',#3515,#3516);
#3515 = CARTESIAN_POINT('',(-6.28318530718,-12.));
#3516 = VECTOR('',#3517,1.);
#3517 = DIRECTION('',(1.,-0.));
#3518 = ( GEOMETRIC_REPRESENTATION_CONTEXT(2) 
PARAMETRIC_REPRESENTATION_CONTEXT() REPRESENTATION_CONTEXT('2D SPACE',''
  ) );
#3519 = PCURVE('',#1844,#3520);
#3520 = DEFINITIONAL_REPRESENTATION('',(#3521),#3525);
#3521 = CIRCLE('',#3522,6.);
#3522 = AXIS2_PLACEMENT_2D('',#3523,#3524);
#3523 = CARTESIAN_POINT('',(8.,-8.5));
#3524 = DIRECTION('',(-1.,6.26949472771E-16));
#3525 = ( GEOMETRIC_REPRESENTATION_CONTEXT(2) 
PARAMETRIC_REPRESENTATION_CONTEXT() REPRESENTATION_CONTEXT('2D SPACE',''
  ) );
#3526 = ORIENTED_EDGE('',*,*,#3325,.T.);
#3527 = ORIENTED_EDGE('',*,*,#3528,.T.);
#3528 = EDGE_CURVE('',#3326,#3460,#3529,.T.);
#3529 = SURFACE_CURVE('',#3530,(#3535,#3542),.PCURVE_S1.);
#3530 = CIRCLE('',#3531,6.);
#3531 = AXIS2_PLACEMENT_3D('',#3532,#3533,#3534);
#3532 = CARTESIAN_POINT('',(9.,-33.,-94.));
#3533 = DIRECTION('',(0.,0.,1.));
#3534 = DIRECTION('',(1.,0.,0.));
#3535 = PCURVE('',#1800,#3536);
#3536 = DEFINITIONAL_REPRESENTATION('',(#3537),#3541);
#3537 = LINE('',#3538,#3539);
#3538 = CARTESIAN_POINT('',(-0.,-15.));
#3539 = VECTOR('',#3540,1.);
#3540 = DIRECTION('',(-1.,0.));
#3541 = ( GEOMETRIC_REPRESENTATION_CONTEXT(2) 
PARAMETRIC_REPRESENTATION_CONTEXT() REPRESENTATION_CONTEXT('2D SPACE',''
  ) );
#3542 = PCURVE('',#3397,#3543);
#3543 = DEFINITIONAL_REPRESENTATION('',(#3544),#3548);
#3544 = CIRCLE('',#3545,6.);
#3545 = AXIS2_PLACEMENT_2D('',#3546,#3547);
#3546 = CARTESIAN_POINT('',(0.,7.105427357601E-15));
#3547 = DIRECTION('',(1.,0.));
#3548 = ( GEOMETRIC_REPRESENTATION_CONTEXT(2) 
PARAMETRIC_REPRESENTATION_CONTEXT() REPRESENTATION_CONTEXT('2D SPACE',''
  ) );
#3549 = ORIENTED_EDGE('',*,*,#3459,.F.);
#3550 = ADVANCED_FACE('',(#3551),#3397,.T.);
#3551 = FACE_BOUND('',#3552,.T.);
#3552 = EDGE_LOOP('',(#3553,#3554,#3555));
#3553 = ORIENTED_EDGE('',*,*,#3528,.T.);
#3554 = ORIENTED_EDGE('',*,*,#3482,.T.);
#3555 = ORIENTED_EDGE('',*,*,#3357,.T.);
#3556 = ADVANCED_FACE('',(#3557),#1844,.T.);
#3557 = FACE_BOUND('',#3558,.T.);
#3558 = EDGE_LOOP('',(#3559,#3560,#3561,#3562,#3563,#3582,#3583,#3607));
#3559 = ORIENTED_EDGE('',*,*,#1928,.F.);
#3560 = ORIENTED_EDGE('',*,*,#1816,.F.);
#3561 = ORIENTED_EDGE('',*,*,#3505,.F.);
#3562 = ORIENTED_EDGE('',*,*,#3278,.F.);
#3563 = ORIENTED_EDGE('',*,*,#3564,.F.);
#3564 = EDGE_CURVE('',#2133,#3043,#3565,.T.);
#3565 = SURFACE_CURVE('',#3566,(#3570,#3576),.PCURVE_S1.);
#3566 = LINE('',#3567,#3568);
#3567 = CARTESIAN_POINT('',(1.5,-37.25,-97.));
#3568 = VECTOR('',#3569,1.);
#3569 = DIRECTION('',(0.,-1.,0.));
#3570 = PCURVE('',#1844,#3571);
#3571 = DEFINITIONAL_REPRESENTATION('',(#3572),#3575);
#3572 = B_SPLINE_CURVE_WITH_KNOTS('',1,(#3573,#3574),.UNSPECIFIED.,.F.,
  .F.,(2,2),(-25.46441466448,-0.326950001678),.PIECEWISE_BEZIER_KNOTS.);
#3573 = CARTESIAN_POINT('',(15.5,12.71441466448));
#3574 = CARTESIAN_POINT('',(15.5,-12.42304999832));
#3575 = ( GEOMETRIC_REPRESENTATION_CONTEXT(2) 
PARAMETRIC_REPRESENTATION_CONTEXT() REPRESENTATION_CONTEXT('2D SPACE',''
  ) );
#3576 = PCURVE('',#2347,#3577);
#3577 = DEFINITIONAL_REPRESENTATION('',(#3578),#3581);
#3578 = B_SPLINE_CURVE_WITH_KNOTS('',1,(#3579,#3580),.UNSPECIFIED.,.F.,
  .F.,(2,2),(-25.46441466448,-0.326950001678),.PIECEWISE_BEZIER_KNOTS.);
#3579 = CARTESIAN_POINT('',(6.,-38.21441466448));
#3580 = CARTESIAN_POINT('',(6.,-13.07695000167));
#3581 = ( GEOMETRIC_REPRESENTATION_CONTEXT(2) 
PARAMETRIC_REPRESENTATION_CONTEXT() REPRESENTATION_CONTEXT('2D SPACE',''
  ) );
#3582 = ORIENTED_EDGE('',*,*,#2132,.F.);
#3583 = ORIENTED_EDGE('',*,*,#3584,.F.);
#3584 = EDGE_CURVE('',#3585,#2077,#3587,.T.);
#3585 = VERTEX_POINT('',#3586);
#3586 = CARTESIAN_POINT('',(15.,-19.,-97.));
#3587 = SURFACE_CURVE('',#3588,(#3593,#3600),.PCURVE_S1.);
#3588 = CIRCLE('',#3589,6.);
#3589 = AXIS2_PLACEMENT_3D('',#3590,#3591,#3592);
#3590 = CARTESIAN_POINT('',(9.,-19.,-97.));
#3591 = DIRECTION('',(0.,0.,-1.));
#3592 = DIRECTION('',(1.,0.,0.));
#3593 = PCURVE('',#1844,#3594);
#3594 = DEFINITIONAL_REPRESENTATION('',(#3595),#3599);
#3595 = CIRCLE('',#3596,6.);
#3596 = AXIS2_PLACEMENT_2D('',#3597,#3598);
#3597 = CARTESIAN_POINT('',(8.,5.5));
#3598 = DIRECTION('',(-1.,6.26949472771E-16));
#3599 = ( GEOMETRIC_REPRESENTATION_CONTEXT(2) 
PARAMETRIC_REPRESENTATION_CONTEXT() REPRESENTATION_CONTEXT('2D SPACE',''
  ) );
#3600 = PCURVE('',#2013,#3601);
#3601 = DEFINITIONAL_REPRESENTATION('',(#3602),#3606);
#3602 = LINE('',#3603,#3604);
#3603 = CARTESIAN_POINT('',(-6.28318530718,-12.));
#3604 = VECTOR('',#3605,1.);
#3605 = DIRECTION('',(1.,-0.));
#3606 = ( GEOMETRIC_REPRESENTATION_CONTEXT(2) 
PARAMETRIC_REPRESENTATION_CONTEXT() REPRESENTATION_CONTEXT('2D SPACE',''
  ) );
#3607 = ORIENTED_EDGE('',*,*,#3608,.F.);
#3608 = EDGE_CURVE('',#1929,#3585,#3609,.T.);
#3609 = SURFACE_CURVE('',#3610,(#3615,#3622),.PCURVE_S1.);
#3610 = CIRCLE('',#3611,6.);
#3611 = AXIS2_PLACEMENT_3D('',#3612,#3613,#3614);
#3612 = CARTESIAN_POINT('',(9.,-19.,-97.));
#3613 = DIRECTION('',(0.,0.,-1.));
#3614 = DIRECTION('',(1.,0.,0.));
#3615 = PCURVE('',#1844,#3616);
#3616 = DEFINITIONAL_REPRESENTATION('',(#3617),#3621);
#3617 = CIRCLE('',#3618,6.);
#3618 = AXIS2_PLACEMENT_2D('',#3619,#3620);
#3619 = CARTESIAN_POINT('',(8.,5.5));
#3620 = DIRECTION('',(-1.,6.26949472771E-16));
#3621 = ( GEOMETRIC_REPRESENTATION_CONTEXT(2) 
PARAMETRIC_REPRESENTATION_CONTEXT() REPRESENTATION_CONTEXT('2D SPACE',''
  ) );
#3622 = PCURVE('',#2013,#3623);
#3623 = DEFINITIONAL_REPRESENTATION('',(#3624),#3628);
#3624 = LINE('',#3625,#3626);
#3625 = CARTESIAN_POINT('',(-6.28318530718,-12.));
#3626 = VECTOR('',#3627,1.);
#3627 = DIRECTION('',(1.,-0.));
#3628 = ( GEOMETRIC_REPRESENTATION_CONTEXT(2) 
PARAMETRIC_REPRESENTATION_CONTEXT() REPRESENTATION_CONTEXT('2D SPACE',''
  ) );
#3629 = ADVANCED_FACE('',(#3630),#2347,.F.);
#3630 = FACE_BOUND('',#3631,.F.);
#3631 = EDGE_LOOP('',(#3632,#3653,#3654,#3655));
#3632 = ORIENTED_EDGE('',*,*,#3633,.F.);
#3633 = EDGE_CURVE('',#3014,#2180,#3634,.T.);
#3634 = SURFACE_CURVE('',#3635,(#3639,#3646),.PCURVE_S1.);
#3635 = LINE('',#3636,#3637);
#3636 = CARTESIAN_POINT('',(1.5,-50.,-12.));
#3637 = VECTOR('',#3638,1.);
#3638 = DIRECTION('',(0.,1.,0.));
#3639 = PCURVE('',#2347,#3640);
#3640 = DEFINITIONAL_REPRESENTATION('',(#3641),#3645);
#3641 = LINE('',#3642,#3643);
#3642 = CARTESIAN_POINT('',(91.,0.));
#3643 = VECTOR('',#3644,1.);
#3644 = DIRECTION('',(0.,-1.));
#3645 = ( GEOMETRIC_REPRESENTATION_CONTEXT(2) 
PARAMETRIC_REPRESENTATION_CONTEXT() REPRESENTATION_CONTEXT('2D SPACE',''
  ) );
#3646 = PCURVE('',#2455,#3647);
#3647 = DEFINITIONAL_REPRESENTATION('',(#3648),#3652);
#3648 = LINE('',#3649,#3650);
#3649 = CARTESIAN_POINT('',(3.,0.));
#3650 = VECTOR('',#3651,1.);
#3651 = DIRECTION('',(0.,1.));
#3652 = ( GEOMETRIC_REPRESENTATION_CONTEXT(2) 
PARAMETRIC_REPRESENTATION_CONTEXT() REPRESENTATION_CONTEXT('2D SPACE',''
  ) );
#3653 = ORIENTED_EDGE('',*,*,#3042,.F.);
#3654 = ORIENTED_EDGE('',*,*,#3564,.F.);
#3655 = ORIENTED_EDGE('',*,*,#2179,.T.);
#3656 = ADVANCED_FACE('',(#3657),#2455,.F.);
#3657 = FACE_BOUND('',#3658,.F.);
#3658 = EDGE_LOOP('',(#3659,#3680,#3681,#3682));
#3659 = ORIENTED_EDGE('',*,*,#3660,.F.);
#3660 = EDGE_CURVE('',#2778,#2436,#3661,.T.);
#3661 = SURFACE_CURVE('',#3662,(#3666,#3673),.PCURVE_S1.);
#3662 = LINE('',#3663,#3664);
#3663 = CARTESIAN_POINT('',(-1.5,-50.,-12.));
#3664 = VECTOR('',#3665,1.);
#3665 = DIRECTION('',(0.,1.,0.));
#3666 = PCURVE('',#2455,#3667);
#3667 = DEFINITIONAL_REPRESENTATION('',(#3668),#3672);
#3668 = LINE('',#3669,#3670);
#3669 = CARTESIAN_POINT('',(0.,0.));
#3670 = VECTOR('',#3671,1.);
#3671 = DIRECTION('',(0.,1.));
#3672 = ( GEOMETRIC_REPRESENTATION_CONTEXT(2) 
PARAMETRIC_REPRESENTATION_CONTEXT() REPRESENTATION_CONTEXT('2D SPACE',''
  ) );
#3673 = PCURVE('',#2637,#3674);
#3674 = DEFINITIONAL_REPRESENTATION('',(#3675),#3679);
#3675 = LINE('',#3676,#3677);
#3676 = CARTESIAN_POINT('',(91.,0.));
#3677 = VECTOR('',#3678,1.);
#3678 = DIRECTION('',(0.,-1.));
#3679 = ( GEOMETRIC_REPRESENTATION_CONTEXT(2) 
PARAMETRIC_REPRESENTATION_CONTEXT() REPRESENTATION_CONTEXT('2D SPACE',''
  ) );
#3680 = ORIENTED_EDGE('',*,*,#3013,.F.);
#3681 = ORIENTED_EDGE('',*,*,#3633,.T.);
#3682 = ORIENTED_EDGE('',*,*,#2435,.F.);
#3683 = ADVANCED_FACE('',(#3684),#2637,.T.);
#3684 = FACE_BOUND('',#3685,.T.);
#3685 = EDGE_LOOP('',(#3686,#3687,#3688,#3707));
#3686 = ORIENTED_EDGE('',*,*,#3660,.F.);
#3687 = ORIENTED_EDGE('',*,*,#2777,.F.);
#3688 = ORIENTED_EDGE('',*,*,#3689,.F.);
#3689 = EDGE_CURVE('',#2470,#2726,#3690,.T.);
#3690 = SURFACE_CURVE('',#3691,(#3695,#3701),.PCURVE_S1.);
#3691 = LINE('',#3692,#3693);
#3692 = CARTESIAN_POINT('',(-1.5,-37.25,-97.));
#3693 = VECTOR('',#3694,1.);
#3694 = DIRECTION('',(0.,-1.,0.));
#3695 = PCURVE('',#2637,#3696);
#3696 = DEFINITIONAL_REPRESENTATION('',(#3697),#3700);
#3697 = B_SPLINE_CURVE_WITH_KNOTS('',1,(#3698,#3699),.UNSPECIFIED.,.F.,
  .F.,(2,2),(-25.46441466448,-0.326950001678),.PIECEWISE_BEZIER_KNOTS.);
#3698 = CARTESIAN_POINT('',(6.,-38.21441466448));
#3699 = CARTESIAN_POINT('',(6.,-13.07695000167));
#3700 = ( GEOMETRIC_REPRESENTATION_CONTEXT(2) 
PARAMETRIC_REPRESENTATION_CONTEXT() REPRESENTATION_CONTEXT('2D SPACE',''
  ) );
#3701 = PCURVE('',#2753,#3702);
#3702 = DEFINITIONAL_REPRESENTATION('',(#3703),#3706);
#3703 = B_SPLINE_CURVE_WITH_KNOTS('',1,(#3704,#3705),.UNSPECIFIED.,.F.,
  .F.,(2,2),(-25.46441466448,-0.326950001678),.PIECEWISE_BEZIER_KNOTS.);
#3704 = CARTESIAN_POINT('',(18.5,12.71441466448));
#3705 = CARTESIAN_POINT('',(18.5,-12.42304999832));
#3706 = ( GEOMETRIC_REPRESENTATION_CONTEXT(2) 
PARAMETRIC_REPRESENTATION_CONTEXT() REPRESENTATION_CONTEXT('2D SPACE',''
  ) );
#3707 = ORIENTED_EDGE('',*,*,#2469,.T.);
#3708 = ADVANCED_FACE('',(#3709),#2753,.T.);
#3709 = FACE_BOUND('',#3710,.T.);
#3710 = EDGE_LOOP('',(#3711,#3712));
#3711 = ORIENTED_EDGE('',*,*,#3689,.T.);
#3712 = ORIENTED_EDGE('',*,*,#2725,.F.);
#3713 = ADVANCED_FACE('',(#3714),#2013,.T.);
#3714 = FACE_BOUND('',#3715,.F.);
#3715 = EDGE_LOOP('',(#3716,#3745,#3766,#3767,#3768,#3790,#3791,#3792));
#3716 = ORIENTED_EDGE('',*,*,#3717,.F.);
#3717 = EDGE_CURVE('',#3718,#3718,#3720,.T.);
#3718 = VERTEX_POINT('',#3719);
#3719 = CARTESIAN_POINT('',(15.,-19.,-109.));
#3720 = SURFACE_CURVE('',#3721,(#3726,#3733),.PCURVE_S1.);
#3721 = CIRCLE('',#3722,6.);
#3722 = AXIS2_PLACEMENT_3D('',#3723,#3724,#3725);
#3723 = CARTESIAN_POINT('',(9.,-19.,-109.));
#3724 = DIRECTION('',(0.,0.,1.));
#3725 = DIRECTION('',(1.,0.,0.));
#3726 = PCURVE('',#2013,#3727);
#3727 = DEFINITIONAL_REPRESENTATION('',(#3728),#3732);
#3728 = LINE('',#3729,#3730);
#3729 = CARTESIAN_POINT('',(-0.,0.));
#3730 = VECTOR('',#3731,1.);
#3731 = DIRECTION('',(-1.,0.));
#3732 = ( GEOMETRIC_REPRESENTATION_CONTEXT(2) 
PARAMETRIC_REPRESENTATION_CONTEXT() REPRESENTATION_CONTEXT('2D SPACE',''
  ) );
#3733 = PCURVE('',#3734,#3739);
#3734 = PLANE('',#3735);
#3735 = AXIS2_PLACEMENT_3D('',#3736,#3737,#3738);
#3736 = CARTESIAN_POINT('',(9.,-19.,-109.));
#3737 = DIRECTION('',(0.,0.,1.));
#3738 = DIRECTION('',(1.,0.,-0.));
#3739 = DEFINITIONAL_REPRESENTATION('',(#3740),#3744);
#3740 = CIRCLE('',#3741,6.);
#3741 = AXIS2_PLACEMENT_2D('',#3742,#3743);
#3742 = CARTESIAN_POINT('',(0.,3.552713678801E-15));
#3743 = DIRECTION('',(1.,0.));
#3744 = ( GEOMETRIC_REPRESENTATION_CONTEXT(2) 
PARAMETRIC_REPRESENTATION_CONTEXT() REPRESENTATION_CONTEXT('2D SPACE',''
  ) );
#3745 = ORIENTED_EDGE('',*,*,#3746,.T.);
#3746 = EDGE_CURVE('',#3718,#3585,#3747,.T.);
#3747 = SEAM_CURVE('',#3748,(#3752,#3759),.PCURVE_S1.);
#3748 = LINE('',#3749,#3750);
#3749 = CARTESIAN_POINT('',(15.,-19.,-109.));
#3750 = VECTOR('',#3751,1.);
#3751 = DIRECTION('',(0.,0.,1.));
#3752 = PCURVE('',#2013,#3753);
#3753 = DEFINITIONAL_REPRESENTATION('',(#3754),#3758);
#3754 = LINE('',#3755,#3756);
#3755 = CARTESIAN_POINT('',(-6.28318530718,0.));
#3756 = VECTOR('',#3757,1.);
#3757 = DIRECTION('',(-0.,-1.));
#3758 = ( GEOMETRIC_REPRESENTATION_CONTEXT(2) 
PARAMETRIC_REPRESENTATION_CONTEXT() REPRESENTATION_CONTEXT('2D SPACE',''
  ) );
#3759 = PCURVE('',#2013,#3760);
#3760 = DEFINITIONAL_REPRESENTATION('',(#3761),#3765);
#3761 = LINE('',#3762,#3763);
#3762 = CARTESIAN_POINT('',(-0.,0.));
#3763 = VECTOR('',#3764,1.);
#3764 = DIRECTION('',(-0.,-1.));
#3765 = ( GEOMETRIC_REPRESENTATION_CONTEXT(2) 
PARAMETRIC_REPRESENTATION_CONTEXT() REPRESENTATION_CONTEXT('2D SPACE',''
  ) );
#3766 = ORIENTED_EDGE('',*,*,#3608,.F.);
#3767 = ORIENTED_EDGE('',*,*,#1975,.T.);
#3768 = ORIENTED_EDGE('',*,*,#3769,.T.);
#3769 = EDGE_CURVE('',#1976,#2037,#3770,.T.);
#3770 = SURFACE_CURVE('',#3771,(#3776,#3783),.PCURVE_S1.);
#3771 = CIRCLE('',#3772,6.);
#3772 = AXIS2_PLACEMENT_3D('',#3773,#3774,#3775);
#3773 = CARTESIAN_POINT('',(9.,-19.,-94.));
#3774 = DIRECTION('',(0.,0.,1.));
#3775 = DIRECTION('',(1.,0.,0.));
#3776 = PCURVE('',#2013,#3777);
#3777 = DEFINITIONAL_REPRESENTATION('',(#3778),#3782);
#3778 = LINE('',#3779,#3780);
#3779 = CARTESIAN_POINT('',(-0.,-15.));
#3780 = VECTOR('',#3781,1.);
#3781 = DIRECTION('',(-1.,0.));
#3782 = ( GEOMETRIC_REPRESENTATION_CONTEXT(2) 
PARAMETRIC_REPRESENTATION_CONTEXT() REPRESENTATION_CONTEXT('2D SPACE',''
  ) );
#3783 = PCURVE('',#2060,#3784);
#3784 = DEFINITIONAL_REPRESENTATION('',(#3785),#3789);
#3785 = CIRCLE('',#3786,6.);
#3786 = AXIS2_PLACEMENT_2D('',#3787,#3788);
#3787 = CARTESIAN_POINT('',(0.,3.552713678801E-15));
#3788 = DIRECTION('',(1.,0.));
#3789 = ( GEOMETRIC_REPRESENTATION_CONTEXT(2) 
PARAMETRIC_REPRESENTATION_CONTEXT() REPRESENTATION_CONTEXT('2D SPACE',''
  ) );
#3790 = ORIENTED_EDGE('',*,*,#2076,.T.);
#3791 = ORIENTED_EDGE('',*,*,#3584,.F.);
#3792 = ORIENTED_EDGE('',*,*,#3746,.F.);
#3793 = ADVANCED_FACE('',(#3794),#2060,.T.);
#3794 = FACE_BOUND('',#3795,.T.);
#3795 = EDGE_LOOP('',(#3796,#3797));
#3796 = ORIENTED_EDGE('',*,*,#2036,.T.);
#3797 = ORIENTED_EDGE('',*,*,#3769,.T.);
#3798 = ADVANCED_FACE('',(#3799),#3447,.F.);
#3799 = FACE_BOUND('',#3800,.F.);
#3800 = EDGE_LOOP('',(#3801));
#3801 = ORIENTED_EDGE('',*,*,#3430,.T.);
#3802 = ADVANCED_FACE('',(#3803),#3734,.F.);
#3803 = FACE_BOUND('',#3804,.F.);
#3804 = EDGE_LOOP('',(#3805));
#3805 = ORIENTED_EDGE('',*,*,#3717,.T.);
#3806 = ( GEOMETRIC_REPRESENTATION_CONTEXT(3) 
GLOBAL_UNCERTAINTY_ASSIGNED_CONTEXT((#3810)) 
GLOBAL_UNIT_ASSIGNED_CONTEXT((#3807,#3808,#3809)) REPRESENTATION_CONTEXT
('Context #1','3D Context with UNIT and UNCERTAINTY') );
#3807 = ( LENGTH_UNIT() NAMED_UNIT(*) SI_UNIT(.MILLI.,.METRE.) );
#3808 = ( NAMED_UNIT(*) PLANE_ANGLE_UNIT() SI_UNIT($,.RADIAN.) );
#3809 = ( NAMED_UNIT(*) SI_UNIT($,.STERADIAN.) SOLID_ANGLE_UNIT() );
#3810 = UNCERTAINTY_MEASURE_WITH_UNIT(LENGTH_MEASURE(2.E-06),#3807,
  'distance_accuracy_value','confusion accuracy');
#3811 = PRODUCT_RELATED_PRODUCT_CATEGORY('part',$,(#7));
ENDSEC;
END-ISO-10303-21;
