ISO-10303-21;
HEADER;
FILE_DESCRIPTION(('Open CASCADE Model'),'2;1');
FILE_NAME('Open CASCADE Shape Model','2026-08-16T17:29:09',('Author'),(
    'Open CASCADE'),'Open CASCADE STEP processor 7.9','Open CASCADE 7.9'
  ,'Unknown');
FILE_SCHEMA(('AUTOMOTIVE_DESIGN { 1 0 10303 214 1 1 1 1 }'));
ENDSEC;
DATA;
#1 = APPLICATION_PROTOCOL_DEFINITION('international standard',
  'automotive_design',2000,#2);
#2 = APPLICATION_CONTEXT(
  'core data for automotive mechanical design processes');
#3 = SHAPE_DEFINITION_REPRESENTATION(#4,#10);
#4 = PRODUCT_DEFINITION_SHAPE('','',#5);
#5 = PRODUCT_DEFINITION('design','',#6,#9);
#6 = PRODUCT_DEFINITION_FORMATION('','',#7);
#7 = PRODUCT('Open CASCADE STEP translator 7.9 1',
  'Open CASCADE STEP translator 7.9 1','',(#8));
#8 = PRODUCT_CONTEXT('',#2,'mechanical');
#9 = PRODUCT_DEFINITION_CONTEXT('part definition',#2,'design');
#10 = ADVANCED_BREP_SHAPE_REPRESENTATION('',(#11,#15),#11524);
#11 = AXIS2_PLACEMENT_3D('',#12,#13,#14);
#12 = CARTESIAN_POINT('',(0.,0.,0.));
#13 = DIRECTION('',(0.,0.,1.));
#14 = DIRECTION('',(1.,0.,-0.));
#15 = MANIFOLD_SOLID_BREP('',#16);
#16 = CLOSED_SHELL('',(#17,#419,#474,#770,#923,#1004,#1080,#1130,#1180,
    #1310,#1357,#1435,#1622,#1805,#1992,#4436,#4471,#5163,#5317,#5421,
    #5466,#5566,#5598,#5862,#5867,#5873,#5878,#6244,#6762,#6812,#7017,
    #7044,#7071,#7098,#7125,#7152,#7179,#7206,#7213,#8140,#8642,#8819,
    #9374,#9706,#10633,#10825,#10998,#11332,#11499));
#17 = ADVANCED_FACE('',(#18,#57,#92,#314,#349,#384),#31,.F.);
#18 = FACE_BOUND('',#19,.F.);
#19 = EDGE_LOOP('',(#20));
#20 = ORIENTED_EDGE('',*,*,#21,.T.);
#21 = EDGE_CURVE('',#22,#22,#24,.T.);
#22 = VERTEX_POINT('',#23);
#23 = CARTESIAN_POINT('',(44.,0.,7.));
#24 = SURFACE_CURVE('',#25,(#30,#42),.PCURVE_S1.);
#25 = ELLIPSE('',#26,44.,35.);
#26 = AXIS2_PLACEMENT_3D('',#27,#28,#29);
#27 = CARTESIAN_POINT('',(0.,0.,7.));
#28 = DIRECTION('',(0.,0.,1.));
#29 = DIRECTION('',(1.,0.,0.));
#30 = PCURVE('',#31,#36);
#31 = PLANE('',#32);
#32 = AXIS2_PLACEMENT_3D('',#33,#34,#35);
#33 = CARTESIAN_POINT('',(-90.,-80.,7.));
#34 = DIRECTION('',(0.,0.,1.));
#35 = DIRECTION('',(1.,0.,0.));
#36 = DEFINITIONAL_REPRESENTATION('',(#37),#41);
#37 = ELLIPSE('',#38,44.,35.);
#38 = AXIS2_PLACEMENT_2D('',#39,#40);
#39 = CARTESIAN_POINT('',(90.,80.));
#40 = DIRECTION('',(1.,0.));
#41 = ( GEOMETRIC_REPRESENTATION_CONTEXT(2) 
PARAMETRIC_REPRESENTATION_CONTEXT() REPRESENTATION_CONTEXT('2D SPACE',''
  ) );
#42 = PCURVE('',#43,#51);
#43 = SURFACE_OF_LINEAR_EXTRUSION('',#44,#49);
#44 = ELLIPSE('',#45,44.,35.);
#45 = AXIS2_PLACEMENT_3D('',#46,#47,#48);
#46 = CARTESIAN_POINT('',(0.,0.,7.));
#47 = DIRECTION('',(0.,0.,1.));
#48 = DIRECTION('',(1.,0.,0.));
#49 = VECTOR('',#50,1.);
#50 = DIRECTION('',(-0.,-0.,-1.));
#51 = DEFINITIONAL_REPRESENTATION('',(#52),#56);
#52 = LINE('',#53,#54);
#53 = CARTESIAN_POINT('',(0.,0.));
#54 = VECTOR('',#55,1.);
#55 = DIRECTION('',(1.,0.));
#56 = ( GEOMETRIC_REPRESENTATION_CONTEXT(2) 
PARAMETRIC_REPRESENTATION_CONTEXT() REPRESENTATION_CONTEXT('2D SPACE',''
  ) );
#57 = FACE_BOUND('',#58,.F.);
#58 = EDGE_LOOP('',(#59));
#59 = ORIENTED_EDGE('',*,*,#60,.T.);
#60 = EDGE_CURVE('',#61,#61,#63,.T.);
#61 = VERTEX_POINT('',#62);
#62 = CARTESIAN_POINT('',(-30.2,-19.,7.));
#63 = SURFACE_CURVE('',#64,(#69,#80),.PCURVE_S1.);
#64 = CIRCLE('',#65,1.8);
#65 = AXIS2_PLACEMENT_3D('',#66,#67,#68);
#66 = CARTESIAN_POINT('',(-32.,-19.,7.));
#67 = DIRECTION('',(0.,0.,-1.));
#68 = DIRECTION('',(1.,0.,0.));
#69 = PCURVE('',#31,#70);
#70 = DEFINITIONAL_REPRESENTATION('',(#71),#79);
#71 = ( BOUNDED_CURVE() B_SPLINE_CURVE(2,(#72,#73,#74,#75,#76,#77,#78),
.UNSPECIFIED.,.T.,.F.) B_SPLINE_CURVE_WITH_KNOTS((1,2,2,2,2,1),(
    -2.094395102393,0.,2.094395102393,4.188790204786,6.28318530718,
8.377580409573),.UNSPECIFIED.) CURVE() GEOMETRIC_REPRESENTATION_ITEM() 
RATIONAL_B_SPLINE_CURVE((1.,0.5,1.,0.5,1.,0.5,1.)) REPRESENTATION_ITEM(
  '') );
#72 = CARTESIAN_POINT('',(59.8,61.));
#73 = CARTESIAN_POINT('',(59.8,57.882308546376));
#74 = CARTESIAN_POINT('',(57.1,59.441154273188));
#75 = CARTESIAN_POINT('',(54.4,61.));
#76 = CARTESIAN_POINT('',(57.1,62.558845726812));
#77 = CARTESIAN_POINT('',(59.8,64.117691453624));
#78 = CARTESIAN_POINT('',(59.8,61.));
#79 = ( GEOMETRIC_REPRESENTATION_CONTEXT(2) 
PARAMETRIC_REPRESENTATION_CONTEXT() REPRESENTATION_CONTEXT('2D SPACE',''
  ) );
#80 = PCURVE('',#81,#86);
#81 = CYLINDRICAL_SURFACE('',#82,1.8);
#82 = AXIS2_PLACEMENT_3D('',#83,#84,#85);
#83 = CARTESIAN_POINT('',(-32.,-19.,3.));
#84 = DIRECTION('',(-0.,-0.,-1.));
#85 = DIRECTION('',(1.,0.,0.));
#86 = DEFINITIONAL_REPRESENTATION('',(#87),#91);
#87 = LINE('',#88,#89);
#88 = CARTESIAN_POINT('',(-6.28318530718,-4.));
#89 = VECTOR('',#90,1.);
#90 = DIRECTION('',(1.,-0.));
#91 = ( GEOMETRIC_REPRESENTATION_CONTEXT(2) 
PARAMETRIC_REPRESENTATION_CONTEXT() REPRESENTATION_CONTEXT('2D SPACE',''
  ) );
#92 = FACE_BOUND('',#93,.F.);
#93 = EDGE_LOOP('',(#94,#125,#151,#180,#206,#235,#261,#290));
#94 = ORIENTED_EDGE('',*,*,#95,.F.);
#95 = EDGE_CURVE('',#96,#98,#100,.T.);
#96 = VERTEX_POINT('',#97);
#97 = CARTESIAN_POINT('',(-26.,-11.,7.));
#98 = VERTEX_POINT('',#99);
#99 = CARTESIAN_POINT('',(-24.,-13.,7.));
#100 = SURFACE_CURVE('',#101,(#106,#113),.PCURVE_S1.);
#101 = CIRCLE('',#102,2.);
#102 = AXIS2_PLACEMENT_3D('',#103,#104,#105);
#103 = CARTESIAN_POINT('',(-24.,-11.,7.));
#104 = DIRECTION('',(0.,0.,1.));
#105 = DIRECTION('',(-1.,-0.,0.));
#106 = PCURVE('',#31,#107);
#107 = DEFINITIONAL_REPRESENTATION('',(#108),#112);
#108 = CIRCLE('',#109,2.);
#109 = AXIS2_PLACEMENT_2D('',#110,#111);
#110 = CARTESIAN_POINT('',(66.,69.));
#111 = DIRECTION('',(-1.,0.));
#112 = ( GEOMETRIC_REPRESENTATION_CONTEXT(2) 
PARAMETRIC_REPRESENTATION_CONTEXT() REPRESENTATION_CONTEXT('2D SPACE',''
  ) );
#113 = PCURVE('',#114,#119);
#114 = CYLINDRICAL_SURFACE('',#115,2.);
#115 = AXIS2_PLACEMENT_3D('',#116,#117,#118);
#116 = CARTESIAN_POINT('',(-24.,-11.,4.5));
#117 = DIRECTION('',(0.,0.,1.));
#118 = DIRECTION('',(-1.,-0.,0.));
#119 = DEFINITIONAL_REPRESENTATION('',(#120),#124);
#120 = LINE('',#121,#122);
#121 = CARTESIAN_POINT('',(0.,2.5));
#122 = VECTOR('',#123,1.);
#123 = DIRECTION('',(1.,0.));
#124 = ( GEOMETRIC_REPRESENTATION_CONTEXT(2) 
PARAMETRIC_REPRESENTATION_CONTEXT() REPRESENTATION_CONTEXT('2D SPACE',''
  ) );
#125 = ORIENTED_EDGE('',*,*,#126,.T.);
#126 = EDGE_CURVE('',#96,#127,#129,.T.);
#127 = VERTEX_POINT('',#128);
#128 = CARTESIAN_POINT('',(-26.,-5.,7.));
#129 = SURFACE_CURVE('',#130,(#134,#140),.PCURVE_S1.);
#130 = LINE('',#131,#132);
#131 = CARTESIAN_POINT('',(-26.,-46.5,7.));
#132 = VECTOR('',#133,1.);
#133 = DIRECTION('',(0.,1.,0.));
#134 = PCURVE('',#31,#135);
#135 = DEFINITIONAL_REPRESENTATION('',(#136),#139);
#136 = B_SPLINE_CURVE_WITH_KNOTS('',1,(#137,#138),.UNSPECIFIED.,.F.,.F.,
  (2,2),(35.5,41.5),.PIECEWISE_BEZIER_KNOTS.);
#137 = CARTESIAN_POINT('',(64.,69.));
#138 = CARTESIAN_POINT('',(64.,75.));
#139 = ( GEOMETRIC_REPRESENTATION_CONTEXT(2) 
PARAMETRIC_REPRESENTATION_CONTEXT() REPRESENTATION_CONTEXT('2D SPACE',''
  ) );
#140 = PCURVE('',#141,#146);
#141 = PLANE('',#142);
#142 = AXIS2_PLACEMENT_3D('',#143,#144,#145);
#143 = CARTESIAN_POINT('',(-26.,-13.,4.5));
#144 = DIRECTION('',(1.,0.,0.));
#145 = DIRECTION('',(0.,0.,1.));
#146 = DEFINITIONAL_REPRESENTATION('',(#147),#150);
#147 = B_SPLINE_CURVE_WITH_KNOTS('',1,(#148,#149),.UNSPECIFIED.,.F.,.F.,
  (2,2),(35.5,41.5),.PIECEWISE_BEZIER_KNOTS.);
#148 = CARTESIAN_POINT('',(2.5,-2.));
#149 = CARTESIAN_POINT('',(2.5,-8.));
#150 = ( GEOMETRIC_REPRESENTATION_CONTEXT(2) 
PARAMETRIC_REPRESENTATION_CONTEXT() REPRESENTATION_CONTEXT('2D SPACE',''
  ) );
#151 = ORIENTED_EDGE('',*,*,#152,.F.);
#152 = EDGE_CURVE('',#153,#127,#155,.T.);
#153 = VERTEX_POINT('',#154);
#154 = CARTESIAN_POINT('',(-24.,-3.,7.));
#155 = SURFACE_CURVE('',#156,(#161,#168),.PCURVE_S1.);
#156 = CIRCLE('',#157,2.);
#157 = AXIS2_PLACEMENT_3D('',#158,#159,#160);
#158 = CARTESIAN_POINT('',(-24.,-5.,7.));
#159 = DIRECTION('',(0.,0.,1.));
#160 = DIRECTION('',(-1.,-0.,0.));
#161 = PCURVE('',#31,#162);
#162 = DEFINITIONAL_REPRESENTATION('',(#163),#167);
#163 = CIRCLE('',#164,2.);
#164 = AXIS2_PLACEMENT_2D('',#165,#166);
#165 = CARTESIAN_POINT('',(66.,75.));
#166 = DIRECTION('',(-1.,0.));
#167 = ( GEOMETRIC_REPRESENTATION_CONTEXT(2) 
PARAMETRIC_REPRESENTATION_CONTEXT() REPRESENTATION_CONTEXT('2D SPACE',''
  ) );
#168 = PCURVE('',#169,#174);
#169 = CYLINDRICAL_SURFACE('',#170,2.);
#170 = AXIS2_PLACEMENT_3D('',#171,#172,#173);
#171 = CARTESIAN_POINT('',(-24.,-5.,4.5));
#172 = DIRECTION('',(0.,0.,1.));
#173 = DIRECTION('',(-1.,-0.,0.));
#174 = DEFINITIONAL_REPRESENTATION('',(#175),#179);
#175 = LINE('',#176,#177);
#176 = CARTESIAN_POINT('',(-6.28318530718,2.5));
#177 = VECTOR('',#178,1.);
#178 = DIRECTION('',(1.,-0.));
#179 = ( GEOMETRIC_REPRESENTATION_CONTEXT(2) 
PARAMETRIC_REPRESENTATION_CONTEXT() REPRESENTATION_CONTEXT('2D SPACE',''
  ) );
#180 = ORIENTED_EDGE('',*,*,#181,.F.);
#181 = EDGE_CURVE('',#182,#153,#184,.T.);
#182 = VERTEX_POINT('',#183);
#183 = CARTESIAN_POINT('',(-12.,-3.,7.));
#184 = SURFACE_CURVE('',#185,(#189,#195),.PCURVE_S1.);
#185 = LINE('',#186,#187);
#186 = CARTESIAN_POINT('',(-58.,-3.,7.));
#187 = VECTOR('',#188,1.);
#188 = DIRECTION('',(-1.,0.,0.));
#189 = PCURVE('',#31,#190);
#190 = DEFINITIONAL_REPRESENTATION('',(#191),#194);
#191 = B_SPLINE_CURVE_WITH_KNOTS('',1,(#192,#193),.UNSPECIFIED.,.F.,.F.,
  (2,2),(-46.,-34.),.PIECEWISE_BEZIER_KNOTS.);
#192 = CARTESIAN_POINT('',(78.,77.));
#193 = CARTESIAN_POINT('',(66.,77.));
#194 = ( GEOMETRIC_REPRESENTATION_CONTEXT(2) 
PARAMETRIC_REPRESENTATION_CONTEXT() REPRESENTATION_CONTEXT('2D SPACE',''
  ) );
#195 = PCURVE('',#196,#201);
#196 = PLANE('',#197);
#197 = AXIS2_PLACEMENT_3D('',#198,#199,#200);
#198 = CARTESIAN_POINT('',(-26.,-3.,4.5));
#199 = DIRECTION('',(0.,1.,0.));
#200 = DIRECTION('',(0.,0.,1.));
#201 = DEFINITIONAL_REPRESENTATION('',(#202),#205);
#202 = B_SPLINE_CURVE_WITH_KNOTS('',1,(#203,#204),.UNSPECIFIED.,.F.,.F.,
  (2,2),(-46.,-34.),.PIECEWISE_BEZIER_KNOTS.);
#203 = CARTESIAN_POINT('',(2.5,14.));
#204 = CARTESIAN_POINT('',(2.5,2.));
#205 = ( GEOMETRIC_REPRESENTATION_CONTEXT(2) 
PARAMETRIC_REPRESENTATION_CONTEXT() REPRESENTATION_CONTEXT('2D SPACE',''
  ) );
#206 = ORIENTED_EDGE('',*,*,#207,.F.);
#207 = EDGE_CURVE('',#208,#182,#210,.T.);
#208 = VERTEX_POINT('',#209);
#209 = CARTESIAN_POINT('',(-10.,-5.,7.));
#210 = SURFACE_CURVE('',#211,(#216,#223),.PCURVE_S1.);
#211 = CIRCLE('',#212,2.);
#212 = AXIS2_PLACEMENT_3D('',#213,#214,#215);
#213 = CARTESIAN_POINT('',(-12.,-5.,7.));
#214 = DIRECTION('',(0.,0.,1.));
#215 = DIRECTION('',(1.,0.,-0.));
#216 = PCURVE('',#31,#217);
#217 = DEFINITIONAL_REPRESENTATION('',(#218),#222);
#218 = CIRCLE('',#219,2.);
#219 = AXIS2_PLACEMENT_2D('',#220,#221);
#220 = CARTESIAN_POINT('',(78.,75.));
#221 = DIRECTION('',(1.,0.));
#222 = ( GEOMETRIC_REPRESENTATION_CONTEXT(2) 
PARAMETRIC_REPRESENTATION_CONTEXT() REPRESENTATION_CONTEXT('2D SPACE',''
  ) );
#223 = PCURVE('',#224,#229);
#224 = CYLINDRICAL_SURFACE('',#225,2.);
#225 = AXIS2_PLACEMENT_3D('',#226,#227,#228);
#226 = CARTESIAN_POINT('',(-12.,-5.,4.5));
#227 = DIRECTION('',(0.,0.,1.));
#228 = DIRECTION('',(1.,0.,-0.));
#229 = DEFINITIONAL_REPRESENTATION('',(#230),#234);
#230 = LINE('',#231,#232);
#231 = CARTESIAN_POINT('',(0.,2.5));
#232 = VECTOR('',#233,1.);
#233 = DIRECTION('',(1.,0.));
#234 = ( GEOMETRIC_REPRESENTATION_CONTEXT(2) 
PARAMETRIC_REPRESENTATION_CONTEXT() REPRESENTATION_CONTEXT('2D SPACE',''
  ) );
#235 = ORIENTED_EDGE('',*,*,#236,.F.);
#236 = EDGE_CURVE('',#237,#208,#239,.T.);
#237 = VERTEX_POINT('',#238);
#238 = CARTESIAN_POINT('',(-10.,-11.,7.));
#239 = SURFACE_CURVE('',#240,(#244,#250),.PCURVE_S1.);
#240 = LINE('',#241,#242);
#241 = CARTESIAN_POINT('',(-10.,-46.5,7.));
#242 = VECTOR('',#243,1.);
#243 = DIRECTION('',(0.,1.,0.));
#244 = PCURVE('',#31,#245);
#245 = DEFINITIONAL_REPRESENTATION('',(#246),#249);
#246 = B_SPLINE_CURVE_WITH_KNOTS('',1,(#247,#248),.UNSPECIFIED.,.F.,.F.,
  (2,2),(35.5,41.5),.PIECEWISE_BEZIER_KNOTS.);
#247 = CARTESIAN_POINT('',(80.,69.));
#248 = CARTESIAN_POINT('',(80.,75.));
#249 = ( GEOMETRIC_REPRESENTATION_CONTEXT(2) 
PARAMETRIC_REPRESENTATION_CONTEXT() REPRESENTATION_CONTEXT('2D SPACE',''
  ) );
#250 = PCURVE('',#251,#256);
#251 = PLANE('',#252);
#252 = AXIS2_PLACEMENT_3D('',#253,#254,#255);
#253 = CARTESIAN_POINT('',(-10.,-13.,4.5));
#254 = DIRECTION('',(1.,0.,0.));
#255 = DIRECTION('',(0.,0.,1.));
#256 = DEFINITIONAL_REPRESENTATION('',(#257),#260);
#257 = B_SPLINE_CURVE_WITH_KNOTS('',1,(#258,#259),.UNSPECIFIED.,.F.,.F.,
  (2,2),(35.5,41.5),.PIECEWISE_BEZIER_KNOTS.);
#258 = CARTESIAN_POINT('',(2.5,-2.));
#259 = CARTESIAN_POINT('',(2.5,-8.));
#260 = ( GEOMETRIC_REPRESENTATION_CONTEXT(2) 
PARAMETRIC_REPRESENTATION_CONTEXT() REPRESENTATION_CONTEXT('2D SPACE',''
  ) );
#261 = ORIENTED_EDGE('',*,*,#262,.F.);
#262 = EDGE_CURVE('',#263,#237,#265,.T.);
#263 = VERTEX_POINT('',#264);
#264 = CARTESIAN_POINT('',(-12.,-13.,7.));
#265 = SURFACE_CURVE('',#266,(#271,#278),.PCURVE_S1.);
#266 = CIRCLE('',#267,2.);
#267 = AXIS2_PLACEMENT_3D('',#268,#269,#270);
#268 = CARTESIAN_POINT('',(-12.,-11.,7.));
#269 = DIRECTION('',(0.,0.,1.));
#270 = DIRECTION('',(1.,0.,-0.));
#271 = PCURVE('',#31,#272);
#272 = DEFINITIONAL_REPRESENTATION('',(#273),#277);
#273 = CIRCLE('',#274,2.);
#274 = AXIS2_PLACEMENT_2D('',#275,#276);
#275 = CARTESIAN_POINT('',(78.,69.));
#276 = DIRECTION('',(1.,0.));
#277 = ( GEOMETRIC_REPRESENTATION_CONTEXT(2) 
PARAMETRIC_REPRESENTATION_CONTEXT() REPRESENTATION_CONTEXT('2D SPACE',''
  ) );
#278 = PCURVE('',#279,#284);
#279 = CYLINDRICAL_SURFACE('',#280,2.);
#280 = AXIS2_PLACEMENT_3D('',#281,#282,#283);
#281 = CARTESIAN_POINT('',(-12.,-11.,4.5));
#282 = DIRECTION('',(0.,0.,1.));
#283 = DIRECTION('',(1.,0.,-0.));
#284 = DEFINITIONAL_REPRESENTATION('',(#285),#289);
#285 = LINE('',#286,#287);
#286 = CARTESIAN_POINT('',(-6.28318530718,2.5));
#287 = VECTOR('',#288,1.);
#288 = DIRECTION('',(1.,-0.));
#289 = ( GEOMETRIC_REPRESENTATION_CONTEXT(2) 
PARAMETRIC_REPRESENTATION_CONTEXT() REPRESENTATION_CONTEXT('2D SPACE',''
  ) );
#290 = ORIENTED_EDGE('',*,*,#291,.T.);
#291 = EDGE_CURVE('',#263,#98,#292,.T.);
#292 = SURFACE_CURVE('',#293,(#297,#303),.PCURVE_S1.);
#293 = LINE('',#294,#295);
#294 = CARTESIAN_POINT('',(-58.,-13.,7.));
#295 = VECTOR('',#296,1.);
#296 = DIRECTION('',(-1.,0.,0.));
#297 = PCURVE('',#31,#298);
#298 = DEFINITIONAL_REPRESENTATION('',(#299),#302);
#299 = B_SPLINE_CURVE_WITH_KNOTS('',1,(#300,#301),.UNSPECIFIED.,.F.,.F.,
  (2,2),(-46.,-34.),.PIECEWISE_BEZIER_KNOTS.);
#300 = CARTESIAN_POINT('',(78.,67.));
#301 = CARTESIAN_POINT('',(66.,67.));
#302 = ( GEOMETRIC_REPRESENTATION_CONTEXT(2) 
PARAMETRIC_REPRESENTATION_CONTEXT() REPRESENTATION_CONTEXT('2D SPACE',''
  ) );
#303 = PCURVE('',#304,#309);
#304 = PLANE('',#305);
#305 = AXIS2_PLACEMENT_3D('',#306,#307,#308);
#306 = CARTESIAN_POINT('',(-26.,-13.,4.5));
#307 = DIRECTION('',(0.,1.,0.));
#308 = DIRECTION('',(0.,0.,1.));
#309 = DEFINITIONAL_REPRESENTATION('',(#310),#313);
#310 = B_SPLINE_CURVE_WITH_KNOTS('',1,(#311,#312),.UNSPECIFIED.,.F.,.F.,
  (2,2),(-46.,-34.),.PIECEWISE_BEZIER_KNOTS.);
#311 = CARTESIAN_POINT('',(2.5,14.));
#312 = CARTESIAN_POINT('',(2.5,2.));
#313 = ( GEOMETRIC_REPRESENTATION_CONTEXT(2) 
PARAMETRIC_REPRESENTATION_CONTEXT() REPRESENTATION_CONTEXT('2D SPACE',''
  ) );
#314 = FACE_BOUND('',#315,.F.);
#315 = EDGE_LOOP('',(#316));
#316 = ORIENTED_EDGE('',*,*,#317,.T.);
#317 = EDGE_CURVE('',#318,#318,#320,.T.);
#318 = VERTEX_POINT('',#319);
#319 = CARTESIAN_POINT('',(33.8,-19.,7.));
#320 = SURFACE_CURVE('',#321,(#326,#337),.PCURVE_S1.);
#321 = CIRCLE('',#322,1.8);
#322 = AXIS2_PLACEMENT_3D('',#323,#324,#325);
#323 = CARTESIAN_POINT('',(32.,-19.,7.));
#324 = DIRECTION('',(0.,0.,-1.));
#325 = DIRECTION('',(1.,0.,0.));
#326 = PCURVE('',#31,#327);
#327 = DEFINITIONAL_REPRESENTATION('',(#328),#336);
#328 = ( BOUNDED_CURVE() B_SPLINE_CURVE(2,(#329,#330,#331,#332,#333,#334
,#335),.UNSPECIFIED.,.T.,.F.) B_SPLINE_CURVE_WITH_KNOTS((1,2,2,2,2,1),(
    -2.094395102393,0.,2.094395102393,4.188790204786,6.28318530718,
8.377580409573),.UNSPECIFIED.) CURVE() GEOMETRIC_REPRESENTATION_ITEM() 
RATIONAL_B_SPLINE_CURVE((1.,0.5,1.,0.5,1.,0.5,1.)) REPRESENTATION_ITEM(
  '') );
#329 = CARTESIAN_POINT('',(123.8,61.));
#330 = CARTESIAN_POINT('',(123.8,57.882308546376));
#331 = CARTESIAN_POINT('',(121.1,59.441154273188));
#332 = CARTESIAN_POINT('',(118.4,61.));
#333 = CARTESIAN_POINT('',(121.1,62.558845726812));
#334 = CARTESIAN_POINT('',(123.8,64.117691453624));
#335 = CARTESIAN_POINT('',(123.8,61.));
#336 = ( GEOMETRIC_REPRESENTATION_CONTEXT(2) 
PARAMETRIC_REPRESENTATION_CONTEXT() REPRESENTATION_CONTEXT('2D SPACE',''
  ) );
#337 = PCURVE('',#338,#343);
#338 = CYLINDRICAL_SURFACE('',#339,1.8);
#339 = AXIS2_PLACEMENT_3D('',#340,#341,#342);
#340 = CARTESIAN_POINT('',(32.,-19.,3.));
#341 = DIRECTION('',(-0.,-0.,-1.));
#342 = DIRECTION('',(1.,0.,0.));
#343 = DEFINITIONAL_REPRESENTATION('',(#344),#348);
#344 = LINE('',#345,#346);
#345 = CARTESIAN_POINT('',(-6.28318530718,-4.));
#346 = VECTOR('',#347,1.);
#347 = DIRECTION('',(1.,-0.));
#348 = ( GEOMETRIC_REPRESENTATION_CONTEXT(2) 
PARAMETRIC_REPRESENTATION_CONTEXT() REPRESENTATION_CONTEXT('2D SPACE',''
  ) );
#349 = FACE_BOUND('',#350,.F.);
#350 = EDGE_LOOP('',(#351));
#351 = ORIENTED_EDGE('',*,*,#352,.T.);
#352 = EDGE_CURVE('',#353,#353,#355,.T.);
#353 = VERTEX_POINT('',#354);
#354 = CARTESIAN_POINT('',(-30.2,19.,7.));
#355 = SURFACE_CURVE('',#356,(#361,#372),.PCURVE_S1.);
#356 = CIRCLE('',#357,1.8);
#357 = AXIS2_PLACEMENT_3D('',#358,#359,#360);
#358 = CARTESIAN_POINT('',(-32.,19.,7.));
#359 = DIRECTION('',(0.,0.,-1.));
#360 = DIRECTION('',(1.,0.,0.));
#361 = PCURVE('',#31,#362);
#362 = DEFINITIONAL_REPRESENTATION('',(#363),#371);
#363 = ( BOUNDED_CURVE() B_SPLINE_CURVE(2,(#364,#365,#366,#367,#368,#369
,#370),.UNSPECIFIED.,.T.,.F.) B_SPLINE_CURVE_WITH_KNOTS((1,2,2,2,2,1),(
    -2.094395102393,0.,2.094395102393,4.188790204786,6.28318530718,
8.377580409573),.UNSPECIFIED.) CURVE() GEOMETRIC_REPRESENTATION_ITEM() 
RATIONAL_B_SPLINE_CURVE((1.,0.5,1.,0.5,1.,0.5,1.)) REPRESENTATION_ITEM(
  '') );
#364 = CARTESIAN_POINT('',(59.8,99.));
#365 = CARTESIAN_POINT('',(59.8,95.882308546376));
#366 = CARTESIAN_POINT('',(57.1,97.441154273188));
#367 = CARTESIAN_POINT('',(54.4,99.));
#368 = CARTESIAN_POINT('',(57.1,100.55884572681));
#369 = CARTESIAN_POINT('',(59.8,102.11769145362));
#370 = CARTESIAN_POINT('',(59.8,99.));
#371 = ( GEOMETRIC_REPRESENTATION_CONTEXT(2) 
PARAMETRIC_REPRESENTATION_CONTEXT() REPRESENTATION_CONTEXT('2D SPACE',''
  ) );
#372 = PCURVE('',#373,#378);
#373 = CYLINDRICAL_SURFACE('',#374,1.8);
#374 = AXIS2_PLACEMENT_3D('',#375,#376,#377);
#375 = CARTESIAN_POINT('',(-32.,19.,3.));
#376 = DIRECTION('',(-0.,-0.,-1.));
#377 = DIRECTION('',(1.,0.,0.));
#378 = DEFINITIONAL_REPRESENTATION('',(#379),#383);
#379 = LINE('',#380,#381);
#380 = CARTESIAN_POINT('',(-6.28318530718,-4.));
#381 = VECTOR('',#382,1.);
#382 = DIRECTION('',(1.,-0.));
#383 = ( GEOMETRIC_REPRESENTATION_CONTEXT(2) 
PARAMETRIC_REPRESENTATION_CONTEXT() REPRESENTATION_CONTEXT('2D SPACE',''
  ) );
#384 = FACE_BOUND('',#385,.F.);
#385 = EDGE_LOOP('',(#386));
#386 = ORIENTED_EDGE('',*,*,#387,.T.);
#387 = EDGE_CURVE('',#388,#388,#390,.T.);
#388 = VERTEX_POINT('',#389);
#389 = CARTESIAN_POINT('',(33.8,19.,7.));
#390 = SURFACE_CURVE('',#391,(#396,#407),.PCURVE_S1.);
#391 = CIRCLE('',#392,1.8);
#392 = AXIS2_PLACEMENT_3D('',#393,#394,#395);
#393 = CARTESIAN_POINT('',(32.,19.,7.));
#394 = DIRECTION('',(0.,0.,-1.));
#395 = DIRECTION('',(1.,0.,0.));
#396 = PCURVE('',#31,#397);
#397 = DEFINITIONAL_REPRESENTATION('',(#398),#406);
#398 = ( BOUNDED_CURVE() B_SPLINE_CURVE(2,(#399,#400,#401,#402,#403,#404
,#405),.UNSPECIFIED.,.T.,.F.) B_SPLINE_CURVE_WITH_KNOTS((1,2,2,2,2,1),(
    -2.094395102393,0.,2.094395102393,4.188790204786,6.28318530718,
8.377580409573),.UNSPECIFIED.) CURVE() GEOMETRIC_REPRESENTATION_ITEM() 
RATIONAL_B_SPLINE_CURVE((1.,0.5,1.,0.5,1.,0.5,1.)) REPRESENTATION_ITEM(
  '') );
#399 = CARTESIAN_POINT('',(123.8,99.));
#400 = CARTESIAN_POINT('',(123.8,95.882308546376));
#401 = CARTESIAN_POINT('',(121.1,97.441154273188));
#402 = CARTESIAN_POINT('',(118.4,99.));
#403 = CARTESIAN_POINT('',(121.1,100.55884572681));
#404 = CARTESIAN_POINT('',(123.8,102.11769145362));
#405 = CARTESIAN_POINT('',(123.8,99.));
#406 = ( GEOMETRIC_REPRESENTATION_CONTEXT(2) 
PARAMETRIC_REPRESENTATION_CONTEXT() REPRESENTATION_CONTEXT('2D SPACE',''
  ) );
#407 = PCURVE('',#408,#413);
#408 = CYLINDRICAL_SURFACE('',#409,1.8);
#409 = AXIS2_PLACEMENT_3D('',#410,#411,#412);
#410 = CARTESIAN_POINT('',(32.,19.,3.));
#411 = DIRECTION('',(-0.,-0.,-1.));
#412 = DIRECTION('',(1.,0.,0.));
#413 = DEFINITIONAL_REPRESENTATION('',(#414),#418);
#414 = LINE('',#415,#416);
#415 = CARTESIAN_POINT('',(-6.28318530718,-4.));
#416 = VECTOR('',#417,1.);
#417 = DIRECTION('',(1.,-0.));
#418 = ( GEOMETRIC_REPRESENTATION_CONTEXT(2) 
PARAMETRIC_REPRESENTATION_CONTEXT() REPRESENTATION_CONTEXT('2D SPACE',''
  ) );
#419 = ADVANCED_FACE('',(#420),#43,.F.);
#420 = FACE_BOUND('',#421,.F.);
#421 = EDGE_LOOP('',(#422,#445,#472,#473));
#422 = ORIENTED_EDGE('',*,*,#423,.T.);
#423 = EDGE_CURVE('',#22,#424,#426,.T.);
#424 = VERTEX_POINT('',#425);
#425 = CARTESIAN_POINT('',(44.,0.,10.));
#426 = SEAM_CURVE('',#427,(#431,#438),.PCURVE_S1.);
#427 = LINE('',#428,#429);
#428 = CARTESIAN_POINT('',(44.,0.,7.));
#429 = VECTOR('',#430,1.);
#430 = DIRECTION('',(0.,0.,1.));
#431 = PCURVE('',#43,#432);
#432 = DEFINITIONAL_REPRESENTATION('',(#433),#437);
#433 = LINE('',#434,#435);
#434 = CARTESIAN_POINT('',(0.,0.));
#435 = VECTOR('',#436,1.);
#436 = DIRECTION('',(0.,-1.));
#437 = ( GEOMETRIC_REPRESENTATION_CONTEXT(2) 
PARAMETRIC_REPRESENTATION_CONTEXT() REPRESENTATION_CONTEXT('2D SPACE',''
  ) );
#438 = PCURVE('',#43,#439);
#439 = DEFINITIONAL_REPRESENTATION('',(#440),#444);
#440 = LINE('',#441,#442);
#441 = CARTESIAN_POINT('',(6.28318530718,0.));
#442 = VECTOR('',#443,1.);
#443 = DIRECTION('',(0.,-1.));
#444 = ( GEOMETRIC_REPRESENTATION_CONTEXT(2) 
PARAMETRIC_REPRESENTATION_CONTEXT() REPRESENTATION_CONTEXT('2D SPACE',''
  ) );
#445 = ORIENTED_EDGE('',*,*,#446,.T.);
#446 = EDGE_CURVE('',#424,#424,#447,.T.);
#447 = SURFACE_CURVE('',#448,(#453,#460),.PCURVE_S1.);
#448 = ELLIPSE('',#449,44.,35.);
#449 = AXIS2_PLACEMENT_3D('',#450,#451,#452);
#450 = CARTESIAN_POINT('',(0.,0.,10.));
#451 = DIRECTION('',(0.,0.,1.));
#452 = DIRECTION('',(1.,0.,0.));
#453 = PCURVE('',#43,#454);
#454 = DEFINITIONAL_REPRESENTATION('',(#455),#459);
#455 = LINE('',#456,#457);
#456 = CARTESIAN_POINT('',(0.,-3.));
#457 = VECTOR('',#458,1.);
#458 = DIRECTION('',(1.,0.));
#459 = ( GEOMETRIC_REPRESENTATION_CONTEXT(2) 
PARAMETRIC_REPRESENTATION_CONTEXT() REPRESENTATION_CONTEXT('2D SPACE',''
  ) );
#460 = PCURVE('',#461,#466);
#461 = PLANE('',#462);
#462 = AXIS2_PLACEMENT_3D('',#463,#464,#465);
#463 = CARTESIAN_POINT('',(1.282929419417,-4.076557804336E-16,10.));
#464 = DIRECTION('',(0.,0.,1.));
#465 = DIRECTION('',(1.,0.,-0.));
#466 = DEFINITIONAL_REPRESENTATION('',(#467),#471);
#467 = ELLIPSE('',#468,44.,35.);
#468 = AXIS2_PLACEMENT_2D('',#469,#470);
#469 = CARTESIAN_POINT('',(-1.282929419417,4.076557804336E-16));
#470 = DIRECTION('',(1.,0.));
#471 = ( GEOMETRIC_REPRESENTATION_CONTEXT(2) 
PARAMETRIC_REPRESENTATION_CONTEXT() REPRESENTATION_CONTEXT('2D SPACE',''
  ) );
#472 = ORIENTED_EDGE('',*,*,#423,.F.);
#473 = ORIENTED_EDGE('',*,*,#21,.F.);
#474 = ADVANCED_FACE('',(#475),#81,.F.);
#475 = FACE_BOUND('',#476,.T.);
#476 = EDGE_LOOP('',(#477,#478,#501,#530,#681,#709,#747,#769));
#477 = ORIENTED_EDGE('',*,*,#60,.T.);
#478 = ORIENTED_EDGE('',*,*,#479,.T.);
#479 = EDGE_CURVE('',#61,#480,#482,.T.);
#480 = VERTEX_POINT('',#481);
#481 = CARTESIAN_POINT('',(-30.2,-19.,11.));
#482 = SEAM_CURVE('',#483,(#487,#494),.PCURVE_S1.);
#483 = LINE('',#484,#485);
#484 = CARTESIAN_POINT('',(-30.2,-19.,3.));
#485 = VECTOR('',#486,1.);
#486 = DIRECTION('',(0.,0.,1.));
#487 = PCURVE('',#81,#488);
#488 = DEFINITIONAL_REPRESENTATION('',(#489),#493);
#489 = LINE('',#490,#491);
#490 = CARTESIAN_POINT('',(-6.28318530718,0.));
#491 = VECTOR('',#492,1.);
#492 = DIRECTION('',(-0.,-1.));
#493 = ( GEOMETRIC_REPRESENTATION_CONTEXT(2) 
PARAMETRIC_REPRESENTATION_CONTEXT() REPRESENTATION_CONTEXT('2D SPACE',''
  ) );
#494 = PCURVE('',#81,#495);
#495 = DEFINITIONAL_REPRESENTATION('',(#496),#500);
#496 = LINE('',#497,#498);
#497 = CARTESIAN_POINT('',(-0.,0.));
#498 = VECTOR('',#499,1.);
#499 = DIRECTION('',(-0.,-1.));
#500 = ( GEOMETRIC_REPRESENTATION_CONTEXT(2) 
PARAMETRIC_REPRESENTATION_CONTEXT() REPRESENTATION_CONTEXT('2D SPACE',''
  ) );
#501 = ORIENTED_EDGE('',*,*,#502,.T.);
#502 = EDGE_CURVE('',#480,#503,#505,.T.);
#503 = VERTEX_POINT('',#504);
#504 = CARTESIAN_POINT('',(-33.18528159397,-17.64533858733,11.));
#505 = SURFACE_CURVE('',#506,(#511,#518),.PCURVE_S1.);
#506 = CIRCLE('',#507,1.8);
#507 = AXIS2_PLACEMENT_3D('',#508,#509,#510);
#508 = CARTESIAN_POINT('',(-32.,-19.,11.));
#509 = DIRECTION('',(0.,0.,1.));
#510 = DIRECTION('',(1.,0.,0.));
#511 = PCURVE('',#81,#512);
#512 = DEFINITIONAL_REPRESENTATION('',(#513),#517);
#513 = LINE('',#514,#515);
#514 = CARTESIAN_POINT('',(-0.,-8.));
#515 = VECTOR('',#516,1.);
#516 = DIRECTION('',(-1.,0.));
#517 = ( GEOMETRIC_REPRESENTATION_CONTEXT(2) 
PARAMETRIC_REPRESENTATION_CONTEXT() REPRESENTATION_CONTEXT('2D SPACE',''
  ) );
#518 = PCURVE('',#519,#524);
#519 = PLANE('',#520);
#520 = AXIS2_PLACEMENT_3D('',#521,#522,#523);
#521 = CARTESIAN_POINT('',(-32.,-19.,11.));
#522 = DIRECTION('',(0.,0.,1.));
#523 = DIRECTION('',(1.,0.,-0.));
#524 = DEFINITIONAL_REPRESENTATION('',(#525),#529);
#525 = CIRCLE('',#526,1.8);
#526 = AXIS2_PLACEMENT_2D('',#527,#528);
#527 = CARTESIAN_POINT('',(0.,0.));
#528 = DIRECTION('',(1.,0.));
#529 = ( GEOMETRIC_REPRESENTATION_CONTEXT(2) 
PARAMETRIC_REPRESENTATION_CONTEXT() REPRESENTATION_CONTEXT('2D SPACE',''
  ) );
#530 = ORIENTED_EDGE('',*,*,#531,.F.);
#531 = EDGE_CURVE('',#532,#503,#534,.T.);
#532 = VERTEX_POINT('',#533);
#533 = CARTESIAN_POINT('',(-32.29012343011,-17.22353485953,10.));
#534 = SURFACE_CURVE('',#535,(#544,#556),.PCURVE_S1.);
#535 = B_SPLINE_CURVE_WITH_KNOTS('',7,(#536,#537,#538,#539,#540,#541,
    #542,#543),.UNSPECIFIED.,.F.,.F.,(8,8),(0.,1.),
  .PIECEWISE_BEZIER_KNOTS.);
#536 = CARTESIAN_POINT('',(-32.29007602481,-17.22352711818,
    9.999958900924));
#537 = CARTESIAN_POINT('',(-32.44425144246,-17.24870205484,
    10.133812310198));
#538 = CARTESIAN_POINT('',(-32.58938479907,-17.2884260739,
    10.272481975189));
#539 = CARTESIAN_POINT('',(-32.72580474848,-17.34033253439,
    10.414541732742));
#540 = CARTESIAN_POINT('',(-32.85353793115,-17.40296298618,
    10.55898298977));
#541 = CARTESIAN_POINT('',(-32.97266939414,-17.475137061,10.705021008416
    ));
#542 = CARTESIAN_POINT('',(-33.08325525979,-17.55606904038,
    10.852128980912));
#543 = CARTESIAN_POINT('',(-33.18528200796,-17.64533894955,11.0000006));
#544 = PCURVE('',#81,#545);
#545 = DEFINITIONAL_REPRESENTATION('',(#546),#555);
#546 = B_SPLINE_CURVE_WITH_KNOTS('',7,(#547,#548,#549,#550,#551,#552,
    #553,#554),.UNSPECIFIED.,.F.,.F.,(8,8),(0.,1.),
  .PIECEWISE_BEZIER_KNOTS.);
#547 = CARTESIAN_POINT('',(-1.732655490268,-6.999958900924));
#548 = CARTESIAN_POINT('',(-1.81944286497,-7.133812310198));
#549 = CARTESIAN_POINT('',(-1.902575490885,-7.272481975189));
#550 = CARTESIAN_POINT('',(-1.983086284917,-7.414541732742));
#551 = CARTESIAN_POINT('',(-2.061535298824,-7.55898298977));
#552 = CARTESIAN_POINT('',(-2.138448404675,-7.705021008416));
#553 = CARTESIAN_POINT('',(-2.214291588954,-7.852128980912));
#554 = CARTESIAN_POINT('',(-2.289606921986,-8.0000006));
#555 = ( GEOMETRIC_REPRESENTATION_CONTEXT(2) 
PARAMETRIC_REPRESENTATION_CONTEXT() REPRESENTATION_CONTEXT('2D SPACE',''
  ) );
#556 = PCURVE('',#557,#670);
#557 = ( BOUNDED_SURFACE() B_SPLINE_SURFACE(14,3,(
    (#558,#559,#560,#561)
    ,(#562,#563,#564,#565)
    ,(#566,#567,#568,#569)
    ,(#570,#571,#572,#573)
    ,(#574,#575,#576,#577)
    ,(#578,#579,#580,#581)
    ,(#582,#583,#584,#585)
    ,(#586,#587,#588,#589)
    ,(#590,#591,#592,#593)
    ,(#594,#595,#596,#597)
    ,(#598,#599,#600,#601)
    ,(#602,#603,#604,#605)
    ,(#606,#607,#608,#609)
    ,(#610,#611,#612,#613)
    ,(#614,#615,#616,#617)
    ,(#618,#619,#620,#621)
    ,(#622,#623,#624,#625)
    ,(#626,#627,#628,#629)
    ,(#630,#631,#632,#633)
    ,(#634,#635,#636,#637)
    ,(#638,#639,#640,#641)
    ,(#642,#643,#644,#645)
    ,(#646,#647,#648,#649)
    ,(#650,#651,#652,#653)
    ,(#654,#655,#656,#657)
    ,(#658,#659,#660,#661)
    ,(#662,#663,#664,#665)
    ,(#666,#667,#668,#669
)),.UNSPECIFIED.,.T.,.F.,.F.) B_SPLINE_SURFACE_WITH_KNOTS((15,13,15),(4,
4),(0.,0.5,1.),(0.,1.),.UNSPECIFIED.) GEOMETRIC_REPRESENTATION_ITEM() 
RATIONAL_B_SPLINE_SURFACE((
    (1.,1.,1.,1.)
    ,(1.,1.,1.,1.)
    ,(1.,1.,1.,1.)
    ,(1.,1.,1.,1.)
    ,(1.,1.,1.,1.)
    ,(1.,1.,1.,1.)
    ,(1.,1.,1.,1.)
    ,(1.,1.,1.,1.)
    ,(1.,1.,1.,1.)
    ,(1.,1.,1.,1.)
    ,(1.,1.,1.,1.)
    ,(1.,1.,1.,1.)
    ,(1.,1.,1.,1.)
    ,(1.,1.,1.,1.)
    ,(1.,1.,1.,1.)
    ,(1.,1.,1.,1.)
    ,(1.,1.,1.,1.)
    ,(1.,1.,1.,1.)
    ,(1.,1.,1.,1.)
    ,(1.,1.,1.,1.)
    ,(1.,1.,1.,1.)
    ,(1.,1.,1.,1.)
    ,(1.,1.,1.,1.)
    ,(1.,1.,1.,1.)
    ,(1.,1.,1.,1.)
    ,(1.,1.,1.,1.)
    ,(1.,1.,1.,1.)
,(1.,1.,1.,1.))) REPRESENTATION_ITEM('') SURFACE() );
#558 = CARTESIAN_POINT('',(22.,2.36387987992E-14,0.));
#559 = CARTESIAN_POINT('',(57.168356165811,-1.777699779616E-13,
    9.868328630731));
#560 = CARTESIAN_POINT('',(61.040899105613,3.236732305051E-13,
    58.147651685374));
#561 = CARTESIAN_POINT('',(55.,-1.42108547152E-14,86.));
#562 = CARTESIAN_POINT('',(22.000000000001,3.590391604105,0.));
#563 = CARTESIAN_POINT('',(57.168356165827,9.4072663718,9.868328630731)
  );
#564 = CARTESIAN_POINT('',(61.040899105585,12.54802619813,
    58.147651685374));
#565 = CARTESIAN_POINT('',(54.999999999998,10.322375861794,86.));
#566 = CARTESIAN_POINT('',(20.806971013403,7.180783870855,0.));
#567 = CARTESIAN_POINT('',(54.068196791884,18.814534413507,
    9.868328630731));
#568 = CARTESIAN_POINT('',(57.730737269213,25.096055231738,
    58.147651685374));
#569 = CARTESIAN_POINT('',(52.017427180149,20.64475110286,86.));
#570 = CARTESIAN_POINT('',(18.420912277621,10.544020796351,0.));
#571 = CARTESIAN_POINT('',(47.86787612632,27.626627938742,9.868328630731
    ));
#572 = CARTESIAN_POINT('',(51.110410979983,36.850198523361,
    58.147651685374));
#573 = CARTESIAN_POINT('',(46.052282066563,30.314067640121,86.));
#574 = CARTESIAN_POINT('',(14.931028439875,13.452959184297,0.));
#575 = CARTESIAN_POINT('',(38.799197744962,35.248402849683,
    9.868328630731));
#576 = CARTESIAN_POINT('',(41.42742779014,47.016623768051,
    58.147651685374));
#577 = CARTESIAN_POINT('',(37.327568704085,38.677248254179,86.));
#578 = CARTESIAN_POINT('',(10.515720905859,15.700816862657,0.));
#579 = CARTESIAN_POINT('',(27.325749064689,41.138066004658,
    9.868328630731));
#580 = CARTESIAN_POINT('',(29.176774925525,54.872638034006,
    58.147651685374));
#581 = CARTESIAN_POINT('',(26.28930457941,45.13985177331,86.));
#582 = CARTESIAN_POINT('',(5.432818352089,17.121590495893,0.));
#583 = CARTESIAN_POINT('',(14.117513355334,44.86066718858,9.868328630731
    ));
#584 = CARTESIAN_POINT('',(15.073823751069,59.838086549149,
    58.147651685374));
#585 = CARTESIAN_POINT('',(13.58204463521,49.22457612061,86.));
#586 = CARTESIAN_POINT('',(-1.972252317017E-08,17.60761947951,0.));
#587 = CARTESIAN_POINT('',(-4.995529364109E-08,46.134122526963,
    9.868328630731));
#588 = CARTESIAN_POINT('',(-6.486578026849E-08,61.536706374873,
    58.147651685374));
#589 = CARTESIAN_POINT('',(-1.098676705169E-12,50.621901404284,86.));
#590 = CARTESIAN_POINT('',(-5.432818230717,17.121591151629,0.));
#591 = CARTESIAN_POINT('',(-14.1175130479,44.860668857201,9.868328630731
    ));
#592 = CARTESIAN_POINT('',(-15.07382335189,59.838089228692,
    58.147651685374));
#593 = CARTESIAN_POINT('',(-13.58204463521,49.224576120612,86.));
#594 = CARTESIAN_POINT('',(-10.51572128643,15.700817005093,0.));
#595 = CARTESIAN_POINT('',(-27.32575002867,41.138066367109,
    9.868328630731));
#596 = CARTESIAN_POINT('',(-29.17677617719,54.872638616045,
    58.147651685374));
#597 = CARTESIAN_POINT('',(-26.2893045794,45.139851773309,86.));
#598 = CARTESIAN_POINT('',(-14.93102785767,13.452957616504,0.));
#599 = CARTESIAN_POINT('',(-38.79919627029,35.248398860196,
    9.868328630731));
#600 = CARTESIAN_POINT('',(-41.42742587537,47.016617361558,
    58.147651685374));
#601 = CARTESIAN_POINT('',(-37.32756870408,38.677248254177,86.));
#602 = CARTESIAN_POINT('',(-18.42091269912,10.54402256489,0.));
#603 = CARTESIAN_POINT('',(-47.86787719396,27.626632439058,
    9.868328630731));
#604 = CARTESIAN_POINT('',(-51.11041236628,36.850205750167,
    58.147651685374));
#605 = CARTESIAN_POINT('',(-46.05228206656,30.314067640125,86.));
#606 = CARTESIAN_POINT('',(-20.80697089776,7.180783160764,0.));
#607 = CARTESIAN_POINT('',(-54.068196499,18.814532606571,9.868328630731)
  );
#608 = CARTESIAN_POINT('',(-57.73073688885,25.096052330079,
    58.147651685374));
#609 = CARTESIAN_POINT('',(-52.01742718014,20.644751102856,86.));
#610 = CARTESIAN_POINT('',(-21.99999999708,3.590391580382,0.));
#611 = CARTESIAN_POINT('',(-57.16835615842,9.407266311433,9.868328630731
    ));
#612 = CARTESIAN_POINT('',(-61.04089909602,12.548026101193,
    58.147651685374));
#613 = CARTESIAN_POINT('',(-55.,10.322375861796,86.));
#614 = CARTESIAN_POINT('',(-21.99999999708,-3.590391580382,0.));
#615 = CARTESIAN_POINT('',(-57.16835615842,-9.407266311433,
    9.868328630731));
#616 = CARTESIAN_POINT('',(-61.04089909602,-12.54802610119,
    58.147651685374));
#617 = CARTESIAN_POINT('',(-55.,-10.32237586179,86.));
#618 = CARTESIAN_POINT('',(-20.80697089776,-7.180783160764,0.));
#619 = CARTESIAN_POINT('',(-54.068196499,-18.81453260657,9.868328630731)
  );
#620 = CARTESIAN_POINT('',(-57.73073688885,-25.09605233007,
    58.147651685374));
#621 = CARTESIAN_POINT('',(-52.01742718014,-20.64475110285,86.));
#622 = CARTESIAN_POINT('',(-18.42091269912,-10.54402256489,0.));
#623 = CARTESIAN_POINT('',(-47.86787719396,-27.62663243905,
    9.868328630731));
#624 = CARTESIAN_POINT('',(-51.11041236628,-36.85020575016,
    58.147651685374));
#625 = CARTESIAN_POINT('',(-46.05228206656,-30.31406764012,86.));
#626 = CARTESIAN_POINT('',(-14.93102785767,-13.4529576165,0.));
#627 = CARTESIAN_POINT('',(-38.79919627029,-35.24839886019,
    9.868328630731));
#628 = CARTESIAN_POINT('',(-41.42742587537,-47.01661736155,
    58.147651685374));
#629 = CARTESIAN_POINT('',(-37.32756870408,-38.67724825417,86.));
#630 = CARTESIAN_POINT('',(-10.51572128643,-15.70081700509,0.));
#631 = CARTESIAN_POINT('',(-27.32575002867,-41.1380663671,9.868328630731
    ));
#632 = CARTESIAN_POINT('',(-29.17677617719,-54.87263861604,
    58.147651685374));
#633 = CARTESIAN_POINT('',(-26.2893045794,-45.1398517733,86.));
#634 = CARTESIAN_POINT('',(-5.432818230717,-17.12159115162,0.));
#635 = CARTESIAN_POINT('',(-14.1175130479,-44.8606688572,9.868328630731)
  );
#636 = CARTESIAN_POINT('',(-15.07382335189,-59.83808922869,
    58.147651685374));
#637 = CARTESIAN_POINT('',(-13.58204463521,-49.22457612061,86.));
#638 = CARTESIAN_POINT('',(-1.972251961746E-08,-17.60761947951,0.));
#639 = CARTESIAN_POINT('',(-4.995549660208E-08,-46.13412252696,
    9.868328630731));
#640 = CARTESIAN_POINT('',(-6.486530707202E-08,-61.53670637487,
    58.147651685374));
#641 = CARTESIAN_POINT('',(-3.156839868877E-13,-50.62190140428,86.));
#642 = CARTESIAN_POINT('',(5.432818352089,-17.12159049589,0.));
#643 = CARTESIAN_POINT('',(14.117513355333,-44.86066718858,
    9.868328630731));
#644 = CARTESIAN_POINT('',(15.07382375107,-59.83808654914,
    58.147651685374));
#645 = CARTESIAN_POINT('',(13.582044635212,-49.22457612061,86.));
#646 = CARTESIAN_POINT('',(10.515720905859,-15.70081686265,0.));
#647 = CARTESIAN_POINT('',(27.325749064689,-41.13806600465,
    9.868328630731));
#648 = CARTESIAN_POINT('',(29.176774925525,-54.872638034,58.147651685374
    ));
#649 = CARTESIAN_POINT('',(26.289304579408,-45.1398517733,86.));
#650 = CARTESIAN_POINT('',(14.931028439875,-13.45295918429,0.));
#651 = CARTESIAN_POINT('',(38.799197744963,-35.24840284968,
    9.868328630731));
#652 = CARTESIAN_POINT('',(41.427427790136,-47.01662376805,
    58.147651685374));
#653 = CARTESIAN_POINT('',(37.327568704084,-38.67724825417,86.));
#654 = CARTESIAN_POINT('',(18.420912277621,-10.54402079634,0.));
#655 = CARTESIAN_POINT('',(47.86787612632,-27.62662793873,9.868328630731
    ));
#656 = CARTESIAN_POINT('',(51.110410979982,-36.85019852335,
    58.147651685374));
#657 = CARTESIAN_POINT('',(46.052282066567,-30.31406764012,86.));
#658 = CARTESIAN_POINT('',(20.806971013403,-7.18078387086,0.));
#659 = CARTESIAN_POINT('',(54.068196791881,-18.81453441352,
    9.868328630731));
#660 = CARTESIAN_POINT('',(57.730737269226,-25.09605523174,
    58.147651685374));
#661 = CARTESIAN_POINT('',(52.017427180145,-20.64475110285,86.));
#662 = CARTESIAN_POINT('',(22.000000000001,-3.590391604101,0.));
#663 = CARTESIAN_POINT('',(57.16835616583,-9.407266371788,9.868328630731
    ));
#664 = CARTESIAN_POINT('',(61.040899105573,-12.54802619812,
    58.147651685374));
#665 = CARTESIAN_POINT('',(55.,-10.32237586179,86.));
#666 = CARTESIAN_POINT('',(22.,-2.609919285148E-14,0.));
#667 = CARTESIAN_POINT('',(57.168356165811,7.693876225235E-14,
    9.868328630731));
#668 = CARTESIAN_POINT('',(61.040899105614,-1.003697616422E-13,
    58.147651685374));
#669 = CARTESIAN_POINT('',(55.,-3.825852270668E-15,86.));
#670 = DEFINITIONAL_REPRESENTATION('',(#671),#680);
#671 = B_SPLINE_CURVE_WITH_KNOTS('',7,(#672,#673,#674,#675,#676,#677,
    #678,#679),.UNSPECIFIED.,.F.,.F.,(8,8),(0.,1.),
  .PIECEWISE_BEZIER_KNOTS.);
#672 = CARTESIAN_POINT('',(0.597430921818,0.199130004948));
#673 = CARTESIAN_POINT('',(0.597141870677,0.201084114631));
#674 = CARTESIAN_POINT('',(0.5969379398,0.203098119197));
#675 = CARTESIAN_POINT('',(0.596807245634,0.20515011272));
#676 = CARTESIAN_POINT('',(0.596742556401,0.207224945624));
#677 = CARTESIAN_POINT('',(0.596737787989,0.209311146138));
#678 = CARTESIAN_POINT('',(0.596788696971,0.211401220186));
#679 = CARTESIAN_POINT('',(0.596892762169,0.213490919235));
#680 = ( GEOMETRIC_REPRESENTATION_CONTEXT(2) 
PARAMETRIC_REPRESENTATION_CONTEXT() REPRESENTATION_CONTEXT('2D SPACE',''
  ) );
#681 = ORIENTED_EDGE('',*,*,#682,.F.);
#682 = EDGE_CURVE('',#683,#532,#685,.T.);
#683 = VERTEX_POINT('',#684);
#684 = CARTESIAN_POINT('',(-30.22029494048,-19.26953645601,10.));
#685 = SURFACE_CURVE('',#686,(#691,#698),.PCURVE_S1.);
#686 = CIRCLE('',#687,1.8);
#687 = AXIS2_PLACEMENT_3D('',#688,#689,#690);
#688 = CARTESIAN_POINT('',(-32.,-19.,10.));
#689 = DIRECTION('',(0.,0.,-1.));
#690 = DIRECTION('',(1.,0.,0.));
#691 = PCURVE('',#81,#692);
#692 = DEFINITIONAL_REPRESENTATION('',(#693),#697);
#693 = LINE('',#694,#695);
#694 = CARTESIAN_POINT('',(-6.28318530718,-7.));
#695 = VECTOR('',#696,1.);
#696 = DIRECTION('',(1.,-0.));
#697 = ( GEOMETRIC_REPRESENTATION_CONTEXT(2) 
PARAMETRIC_REPRESENTATION_CONTEXT() REPRESENTATION_CONTEXT('2D SPACE',''
  ) );
#698 = PCURVE('',#461,#699);
#699 = DEFINITIONAL_REPRESENTATION('',(#700),#708);
#700 = ( BOUNDED_CURVE() B_SPLINE_CURVE(2,(#701,#702,#703,#704,#705,#706
,#707),.UNSPECIFIED.,.T.,.F.) B_SPLINE_CURVE_WITH_KNOTS((1,2,2,2,2,1),(
    -2.094395102393,0.,2.094395102393,4.188790204786,6.28318530718,
8.377580409573),.UNSPECIFIED.) CURVE() GEOMETRIC_REPRESENTATION_ITEM() 
RATIONAL_B_SPLINE_CURVE((1.,0.5,1.,0.5,1.,0.5,1.)) REPRESENTATION_ITEM(
  '') );
#701 = CARTESIAN_POINT('',(-31.48292941941,-19.));
#702 = CARTESIAN_POINT('',(-31.48292941941,-22.11769145362));
#703 = CARTESIAN_POINT('',(-34.18292941941,-20.55884572681));
#704 = CARTESIAN_POINT('',(-36.88292941941,-19.));
#705 = CARTESIAN_POINT('',(-34.18292941941,-17.44115427318));
#706 = CARTESIAN_POINT('',(-31.48292941941,-15.88230854637));
#707 = CARTESIAN_POINT('',(-31.48292941941,-19.));
#708 = ( GEOMETRIC_REPRESENTATION_CONTEXT(2) 
PARAMETRIC_REPRESENTATION_CONTEXT() REPRESENTATION_CONTEXT('2D SPACE',''
  ) );
#709 = ORIENTED_EDGE('',*,*,#710,.F.);
#710 = EDGE_CURVE('',#711,#683,#713,.T.);
#711 = VERTEX_POINT('',#712);
#712 = CARTESIAN_POINT('',(-30.62392765159,-20.1603555024,11.));
#713 = SURFACE_CURVE('',#714,(#723,#735),.PCURVE_S1.);
#714 = B_SPLINE_CURVE_WITH_KNOTS('',7,(#715,#716,#717,#718,#719,#720,
    #721,#722),.UNSPECIFIED.,.F.,.F.,(8,8),(0.,1.),
  .PIECEWISE_BEZIER_KNOTS.);
#715 = CARTESIAN_POINT('',(-30.62392800179,-20.16035591771,11.0000006));
#716 = CARTESIAN_POINT('',(-30.53765097288,-20.05803954929,
    10.852181202886));
#717 = CARTESIAN_POINT('',(-30.459641599,-19.94751944022,10.705108907537
    ));
#718 = CARTESIAN_POINT('',(-30.39028122078,-19.82878166048,
    10.559088777475));
#719 = CARTESIAN_POINT('',(-30.33031690311,-19.70174246674,
    10.414646967852));
#720 = CARTESIAN_POINT('',(-30.28089182326,-19.56628184163,
    10.272568699773));
#721 = CARTESIAN_POINT('',(-30.24343098623,-19.42232717217,
    10.133863347839));
#722 = CARTESIAN_POINT('',(-30.22028783894,-19.26948956156,
    9.999958900924));
#723 = PCURVE('',#81,#724);
#724 = DEFINITIONAL_REPRESENTATION('',(#725),#734);
#725 = B_SPLINE_CURVE_WITH_KNOTS('',7,(#726,#727,#728,#729,#730,#731,
    #732,#733),.UNSPECIFIED.,.F.,.F.,(8,8),(0.,1.),
  .PIECEWISE_BEZIER_KNOTS.);
#726 = CARTESIAN_POINT('',(-5.582630174942,-8.0000006));
#727 = CARTESIAN_POINT('',(-5.65698411031,-7.852181202886));
#728 = CARTESIAN_POINT('',(-5.731860850824,-7.705108907537));
#729 = CARTESIAN_POINT('',(-5.807804694333,-7.559088777475));
#730 = CARTESIAN_POINT('',(-5.885285681736,-7.414646967852));
#731 = CARTESIAN_POINT('',(-5.964836500684,-7.272568699773));
#732 = CARTESIAN_POINT('',(-6.047026136945,-7.133863347839));
#733 = CARTESIAN_POINT('',(-6.132903850178,-6.999958900924));
#734 = ( GEOMETRIC_REPRESENTATION_CONTEXT(2) 
PARAMETRIC_REPRESENTATION_CONTEXT() REPRESENTATION_CONTEXT('2D SPACE',''
  ) );
#735 = PCURVE('',#557,#736);
#736 = DEFINITIONAL_REPRESENTATION('',(#737),#746);
#737 = B_SPLINE_CURVE_WITH_KNOTS('',7,(#738,#739,#740,#741,#742,#743,
    #744,#745),.UNSPECIFIED.,.F.,.F.,(8,8),(0.,1.),
  .PIECEWISE_BEZIER_KNOTS.);
#738 = CARTESIAN_POINT('',(0.613326977175,0.213490919235));
#739 = CARTESIAN_POINT('',(0.613195736303,0.211401958178));
#740 = CARTESIAN_POINT('',(0.613009577137,0.209312396203));
#741 = CARTESIAN_POINT('',(0.61276646083,0.207226460004));
#742 = CARTESIAN_POINT('',(0.612463011815,0.205151629294));
#743 = CARTESIAN_POINT('',(0.612094505725,0.203099377333));
#744 = CARTESIAN_POINT('',(0.611655558756,0.201084859724));
#745 = CARTESIAN_POINT('',(0.61113697745,0.199130004948));
#746 = ( GEOMETRIC_REPRESENTATION_CONTEXT(2) 
PARAMETRIC_REPRESENTATION_CONTEXT() REPRESENTATION_CONTEXT('2D SPACE',''
  ) );
#747 = ORIENTED_EDGE('',*,*,#748,.T.);
#748 = EDGE_CURVE('',#711,#480,#749,.T.);
#749 = SURFACE_CURVE('',#750,(#755,#762),.PCURVE_S1.);
#750 = CIRCLE('',#751,1.8);
#751 = AXIS2_PLACEMENT_3D('',#752,#753,#754);
#752 = CARTESIAN_POINT('',(-32.,-19.,11.));
#753 = DIRECTION('',(0.,0.,1.));
#754 = DIRECTION('',(1.,0.,0.));
#755 = PCURVE('',#81,#756);
#756 = DEFINITIONAL_REPRESENTATION('',(#757),#761);
#757 = LINE('',#758,#759);
#758 = CARTESIAN_POINT('',(-0.,-8.));
#759 = VECTOR('',#760,1.);
#760 = DIRECTION('',(-1.,0.));
#761 = ( GEOMETRIC_REPRESENTATION_CONTEXT(2) 
PARAMETRIC_REPRESENTATION_CONTEXT() REPRESENTATION_CONTEXT('2D SPACE',''
  ) );
#762 = PCURVE('',#519,#763);
#763 = DEFINITIONAL_REPRESENTATION('',(#764),#768);
#764 = CIRCLE('',#765,1.8);
#765 = AXIS2_PLACEMENT_2D('',#766,#767);
#766 = CARTESIAN_POINT('',(0.,0.));
#767 = DIRECTION('',(1.,0.));
#768 = ( GEOMETRIC_REPRESENTATION_CONTEXT(2) 
PARAMETRIC_REPRESENTATION_CONTEXT() REPRESENTATION_CONTEXT('2D SPACE',''
  ) );
#769 = ORIENTED_EDGE('',*,*,#479,.F.);
#770 = ADVANCED_FACE('',(#771),#114,.F.);
#771 = FACE_BOUND('',#772,.F.);
#772 = EDGE_LOOP('',(#773,#796,#797,#820));
#773 = ORIENTED_EDGE('',*,*,#774,.F.);
#774 = EDGE_CURVE('',#96,#775,#777,.T.);
#775 = VERTEX_POINT('',#776);
#776 = CARTESIAN_POINT('',(-26.,-11.,12.222287649451));
#777 = SURFACE_CURVE('',#778,(#782,#789),.PCURVE_S1.);
#778 = LINE('',#779,#780);
#779 = CARTESIAN_POINT('',(-26.,-11.,4.5));
#780 = VECTOR('',#781,1.);
#781 = DIRECTION('',(0.,0.,1.));
#782 = PCURVE('',#114,#783);
#783 = DEFINITIONAL_REPRESENTATION('',(#784),#788);
#784 = LINE('',#785,#786);
#785 = CARTESIAN_POINT('',(0.,0.));
#786 = VECTOR('',#787,1.);
#787 = DIRECTION('',(0.,1.));
#788 = ( GEOMETRIC_REPRESENTATION_CONTEXT(2) 
PARAMETRIC_REPRESENTATION_CONTEXT() REPRESENTATION_CONTEXT('2D SPACE',''
  ) );
#789 = PCURVE('',#141,#790);
#790 = DEFINITIONAL_REPRESENTATION('',(#791),#795);
#791 = LINE('',#792,#793);
#792 = CARTESIAN_POINT('',(0.,-2.));
#793 = VECTOR('',#794,1.);
#794 = DIRECTION('',(1.,0.));
#795 = ( GEOMETRIC_REPRESENTATION_CONTEXT(2) 
PARAMETRIC_REPRESENTATION_CONTEXT() REPRESENTATION_CONTEXT('2D SPACE',''
  ) );
#796 = ORIENTED_EDGE('',*,*,#95,.T.);
#797 = ORIENTED_EDGE('',*,*,#798,.T.);
#798 = EDGE_CURVE('',#98,#799,#801,.T.);
#799 = VERTEX_POINT('',#800);
#800 = CARTESIAN_POINT('',(-24.,-13.,12.03044201027));
#801 = SURFACE_CURVE('',#802,(#806,#813),.PCURVE_S1.);
#802 = LINE('',#803,#804);
#803 = CARTESIAN_POINT('',(-24.,-13.,4.5));
#804 = VECTOR('',#805,1.);
#805 = DIRECTION('',(0.,0.,1.));
#806 = PCURVE('',#114,#807);
#807 = DEFINITIONAL_REPRESENTATION('',(#808),#812);
#808 = LINE('',#809,#810);
#809 = CARTESIAN_POINT('',(1.570796326795,0.));
#810 = VECTOR('',#811,1.);
#811 = DIRECTION('',(0.,1.));
#812 = ( GEOMETRIC_REPRESENTATION_CONTEXT(2) 
PARAMETRIC_REPRESENTATION_CONTEXT() REPRESENTATION_CONTEXT('2D SPACE',''
  ) );
#813 = PCURVE('',#304,#814);
#814 = DEFINITIONAL_REPRESENTATION('',(#815),#819);
#815 = LINE('',#816,#817);
#816 = CARTESIAN_POINT('',(0.,2.));
#817 = VECTOR('',#818,1.);
#818 = DIRECTION('',(1.,0.));
#819 = ( GEOMETRIC_REPRESENTATION_CONTEXT(2) 
PARAMETRIC_REPRESENTATION_CONTEXT() REPRESENTATION_CONTEXT('2D SPACE',''
  ) );
#820 = ORIENTED_EDGE('',*,*,#821,.F.);
#821 = EDGE_CURVE('',#775,#799,#822,.T.);
#822 = SURFACE_CURVE('',#823,(#844,#868),.PCURVE_S1.);
#823 = B_SPLINE_CURVE_WITH_KNOTS('',7,(#824,#825,#826,#827,#828,#829,
    #830,#831,#832,#833,#834,#835,#836,#837,#838,#839,#840,#841,#842,
    #843),.UNSPECIFIED.,.F.,.F.,(8,6,6,8),(0.,0.234521169228,
    0.657796269625,1.),.UNSPECIFIED.);
#824 = CARTESIAN_POINT('',(-26.,-11.,12.222287649451));
#825 = CARTESIAN_POINT('',(-26.,-11.10247632294,12.25126649795));
#826 = CARTESIAN_POINT('',(-25.99387425997,-11.20589059416,
    12.278219429205));
#827 = CARTESIAN_POINT('',(-25.98142052697,-11.30978713179,
    12.302959272407));
#828 = CARTESIAN_POINT('',(-25.96248032552,-11.41365749213,
    12.325297478291));
#829 = CARTESIAN_POINT('',(-25.93695315464,-11.5169411056,
    12.345047776027));
#830 = CARTESIAN_POINT('',(-25.90482130671,-11.61902921686,
    12.362035126116));
#831 = CARTESIAN_POINT('',(-25.79645319724,-11.90019536466,
    12.401512924049));
#832 = CARTESIAN_POINT('',(-25.7053184922,-12.07566680976,
    12.417506903121));
#833 = CARTESIAN_POINT('',(-25.59348802519,-12.2409055367,
    12.422984488671));
#834 = CARTESIAN_POINT('',(-25.46304977876,-12.39213429108,
    12.417560897727));
#835 = CARTESIAN_POINT('',(-25.31686836201,-12.52637479482,
    12.401288676729));
#836 = CARTESIAN_POINT('',(-25.15853318665,-12.64146401835,
    12.374694055267));
#837 = CARTESIAN_POINT('',(-24.85813998125,-12.81315204251,
    12.310105144303));
#838 = CARTESIAN_POINT('',(-24.71853036108,-12.87687034443,
    12.275217790485));
#839 = CARTESIAN_POINT('',(-24.57549216768,-12.92716621872,
    12.234830205535));
#840 = CARTESIAN_POINT('',(-24.43074880895,-12.96416707025,
    12.18955153206));
#841 = CARTESIAN_POINT('',(-24.28579039205,-12.98825905592,
    12.140000951524));
#842 = CARTESIAN_POINT('',(-24.14187035912,-13.,12.086782182906));
#843 = CARTESIAN_POINT('',(-24.,-13.,12.03044201027));
#844 = PCURVE('',#114,#845);
#845 = DEFINITIONAL_REPRESENTATION('',(#846),#867);
#846 = B_SPLINE_CURVE_WITH_KNOTS('',7,(#847,#848,#849,#850,#851,#852,
    #853,#854,#855,#856,#857,#858,#859,#860,#861,#862,#863,#864,#865,
    #866),.UNSPECIFIED.,.F.,.F.,(8,6,6,8),(0.,0.234521169228,
    0.657796269625,1.),.UNSPECIFIED.);
#847 = CARTESIAN_POINT('',(0.,7.722287649451));
#848 = CARTESIAN_POINT('',(5.123816147312E-02,7.75126649795));
#849 = CARTESIAN_POINT('',(0.102945255407,7.778219429205));
#850 = CARTESIAN_POINT('',(0.155113380528,7.802959272407));
#851 = CARTESIAN_POINT('',(0.207725615531,7.825297478291));
#852 = CARTESIAN_POINT('',(0.260755741534,7.845047776027));
#853 = CARTESIAN_POINT('',(0.314162420933,7.862035126116));
#854 = CARTESIAN_POINT('',(0.464825994684,7.901512924049));
#855 = CARTESIAN_POINT('',(0.56307915313,7.917506903121));
#856 = CARTESIAN_POINT('',(0.661768525157,7.922984488671));
#857 = CARTESIAN_POINT('',(0.760422678996,7.917560897727));
#858 = CARTESIAN_POINT('',(0.858615178661,7.901288676729));
#859 = CARTESIAN_POINT('',(0.955903072775,7.874694055267));
#860 = CARTESIAN_POINT('',(1.128900800715,7.810105144303));
#861 = CARTESIAN_POINT('',(1.205314238672,7.775217790485));
#862 = CARTESIAN_POINT('',(1.280641780376,7.734830205535));
#863 = CARTESIAN_POINT('',(1.354839232015,7.68955153206));
#864 = CARTESIAN_POINT('',(1.427901062457,7.640000951524));
#865 = CARTESIAN_POINT('',(1.499861147232,7.586782182906));
#866 = CARTESIAN_POINT('',(1.570796326795,7.53044201027));
#867 = ( GEOMETRIC_REPRESENTATION_CONTEXT(2) 
PARAMETRIC_REPRESENTATION_CONTEXT() REPRESENTATION_CONTEXT('2D SPACE',''
  ) );
#868 = PCURVE('',#869,#900);
#869 = B_SPLINE_SURFACE_WITH_KNOTS('',14,1,(
    (#870,#871)
    ,(#872,#873)
    ,(#874,#875)
    ,(#876,#877)
    ,(#878,#879)
    ,(#880,#881)
    ,(#882,#883)
    ,(#884,#885)
    ,(#886,#887)
    ,(#888,#889)
    ,(#890,#891)
    ,(#892,#893)
    ,(#894,#895)
    ,(#896,#897)
    ,(#898,#899
    )),.UNSPECIFIED.,.T.,.F.,.F.,(15,15),(2,2),(0.,6.28318530718),(0.,1.
    ),.PIECEWISE_BEZIER_KNOTS.);
#870 = CARTESIAN_POINT('',(29.,2.64856971226E-15,12.));
#871 = CARTESIAN_POINT('',(42.,4.727759759839E-14,18.));
#872 = CARTESIAN_POINT('',(29.000000000003,10.322375861804,12.));
#873 = CARTESIAN_POINT('',(42.000000000004,14.361566416421,
    18.000000000001));
#874 = CARTESIAN_POINT('',(22.709483525206,20.644755533803,12.));
#875 = CARTESIAN_POINT('',(32.88959682961,28.723138133996,
    17.999999999997));
#876 = CARTESIAN_POINT('',(10.128442533833,28.354844971212,
    11.999999999997));
#877 = CARTESIAN_POINT('',(14.668778842096,39.450219090356,
    18.000000000004));
#878 = CARTESIAN_POINT('',(-6.861707827399,30.84064470394,
    12.000000000013));
#879 = CARTESIAN_POINT('',(-9.937645818978,42.908723066406,
    18.000000000005));
#880 = CARTESIAN_POINT('',(-24.49849415174,26.426467803327,
    11.999999999966));
#881 = CARTESIAN_POINT('',(-35.48057773702,36.767259552362,
    17.999999999969));
#882 = CARTESIAN_POINT('',(-37.96220934803,15.315360640961,
    12.000000000061));
#883 = CARTESIAN_POINT('',(-54.97975146953,21.308327848421,
    18.00000000007));
#884 = CARTESIAN_POINT('',(-43.03102945947,4.311891682217E-10,
    11.999999999921));
#885 = CARTESIAN_POINT('',(-62.32080128618,4.529813320791E-10,
    17.999999999894));
#886 = CARTESIAN_POINT('',(-37.96220934804,-15.31536064175,
    12.000000000081));
#887 = CARTESIAN_POINT('',(-54.97975146953,-21.30832784925,
    18.000000000119));
#888 = CARTESIAN_POINT('',(-24.49849415172,-26.42646780272,
    11.999999999935));
#889 = CARTESIAN_POINT('',(-35.48057773702,-36.76725955172,
    17.999999999896));
#890 = CARTESIAN_POINT('',(-6.861707827408,-30.84064470431,
    12.000000000041));
#891 = CARTESIAN_POINT('',(-9.937645818976,-42.9087230668,
    18.000000000071));
#892 = CARTESIAN_POINT('',(10.128442533839,-28.35484497102,
    11.99999999998));
#893 = CARTESIAN_POINT('',(14.668778842096,-39.45021909015,
    17.999999999963));
#894 = CARTESIAN_POINT('',(22.709483525203,-20.64475553387,
    12.000000000007));
#895 = CARTESIAN_POINT('',(32.889596829611,-28.72313813407,
    18.000000000014));
#896 = CARTESIAN_POINT('',(29.000000000004,-10.32237586178,
    11.999999999998));
#897 = CARTESIAN_POINT('',(42.000000000004,-14.3615664164,
    17.999999999997));
#898 = CARTESIAN_POINT('',(29.,-1.156228521492E-14,12.));
#899 = CARTESIAN_POINT('',(42.,-5.219838570296E-14,18.));
#900 = DEFINITIONAL_REPRESENTATION('',(#901),#922);
#901 = B_SPLINE_CURVE_WITH_KNOTS('',7,(#902,#903,#904,#905,#906,#907,
    #908,#909,#910,#911,#912,#913,#914,#915,#916,#917,#918,#919,#920,
    #921),.UNSPECIFIED.,.F.,.F.,(8,6,6,8),(0.,0.234521169228,
    0.657796269625,1.),.UNSPECIFIED.);
#902 = CARTESIAN_POINT('',(3.632500355699,3.704794157511E-02));
#903 = CARTESIAN_POINT('',(3.636484450987,4.187774965827E-02));
#904 = CARTESIAN_POINT('',(3.640576326087,4.636990486748E-02));
#905 = CARTESIAN_POINT('',(3.644762752038,5.049321206785E-02));
#906 = CARTESIAN_POINT('',(3.649028523817,5.421624638182E-02));
#907 = CARTESIAN_POINT('',(3.653356327793,5.750796267118E-02));
#908 = CARTESIAN_POINT('',(3.657726446053,6.033918768595E-02));
#909 = CARTESIAN_POINT('',(3.670039313126,6.691882067489E-02));
#910 = CARTESIAN_POINT('',(3.678051082383,6.958448385357E-02));
#911 = CARTESIAN_POINT('',(3.685980285932,7.049741477856E-02));
#912 = CARTESIAN_POINT('',(3.693679158333,6.959348295451E-02));
#913 = CARTESIAN_POINT('',(3.701016253041,6.688144612146E-02));
#914 = CARTESIAN_POINT('',(3.707871635338,6.244900921114E-02));
#915 = CARTESIAN_POINT('',(3.719217014784,5.168419071715E-02));
#916 = CARTESIAN_POINT('',(3.7239177352,4.586963174753E-02));
#917 = CARTESIAN_POINT('',(3.728206794278,3.913836758909E-02));
#918 = CARTESIAN_POINT('',(3.73206182681,3.159192200998E-02));
#919 = CARTESIAN_POINT('',(3.735470221221,2.333349192075E-02));
#920 = CARTESIAN_POINT('',(3.738427220026,1.4463697151E-02));
#921 = CARTESIAN_POINT('',(3.740932450942,5.073668378362E-03));
#922 = ( GEOMETRIC_REPRESENTATION_CONTEXT(2) 
PARAMETRIC_REPRESENTATION_CONTEXT() REPRESENTATION_CONTEXT('2D SPACE',''
  ) );
#923 = ADVANCED_FACE('',(#924),#141,.T.);
#924 = FACE_BOUND('',#925,.T.);
#925 = EDGE_LOOP('',(#926,#955,#956,#957,#980));
#926 = ORIENTED_EDGE('',*,*,#927,.T.);
#927 = EDGE_CURVE('',#928,#775,#930,.T.);
#928 = VERTEX_POINT('',#929);
#929 = CARTESIAN_POINT('',(-26.,-10.18759825204,12.));
#930 = SURFACE_CURVE('',#931,(#937,#946),.PCURVE_S1.);
#931 = B_SPLINE_CURVE_WITH_KNOTS('',4,(#932,#933,#934,#935,#936),
  .UNSPECIFIED.,.F.,.F.,(5,5),(0.,1.),.PIECEWISE_BEZIER_KNOTS.);
#932 = CARTESIAN_POINT('',(-26.,-10.18759823051,12.));
#933 = CARTESIAN_POINT('',(-26.,-10.39118106446,12.053818227465));
#934 = CARTESIAN_POINT('',(-26.,-10.59444447464,12.108824806386));
#935 = CARTESIAN_POINT('',(-26.,-10.79738482192,12.16499095515));
#936 = CARTESIAN_POINT('',(-26.,-11.,12.222287649451));
#937 = PCURVE('',#141,#938);
#938 = DEFINITIONAL_REPRESENTATION('',(#939),#945);
#939 = B_SPLINE_CURVE_WITH_KNOTS('',4,(#940,#941,#942,#943,#944),
  .UNSPECIFIED.,.F.,.F.,(5,5),(0.,1.),.PIECEWISE_BEZIER_KNOTS.);
#940 = CARTESIAN_POINT('',(7.5,-2.81240176949));
#941 = CARTESIAN_POINT('',(7.553818227465,-2.60881893554));
#942 = CARTESIAN_POINT('',(7.608824806386,-2.405555525353));
#943 = CARTESIAN_POINT('',(7.66499095515,-2.202615178071));
#944 = CARTESIAN_POINT('',(7.722287649451,-2.));
#945 = ( GEOMETRIC_REPRESENTATION_CONTEXT(2) 
PARAMETRIC_REPRESENTATION_CONTEXT() REPRESENTATION_CONTEXT('2D SPACE',''
  ) );
#946 = PCURVE('',#869,#947);
#947 = DEFINITIONAL_REPRESENTATION('',(#948),#954);
#948 = B_SPLINE_CURVE_WITH_KNOTS('',4,(#949,#950,#951,#952,#953),
  .UNSPECIFIED.,.F.,.F.,(5,5),(0.,1.),.PIECEWISE_BEZIER_KNOTS.);
#949 = CARTESIAN_POINT('',(3.600466858815,0.));
#950 = CARTESIAN_POINT('',(3.608605555626,8.969704577449E-03));
#951 = CARTESIAN_POINT('',(3.616657929932,1.813746773093E-02));
#952 = CARTESIAN_POINT('',(3.624623041673,2.7498492525E-02));
#953 = CARTESIAN_POINT('',(3.632500355699,3.704794157511E-02));
#954 = ( GEOMETRIC_REPRESENTATION_CONTEXT(2) 
PARAMETRIC_REPRESENTATION_CONTEXT() REPRESENTATION_CONTEXT('2D SPACE',''
  ) );
#955 = ORIENTED_EDGE('',*,*,#774,.F.);
#956 = ORIENTED_EDGE('',*,*,#126,.T.);
#957 = ORIENTED_EDGE('',*,*,#958,.T.);
#958 = EDGE_CURVE('',#127,#959,#961,.T.);
#959 = VERTEX_POINT('',#960);
#960 = CARTESIAN_POINT('',(-26.,-5.,12.));
#961 = SURFACE_CURVE('',#962,(#966,#973),.PCURVE_S1.);
#962 = LINE('',#963,#964);
#963 = CARTESIAN_POINT('',(-26.,-5.,4.5));
#964 = VECTOR('',#965,1.);
#965 = DIRECTION('',(0.,0.,1.));
#966 = PCURVE('',#141,#967);
#967 = DEFINITIONAL_REPRESENTATION('',(#968),#972);
#968 = LINE('',#969,#970);
#969 = CARTESIAN_POINT('',(0.,-8.));
#970 = VECTOR('',#971,1.);
#971 = DIRECTION('',(1.,0.));
#972 = ( GEOMETRIC_REPRESENTATION_CONTEXT(2) 
PARAMETRIC_REPRESENTATION_CONTEXT() REPRESENTATION_CONTEXT('2D SPACE',''
  ) );
#973 = PCURVE('',#169,#974);
#974 = DEFINITIONAL_REPRESENTATION('',(#975),#979);
#975 = LINE('',#976,#977);
#976 = CARTESIAN_POINT('',(-0.,0.));
#977 = VECTOR('',#978,1.);
#978 = DIRECTION('',(-0.,1.));
#979 = ( GEOMETRIC_REPRESENTATION_CONTEXT(2) 
PARAMETRIC_REPRESENTATION_CONTEXT() REPRESENTATION_CONTEXT('2D SPACE',''
  ) );
#980 = ORIENTED_EDGE('',*,*,#981,.F.);
#981 = EDGE_CURVE('',#928,#959,#982,.T.);
#982 = SURFACE_CURVE('',#983,(#987,#993),.PCURVE_S1.);
#983 = LINE('',#984,#985);
#984 = CARTESIAN_POINT('',(-26.,-6.5,12.));
#985 = VECTOR('',#986,1.);
#986 = DIRECTION('',(0.,1.,0.));
#987 = PCURVE('',#141,#988);
#988 = DEFINITIONAL_REPRESENTATION('',(#989),#992);
#989 = B_SPLINE_CURVE_WITH_KNOTS('',1,(#990,#991),.UNSPECIFIED.,.F.,.F.,
  (2,2),(-4.5,1.5),.PIECEWISE_BEZIER_KNOTS.);
#990 = CARTESIAN_POINT('',(7.5,-2.));
#991 = CARTESIAN_POINT('',(7.5,-8.));
#992 = ( GEOMETRIC_REPRESENTATION_CONTEXT(2) 
PARAMETRIC_REPRESENTATION_CONTEXT() REPRESENTATION_CONTEXT('2D SPACE',''
  ) );
#993 = PCURVE('',#994,#999);
#994 = PLANE('',#995);
#995 = AXIS2_PLACEMENT_3D('',#996,#997,#998);
#996 = CARTESIAN_POINT('',(0.,0.,12.));
#997 = DIRECTION('',(0.,0.,1.));
#998 = DIRECTION('',(1.,0.,0.));
#999 = DEFINITIONAL_REPRESENTATION('',(#1000),#1003);
#1000 = B_SPLINE_CURVE_WITH_KNOTS('',1,(#1001,#1002),.UNSPECIFIED.,.F.,
  .F.,(2,2),(-4.5,1.5),.PIECEWISE_BEZIER_KNOTS.);
#1001 = CARTESIAN_POINT('',(-26.,-11.));
#1002 = CARTESIAN_POINT('',(-26.,-5.));
#1003 = ( GEOMETRIC_REPRESENTATION_CONTEXT(2) 
PARAMETRIC_REPRESENTATION_CONTEXT() REPRESENTATION_CONTEXT('2D SPACE',''
  ) );
#1004 = ADVANCED_FACE('',(#1005),#304,.T.);
#1005 = FACE_BOUND('',#1006,.T.);
#1006 = EDGE_LOOP('',(#1007,#1008,#1009,#1038,#1059));
#1007 = ORIENTED_EDGE('',*,*,#291,.T.);
#1008 = ORIENTED_EDGE('',*,*,#798,.T.);
#1009 = ORIENTED_EDGE('',*,*,#1010,.F.);
#1010 = EDGE_CURVE('',#1011,#799,#1013,.T.);
#1011 = VERTEX_POINT('',#1012);
#1012 = CARTESIAN_POINT('',(-23.92331795083,-13.,12.));
#1013 = SURFACE_CURVE('',#1014,(#1020,#1029),.PCURVE_S1.);
#1014 = B_SPLINE_CURVE_WITH_KNOTS('',4,(#1015,#1016,#1017,#1018,#1019),
  .UNSPECIFIED.,.F.,.F.,(5,5),(0.,1.),.PIECEWISE_BEZIER_KNOTS.);
#1015 = CARTESIAN_POINT('',(-23.92331794767,-13.,12.));
#1016 = CARTESIAN_POINT('',(-23.94248935559,-13.,12.007608277493));
#1017 = CARTESIAN_POINT('',(-23.96166016599,-13.,12.015218041742));
#1018 = CARTESIAN_POINT('',(-23.9808303799,-13.,12.022829287588));
#1019 = CARTESIAN_POINT('',(-24.,-13.,12.03044201027));
#1020 = PCURVE('',#304,#1021);
#1021 = DEFINITIONAL_REPRESENTATION('',(#1022),#1028);
#1022 = B_SPLINE_CURVE_WITH_KNOTS('',4,(#1023,#1024,#1025,#1026,#1027),
  .UNSPECIFIED.,.F.,.F.,(5,5),(0.,1.),.PIECEWISE_BEZIER_KNOTS.);
#1023 = CARTESIAN_POINT('',(7.5,2.07668205233));
#1024 = CARTESIAN_POINT('',(7.507608277493,2.057510644404));
#1025 = CARTESIAN_POINT('',(7.515218041742,2.038339834008));
#1026 = CARTESIAN_POINT('',(7.522829287588,2.019169620096));
#1027 = CARTESIAN_POINT('',(7.53044201027,2.));
#1028 = ( GEOMETRIC_REPRESENTATION_CONTEXT(2) 
PARAMETRIC_REPRESENTATION_CONTEXT() REPRESENTATION_CONTEXT('2D SPACE',''
  ) );
#1029 = PCURVE('',#869,#1030);
#1030 = DEFINITIONAL_REPRESENTATION('',(#1031),#1037);
#1031 = B_SPLINE_CURVE_WITH_KNOTS('',4,(#1032,#1033,#1034,#1035,#1036),
  .UNSPECIFIED.,.F.,.F.,(5,5),(0.,1.),.PIECEWISE_BEZIER_KNOTS.);
#1032 = CARTESIAN_POINT('',(3.742289406955,0.));
#1033 = CARTESIAN_POINT('',(3.741949435961,1.268046248849E-03));
#1034 = CARTESIAN_POINT('',(3.741609944626,2.536334688449E-03));
#1035 = CARTESIAN_POINT('',(3.741270967003,3.804885791548E-03));
#1036 = CARTESIAN_POINT('',(3.740932458483,5.073672905317E-03));
#1037 = ( GEOMETRIC_REPRESENTATION_CONTEXT(2) 
PARAMETRIC_REPRESENTATION_CONTEXT() REPRESENTATION_CONTEXT('2D SPACE',''
  ) );
#1038 = ORIENTED_EDGE('',*,*,#1039,.F.);
#1039 = EDGE_CURVE('',#1040,#1011,#1042,.T.);
#1040 = VERTEX_POINT('',#1041);
#1041 = CARTESIAN_POINT('',(-12.,-13.,12.));
#1042 = SURFACE_CURVE('',#1043,(#1047,#1053),.PCURVE_S1.);
#1043 = LINE('',#1044,#1045);
#1044 = CARTESIAN_POINT('',(-13.,-13.,12.));
#1045 = VECTOR('',#1046,1.);
#1046 = DIRECTION('',(-1.,0.,0.));
#1047 = PCURVE('',#304,#1048);
#1048 = DEFINITIONAL_REPRESENTATION('',(#1049),#1052);
#1049 = B_SPLINE_CURVE_WITH_KNOTS('',1,(#1050,#1051),.UNSPECIFIED.,.F.,
  .F.,(2,2),(-1.,11.),.PIECEWISE_BEZIER_KNOTS.);
#1050 = CARTESIAN_POINT('',(7.5,14.));
#1051 = CARTESIAN_POINT('',(7.5,2.));
#1052 = ( GEOMETRIC_REPRESENTATION_CONTEXT(2) 
PARAMETRIC_REPRESENTATION_CONTEXT() REPRESENTATION_CONTEXT('2D SPACE',''
  ) );
#1053 = PCURVE('',#994,#1054);
#1054 = DEFINITIONAL_REPRESENTATION('',(#1055),#1058);
#1055 = B_SPLINE_CURVE_WITH_KNOTS('',1,(#1056,#1057),.UNSPECIFIED.,.F.,
  .F.,(2,2),(-1.,11.),.PIECEWISE_BEZIER_KNOTS.);
#1056 = CARTESIAN_POINT('',(-12.,-13.));
#1057 = CARTESIAN_POINT('',(-24.,-13.));
#1058 = ( GEOMETRIC_REPRESENTATION_CONTEXT(2) 
PARAMETRIC_REPRESENTATION_CONTEXT() REPRESENTATION_CONTEXT('2D SPACE',''
  ) );
#1059 = ORIENTED_EDGE('',*,*,#1060,.F.);
#1060 = EDGE_CURVE('',#263,#1040,#1061,.T.);
#1061 = SURFACE_CURVE('',#1062,(#1066,#1073),.PCURVE_S1.);
#1062 = LINE('',#1063,#1064);
#1063 = CARTESIAN_POINT('',(-12.,-13.,4.5));
#1064 = VECTOR('',#1065,1.);
#1065 = DIRECTION('',(0.,0.,1.));
#1066 = PCURVE('',#304,#1067);
#1067 = DEFINITIONAL_REPRESENTATION('',(#1068),#1072);
#1068 = LINE('',#1069,#1070);
#1069 = CARTESIAN_POINT('',(0.,14.));
#1070 = VECTOR('',#1071,1.);
#1071 = DIRECTION('',(1.,0.));
#1072 = ( GEOMETRIC_REPRESENTATION_CONTEXT(2) 
PARAMETRIC_REPRESENTATION_CONTEXT() REPRESENTATION_CONTEXT('2D SPACE',''
  ) );
#1073 = PCURVE('',#279,#1074);
#1074 = DEFINITIONAL_REPRESENTATION('',(#1075),#1079);
#1075 = LINE('',#1076,#1077);
#1076 = CARTESIAN_POINT('',(-1.570796326795,0.));
#1077 = VECTOR('',#1078,1.);
#1078 = DIRECTION('',(-0.,1.));
#1079 = ( GEOMETRIC_REPRESENTATION_CONTEXT(2) 
PARAMETRIC_REPRESENTATION_CONTEXT() REPRESENTATION_CONTEXT('2D SPACE',''
  ) );
#1080 = ADVANCED_FACE('',(#1081),#169,.F.);
#1081 = FACE_BOUND('',#1082,.T.);
#1082 = EDGE_LOOP('',(#1083,#1084,#1085,#1108));
#1083 = ORIENTED_EDGE('',*,*,#958,.F.);
#1084 = ORIENTED_EDGE('',*,*,#152,.F.);
#1085 = ORIENTED_EDGE('',*,*,#1086,.T.);
#1086 = EDGE_CURVE('',#153,#1087,#1089,.T.);
#1087 = VERTEX_POINT('',#1088);
#1088 = CARTESIAN_POINT('',(-24.,-3.,12.));
#1089 = SURFACE_CURVE('',#1090,(#1094,#1101),.PCURVE_S1.);
#1090 = LINE('',#1091,#1092);
#1091 = CARTESIAN_POINT('',(-24.,-3.,4.5));
#1092 = VECTOR('',#1093,1.);
#1093 = DIRECTION('',(0.,0.,1.));
#1094 = PCURVE('',#169,#1095);
#1095 = DEFINITIONAL_REPRESENTATION('',(#1096),#1100);
#1096 = LINE('',#1097,#1098);
#1097 = CARTESIAN_POINT('',(-1.570796326795,0.));
#1098 = VECTOR('',#1099,1.);
#1099 = DIRECTION('',(-0.,1.));
#1100 = ( GEOMETRIC_REPRESENTATION_CONTEXT(2) 
PARAMETRIC_REPRESENTATION_CONTEXT() REPRESENTATION_CONTEXT('2D SPACE',''
  ) );
#1101 = PCURVE('',#196,#1102);
#1102 = DEFINITIONAL_REPRESENTATION('',(#1103),#1107);
#1103 = LINE('',#1104,#1105);
#1104 = CARTESIAN_POINT('',(0.,2.));
#1105 = VECTOR('',#1106,1.);
#1106 = DIRECTION('',(1.,0.));
#1107 = ( GEOMETRIC_REPRESENTATION_CONTEXT(2) 
PARAMETRIC_REPRESENTATION_CONTEXT() REPRESENTATION_CONTEXT('2D SPACE',''
  ) );
#1108 = ORIENTED_EDGE('',*,*,#1109,.T.);
#1109 = EDGE_CURVE('',#1087,#959,#1110,.T.);
#1110 = SURFACE_CURVE('',#1111,(#1116,#1123),.PCURVE_S1.);
#1111 = CIRCLE('',#1112,2.);
#1112 = AXIS2_PLACEMENT_3D('',#1113,#1114,#1115);
#1113 = CARTESIAN_POINT('',(-24.,-5.,12.));
#1114 = DIRECTION('',(0.,0.,1.));
#1115 = DIRECTION('',(-1.,-0.,0.));
#1116 = PCURVE('',#169,#1117);
#1117 = DEFINITIONAL_REPRESENTATION('',(#1118),#1122);
#1118 = LINE('',#1119,#1120);
#1119 = CARTESIAN_POINT('',(-6.28318530718,7.5));
#1120 = VECTOR('',#1121,1.);
#1121 = DIRECTION('',(1.,-0.));
#1122 = ( GEOMETRIC_REPRESENTATION_CONTEXT(2) 
PARAMETRIC_REPRESENTATION_CONTEXT() REPRESENTATION_CONTEXT('2D SPACE',''
  ) );
#1123 = PCURVE('',#994,#1124);
#1124 = DEFINITIONAL_REPRESENTATION('',(#1125),#1129);
#1125 = CIRCLE('',#1126,2.);
#1126 = AXIS2_PLACEMENT_2D('',#1127,#1128);
#1127 = CARTESIAN_POINT('',(-24.,-5.));
#1128 = DIRECTION('',(-1.,0.));
#1129 = ( GEOMETRIC_REPRESENTATION_CONTEXT(2) 
PARAMETRIC_REPRESENTATION_CONTEXT() REPRESENTATION_CONTEXT('2D SPACE',''
  ) );
#1130 = ADVANCED_FACE('',(#1131),#279,.F.);
#1131 = FACE_BOUND('',#1132,.T.);
#1132 = EDGE_LOOP('',(#1133,#1156,#1157,#1158));
#1133 = ORIENTED_EDGE('',*,*,#1134,.F.);
#1134 = EDGE_CURVE('',#237,#1135,#1137,.T.);
#1135 = VERTEX_POINT('',#1136);
#1136 = CARTESIAN_POINT('',(-10.,-11.,12.));
#1137 = SURFACE_CURVE('',#1138,(#1142,#1149),.PCURVE_S1.);
#1138 = LINE('',#1139,#1140);
#1139 = CARTESIAN_POINT('',(-10.,-11.,4.5));
#1140 = VECTOR('',#1141,1.);
#1141 = DIRECTION('',(0.,0.,1.));
#1142 = PCURVE('',#279,#1143);
#1143 = DEFINITIONAL_REPRESENTATION('',(#1144),#1148);
#1144 = LINE('',#1145,#1146);
#1145 = CARTESIAN_POINT('',(-0.,0.));
#1146 = VECTOR('',#1147,1.);
#1147 = DIRECTION('',(-0.,1.));
#1148 = ( GEOMETRIC_REPRESENTATION_CONTEXT(2) 
PARAMETRIC_REPRESENTATION_CONTEXT() REPRESENTATION_CONTEXT('2D SPACE',''
  ) );
#1149 = PCURVE('',#251,#1150);
#1150 = DEFINITIONAL_REPRESENTATION('',(#1151),#1155);
#1151 = LINE('',#1152,#1153);
#1152 = CARTESIAN_POINT('',(0.,-2.));
#1153 = VECTOR('',#1154,1.);
#1154 = DIRECTION('',(1.,0.));
#1155 = ( GEOMETRIC_REPRESENTATION_CONTEXT(2) 
PARAMETRIC_REPRESENTATION_CONTEXT() REPRESENTATION_CONTEXT('2D SPACE',''
  ) );
#1156 = ORIENTED_EDGE('',*,*,#262,.F.);
#1157 = ORIENTED_EDGE('',*,*,#1060,.T.);
#1158 = ORIENTED_EDGE('',*,*,#1159,.T.);
#1159 = EDGE_CURVE('',#1040,#1135,#1160,.T.);
#1160 = SURFACE_CURVE('',#1161,(#1166,#1173),.PCURVE_S1.);
#1161 = CIRCLE('',#1162,2.);
#1162 = AXIS2_PLACEMENT_3D('',#1163,#1164,#1165);
#1163 = CARTESIAN_POINT('',(-12.,-11.,12.));
#1164 = DIRECTION('',(0.,0.,1.));
#1165 = DIRECTION('',(1.,0.,-0.));
#1166 = PCURVE('',#279,#1167);
#1167 = DEFINITIONAL_REPRESENTATION('',(#1168),#1172);
#1168 = LINE('',#1169,#1170);
#1169 = CARTESIAN_POINT('',(-6.28318530718,7.5));
#1170 = VECTOR('',#1171,1.);
#1171 = DIRECTION('',(1.,-0.));
#1172 = ( GEOMETRIC_REPRESENTATION_CONTEXT(2) 
PARAMETRIC_REPRESENTATION_CONTEXT() REPRESENTATION_CONTEXT('2D SPACE',''
  ) );
#1173 = PCURVE('',#994,#1174);
#1174 = DEFINITIONAL_REPRESENTATION('',(#1175),#1179);
#1175 = CIRCLE('',#1176,2.);
#1176 = AXIS2_PLACEMENT_2D('',#1177,#1178);
#1177 = CARTESIAN_POINT('',(-12.,-11.));
#1178 = DIRECTION('',(1.,0.));
#1179 = ( GEOMETRIC_REPRESENTATION_CONTEXT(2) 
PARAMETRIC_REPRESENTATION_CONTEXT() REPRESENTATION_CONTEXT('2D SPACE',''
  ) );
#1180 = ADVANCED_FACE('',(#1181),#196,.F.);
#1181 = FACE_BOUND('',#1182,.F.);
#1182 = EDGE_LOOP('',(#1183,#1184,#1185,#1206,#1235,#1261,#1289));
#1183 = ORIENTED_EDGE('',*,*,#181,.T.);
#1184 = ORIENTED_EDGE('',*,*,#1086,.T.);
#1185 = ORIENTED_EDGE('',*,*,#1186,.F.);
#1186 = EDGE_CURVE('',#1187,#1087,#1189,.T.);
#1187 = VERTEX_POINT('',#1188);
#1188 = CARTESIAN_POINT('',(-17.41951544921,-3.,12.));
#1189 = SURFACE_CURVE('',#1190,(#1194,#1200),.PCURVE_S1.);
#1190 = LINE('',#1191,#1192);
#1191 = CARTESIAN_POINT('',(-13.,-3.,12.));
#1192 = VECTOR('',#1193,1.);
#1193 = DIRECTION('',(-1.,0.,0.));
#1194 = PCURVE('',#196,#1195);
#1195 = DEFINITIONAL_REPRESENTATION('',(#1196),#1199);
#1196 = B_SPLINE_CURVE_WITH_KNOTS('',1,(#1197,#1198),.UNSPECIFIED.,.F.,
  .F.,(2,2),(-1.,11.),.PIECEWISE_BEZIER_KNOTS.);
#1197 = CARTESIAN_POINT('',(7.5,14.));
#1198 = CARTESIAN_POINT('',(7.5,2.));
#1199 = ( GEOMETRIC_REPRESENTATION_CONTEXT(2) 
PARAMETRIC_REPRESENTATION_CONTEXT() REPRESENTATION_CONTEXT('2D SPACE',''
  ) );
#1200 = PCURVE('',#994,#1201);
#1201 = DEFINITIONAL_REPRESENTATION('',(#1202),#1205);
#1202 = B_SPLINE_CURVE_WITH_KNOTS('',1,(#1203,#1204),.UNSPECIFIED.,.F.,
  .F.,(2,2),(-1.,11.),.PIECEWISE_BEZIER_KNOTS.);
#1203 = CARTESIAN_POINT('',(-12.,-3.));
#1204 = CARTESIAN_POINT('',(-24.,-3.));
#1205 = ( GEOMETRIC_REPRESENTATION_CONTEXT(2) 
PARAMETRIC_REPRESENTATION_CONTEXT() REPRESENTATION_CONTEXT('2D SPACE',''
  ) );
#1206 = ORIENTED_EDGE('',*,*,#1207,.T.);
#1207 = EDGE_CURVE('',#1187,#1208,#1210,.T.);
#1208 = VERTEX_POINT('',#1209);
#1209 = CARTESIAN_POINT('',(-17.98731085477,-3.,15.473457472436));
#1210 = SURFACE_CURVE('',#1211,(#1216,#1223),.PCURVE_S1.);
#1211 = CIRCLE('',#1212,2.4);
#1212 = AXIS2_PLACEMENT_3D('',#1213,#1214,#1215);
#1213 = CARTESIAN_POINT('',(-16.09286553306,-3.,14.));
#1214 = DIRECTION('',(0.,1.,0.));
#1215 = DIRECTION('',(0.,0.,-1.));
#1216 = PCURVE('',#196,#1217);
#1217 = DEFINITIONAL_REPRESENTATION('',(#1218),#1222);
#1218 = CIRCLE('',#1219,2.4);
#1219 = AXIS2_PLACEMENT_2D('',#1220,#1221);
#1220 = CARTESIAN_POINT('',(9.5,9.907134466931));
#1221 = DIRECTION('',(-1.,0.));
#1222 = ( GEOMETRIC_REPRESENTATION_CONTEXT(2) 
PARAMETRIC_REPRESENTATION_CONTEXT() REPRESENTATION_CONTEXT('2D SPACE',''
  ) );
#1223 = PCURVE('',#1224,#1229);
#1224 = CYLINDRICAL_SURFACE('',#1225,2.4);
#1225 = AXIS2_PLACEMENT_3D('',#1226,#1227,#1228);
#1226 = CARTESIAN_POINT('',(-16.09286553306,-3.41,14.));
#1227 = DIRECTION('',(0.,1.,0.));
#1228 = DIRECTION('',(0.,0.,-1.));
#1229 = DEFINITIONAL_REPRESENTATION('',(#1230),#1234);
#1230 = LINE('',#1231,#1232);
#1231 = CARTESIAN_POINT('',(0.,0.41));
#1232 = VECTOR('',#1233,1.);
#1233 = DIRECTION('',(1.,0.));
#1234 = ( GEOMETRIC_REPRESENTATION_CONTEXT(2) 
PARAMETRIC_REPRESENTATION_CONTEXT() REPRESENTATION_CONTEXT('2D SPACE',''
  ) );
#1235 = ORIENTED_EDGE('',*,*,#1236,.T.);
#1236 = EDGE_CURVE('',#1208,#1237,#1239,.T.);
#1237 = VERTEX_POINT('',#1238);
#1238 = CARTESIAN_POINT('',(-17.18888888888,-3.,16.5));
#1239 = SURFACE_CURVE('',#1240,(#1244,#1250),.PCURVE_S1.);
#1240 = LINE('',#1241,#1242);
#1241 = CARTESIAN_POINT('',(-20.16269230769,-3.,12.676538461538));
#1242 = VECTOR('',#1243,1.);
#1243 = DIRECTION('',(0.613940613515,-0.,0.789352217376));
#1244 = PCURVE('',#196,#1245);
#1245 = DEFINITIONAL_REPRESENTATION('',(#1246),#1249);
#1246 = B_SPLINE_CURVE_WITH_KNOTS('',1,(#1247,#1248),.UNSPECIFIED.,.F.,
  .F.,(2,2),(3.543309246909,4.843796538851),.PIECEWISE_BEZIER_KNOTS.);
#1247 = CARTESIAN_POINT('',(10.973457472436,8.012689145228));
#1248 = CARTESIAN_POINT('',(12.,8.811111111111));
#1249 = ( GEOMETRIC_REPRESENTATION_CONTEXT(2) 
PARAMETRIC_REPRESENTATION_CONTEXT() REPRESENTATION_CONTEXT('2D SPACE',''
  ) );
#1250 = PCURVE('',#1251,#1256);
#1251 = PLANE('',#1252);
#1252 = AXIS2_PLACEMENT_3D('',#1253,#1254,#1255);
#1253 = CARTESIAN_POINT('',(-14.,-1.41,20.6));
#1254 = DIRECTION('',(0.789352217376,0.,-0.613940613515));
#1255 = DIRECTION('',(-0.613940613515,0.,-0.789352217376));
#1256 = DEFINITIONAL_REPRESENTATION('',(#1257),#1260);
#1257 = B_SPLINE_CURVE_WITH_KNOTS('',1,(#1258,#1259),.UNSPECIFIED.,.F.,
  .F.,(2,2),(3.543309246909,4.843796538851),.PIECEWISE_BEZIER_KNOTS.);
#1258 = CARTESIAN_POINT('',(6.49461978406,-1.59));
#1259 = CARTESIAN_POINT('',(5.194132492118,-1.59));
#1260 = ( GEOMETRIC_REPRESENTATION_CONTEXT(2) 
PARAMETRIC_REPRESENTATION_CONTEXT() REPRESENTATION_CONTEXT('2D SPACE',''
  ) );
#1261 = ORIENTED_EDGE('',*,*,#1262,.T.);
#1262 = EDGE_CURVE('',#1237,#1263,#1265,.T.);
#1263 = VERTEX_POINT('',#1264);
#1264 = CARTESIAN_POINT('',(-12.,-3.,16.5));
#1265 = SURFACE_CURVE('',#1266,(#1270,#1277),.PCURVE_S1.);
#1266 = LINE('',#1267,#1268);
#1267 = CARTESIAN_POINT('',(-26.,-3.,16.5));
#1268 = VECTOR('',#1269,1.);
#1269 = DIRECTION('',(1.,0.,0.));
#1270 = PCURVE('',#196,#1271);
#1271 = DEFINITIONAL_REPRESENTATION('',(#1272),#1276);
#1272 = LINE('',#1273,#1274);
#1273 = CARTESIAN_POINT('',(12.,0.));
#1274 = VECTOR('',#1275,1.);
#1275 = DIRECTION('',(0.,1.));
#1276 = ( GEOMETRIC_REPRESENTATION_CONTEXT(2) 
PARAMETRIC_REPRESENTATION_CONTEXT() REPRESENTATION_CONTEXT('2D SPACE',''
  ) );
#1277 = PCURVE('',#1278,#1283);
#1278 = PLANE('',#1279);
#1279 = AXIS2_PLACEMENT_3D('',#1280,#1281,#1282);
#1280 = CARTESIAN_POINT('',(-26.,-13.,16.5));
#1281 = DIRECTION('',(0.,0.,1.));
#1282 = DIRECTION('',(1.,0.,0.));
#1283 = DEFINITIONAL_REPRESENTATION('',(#1284),#1288);
#1284 = LINE('',#1285,#1286);
#1285 = CARTESIAN_POINT('',(0.,10.));
#1286 = VECTOR('',#1287,1.);
#1287 = DIRECTION('',(1.,0.));
#1288 = ( GEOMETRIC_REPRESENTATION_CONTEXT(2) 
PARAMETRIC_REPRESENTATION_CONTEXT() REPRESENTATION_CONTEXT('2D SPACE',''
  ) );
#1289 = ORIENTED_EDGE('',*,*,#1290,.F.);
#1290 = EDGE_CURVE('',#182,#1263,#1291,.T.);
#1291 = SURFACE_CURVE('',#1292,(#1296,#1303),.PCURVE_S1.);
#1292 = LINE('',#1293,#1294);
#1293 = CARTESIAN_POINT('',(-12.,-3.,4.5));
#1294 = VECTOR('',#1295,1.);
#1295 = DIRECTION('',(0.,0.,1.));
#1296 = PCURVE('',#196,#1297);
#1297 = DEFINITIONAL_REPRESENTATION('',(#1298),#1302);
#1298 = LINE('',#1299,#1300);
#1299 = CARTESIAN_POINT('',(0.,14.));
#1300 = VECTOR('',#1301,1.);
#1301 = DIRECTION('',(1.,0.));
#1302 = ( GEOMETRIC_REPRESENTATION_CONTEXT(2) 
PARAMETRIC_REPRESENTATION_CONTEXT() REPRESENTATION_CONTEXT('2D SPACE',''
  ) );
#1303 = PCURVE('',#224,#1304);
#1304 = DEFINITIONAL_REPRESENTATION('',(#1305),#1309);
#1305 = LINE('',#1306,#1307);
#1306 = CARTESIAN_POINT('',(1.570796326795,0.));
#1307 = VECTOR('',#1308,1.);
#1308 = DIRECTION('',(0.,1.));
#1309 = ( GEOMETRIC_REPRESENTATION_CONTEXT(2) 
PARAMETRIC_REPRESENTATION_CONTEXT() REPRESENTATION_CONTEXT('2D SPACE',''
  ) );
#1310 = ADVANCED_FACE('',(#1311),#251,.F.);
#1311 = FACE_BOUND('',#1312,.F.);
#1312 = EDGE_LOOP('',(#1313,#1334,#1335,#1336));
#1313 = ORIENTED_EDGE('',*,*,#1314,.F.);
#1314 = EDGE_CURVE('',#1135,#1315,#1317,.T.);
#1315 = VERTEX_POINT('',#1316);
#1316 = CARTESIAN_POINT('',(-10.,-5.,12.));
#1317 = SURFACE_CURVE('',#1318,(#1322,#1328),.PCURVE_S1.);
#1318 = LINE('',#1319,#1320);
#1319 = CARTESIAN_POINT('',(-10.,-6.5,12.));
#1320 = VECTOR('',#1321,1.);
#1321 = DIRECTION('',(0.,1.,0.));
#1322 = PCURVE('',#251,#1323);
#1323 = DEFINITIONAL_REPRESENTATION('',(#1324),#1327);
#1324 = B_SPLINE_CURVE_WITH_KNOTS('',1,(#1325,#1326),.UNSPECIFIED.,.F.,
  .F.,(2,2),(-4.5,1.5),.PIECEWISE_BEZIER_KNOTS.);
#1325 = CARTESIAN_POINT('',(7.5,-2.));
#1326 = CARTESIAN_POINT('',(7.5,-8.));
#1327 = ( GEOMETRIC_REPRESENTATION_CONTEXT(2) 
PARAMETRIC_REPRESENTATION_CONTEXT() REPRESENTATION_CONTEXT('2D SPACE',''
  ) );
#1328 = PCURVE('',#994,#1329);
#1329 = DEFINITIONAL_REPRESENTATION('',(#1330),#1333);
#1330 = B_SPLINE_CURVE_WITH_KNOTS('',1,(#1331,#1332),.UNSPECIFIED.,.F.,
  .F.,(2,2),(-4.5,1.5),.PIECEWISE_BEZIER_KNOTS.);
#1331 = CARTESIAN_POINT('',(-10.,-11.));
#1332 = CARTESIAN_POINT('',(-10.,-5.));
#1333 = ( GEOMETRIC_REPRESENTATION_CONTEXT(2) 
PARAMETRIC_REPRESENTATION_CONTEXT() REPRESENTATION_CONTEXT('2D SPACE',''
  ) );
#1334 = ORIENTED_EDGE('',*,*,#1134,.F.);
#1335 = ORIENTED_EDGE('',*,*,#236,.T.);
#1336 = ORIENTED_EDGE('',*,*,#1337,.T.);
#1337 = EDGE_CURVE('',#208,#1315,#1338,.T.);
#1338 = SURFACE_CURVE('',#1339,(#1343,#1350),.PCURVE_S1.);
#1339 = LINE('',#1340,#1341);
#1340 = CARTESIAN_POINT('',(-10.,-5.,4.5));
#1341 = VECTOR('',#1342,1.);
#1342 = DIRECTION('',(0.,0.,1.));
#1343 = PCURVE('',#251,#1344);
#1344 = DEFINITIONAL_REPRESENTATION('',(#1345),#1349);
#1345 = LINE('',#1346,#1347);
#1346 = CARTESIAN_POINT('',(0.,-8.));
#1347 = VECTOR('',#1348,1.);
#1348 = DIRECTION('',(1.,0.));
#1349 = ( GEOMETRIC_REPRESENTATION_CONTEXT(2) 
PARAMETRIC_REPRESENTATION_CONTEXT() REPRESENTATION_CONTEXT('2D SPACE',''
  ) );
#1350 = PCURVE('',#224,#1351);
#1351 = DEFINITIONAL_REPRESENTATION('',(#1352),#1356);
#1352 = LINE('',#1353,#1354);
#1353 = CARTESIAN_POINT('',(0.,0.));
#1354 = VECTOR('',#1355,1.);
#1355 = DIRECTION('',(0.,1.));
#1356 = ( GEOMETRIC_REPRESENTATION_CONTEXT(2) 
PARAMETRIC_REPRESENTATION_CONTEXT() REPRESENTATION_CONTEXT('2D SPACE',''
  ) );
#1357 = ADVANCED_FACE('',(#1358),#224,.F.);
#1358 = FACE_BOUND('',#1359,.F.);
#1359 = EDGE_LOOP('',(#1360,#1361,#1362,#1363,#1387,#1413));
#1360 = ORIENTED_EDGE('',*,*,#1337,.F.);
#1361 = ORIENTED_EDGE('',*,*,#207,.T.);
#1362 = ORIENTED_EDGE('',*,*,#1290,.T.);
#1363 = ORIENTED_EDGE('',*,*,#1364,.F.);
#1364 = EDGE_CURVE('',#1365,#1263,#1367,.T.);
#1365 = VERTEX_POINT('',#1366);
#1366 = CARTESIAN_POINT('',(-10.78678114093,-3.41,16.5));
#1367 = SURFACE_CURVE('',#1368,(#1373,#1380),.PCURVE_S1.);
#1368 = CIRCLE('',#1369,2.);
#1369 = AXIS2_PLACEMENT_3D('',#1370,#1371,#1372);
#1370 = CARTESIAN_POINT('',(-12.,-5.,16.5));
#1371 = DIRECTION('',(0.,0.,1.));
#1372 = DIRECTION('',(0.,-1.,0.));
#1373 = PCURVE('',#224,#1374);
#1374 = DEFINITIONAL_REPRESENTATION('',(#1375),#1379);
#1375 = LINE('',#1376,#1377);
#1376 = CARTESIAN_POINT('',(-1.570796326795,12.));
#1377 = VECTOR('',#1378,1.);
#1378 = DIRECTION('',(1.,0.));
#1379 = ( GEOMETRIC_REPRESENTATION_CONTEXT(2) 
PARAMETRIC_REPRESENTATION_CONTEXT() REPRESENTATION_CONTEXT('2D SPACE',''
  ) );
#1380 = PCURVE('',#1278,#1381);
#1381 = DEFINITIONAL_REPRESENTATION('',(#1382),#1386);
#1382 = CIRCLE('',#1383,2.);
#1383 = AXIS2_PLACEMENT_2D('',#1384,#1385);
#1384 = CARTESIAN_POINT('',(14.,8.));
#1385 = DIRECTION('',(0.,-1.));
#1386 = ( GEOMETRIC_REPRESENTATION_CONTEXT(2) 
PARAMETRIC_REPRESENTATION_CONTEXT() REPRESENTATION_CONTEXT('2D SPACE',''
  ) );
#1387 = ORIENTED_EDGE('',*,*,#1388,.F.);
#1388 = EDGE_CURVE('',#1389,#1365,#1391,.T.);
#1389 = VERTEX_POINT('',#1390);
#1390 = CARTESIAN_POINT('',(-10.78678114093,-3.41,12.));
#1391 = SURFACE_CURVE('',#1392,(#1396,#1402),.PCURVE_S1.);
#1392 = LINE('',#1393,#1394);
#1393 = CARTESIAN_POINT('',(-10.78678114093,-3.41,4.5));
#1394 = VECTOR('',#1395,1.);
#1395 = DIRECTION('',(0.,0.,1.));
#1396 = PCURVE('',#224,#1397);
#1397 = DEFINITIONAL_REPRESENTATION('',(#1398),#1401);
#1398 = B_SPLINE_CURVE_WITH_KNOTS('',1,(#1399,#1400),.UNSPECIFIED.,.F.,
  .F.,(2,2),(3.3,12.0000006),.PIECEWISE_BEZIER_KNOTS.);
#1399 = CARTESIAN_POINT('',(0.919007579502,3.3));
#1400 = CARTESIAN_POINT('',(0.919007579502,12.0000006));
#1401 = ( GEOMETRIC_REPRESENTATION_CONTEXT(2) 
PARAMETRIC_REPRESENTATION_CONTEXT() REPRESENTATION_CONTEXT('2D SPACE',''
  ) );
#1402 = PCURVE('',#1403,#1408);
#1403 = PLANE('',#1404);
#1404 = AXIS2_PLACEMENT_3D('',#1405,#1406,#1407);
#1405 = CARTESIAN_POINT('',(1.780769714724E-16,-3.41,30.437780049312));
#1406 = DIRECTION('',(-0.,-1.,-0.));
#1407 = DIRECTION('',(0.,0.,-1.));
#1408 = DEFINITIONAL_REPRESENTATION('',(#1409),#1412);
#1409 = B_SPLINE_CURVE_WITH_KNOTS('',1,(#1410,#1411),.UNSPECIFIED.,.F.,
  .F.,(2,2),(3.3,12.0000006),.PIECEWISE_BEZIER_KNOTS.);
#1410 = CARTESIAN_POINT('',(22.637780049312,-10.78678114093));
#1411 = CARTESIAN_POINT('',(13.937779449312,-10.78678114093));
#1412 = ( GEOMETRIC_REPRESENTATION_CONTEXT(2) 
PARAMETRIC_REPRESENTATION_CONTEXT() REPRESENTATION_CONTEXT('2D SPACE',''
  ) );
#1413 = ORIENTED_EDGE('',*,*,#1414,.F.);
#1414 = EDGE_CURVE('',#1315,#1389,#1415,.T.);
#1415 = SURFACE_CURVE('',#1416,(#1421,#1428),.PCURVE_S1.);
#1416 = CIRCLE('',#1417,2.);
#1417 = AXIS2_PLACEMENT_3D('',#1418,#1419,#1420);
#1418 = CARTESIAN_POINT('',(-12.,-5.,12.));
#1419 = DIRECTION('',(0.,0.,1.));
#1420 = DIRECTION('',(1.,0.,-0.));
#1421 = PCURVE('',#224,#1422);
#1422 = DEFINITIONAL_REPRESENTATION('',(#1423),#1427);
#1423 = LINE('',#1424,#1425);
#1424 = CARTESIAN_POINT('',(0.,7.5));
#1425 = VECTOR('',#1426,1.);
#1426 = DIRECTION('',(1.,0.));
#1427 = ( GEOMETRIC_REPRESENTATION_CONTEXT(2) 
PARAMETRIC_REPRESENTATION_CONTEXT() REPRESENTATION_CONTEXT('2D SPACE',''
  ) );
#1428 = PCURVE('',#994,#1429);
#1429 = DEFINITIONAL_REPRESENTATION('',(#1430),#1434);
#1430 = CIRCLE('',#1431,2.);
#1431 = AXIS2_PLACEMENT_2D('',#1432,#1433);
#1432 = CARTESIAN_POINT('',(-12.,-5.));
#1433 = DIRECTION('',(1.,0.));
#1434 = ( GEOMETRIC_REPRESENTATION_CONTEXT(2) 
PARAMETRIC_REPRESENTATION_CONTEXT() REPRESENTATION_CONTEXT('2D SPACE',''
  ) );
#1435 = ADVANCED_FACE('',(#1436),#338,.F.);
#1436 = FACE_BOUND('',#1437,.T.);
#1437 = EDGE_LOOP('',(#1438,#1439,#1462,#1490,#1528,#1557,#1595,#1621));
#1438 = ORIENTED_EDGE('',*,*,#317,.T.);
#1439 = ORIENTED_EDGE('',*,*,#1440,.T.);
#1440 = EDGE_CURVE('',#318,#1441,#1443,.T.);
#1441 = VERTEX_POINT('',#1442);
#1442 = CARTESIAN_POINT('',(33.8,-19.,10.));
#1443 = SEAM_CURVE('',#1444,(#1448,#1455),.PCURVE_S1.);
#1444 = LINE('',#1445,#1446);
#1445 = CARTESIAN_POINT('',(33.8,-19.,3.));
#1446 = VECTOR('',#1447,1.);
#1447 = DIRECTION('',(0.,0.,1.));
#1448 = PCURVE('',#338,#1449);
#1449 = DEFINITIONAL_REPRESENTATION('',(#1450),#1454);
#1450 = LINE('',#1451,#1452);
#1451 = CARTESIAN_POINT('',(-6.28318530718,0.));
#1452 = VECTOR('',#1453,1.);
#1453 = DIRECTION('',(-0.,-1.));
#1454 = ( GEOMETRIC_REPRESENTATION_CONTEXT(2) 
PARAMETRIC_REPRESENTATION_CONTEXT() REPRESENTATION_CONTEXT('2D SPACE',''
  ) );
#1455 = PCURVE('',#338,#1456);
#1456 = DEFINITIONAL_REPRESENTATION('',(#1457),#1461);
#1457 = LINE('',#1458,#1459);
#1458 = CARTESIAN_POINT('',(-0.,0.));
#1459 = VECTOR('',#1460,1.);
#1460 = DIRECTION('',(-0.,-1.));
#1461 = ( GEOMETRIC_REPRESENTATION_CONTEXT(2) 
PARAMETRIC_REPRESENTATION_CONTEXT() REPRESENTATION_CONTEXT('2D SPACE',''
  ) );
#1462 = ORIENTED_EDGE('',*,*,#1463,.F.);
#1463 = EDGE_CURVE('',#1464,#1441,#1466,.T.);
#1464 = VERTEX_POINT('',#1465);
#1465 = CARTESIAN_POINT('',(32.290123386611,-17.22353485242,10.));
#1466 = SURFACE_CURVE('',#1467,(#1472,#1479),.PCURVE_S1.);
#1467 = CIRCLE('',#1468,1.8);
#1468 = AXIS2_PLACEMENT_3D('',#1469,#1470,#1471);
#1469 = CARTESIAN_POINT('',(32.,-19.,10.));
#1470 = DIRECTION('',(0.,0.,-1.));
#1471 = DIRECTION('',(1.,0.,0.));
#1472 = PCURVE('',#338,#1473);
#1473 = DEFINITIONAL_REPRESENTATION('',(#1474),#1478);
#1474 = LINE('',#1475,#1476);
#1475 = CARTESIAN_POINT('',(-6.28318530718,-7.));
#1476 = VECTOR('',#1477,1.);
#1477 = DIRECTION('',(1.,-0.));
#1478 = ( GEOMETRIC_REPRESENTATION_CONTEXT(2) 
PARAMETRIC_REPRESENTATION_CONTEXT() REPRESENTATION_CONTEXT('2D SPACE',''
  ) );
#1479 = PCURVE('',#461,#1480);
#1480 = DEFINITIONAL_REPRESENTATION('',(#1481),#1489);
#1481 = ( BOUNDED_CURVE() B_SPLINE_CURVE(2,(#1482,#1483,#1484,#1485,
#1486,#1487,#1488),.UNSPECIFIED.,.T.,.F.) B_SPLINE_CURVE_WITH_KNOTS((1,2
    ,2,2,2,1),(-2.094395102393,0.,2.094395102393,4.188790204786,
6.28318530718,8.377580409573),.UNSPECIFIED.) CURVE() 
GEOMETRIC_REPRESENTATION_ITEM() RATIONAL_B_SPLINE_CURVE((1.,0.5,1.,0.5,
1.,0.5,1.)) REPRESENTATION_ITEM('') );
#1482 = CARTESIAN_POINT('',(32.517070580583,-19.));
#1483 = CARTESIAN_POINT('',(32.517070580583,-22.11769145362));
#1484 = CARTESIAN_POINT('',(29.817070580583,-20.55884572681));
#1485 = CARTESIAN_POINT('',(27.117070580583,-19.));
#1486 = CARTESIAN_POINT('',(29.817070580583,-17.44115427318));
#1487 = CARTESIAN_POINT('',(32.517070580583,-15.88230854637));
#1488 = CARTESIAN_POINT('',(32.517070580583,-19.));
#1489 = ( GEOMETRIC_REPRESENTATION_CONTEXT(2) 
PARAMETRIC_REPRESENTATION_CONTEXT() REPRESENTATION_CONTEXT('2D SPACE',''
  ) );
#1490 = ORIENTED_EDGE('',*,*,#1491,.F.);
#1491 = EDGE_CURVE('',#1492,#1464,#1494,.T.);
#1492 = VERTEX_POINT('',#1493);
#1493 = CARTESIAN_POINT('',(33.185281565611,-17.64533856251,11.));
#1494 = SURFACE_CURVE('',#1495,(#1504,#1516),.PCURVE_S1.);
#1495 = B_SPLINE_CURVE_WITH_KNOTS('',7,(#1496,#1497,#1498,#1499,#1500,
    #1501,#1502,#1503),.UNSPECIFIED.,.F.,.F.,(8,8),(0.,1.),
  .PIECEWISE_BEZIER_KNOTS.);
#1496 = CARTESIAN_POINT('',(33.185281979592,-17.64533892472,11.0000006)
  );
#1497 = CARTESIAN_POINT('',(33.083255466235,-17.55606922478,
    10.852129323818));
#1498 = CARTESIAN_POINT('',(32.972668757026,-17.47513647346,
    10.705020097709));
#1499 = CARTESIAN_POINT('',(32.853536032866,-17.40296173099,
    10.55898061559));
#1500 = CARTESIAN_POINT('',(32.725802537977,-17.34033170556,
    10.414539489836));
#1501 = CARTESIAN_POINT('',(32.58938423746,-17.28842645678,
    10.272481901465));
#1502 = CARTESIAN_POINT('',(32.444253731698,-17.24870242477,
    10.133814332795));
#1503 = CARTESIAN_POINT('',(32.290075981324,-17.22352711108,
    9.999958900924));
#1504 = PCURVE('',#338,#1505);
#1505 = DEFINITIONAL_REPRESENTATION('',(#1506),#1515);
#1506 = B_SPLINE_CURVE_WITH_KNOTS('',7,(#1507,#1508,#1509,#1510,#1511,
    #1512,#1513,#1514),.UNSPECIFIED.,.F.,.F.,(8,8),(0.,1.),
  .PIECEWISE_BEZIER_KNOTS.);
#1507 = CARTESIAN_POINT('',(-0.851985752545,-8.0000006));
#1508 = CARTESIAN_POINT('',(-0.927300910867,-7.852129323818));
#1509 = CARTESIAN_POINT('',(-1.003144746042,-7.705020097709));
#1510 = CARTESIAN_POINT('',(-1.080058602096,-7.55898061559));
#1511 = CARTESIAN_POINT('',(-1.15850761805,-7.414539489836));
#1512 = CARTESIAN_POINT('',(-1.239017435752,-7.272481901465));
#1513 = CARTESIAN_POINT('',(-1.322148500324,-7.133814332795));
#1514 = CARTESIAN_POINT('',(-1.408937187805,-6.999958900924));
#1515 = ( GEOMETRIC_REPRESENTATION_CONTEXT(2) 
PARAMETRIC_REPRESENTATION_CONTEXT() REPRESENTATION_CONTEXT('2D SPACE',''
  ) );
#1516 = PCURVE('',#557,#1517);
#1517 = DEFINITIONAL_REPRESENTATION('',(#1518),#1527);
#1518 = B_SPLINE_CURVE_WITH_KNOTS('',7,(#1519,#1520,#1521,#1522,#1523,
    #1524,#1525,#1526),.UNSPECIFIED.,.F.,.F.,(8,8),(0.,1.),
  .PIECEWISE_BEZIER_KNOTS.);
#1519 = CARTESIAN_POINT('',(0.903107237704,0.213490919235));
#1520 = CARTESIAN_POINT('',(0.903211302648,0.211401225031));
#1521 = CARTESIAN_POINT('',(0.903262212614,0.209311133324));
#1522 = CARTESIAN_POINT('',(0.903257443797,0.207224911799));
#1523 = CARTESIAN_POINT('',(0.903192752099,0.205150080188));
#1524 = CARTESIAN_POINT('',(0.903062056972,0.203098117804));
#1525 = CARTESIAN_POINT('',(0.902858133474,0.201084144159));
#1526 = CARTESIAN_POINT('',(0.902569077944,0.199130004948));
#1527 = ( GEOMETRIC_REPRESENTATION_CONTEXT(2) 
PARAMETRIC_REPRESENTATION_CONTEXT() REPRESENTATION_CONTEXT('2D SPACE',''
  ) );
#1528 = ORIENTED_EDGE('',*,*,#1529,.T.);
#1529 = EDGE_CURVE('',#1492,#1530,#1532,.T.);
#1530 = VERTEX_POINT('',#1531);
#1531 = CARTESIAN_POINT('',(30.623927631084,-20.16035547807,11.));
#1532 = SURFACE_CURVE('',#1533,(#1538,#1545),.PCURVE_S1.);
#1533 = CIRCLE('',#1534,1.8);
#1534 = AXIS2_PLACEMENT_3D('',#1535,#1536,#1537);
#1535 = CARTESIAN_POINT('',(32.,-19.,11.));
#1536 = DIRECTION('',(0.,0.,1.));
#1537 = DIRECTION('',(1.,0.,0.));
#1538 = PCURVE('',#338,#1539);
#1539 = DEFINITIONAL_REPRESENTATION('',(#1540),#1544);
#1540 = LINE('',#1541,#1542);
#1541 = CARTESIAN_POINT('',(-0.,-8.));
#1542 = VECTOR('',#1543,1.);
#1543 = DIRECTION('',(-1.,0.));
#1544 = ( GEOMETRIC_REPRESENTATION_CONTEXT(2) 
PARAMETRIC_REPRESENTATION_CONTEXT() REPRESENTATION_CONTEXT('2D SPACE',''
  ) );
#1545 = PCURVE('',#1546,#1551);
#1546 = PLANE('',#1547);
#1547 = AXIS2_PLACEMENT_3D('',#1548,#1549,#1550);
#1548 = CARTESIAN_POINT('',(32.,-19.,11.));
#1549 = DIRECTION('',(0.,0.,1.));
#1550 = DIRECTION('',(1.,0.,-0.));
#1551 = DEFINITIONAL_REPRESENTATION('',(#1552),#1556);
#1552 = CIRCLE('',#1553,1.8);
#1553 = AXIS2_PLACEMENT_2D('',#1554,#1555);
#1554 = CARTESIAN_POINT('',(0.,0.));
#1555 = DIRECTION('',(1.,0.));
#1556 = ( GEOMETRIC_REPRESENTATION_CONTEXT(2) 
PARAMETRIC_REPRESENTATION_CONTEXT() REPRESENTATION_CONTEXT('2D SPACE',''
  ) );
#1557 = ORIENTED_EDGE('',*,*,#1558,.F.);
#1558 = EDGE_CURVE('',#1559,#1530,#1561,.T.);
#1559 = VERTEX_POINT('',#1560);
#1560 = CARTESIAN_POINT('',(30.22029493463,-19.26953641738,10.));
#1561 = SURFACE_CURVE('',#1562,(#1571,#1583),.PCURVE_S1.);
#1562 = B_SPLINE_CURVE_WITH_KNOTS('',7,(#1563,#1564,#1565,#1566,#1567,
    #1568,#1569,#1570),.UNSPECIFIED.,.F.,.F.,(8,8),(0.,1.),
  .PIECEWISE_BEZIER_KNOTS.);
#1563 = CARTESIAN_POINT('',(30.220287833095,-19.26948952293,
    9.999958900924));
#1564 = CARTESIAN_POINT('',(30.243431061081,-19.42232768888,
    10.133863831709));
#1565 = CARTESIAN_POINT('',(30.280891990199,-19.56628221961,
    10.272569153083));
#1566 = CARTESIAN_POINT('',(30.330316972947,-19.70174252095,
    10.41464710048));
#1567 = CARTESIAN_POINT('',(30.390281207885,-19.82878160555,
    10.55908876011));
#1568 = CARTESIAN_POINT('',(30.459641524535,-19.94751934933,
    10.70510881257));
#1569 = CARTESIAN_POINT('',(30.537650976212,-20.05803954956,
    10.852181240669));
#1570 = CARTESIAN_POINT('',(30.623927981283,-20.16035589338,11.0000006)
  );
#1571 = PCURVE('',#338,#1572);
#1572 = DEFINITIONAL_REPRESENTATION('',(#1573),#1582);
#1573 = B_SPLINE_CURVE_WITH_KNOTS('',7,(#1574,#1575,#1576,#1577,#1578,
    #1579,#1580,#1581),.UNSPECIFIED.,.F.,.F.,(8,8),(0.,1.),
  .PIECEWISE_BEZIER_KNOTS.);
#1574 = CARTESIAN_POINT('',(-3.291874088884,-6.999958900924));
#1575 = CARTESIAN_POINT('',(-3.377752113875,-7.133863831709));
#1576 = CARTESIAN_POINT('',(-3.45994168187,-7.272569153083));
#1577 = CARTESIAN_POINT('',(-3.539492323427,-7.41464710048));
#1578 = CARTESIAN_POINT('',(-3.616973238591,-7.55908876011));
#1579 = CARTESIAN_POINT('',(-3.692917044428,-7.70510881257));
#1580 = CARTESIAN_POINT('',(-3.767793851764,-7.852181240669));
#1581 = CARTESIAN_POINT('',(-3.842147768147,-8.0000006));
#1582 = ( GEOMETRIC_REPRESENTATION_CONTEXT(2) 
PARAMETRIC_REPRESENTATION_CONTEXT() REPRESENTATION_CONTEXT('2D SPACE',''
  ) );
#1583 = PCURVE('',#557,#1584);
#1584 = DEFINITIONAL_REPRESENTATION('',(#1585),#1594);
#1585 = B_SPLINE_CURVE_WITH_KNOTS('',7,(#1586,#1587,#1588,#1589,#1590,
    #1591,#1592,#1593),.UNSPECIFIED.,.F.,.F.,(8,8),(0.,1.),
  .PIECEWISE_BEZIER_KNOTS.);
#1586 = CARTESIAN_POINT('',(0.888863022542,0.199130004948));
#1587 = CARTESIAN_POINT('',(0.888344439342,0.201084866788));
#1588 = CARTESIAN_POINT('',(0.887905493203,0.203099383872));
#1589 = CARTESIAN_POINT('',(0.887536988059,0.205151631158));
#1590 = CARTESIAN_POINT('',(0.887233539203,0.207226459742));
#1591 = CARTESIAN_POINT('',(0.886990422853,0.209312394864));
#1592 = CARTESIAN_POINT('',(0.886804263574,0.211401958712));
#1593 = CARTESIAN_POINT('',(0.886673022725,0.213490919235));
#1594 = ( GEOMETRIC_REPRESENTATION_CONTEXT(2) 
PARAMETRIC_REPRESENTATION_CONTEXT() REPRESENTATION_CONTEXT('2D SPACE',''
  ) );
#1595 = ORIENTED_EDGE('',*,*,#1596,.F.);
#1596 = EDGE_CURVE('',#1441,#1559,#1597,.T.);
#1597 = SURFACE_CURVE('',#1598,(#1603,#1610),.PCURVE_S1.);
#1598 = CIRCLE('',#1599,1.8);
#1599 = AXIS2_PLACEMENT_3D('',#1600,#1601,#1602);
#1600 = CARTESIAN_POINT('',(32.,-19.,10.));
#1601 = DIRECTION('',(0.,0.,-1.));
#1602 = DIRECTION('',(1.,0.,0.));
#1603 = PCURVE('',#338,#1604);
#1604 = DEFINITIONAL_REPRESENTATION('',(#1605),#1609);
#1605 = LINE('',#1606,#1607);
#1606 = CARTESIAN_POINT('',(-6.28318530718,-7.));
#1607 = VECTOR('',#1608,1.);
#1608 = DIRECTION('',(1.,-0.));
#1609 = ( GEOMETRIC_REPRESENTATION_CONTEXT(2) 
PARAMETRIC_REPRESENTATION_CONTEXT() REPRESENTATION_CONTEXT('2D SPACE',''
  ) );
#1610 = PCURVE('',#461,#1611);
#1611 = DEFINITIONAL_REPRESENTATION('',(#1612),#1620);
#1612 = ( BOUNDED_CURVE() B_SPLINE_CURVE(2,(#1613,#1614,#1615,#1616,
#1617,#1618,#1619),.UNSPECIFIED.,.T.,.F.) B_SPLINE_CURVE_WITH_KNOTS((1,2
    ,2,2,2,1),(-2.094395102393,0.,2.094395102393,4.188790204786,
6.28318530718,8.377580409573),.UNSPECIFIED.) CURVE() 
GEOMETRIC_REPRESENTATION_ITEM() RATIONAL_B_SPLINE_CURVE((1.,0.5,1.,0.5,
1.,0.5,1.)) REPRESENTATION_ITEM('') );
#1613 = CARTESIAN_POINT('',(32.517070580583,-19.));
#1614 = CARTESIAN_POINT('',(32.517070580583,-22.11769145362));
#1615 = CARTESIAN_POINT('',(29.817070580583,-20.55884572681));
#1616 = CARTESIAN_POINT('',(27.117070580583,-19.));
#1617 = CARTESIAN_POINT('',(29.817070580583,-17.44115427318));
#1618 = CARTESIAN_POINT('',(32.517070580583,-15.88230854637));
#1619 = CARTESIAN_POINT('',(32.517070580583,-19.));
#1620 = ( GEOMETRIC_REPRESENTATION_CONTEXT(2) 
PARAMETRIC_REPRESENTATION_CONTEXT() REPRESENTATION_CONTEXT('2D SPACE',''
  ) );
#1621 = ORIENTED_EDGE('',*,*,#1440,.F.);
#1622 = ADVANCED_FACE('',(#1623),#373,.F.);
#1623 = FACE_BOUND('',#1624,.T.);
#1624 = EDGE_LOOP('',(#1625,#1626,#1649,#1678,#1716,#1744,#1782,#1804));
#1625 = ORIENTED_EDGE('',*,*,#352,.T.);
#1626 = ORIENTED_EDGE('',*,*,#1627,.T.);
#1627 = EDGE_CURVE('',#353,#1628,#1630,.T.);
#1628 = VERTEX_POINT('',#1629);
#1629 = CARTESIAN_POINT('',(-30.2,19.,11.));
#1630 = SEAM_CURVE('',#1631,(#1635,#1642),.PCURVE_S1.);
#1631 = LINE('',#1632,#1633);
#1632 = CARTESIAN_POINT('',(-30.2,19.,3.));
#1633 = VECTOR('',#1634,1.);
#1634 = DIRECTION('',(0.,0.,1.));
#1635 = PCURVE('',#373,#1636);
#1636 = DEFINITIONAL_REPRESENTATION('',(#1637),#1641);
#1637 = LINE('',#1638,#1639);
#1638 = CARTESIAN_POINT('',(-6.28318530718,0.));
#1639 = VECTOR('',#1640,1.);
#1640 = DIRECTION('',(-0.,-1.));
#1641 = ( GEOMETRIC_REPRESENTATION_CONTEXT(2) 
PARAMETRIC_REPRESENTATION_CONTEXT() REPRESENTATION_CONTEXT('2D SPACE',''
  ) );
#1642 = PCURVE('',#373,#1643);
#1643 = DEFINITIONAL_REPRESENTATION('',(#1644),#1648);
#1644 = LINE('',#1645,#1646);
#1645 = CARTESIAN_POINT('',(-0.,0.));
#1646 = VECTOR('',#1647,1.);
#1647 = DIRECTION('',(-0.,-1.));
#1648 = ( GEOMETRIC_REPRESENTATION_CONTEXT(2) 
PARAMETRIC_REPRESENTATION_CONTEXT() REPRESENTATION_CONTEXT('2D SPACE',''
  ) );
#1649 = ORIENTED_EDGE('',*,*,#1650,.T.);
#1650 = EDGE_CURVE('',#1628,#1651,#1653,.T.);
#1651 = VERTEX_POINT('',#1652);
#1652 = CARTESIAN_POINT('',(-30.62392765159,20.160355502407,11.));
#1653 = SURFACE_CURVE('',#1654,(#1659,#1666),.PCURVE_S1.);
#1654 = CIRCLE('',#1655,1.8);
#1655 = AXIS2_PLACEMENT_3D('',#1656,#1657,#1658);
#1656 = CARTESIAN_POINT('',(-32.,19.,11.));
#1657 = DIRECTION('',(0.,0.,1.));
#1658 = DIRECTION('',(1.,0.,0.));
#1659 = PCURVE('',#373,#1660);
#1660 = DEFINITIONAL_REPRESENTATION('',(#1661),#1665);
#1661 = LINE('',#1662,#1663);
#1662 = CARTESIAN_POINT('',(-0.,-8.));
#1663 = VECTOR('',#1664,1.);
#1664 = DIRECTION('',(-1.,0.));
#1665 = ( GEOMETRIC_REPRESENTATION_CONTEXT(2) 
PARAMETRIC_REPRESENTATION_CONTEXT() REPRESENTATION_CONTEXT('2D SPACE',''
  ) );
#1666 = PCURVE('',#1667,#1672);
#1667 = PLANE('',#1668);
#1668 = AXIS2_PLACEMENT_3D('',#1669,#1670,#1671);
#1669 = CARTESIAN_POINT('',(-32.,19.,11.));
#1670 = DIRECTION('',(0.,0.,1.));
#1671 = DIRECTION('',(1.,0.,-0.));
#1672 = DEFINITIONAL_REPRESENTATION('',(#1673),#1677);
#1673 = CIRCLE('',#1674,1.8);
#1674 = AXIS2_PLACEMENT_2D('',#1675,#1676);
#1675 = CARTESIAN_POINT('',(0.,0.));
#1676 = DIRECTION('',(1.,0.));
#1677 = ( GEOMETRIC_REPRESENTATION_CONTEXT(2) 
PARAMETRIC_REPRESENTATION_CONTEXT() REPRESENTATION_CONTEXT('2D SPACE',''
  ) );
#1678 = ORIENTED_EDGE('',*,*,#1679,.F.);
#1679 = EDGE_CURVE('',#1680,#1651,#1682,.T.);
#1680 = VERTEX_POINT('',#1681);
#1681 = CARTESIAN_POINT('',(-30.22029494048,19.269536456016,10.));
#1682 = SURFACE_CURVE('',#1683,(#1692,#1704),.PCURVE_S1.);
#1683 = B_SPLINE_CURVE_WITH_KNOTS('',7,(#1684,#1685,#1686,#1687,#1688,
    #1689,#1690,#1691),.UNSPECIFIED.,.F.,.F.,(8,8),(0.,1.),
  .PIECEWISE_BEZIER_KNOTS.);
#1684 = CARTESIAN_POINT('',(-30.22028783894,19.269489561568,
    9.999958900924));
#1685 = CARTESIAN_POINT('',(-30.24343106997,19.422327725196,
    10.133863832355));
#1686 = CARTESIAN_POINT('',(-30.28089200163,19.566282253714,
    10.272569154036));
#1687 = CARTESIAN_POINT('',(-30.33031698658,19.701742552937,
    10.414647101512));
#1688 = CARTESIAN_POINT('',(-30.39028122346,19.828781635531,
    10.559088761056));
#1689 = CARTESIAN_POINT('',(-30.45964154187,19.947519377377,
    10.705108813308));
#1690 = CARTESIAN_POINT('',(-30.53765099519,20.058039575741,
    10.852181241094));
#1691 = CARTESIAN_POINT('',(-30.62392800179,20.16035591771,11.0000006));
#1692 = PCURVE('',#373,#1693);
#1693 = DEFINITIONAL_REPRESENTATION('',(#1694),#1703);
#1694 = B_SPLINE_CURVE_WITH_KNOTS('',7,(#1695,#1696,#1697,#1698,#1699,
    #1700,#1701,#1702),.UNSPECIFIED.,.F.,.F.,(8,8),(0.,1.),
  .PIECEWISE_BEZIER_KNOTS.);
#1695 = CARTESIAN_POINT('',(-0.150281457001,-6.999958900924));
#1696 = CARTESIAN_POINT('',(-0.236159480972,-7.133863832355));
#1697 = CARTESIAN_POINT('',(-0.31834904815,-7.272569154036));
#1698 = CARTESIAN_POINT('',(-0.397899689037,-7.414647101512));
#1699 = CARTESIAN_POINT('',(-0.475380603663,-7.559088761056));
#1700 = CARTESIAN_POINT('',(-0.551324409074,-7.705108813308));
#1701 = CARTESIAN_POINT('',(-0.626201216088,-7.852181241094));
#1702 = CARTESIAN_POINT('',(-0.700555132237,-8.0000006));
#1703 = ( GEOMETRIC_REPRESENTATION_CONTEXT(2) 
PARAMETRIC_REPRESENTATION_CONTEXT() REPRESENTATION_CONTEXT('2D SPACE',''
  ) );
#1704 = PCURVE('',#557,#1705);
#1705 = DEFINITIONAL_REPRESENTATION('',(#1706),#1715);
#1706 = B_SPLINE_CURVE_WITH_KNOTS('',7,(#1707,#1708,#1709,#1710,#1711,
    #1712,#1713,#1714),.UNSPECIFIED.,.F.,.F.,(8,8),(0.,1.),
  .PIECEWISE_BEZIER_KNOTS.);
#1707 = CARTESIAN_POINT('',(0.38886302255,0.199130004948));
#1708 = CARTESIAN_POINT('',(0.388344439367,0.201084866797));
#1709 = CARTESIAN_POINT('',(0.387905493243,0.203099383886));
#1710 = CARTESIAN_POINT('',(0.387536988113,0.205151631173));
#1711 = CARTESIAN_POINT('',(0.38723353927,0.207226459755));
#1712 = CARTESIAN_POINT('',(0.386990422932,0.209312394875));
#1713 = CARTESIAN_POINT('',(0.386804263663,0.211401958718));
#1714 = CARTESIAN_POINT('',(0.386673022825,0.213490919235));
#1715 = ( GEOMETRIC_REPRESENTATION_CONTEXT(2) 
PARAMETRIC_REPRESENTATION_CONTEXT() REPRESENTATION_CONTEXT('2D SPACE',''
  ) );
#1716 = ORIENTED_EDGE('',*,*,#1717,.F.);
#1717 = EDGE_CURVE('',#1718,#1680,#1720,.T.);
#1718 = VERTEX_POINT('',#1719);
#1719 = CARTESIAN_POINT('',(-32.29012343011,17.223534859531,10.));
#1720 = SURFACE_CURVE('',#1721,(#1726,#1733),.PCURVE_S1.);
#1721 = CIRCLE('',#1722,1.8);
#1722 = AXIS2_PLACEMENT_3D('',#1723,#1724,#1725);
#1723 = CARTESIAN_POINT('',(-32.,19.,10.));
#1724 = DIRECTION('',(0.,0.,-1.));
#1725 = DIRECTION('',(1.,0.,0.));
#1726 = PCURVE('',#373,#1727);
#1727 = DEFINITIONAL_REPRESENTATION('',(#1728),#1732);
#1728 = LINE('',#1729,#1730);
#1729 = CARTESIAN_POINT('',(-6.28318530718,-7.));
#1730 = VECTOR('',#1731,1.);
#1731 = DIRECTION('',(1.,-0.));
#1732 = ( GEOMETRIC_REPRESENTATION_CONTEXT(2) 
PARAMETRIC_REPRESENTATION_CONTEXT() REPRESENTATION_CONTEXT('2D SPACE',''
  ) );
#1733 = PCURVE('',#461,#1734);
#1734 = DEFINITIONAL_REPRESENTATION('',(#1735),#1743);
#1735 = ( BOUNDED_CURVE() B_SPLINE_CURVE(2,(#1736,#1737,#1738,#1739,
#1740,#1741,#1742),.UNSPECIFIED.,.T.,.F.) B_SPLINE_CURVE_WITH_KNOTS((1,2
    ,2,2,2,1),(-2.094395102393,0.,2.094395102393,4.188790204786,
6.28318530718,8.377580409573),.UNSPECIFIED.) CURVE() 
GEOMETRIC_REPRESENTATION_ITEM() RATIONAL_B_SPLINE_CURVE((1.,0.5,1.,0.5,
1.,0.5,1.)) REPRESENTATION_ITEM('') );
#1736 = CARTESIAN_POINT('',(-31.48292941941,19.));
#1737 = CARTESIAN_POINT('',(-31.48292941941,15.882308546376));
#1738 = CARTESIAN_POINT('',(-34.18292941941,17.441154273188));
#1739 = CARTESIAN_POINT('',(-36.88292941941,19.));
#1740 = CARTESIAN_POINT('',(-34.18292941941,20.558845726812));
#1741 = CARTESIAN_POINT('',(-31.48292941941,22.117691453624));
#1742 = CARTESIAN_POINT('',(-31.48292941941,19.));
#1743 = ( GEOMETRIC_REPRESENTATION_CONTEXT(2) 
PARAMETRIC_REPRESENTATION_CONTEXT() REPRESENTATION_CONTEXT('2D SPACE',''
  ) );
#1744 = ORIENTED_EDGE('',*,*,#1745,.F.);
#1745 = EDGE_CURVE('',#1746,#1718,#1748,.T.);
#1746 = VERTEX_POINT('',#1747);
#1747 = CARTESIAN_POINT('',(-33.18528159397,17.645338587331,11.));
#1748 = SURFACE_CURVE('',#1749,(#1758,#1770),.PCURVE_S1.);
#1749 = B_SPLINE_CURVE_WITH_KNOTS('',7,(#1750,#1751,#1752,#1753,#1754,
    #1755,#1756,#1757),.UNSPECIFIED.,.F.,.F.,(8,8),(0.,1.),
  .PIECEWISE_BEZIER_KNOTS.);
#1750 = CARTESIAN_POINT('',(-33.18528200796,17.64533894955,11.0000006));
#1751 = CARTESIAN_POINT('',(-33.08325549611,17.55606924715,
    10.852129323412));
#1752 = CARTESIAN_POINT('',(-32.97266878853,17.47513649358,
    10.705020097139));
#1753 = CARTESIAN_POINT('',(-32.85353606659,17.402961749211,
    10.558980615567));
#1754 = CARTESIAN_POINT('',(-32.72580257487,17.340331722192,
    10.414539491306));
#1755 = CARTESIAN_POINT('',(-32.5893842783,17.288426471402,
    10.272481904647));
#1756 = CARTESIAN_POINT('',(-32.44425377641,17.248702435948,
    10.133814336511));
#1757 = CARTESIAN_POINT('',(-32.29007602481,17.223527118185,
    9.999958900924));
#1758 = PCURVE('',#373,#1759);
#1759 = DEFINITIONAL_REPRESENTATION('',(#1760),#1769);
#1760 = B_SPLINE_CURVE_WITH_KNOTS('',7,(#1761,#1762,#1763,#1764,#1765,
    #1766,#1767,#1768),.UNSPECIFIED.,.F.,.F.,(8,8),(0.,1.),
  .PIECEWISE_BEZIER_KNOTS.);
#1761 = CARTESIAN_POINT('',(-3.993578385194,-8.0000006));
#1762 = CARTESIAN_POINT('',(-4.068893543781,-7.852129323412));
#1763 = CARTESIAN_POINT('',(-4.144737378966,-7.705020097139));
#1764 = CARTESIAN_POINT('',(-4.221651234487,-7.558980615567));
#1765 = CARTESIAN_POINT('',(-4.300100249295,-7.414539491306));
#1766 = CARTESIAN_POINT('',(-4.380610065416,-7.272481904647));
#1767 = CARTESIAN_POINT('',(-4.463741128396,-7.133814336511));
#1768 = CARTESIAN_POINT('',(-4.550529816911,-6.999958900924));
#1769 = ( GEOMETRIC_REPRESENTATION_CONTEXT(2) 
PARAMETRIC_REPRESENTATION_CONTEXT() REPRESENTATION_CONTEXT('2D SPACE',''
  ) );
#1770 = PCURVE('',#557,#1771);
#1771 = DEFINITIONAL_REPRESENTATION('',(#1772),#1781);
#1772 = B_SPLINE_CURVE_WITH_KNOTS('',7,(#1773,#1774,#1775,#1776,#1777,
    #1778,#1779,#1780),.UNSPECIFIED.,.F.,.F.,(8,8),(0.,1.),
  .PIECEWISE_BEZIER_KNOTS.);
#1773 = CARTESIAN_POINT('',(0.403107237831,0.213490919235));
#1774 = CARTESIAN_POINT('',(0.403211302788,0.211401225026));
#1775 = CARTESIAN_POINT('',(0.403262212768,0.209311133316));
#1776 = CARTESIAN_POINT('',(0.403257443964,0.207224911799));
#1777 = CARTESIAN_POINT('',(0.40319275228,0.205150080209));
#1778 = CARTESIAN_POINT('',(0.403062057171,0.20309811785));
#1779 = CARTESIAN_POINT('',(0.402858133698,0.201084144213));
#1780 = CARTESIAN_POINT('',(0.402569078182,0.199130004948));
#1781 = ( GEOMETRIC_REPRESENTATION_CONTEXT(2) 
PARAMETRIC_REPRESENTATION_CONTEXT() REPRESENTATION_CONTEXT('2D SPACE',''
  ) );
#1782 = ORIENTED_EDGE('',*,*,#1783,.T.);
#1783 = EDGE_CURVE('',#1746,#1628,#1784,.T.);
#1784 = SURFACE_CURVE('',#1785,(#1790,#1797),.PCURVE_S1.);
#1785 = CIRCLE('',#1786,1.8);
#1786 = AXIS2_PLACEMENT_3D('',#1787,#1788,#1789);
#1787 = CARTESIAN_POINT('',(-32.,19.,11.));
#1788 = DIRECTION('',(0.,0.,1.));
#1789 = DIRECTION('',(1.,0.,0.));
#1790 = PCURVE('',#373,#1791);
#1791 = DEFINITIONAL_REPRESENTATION('',(#1792),#1796);
#1792 = LINE('',#1793,#1794);
#1793 = CARTESIAN_POINT('',(-0.,-8.));
#1794 = VECTOR('',#1795,1.);
#1795 = DIRECTION('',(-1.,0.));
#1796 = ( GEOMETRIC_REPRESENTATION_CONTEXT(2) 
PARAMETRIC_REPRESENTATION_CONTEXT() REPRESENTATION_CONTEXT('2D SPACE',''
  ) );
#1797 = PCURVE('',#1667,#1798);
#1798 = DEFINITIONAL_REPRESENTATION('',(#1799),#1803);
#1799 = CIRCLE('',#1800,1.8);
#1800 = AXIS2_PLACEMENT_2D('',#1801,#1802);
#1801 = CARTESIAN_POINT('',(0.,0.));
#1802 = DIRECTION('',(1.,0.));
#1803 = ( GEOMETRIC_REPRESENTATION_CONTEXT(2) 
PARAMETRIC_REPRESENTATION_CONTEXT() REPRESENTATION_CONTEXT('2D SPACE',''
  ) );
#1804 = ORIENTED_EDGE('',*,*,#1627,.F.);
#1805 = ADVANCED_FACE('',(#1806),#408,.F.);
#1806 = FACE_BOUND('',#1807,.T.);
#1807 = EDGE_LOOP('',(#1808,#1809,#1832,#1860,#1898,#1927,#1965,#1991));
#1808 = ORIENTED_EDGE('',*,*,#387,.T.);
#1809 = ORIENTED_EDGE('',*,*,#1810,.T.);
#1810 = EDGE_CURVE('',#388,#1811,#1813,.T.);
#1811 = VERTEX_POINT('',#1812);
#1812 = CARTESIAN_POINT('',(33.8,19.,10.));
#1813 = SEAM_CURVE('',#1814,(#1818,#1825),.PCURVE_S1.);
#1814 = LINE('',#1815,#1816);
#1815 = CARTESIAN_POINT('',(33.8,19.,3.));
#1816 = VECTOR('',#1817,1.);
#1817 = DIRECTION('',(0.,0.,1.));
#1818 = PCURVE('',#408,#1819);
#1819 = DEFINITIONAL_REPRESENTATION('',(#1820),#1824);
#1820 = LINE('',#1821,#1822);
#1821 = CARTESIAN_POINT('',(-6.28318530718,0.));
#1822 = VECTOR('',#1823,1.);
#1823 = DIRECTION('',(-0.,-1.));
#1824 = ( GEOMETRIC_REPRESENTATION_CONTEXT(2) 
PARAMETRIC_REPRESENTATION_CONTEXT() REPRESENTATION_CONTEXT('2D SPACE',''
  ) );
#1825 = PCURVE('',#408,#1826);
#1826 = DEFINITIONAL_REPRESENTATION('',(#1827),#1831);
#1827 = LINE('',#1828,#1829);
#1828 = CARTESIAN_POINT('',(-0.,0.));
#1829 = VECTOR('',#1830,1.);
#1830 = DIRECTION('',(-0.,-1.));
#1831 = ( GEOMETRIC_REPRESENTATION_CONTEXT(2) 
PARAMETRIC_REPRESENTATION_CONTEXT() REPRESENTATION_CONTEXT('2D SPACE',''
  ) );
#1832 = ORIENTED_EDGE('',*,*,#1833,.F.);
#1833 = EDGE_CURVE('',#1834,#1811,#1836,.T.);
#1834 = VERTEX_POINT('',#1835);
#1835 = CARTESIAN_POINT('',(30.22029493463,19.269536417384,10.));
#1836 = SURFACE_CURVE('',#1837,(#1842,#1849),.PCURVE_S1.);
#1837 = CIRCLE('',#1838,1.8);
#1838 = AXIS2_PLACEMENT_3D('',#1839,#1840,#1841);
#1839 = CARTESIAN_POINT('',(32.,19.,10.));
#1840 = DIRECTION('',(0.,0.,-1.));
#1841 = DIRECTION('',(1.,0.,0.));
#1842 = PCURVE('',#408,#1843);
#1843 = DEFINITIONAL_REPRESENTATION('',(#1844),#1848);
#1844 = LINE('',#1845,#1846);
#1845 = CARTESIAN_POINT('',(-6.28318530718,-7.));
#1846 = VECTOR('',#1847,1.);
#1847 = DIRECTION('',(1.,-0.));
#1848 = ( GEOMETRIC_REPRESENTATION_CONTEXT(2) 
PARAMETRIC_REPRESENTATION_CONTEXT() REPRESENTATION_CONTEXT('2D SPACE',''
  ) );
#1849 = PCURVE('',#461,#1850);
#1850 = DEFINITIONAL_REPRESENTATION('',(#1851),#1859);
#1851 = ( BOUNDED_CURVE() B_SPLINE_CURVE(2,(#1852,#1853,#1854,#1855,
#1856,#1857,#1858),.UNSPECIFIED.,.T.,.F.) B_SPLINE_CURVE_WITH_KNOTS((1,2
    ,2,2,2,1),(-2.094395102393,0.,2.094395102393,4.188790204786,
6.28318530718,8.377580409573),.UNSPECIFIED.) CURVE() 
GEOMETRIC_REPRESENTATION_ITEM() RATIONAL_B_SPLINE_CURVE((1.,0.5,1.,0.5,
1.,0.5,1.)) REPRESENTATION_ITEM('') );
#1852 = CARTESIAN_POINT('',(32.517070580583,19.));
#1853 = CARTESIAN_POINT('',(32.517070580583,15.882308546376));
#1854 = CARTESIAN_POINT('',(29.817070580583,17.441154273188));
#1855 = CARTESIAN_POINT('',(27.117070580583,19.));
#1856 = CARTESIAN_POINT('',(29.817070580583,20.558845726812));
#1857 = CARTESIAN_POINT('',(32.517070580583,22.117691453624));
#1858 = CARTESIAN_POINT('',(32.517070580583,19.));
#1859 = ( GEOMETRIC_REPRESENTATION_CONTEXT(2) 
PARAMETRIC_REPRESENTATION_CONTEXT() REPRESENTATION_CONTEXT('2D SPACE',''
  ) );
#1860 = ORIENTED_EDGE('',*,*,#1861,.F.);
#1861 = EDGE_CURVE('',#1862,#1834,#1864,.T.);
#1862 = VERTEX_POINT('',#1863);
#1863 = CARTESIAN_POINT('',(30.623927631084,20.160355478078,11.));
#1864 = SURFACE_CURVE('',#1865,(#1874,#1886),.PCURVE_S1.);
#1865 = B_SPLINE_CURVE_WITH_KNOTS('',7,(#1866,#1867,#1868,#1869,#1870,
    #1871,#1872,#1873),.UNSPECIFIED.,.F.,.F.,(8,8),(0.,1.),
  .PIECEWISE_BEZIER_KNOTS.);
#1866 = CARTESIAN_POINT('',(30.623927981283,20.160355893381,11.0000006)
  );
#1867 = CARTESIAN_POINT('',(30.537650953894,20.058039523097,
    10.852181202432));
#1868 = CARTESIAN_POINT('',(30.459641581656,19.947519412165,
    10.705108906783));
#1869 = CARTESIAN_POINT('',(30.390281205218,19.828781630519,
    10.559088776541));
#1870 = CARTESIAN_POINT('',(30.330316889491,19.701742434775,
    10.41464696684));
#1871 = CARTESIAN_POINT('',(30.280891811837,19.566281807556,
    10.272568698842));
#1872 = CARTESIAN_POINT('',(30.243430977339,19.422327135848,
    10.133863347184));
#1873 = CARTESIAN_POINT('',(30.220287833095,19.269489522935,
    9.999958900924));
#1874 = PCURVE('',#408,#1875);
#1875 = DEFINITIONAL_REPRESENTATION('',(#1876),#1885);
#1876 = B_SPLINE_CURVE_WITH_KNOTS('',7,(#1877,#1878,#1879,#1880,#1881,
    #1882,#1883,#1884),.UNSPECIFIED.,.F.,.F.,(8,8),(0.,1.),
  .PIECEWISE_BEZIER_KNOTS.);
#1877 = CARTESIAN_POINT('',(-2.441037539033,-8.0000006));
#1878 = CARTESIAN_POINT('',(-2.515391474649,-7.852181202432));
#1879 = CARTESIAN_POINT('',(-2.59026821548,-7.705108906783));
#1880 = CARTESIAN_POINT('',(-2.666212059399,-7.559088776541));
#1881 = CARTESIAN_POINT('',(-2.743693047337,-7.41464696684));
#1882 = CARTESIAN_POINT('',(-2.823243866949,-7.272568698842));
#1883 = CARTESIAN_POINT('',(-2.905433504048,-7.133863347184));
#1884 = CARTESIAN_POINT('',(-2.991311218296,-6.999958900924));
#1885 = ( GEOMETRIC_REPRESENTATION_CONTEXT(2) 
PARAMETRIC_REPRESENTATION_CONTEXT() REPRESENTATION_CONTEXT('2D SPACE',''
  ) );
#1886 = PCURVE('',#557,#1887);
#1887 = DEFINITIONAL_REPRESENTATION('',(#1888),#1897);
#1888 = B_SPLINE_CURVE_WITH_KNOTS('',7,(#1889,#1890,#1891,#1892,#1893,
    #1894,#1895,#1896),.UNSPECIFIED.,.F.,.F.,(8,8),(0.,1.),
  .PIECEWISE_BEZIER_KNOTS.);
#1889 = CARTESIAN_POINT('',(0.113326977275,0.213490919235));
#1890 = CARTESIAN_POINT('',(0.113195736392,0.211401958172));
#1891 = CARTESIAN_POINT('',(0.113009577215,0.209312396193));
#1892 = CARTESIAN_POINT('',(0.112766460896,0.207226459991));
#1893 = CARTESIAN_POINT('',(0.112463011869,0.205151629279));
#1894 = CARTESIAN_POINT('',(0.112094505766,0.203099377319));
#1895 = CARTESIAN_POINT('',(0.111655558781,0.201084859714));
#1896 = CARTESIAN_POINT('',(0.111136977458,0.199130004948));
#1897 = ( GEOMETRIC_REPRESENTATION_CONTEXT(2) 
PARAMETRIC_REPRESENTATION_CONTEXT() REPRESENTATION_CONTEXT('2D SPACE',''
  ) );
#1898 = ORIENTED_EDGE('',*,*,#1899,.T.);
#1899 = EDGE_CURVE('',#1862,#1900,#1902,.T.);
#1900 = VERTEX_POINT('',#1901);
#1901 = CARTESIAN_POINT('',(33.18528156561,17.645338562509,11.));
#1902 = SURFACE_CURVE('',#1903,(#1908,#1915),.PCURVE_S1.);
#1903 = CIRCLE('',#1904,1.8);
#1904 = AXIS2_PLACEMENT_3D('',#1905,#1906,#1907);
#1905 = CARTESIAN_POINT('',(32.,19.,11.));
#1906 = DIRECTION('',(0.,0.,1.));
#1907 = DIRECTION('',(1.,0.,0.));
#1908 = PCURVE('',#408,#1909);
#1909 = DEFINITIONAL_REPRESENTATION('',(#1910),#1914);
#1910 = LINE('',#1911,#1912);
#1911 = CARTESIAN_POINT('',(-0.,-8.));
#1912 = VECTOR('',#1913,1.);
#1913 = DIRECTION('',(-1.,0.));
#1914 = ( GEOMETRIC_REPRESENTATION_CONTEXT(2) 
PARAMETRIC_REPRESENTATION_CONTEXT() REPRESENTATION_CONTEXT('2D SPACE',''
  ) );
#1915 = PCURVE('',#1916,#1921);
#1916 = PLANE('',#1917);
#1917 = AXIS2_PLACEMENT_3D('',#1918,#1919,#1920);
#1918 = CARTESIAN_POINT('',(32.,19.,11.));
#1919 = DIRECTION('',(0.,0.,1.));
#1920 = DIRECTION('',(1.,0.,-0.));
#1921 = DEFINITIONAL_REPRESENTATION('',(#1922),#1926);
#1922 = CIRCLE('',#1923,1.8);
#1923 = AXIS2_PLACEMENT_2D('',#1924,#1925);
#1924 = CARTESIAN_POINT('',(0.,0.));
#1925 = DIRECTION('',(1.,0.));
#1926 = ( GEOMETRIC_REPRESENTATION_CONTEXT(2) 
PARAMETRIC_REPRESENTATION_CONTEXT() REPRESENTATION_CONTEXT('2D SPACE',''
  ) );
#1927 = ORIENTED_EDGE('',*,*,#1928,.F.);
#1928 = EDGE_CURVE('',#1929,#1900,#1931,.T.);
#1929 = VERTEX_POINT('',#1930);
#1930 = CARTESIAN_POINT('',(32.290123386612,17.223534852427,10.));
#1931 = SURFACE_CURVE('',#1932,(#1941,#1953),.PCURVE_S1.);
#1932 = B_SPLINE_CURVE_WITH_KNOTS('',7,(#1933,#1934,#1935,#1936,#1937,
    #1938,#1939,#1940),.UNSPECIFIED.,.F.,.F.,(8,8),(0.,1.),
  .PIECEWISE_BEZIER_KNOTS.);
#1933 = CARTESIAN_POINT('',(32.290075981324,17.223527111083,
    9.999958900924));
#1934 = CARTESIAN_POINT('',(32.444251401266,17.248702044241,
    10.133812309539));
#1935 = CARTESIAN_POINT('',(32.589384760146,17.288426060314,
    10.272481974229));
#1936 = CARTESIAN_POINT('',(32.725804711758,17.34033251816,
    10.41454173171));
#1937 = CARTESIAN_POINT('',(32.853537896553,17.402962967572,
    10.558982988823));
#1938 = CARTESIAN_POINT('',(32.972669361616,17.475137040183,
    10.705021007665));
#1939 = CARTESIAN_POINT('',(33.083255229334,17.556069017499,
    10.852128980468));
#1940 = CARTESIAN_POINT('',(33.185281979592,17.645338924729,11.0000006)
  );
#1941 = PCURVE('',#408,#1942);
#1942 = DEFINITIONAL_REPRESENTATION('',(#1943),#1952);
#1943 = B_SPLINE_CURVE_WITH_KNOTS('',7,(#1944,#1945,#1946,#1947,#1948,
    #1949,#1950,#1951),.UNSPECIFIED.,.F.,.F.,(8,8),(0.,1.),
  .PIECEWISE_BEZIER_KNOTS.);
#1944 = CARTESIAN_POINT('',(-4.874248119375,-6.999958900924));
#1945 = CARTESIAN_POINT('',(-4.961035495024,-7.133812309539));
#1946 = CARTESIAN_POINT('',(-5.044168121697,-7.272481974229));
#1947 = CARTESIAN_POINT('',(-5.124678916335,-7.41454173171));
#1948 = CARTESIAN_POINT('',(-5.203127930711,-7.558982988823));
#1949 = CARTESIAN_POINT('',(-5.28004103691,-7.705021007665));
#1950 = CARTESIAN_POINT('',(-5.355884221434,-7.852128980468));
#1951 = CARTESIAN_POINT('',(-5.431199554634,-8.0000006));
#1952 = ( GEOMETRIC_REPRESENTATION_CONTEXT(2) 
PARAMETRIC_REPRESENTATION_CONTEXT() REPRESENTATION_CONTEXT('2D SPACE',''
  ) );
#1953 = PCURVE('',#557,#1954);
#1954 = DEFINITIONAL_REPRESENTATION('',(#1955),#1964);
#1955 = B_SPLINE_CURVE_WITH_KNOTS('',7,(#1956,#1957,#1958,#1959,#1960,
    #1961,#1962,#1963),.UNSPECIFIED.,.F.,.F.,(8,8),(0.,1.),
  .PIECEWISE_BEZIER_KNOTS.);
#1956 = CARTESIAN_POINT('',(9.743092205634E-02,0.199130004948));
#1957 = CARTESIAN_POINT('',(9.714187089476E-02,0.201084114622));
#1958 = CARTESIAN_POINT('',(9.693793999903E-02,0.203098119183));
#1959 = CARTESIAN_POINT('',(9.680724581609E-02,0.205150112705));
#1960 = CARTESIAN_POINT('',(9.674255656753E-02,0.20722494561));
#1961 = CARTESIAN_POINT('',(9.673778814176E-02,0.209311146127));
#1962 = CARTESIAN_POINT('',(9.67886971103E-02,0.211401220179));
#1963 = CARTESIAN_POINT('',(9.689276229567E-02,0.213490919235));
#1964 = ( GEOMETRIC_REPRESENTATION_CONTEXT(2) 
PARAMETRIC_REPRESENTATION_CONTEXT() REPRESENTATION_CONTEXT('2D SPACE',''
  ) );
#1965 = ORIENTED_EDGE('',*,*,#1966,.F.);
#1966 = EDGE_CURVE('',#1811,#1929,#1967,.T.);
#1967 = SURFACE_CURVE('',#1968,(#1973,#1980),.PCURVE_S1.);
#1968 = CIRCLE('',#1969,1.8);
#1969 = AXIS2_PLACEMENT_3D('',#1970,#1971,#1972);
#1970 = CARTESIAN_POINT('',(32.,19.,10.));
#1971 = DIRECTION('',(0.,0.,-1.));
#1972 = DIRECTION('',(1.,0.,0.));
#1973 = PCURVE('',#408,#1974);
#1974 = DEFINITIONAL_REPRESENTATION('',(#1975),#1979);
#1975 = LINE('',#1976,#1977);
#1976 = CARTESIAN_POINT('',(-6.28318530718,-7.));
#1977 = VECTOR('',#1978,1.);
#1978 = DIRECTION('',(1.,-0.));
#1979 = ( GEOMETRIC_REPRESENTATION_CONTEXT(2) 
PARAMETRIC_REPRESENTATION_CONTEXT() REPRESENTATION_CONTEXT('2D SPACE',''
  ) );
#1980 = PCURVE('',#461,#1981);
#1981 = DEFINITIONAL_REPRESENTATION('',(#1982),#1990);
#1982 = ( BOUNDED_CURVE() B_SPLINE_CURVE(2,(#1983,#1984,#1985,#1986,
#1987,#1988,#1989),.UNSPECIFIED.,.T.,.F.) B_SPLINE_CURVE_WITH_KNOTS((1,2
    ,2,2,2,1),(-2.094395102393,0.,2.094395102393,4.188790204786,
6.28318530718,8.377580409573),.UNSPECIFIED.) CURVE() 
GEOMETRIC_REPRESENTATION_ITEM() RATIONAL_B_SPLINE_CURVE((1.,0.5,1.,0.5,
1.,0.5,1.)) REPRESENTATION_ITEM('') );
#1983 = CARTESIAN_POINT('',(32.517070580583,19.));
#1984 = CARTESIAN_POINT('',(32.517070580583,15.882308546376));
#1985 = CARTESIAN_POINT('',(29.817070580583,17.441154273188));
#1986 = CARTESIAN_POINT('',(27.117070580583,19.));
#1987 = CARTESIAN_POINT('',(29.817070580583,20.558845726812));
#1988 = CARTESIAN_POINT('',(32.517070580583,22.117691453624));
#1989 = CARTESIAN_POINT('',(32.517070580583,19.));
#1990 = ( GEOMETRIC_REPRESENTATION_CONTEXT(2) 
PARAMETRIC_REPRESENTATION_CONTEXT() REPRESENTATION_CONTEXT('2D SPACE',''
  ) );
#1991 = ORIENTED_EDGE('',*,*,#1810,.F.);
#1992 = ADVANCED_FACE('',(#1993,#1996),#461,.T.);
#1993 = FACE_BOUND('',#1994,.T.);
#1994 = EDGE_LOOP('',(#1995));
#1995 = ORIENTED_EDGE('',*,*,#446,.T.);
#1996 = FACE_BOUND('',#1997,.T.);
#1997 = EDGE_LOOP('',(#1998,#2486,#2972,#2973,#2974,#3460,#3461,#3947,
    #3948,#4434,#4435));
#1998 = ORIENTED_EDGE('',*,*,#1999,.T.);
#1999 = EDGE_CURVE('',#1929,#2000,#2002,.T.);
#2000 = VERTEX_POINT('',#2001);
#2001 = CARTESIAN_POINT('',(39.45520755861,-2.524783219218E-14,10.));
#2002 = SURFACE_CURVE('',#2003,(#2162,#2324),.PCURVE_S1.);
#2003 = B_SPLINE_CURVE_WITH_KNOTS('',7,(#2004,#2005,#2006,#2007,#2008,
    #2009,#2010,#2011,#2012,#2013,#2014,#2015,#2016,#2017,#2018,#2019,
    #2020,#2021,#2022,#2023,#2024,#2025,#2026,#2027,#2028,#2029,#2030,
    #2031,#2032,#2033,#2034,#2035,#2036,#2037,#2038,#2039,#2040,#2041,
    #2042,#2043,#2044,#2045,#2046,#2047,#2048,#2049,#2050,#2051,#2052,
    #2053,#2054,#2055,#2056,#2057,#2058,#2059,#2060,#2061,#2062,#2063,
    #2064,#2065,#2066,#2067,#2068,#2069,#2070,#2071,#2072,#2073,#2074,
    #2075,#2076,#2077,#2078,#2079,#2080,#2081,#2082,#2083,#2084,#2085,
    #2086,#2087,#2088,#2089,#2090,#2091,#2092,#2093,#2094,#2095,#2096,
    #2097,#2098,#2099,#2100,#2101,#2102,#2103,#2104,#2105,#2106,#2107,
    #2108,#2109,#2110,#2111,#2112,#2113,#2114,#2115,#2116,#2117,#2118,
    #2119,#2120,#2121,#2122,#2123,#2124,#2125,#2126,#2127,#2128,#2129,
    #2130,#2131,#2132,#2133,#2134,#2135,#2136,#2137,#2138,#2139,#2140,
    #2141,#2142,#2143,#2144,#2145,#2146,#2147,#2148,#2149,#2150,#2151,
    #2152,#2153,#2154,#2155,#2156,#2157,#2158,#2159,#2160,#2161),
  .UNSPECIFIED.,.T.,.F.,(8,6,6,6,6,6,6,6,6,6,6,6,6,6,6,6,6,6,6,6,6,6,6,6
    ,6,6,8),(0.,5.421666727991E-02,8.770240421924E-02,0.130494799442,
    0.163196004903,0.187183668181,0.249995864914,0.312808061614,
    0.33679572488,0.369496930312,0.412289325484,0.445775062711,
    0.463606047379,0.500000000001,0.536393952624,0.554224937292,
    0.587710674518,0.630503069691,0.663204275122,0.687191938389,
    0.750004135089,0.812816331821,0.836803995099,0.86950520056,
    0.912297595783,0.945783332722,1.),.UNSPECIFIED.);
#2004 = CARTESIAN_POINT('',(39.45520755861,1.025048525597E-14,10.));
#2005 = CARTESIAN_POINT('',(39.45520771716,-1.697164866565,10.));
#2006 = CARTESIAN_POINT('',(39.307615321151,-3.395484371019,10.));
#2007 = CARTESIAN_POINT('',(39.012074904737,-5.077316517348,10.));
#2008 = CARTESIAN_POINT('',(38.57393378529,-6.728040434167,10.));
#2009 = CARTESIAN_POINT('',(38.001683776728,-8.335487353811,10.));
#2010 = CARTESIAN_POINT('',(37.306032792542,-9.889718493818,10.));
#2011 = CARTESIAN_POINT('',(36.000737204131,-12.3050156757,10.));
#2012 = CARTESIAN_POINT('',(35.459762105072,-13.20417221436,10.));
#2013 = CARTESIAN_POINT('',(34.87884933047,-14.07869305564,10.));
#2014 = CARTESIAN_POINT('',(34.260709824715,-14.92737934387,10.));
#2015 = CARTESIAN_POINT('',(33.608003741038,-15.74936709652,10.));
#2016 = CARTESIAN_POINT('',(32.923262693937,-16.54407127206,10.));
#2017 = CARTESIAN_POINT('',(31.295846726107,-18.29141169414,10.));
#2018 = CARTESIAN_POINT('',(30.334449090969,-19.22647535501,10.));
#2019 = CARTESIAN_POINT('',(29.329498931236,-20.1156887896,10.));
#2020 = CARTESIAN_POINT('',(28.285517331942,-20.95880965497,10.));
#2021 = CARTESIAN_POINT('',(27.20662419768,-21.75592075287,10.));
#2022 = CARTESIAN_POINT('',(26.096473252517,-22.50734974643,10.));
#2023 = CARTESIAN_POINT('',(24.088328980085,-23.75328420474,10.));
#2024 = CARTESIAN_POINT('',(23.202095342838,-24.26655682623,10.));
#2025 = CARTESIAN_POINT('',(22.300914198901,-24.75361179588,10.));
#2026 = CARTESIAN_POINT('',(21.386113538469,-25.21467102689,10.));
#2027 = CARTESIAN_POINT('',(20.458918804175,-25.64996829091,10.));
#2028 = CARTESIAN_POINT('',(19.520450424067,-26.0597442177,10.));
#2029 = CARTESIAN_POINT('',(17.875789320198,-26.72628574675,10.));
#2030 = CARTESIAN_POINT('',(17.174345424529,-26.99472394227,10.));
#2031 = CARTESIAN_POINT('',(16.467794924583,-27.24964963197,10.));
#2032 = CARTESIAN_POINT('',(15.756523825724,-27.49115230391,10.));
#2033 = CARTESIAN_POINT('',(15.040898871671,-27.71931718362,10.));
#2034 = CARTESIAN_POINT('',(14.321267544501,-27.93422523409,10.));
#2035 = CARTESIAN_POINT('',(11.703958189441,-28.66418125154,10.));
#2036 = CARTESIAN_POINT('',(9.784930695906,-29.1019836113,10.));
#2037 = CARTESIAN_POINT('',(7.846518281088,-29.45082907065,10.));
#2038 = CARTESIAN_POINT('',(5.894013879583,-29.71172744211,10.));
#2039 = CARTESIAN_POINT('',(3.932385418154,-29.88539058228,10.));
#2040 = CARTESIAN_POINT('',(1.966278925508,-29.97223648455,10.));
#2041 = CARTESIAN_POINT('',(-1.966278930037,-29.97223648574,10.));
#2042 = CARTESIAN_POINT('',(-3.932385421849,-29.88539058473,10.));
#2043 = CARTESIAN_POINT('',(-5.894013882438,-29.71172744527,10.));
#2044 = CARTESIAN_POINT('',(-7.846518282954,-29.4508290733,10.));
#2045 = CARTESIAN_POINT('',(-9.784930696534,-29.10198361208,10.));
#2046 = CARTESIAN_POINT('',(-11.70395818855,-28.66418124963,10.));
#2047 = CARTESIAN_POINT('',(-14.32126754124,-27.93422522875,10.));
#2048 = CARTESIAN_POINT('',(-15.04089886776,-27.71931717734,10.));
#2049 = CARTESIAN_POINT('',(-15.75652382117,-27.49115229677,10.));
#2050 = CARTESIAN_POINT('',(-16.4677949194,-27.24964962411,10.));
#2051 = CARTESIAN_POINT('',(-17.17434541878,-26.99472393389,10.));
#2052 = CARTESIAN_POINT('',(-17.87578931395,-26.72628573809,10.));
#2053 = CARTESIAN_POINT('',(-19.52045041652,-26.05974420928,10.));
#2054 = CARTESIAN_POINT('',(-20.45891879591,-25.64996828328,10.));
#2055 = CARTESIAN_POINT('',(-21.38611352981,-25.21467102074,10.));
#2056 = CARTESIAN_POINT('',(-22.30091419028,-24.75361179198,10.));
#2057 = CARTESIAN_POINT('',(-23.20209533474,-24.26655682536,10.));
#2058 = CARTESIAN_POINT('',(-24.08832897302,-23.7532842076,10.));
#2059 = CARTESIAN_POINT('',(-26.09647324869,-22.50734975925,10.));
#2060 = CARTESIAN_POINT('',(-27.2066241963,-21.75592077228,10.));
#2061 = CARTESIAN_POINT('',(-28.28551733382,-20.95880968148,10.));
#2062 = CARTESIAN_POINT('',(-29.32949893668,-20.11568882291,10.));
#2063 = CARTESIAN_POINT('',(-30.33444909947,-19.22647539393,10.));
#2064 = CARTESIAN_POINT('',(-31.29584673619,-18.29141173673,10.));
#2065 = CARTESIAN_POINT('',(-32.92326270964,-16.54407130973,10.));
#2066 = CARTESIAN_POINT('',(-33.60800376119,-15.74936712588,10.));
#2067 = CARTESIAN_POINT('',(-34.26070984685,-14.92737936301,10.));
#2068 = CARTESIAN_POINT('',(-34.87884935178,-14.07869306281,10.));
#2069 = CARTESIAN_POINT('',(-35.45976212292,-13.20417220823,10.));
#2070 = CARTESIAN_POINT('',(-36.0007372166,-12.30501565566,10.));
#2071 = CARTESIAN_POINT('',(-36.76449597492,-10.89176898391,10.));
#2072 = CARTESIAN_POINT('',(-37.01779936232,-10.39417953204,10.));
#2073 = CARTESIAN_POINT('',(-37.25862056223,-9.890306045189,10.));
#2074 = CARTESIAN_POINT('',(-37.48656213407,-9.380424612494,10.));
#2075 = CARTESIAN_POINT('',(-37.70123761091,-8.864844308863,10.));
#2076 = CARTESIAN_POINT('',(-37.90227710817,-8.343909685553,10.));
#2077 = CARTESIAN_POINT('',(-38.47112339491,-6.744601369381,10.));
#2078 = CARTESIAN_POINT('',(-38.79471845025,-5.650325338232,10.));
#2079 = CARTESIAN_POINT('',(-39.05704997453,-4.538645465796,10.));
#2080 = CARTESIAN_POINT('',(-39.25564684362,-3.413386416593,10.));
#2081 = CARTESIAN_POINT('',(-39.38869967503,-2.27873739173,10.));
#2082 = CARTESIAN_POINT('',(-39.45520766968,-1.139275167206,10.));
#2083 = CARTESIAN_POINT('',(-39.45520766968,1.139275167206,10.));
#2084 = CARTESIAN_POINT('',(-39.38869967503,2.278737391731,10.));
#2085 = CARTESIAN_POINT('',(-39.25564684362,3.413386416593,10.));
#2086 = CARTESIAN_POINT('',(-39.05704997453,4.538645465796,10.));
#2087 = CARTESIAN_POINT('',(-38.79471845025,5.650325338233,10.));
#2088 = CARTESIAN_POINT('',(-38.47112339491,6.74460136938,10.));
#2089 = CARTESIAN_POINT('',(-37.90227710817,8.343909685553,10.));
#2090 = CARTESIAN_POINT('',(-37.70123761091,8.864844308863,10.));
#2091 = CARTESIAN_POINT('',(-37.48656213407,9.380424612494,10.));
#2092 = CARTESIAN_POINT('',(-37.25862056223,9.890306045189,10.));
#2093 = CARTESIAN_POINT('',(-37.01779936232,10.394179532047,10.));
#2094 = CARTESIAN_POINT('',(-36.76449597492,10.891768983919,10.));
#2095 = CARTESIAN_POINT('',(-36.0007372166,12.305015655664,10.));
#2096 = CARTESIAN_POINT('',(-35.45976212292,13.204172208236,10.));
#2097 = CARTESIAN_POINT('',(-34.87884935178,14.078693062811,10.));
#2098 = CARTESIAN_POINT('',(-34.26070984685,14.927379363017,10.));
#2099 = CARTESIAN_POINT('',(-33.60800376119,15.749367125885,10.));
#2100 = CARTESIAN_POINT('',(-32.92326270964,16.544071309735,10.));
#2101 = CARTESIAN_POINT('',(-31.29584673619,18.291411736739,10.));
#2102 = CARTESIAN_POINT('',(-30.33444909947,19.226475393936,10.));
#2103 = CARTESIAN_POINT('',(-29.32949893668,20.11568882291,10.));
#2104 = CARTESIAN_POINT('',(-28.28551733382,20.95880968148,10.));
#2105 = CARTESIAN_POINT('',(-27.2066241963,21.755920772284,10.));
#2106 = CARTESIAN_POINT('',(-26.09647324869,22.507349759252,10.));
#2107 = CARTESIAN_POINT('',(-24.08832897302,23.753284207607,10.));
#2108 = CARTESIAN_POINT('',(-23.20209533473,24.266556825365,10.));
#2109 = CARTESIAN_POINT('',(-22.30091419028,24.75361179198,10.));
#2110 = CARTESIAN_POINT('',(-21.38611352981,25.21467102074,10.));
#2111 = CARTESIAN_POINT('',(-20.45891879591,25.649968283281,10.));
#2112 = CARTESIAN_POINT('',(-19.52045041652,26.05974420928,10.));
#2113 = CARTESIAN_POINT('',(-17.87578931395,26.726285738099,10.));
#2114 = CARTESIAN_POINT('',(-17.17434541878,26.994723933899,10.));
#2115 = CARTESIAN_POINT('',(-16.4677949194,27.249649624119,10.));
#2116 = CARTESIAN_POINT('',(-15.75652382117,27.491152296777,10.));
#2117 = CARTESIAN_POINT('',(-15.04089886776,27.719317177346,10.));
#2118 = CARTESIAN_POINT('',(-14.32126754124,27.93422522875,10.));
#2119 = CARTESIAN_POINT('',(-11.70395818855,28.664181249639,10.));
#2120 = CARTESIAN_POINT('',(-9.784930696531,29.101983612085,10.));
#2121 = CARTESIAN_POINT('',(-7.846518282956,29.45082907331,10.));
#2122 = CARTESIAN_POINT('',(-5.89401388244,29.711727445281,10.));
#2123 = CARTESIAN_POINT('',(-3.932385421846,29.885390584732,10.));
#2124 = CARTESIAN_POINT('',(-1.966278930038,29.972236485742,10.));
#2125 = CARTESIAN_POINT('',(1.966278925508,29.972236484557,10.));
#2126 = CARTESIAN_POINT('',(3.932385418155,29.885390582285,10.));
#2127 = CARTESIAN_POINT('',(5.894013879583,29.71172744212,10.));
#2128 = CARTESIAN_POINT('',(7.846518281088,29.450829070657,10.));
#2129 = CARTESIAN_POINT('',(9.784930695906,29.101983611305,10.));
#2130 = CARTESIAN_POINT('',(11.70395818944,28.66418125155,10.));
#2131 = CARTESIAN_POINT('',(14.321267544501,27.934225234095,10.));
#2132 = CARTESIAN_POINT('',(15.040898871671,27.719317183625,10.));
#2133 = CARTESIAN_POINT('',(15.756523825724,27.491152303912,10.));
#2134 = CARTESIAN_POINT('',(16.467794924583,27.249649631973,10.));
#2135 = CARTESIAN_POINT('',(17.17434542453,26.994723942278,10.));
#2136 = CARTESIAN_POINT('',(17.875789320198,26.726285746756,10.));
#2137 = CARTESIAN_POINT('',(19.520450424066,26.059744217706,10.));
#2138 = CARTESIAN_POINT('',(20.458918804176,25.649968290919,10.));
#2139 = CARTESIAN_POINT('',(21.38611353847,25.214671026898,10.));
#2140 = CARTESIAN_POINT('',(22.300914198901,24.753611795887,10.));
#2141 = CARTESIAN_POINT('',(23.202095342837,24.266556826237,10.));
#2142 = CARTESIAN_POINT('',(24.088328980086,23.75328420474,10.));
#2143 = CARTESIAN_POINT('',(26.096473252517,22.507349746438,10.));
#2144 = CARTESIAN_POINT('',(27.206624197681,21.755920752873,10.));
#2145 = CARTESIAN_POINT('',(28.285517331943,20.958809654977,10.));
#2146 = CARTESIAN_POINT('',(29.329498931235,20.115688789604,10.));
#2147 = CARTESIAN_POINT('',(30.334449090969,19.226475355016,10.));
#2148 = CARTESIAN_POINT('',(31.295846726108,18.291411694143,10.));
#2149 = CARTESIAN_POINT('',(32.923262693938,16.544071272062,10.));
#2150 = CARTESIAN_POINT('',(33.608003741036,15.749367096524,10.));
#2151 = CARTESIAN_POINT('',(34.260709824715,14.927379343879,10.));
#2152 = CARTESIAN_POINT('',(34.878849330471,14.078693055643,10.));
#2153 = CARTESIAN_POINT('',(35.459762105072,13.204172214366,10.));
#2154 = CARTESIAN_POINT('',(36.000737204131,12.305015675708,10.));
#2155 = CARTESIAN_POINT('',(37.306032792548,9.889718493819,10.));
#2156 = CARTESIAN_POINT('',(38.001683776703,8.335487353809,10.));
#2157 = CARTESIAN_POINT('',(38.573933785335,6.728040434171,10.));
#2158 = CARTESIAN_POINT('',(39.012074904692,5.077316517343,10.));
#2159 = CARTESIAN_POINT('',(39.307615321177,3.395484371023,10.));
#2160 = CARTESIAN_POINT('',(39.455207717153,1.697164866564,10.));
#2161 = CARTESIAN_POINT('',(39.45520755861,-1.461851049564E-14,10.));
#2162 = PCURVE('',#461,#2163);
#2163 = DEFINITIONAL_REPRESENTATION('',(#2164),#2323);
#2164 = B_SPLINE_CURVE_WITH_KNOTS('',7,(#2165,#2166,#2167,#2168,#2169,
    #2170,#2171,#2172,#2173,#2174,#2175,#2176,#2177,#2178,#2179,#2180,
    #2181,#2182,#2183,#2184,#2185,#2186,#2187,#2188,#2189,#2190,#2191,
    #2192,#2193,#2194,#2195,#2196,#2197,#2198,#2199,#2200,#2201,#2202,
    #2203,#2204,#2205,#2206,#2207,#2208,#2209,#2210,#2211,#2212,#2213,
    #2214,#2215,#2216,#2217,#2218,#2219,#2220,#2221,#2222,#2223,#2224,
    #2225,#2226,#2227,#2228,#2229,#2230,#2231,#2232,#2233,#2234,#2235,
    #2236,#2237,#2238,#2239,#2240,#2241,#2242,#2243,#2244,#2245,#2246,
    #2247,#2248,#2249,#2250,#2251,#2252,#2253,#2254,#2255,#2256,#2257,
    #2258,#2259,#2260,#2261,#2262,#2263,#2264,#2265,#2266,#2267,#2268,
    #2269,#2270,#2271,#2272,#2273,#2274,#2275,#2276,#2277,#2278,#2279,
    #2280,#2281,#2282,#2283,#2284,#2285,#2286,#2287,#2288,#2289,#2290,
    #2291,#2292,#2293,#2294,#2295,#2296,#2297,#2298,#2299,#2300,#2301,
    #2302,#2303,#2304,#2305,#2306,#2307,#2308,#2309,#2310,#2311,#2312,
    #2313,#2314,#2315,#2316,#2317,#2318,#2319,#2320,#2321,#2322),
  .UNSPECIFIED.,.F.,.F.,(8,6,6,6,6,6,6,6,6,6,6,6,6,6,6,6,6,6,6,6,6,6,6,6
    ,6,6,8),(0.,5.421666727991E-02,8.770240421924E-02,0.130494799442,
    0.163196004903,0.187183668181,0.249995864914,0.312808061614,
    0.33679572488,0.369496930312,0.412289325484,0.445775062711,
    0.463606047379,0.500000000001,0.536393952624,0.554224937292,
    0.587710674518,0.630503069691,0.663204275122,0.687191938389,
    0.750004135089,0.812816331821,0.836803995099,0.86950520056,
    0.912297595783,0.945783332722,1.),.UNSPECIFIED.);
#2165 = CARTESIAN_POINT('',(38.172278139192,1.06581410364E-14));
#2166 = CARTESIAN_POINT('',(38.172278297743,-1.697164866565));
#2167 = CARTESIAN_POINT('',(38.024685901734,-3.395484371019));
#2168 = CARTESIAN_POINT('',(37.729145485319,-5.077316517348));
#2169 = CARTESIAN_POINT('',(37.291004365873,-6.728040434167));
#2170 = CARTESIAN_POINT('',(36.718754357311,-8.335487353811));
#2171 = CARTESIAN_POINT('',(36.023103373125,-9.889718493818));
#2172 = CARTESIAN_POINT('',(34.717807784714,-12.3050156757));
#2173 = CARTESIAN_POINT('',(34.176832685655,-13.20417221436));
#2174 = CARTESIAN_POINT('',(33.595919911053,-14.07869305564));
#2175 = CARTESIAN_POINT('',(32.977780405298,-14.92737934387));
#2176 = CARTESIAN_POINT('',(32.32507432162,-15.74936709652));
#2177 = CARTESIAN_POINT('',(31.64033327452,-16.54407127206));
#2178 = CARTESIAN_POINT('',(30.012917306689,-18.29141169414));
#2179 = CARTESIAN_POINT('',(29.051519671552,-19.22647535501));
#2180 = CARTESIAN_POINT('',(28.046569511819,-20.1156887896));
#2181 = CARTESIAN_POINT('',(27.002587912525,-20.95880965497));
#2182 = CARTESIAN_POINT('',(25.923694778263,-21.75592075287));
#2183 = CARTESIAN_POINT('',(24.813543833099,-22.50734974643));
#2184 = CARTESIAN_POINT('',(22.805399560668,-23.75328420474));
#2185 = CARTESIAN_POINT('',(21.919165923421,-24.26655682623));
#2186 = CARTESIAN_POINT('',(21.017984779484,-24.75361179588));
#2187 = CARTESIAN_POINT('',(20.103184119051,-25.21467102689));
#2188 = CARTESIAN_POINT('',(19.175989384757,-25.64996829091));
#2189 = CARTESIAN_POINT('',(18.23752100465,-26.0597442177));
#2190 = CARTESIAN_POINT('',(16.59285990078,-26.72628574675));
#2191 = CARTESIAN_POINT('',(15.891416005112,-26.99472394227));
#2192 = CARTESIAN_POINT('',(15.184865505166,-27.24964963197));
#2193 = CARTESIAN_POINT('',(14.473594406306,-27.49115230391));
#2194 = CARTESIAN_POINT('',(13.757969452254,-27.71931718362));
#2195 = CARTESIAN_POINT('',(13.038338125084,-27.93422523409));
#2196 = CARTESIAN_POINT('',(10.421028770023,-28.66418125154));
#2197 = CARTESIAN_POINT('',(8.502001276488,-29.1019836113));
#2198 = CARTESIAN_POINT('',(6.563588861671,-29.45082907065));
#2199 = CARTESIAN_POINT('',(4.611084460166,-29.71172744211));
#2200 = CARTESIAN_POINT('',(2.649455998737,-29.88539058228));
#2201 = CARTESIAN_POINT('',(0.68334950609,-29.97223648455));
#2202 = CARTESIAN_POINT('',(-3.249208349454,-29.97223648574));
#2203 = CARTESIAN_POINT('',(-5.215314841267,-29.88539058473));
#2204 = CARTESIAN_POINT('',(-7.176943301856,-29.71172744527));
#2205 = CARTESIAN_POINT('',(-9.129447702371,-29.4508290733));
#2206 = CARTESIAN_POINT('',(-11.06786011595,-29.10198361208));
#2207 = CARTESIAN_POINT('',(-12.98688760796,-28.66418124963));
#2208 = CARTESIAN_POINT('',(-15.60419696066,-27.93422522875));
#2209 = CARTESIAN_POINT('',(-16.32382828718,-27.71931717734));
#2210 = CARTESIAN_POINT('',(-17.03945324058,-27.49115229677));
#2211 = CARTESIAN_POINT('',(-17.75072433882,-27.24964962411));
#2212 = CARTESIAN_POINT('',(-18.45727483819,-26.99472393389));
#2213 = CARTESIAN_POINT('',(-19.15871873337,-26.72628573809));
#2214 = CARTESIAN_POINT('',(-20.80337983593,-26.05974420928));
#2215 = CARTESIAN_POINT('',(-21.74184821533,-25.64996828328));
#2216 = CARTESIAN_POINT('',(-22.66904294923,-25.21467102074));
#2217 = CARTESIAN_POINT('',(-23.5838436097,-24.75361179198));
#2218 = CARTESIAN_POINT('',(-24.48502475415,-24.26655682536));
#2219 = CARTESIAN_POINT('',(-25.37125839244,-23.7532842076));
#2220 = CARTESIAN_POINT('',(-27.37940266811,-22.50734975925));
#2221 = CARTESIAN_POINT('',(-28.48955361572,-21.75592077228));
#2222 = CARTESIAN_POINT('',(-29.56844675323,-20.95880968148));
#2223 = CARTESIAN_POINT('',(-30.6124283561,-20.11568882291));
#2224 = CARTESIAN_POINT('',(-31.61737851889,-19.22647539393));
#2225 = CARTESIAN_POINT('',(-32.57877615561,-18.29141173673));
#2226 = CARTESIAN_POINT('',(-34.20619212906,-16.54407130973));
#2227 = CARTESIAN_POINT('',(-34.8909331806,-15.74936712588));
#2228 = CARTESIAN_POINT('',(-35.54363926627,-14.92737936301));
#2229 = CARTESIAN_POINT('',(-36.1617787712,-14.07869306281));
#2230 = CARTESIAN_POINT('',(-36.74269154234,-13.20417220823));
#2231 = CARTESIAN_POINT('',(-37.28366663601,-12.30501565566));
#2232 = CARTESIAN_POINT('',(-38.04742539434,-10.89176898391));
#2233 = CARTESIAN_POINT('',(-38.30072878174,-10.39417953204));
#2234 = CARTESIAN_POINT('',(-38.54154998164,-9.890306045189));
#2235 = CARTESIAN_POINT('',(-38.76949155348,-9.380424612494));
#2236 = CARTESIAN_POINT('',(-38.98416703033,-8.864844308863));
#2237 = CARTESIAN_POINT('',(-39.18520652758,-8.343909685553));
#2238 = CARTESIAN_POINT('',(-39.75405281432,-6.744601369381));
#2239 = CARTESIAN_POINT('',(-40.07764786967,-5.650325338232));
#2240 = CARTESIAN_POINT('',(-40.33997939395,-4.538645465796));
#2241 = CARTESIAN_POINT('',(-40.53857626304,-3.413386416593));
#2242 = CARTESIAN_POINT('',(-40.67162909445,-2.27873739173));
#2243 = CARTESIAN_POINT('',(-40.73813708909,-1.139275167206));
#2244 = CARTESIAN_POINT('',(-40.73813708909,1.139275167206));
#2245 = CARTESIAN_POINT('',(-40.67162909445,2.278737391731));
#2246 = CARTESIAN_POINT('',(-40.53857626304,3.413386416593));
#2247 = CARTESIAN_POINT('',(-40.33997939395,4.538645465796));
#2248 = CARTESIAN_POINT('',(-40.07764786967,5.650325338233));
#2249 = CARTESIAN_POINT('',(-39.75405281432,6.74460136938));
#2250 = CARTESIAN_POINT('',(-39.18520652758,8.343909685553));
#2251 = CARTESIAN_POINT('',(-38.98416703033,8.864844308863));
#2252 = CARTESIAN_POINT('',(-38.76949155348,9.380424612494));
#2253 = CARTESIAN_POINT('',(-38.54154998164,9.890306045189));
#2254 = CARTESIAN_POINT('',(-38.30072878174,10.394179532047));
#2255 = CARTESIAN_POINT('',(-38.04742539434,10.891768983919));
#2256 = CARTESIAN_POINT('',(-37.28366663601,12.305015655664));
#2257 = CARTESIAN_POINT('',(-36.74269154234,13.204172208236));
#2258 = CARTESIAN_POINT('',(-36.1617787712,14.078693062811));
#2259 = CARTESIAN_POINT('',(-35.54363926627,14.927379363017));
#2260 = CARTESIAN_POINT('',(-34.8909331806,15.749367125885));
#2261 = CARTESIAN_POINT('',(-34.20619212906,16.544071309735));
#2262 = CARTESIAN_POINT('',(-32.57877615561,18.291411736739));
#2263 = CARTESIAN_POINT('',(-31.61737851889,19.226475393936));
#2264 = CARTESIAN_POINT('',(-30.6124283561,20.11568882291));
#2265 = CARTESIAN_POINT('',(-29.56844675323,20.95880968148));
#2266 = CARTESIAN_POINT('',(-28.48955361572,21.755920772284));
#2267 = CARTESIAN_POINT('',(-27.37940266811,22.507349759252));
#2268 = CARTESIAN_POINT('',(-25.37125839244,23.753284207607));
#2269 = CARTESIAN_POINT('',(-24.48502475415,24.266556825365));
#2270 = CARTESIAN_POINT('',(-23.5838436097,24.75361179198));
#2271 = CARTESIAN_POINT('',(-22.66904294923,25.21467102074));
#2272 = CARTESIAN_POINT('',(-21.74184821533,25.649968283281));
#2273 = CARTESIAN_POINT('',(-20.80337983593,26.05974420928));
#2274 = CARTESIAN_POINT('',(-19.15871873337,26.726285738099));
#2275 = CARTESIAN_POINT('',(-18.45727483819,26.994723933899));
#2276 = CARTESIAN_POINT('',(-17.75072433882,27.249649624119));
#2277 = CARTESIAN_POINT('',(-17.03945324058,27.491152296777));
#2278 = CARTESIAN_POINT('',(-16.32382828718,27.719317177346));
#2279 = CARTESIAN_POINT('',(-15.60419696066,27.93422522875));
#2280 = CARTESIAN_POINT('',(-12.98688760797,28.664181249639));
#2281 = CARTESIAN_POINT('',(-11.06786011594,29.101983612085));
#2282 = CARTESIAN_POINT('',(-9.129447702373,29.45082907331));
#2283 = CARTESIAN_POINT('',(-7.176943301857,29.711727445281));
#2284 = CARTESIAN_POINT('',(-5.215314841263,29.885390584732));
#2285 = CARTESIAN_POINT('',(-3.249208349455,29.972236485742));
#2286 = CARTESIAN_POINT('',(0.68334950609,29.972236484557));
#2287 = CARTESIAN_POINT('',(2.649455998737,29.885390582285));
#2288 = CARTESIAN_POINT('',(4.611084460166,29.71172744212));
#2289 = CARTESIAN_POINT('',(6.563588861671,29.450829070657));
#2290 = CARTESIAN_POINT('',(8.502001276489,29.101983611305));
#2291 = CARTESIAN_POINT('',(10.421028770023,28.66418125155));
#2292 = CARTESIAN_POINT('',(13.038338125084,27.934225234095));
#2293 = CARTESIAN_POINT('',(13.757969452254,27.719317183625));
#2294 = CARTESIAN_POINT('',(14.473594406306,27.491152303912));
#2295 = CARTESIAN_POINT('',(15.184865505166,27.249649631973));
#2296 = CARTESIAN_POINT('',(15.891416005112,26.994723942278));
#2297 = CARTESIAN_POINT('',(16.592859900781,26.726285746756));
#2298 = CARTESIAN_POINT('',(18.237521004649,26.059744217706));
#2299 = CARTESIAN_POINT('',(19.175989384758,25.649968290919));
#2300 = CARTESIAN_POINT('',(20.103184119052,25.214671026898));
#2301 = CARTESIAN_POINT('',(21.017984779484,24.753611795887));
#2302 = CARTESIAN_POINT('',(21.91916592342,24.266556826237));
#2303 = CARTESIAN_POINT('',(22.805399560669,23.75328420474));
#2304 = CARTESIAN_POINT('',(24.813543833099,22.507349746438));
#2305 = CARTESIAN_POINT('',(25.923694778263,21.755920752873));
#2306 = CARTESIAN_POINT('',(27.002587912526,20.958809654977));
#2307 = CARTESIAN_POINT('',(28.046569511818,20.115688789604));
#2308 = CARTESIAN_POINT('',(29.051519671552,19.226475355016));
#2309 = CARTESIAN_POINT('',(30.01291730669,18.291411694143));
#2310 = CARTESIAN_POINT('',(31.64033327452,16.544071272062));
#2311 = CARTESIAN_POINT('',(32.325074321619,15.749367096524));
#2312 = CARTESIAN_POINT('',(32.977780405298,14.927379343879));
#2313 = CARTESIAN_POINT('',(33.595919911054,14.078693055643));
#2314 = CARTESIAN_POINT('',(34.176832685655,13.204172214366));
#2315 = CARTESIAN_POINT('',(34.717807784714,12.305015675708));
#2316 = CARTESIAN_POINT('',(36.023103373131,9.889718493819));
#2317 = CARTESIAN_POINT('',(36.718754357286,8.335487353809));
#2318 = CARTESIAN_POINT('',(37.291004365917,6.728040434171));
#2319 = CARTESIAN_POINT('',(37.729145485275,5.077316517343));
#2320 = CARTESIAN_POINT('',(38.02468590176,3.395484371023));
#2321 = CARTESIAN_POINT('',(38.172278297736,1.697164866564));
#2322 = CARTESIAN_POINT('',(38.172278139192,-1.42108547152E-14));
#2323 = ( GEOMETRIC_REPRESENTATION_CONTEXT(2) 
PARAMETRIC_REPRESENTATION_CONTEXT() REPRESENTATION_CONTEXT('2D SPACE',''
  ) );
#2324 = PCURVE('',#557,#2325);
#2325 = DEFINITIONAL_REPRESENTATION('',(#2326),#2485);
#2326 = B_SPLINE_CURVE_WITH_KNOTS('',7,(#2327,#2328,#2329,#2330,#2331,
    #2332,#2333,#2334,#2335,#2336,#2337,#2338,#2339,#2340,#2341,#2342,
    #2343,#2344,#2345,#2346,#2347,#2348,#2349,#2350,#2351,#2352,#2353,
    #2354,#2355,#2356,#2357,#2358,#2359,#2360,#2361,#2362,#2363,#2364,
    #2365,#2366,#2367,#2368,#2369,#2370,#2371,#2372,#2373,#2374,#2375,
    #2376,#2377,#2378,#2379,#2380,#2381,#2382,#2383,#2384,#2385,#2386,
    #2387,#2388,#2389,#2390,#2391,#2392,#2393,#2394,#2395,#2396,#2397,
    #2398,#2399,#2400,#2401,#2402,#2403,#2404,#2405,#2406,#2407,#2408,
    #2409,#2410,#2411,#2412,#2413,#2414,#2415,#2416,#2417,#2418,#2419,
    #2420,#2421,#2422,#2423,#2424,#2425,#2426,#2427,#2428,#2429,#2430,
    #2431,#2432,#2433,#2434,#2435,#2436,#2437,#2438,#2439,#2440,#2441,
    #2442,#2443,#2444,#2445,#2446,#2447,#2448,#2449,#2450,#2451,#2452,
    #2453,#2454,#2455,#2456,#2457,#2458,#2459,#2460,#2461,#2462,#2463,
    #2464,#2465,#2466,#2467,#2468,#2469,#2470,#2471,#2472,#2473,#2474,
    #2475,#2476,#2477,#2478,#2479,#2480,#2481,#2482,#2483,#2484),
  .UNSPECIFIED.,.F.,.F.,(8,6,6,6,6,6,6,6,6,6,6,6,6,6,6,6,6,6,6,6,6,6,6,6
    ,6,6,8),(0.,5.421666727991E-02,8.770240421924E-02,0.130494799442,
    0.163196004903,0.187183668181,0.249995864914,0.312808061614,
    0.33679572488,0.369496930312,0.412289325484,0.445775062711,
    0.463606047379,0.500000000001,0.536393952624,0.554224937292,
    0.587710674518,0.630503069691,0.663204275122,0.687191938389,
    0.750004135089,0.812816331821,0.836803995099,0.86950520056,
    0.912297595783,0.945783332722,1.),.UNSPECIFIED.);
#2327 = CARTESIAN_POINT('',(1.,0.199130604948));
#2328 = CARTESIAN_POINT('',(0.990987919885,0.199130604948));
#2329 = CARTESIAN_POINT('',(0.981969713757,0.199130604948));
#2330 = CARTESIAN_POINT('',(0.972991841119,0.199130604948));
#2331 = CARTESIAN_POINT('',(0.964084526495,0.199130604948));
#2332 = CARTESIAN_POINT('',(0.95527113123,0.199130604948));
#2333 = CARTESIAN_POINT('',(0.946570672242,0.199130604948));
#2334 = CARTESIAN_POINT('',(0.932706512029,0.199130604948));
#2335 = CARTESIAN_POINT('',(0.927460895162,0.199130604948));
#2336 = CARTESIAN_POINT('',(0.922265544629,0.199130604948));
#2337 = CARTESIAN_POINT('',(0.91712172393,0.199130604948));
#2338 = CARTESIAN_POINT('',(0.912029850043,0.199130604948));
#2339 = CARTESIAN_POINT('',(0.906989623026,0.199130604948));
#2340 = CARTESIAN_POINT('',(0.895623615902,0.199130604948));
#2341 = CARTESIAN_POINT('',(0.889330405206,0.199130604948));
#2342 = CARTESIAN_POINT('',(0.883117736522,0.199130604948));
#2343 = CARTESIAN_POINT('',(0.876982476547,0.199130604948));
#2344 = CARTESIAN_POINT('',(0.870920881155,0.199130604948));
#2345 = CARTESIAN_POINT('',(0.864928486481,0.199130604948));
#2346 = CARTESIAN_POINT('',(0.854469553563,0.199130604948));
#2347 = CARTESIAN_POINT('',(0.849976700088,0.199130604948));
#2348 = CARTESIAN_POINT('',(0.845519217279,0.199130604948));
#2349 = CARTESIAN_POINT('',(0.841094959019,0.199130604948));
#2350 = CARTESIAN_POINT('',(0.836701797604,0.199130604948));
#2351 = CARTESIAN_POINT('',(0.832337565985,0.199130604948));
#2352 = CARTESIAN_POINT('',(0.824818219059,0.199130604948));
#2353 = CARTESIAN_POINT('',(0.821650821104,0.199130604948));
#2354 = CARTESIAN_POINT('',(0.818496952428,0.199130604948));
#2355 = CARTESIAN_POINT('',(0.815355767998,0.199130604948));
#2356 = CARTESIAN_POINT('',(0.812226431459,0.199130604948));
#2357 = CARTESIAN_POINT('',(0.809108115128,0.199130604948));
#2358 = CARTESIAN_POINT('',(0.797861335696,0.199130604948));
#2359 = CARTESIAN_POINT('',(0.789793373945,0.199130604948));
#2360 = CARTESIAN_POINT('',(0.781780078725,0.199130604948));
#2361 = CARTESIAN_POINT('',(0.773807511895,0.199130604948));
#2362 = CARTESIAN_POINT('',(0.765862517325,0.199130604948));
#2363 = CARTESIAN_POINT('',(0.757931599988,0.199130604948));
#2364 = CARTESIAN_POINT('',(0.742068400016,0.199130604948));
#2365 = CARTESIAN_POINT('',(0.734137482681,0.199130604948));
#2366 = CARTESIAN_POINT('',(0.72619248811,0.199130604948));
#2367 = CARTESIAN_POINT('',(0.718219921278,0.199130604948));
#2368 = CARTESIAN_POINT('',(0.710206626057,0.199130604948));
#2369 = CARTESIAN_POINT('',(0.702138664304,0.199130604948));
#2370 = CARTESIAN_POINT('',(0.690891884872,0.199130604948));
#2371 = CARTESIAN_POINT('',(0.687773568541,0.199130604948));
#2372 = CARTESIAN_POINT('',(0.684644232001,0.199130604948));
#2373 = CARTESIAN_POINT('',(0.681503047572,0.199130604948));
#2374 = CARTESIAN_POINT('',(0.678349178896,0.199130604948));
#2375 = CARTESIAN_POINT('',(0.675181780941,0.199130604948));
#2376 = CARTESIAN_POINT('',(0.667662434017,0.199130604948));
#2377 = CARTESIAN_POINT('',(0.663298202399,0.199130604948));
#2378 = CARTESIAN_POINT('',(0.658905040986,0.199130604948));
#2379 = CARTESIAN_POINT('',(0.654480782726,0.199130604948));
#2380 = CARTESIAN_POINT('',(0.650023299917,0.199130604948));
#2381 = CARTESIAN_POINT('',(0.64553044644,0.199130604948));
#2382 = CARTESIAN_POINT('',(0.635071513517,0.199130604948));
#2383 = CARTESIAN_POINT('',(0.629079118838,0.199130604948));
#2384 = CARTESIAN_POINT('',(0.623017523441,0.199130604948));
#2385 = CARTESIAN_POINT('',(0.616882263459,0.199130604948));
#2386 = CARTESIAN_POINT('',(0.610669594771,0.199130604948));
#2387 = CARTESIAN_POINT('',(0.60437638408,0.199130604948));
#2388 = CARTESIAN_POINT('',(0.59301037694,0.199130604948));
#2389 = CARTESIAN_POINT('',(0.587970149896,0.199130604948));
#2390 = CARTESIAN_POINT('',(0.582878275994,0.199130604948));
#2391 = CARTESIAN_POINT('',(0.577734455293,0.199130604948));
#2392 = CARTESIAN_POINT('',(0.572539104774,0.199130604948));
#2393 = CARTESIAN_POINT('',(0.567293487935,0.199130604948));
#2394 = CARTESIAN_POINT('',(0.559181244613,0.199130604948));
#2395 = CARTESIAN_POINT('',(0.556348918631,0.199130604948));
#2396 = CARTESIAN_POINT('',(0.553503403074,0.199130604948));
#2397 = CARTESIAN_POINT('',(0.550645154828,0.199130604948));
#2398 = CARTESIAN_POINT('',(0.547774719941,0.199130604948));
#2399 = CARTESIAN_POINT('',(0.544892746915,0.199130604948));
#2400 = CARTESIAN_POINT('',(0.536095755442,0.199130604948));
#2401 = CARTESIAN_POINT('',(0.530145740493,0.199130604948));
#2402 = CARTESIAN_POINT('',(0.524157689217,0.199130604948));
#2403 = CARTESIAN_POINT('',(0.518139631876,0.199130604948));
#2404 = CARTESIAN_POINT('',(0.512100273666,0.199130604948));
#2405 = CARTESIAN_POINT('',(0.506049641668,0.199130604948));
#2406 = CARTESIAN_POINT('',(0.493950358332,0.199130604948));
#2407 = CARTESIAN_POINT('',(0.487899726334,0.199130604948));
#2408 = CARTESIAN_POINT('',(0.481860368124,0.199130604948));
#2409 = CARTESIAN_POINT('',(0.475842310783,0.199130604948));
#2410 = CARTESIAN_POINT('',(0.469854259507,0.199130604948));
#2411 = CARTESIAN_POINT('',(0.463904244558,0.199130604948));
#2412 = CARTESIAN_POINT('',(0.455107253085,0.199130604948));
#2413 = CARTESIAN_POINT('',(0.452225280059,0.199130604948));
#2414 = CARTESIAN_POINT('',(0.449354845172,0.199130604948));
#2415 = CARTESIAN_POINT('',(0.446496596926,0.199130604948));
#2416 = CARTESIAN_POINT('',(0.443651081369,0.199130604948));
#2417 = CARTESIAN_POINT('',(0.440818755387,0.199130604948));
#2418 = CARTESIAN_POINT('',(0.432706512065,0.199130604948));
#2419 = CARTESIAN_POINT('',(0.427460895226,0.199130604948));
#2420 = CARTESIAN_POINT('',(0.422265544707,0.199130604948));
#2421 = CARTESIAN_POINT('',(0.417121724006,0.199130604948));
#2422 = CARTESIAN_POINT('',(0.412029850104,0.199130604948));
#2423 = CARTESIAN_POINT('',(0.40698962306,0.199130604948));
#2424 = CARTESIAN_POINT('',(0.39562361592,0.199130604948));
#2425 = CARTESIAN_POINT('',(0.389330405229,0.199130604948));
#2426 = CARTESIAN_POINT('',(0.383117736541,0.199130604948));
#2427 = CARTESIAN_POINT('',(0.376982476559,0.199130604948));
#2428 = CARTESIAN_POINT('',(0.370920881162,0.199130604948));
#2429 = CARTESIAN_POINT('',(0.364928486483,0.199130604948));
#2430 = CARTESIAN_POINT('',(0.35446955356,0.199130604948));
#2431 = CARTESIAN_POINT('',(0.349976700083,0.199130604948));
#2432 = CARTESIAN_POINT('',(0.345519217274,0.199130604948));
#2433 = CARTESIAN_POINT('',(0.341094959014,0.199130604948));
#2434 = CARTESIAN_POINT('',(0.336701797601,0.199130604948));
#2435 = CARTESIAN_POINT('',(0.332337565983,0.199130604948));
#2436 = CARTESIAN_POINT('',(0.324818219059,0.199130604948));
#2437 = CARTESIAN_POINT('',(0.321650821104,0.199130604948));
#2438 = CARTESIAN_POINT('',(0.318496952428,0.199130604948));
#2439 = CARTESIAN_POINT('',(0.315355767999,0.199130604948));
#2440 = CARTESIAN_POINT('',(0.312226431459,0.199130604948));
#2441 = CARTESIAN_POINT('',(0.309108115128,0.199130604948));
#2442 = CARTESIAN_POINT('',(0.297861335696,0.199130604948));
#2443 = CARTESIAN_POINT('',(0.289793373943,0.199130604948));
#2444 = CARTESIAN_POINT('',(0.281780078722,0.199130604948));
#2445 = CARTESIAN_POINT('',(0.27380751189,0.199130604948));
#2446 = CARTESIAN_POINT('',(0.265862517319,0.199130604948));
#2447 = CARTESIAN_POINT('',(0.257931599984,0.199130604948));
#2448 = CARTESIAN_POINT('',(0.242068400012,0.199130604948));
#2449 = CARTESIAN_POINT('',(0.234137482675,0.199130604948));
#2450 = CARTESIAN_POINT('',(0.226192488105,0.199130604948));
#2451 = CARTESIAN_POINT('',(0.218219921275,0.199130604948));
#2452 = CARTESIAN_POINT('',(0.210206626055,0.199130604948));
#2453 = CARTESIAN_POINT('',(0.202138664304,0.199130604948));
#2454 = CARTESIAN_POINT('',(0.190891884872,0.199130604948));
#2455 = CARTESIAN_POINT('',(0.187773568541,0.199130604948));
#2456 = CARTESIAN_POINT('',(0.184644232002,0.199130604948));
#2457 = CARTESIAN_POINT('',(0.181503047572,0.199130604948));
#2458 = CARTESIAN_POINT('',(0.178349178896,0.199130604948));
#2459 = CARTESIAN_POINT('',(0.175181780941,0.199130604948));
#2460 = CARTESIAN_POINT('',(0.167662434015,0.199130604948));
#2461 = CARTESIAN_POINT('',(0.163298202396,0.199130604948));
#2462 = CARTESIAN_POINT('',(0.158905040981,0.199130604948));
#2463 = CARTESIAN_POINT('',(0.154480782721,0.199130604948));
#2464 = CARTESIAN_POINT('',(0.150023299912,0.199130604948));
#2465 = CARTESIAN_POINT('',(0.145530446437,0.199130604948));
#2466 = CARTESIAN_POINT('',(0.135071513519,0.199130604948));
#2467 = CARTESIAN_POINT('',(0.129079118845,0.199130604948));
#2468 = CARTESIAN_POINT('',(0.123017523453,0.199130604948));
#2469 = CARTESIAN_POINT('',(0.116882263478,0.199130604948));
#2470 = CARTESIAN_POINT('',(0.110669594794,0.199130604948));
#2471 = CARTESIAN_POINT('',(0.104376384098,0.199130604948));
#2472 = CARTESIAN_POINT('',(9.301037697385E-02,0.199130604948));
#2473 = CARTESIAN_POINT('',(8.797014995668E-02,0.199130604948));
#2474 = CARTESIAN_POINT('',(8.287827607036E-02,0.199130604948));
#2475 = CARTESIAN_POINT('',(7.773445537114E-02,0.199130604948));
#2476 = CARTESIAN_POINT('',(7.253910483806E-02,0.199130604948));
#2477 = CARTESIAN_POINT('',(6.729348797125E-02,0.199130604948));
#2478 = CARTESIAN_POINT('',(5.342932775822E-02,0.199130604948));
#2479 = CARTESIAN_POINT('',(4.472886876913E-02,0.199130604948));
#2480 = CARTESIAN_POINT('',(3.591547350626E-02,0.199130604948));
#2481 = CARTESIAN_POINT('',(2.700815887937E-02,0.199130604948));
#2482 = CARTESIAN_POINT('',(1.803028624392E-02,0.199130604948));
#2483 = CARTESIAN_POINT('',(9.012080114827E-03,0.199130604948));
#2484 = CARTESIAN_POINT('',(0.,0.199130604948));
#2485 = ( GEOMETRIC_REPRESENTATION_CONTEXT(2) 
PARAMETRIC_REPRESENTATION_CONTEXT() REPRESENTATION_CONTEXT('2D SPACE',''
  ) );
#2486 = ORIENTED_EDGE('',*,*,#2487,.T.);
#2487 = EDGE_CURVE('',#2000,#1464,#2488,.T.);
#2488 = SURFACE_CURVE('',#2489,(#2648,#2810),.PCURVE_S1.);
#2489 = B_SPLINE_CURVE_WITH_KNOTS('',7,(#2490,#2491,#2492,#2493,#2494,
    #2495,#2496,#2497,#2498,#2499,#2500,#2501,#2502,#2503,#2504,#2505,
    #2506,#2507,#2508,#2509,#2510,#2511,#2512,#2513,#2514,#2515,#2516,
    #2517,#2518,#2519,#2520,#2521,#2522,#2523,#2524,#2525,#2526,#2527,
    #2528,#2529,#2530,#2531,#2532,#2533,#2534,#2535,#2536,#2537,#2538,
    #2539,#2540,#2541,#2542,#2543,#2544,#2545,#2546,#2547,#2548,#2549,
    #2550,#2551,#2552,#2553,#2554,#2555,#2556,#2557,#2558,#2559,#2560,
    #2561,#2562,#2563,#2564,#2565,#2566,#2567,#2568,#2569,#2570,#2571,
    #2572,#2573,#2574,#2575,#2576,#2577,#2578,#2579,#2580,#2581,#2582,
    #2583,#2584,#2585,#2586,#2587,#2588,#2589,#2590,#2591,#2592,#2593,
    #2594,#2595,#2596,#2597,#2598,#2599,#2600,#2601,#2602,#2603,#2604,
    #2605,#2606,#2607,#2608,#2609,#2610,#2611,#2612,#2613,#2614,#2615,
    #2616,#2617,#2618,#2619,#2620,#2621,#2622,#2623,#2624,#2625,#2626,
    #2627,#2628,#2629,#2630,#2631,#2632,#2633,#2634,#2635,#2636,#2637,
    #2638,#2639,#2640,#2641,#2642,#2643,#2644,#2645,#2646,#2647),
  .UNSPECIFIED.,.T.,.F.,(8,6,6,6,6,6,6,6,6,6,6,6,6,6,6,6,6,6,6,6,6,6,6,6
    ,6,6,8),(0.,5.421666727991E-02,8.770240421924E-02,0.130494799442,
    0.163196004903,0.187183668181,0.249995864914,0.312808061614,
    0.33679572488,0.369496930312,0.412289325484,0.445775062711,
    0.463606047379,0.500000000001,0.536393952624,0.554224937292,
    0.587710674518,0.630503069691,0.663204275122,0.687191938389,
    0.750004135089,0.812816331821,0.836803995099,0.86950520056,
    0.912297595783,0.945783332722,1.),.UNSPECIFIED.);
#2490 = CARTESIAN_POINT('',(39.45520755861,1.025048525597E-14,10.));
#2491 = CARTESIAN_POINT('',(39.45520771716,-1.697164866565,10.));
#2492 = CARTESIAN_POINT('',(39.307615321151,-3.395484371019,10.));
#2493 = CARTESIAN_POINT('',(39.012074904737,-5.077316517348,10.));
#2494 = CARTESIAN_POINT('',(38.57393378529,-6.728040434167,10.));
#2495 = CARTESIAN_POINT('',(38.001683776728,-8.335487353811,10.));
#2496 = CARTESIAN_POINT('',(37.306032792542,-9.889718493818,10.));
#2497 = CARTESIAN_POINT('',(36.000737204131,-12.3050156757,10.));
#2498 = CARTESIAN_POINT('',(35.459762105072,-13.20417221436,10.));
#2499 = CARTESIAN_POINT('',(34.87884933047,-14.07869305564,10.));
#2500 = CARTESIAN_POINT('',(34.260709824715,-14.92737934387,10.));
#2501 = CARTESIAN_POINT('',(33.608003741038,-15.74936709652,10.));
#2502 = CARTESIAN_POINT('',(32.923262693937,-16.54407127206,10.));
#2503 = CARTESIAN_POINT('',(31.295846726107,-18.29141169414,10.));
#2504 = CARTESIAN_POINT('',(30.334449090969,-19.22647535501,10.));
#2505 = CARTESIAN_POINT('',(29.329498931236,-20.1156887896,10.));
#2506 = CARTESIAN_POINT('',(28.285517331942,-20.95880965497,10.));
#2507 = CARTESIAN_POINT('',(27.20662419768,-21.75592075287,10.));
#2508 = CARTESIAN_POINT('',(26.096473252517,-22.50734974643,10.));
#2509 = CARTESIAN_POINT('',(24.088328980085,-23.75328420474,10.));
#2510 = CARTESIAN_POINT('',(23.202095342838,-24.26655682623,10.));
#2511 = CARTESIAN_POINT('',(22.300914198901,-24.75361179588,10.));
#2512 = CARTESIAN_POINT('',(21.386113538469,-25.21467102689,10.));
#2513 = CARTESIAN_POINT('',(20.458918804175,-25.64996829091,10.));
#2514 = CARTESIAN_POINT('',(19.520450424067,-26.0597442177,10.));
#2515 = CARTESIAN_POINT('',(17.875789320198,-26.72628574675,10.));
#2516 = CARTESIAN_POINT('',(17.174345424529,-26.99472394227,10.));
#2517 = CARTESIAN_POINT('',(16.467794924583,-27.24964963197,10.));
#2518 = CARTESIAN_POINT('',(15.756523825724,-27.49115230391,10.));
#2519 = CARTESIAN_POINT('',(15.040898871671,-27.71931718362,10.));
#2520 = CARTESIAN_POINT('',(14.321267544501,-27.93422523409,10.));
#2521 = CARTESIAN_POINT('',(11.703958189441,-28.66418125154,10.));
#2522 = CARTESIAN_POINT('',(9.784930695906,-29.1019836113,10.));
#2523 = CARTESIAN_POINT('',(7.846518281088,-29.45082907065,10.));
#2524 = CARTESIAN_POINT('',(5.894013879583,-29.71172744211,10.));
#2525 = CARTESIAN_POINT('',(3.932385418154,-29.88539058228,10.));
#2526 = CARTESIAN_POINT('',(1.966278925508,-29.97223648455,10.));
#2527 = CARTESIAN_POINT('',(-1.966278930037,-29.97223648574,10.));
#2528 = CARTESIAN_POINT('',(-3.932385421849,-29.88539058473,10.));
#2529 = CARTESIAN_POINT('',(-5.894013882438,-29.71172744527,10.));
#2530 = CARTESIAN_POINT('',(-7.846518282954,-29.4508290733,10.));
#2531 = CARTESIAN_POINT('',(-9.784930696534,-29.10198361208,10.));
#2532 = CARTESIAN_POINT('',(-11.70395818855,-28.66418124963,10.));
#2533 = CARTESIAN_POINT('',(-14.32126754124,-27.93422522875,10.));
#2534 = CARTESIAN_POINT('',(-15.04089886776,-27.71931717734,10.));
#2535 = CARTESIAN_POINT('',(-15.75652382117,-27.49115229677,10.));
#2536 = CARTESIAN_POINT('',(-16.4677949194,-27.24964962411,10.));
#2537 = CARTESIAN_POINT('',(-17.17434541878,-26.99472393389,10.));
#2538 = CARTESIAN_POINT('',(-17.87578931395,-26.72628573809,10.));
#2539 = CARTESIAN_POINT('',(-19.52045041652,-26.05974420928,10.));
#2540 = CARTESIAN_POINT('',(-20.45891879591,-25.64996828328,10.));
#2541 = CARTESIAN_POINT('',(-21.38611352981,-25.21467102074,10.));
#2542 = CARTESIAN_POINT('',(-22.30091419028,-24.75361179198,10.));
#2543 = CARTESIAN_POINT('',(-23.20209533474,-24.26655682536,10.));
#2544 = CARTESIAN_POINT('',(-24.08832897302,-23.7532842076,10.));
#2545 = CARTESIAN_POINT('',(-26.09647324869,-22.50734975925,10.));
#2546 = CARTESIAN_POINT('',(-27.2066241963,-21.75592077228,10.));
#2547 = CARTESIAN_POINT('',(-28.28551733382,-20.95880968148,10.));
#2548 = CARTESIAN_POINT('',(-29.32949893668,-20.11568882291,10.));
#2549 = CARTESIAN_POINT('',(-30.33444909947,-19.22647539393,10.));
#2550 = CARTESIAN_POINT('',(-31.29584673619,-18.29141173673,10.));
#2551 = CARTESIAN_POINT('',(-32.92326270964,-16.54407130973,10.));
#2552 = CARTESIAN_POINT('',(-33.60800376119,-15.74936712588,10.));
#2553 = CARTESIAN_POINT('',(-34.26070984685,-14.92737936301,10.));
#2554 = CARTESIAN_POINT('',(-34.87884935178,-14.07869306281,10.));
#2555 = CARTESIAN_POINT('',(-35.45976212292,-13.20417220823,10.));
#2556 = CARTESIAN_POINT('',(-36.0007372166,-12.30501565566,10.));
#2557 = CARTESIAN_POINT('',(-36.76449597492,-10.89176898391,10.));
#2558 = CARTESIAN_POINT('',(-37.01779936232,-10.39417953204,10.));
#2559 = CARTESIAN_POINT('',(-37.25862056223,-9.890306045189,10.));
#2560 = CARTESIAN_POINT('',(-37.48656213407,-9.380424612494,10.));
#2561 = CARTESIAN_POINT('',(-37.70123761091,-8.864844308863,10.));
#2562 = CARTESIAN_POINT('',(-37.90227710817,-8.343909685553,10.));
#2563 = CARTESIAN_POINT('',(-38.47112339491,-6.744601369381,10.));
#2564 = CARTESIAN_POINT('',(-38.79471845025,-5.650325338232,10.));
#2565 = CARTESIAN_POINT('',(-39.05704997453,-4.538645465796,10.));
#2566 = CARTESIAN_POINT('',(-39.25564684362,-3.413386416593,10.));
#2567 = CARTESIAN_POINT('',(-39.38869967503,-2.27873739173,10.));
#2568 = CARTESIAN_POINT('',(-39.45520766968,-1.139275167206,10.));
#2569 = CARTESIAN_POINT('',(-39.45520766968,1.139275167206,10.));
#2570 = CARTESIAN_POINT('',(-39.38869967503,2.278737391731,10.));
#2571 = CARTESIAN_POINT('',(-39.25564684362,3.413386416593,10.));
#2572 = CARTESIAN_POINT('',(-39.05704997453,4.538645465796,10.));
#2573 = CARTESIAN_POINT('',(-38.79471845025,5.650325338233,10.));
#2574 = CARTESIAN_POINT('',(-38.47112339491,6.74460136938,10.));
#2575 = CARTESIAN_POINT('',(-37.90227710817,8.343909685553,10.));
#2576 = CARTESIAN_POINT('',(-37.70123761091,8.864844308863,10.));
#2577 = CARTESIAN_POINT('',(-37.48656213407,9.380424612494,10.));
#2578 = CARTESIAN_POINT('',(-37.25862056223,9.890306045189,10.));
#2579 = CARTESIAN_POINT('',(-37.01779936232,10.394179532047,10.));
#2580 = CARTESIAN_POINT('',(-36.76449597492,10.891768983919,10.));
#2581 = CARTESIAN_POINT('',(-36.0007372166,12.305015655664,10.));
#2582 = CARTESIAN_POINT('',(-35.45976212292,13.204172208236,10.));
#2583 = CARTESIAN_POINT('',(-34.87884935178,14.078693062811,10.));
#2584 = CARTESIAN_POINT('',(-34.26070984685,14.927379363017,10.));
#2585 = CARTESIAN_POINT('',(-33.60800376119,15.749367125885,10.));
#2586 = CARTESIAN_POINT('',(-32.92326270964,16.544071309735,10.));
#2587 = CARTESIAN_POINT('',(-31.29584673619,18.291411736739,10.));
#2588 = CARTESIAN_POINT('',(-30.33444909947,19.226475393936,10.));
#2589 = CARTESIAN_POINT('',(-29.32949893668,20.11568882291,10.));
#2590 = CARTESIAN_POINT('',(-28.28551733382,20.95880968148,10.));
#2591 = CARTESIAN_POINT('',(-27.2066241963,21.755920772284,10.));
#2592 = CARTESIAN_POINT('',(-26.09647324869,22.507349759252,10.));
#2593 = CARTESIAN_POINT('',(-24.08832897302,23.753284207607,10.));
#2594 = CARTESIAN_POINT('',(-23.20209533473,24.266556825365,10.));
#2595 = CARTESIAN_POINT('',(-22.30091419028,24.75361179198,10.));
#2596 = CARTESIAN_POINT('',(-21.38611352981,25.21467102074,10.));
#2597 = CARTESIAN_POINT('',(-20.45891879591,25.649968283281,10.));
#2598 = CARTESIAN_POINT('',(-19.52045041652,26.05974420928,10.));
#2599 = CARTESIAN_POINT('',(-17.87578931395,26.726285738099,10.));
#2600 = CARTESIAN_POINT('',(-17.17434541878,26.994723933899,10.));
#2601 = CARTESIAN_POINT('',(-16.4677949194,27.249649624119,10.));
#2602 = CARTESIAN_POINT('',(-15.75652382117,27.491152296777,10.));
#2603 = CARTESIAN_POINT('',(-15.04089886776,27.719317177346,10.));
#2604 = CARTESIAN_POINT('',(-14.32126754124,27.93422522875,10.));
#2605 = CARTESIAN_POINT('',(-11.70395818855,28.664181249639,10.));
#2606 = CARTESIAN_POINT('',(-9.784930696531,29.101983612085,10.));
#2607 = CARTESIAN_POINT('',(-7.846518282956,29.45082907331,10.));
#2608 = CARTESIAN_POINT('',(-5.89401388244,29.711727445281,10.));
#2609 = CARTESIAN_POINT('',(-3.932385421846,29.885390584732,10.));
#2610 = CARTESIAN_POINT('',(-1.966278930038,29.972236485742,10.));
#2611 = CARTESIAN_POINT('',(1.966278925508,29.972236484557,10.));
#2612 = CARTESIAN_POINT('',(3.932385418155,29.885390582285,10.));
#2613 = CARTESIAN_POINT('',(5.894013879583,29.71172744212,10.));
#2614 = CARTESIAN_POINT('',(7.846518281088,29.450829070657,10.));
#2615 = CARTESIAN_POINT('',(9.784930695906,29.101983611305,10.));
#2616 = CARTESIAN_POINT('',(11.70395818944,28.66418125155,10.));
#2617 = CARTESIAN_POINT('',(14.321267544501,27.934225234095,10.));
#2618 = CARTESIAN_POINT('',(15.040898871671,27.719317183625,10.));
#2619 = CARTESIAN_POINT('',(15.756523825724,27.491152303912,10.));
#2620 = CARTESIAN_POINT('',(16.467794924583,27.249649631973,10.));
#2621 = CARTESIAN_POINT('',(17.17434542453,26.994723942278,10.));
#2622 = CARTESIAN_POINT('',(17.875789320198,26.726285746756,10.));
#2623 = CARTESIAN_POINT('',(19.520450424066,26.059744217706,10.));
#2624 = CARTESIAN_POINT('',(20.458918804176,25.649968290919,10.));
#2625 = CARTESIAN_POINT('',(21.38611353847,25.214671026898,10.));
#2626 = CARTESIAN_POINT('',(22.300914198901,24.753611795887,10.));
#2627 = CARTESIAN_POINT('',(23.202095342837,24.266556826237,10.));
#2628 = CARTESIAN_POINT('',(24.088328980086,23.75328420474,10.));
#2629 = CARTESIAN_POINT('',(26.096473252517,22.507349746438,10.));
#2630 = CARTESIAN_POINT('',(27.206624197681,21.755920752873,10.));
#2631 = CARTESIAN_POINT('',(28.285517331943,20.958809654977,10.));
#2632 = CARTESIAN_POINT('',(29.329498931235,20.115688789604,10.));
#2633 = CARTESIAN_POINT('',(30.334449090969,19.226475355016,10.));
#2634 = CARTESIAN_POINT('',(31.295846726108,18.291411694143,10.));
#2635 = CARTESIAN_POINT('',(32.923262693938,16.544071272062,10.));
#2636 = CARTESIAN_POINT('',(33.608003741036,15.749367096524,10.));
#2637 = CARTESIAN_POINT('',(34.260709824715,14.927379343879,10.));
#2638 = CARTESIAN_POINT('',(34.878849330471,14.078693055643,10.));
#2639 = CARTESIAN_POINT('',(35.459762105072,13.204172214366,10.));
#2640 = CARTESIAN_POINT('',(36.000737204131,12.305015675708,10.));
#2641 = CARTESIAN_POINT('',(37.306032792548,9.889718493819,10.));
#2642 = CARTESIAN_POINT('',(38.001683776703,8.335487353809,10.));
#2643 = CARTESIAN_POINT('',(38.573933785335,6.728040434171,10.));
#2644 = CARTESIAN_POINT('',(39.012074904692,5.077316517343,10.));
#2645 = CARTESIAN_POINT('',(39.307615321177,3.395484371023,10.));
#2646 = CARTESIAN_POINT('',(39.455207717153,1.697164866564,10.));
#2647 = CARTESIAN_POINT('',(39.45520755861,-1.461851049564E-14,10.));
#2648 = PCURVE('',#461,#2649);
#2649 = DEFINITIONAL_REPRESENTATION('',(#2650),#2809);
#2650 = B_SPLINE_CURVE_WITH_KNOTS('',7,(#2651,#2652,#2653,#2654,#2655,
    #2656,#2657,#2658,#2659,#2660,#2661,#2662,#2663,#2664,#2665,#2666,
    #2667,#2668,#2669,#2670,#2671,#2672,#2673,#2674,#2675,#2676,#2677,
    #2678,#2679,#2680,#2681,#2682,#2683,#2684,#2685,#2686,#2687,#2688,
    #2689,#2690,#2691,#2692,#2693,#2694,#2695,#2696,#2697,#2698,#2699,
    #2700,#2701,#2702,#2703,#2704,#2705,#2706,#2707,#2708,#2709,#2710,
    #2711,#2712,#2713,#2714,#2715,#2716,#2717,#2718,#2719,#2720,#2721,
    #2722,#2723,#2724,#2725,#2726,#2727,#2728,#2729,#2730,#2731,#2732,
    #2733,#2734,#2735,#2736,#2737,#2738,#2739,#2740,#2741,#2742,#2743,
    #2744,#2745,#2746,#2747,#2748,#2749,#2750,#2751,#2752,#2753,#2754,
    #2755,#2756,#2757,#2758,#2759,#2760,#2761,#2762,#2763,#2764,#2765,
    #2766,#2767,#2768,#2769,#2770,#2771,#2772,#2773,#2774,#2775,#2776,
    #2777,#2778,#2779,#2780,#2781,#2782,#2783,#2784,#2785,#2786,#2787,
    #2788,#2789,#2790,#2791,#2792,#2793,#2794,#2795,#2796,#2797,#2798,
    #2799,#2800,#2801,#2802,#2803,#2804,#2805,#2806,#2807,#2808),
  .UNSPECIFIED.,.F.,.F.,(8,6,6,6,6,6,6,6,6,6,6,6,6,6,6,6,6,6,6,6,6,6,6,6
    ,6,6,8),(0.,5.421666727991E-02,8.770240421924E-02,0.130494799442,
    0.163196004903,0.187183668181,0.249995864914,0.312808061614,
    0.33679572488,0.369496930312,0.412289325484,0.445775062711,
    0.463606047379,0.500000000001,0.536393952624,0.554224937292,
    0.587710674518,0.630503069691,0.663204275122,0.687191938389,
    0.750004135089,0.812816331821,0.836803995099,0.86950520056,
    0.912297595783,0.945783332722,1.),.UNSPECIFIED.);
#2651 = CARTESIAN_POINT('',(38.172278139192,1.06581410364E-14));
#2652 = CARTESIAN_POINT('',(38.172278297743,-1.697164866565));
#2653 = CARTESIAN_POINT('',(38.024685901734,-3.395484371019));
#2654 = CARTESIAN_POINT('',(37.729145485319,-5.077316517348));
#2655 = CARTESIAN_POINT('',(37.291004365873,-6.728040434167));
#2656 = CARTESIAN_POINT('',(36.718754357311,-8.335487353811));
#2657 = CARTESIAN_POINT('',(36.023103373125,-9.889718493818));
#2658 = CARTESIAN_POINT('',(34.717807784714,-12.3050156757));
#2659 = CARTESIAN_POINT('',(34.176832685655,-13.20417221436));
#2660 = CARTESIAN_POINT('',(33.595919911053,-14.07869305564));
#2661 = CARTESIAN_POINT('',(32.977780405298,-14.92737934387));
#2662 = CARTESIAN_POINT('',(32.32507432162,-15.74936709652));
#2663 = CARTESIAN_POINT('',(31.64033327452,-16.54407127206));
#2664 = CARTESIAN_POINT('',(30.012917306689,-18.29141169414));
#2665 = CARTESIAN_POINT('',(29.051519671552,-19.22647535501));
#2666 = CARTESIAN_POINT('',(28.046569511819,-20.1156887896));
#2667 = CARTESIAN_POINT('',(27.002587912525,-20.95880965497));
#2668 = CARTESIAN_POINT('',(25.923694778263,-21.75592075287));
#2669 = CARTESIAN_POINT('',(24.813543833099,-22.50734974643));
#2670 = CARTESIAN_POINT('',(22.805399560668,-23.75328420474));
#2671 = CARTESIAN_POINT('',(21.919165923421,-24.26655682623));
#2672 = CARTESIAN_POINT('',(21.017984779484,-24.75361179588));
#2673 = CARTESIAN_POINT('',(20.103184119051,-25.21467102689));
#2674 = CARTESIAN_POINT('',(19.175989384757,-25.64996829091));
#2675 = CARTESIAN_POINT('',(18.23752100465,-26.0597442177));
#2676 = CARTESIAN_POINT('',(16.59285990078,-26.72628574675));
#2677 = CARTESIAN_POINT('',(15.891416005112,-26.99472394227));
#2678 = CARTESIAN_POINT('',(15.184865505166,-27.24964963197));
#2679 = CARTESIAN_POINT('',(14.473594406306,-27.49115230391));
#2680 = CARTESIAN_POINT('',(13.757969452254,-27.71931718362));
#2681 = CARTESIAN_POINT('',(13.038338125084,-27.93422523409));
#2682 = CARTESIAN_POINT('',(10.421028770023,-28.66418125154));
#2683 = CARTESIAN_POINT('',(8.502001276488,-29.1019836113));
#2684 = CARTESIAN_POINT('',(6.563588861671,-29.45082907065));
#2685 = CARTESIAN_POINT('',(4.611084460166,-29.71172744211));
#2686 = CARTESIAN_POINT('',(2.649455998737,-29.88539058228));
#2687 = CARTESIAN_POINT('',(0.68334950609,-29.97223648455));
#2688 = CARTESIAN_POINT('',(-3.249208349454,-29.97223648574));
#2689 = CARTESIAN_POINT('',(-5.215314841267,-29.88539058473));
#2690 = CARTESIAN_POINT('',(-7.176943301856,-29.71172744527));
#2691 = CARTESIAN_POINT('',(-9.129447702371,-29.4508290733));
#2692 = CARTESIAN_POINT('',(-11.06786011595,-29.10198361208));
#2693 = CARTESIAN_POINT('',(-12.98688760796,-28.66418124963));
#2694 = CARTESIAN_POINT('',(-15.60419696066,-27.93422522875));
#2695 = CARTESIAN_POINT('',(-16.32382828718,-27.71931717734));
#2696 = CARTESIAN_POINT('',(-17.03945324058,-27.49115229677));
#2697 = CARTESIAN_POINT('',(-17.75072433882,-27.24964962411));
#2698 = CARTESIAN_POINT('',(-18.45727483819,-26.99472393389));
#2699 = CARTESIAN_POINT('',(-19.15871873337,-26.72628573809));
#2700 = CARTESIAN_POINT('',(-20.80337983593,-26.05974420928));
#2701 = CARTESIAN_POINT('',(-21.74184821533,-25.64996828328));
#2702 = CARTESIAN_POINT('',(-22.66904294923,-25.21467102074));
#2703 = CARTESIAN_POINT('',(-23.5838436097,-24.75361179198));
#2704 = CARTESIAN_POINT('',(-24.48502475415,-24.26655682536));
#2705 = CARTESIAN_POINT('',(-25.37125839244,-23.7532842076));
#2706 = CARTESIAN_POINT('',(-27.37940266811,-22.50734975925));
#2707 = CARTESIAN_POINT('',(-28.48955361572,-21.75592077228));
#2708 = CARTESIAN_POINT('',(-29.56844675323,-20.95880968148));
#2709 = CARTESIAN_POINT('',(-30.6124283561,-20.11568882291));
#2710 = CARTESIAN_POINT('',(-31.61737851889,-19.22647539393));
#2711 = CARTESIAN_POINT('',(-32.57877615561,-18.29141173673));
#2712 = CARTESIAN_POINT('',(-34.20619212906,-16.54407130973));
#2713 = CARTESIAN_POINT('',(-34.8909331806,-15.74936712588));
#2714 = CARTESIAN_POINT('',(-35.54363926627,-14.92737936301));
#2715 = CARTESIAN_POINT('',(-36.1617787712,-14.07869306281));
#2716 = CARTESIAN_POINT('',(-36.74269154234,-13.20417220823));
#2717 = CARTESIAN_POINT('',(-37.28366663601,-12.30501565566));
#2718 = CARTESIAN_POINT('',(-38.04742539434,-10.89176898391));
#2719 = CARTESIAN_POINT('',(-38.30072878174,-10.39417953204));
#2720 = CARTESIAN_POINT('',(-38.54154998164,-9.890306045189));
#2721 = CARTESIAN_POINT('',(-38.76949155348,-9.380424612494));
#2722 = CARTESIAN_POINT('',(-38.98416703033,-8.864844308863));
#2723 = CARTESIAN_POINT('',(-39.18520652758,-8.343909685553));
#2724 = CARTESIAN_POINT('',(-39.75405281432,-6.744601369381));
#2725 = CARTESIAN_POINT('',(-40.07764786967,-5.650325338232));
#2726 = CARTESIAN_POINT('',(-40.33997939395,-4.538645465796));
#2727 = CARTESIAN_POINT('',(-40.53857626304,-3.413386416593));
#2728 = CARTESIAN_POINT('',(-40.67162909445,-2.27873739173));
#2729 = CARTESIAN_POINT('',(-40.73813708909,-1.139275167206));
#2730 = CARTESIAN_POINT('',(-40.73813708909,1.139275167206));
#2731 = CARTESIAN_POINT('',(-40.67162909445,2.278737391731));
#2732 = CARTESIAN_POINT('',(-40.53857626304,3.413386416593));
#2733 = CARTESIAN_POINT('',(-40.33997939395,4.538645465796));
#2734 = CARTESIAN_POINT('',(-40.07764786967,5.650325338233));
#2735 = CARTESIAN_POINT('',(-39.75405281432,6.74460136938));
#2736 = CARTESIAN_POINT('',(-39.18520652758,8.343909685553));
#2737 = CARTESIAN_POINT('',(-38.98416703033,8.864844308863));
#2738 = CARTESIAN_POINT('',(-38.76949155348,9.380424612494));
#2739 = CARTESIAN_POINT('',(-38.54154998164,9.890306045189));
#2740 = CARTESIAN_POINT('',(-38.30072878174,10.394179532047));
#2741 = CARTESIAN_POINT('',(-38.04742539434,10.891768983919));
#2742 = CARTESIAN_POINT('',(-37.28366663601,12.305015655664));
#2743 = CARTESIAN_POINT('',(-36.74269154234,13.204172208236));
#2744 = CARTESIAN_POINT('',(-36.1617787712,14.078693062811));
#2745 = CARTESIAN_POINT('',(-35.54363926627,14.927379363017));
#2746 = CARTESIAN_POINT('',(-34.8909331806,15.749367125885));
#2747 = CARTESIAN_POINT('',(-34.20619212906,16.544071309735));
#2748 = CARTESIAN_POINT('',(-32.57877615561,18.291411736739));
#2749 = CARTESIAN_POINT('',(-31.61737851889,19.226475393936));
#2750 = CARTESIAN_POINT('',(-30.6124283561,20.11568882291));
#2751 = CARTESIAN_POINT('',(-29.56844675323,20.95880968148));
#2752 = CARTESIAN_POINT('',(-28.48955361572,21.755920772284));
#2753 = CARTESIAN_POINT('',(-27.37940266811,22.507349759252));
#2754 = CARTESIAN_POINT('',(-25.37125839244,23.753284207607));
#2755 = CARTESIAN_POINT('',(-24.48502475415,24.266556825365));
#2756 = CARTESIAN_POINT('',(-23.5838436097,24.75361179198));
#2757 = CARTESIAN_POINT('',(-22.66904294923,25.21467102074));
#2758 = CARTESIAN_POINT('',(-21.74184821533,25.649968283281));
#2759 = CARTESIAN_POINT('',(-20.80337983593,26.05974420928));
#2760 = CARTESIAN_POINT('',(-19.15871873337,26.726285738099));
#2761 = CARTESIAN_POINT('',(-18.45727483819,26.994723933899));
#2762 = CARTESIAN_POINT('',(-17.75072433882,27.249649624119));
#2763 = CARTESIAN_POINT('',(-17.03945324058,27.491152296777));
#2764 = CARTESIAN_POINT('',(-16.32382828718,27.719317177346));
#2765 = CARTESIAN_POINT('',(-15.60419696066,27.93422522875));
#2766 = CARTESIAN_POINT('',(-12.98688760797,28.664181249639));
#2767 = CARTESIAN_POINT('',(-11.06786011594,29.101983612085));
#2768 = CARTESIAN_POINT('',(-9.129447702373,29.45082907331));
#2769 = CARTESIAN_POINT('',(-7.176943301857,29.711727445281));
#2770 = CARTESIAN_POINT('',(-5.215314841263,29.885390584732));
#2771 = CARTESIAN_POINT('',(-3.249208349455,29.972236485742));
#2772 = CARTESIAN_POINT('',(0.68334950609,29.972236484557));
#2773 = CARTESIAN_POINT('',(2.649455998737,29.885390582285));
#2774 = CARTESIAN_POINT('',(4.611084460166,29.71172744212));
#2775 = CARTESIAN_POINT('',(6.563588861671,29.450829070657));
#2776 = CARTESIAN_POINT('',(8.502001276489,29.101983611305));
#2777 = CARTESIAN_POINT('',(10.421028770023,28.66418125155));
#2778 = CARTESIAN_POINT('',(13.038338125084,27.934225234095));
#2779 = CARTESIAN_POINT('',(13.757969452254,27.719317183625));
#2780 = CARTESIAN_POINT('',(14.473594406306,27.491152303912));
#2781 = CARTESIAN_POINT('',(15.184865505166,27.249649631973));
#2782 = CARTESIAN_POINT('',(15.891416005112,26.994723942278));
#2783 = CARTESIAN_POINT('',(16.592859900781,26.726285746756));
#2784 = CARTESIAN_POINT('',(18.237521004649,26.059744217706));
#2785 = CARTESIAN_POINT('',(19.175989384758,25.649968290919));
#2786 = CARTESIAN_POINT('',(20.103184119052,25.214671026898));
#2787 = CARTESIAN_POINT('',(21.017984779484,24.753611795887));
#2788 = CARTESIAN_POINT('',(21.91916592342,24.266556826237));
#2789 = CARTESIAN_POINT('',(22.805399560669,23.75328420474));
#2790 = CARTESIAN_POINT('',(24.813543833099,22.507349746438));
#2791 = CARTESIAN_POINT('',(25.923694778263,21.755920752873));
#2792 = CARTESIAN_POINT('',(27.002587912526,20.958809654977));
#2793 = CARTESIAN_POINT('',(28.046569511818,20.115688789604));
#2794 = CARTESIAN_POINT('',(29.051519671552,19.226475355016));
#2795 = CARTESIAN_POINT('',(30.01291730669,18.291411694143));
#2796 = CARTESIAN_POINT('',(31.64033327452,16.544071272062));
#2797 = CARTESIAN_POINT('',(32.325074321619,15.749367096524));
#2798 = CARTESIAN_POINT('',(32.977780405298,14.927379343879));
#2799 = CARTESIAN_POINT('',(33.595919911054,14.078693055643));
#2800 = CARTESIAN_POINT('',(34.176832685655,13.204172214366));
#2801 = CARTESIAN_POINT('',(34.717807784714,12.305015675708));
#2802 = CARTESIAN_POINT('',(36.023103373131,9.889718493819));
#2803 = CARTESIAN_POINT('',(36.718754357286,8.335487353809));
#2804 = CARTESIAN_POINT('',(37.291004365917,6.728040434171));
#2805 = CARTESIAN_POINT('',(37.729145485275,5.077316517343));
#2806 = CARTESIAN_POINT('',(38.02468590176,3.395484371023));
#2807 = CARTESIAN_POINT('',(38.172278297736,1.697164866564));
#2808 = CARTESIAN_POINT('',(38.172278139192,-1.42108547152E-14));
#2809 = ( GEOMETRIC_REPRESENTATION_CONTEXT(2) 
PARAMETRIC_REPRESENTATION_CONTEXT() REPRESENTATION_CONTEXT('2D SPACE',''
  ) );
#2810 = PCURVE('',#557,#2811);
#2811 = DEFINITIONAL_REPRESENTATION('',(#2812),#2971);
#2812 = B_SPLINE_CURVE_WITH_KNOTS('',7,(#2813,#2814,#2815,#2816,#2817,
    #2818,#2819,#2820,#2821,#2822,#2823,#2824,#2825,#2826,#2827,#2828,
    #2829,#2830,#2831,#2832,#2833,#2834,#2835,#2836,#2837,#2838,#2839,
    #2840,#2841,#2842,#2843,#2844,#2845,#2846,#2847,#2848,#2849,#2850,
    #2851,#2852,#2853,#2854,#2855,#2856,#2857,#2858,#2859,#2860,#2861,
    #2862,#2863,#2864,#2865,#2866,#2867,#2868,#2869,#2870,#2871,#2872,
    #2873,#2874,#2875,#2876,#2877,#2878,#2879,#2880,#2881,#2882,#2883,
    #2884,#2885,#2886,#2887,#2888,#2889,#2890,#2891,#2892,#2893,#2894,
    #2895,#2896,#2897,#2898,#2899,#2900,#2901,#2902,#2903,#2904,#2905,
    #2906,#2907,#2908,#2909,#2910,#2911,#2912,#2913,#2914,#2915,#2916,
    #2917,#2918,#2919,#2920,#2921,#2922,#2923,#2924,#2925,#2926,#2927,
    #2928,#2929,#2930,#2931,#2932,#2933,#2934,#2935,#2936,#2937,#2938,
    #2939,#2940,#2941,#2942,#2943,#2944,#2945,#2946,#2947,#2948,#2949,
    #2950,#2951,#2952,#2953,#2954,#2955,#2956,#2957,#2958,#2959,#2960,
    #2961,#2962,#2963,#2964,#2965,#2966,#2967,#2968,#2969,#2970),
  .UNSPECIFIED.,.F.,.F.,(8,6,6,6,6,6,6,6,6,6,6,6,6,6,6,6,6,6,6,6,6,6,6,6
    ,6,6,8),(0.,5.421666727991E-02,8.770240421924E-02,0.130494799442,
    0.163196004903,0.187183668181,0.249995864914,0.312808061614,
    0.33679572488,0.369496930312,0.412289325484,0.445775062711,
    0.463606047379,0.500000000001,0.536393952624,0.554224937292,
    0.587710674518,0.630503069691,0.663204275122,0.687191938389,
    0.750004135089,0.812816331821,0.836803995099,0.86950520056,
    0.912297595783,0.945783332722,1.),.UNSPECIFIED.);
#2813 = CARTESIAN_POINT('',(1.,0.199130604948));
#2814 = CARTESIAN_POINT('',(0.990987919885,0.199130604948));
#2815 = CARTESIAN_POINT('',(0.981969713757,0.199130604948));
#2816 = CARTESIAN_POINT('',(0.972991841119,0.199130604948));
#2817 = CARTESIAN_POINT('',(0.964084526495,0.199130604948));
#2818 = CARTESIAN_POINT('',(0.95527113123,0.199130604948));
#2819 = CARTESIAN_POINT('',(0.946570672242,0.199130604948));
#2820 = CARTESIAN_POINT('',(0.932706512029,0.199130604948));
#2821 = CARTESIAN_POINT('',(0.927460895162,0.199130604948));
#2822 = CARTESIAN_POINT('',(0.922265544629,0.199130604948));
#2823 = CARTESIAN_POINT('',(0.91712172393,0.199130604948));
#2824 = CARTESIAN_POINT('',(0.912029850043,0.199130604948));
#2825 = CARTESIAN_POINT('',(0.906989623026,0.199130604948));
#2826 = CARTESIAN_POINT('',(0.895623615902,0.199130604948));
#2827 = CARTESIAN_POINT('',(0.889330405206,0.199130604948));
#2828 = CARTESIAN_POINT('',(0.883117736522,0.199130604948));
#2829 = CARTESIAN_POINT('',(0.876982476547,0.199130604948));
#2830 = CARTESIAN_POINT('',(0.870920881155,0.199130604948));
#2831 = CARTESIAN_POINT('',(0.864928486481,0.199130604948));
#2832 = CARTESIAN_POINT('',(0.854469553563,0.199130604948));
#2833 = CARTESIAN_POINT('',(0.849976700088,0.199130604948));
#2834 = CARTESIAN_POINT('',(0.845519217279,0.199130604948));
#2835 = CARTESIAN_POINT('',(0.841094959019,0.199130604948));
#2836 = CARTESIAN_POINT('',(0.836701797604,0.199130604948));
#2837 = CARTESIAN_POINT('',(0.832337565985,0.199130604948));
#2838 = CARTESIAN_POINT('',(0.824818219059,0.199130604948));
#2839 = CARTESIAN_POINT('',(0.821650821104,0.199130604948));
#2840 = CARTESIAN_POINT('',(0.818496952428,0.199130604948));
#2841 = CARTESIAN_POINT('',(0.815355767998,0.199130604948));
#2842 = CARTESIAN_POINT('',(0.812226431459,0.199130604948));
#2843 = CARTESIAN_POINT('',(0.809108115128,0.199130604948));
#2844 = CARTESIAN_POINT('',(0.797861335696,0.199130604948));
#2845 = CARTESIAN_POINT('',(0.789793373945,0.199130604948));
#2846 = CARTESIAN_POINT('',(0.781780078725,0.199130604948));
#2847 = CARTESIAN_POINT('',(0.773807511895,0.199130604948));
#2848 = CARTESIAN_POINT('',(0.765862517325,0.199130604948));
#2849 = CARTESIAN_POINT('',(0.757931599988,0.199130604948));
#2850 = CARTESIAN_POINT('',(0.742068400016,0.199130604948));
#2851 = CARTESIAN_POINT('',(0.734137482681,0.199130604948));
#2852 = CARTESIAN_POINT('',(0.72619248811,0.199130604948));
#2853 = CARTESIAN_POINT('',(0.718219921278,0.199130604948));
#2854 = CARTESIAN_POINT('',(0.710206626057,0.199130604948));
#2855 = CARTESIAN_POINT('',(0.702138664304,0.199130604948));
#2856 = CARTESIAN_POINT('',(0.690891884872,0.199130604948));
#2857 = CARTESIAN_POINT('',(0.687773568541,0.199130604948));
#2858 = CARTESIAN_POINT('',(0.684644232001,0.199130604948));
#2859 = CARTESIAN_POINT('',(0.681503047572,0.199130604948));
#2860 = CARTESIAN_POINT('',(0.678349178896,0.199130604948));
#2861 = CARTESIAN_POINT('',(0.675181780941,0.199130604948));
#2862 = CARTESIAN_POINT('',(0.667662434017,0.199130604948));
#2863 = CARTESIAN_POINT('',(0.663298202399,0.199130604948));
#2864 = CARTESIAN_POINT('',(0.658905040986,0.199130604948));
#2865 = CARTESIAN_POINT('',(0.654480782726,0.199130604948));
#2866 = CARTESIAN_POINT('',(0.650023299917,0.199130604948));
#2867 = CARTESIAN_POINT('',(0.64553044644,0.199130604948));
#2868 = CARTESIAN_POINT('',(0.635071513517,0.199130604948));
#2869 = CARTESIAN_POINT('',(0.629079118838,0.199130604948));
#2870 = CARTESIAN_POINT('',(0.623017523441,0.199130604948));
#2871 = CARTESIAN_POINT('',(0.616882263459,0.199130604948));
#2872 = CARTESIAN_POINT('',(0.610669594771,0.199130604948));
#2873 = CARTESIAN_POINT('',(0.60437638408,0.199130604948));
#2874 = CARTESIAN_POINT('',(0.59301037694,0.199130604948));
#2875 = CARTESIAN_POINT('',(0.587970149896,0.199130604948));
#2876 = CARTESIAN_POINT('',(0.582878275994,0.199130604948));
#2877 = CARTESIAN_POINT('',(0.577734455293,0.199130604948));
#2878 = CARTESIAN_POINT('',(0.572539104774,0.199130604948));
#2879 = CARTESIAN_POINT('',(0.567293487935,0.199130604948));
#2880 = CARTESIAN_POINT('',(0.559181244613,0.199130604948));
#2881 = CARTESIAN_POINT('',(0.556348918631,0.199130604948));
#2882 = CARTESIAN_POINT('',(0.553503403074,0.199130604948));
#2883 = CARTESIAN_POINT('',(0.550645154828,0.199130604948));
#2884 = CARTESIAN_POINT('',(0.547774719941,0.199130604948));
#2885 = CARTESIAN_POINT('',(0.544892746915,0.199130604948));
#2886 = CARTESIAN_POINT('',(0.536095755442,0.199130604948));
#2887 = CARTESIAN_POINT('',(0.530145740493,0.199130604948));
#2888 = CARTESIAN_POINT('',(0.524157689217,0.199130604948));
#2889 = CARTESIAN_POINT('',(0.518139631876,0.199130604948));
#2890 = CARTESIAN_POINT('',(0.512100273666,0.199130604948));
#2891 = CARTESIAN_POINT('',(0.506049641668,0.199130604948));
#2892 = CARTESIAN_POINT('',(0.493950358332,0.199130604948));
#2893 = CARTESIAN_POINT('',(0.487899726334,0.199130604948));
#2894 = CARTESIAN_POINT('',(0.481860368124,0.199130604948));
#2895 = CARTESIAN_POINT('',(0.475842310783,0.199130604948));
#2896 = CARTESIAN_POINT('',(0.469854259507,0.199130604948));
#2897 = CARTESIAN_POINT('',(0.463904244558,0.199130604948));
#2898 = CARTESIAN_POINT('',(0.455107253085,0.199130604948));
#2899 = CARTESIAN_POINT('',(0.452225280059,0.199130604948));
#2900 = CARTESIAN_POINT('',(0.449354845172,0.199130604948));
#2901 = CARTESIAN_POINT('',(0.446496596926,0.199130604948));
#2902 = CARTESIAN_POINT('',(0.443651081369,0.199130604948));
#2903 = CARTESIAN_POINT('',(0.440818755387,0.199130604948));
#2904 = CARTESIAN_POINT('',(0.432706512065,0.199130604948));
#2905 = CARTESIAN_POINT('',(0.427460895226,0.199130604948));
#2906 = CARTESIAN_POINT('',(0.422265544707,0.199130604948));
#2907 = CARTESIAN_POINT('',(0.417121724006,0.199130604948));
#2908 = CARTESIAN_POINT('',(0.412029850104,0.199130604948));
#2909 = CARTESIAN_POINT('',(0.40698962306,0.199130604948));
#2910 = CARTESIAN_POINT('',(0.39562361592,0.199130604948));
#2911 = CARTESIAN_POINT('',(0.389330405229,0.199130604948));
#2912 = CARTESIAN_POINT('',(0.383117736541,0.199130604948));
#2913 = CARTESIAN_POINT('',(0.376982476559,0.199130604948));
#2914 = CARTESIAN_POINT('',(0.370920881162,0.199130604948));
#2915 = CARTESIAN_POINT('',(0.364928486483,0.199130604948));
#2916 = CARTESIAN_POINT('',(0.35446955356,0.199130604948));
#2917 = CARTESIAN_POINT('',(0.349976700083,0.199130604948));
#2918 = CARTESIAN_POINT('',(0.345519217274,0.199130604948));
#2919 = CARTESIAN_POINT('',(0.341094959014,0.199130604948));
#2920 = CARTESIAN_POINT('',(0.336701797601,0.199130604948));
#2921 = CARTESIAN_POINT('',(0.332337565983,0.199130604948));
#2922 = CARTESIAN_POINT('',(0.324818219059,0.199130604948));
#2923 = CARTESIAN_POINT('',(0.321650821104,0.199130604948));
#2924 = CARTESIAN_POINT('',(0.318496952428,0.199130604948));
#2925 = CARTESIAN_POINT('',(0.315355767999,0.199130604948));
#2926 = CARTESIAN_POINT('',(0.312226431459,0.199130604948));
#2927 = CARTESIAN_POINT('',(0.309108115128,0.199130604948));
#2928 = CARTESIAN_POINT('',(0.297861335696,0.199130604948));
#2929 = CARTESIAN_POINT('',(0.289793373943,0.199130604948));
#2930 = CARTESIAN_POINT('',(0.281780078722,0.199130604948));
#2931 = CARTESIAN_POINT('',(0.27380751189,0.199130604948));
#2932 = CARTESIAN_POINT('',(0.265862517319,0.199130604948));
#2933 = CARTESIAN_POINT('',(0.257931599984,0.199130604948));
#2934 = CARTESIAN_POINT('',(0.242068400012,0.199130604948));
#2935 = CARTESIAN_POINT('',(0.234137482675,0.199130604948));
#2936 = CARTESIAN_POINT('',(0.226192488105,0.199130604948));
#2937 = CARTESIAN_POINT('',(0.218219921275,0.199130604948));
#2938 = CARTESIAN_POINT('',(0.210206626055,0.199130604948));
#2939 = CARTESIAN_POINT('',(0.202138664304,0.199130604948));
#2940 = CARTESIAN_POINT('',(0.190891884872,0.199130604948));
#2941 = CARTESIAN_POINT('',(0.187773568541,0.199130604948));
#2942 = CARTESIAN_POINT('',(0.184644232002,0.199130604948));
#2943 = CARTESIAN_POINT('',(0.181503047572,0.199130604948));
#2944 = CARTESIAN_POINT('',(0.178349178896,0.199130604948));
#2945 = CARTESIAN_POINT('',(0.175181780941,0.199130604948));
#2946 = CARTESIAN_POINT('',(0.167662434015,0.199130604948));
#2947 = CARTESIAN_POINT('',(0.163298202396,0.199130604948));
#2948 = CARTESIAN_POINT('',(0.158905040981,0.199130604948));
#2949 = CARTESIAN_POINT('',(0.154480782721,0.199130604948));
#2950 = CARTESIAN_POINT('',(0.150023299912,0.199130604948));
#2951 = CARTESIAN_POINT('',(0.145530446437,0.199130604948));
#2952 = CARTESIAN_POINT('',(0.135071513519,0.199130604948));
#2953 = CARTESIAN_POINT('',(0.129079118845,0.199130604948));
#2954 = CARTESIAN_POINT('',(0.123017523453,0.199130604948));
#2955 = CARTESIAN_POINT('',(0.116882263478,0.199130604948));
#2956 = CARTESIAN_POINT('',(0.110669594794,0.199130604948));
#2957 = CARTESIAN_POINT('',(0.104376384098,0.199130604948));
#2958 = CARTESIAN_POINT('',(9.301037697385E-02,0.199130604948));
#2959 = CARTESIAN_POINT('',(8.797014995668E-02,0.199130604948));
#2960 = CARTESIAN_POINT('',(8.287827607036E-02,0.199130604948));
#2961 = CARTESIAN_POINT('',(7.773445537114E-02,0.199130604948));
#2962 = CARTESIAN_POINT('',(7.253910483806E-02,0.199130604948));
#2963 = CARTESIAN_POINT('',(6.729348797125E-02,0.199130604948));
#2964 = CARTESIAN_POINT('',(5.342932775822E-02,0.199130604948));
#2965 = CARTESIAN_POINT('',(4.472886876913E-02,0.199130604948));
#2966 = CARTESIAN_POINT('',(3.591547350626E-02,0.199130604948));
#2967 = CARTESIAN_POINT('',(2.700815887937E-02,0.199130604948));
#2968 = CARTESIAN_POINT('',(1.803028624392E-02,0.199130604948));
#2969 = CARTESIAN_POINT('',(9.012080114827E-03,0.199130604948));
#2970 = CARTESIAN_POINT('',(0.,0.199130604948));
#2971 = ( GEOMETRIC_REPRESENTATION_CONTEXT(2) 
PARAMETRIC_REPRESENTATION_CONTEXT() REPRESENTATION_CONTEXT('2D SPACE',''
  ) );
#2972 = ORIENTED_EDGE('',*,*,#1463,.T.);
#2973 = ORIENTED_EDGE('',*,*,#1596,.T.);
#2974 = ORIENTED_EDGE('',*,*,#2975,.T.);
#2975 = EDGE_CURVE('',#1559,#683,#2976,.T.);
#2976 = SURFACE_CURVE('',#2977,(#3136,#3298),.PCURVE_S1.);
#2977 = B_SPLINE_CURVE_WITH_KNOTS('',7,(#2978,#2979,#2980,#2981,#2982,
    #2983,#2984,#2985,#2986,#2987,#2988,#2989,#2990,#2991,#2992,#2993,
    #2994,#2995,#2996,#2997,#2998,#2999,#3000,#3001,#3002,#3003,#3004,
    #3005,#3006,#3007,#3008,#3009,#3010,#3011,#3012,#3013,#3014,#3015,
    #3016,#3017,#3018,#3019,#3020,#3021,#3022,#3023,#3024,#3025,#3026,
    #3027,#3028,#3029,#3030,#3031,#3032,#3033,#3034,#3035,#3036,#3037,
    #3038,#3039,#3040,#3041,#3042,#3043,#3044,#3045,#3046,#3047,#3048,
    #3049,#3050,#3051,#3052,#3053,#3054,#3055,#3056,#3057,#3058,#3059,
    #3060,#3061,#3062,#3063,#3064,#3065,#3066,#3067,#3068,#3069,#3070,
    #3071,#3072,#3073,#3074,#3075,#3076,#3077,#3078,#3079,#3080,#3081,
    #3082,#3083,#3084,#3085,#3086,#3087,#3088,#3089,#3090,#3091,#3092,
    #3093,#3094,#3095,#3096,#3097,#3098,#3099,#3100,#3101,#3102,#3103,
    #3104,#3105,#3106,#3107,#3108,#3109,#3110,#3111,#3112,#3113,#3114,
    #3115,#3116,#3117,#3118,#3119,#3120,#3121,#3122,#3123,#3124,#3125,
    #3126,#3127,#3128,#3129,#3130,#3131,#3132,#3133,#3134,#3135),
  .UNSPECIFIED.,.T.,.F.,(8,6,6,6,6,6,6,6,6,6,6,6,6,6,6,6,6,6,6,6,6,6,6,6
    ,6,6,8),(0.,5.421666727991E-02,8.770240421924E-02,0.130494799442,
    0.163196004903,0.187183668181,0.249995864914,0.312808061614,
    0.33679572488,0.369496930312,0.412289325484,0.445775062711,
    0.463606047379,0.500000000001,0.536393952624,0.554224937292,
    0.587710674518,0.630503069691,0.663204275122,0.687191938389,
    0.750004135089,0.812816331821,0.836803995099,0.86950520056,
    0.912297595783,0.945783332722,1.),.UNSPECIFIED.);
#2978 = CARTESIAN_POINT('',(39.45520755861,1.025048525597E-14,10.));
#2979 = CARTESIAN_POINT('',(39.45520771716,-1.697164866565,10.));
#2980 = CARTESIAN_POINT('',(39.307615321151,-3.395484371019,10.));
#2981 = CARTESIAN_POINT('',(39.012074904737,-5.077316517348,10.));
#2982 = CARTESIAN_POINT('',(38.57393378529,-6.728040434167,10.));
#2983 = CARTESIAN_POINT('',(38.001683776728,-8.335487353811,10.));
#2984 = CARTESIAN_POINT('',(37.306032792542,-9.889718493818,10.));
#2985 = CARTESIAN_POINT('',(36.000737204131,-12.3050156757,10.));
#2986 = CARTESIAN_POINT('',(35.459762105072,-13.20417221436,10.));
#2987 = CARTESIAN_POINT('',(34.87884933047,-14.07869305564,10.));
#2988 = CARTESIAN_POINT('',(34.260709824715,-14.92737934387,10.));
#2989 = CARTESIAN_POINT('',(33.608003741038,-15.74936709652,10.));
#2990 = CARTESIAN_POINT('',(32.923262693937,-16.54407127206,10.));
#2991 = CARTESIAN_POINT('',(31.295846726107,-18.29141169414,10.));
#2992 = CARTESIAN_POINT('',(30.334449090969,-19.22647535501,10.));
#2993 = CARTESIAN_POINT('',(29.329498931236,-20.1156887896,10.));
#2994 = CARTESIAN_POINT('',(28.285517331942,-20.95880965497,10.));
#2995 = CARTESIAN_POINT('',(27.20662419768,-21.75592075287,10.));
#2996 = CARTESIAN_POINT('',(26.096473252517,-22.50734974643,10.));
#2997 = CARTESIAN_POINT('',(24.088328980085,-23.75328420474,10.));
#2998 = CARTESIAN_POINT('',(23.202095342838,-24.26655682623,10.));
#2999 = CARTESIAN_POINT('',(22.300914198901,-24.75361179588,10.));
#3000 = CARTESIAN_POINT('',(21.386113538469,-25.21467102689,10.));
#3001 = CARTESIAN_POINT('',(20.458918804175,-25.64996829091,10.));
#3002 = CARTESIAN_POINT('',(19.520450424067,-26.0597442177,10.));
#3003 = CARTESIAN_POINT('',(17.875789320198,-26.72628574675,10.));
#3004 = CARTESIAN_POINT('',(17.174345424529,-26.99472394227,10.));
#3005 = CARTESIAN_POINT('',(16.467794924583,-27.24964963197,10.));
#3006 = CARTESIAN_POINT('',(15.756523825724,-27.49115230391,10.));
#3007 = CARTESIAN_POINT('',(15.040898871671,-27.71931718362,10.));
#3008 = CARTESIAN_POINT('',(14.321267544501,-27.93422523409,10.));
#3009 = CARTESIAN_POINT('',(11.703958189441,-28.66418125154,10.));
#3010 = CARTESIAN_POINT('',(9.784930695906,-29.1019836113,10.));
#3011 = CARTESIAN_POINT('',(7.846518281088,-29.45082907065,10.));
#3012 = CARTESIAN_POINT('',(5.894013879583,-29.71172744211,10.));
#3013 = CARTESIAN_POINT('',(3.932385418154,-29.88539058228,10.));
#3014 = CARTESIAN_POINT('',(1.966278925508,-29.97223648455,10.));
#3015 = CARTESIAN_POINT('',(-1.966278930037,-29.97223648574,10.));
#3016 = CARTESIAN_POINT('',(-3.932385421849,-29.88539058473,10.));
#3017 = CARTESIAN_POINT('',(-5.894013882438,-29.71172744527,10.));
#3018 = CARTESIAN_POINT('',(-7.846518282954,-29.4508290733,10.));
#3019 = CARTESIAN_POINT('',(-9.784930696534,-29.10198361208,10.));
#3020 = CARTESIAN_POINT('',(-11.70395818855,-28.66418124963,10.));
#3021 = CARTESIAN_POINT('',(-14.32126754124,-27.93422522875,10.));
#3022 = CARTESIAN_POINT('',(-15.04089886776,-27.71931717734,10.));
#3023 = CARTESIAN_POINT('',(-15.75652382117,-27.49115229677,10.));
#3024 = CARTESIAN_POINT('',(-16.4677949194,-27.24964962411,10.));
#3025 = CARTESIAN_POINT('',(-17.17434541878,-26.99472393389,10.));
#3026 = CARTESIAN_POINT('',(-17.87578931395,-26.72628573809,10.));
#3027 = CARTESIAN_POINT('',(-19.52045041652,-26.05974420928,10.));
#3028 = CARTESIAN_POINT('',(-20.45891879591,-25.64996828328,10.));
#3029 = CARTESIAN_POINT('',(-21.38611352981,-25.21467102074,10.));
#3030 = CARTESIAN_POINT('',(-22.30091419028,-24.75361179198,10.));
#3031 = CARTESIAN_POINT('',(-23.20209533474,-24.26655682536,10.));
#3032 = CARTESIAN_POINT('',(-24.08832897302,-23.7532842076,10.));
#3033 = CARTESIAN_POINT('',(-26.09647324869,-22.50734975925,10.));
#3034 = CARTESIAN_POINT('',(-27.2066241963,-21.75592077228,10.));
#3035 = CARTESIAN_POINT('',(-28.28551733382,-20.95880968148,10.));
#3036 = CARTESIAN_POINT('',(-29.32949893668,-20.11568882291,10.));
#3037 = CARTESIAN_POINT('',(-30.33444909947,-19.22647539393,10.));
#3038 = CARTESIAN_POINT('',(-31.29584673619,-18.29141173673,10.));
#3039 = CARTESIAN_POINT('',(-32.92326270964,-16.54407130973,10.));
#3040 = CARTESIAN_POINT('',(-33.60800376119,-15.74936712588,10.));
#3041 = CARTESIAN_POINT('',(-34.26070984685,-14.92737936301,10.));
#3042 = CARTESIAN_POINT('',(-34.87884935178,-14.07869306281,10.));
#3043 = CARTESIAN_POINT('',(-35.45976212292,-13.20417220823,10.));
#3044 = CARTESIAN_POINT('',(-36.0007372166,-12.30501565566,10.));
#3045 = CARTESIAN_POINT('',(-36.76449597492,-10.89176898391,10.));
#3046 = CARTESIAN_POINT('',(-37.01779936232,-10.39417953204,10.));
#3047 = CARTESIAN_POINT('',(-37.25862056223,-9.890306045189,10.));
#3048 = CARTESIAN_POINT('',(-37.48656213407,-9.380424612494,10.));
#3049 = CARTESIAN_POINT('',(-37.70123761091,-8.864844308863,10.));
#3050 = CARTESIAN_POINT('',(-37.90227710817,-8.343909685553,10.));
#3051 = CARTESIAN_POINT('',(-38.47112339491,-6.744601369381,10.));
#3052 = CARTESIAN_POINT('',(-38.79471845025,-5.650325338232,10.));
#3053 = CARTESIAN_POINT('',(-39.05704997453,-4.538645465796,10.));
#3054 = CARTESIAN_POINT('',(-39.25564684362,-3.413386416593,10.));
#3055 = CARTESIAN_POINT('',(-39.38869967503,-2.27873739173,10.));
#3056 = CARTESIAN_POINT('',(-39.45520766968,-1.139275167206,10.));
#3057 = CARTESIAN_POINT('',(-39.45520766968,1.139275167206,10.));
#3058 = CARTESIAN_POINT('',(-39.38869967503,2.278737391731,10.));
#3059 = CARTESIAN_POINT('',(-39.25564684362,3.413386416593,10.));
#3060 = CARTESIAN_POINT('',(-39.05704997453,4.538645465796,10.));
#3061 = CARTESIAN_POINT('',(-38.79471845025,5.650325338233,10.));
#3062 = CARTESIAN_POINT('',(-38.47112339491,6.74460136938,10.));
#3063 = CARTESIAN_POINT('',(-37.90227710817,8.343909685553,10.));
#3064 = CARTESIAN_POINT('',(-37.70123761091,8.864844308863,10.));
#3065 = CARTESIAN_POINT('',(-37.48656213407,9.380424612494,10.));
#3066 = CARTESIAN_POINT('',(-37.25862056223,9.890306045189,10.));
#3067 = CARTESIAN_POINT('',(-37.01779936232,10.394179532047,10.));
#3068 = CARTESIAN_POINT('',(-36.76449597492,10.891768983919,10.));
#3069 = CARTESIAN_POINT('',(-36.0007372166,12.305015655664,10.));
#3070 = CARTESIAN_POINT('',(-35.45976212292,13.204172208236,10.));
#3071 = CARTESIAN_POINT('',(-34.87884935178,14.078693062811,10.));
#3072 = CARTESIAN_POINT('',(-34.26070984685,14.927379363017,10.));
#3073 = CARTESIAN_POINT('',(-33.60800376119,15.749367125885,10.));
#3074 = CARTESIAN_POINT('',(-32.92326270964,16.544071309735,10.));
#3075 = CARTESIAN_POINT('',(-31.29584673619,18.291411736739,10.));
#3076 = CARTESIAN_POINT('',(-30.33444909947,19.226475393936,10.));
#3077 = CARTESIAN_POINT('',(-29.32949893668,20.11568882291,10.));
#3078 = CARTESIAN_POINT('',(-28.28551733382,20.95880968148,10.));
#3079 = CARTESIAN_POINT('',(-27.2066241963,21.755920772284,10.));
#3080 = CARTESIAN_POINT('',(-26.09647324869,22.507349759252,10.));
#3081 = CARTESIAN_POINT('',(-24.08832897302,23.753284207607,10.));
#3082 = CARTESIAN_POINT('',(-23.20209533473,24.266556825365,10.));
#3083 = CARTESIAN_POINT('',(-22.30091419028,24.75361179198,10.));
#3084 = CARTESIAN_POINT('',(-21.38611352981,25.21467102074,10.));
#3085 = CARTESIAN_POINT('',(-20.45891879591,25.649968283281,10.));
#3086 = CARTESIAN_POINT('',(-19.52045041652,26.05974420928,10.));
#3087 = CARTESIAN_POINT('',(-17.87578931395,26.726285738099,10.));
#3088 = CARTESIAN_POINT('',(-17.17434541878,26.994723933899,10.));
#3089 = CARTESIAN_POINT('',(-16.4677949194,27.249649624119,10.));
#3090 = CARTESIAN_POINT('',(-15.75652382117,27.491152296777,10.));
#3091 = CARTESIAN_POINT('',(-15.04089886776,27.719317177346,10.));
#3092 = CARTESIAN_POINT('',(-14.32126754124,27.93422522875,10.));
#3093 = CARTESIAN_POINT('',(-11.70395818855,28.664181249639,10.));
#3094 = CARTESIAN_POINT('',(-9.784930696531,29.101983612085,10.));
#3095 = CARTESIAN_POINT('',(-7.846518282956,29.45082907331,10.));
#3096 = CARTESIAN_POINT('',(-5.89401388244,29.711727445281,10.));
#3097 = CARTESIAN_POINT('',(-3.932385421846,29.885390584732,10.));
#3098 = CARTESIAN_POINT('',(-1.966278930038,29.972236485742,10.));
#3099 = CARTESIAN_POINT('',(1.966278925508,29.972236484557,10.));
#3100 = CARTESIAN_POINT('',(3.932385418155,29.885390582285,10.));
#3101 = CARTESIAN_POINT('',(5.894013879583,29.71172744212,10.));
#3102 = CARTESIAN_POINT('',(7.846518281088,29.450829070657,10.));
#3103 = CARTESIAN_POINT('',(9.784930695906,29.101983611305,10.));
#3104 = CARTESIAN_POINT('',(11.70395818944,28.66418125155,10.));
#3105 = CARTESIAN_POINT('',(14.321267544501,27.934225234095,10.));
#3106 = CARTESIAN_POINT('',(15.040898871671,27.719317183625,10.));
#3107 = CARTESIAN_POINT('',(15.756523825724,27.491152303912,10.));
#3108 = CARTESIAN_POINT('',(16.467794924583,27.249649631973,10.));
#3109 = CARTESIAN_POINT('',(17.17434542453,26.994723942278,10.));
#3110 = CARTESIAN_POINT('',(17.875789320198,26.726285746756,10.));
#3111 = CARTESIAN_POINT('',(19.520450424066,26.059744217706,10.));
#3112 = CARTESIAN_POINT('',(20.458918804176,25.649968290919,10.));
#3113 = CARTESIAN_POINT('',(21.38611353847,25.214671026898,10.));
#3114 = CARTESIAN_POINT('',(22.300914198901,24.753611795887,10.));
#3115 = CARTESIAN_POINT('',(23.202095342837,24.266556826237,10.));
#3116 = CARTESIAN_POINT('',(24.088328980086,23.75328420474,10.));
#3117 = CARTESIAN_POINT('',(26.096473252517,22.507349746438,10.));
#3118 = CARTESIAN_POINT('',(27.206624197681,21.755920752873,10.));
#3119 = CARTESIAN_POINT('',(28.285517331943,20.958809654977,10.));
#3120 = CARTESIAN_POINT('',(29.329498931235,20.115688789604,10.));
#3121 = CARTESIAN_POINT('',(30.334449090969,19.226475355016,10.));
#3122 = CARTESIAN_POINT('',(31.295846726108,18.291411694143,10.));
#3123 = CARTESIAN_POINT('',(32.923262693938,16.544071272062,10.));
#3124 = CARTESIAN_POINT('',(33.608003741036,15.749367096524,10.));
#3125 = CARTESIAN_POINT('',(34.260709824715,14.927379343879,10.));
#3126 = CARTESIAN_POINT('',(34.878849330471,14.078693055643,10.));
#3127 = CARTESIAN_POINT('',(35.459762105072,13.204172214366,10.));
#3128 = CARTESIAN_POINT('',(36.000737204131,12.305015675708,10.));
#3129 = CARTESIAN_POINT('',(37.306032792548,9.889718493819,10.));
#3130 = CARTESIAN_POINT('',(38.001683776703,8.335487353809,10.));
#3131 = CARTESIAN_POINT('',(38.573933785335,6.728040434171,10.));
#3132 = CARTESIAN_POINT('',(39.012074904692,5.077316517343,10.));
#3133 = CARTESIAN_POINT('',(39.307615321177,3.395484371023,10.));
#3134 = CARTESIAN_POINT('',(39.455207717153,1.697164866564,10.));
#3135 = CARTESIAN_POINT('',(39.45520755861,-1.461851049564E-14,10.));
#3136 = PCURVE('',#461,#3137);
#3137 = DEFINITIONAL_REPRESENTATION('',(#3138),#3297);
#3138 = B_SPLINE_CURVE_WITH_KNOTS('',7,(#3139,#3140,#3141,#3142,#3143,
    #3144,#3145,#3146,#3147,#3148,#3149,#3150,#3151,#3152,#3153,#3154,
    #3155,#3156,#3157,#3158,#3159,#3160,#3161,#3162,#3163,#3164,#3165,
    #3166,#3167,#3168,#3169,#3170,#3171,#3172,#3173,#3174,#3175,#3176,
    #3177,#3178,#3179,#3180,#3181,#3182,#3183,#3184,#3185,#3186,#3187,
    #3188,#3189,#3190,#3191,#3192,#3193,#3194,#3195,#3196,#3197,#3198,
    #3199,#3200,#3201,#3202,#3203,#3204,#3205,#3206,#3207,#3208,#3209,
    #3210,#3211,#3212,#3213,#3214,#3215,#3216,#3217,#3218,#3219,#3220,
    #3221,#3222,#3223,#3224,#3225,#3226,#3227,#3228,#3229,#3230,#3231,
    #3232,#3233,#3234,#3235,#3236,#3237,#3238,#3239,#3240,#3241,#3242,
    #3243,#3244,#3245,#3246,#3247,#3248,#3249,#3250,#3251,#3252,#3253,
    #3254,#3255,#3256,#3257,#3258,#3259,#3260,#3261,#3262,#3263,#3264,
    #3265,#3266,#3267,#3268,#3269,#3270,#3271,#3272,#3273,#3274,#3275,
    #3276,#3277,#3278,#3279,#3280,#3281,#3282,#3283,#3284,#3285,#3286,
    #3287,#3288,#3289,#3290,#3291,#3292,#3293,#3294,#3295,#3296),
  .UNSPECIFIED.,.F.,.F.,(8,6,6,6,6,6,6,6,6,6,6,6,6,6,6,6,6,6,6,6,6,6,6,6
    ,6,6,8),(0.,5.421666727991E-02,8.770240421924E-02,0.130494799442,
    0.163196004903,0.187183668181,0.249995864914,0.312808061614,
    0.33679572488,0.369496930312,0.412289325484,0.445775062711,
    0.463606047379,0.500000000001,0.536393952624,0.554224937292,
    0.587710674518,0.630503069691,0.663204275122,0.687191938389,
    0.750004135089,0.812816331821,0.836803995099,0.86950520056,
    0.912297595783,0.945783332722,1.),.UNSPECIFIED.);
#3139 = CARTESIAN_POINT('',(38.172278139192,1.06581410364E-14));
#3140 = CARTESIAN_POINT('',(38.172278297743,-1.697164866565));
#3141 = CARTESIAN_POINT('',(38.024685901734,-3.395484371019));
#3142 = CARTESIAN_POINT('',(37.729145485319,-5.077316517348));
#3143 = CARTESIAN_POINT('',(37.291004365873,-6.728040434167));
#3144 = CARTESIAN_POINT('',(36.718754357311,-8.335487353811));
#3145 = CARTESIAN_POINT('',(36.023103373125,-9.889718493818));
#3146 = CARTESIAN_POINT('',(34.717807784714,-12.3050156757));
#3147 = CARTESIAN_POINT('',(34.176832685655,-13.20417221436));
#3148 = CARTESIAN_POINT('',(33.595919911053,-14.07869305564));
#3149 = CARTESIAN_POINT('',(32.977780405298,-14.92737934387));
#3150 = CARTESIAN_POINT('',(32.32507432162,-15.74936709652));
#3151 = CARTESIAN_POINT('',(31.64033327452,-16.54407127206));
#3152 = CARTESIAN_POINT('',(30.012917306689,-18.29141169414));
#3153 = CARTESIAN_POINT('',(29.051519671552,-19.22647535501));
#3154 = CARTESIAN_POINT('',(28.046569511819,-20.1156887896));
#3155 = CARTESIAN_POINT('',(27.002587912525,-20.95880965497));
#3156 = CARTESIAN_POINT('',(25.923694778263,-21.75592075287));
#3157 = CARTESIAN_POINT('',(24.813543833099,-22.50734974643));
#3158 = CARTESIAN_POINT('',(22.805399560668,-23.75328420474));
#3159 = CARTESIAN_POINT('',(21.919165923421,-24.26655682623));
#3160 = CARTESIAN_POINT('',(21.017984779484,-24.75361179588));
#3161 = CARTESIAN_POINT('',(20.103184119051,-25.21467102689));
#3162 = CARTESIAN_POINT('',(19.175989384757,-25.64996829091));
#3163 = CARTESIAN_POINT('',(18.23752100465,-26.0597442177));
#3164 = CARTESIAN_POINT('',(16.59285990078,-26.72628574675));
#3165 = CARTESIAN_POINT('',(15.891416005112,-26.99472394227));
#3166 = CARTESIAN_POINT('',(15.184865505166,-27.24964963197));
#3167 = CARTESIAN_POINT('',(14.473594406306,-27.49115230391));
#3168 = CARTESIAN_POINT('',(13.757969452254,-27.71931718362));
#3169 = CARTESIAN_POINT('',(13.038338125084,-27.93422523409));
#3170 = CARTESIAN_POINT('',(10.421028770023,-28.66418125154));
#3171 = CARTESIAN_POINT('',(8.502001276488,-29.1019836113));
#3172 = CARTESIAN_POINT('',(6.563588861671,-29.45082907065));
#3173 = CARTESIAN_POINT('',(4.611084460166,-29.71172744211));
#3174 = CARTESIAN_POINT('',(2.649455998737,-29.88539058228));
#3175 = CARTESIAN_POINT('',(0.68334950609,-29.97223648455));
#3176 = CARTESIAN_POINT('',(-3.249208349454,-29.97223648574));
#3177 = CARTESIAN_POINT('',(-5.215314841267,-29.88539058473));
#3178 = CARTESIAN_POINT('',(-7.176943301856,-29.71172744527));
#3179 = CARTESIAN_POINT('',(-9.129447702371,-29.4508290733));
#3180 = CARTESIAN_POINT('',(-11.06786011595,-29.10198361208));
#3181 = CARTESIAN_POINT('',(-12.98688760796,-28.66418124963));
#3182 = CARTESIAN_POINT('',(-15.60419696066,-27.93422522875));
#3183 = CARTESIAN_POINT('',(-16.32382828718,-27.71931717734));
#3184 = CARTESIAN_POINT('',(-17.03945324058,-27.49115229677));
#3185 = CARTESIAN_POINT('',(-17.75072433882,-27.24964962411));
#3186 = CARTESIAN_POINT('',(-18.45727483819,-26.99472393389));
#3187 = CARTESIAN_POINT('',(-19.15871873337,-26.72628573809));
#3188 = CARTESIAN_POINT('',(-20.80337983593,-26.05974420928));
#3189 = CARTESIAN_POINT('',(-21.74184821533,-25.64996828328));
#3190 = CARTESIAN_POINT('',(-22.66904294923,-25.21467102074));
#3191 = CARTESIAN_POINT('',(-23.5838436097,-24.75361179198));
#3192 = CARTESIAN_POINT('',(-24.48502475415,-24.26655682536));
#3193 = CARTESIAN_POINT('',(-25.37125839244,-23.7532842076));
#3194 = CARTESIAN_POINT('',(-27.37940266811,-22.50734975925));
#3195 = CARTESIAN_POINT('',(-28.48955361572,-21.75592077228));
#3196 = CARTESIAN_POINT('',(-29.56844675323,-20.95880968148));
#3197 = CARTESIAN_POINT('',(-30.6124283561,-20.11568882291));
#3198 = CARTESIAN_POINT('',(-31.61737851889,-19.22647539393));
#3199 = CARTESIAN_POINT('',(-32.57877615561,-18.29141173673));
#3200 = CARTESIAN_POINT('',(-34.20619212906,-16.54407130973));
#3201 = CARTESIAN_POINT('',(-34.8909331806,-15.74936712588));
#3202 = CARTESIAN_POINT('',(-35.54363926627,-14.92737936301));
#3203 = CARTESIAN_POINT('',(-36.1617787712,-14.07869306281));
#3204 = CARTESIAN_POINT('',(-36.74269154234,-13.20417220823));
#3205 = CARTESIAN_POINT('',(-37.28366663601,-12.30501565566));
#3206 = CARTESIAN_POINT('',(-38.04742539434,-10.89176898391));
#3207 = CARTESIAN_POINT('',(-38.30072878174,-10.39417953204));
#3208 = CARTESIAN_POINT('',(-38.54154998164,-9.890306045189));
#3209 = CARTESIAN_POINT('',(-38.76949155348,-9.380424612494));
#3210 = CARTESIAN_POINT('',(-38.98416703033,-8.864844308863));
#3211 = CARTESIAN_POINT('',(-39.18520652758,-8.343909685553));
#3212 = CARTESIAN_POINT('',(-39.75405281432,-6.744601369381));
#3213 = CARTESIAN_POINT('',(-40.07764786967,-5.650325338232));
#3214 = CARTESIAN_POINT('',(-40.33997939395,-4.538645465796));
#3215 = CARTESIAN_POINT('',(-40.53857626304,-3.413386416593));
#3216 = CARTESIAN_POINT('',(-40.67162909445,-2.27873739173));
#3217 = CARTESIAN_POINT('',(-40.73813708909,-1.139275167206));
#3218 = CARTESIAN_POINT('',(-40.73813708909,1.139275167206));
#3219 = CARTESIAN_POINT('',(-40.67162909445,2.278737391731));
#3220 = CARTESIAN_POINT('',(-40.53857626304,3.413386416593));
#3221 = CARTESIAN_POINT('',(-40.33997939395,4.538645465796));
#3222 = CARTESIAN_POINT('',(-40.07764786967,5.650325338233));
#3223 = CARTESIAN_POINT('',(-39.75405281432,6.74460136938));
#3224 = CARTESIAN_POINT('',(-39.18520652758,8.343909685553));
#3225 = CARTESIAN_POINT('',(-38.98416703033,8.864844308863));
#3226 = CARTESIAN_POINT('',(-38.76949155348,9.380424612494));
#3227 = CARTESIAN_POINT('',(-38.54154998164,9.890306045189));
#3228 = CARTESIAN_POINT('',(-38.30072878174,10.394179532047));
#3229 = CARTESIAN_POINT('',(-38.04742539434,10.891768983919));
#3230 = CARTESIAN_POINT('',(-37.28366663601,12.305015655664));
#3231 = CARTESIAN_POINT('',(-36.74269154234,13.204172208236));
#3232 = CARTESIAN_POINT('',(-36.1617787712,14.078693062811));
#3233 = CARTESIAN_POINT('',(-35.54363926627,14.927379363017));
#3234 = CARTESIAN_POINT('',(-34.8909331806,15.749367125885));
#3235 = CARTESIAN_POINT('',(-34.20619212906,16.544071309735));
#3236 = CARTESIAN_POINT('',(-32.57877615561,18.291411736739));
#3237 = CARTESIAN_POINT('',(-31.61737851889,19.226475393936));
#3238 = CARTESIAN_POINT('',(-30.6124283561,20.11568882291));
#3239 = CARTESIAN_POINT('',(-29.56844675323,20.95880968148));
#3240 = CARTESIAN_POINT('',(-28.48955361572,21.755920772284));
#3241 = CARTESIAN_POINT('',(-27.37940266811,22.507349759252));
#3242 = CARTESIAN_POINT('',(-25.37125839244,23.753284207607));
#3243 = CARTESIAN_POINT('',(-24.48502475415,24.266556825365));
#3244 = CARTESIAN_POINT('',(-23.5838436097,24.75361179198));
#3245 = CARTESIAN_POINT('',(-22.66904294923,25.21467102074));
#3246 = CARTESIAN_POINT('',(-21.74184821533,25.649968283281));
#3247 = CARTESIAN_POINT('',(-20.80337983593,26.05974420928));
#3248 = CARTESIAN_POINT('',(-19.15871873337,26.726285738099));
#3249 = CARTESIAN_POINT('',(-18.45727483819,26.994723933899));
#3250 = CARTESIAN_POINT('',(-17.75072433882,27.249649624119));
#3251 = CARTESIAN_POINT('',(-17.03945324058,27.491152296777));
#3252 = CARTESIAN_POINT('',(-16.32382828718,27.719317177346));
#3253 = CARTESIAN_POINT('',(-15.60419696066,27.93422522875));
#3254 = CARTESIAN_POINT('',(-12.98688760797,28.664181249639));
#3255 = CARTESIAN_POINT('',(-11.06786011594,29.101983612085));
#3256 = CARTESIAN_POINT('',(-9.129447702373,29.45082907331));
#3257 = CARTESIAN_POINT('',(-7.176943301857,29.711727445281));
#3258 = CARTESIAN_POINT('',(-5.215314841263,29.885390584732));
#3259 = CARTESIAN_POINT('',(-3.249208349455,29.972236485742));
#3260 = CARTESIAN_POINT('',(0.68334950609,29.972236484557));
#3261 = CARTESIAN_POINT('',(2.649455998737,29.885390582285));
#3262 = CARTESIAN_POINT('',(4.611084460166,29.71172744212));
#3263 = CARTESIAN_POINT('',(6.563588861671,29.450829070657));
#3264 = CARTESIAN_POINT('',(8.502001276489,29.101983611305));
#3265 = CARTESIAN_POINT('',(10.421028770023,28.66418125155));
#3266 = CARTESIAN_POINT('',(13.038338125084,27.934225234095));
#3267 = CARTESIAN_POINT('',(13.757969452254,27.719317183625));
#3268 = CARTESIAN_POINT('',(14.473594406306,27.491152303912));
#3269 = CARTESIAN_POINT('',(15.184865505166,27.249649631973));
#3270 = CARTESIAN_POINT('',(15.891416005112,26.994723942278));
#3271 = CARTESIAN_POINT('',(16.592859900781,26.726285746756));
#3272 = CARTESIAN_POINT('',(18.237521004649,26.059744217706));
#3273 = CARTESIAN_POINT('',(19.175989384758,25.649968290919));
#3274 = CARTESIAN_POINT('',(20.103184119052,25.214671026898));
#3275 = CARTESIAN_POINT('',(21.017984779484,24.753611795887));
#3276 = CARTESIAN_POINT('',(21.91916592342,24.266556826237));
#3277 = CARTESIAN_POINT('',(22.805399560669,23.75328420474));
#3278 = CARTESIAN_POINT('',(24.813543833099,22.507349746438));
#3279 = CARTESIAN_POINT('',(25.923694778263,21.755920752873));
#3280 = CARTESIAN_POINT('',(27.002587912526,20.958809654977));
#3281 = CARTESIAN_POINT('',(28.046569511818,20.115688789604));
#3282 = CARTESIAN_POINT('',(29.051519671552,19.226475355016));
#3283 = CARTESIAN_POINT('',(30.01291730669,18.291411694143));
#3284 = CARTESIAN_POINT('',(31.64033327452,16.544071272062));
#3285 = CARTESIAN_POINT('',(32.325074321619,15.749367096524));
#3286 = CARTESIAN_POINT('',(32.977780405298,14.927379343879));
#3287 = CARTESIAN_POINT('',(33.595919911054,14.078693055643));
#3288 = CARTESIAN_POINT('',(34.176832685655,13.204172214366));
#3289 = CARTESIAN_POINT('',(34.717807784714,12.305015675708));
#3290 = CARTESIAN_POINT('',(36.023103373131,9.889718493819));
#3291 = CARTESIAN_POINT('',(36.718754357286,8.335487353809));
#3292 = CARTESIAN_POINT('',(37.291004365917,6.728040434171));
#3293 = CARTESIAN_POINT('',(37.729145485275,5.077316517343));
#3294 = CARTESIAN_POINT('',(38.02468590176,3.395484371023));
#3295 = CARTESIAN_POINT('',(38.172278297736,1.697164866564));
#3296 = CARTESIAN_POINT('',(38.172278139192,-1.42108547152E-14));
#3297 = ( GEOMETRIC_REPRESENTATION_CONTEXT(2) 
PARAMETRIC_REPRESENTATION_CONTEXT() REPRESENTATION_CONTEXT('2D SPACE',''
  ) );
#3298 = PCURVE('',#557,#3299);
#3299 = DEFINITIONAL_REPRESENTATION('',(#3300),#3459);
#3300 = B_SPLINE_CURVE_WITH_KNOTS('',7,(#3301,#3302,#3303,#3304,#3305,
    #3306,#3307,#3308,#3309,#3310,#3311,#3312,#3313,#3314,#3315,#3316,
    #3317,#3318,#3319,#3320,#3321,#3322,#3323,#3324,#3325,#3326,#3327,
    #3328,#3329,#3330,#3331,#3332,#3333,#3334,#3335,#3336,#3337,#3338,
    #3339,#3340,#3341,#3342,#3343,#3344,#3345,#3346,#3347,#3348,#3349,
    #3350,#3351,#3352,#3353,#3354,#3355,#3356,#3357,#3358,#3359,#3360,
    #3361,#3362,#3363,#3364,#3365,#3366,#3367,#3368,#3369,#3370,#3371,
    #3372,#3373,#3374,#3375,#3376,#3377,#3378,#3379,#3380,#3381,#3382,
    #3383,#3384,#3385,#3386,#3387,#3388,#3389,#3390,#3391,#3392,#3393,
    #3394,#3395,#3396,#3397,#3398,#3399,#3400,#3401,#3402,#3403,#3404,
    #3405,#3406,#3407,#3408,#3409,#3410,#3411,#3412,#3413,#3414,#3415,
    #3416,#3417,#3418,#3419,#3420,#3421,#3422,#3423,#3424,#3425,#3426,
    #3427,#3428,#3429,#3430,#3431,#3432,#3433,#3434,#3435,#3436,#3437,
    #3438,#3439,#3440,#3441,#3442,#3443,#3444,#3445,#3446,#3447,#3448,
    #3449,#3450,#3451,#3452,#3453,#3454,#3455,#3456,#3457,#3458),
  .UNSPECIFIED.,.F.,.F.,(8,6,6,6,6,6,6,6,6,6,6,6,6,6,6,6,6,6,6,6,6,6,6,6
    ,6,6,8),(0.,5.421666727991E-02,8.770240421924E-02,0.130494799442,
    0.163196004903,0.187183668181,0.249995864914,0.312808061614,
    0.33679572488,0.369496930312,0.412289325484,0.445775062711,
    0.463606047379,0.500000000001,0.536393952624,0.554224937292,
    0.587710674518,0.630503069691,0.663204275122,0.687191938389,
    0.750004135089,0.812816331821,0.836803995099,0.86950520056,
    0.912297595783,0.945783332722,1.),.UNSPECIFIED.);
#3301 = CARTESIAN_POINT('',(1.,0.199130604948));
#3302 = CARTESIAN_POINT('',(0.990987919885,0.199130604948));
#3303 = CARTESIAN_POINT('',(0.981969713757,0.199130604948));
#3304 = CARTESIAN_POINT('',(0.972991841119,0.199130604948));
#3305 = CARTESIAN_POINT('',(0.964084526495,0.199130604948));
#3306 = CARTESIAN_POINT('',(0.95527113123,0.199130604948));
#3307 = CARTESIAN_POINT('',(0.946570672242,0.199130604948));
#3308 = CARTESIAN_POINT('',(0.932706512029,0.199130604948));
#3309 = CARTESIAN_POINT('',(0.927460895162,0.199130604948));
#3310 = CARTESIAN_POINT('',(0.922265544629,0.199130604948));
#3311 = CARTESIAN_POINT('',(0.91712172393,0.199130604948));
#3312 = CARTESIAN_POINT('',(0.912029850043,0.199130604948));
#3313 = CARTESIAN_POINT('',(0.906989623026,0.199130604948));
#3314 = CARTESIAN_POINT('',(0.895623615902,0.199130604948));
#3315 = CARTESIAN_POINT('',(0.889330405206,0.199130604948));
#3316 = CARTESIAN_POINT('',(0.883117736522,0.199130604948));
#3317 = CARTESIAN_POINT('',(0.876982476547,0.199130604948));
#3318 = CARTESIAN_POINT('',(0.870920881155,0.199130604948));
#3319 = CARTESIAN_POINT('',(0.864928486481,0.199130604948));
#3320 = CARTESIAN_POINT('',(0.854469553563,0.199130604948));
#3321 = CARTESIAN_POINT('',(0.849976700088,0.199130604948));
#3322 = CARTESIAN_POINT('',(0.845519217279,0.199130604948));
#3323 = CARTESIAN_POINT('',(0.841094959019,0.199130604948));
#3324 = CARTESIAN_POINT('',(0.836701797604,0.199130604948));
#3325 = CARTESIAN_POINT('',(0.832337565985,0.199130604948));
#3326 = CARTESIAN_POINT('',(0.824818219059,0.199130604948));
#3327 = CARTESIAN_POINT('',(0.821650821104,0.199130604948));
#3328 = CARTESIAN_POINT('',(0.818496952428,0.199130604948));
#3329 = CARTESIAN_POINT('',(0.815355767998,0.199130604948));
#3330 = CARTESIAN_POINT('',(0.812226431459,0.199130604948));
#3331 = CARTESIAN_POINT('',(0.809108115128,0.199130604948));
#3332 = CARTESIAN_POINT('',(0.797861335696,0.199130604948));
#3333 = CARTESIAN_POINT('',(0.789793373945,0.199130604948));
#3334 = CARTESIAN_POINT('',(0.781780078725,0.199130604948));
#3335 = CARTESIAN_POINT('',(0.773807511895,0.199130604948));
#3336 = CARTESIAN_POINT('',(0.765862517325,0.199130604948));
#3337 = CARTESIAN_POINT('',(0.757931599988,0.199130604948));
#3338 = CARTESIAN_POINT('',(0.742068400016,0.199130604948));
#3339 = CARTESIAN_POINT('',(0.734137482681,0.199130604948));
#3340 = CARTESIAN_POINT('',(0.72619248811,0.199130604948));
#3341 = CARTESIAN_POINT('',(0.718219921278,0.199130604948));
#3342 = CARTESIAN_POINT('',(0.710206626057,0.199130604948));
#3343 = CARTESIAN_POINT('',(0.702138664304,0.199130604948));
#3344 = CARTESIAN_POINT('',(0.690891884872,0.199130604948));
#3345 = CARTESIAN_POINT('',(0.687773568541,0.199130604948));
#3346 = CARTESIAN_POINT('',(0.684644232001,0.199130604948));
#3347 = CARTESIAN_POINT('',(0.681503047572,0.199130604948));
#3348 = CARTESIAN_POINT('',(0.678349178896,0.199130604948));
#3349 = CARTESIAN_POINT('',(0.675181780941,0.199130604948));
#3350 = CARTESIAN_POINT('',(0.667662434017,0.199130604948));
#3351 = CARTESIAN_POINT('',(0.663298202399,0.199130604948));
#3352 = CARTESIAN_POINT('',(0.658905040986,0.199130604948));
#3353 = CARTESIAN_POINT('',(0.654480782726,0.199130604948));
#3354 = CARTESIAN_POINT('',(0.650023299917,0.199130604948));
#3355 = CARTESIAN_POINT('',(0.64553044644,0.199130604948));
#3356 = CARTESIAN_POINT('',(0.635071513517,0.199130604948));
#3357 = CARTESIAN_POINT('',(0.629079118838,0.199130604948));
#3358 = CARTESIAN_POINT('',(0.623017523441,0.199130604948));
#3359 = CARTESIAN_POINT('',(0.616882263459,0.199130604948));
#3360 = CARTESIAN_POINT('',(0.610669594771,0.199130604948));
#3361 = CARTESIAN_POINT('',(0.60437638408,0.199130604948));
#3362 = CARTESIAN_POINT('',(0.59301037694,0.199130604948));
#3363 = CARTESIAN_POINT('',(0.587970149896,0.199130604948));
#3364 = CARTESIAN_POINT('',(0.582878275994,0.199130604948));
#3365 = CARTESIAN_POINT('',(0.577734455293,0.199130604948));
#3366 = CARTESIAN_POINT('',(0.572539104774,0.199130604948));
#3367 = CARTESIAN_POINT('',(0.567293487935,0.199130604948));
#3368 = CARTESIAN_POINT('',(0.559181244613,0.199130604948));
#3369 = CARTESIAN_POINT('',(0.556348918631,0.199130604948));
#3370 = CARTESIAN_POINT('',(0.553503403074,0.199130604948));
#3371 = CARTESIAN_POINT('',(0.550645154828,0.199130604948));
#3372 = CARTESIAN_POINT('',(0.547774719941,0.199130604948));
#3373 = CARTESIAN_POINT('',(0.544892746915,0.199130604948));
#3374 = CARTESIAN_POINT('',(0.536095755442,0.199130604948));
#3375 = CARTESIAN_POINT('',(0.530145740493,0.199130604948));
#3376 = CARTESIAN_POINT('',(0.524157689217,0.199130604948));
#3377 = CARTESIAN_POINT('',(0.518139631876,0.199130604948));
#3378 = CARTESIAN_POINT('',(0.512100273666,0.199130604948));
#3379 = CARTESIAN_POINT('',(0.506049641668,0.199130604948));
#3380 = CARTESIAN_POINT('',(0.493950358332,0.199130604948));
#3381 = CARTESIAN_POINT('',(0.487899726334,0.199130604948));
#3382 = CARTESIAN_POINT('',(0.481860368124,0.199130604948));
#3383 = CARTESIAN_POINT('',(0.475842310783,0.199130604948));
#3384 = CARTESIAN_POINT('',(0.469854259507,0.199130604948));
#3385 = CARTESIAN_POINT('',(0.463904244558,0.199130604948));
#3386 = CARTESIAN_POINT('',(0.455107253085,0.199130604948));
#3387 = CARTESIAN_POINT('',(0.452225280059,0.199130604948));
#3388 = CARTESIAN_POINT('',(0.449354845172,0.199130604948));
#3389 = CARTESIAN_POINT('',(0.446496596926,0.199130604948));
#3390 = CARTESIAN_POINT('',(0.443651081369,0.199130604948));
#3391 = CARTESIAN_POINT('',(0.440818755387,0.199130604948));
#3392 = CARTESIAN_POINT('',(0.432706512065,0.199130604948));
#3393 = CARTESIAN_POINT('',(0.427460895226,0.199130604948));
#3394 = CARTESIAN_POINT('',(0.422265544707,0.199130604948));
#3395 = CARTESIAN_POINT('',(0.417121724006,0.199130604948));
#3396 = CARTESIAN_POINT('',(0.412029850104,0.199130604948));
#3397 = CARTESIAN_POINT('',(0.40698962306,0.199130604948));
#3398 = CARTESIAN_POINT('',(0.39562361592,0.199130604948));
#3399 = CARTESIAN_POINT('',(0.389330405229,0.199130604948));
#3400 = CARTESIAN_POINT('',(0.383117736541,0.199130604948));
#3401 = CARTESIAN_POINT('',(0.376982476559,0.199130604948));
#3402 = CARTESIAN_POINT('',(0.370920881162,0.199130604948));
#3403 = CARTESIAN_POINT('',(0.364928486483,0.199130604948));
#3404 = CARTESIAN_POINT('',(0.35446955356,0.199130604948));
#3405 = CARTESIAN_POINT('',(0.349976700083,0.199130604948));
#3406 = CARTESIAN_POINT('',(0.345519217274,0.199130604948));
#3407 = CARTESIAN_POINT('',(0.341094959014,0.199130604948));
#3408 = CARTESIAN_POINT('',(0.336701797601,0.199130604948));
#3409 = CARTESIAN_POINT('',(0.332337565983,0.199130604948));
#3410 = CARTESIAN_POINT('',(0.324818219059,0.199130604948));
#3411 = CARTESIAN_POINT('',(0.321650821104,0.199130604948));
#3412 = CARTESIAN_POINT('',(0.318496952428,0.199130604948));
#3413 = CARTESIAN_POINT('',(0.315355767999,0.199130604948));
#3414 = CARTESIAN_POINT('',(0.312226431459,0.199130604948));
#3415 = CARTESIAN_POINT('',(0.309108115128,0.199130604948));
#3416 = CARTESIAN_POINT('',(0.297861335696,0.199130604948));
#3417 = CARTESIAN_POINT('',(0.289793373943,0.199130604948));
#3418 = CARTESIAN_POINT('',(0.281780078722,0.199130604948));
#3419 = CARTESIAN_POINT('',(0.27380751189,0.199130604948));
#3420 = CARTESIAN_POINT('',(0.265862517319,0.199130604948));
#3421 = CARTESIAN_POINT('',(0.257931599984,0.199130604948));
#3422 = CARTESIAN_POINT('',(0.242068400012,0.199130604948));
#3423 = CARTESIAN_POINT('',(0.234137482675,0.199130604948));
#3424 = CARTESIAN_POINT('',(0.226192488105,0.199130604948));
#3425 = CARTESIAN_POINT('',(0.218219921275,0.199130604948));
#3426 = CARTESIAN_POINT('',(0.210206626055,0.199130604948));
#3427 = CARTESIAN_POINT('',(0.202138664304,0.199130604948));
#3428 = CARTESIAN_POINT('',(0.190891884872,0.199130604948));
#3429 = CARTESIAN_POINT('',(0.187773568541,0.199130604948));
#3430 = CARTESIAN_POINT('',(0.184644232002,0.199130604948));
#3431 = CARTESIAN_POINT('',(0.181503047572,0.199130604948));
#3432 = CARTESIAN_POINT('',(0.178349178896,0.199130604948));
#3433 = CARTESIAN_POINT('',(0.175181780941,0.199130604948));
#3434 = CARTESIAN_POINT('',(0.167662434015,0.199130604948));
#3435 = CARTESIAN_POINT('',(0.163298202396,0.199130604948));
#3436 = CARTESIAN_POINT('',(0.158905040981,0.199130604948));
#3437 = CARTESIAN_POINT('',(0.154480782721,0.199130604948));
#3438 = CARTESIAN_POINT('',(0.150023299912,0.199130604948));
#3439 = CARTESIAN_POINT('',(0.145530446437,0.199130604948));
#3440 = CARTESIAN_POINT('',(0.135071513519,0.199130604948));
#3441 = CARTESIAN_POINT('',(0.129079118845,0.199130604948));
#3442 = CARTESIAN_POINT('',(0.123017523453,0.199130604948));
#3443 = CARTESIAN_POINT('',(0.116882263478,0.199130604948));
#3444 = CARTESIAN_POINT('',(0.110669594794,0.199130604948));
#3445 = CARTESIAN_POINT('',(0.104376384098,0.199130604948));
#3446 = CARTESIAN_POINT('',(9.301037697385E-02,0.199130604948));
#3447 = CARTESIAN_POINT('',(8.797014995668E-02,0.199130604948));
#3448 = CARTESIAN_POINT('',(8.287827607036E-02,0.199130604948));
#3449 = CARTESIAN_POINT('',(7.773445537114E-02,0.199130604948));
#3450 = CARTESIAN_POINT('',(7.253910483806E-02,0.199130604948));
#3451 = CARTESIAN_POINT('',(6.729348797125E-02,0.199130604948));
#3452 = CARTESIAN_POINT('',(5.342932775822E-02,0.199130604948));
#3453 = CARTESIAN_POINT('',(4.472886876913E-02,0.199130604948));
#3454 = CARTESIAN_POINT('',(3.591547350626E-02,0.199130604948));
#3455 = CARTESIAN_POINT('',(2.700815887937E-02,0.199130604948));
#3456 = CARTESIAN_POINT('',(1.803028624392E-02,0.199130604948));
#3457 = CARTESIAN_POINT('',(9.012080114827E-03,0.199130604948));
#3458 = CARTESIAN_POINT('',(0.,0.199130604948));
#3459 = ( GEOMETRIC_REPRESENTATION_CONTEXT(2) 
PARAMETRIC_REPRESENTATION_CONTEXT() REPRESENTATION_CONTEXT('2D SPACE',''
  ) );
#3460 = ORIENTED_EDGE('',*,*,#682,.T.);
#3461 = ORIENTED_EDGE('',*,*,#3462,.T.);
#3462 = EDGE_CURVE('',#532,#1718,#3463,.T.);
#3463 = SURFACE_CURVE('',#3464,(#3623,#3785),.PCURVE_S1.);
#3464 = B_SPLINE_CURVE_WITH_KNOTS('',7,(#3465,#3466,#3467,#3468,#3469,
    #3470,#3471,#3472,#3473,#3474,#3475,#3476,#3477,#3478,#3479,#3480,
    #3481,#3482,#3483,#3484,#3485,#3486,#3487,#3488,#3489,#3490,#3491,
    #3492,#3493,#3494,#3495,#3496,#3497,#3498,#3499,#3500,#3501,#3502,
    #3503,#3504,#3505,#3506,#3507,#3508,#3509,#3510,#3511,#3512,#3513,
    #3514,#3515,#3516,#3517,#3518,#3519,#3520,#3521,#3522,#3523,#3524,
    #3525,#3526,#3527,#3528,#3529,#3530,#3531,#3532,#3533,#3534,#3535,
    #3536,#3537,#3538,#3539,#3540,#3541,#3542,#3543,#3544,#3545,#3546,
    #3547,#3548,#3549,#3550,#3551,#3552,#3553,#3554,#3555,#3556,#3557,
    #3558,#3559,#3560,#3561,#3562,#3563,#3564,#3565,#3566,#3567,#3568,
    #3569,#3570,#3571,#3572,#3573,#3574,#3575,#3576,#3577,#3578,#3579,
    #3580,#3581,#3582,#3583,#3584,#3585,#3586,#3587,#3588,#3589,#3590,
    #3591,#3592,#3593,#3594,#3595,#3596,#3597,#3598,#3599,#3600,#3601,
    #3602,#3603,#3604,#3605,#3606,#3607,#3608,#3609,#3610,#3611,#3612,
    #3613,#3614,#3615,#3616,#3617,#3618,#3619,#3620,#3621,#3622),
  .UNSPECIFIED.,.T.,.F.,(8,6,6,6,6,6,6,6,6,6,6,6,6,6,6,6,6,6,6,6,6,6,6,6
    ,6,6,8),(0.,5.421666727991E-02,8.770240421924E-02,0.130494799442,
    0.163196004903,0.187183668181,0.249995864914,0.312808061614,
    0.33679572488,0.369496930312,0.412289325484,0.445775062711,
    0.463606047379,0.500000000001,0.536393952624,0.554224937292,
    0.587710674518,0.630503069691,0.663204275122,0.687191938389,
    0.750004135089,0.812816331821,0.836803995099,0.86950520056,
    0.912297595783,0.945783332722,1.),.UNSPECIFIED.);
#3465 = CARTESIAN_POINT('',(39.45520755861,1.025048525597E-14,10.));
#3466 = CARTESIAN_POINT('',(39.45520771716,-1.697164866565,10.));
#3467 = CARTESIAN_POINT('',(39.307615321151,-3.395484371019,10.));
#3468 = CARTESIAN_POINT('',(39.012074904737,-5.077316517348,10.));
#3469 = CARTESIAN_POINT('',(38.57393378529,-6.728040434167,10.));
#3470 = CARTESIAN_POINT('',(38.001683776728,-8.335487353811,10.));
#3471 = CARTESIAN_POINT('',(37.306032792542,-9.889718493818,10.));
#3472 = CARTESIAN_POINT('',(36.000737204131,-12.3050156757,10.));
#3473 = CARTESIAN_POINT('',(35.459762105072,-13.20417221436,10.));
#3474 = CARTESIAN_POINT('',(34.87884933047,-14.07869305564,10.));
#3475 = CARTESIAN_POINT('',(34.260709824715,-14.92737934387,10.));
#3476 = CARTESIAN_POINT('',(33.608003741038,-15.74936709652,10.));
#3477 = CARTESIAN_POINT('',(32.923262693937,-16.54407127206,10.));
#3478 = CARTESIAN_POINT('',(31.295846726107,-18.29141169414,10.));
#3479 = CARTESIAN_POINT('',(30.334449090969,-19.22647535501,10.));
#3480 = CARTESIAN_POINT('',(29.329498931236,-20.1156887896,10.));
#3481 = CARTESIAN_POINT('',(28.285517331942,-20.95880965497,10.));
#3482 = CARTESIAN_POINT('',(27.20662419768,-21.75592075287,10.));
#3483 = CARTESIAN_POINT('',(26.096473252517,-22.50734974643,10.));
#3484 = CARTESIAN_POINT('',(24.088328980085,-23.75328420474,10.));
#3485 = CARTESIAN_POINT('',(23.202095342838,-24.26655682623,10.));
#3486 = CARTESIAN_POINT('',(22.300914198901,-24.75361179588,10.));
#3487 = CARTESIAN_POINT('',(21.386113538469,-25.21467102689,10.));
#3488 = CARTESIAN_POINT('',(20.458918804175,-25.64996829091,10.));
#3489 = CARTESIAN_POINT('',(19.520450424067,-26.0597442177,10.));
#3490 = CARTESIAN_POINT('',(17.875789320198,-26.72628574675,10.));
#3491 = CARTESIAN_POINT('',(17.174345424529,-26.99472394227,10.));
#3492 = CARTESIAN_POINT('',(16.467794924583,-27.24964963197,10.));
#3493 = CARTESIAN_POINT('',(15.756523825724,-27.49115230391,10.));
#3494 = CARTESIAN_POINT('',(15.040898871671,-27.71931718362,10.));
#3495 = CARTESIAN_POINT('',(14.321267544501,-27.93422523409,10.));
#3496 = CARTESIAN_POINT('',(11.703958189441,-28.66418125154,10.));
#3497 = CARTESIAN_POINT('',(9.784930695906,-29.1019836113,10.));
#3498 = CARTESIAN_POINT('',(7.846518281088,-29.45082907065,10.));
#3499 = CARTESIAN_POINT('',(5.894013879583,-29.71172744211,10.));
#3500 = CARTESIAN_POINT('',(3.932385418154,-29.88539058228,10.));
#3501 = CARTESIAN_POINT('',(1.966278925508,-29.97223648455,10.));
#3502 = CARTESIAN_POINT('',(-1.966278930037,-29.97223648574,10.));
#3503 = CARTESIAN_POINT('',(-3.932385421849,-29.88539058473,10.));
#3504 = CARTESIAN_POINT('',(-5.894013882438,-29.71172744527,10.));
#3505 = CARTESIAN_POINT('',(-7.846518282954,-29.4508290733,10.));
#3506 = CARTESIAN_POINT('',(-9.784930696534,-29.10198361208,10.));
#3507 = CARTESIAN_POINT('',(-11.70395818855,-28.66418124963,10.));
#3508 = CARTESIAN_POINT('',(-14.32126754124,-27.93422522875,10.));
#3509 = CARTESIAN_POINT('',(-15.04089886776,-27.71931717734,10.));
#3510 = CARTESIAN_POINT('',(-15.75652382117,-27.49115229677,10.));
#3511 = CARTESIAN_POINT('',(-16.4677949194,-27.24964962411,10.));
#3512 = CARTESIAN_POINT('',(-17.17434541878,-26.99472393389,10.));
#3513 = CARTESIAN_POINT('',(-17.87578931395,-26.72628573809,10.));
#3514 = CARTESIAN_POINT('',(-19.52045041652,-26.05974420928,10.));
#3515 = CARTESIAN_POINT('',(-20.45891879591,-25.64996828328,10.));
#3516 = CARTESIAN_POINT('',(-21.38611352981,-25.21467102074,10.));
#3517 = CARTESIAN_POINT('',(-22.30091419028,-24.75361179198,10.));
#3518 = CARTESIAN_POINT('',(-23.20209533474,-24.26655682536,10.));
#3519 = CARTESIAN_POINT('',(-24.08832897302,-23.7532842076,10.));
#3520 = CARTESIAN_POINT('',(-26.09647324869,-22.50734975925,10.));
#3521 = CARTESIAN_POINT('',(-27.2066241963,-21.75592077228,10.));
#3522 = CARTESIAN_POINT('',(-28.28551733382,-20.95880968148,10.));
#3523 = CARTESIAN_POINT('',(-29.32949893668,-20.11568882291,10.));
#3524 = CARTESIAN_POINT('',(-30.33444909947,-19.22647539393,10.));
#3525 = CARTESIAN_POINT('',(-31.29584673619,-18.29141173673,10.));
#3526 = CARTESIAN_POINT('',(-32.92326270964,-16.54407130973,10.));
#3527 = CARTESIAN_POINT('',(-33.60800376119,-15.74936712588,10.));
#3528 = CARTESIAN_POINT('',(-34.26070984685,-14.92737936301,10.));
#3529 = CARTESIAN_POINT('',(-34.87884935178,-14.07869306281,10.));
#3530 = CARTESIAN_POINT('',(-35.45976212292,-13.20417220823,10.));
#3531 = CARTESIAN_POINT('',(-36.0007372166,-12.30501565566,10.));
#3532 = CARTESIAN_POINT('',(-36.76449597492,-10.89176898391,10.));
#3533 = CARTESIAN_POINT('',(-37.01779936232,-10.39417953204,10.));
#3534 = CARTESIAN_POINT('',(-37.25862056223,-9.890306045189,10.));
#3535 = CARTESIAN_POINT('',(-37.48656213407,-9.380424612494,10.));
#3536 = CARTESIAN_POINT('',(-37.70123761091,-8.864844308863,10.));
#3537 = CARTESIAN_POINT('',(-37.90227710817,-8.343909685553,10.));
#3538 = CARTESIAN_POINT('',(-38.47112339491,-6.744601369381,10.));
#3539 = CARTESIAN_POINT('',(-38.79471845025,-5.650325338232,10.));
#3540 = CARTESIAN_POINT('',(-39.05704997453,-4.538645465796,10.));
#3541 = CARTESIAN_POINT('',(-39.25564684362,-3.413386416593,10.));
#3542 = CARTESIAN_POINT('',(-39.38869967503,-2.27873739173,10.));
#3543 = CARTESIAN_POINT('',(-39.45520766968,-1.139275167206,10.));
#3544 = CARTESIAN_POINT('',(-39.45520766968,1.139275167206,10.));
#3545 = CARTESIAN_POINT('',(-39.38869967503,2.278737391731,10.));
#3546 = CARTESIAN_POINT('',(-39.25564684362,3.413386416593,10.));
#3547 = CARTESIAN_POINT('',(-39.05704997453,4.538645465796,10.));
#3548 = CARTESIAN_POINT('',(-38.79471845025,5.650325338233,10.));
#3549 = CARTESIAN_POINT('',(-38.47112339491,6.74460136938,10.));
#3550 = CARTESIAN_POINT('',(-37.90227710817,8.343909685553,10.));
#3551 = CARTESIAN_POINT('',(-37.70123761091,8.864844308863,10.));
#3552 = CARTESIAN_POINT('',(-37.48656213407,9.380424612494,10.));
#3553 = CARTESIAN_POINT('',(-37.25862056223,9.890306045189,10.));
#3554 = CARTESIAN_POINT('',(-37.01779936232,10.394179532047,10.));
#3555 = CARTESIAN_POINT('',(-36.76449597492,10.891768983919,10.));
#3556 = CARTESIAN_POINT('',(-36.0007372166,12.305015655664,10.));
#3557 = CARTESIAN_POINT('',(-35.45976212292,13.204172208236,10.));
#3558 = CARTESIAN_POINT('',(-34.87884935178,14.078693062811,10.));
#3559 = CARTESIAN_POINT('',(-34.26070984685,14.927379363017,10.));
#3560 = CARTESIAN_POINT('',(-33.60800376119,15.749367125885,10.));
#3561 = CARTESIAN_POINT('',(-32.92326270964,16.544071309735,10.));
#3562 = CARTESIAN_POINT('',(-31.29584673619,18.291411736739,10.));
#3563 = CARTESIAN_POINT('',(-30.33444909947,19.226475393936,10.));
#3564 = CARTESIAN_POINT('',(-29.32949893668,20.11568882291,10.));
#3565 = CARTESIAN_POINT('',(-28.28551733382,20.95880968148,10.));
#3566 = CARTESIAN_POINT('',(-27.2066241963,21.755920772284,10.));
#3567 = CARTESIAN_POINT('',(-26.09647324869,22.507349759252,10.));
#3568 = CARTESIAN_POINT('',(-24.08832897302,23.753284207607,10.));
#3569 = CARTESIAN_POINT('',(-23.20209533473,24.266556825365,10.));
#3570 = CARTESIAN_POINT('',(-22.30091419028,24.75361179198,10.));
#3571 = CARTESIAN_POINT('',(-21.38611352981,25.21467102074,10.));
#3572 = CARTESIAN_POINT('',(-20.45891879591,25.649968283281,10.));
#3573 = CARTESIAN_POINT('',(-19.52045041652,26.05974420928,10.));
#3574 = CARTESIAN_POINT('',(-17.87578931395,26.726285738099,10.));
#3575 = CARTESIAN_POINT('',(-17.17434541878,26.994723933899,10.));
#3576 = CARTESIAN_POINT('',(-16.4677949194,27.249649624119,10.));
#3577 = CARTESIAN_POINT('',(-15.75652382117,27.491152296777,10.));
#3578 = CARTESIAN_POINT('',(-15.04089886776,27.719317177346,10.));
#3579 = CARTESIAN_POINT('',(-14.32126754124,27.93422522875,10.));
#3580 = CARTESIAN_POINT('',(-11.70395818855,28.664181249639,10.));
#3581 = CARTESIAN_POINT('',(-9.784930696531,29.101983612085,10.));
#3582 = CARTESIAN_POINT('',(-7.846518282956,29.45082907331,10.));
#3583 = CARTESIAN_POINT('',(-5.89401388244,29.711727445281,10.));
#3584 = CARTESIAN_POINT('',(-3.932385421846,29.885390584732,10.));
#3585 = CARTESIAN_POINT('',(-1.966278930038,29.972236485742,10.));
#3586 = CARTESIAN_POINT('',(1.966278925508,29.972236484557,10.));
#3587 = CARTESIAN_POINT('',(3.932385418155,29.885390582285,10.));
#3588 = CARTESIAN_POINT('',(5.894013879583,29.71172744212,10.));
#3589 = CARTESIAN_POINT('',(7.846518281088,29.450829070657,10.));
#3590 = CARTESIAN_POINT('',(9.784930695906,29.101983611305,10.));
#3591 = CARTESIAN_POINT('',(11.70395818944,28.66418125155,10.));
#3592 = CARTESIAN_POINT('',(14.321267544501,27.934225234095,10.));
#3593 = CARTESIAN_POINT('',(15.040898871671,27.719317183625,10.));
#3594 = CARTESIAN_POINT('',(15.756523825724,27.491152303912,10.));
#3595 = CARTESIAN_POINT('',(16.467794924583,27.249649631973,10.));
#3596 = CARTESIAN_POINT('',(17.17434542453,26.994723942278,10.));
#3597 = CARTESIAN_POINT('',(17.875789320198,26.726285746756,10.));
#3598 = CARTESIAN_POINT('',(19.520450424066,26.059744217706,10.));
#3599 = CARTESIAN_POINT('',(20.458918804176,25.649968290919,10.));
#3600 = CARTESIAN_POINT('',(21.38611353847,25.214671026898,10.));
#3601 = CARTESIAN_POINT('',(22.300914198901,24.753611795887,10.));
#3602 = CARTESIAN_POINT('',(23.202095342837,24.266556826237,10.));
#3603 = CARTESIAN_POINT('',(24.088328980086,23.75328420474,10.));
#3604 = CARTESIAN_POINT('',(26.096473252517,22.507349746438,10.));
#3605 = CARTESIAN_POINT('',(27.206624197681,21.755920752873,10.));
#3606 = CARTESIAN_POINT('',(28.285517331943,20.958809654977,10.));
#3607 = CARTESIAN_POINT('',(29.329498931235,20.115688789604,10.));
#3608 = CARTESIAN_POINT('',(30.334449090969,19.226475355016,10.));
#3609 = CARTESIAN_POINT('',(31.295846726108,18.291411694143,10.));
#3610 = CARTESIAN_POINT('',(32.923262693938,16.544071272062,10.));
#3611 = CARTESIAN_POINT('',(33.608003741036,15.749367096524,10.));
#3612 = CARTESIAN_POINT('',(34.260709824715,14.927379343879,10.));
#3613 = CARTESIAN_POINT('',(34.878849330471,14.078693055643,10.));
#3614 = CARTESIAN_POINT('',(35.459762105072,13.204172214366,10.));
#3615 = CARTESIAN_POINT('',(36.000737204131,12.305015675708,10.));
#3616 = CARTESIAN_POINT('',(37.306032792548,9.889718493819,10.));
#3617 = CARTESIAN_POINT('',(38.001683776703,8.335487353809,10.));
#3618 = CARTESIAN_POINT('',(38.573933785335,6.728040434171,10.));
#3619 = CARTESIAN_POINT('',(39.012074904692,5.077316517343,10.));
#3620 = CARTESIAN_POINT('',(39.307615321177,3.395484371023,10.));
#3621 = CARTESIAN_POINT('',(39.455207717153,1.697164866564,10.));
#3622 = CARTESIAN_POINT('',(39.45520755861,-1.461851049564E-14,10.));
#3623 = PCURVE('',#461,#3624);
#3624 = DEFINITIONAL_REPRESENTATION('',(#3625),#3784);
#3625 = B_SPLINE_CURVE_WITH_KNOTS('',7,(#3626,#3627,#3628,#3629,#3630,
    #3631,#3632,#3633,#3634,#3635,#3636,#3637,#3638,#3639,#3640,#3641,
    #3642,#3643,#3644,#3645,#3646,#3647,#3648,#3649,#3650,#3651,#3652,
    #3653,#3654,#3655,#3656,#3657,#3658,#3659,#3660,#3661,#3662,#3663,
    #3664,#3665,#3666,#3667,#3668,#3669,#3670,#3671,#3672,#3673,#3674,
    #3675,#3676,#3677,#3678,#3679,#3680,#3681,#3682,#3683,#3684,#3685,
    #3686,#3687,#3688,#3689,#3690,#3691,#3692,#3693,#3694,#3695,#3696,
    #3697,#3698,#3699,#3700,#3701,#3702,#3703,#3704,#3705,#3706,#3707,
    #3708,#3709,#3710,#3711,#3712,#3713,#3714,#3715,#3716,#3717,#3718,
    #3719,#3720,#3721,#3722,#3723,#3724,#3725,#3726,#3727,#3728,#3729,
    #3730,#3731,#3732,#3733,#3734,#3735,#3736,#3737,#3738,#3739,#3740,
    #3741,#3742,#3743,#3744,#3745,#3746,#3747,#3748,#3749,#3750,#3751,
    #3752,#3753,#3754,#3755,#3756,#3757,#3758,#3759,#3760,#3761,#3762,
    #3763,#3764,#3765,#3766,#3767,#3768,#3769,#3770,#3771,#3772,#3773,
    #3774,#3775,#3776,#3777,#3778,#3779,#3780,#3781,#3782,#3783),
  .UNSPECIFIED.,.F.,.F.,(8,6,6,6,6,6,6,6,6,6,6,6,6,6,6,6,6,6,6,6,6,6,6,6
    ,6,6,8),(0.,5.421666727991E-02,8.770240421924E-02,0.130494799442,
    0.163196004903,0.187183668181,0.249995864914,0.312808061614,
    0.33679572488,0.369496930312,0.412289325484,0.445775062711,
    0.463606047379,0.500000000001,0.536393952624,0.554224937292,
    0.587710674518,0.630503069691,0.663204275122,0.687191938389,
    0.750004135089,0.812816331821,0.836803995099,0.86950520056,
    0.912297595783,0.945783332722,1.),.UNSPECIFIED.);
#3626 = CARTESIAN_POINT('',(38.172278139192,1.06581410364E-14));
#3627 = CARTESIAN_POINT('',(38.172278297743,-1.697164866565));
#3628 = CARTESIAN_POINT('',(38.024685901734,-3.395484371019));
#3629 = CARTESIAN_POINT('',(37.729145485319,-5.077316517348));
#3630 = CARTESIAN_POINT('',(37.291004365873,-6.728040434167));
#3631 = CARTESIAN_POINT('',(36.718754357311,-8.335487353811));
#3632 = CARTESIAN_POINT('',(36.023103373125,-9.889718493818));
#3633 = CARTESIAN_POINT('',(34.717807784714,-12.3050156757));
#3634 = CARTESIAN_POINT('',(34.176832685655,-13.20417221436));
#3635 = CARTESIAN_POINT('',(33.595919911053,-14.07869305564));
#3636 = CARTESIAN_POINT('',(32.977780405298,-14.92737934387));
#3637 = CARTESIAN_POINT('',(32.32507432162,-15.74936709652));
#3638 = CARTESIAN_POINT('',(31.64033327452,-16.54407127206));
#3639 = CARTESIAN_POINT('',(30.012917306689,-18.29141169414));
#3640 = CARTESIAN_POINT('',(29.051519671552,-19.22647535501));
#3641 = CARTESIAN_POINT('',(28.046569511819,-20.1156887896));
#3642 = CARTESIAN_POINT('',(27.002587912525,-20.95880965497));
#3643 = CARTESIAN_POINT('',(25.923694778263,-21.75592075287));
#3644 = CARTESIAN_POINT('',(24.813543833099,-22.50734974643));
#3645 = CARTESIAN_POINT('',(22.805399560668,-23.75328420474));
#3646 = CARTESIAN_POINT('',(21.919165923421,-24.26655682623));
#3647 = CARTESIAN_POINT('',(21.017984779484,-24.75361179588));
#3648 = CARTESIAN_POINT('',(20.103184119051,-25.21467102689));
#3649 = CARTESIAN_POINT('',(19.175989384757,-25.64996829091));
#3650 = CARTESIAN_POINT('',(18.23752100465,-26.0597442177));
#3651 = CARTESIAN_POINT('',(16.59285990078,-26.72628574675));
#3652 = CARTESIAN_POINT('',(15.891416005112,-26.99472394227));
#3653 = CARTESIAN_POINT('',(15.184865505166,-27.24964963197));
#3654 = CARTESIAN_POINT('',(14.473594406306,-27.49115230391));
#3655 = CARTESIAN_POINT('',(13.757969452254,-27.71931718362));
#3656 = CARTESIAN_POINT('',(13.038338125084,-27.93422523409));
#3657 = CARTESIAN_POINT('',(10.421028770023,-28.66418125154));
#3658 = CARTESIAN_POINT('',(8.502001276488,-29.1019836113));
#3659 = CARTESIAN_POINT('',(6.563588861671,-29.45082907065));
#3660 = CARTESIAN_POINT('',(4.611084460166,-29.71172744211));
#3661 = CARTESIAN_POINT('',(2.649455998737,-29.88539058228));
#3662 = CARTESIAN_POINT('',(0.68334950609,-29.97223648455));
#3663 = CARTESIAN_POINT('',(-3.249208349454,-29.97223648574));
#3664 = CARTESIAN_POINT('',(-5.215314841267,-29.88539058473));
#3665 = CARTESIAN_POINT('',(-7.176943301856,-29.71172744527));
#3666 = CARTESIAN_POINT('',(-9.129447702371,-29.4508290733));
#3667 = CARTESIAN_POINT('',(-11.06786011595,-29.10198361208));
#3668 = CARTESIAN_POINT('',(-12.98688760796,-28.66418124963));
#3669 = CARTESIAN_POINT('',(-15.60419696066,-27.93422522875));
#3670 = CARTESIAN_POINT('',(-16.32382828718,-27.71931717734));
#3671 = CARTESIAN_POINT('',(-17.03945324058,-27.49115229677));
#3672 = CARTESIAN_POINT('',(-17.75072433882,-27.24964962411));
#3673 = CARTESIAN_POINT('',(-18.45727483819,-26.99472393389));
#3674 = CARTESIAN_POINT('',(-19.15871873337,-26.72628573809));
#3675 = CARTESIAN_POINT('',(-20.80337983593,-26.05974420928));
#3676 = CARTESIAN_POINT('',(-21.74184821533,-25.64996828328));
#3677 = CARTESIAN_POINT('',(-22.66904294923,-25.21467102074));
#3678 = CARTESIAN_POINT('',(-23.5838436097,-24.75361179198));
#3679 = CARTESIAN_POINT('',(-24.48502475415,-24.26655682536));
#3680 = CARTESIAN_POINT('',(-25.37125839244,-23.7532842076));
#3681 = CARTESIAN_POINT('',(-27.37940266811,-22.50734975925));
#3682 = CARTESIAN_POINT('',(-28.48955361572,-21.75592077228));
#3683 = CARTESIAN_POINT('',(-29.56844675323,-20.95880968148));
#3684 = CARTESIAN_POINT('',(-30.6124283561,-20.11568882291));
#3685 = CARTESIAN_POINT('',(-31.61737851889,-19.22647539393));
#3686 = CARTESIAN_POINT('',(-32.57877615561,-18.29141173673));
#3687 = CARTESIAN_POINT('',(-34.20619212906,-16.54407130973));
#3688 = CARTESIAN_POINT('',(-34.8909331806,-15.74936712588));
#3689 = CARTESIAN_POINT('',(-35.54363926627,-14.92737936301));
#3690 = CARTESIAN_POINT('',(-36.1617787712,-14.07869306281));
#3691 = CARTESIAN_POINT('',(-36.74269154234,-13.20417220823));
#3692 = CARTESIAN_POINT('',(-37.28366663601,-12.30501565566));
#3693 = CARTESIAN_POINT('',(-38.04742539434,-10.89176898391));
#3694 = CARTESIAN_POINT('',(-38.30072878174,-10.39417953204));
#3695 = CARTESIAN_POINT('',(-38.54154998164,-9.890306045189));
#3696 = CARTESIAN_POINT('',(-38.76949155348,-9.380424612494));
#3697 = CARTESIAN_POINT('',(-38.98416703033,-8.864844308863));
#3698 = CARTESIAN_POINT('',(-39.18520652758,-8.343909685553));
#3699 = CARTESIAN_POINT('',(-39.75405281432,-6.744601369381));
#3700 = CARTESIAN_POINT('',(-40.07764786967,-5.650325338232));
#3701 = CARTESIAN_POINT('',(-40.33997939395,-4.538645465796));
#3702 = CARTESIAN_POINT('',(-40.53857626304,-3.413386416593));
#3703 = CARTESIAN_POINT('',(-40.67162909445,-2.27873739173));
#3704 = CARTESIAN_POINT('',(-40.73813708909,-1.139275167206));
#3705 = CARTESIAN_POINT('',(-40.73813708909,1.139275167206));
#3706 = CARTESIAN_POINT('',(-40.67162909445,2.278737391731));
#3707 = CARTESIAN_POINT('',(-40.53857626304,3.413386416593));
#3708 = CARTESIAN_POINT('',(-40.33997939395,4.538645465796));
#3709 = CARTESIAN_POINT('',(-40.07764786967,5.650325338233));
#3710 = CARTESIAN_POINT('',(-39.75405281432,6.74460136938));
#3711 = CARTESIAN_POINT('',(-39.18520652758,8.343909685553));
#3712 = CARTESIAN_POINT('',(-38.98416703033,8.864844308863));
#3713 = CARTESIAN_POINT('',(-38.76949155348,9.380424612494));
#3714 = CARTESIAN_POINT('',(-38.54154998164,9.890306045189));
#3715 = CARTESIAN_POINT('',(-38.30072878174,10.394179532047));
#3716 = CARTESIAN_POINT('',(-38.04742539434,10.891768983919));
#3717 = CARTESIAN_POINT('',(-37.28366663601,12.305015655664));
#3718 = CARTESIAN_POINT('',(-36.74269154234,13.204172208236));
#3719 = CARTESIAN_POINT('',(-36.1617787712,14.078693062811));
#3720 = CARTESIAN_POINT('',(-35.54363926627,14.927379363017));
#3721 = CARTESIAN_POINT('',(-34.8909331806,15.749367125885));
#3722 = CARTESIAN_POINT('',(-34.20619212906,16.544071309735));
#3723 = CARTESIAN_POINT('',(-32.57877615561,18.291411736739));
#3724 = CARTESIAN_POINT('',(-31.61737851889,19.226475393936));
#3725 = CARTESIAN_POINT('',(-30.6124283561,20.11568882291));
#3726 = CARTESIAN_POINT('',(-29.56844675323,20.95880968148));
#3727 = CARTESIAN_POINT('',(-28.48955361572,21.755920772284));
#3728 = CARTESIAN_POINT('',(-27.37940266811,22.507349759252));
#3729 = CARTESIAN_POINT('',(-25.37125839244,23.753284207607));
#3730 = CARTESIAN_POINT('',(-24.48502475415,24.266556825365));
#3731 = CARTESIAN_POINT('',(-23.5838436097,24.75361179198));
#3732 = CARTESIAN_POINT('',(-22.66904294923,25.21467102074));
#3733 = CARTESIAN_POINT('',(-21.74184821533,25.649968283281));
#3734 = CARTESIAN_POINT('',(-20.80337983593,26.05974420928));
#3735 = CARTESIAN_POINT('',(-19.15871873337,26.726285738099));
#3736 = CARTESIAN_POINT('',(-18.45727483819,26.994723933899));
#3737 = CARTESIAN_POINT('',(-17.75072433882,27.249649624119));
#3738 = CARTESIAN_POINT('',(-17.03945324058,27.491152296777));
#3739 = CARTESIAN_POINT('',(-16.32382828718,27.719317177346));
#3740 = CARTESIAN_POINT('',(-15.60419696066,27.93422522875));
#3741 = CARTESIAN_POINT('',(-12.98688760797,28.664181249639));
#3742 = CARTESIAN_POINT('',(-11.06786011594,29.101983612085));
#3743 = CARTESIAN_POINT('',(-9.129447702373,29.45082907331));
#3744 = CARTESIAN_POINT('',(-7.176943301857,29.711727445281));
#3745 = CARTESIAN_POINT('',(-5.215314841263,29.885390584732));
#3746 = CARTESIAN_POINT('',(-3.249208349455,29.972236485742));
#3747 = CARTESIAN_POINT('',(0.68334950609,29.972236484557));
#3748 = CARTESIAN_POINT('',(2.649455998737,29.885390582285));
#3749 = CARTESIAN_POINT('',(4.611084460166,29.71172744212));
#3750 = CARTESIAN_POINT('',(6.563588861671,29.450829070657));
#3751 = CARTESIAN_POINT('',(8.502001276489,29.101983611305));
#3752 = CARTESIAN_POINT('',(10.421028770023,28.66418125155));
#3753 = CARTESIAN_POINT('',(13.038338125084,27.934225234095));
#3754 = CARTESIAN_POINT('',(13.757969452254,27.719317183625));
#3755 = CARTESIAN_POINT('',(14.473594406306,27.491152303912));
#3756 = CARTESIAN_POINT('',(15.184865505166,27.249649631973));
#3757 = CARTESIAN_POINT('',(15.891416005112,26.994723942278));
#3758 = CARTESIAN_POINT('',(16.592859900781,26.726285746756));
#3759 = CARTESIAN_POINT('',(18.237521004649,26.059744217706));
#3760 = CARTESIAN_POINT('',(19.175989384758,25.649968290919));
#3761 = CARTESIAN_POINT('',(20.103184119052,25.214671026898));
#3762 = CARTESIAN_POINT('',(21.017984779484,24.753611795887));
#3763 = CARTESIAN_POINT('',(21.91916592342,24.266556826237));
#3764 = CARTESIAN_POINT('',(22.805399560669,23.75328420474));
#3765 = CARTESIAN_POINT('',(24.813543833099,22.507349746438));
#3766 = CARTESIAN_POINT('',(25.923694778263,21.755920752873));
#3767 = CARTESIAN_POINT('',(27.002587912526,20.958809654977));
#3768 = CARTESIAN_POINT('',(28.046569511818,20.115688789604));
#3769 = CARTESIAN_POINT('',(29.051519671552,19.226475355016));
#3770 = CARTESIAN_POINT('',(30.01291730669,18.291411694143));
#3771 = CARTESIAN_POINT('',(31.64033327452,16.544071272062));
#3772 = CARTESIAN_POINT('',(32.325074321619,15.749367096524));
#3773 = CARTESIAN_POINT('',(32.977780405298,14.927379343879));
#3774 = CARTESIAN_POINT('',(33.595919911054,14.078693055643));
#3775 = CARTESIAN_POINT('',(34.176832685655,13.204172214366));
#3776 = CARTESIAN_POINT('',(34.717807784714,12.305015675708));
#3777 = CARTESIAN_POINT('',(36.023103373131,9.889718493819));
#3778 = CARTESIAN_POINT('',(36.718754357286,8.335487353809));
#3779 = CARTESIAN_POINT('',(37.291004365917,6.728040434171));
#3780 = CARTESIAN_POINT('',(37.729145485275,5.077316517343));
#3781 = CARTESIAN_POINT('',(38.02468590176,3.395484371023));
#3782 = CARTESIAN_POINT('',(38.172278297736,1.697164866564));
#3783 = CARTESIAN_POINT('',(38.172278139192,-1.42108547152E-14));
#3784 = ( GEOMETRIC_REPRESENTATION_CONTEXT(2) 
PARAMETRIC_REPRESENTATION_CONTEXT() REPRESENTATION_CONTEXT('2D SPACE',''
  ) );
#3785 = PCURVE('',#557,#3786);
#3786 = DEFINITIONAL_REPRESENTATION('',(#3787),#3946);
#3787 = B_SPLINE_CURVE_WITH_KNOTS('',7,(#3788,#3789,#3790,#3791,#3792,
    #3793,#3794,#3795,#3796,#3797,#3798,#3799,#3800,#3801,#3802,#3803,
    #3804,#3805,#3806,#3807,#3808,#3809,#3810,#3811,#3812,#3813,#3814,
    #3815,#3816,#3817,#3818,#3819,#3820,#3821,#3822,#3823,#3824,#3825,
    #3826,#3827,#3828,#3829,#3830,#3831,#3832,#3833,#3834,#3835,#3836,
    #3837,#3838,#3839,#3840,#3841,#3842,#3843,#3844,#3845,#3846,#3847,
    #3848,#3849,#3850,#3851,#3852,#3853,#3854,#3855,#3856,#3857,#3858,
    #3859,#3860,#3861,#3862,#3863,#3864,#3865,#3866,#3867,#3868,#3869,
    #3870,#3871,#3872,#3873,#3874,#3875,#3876,#3877,#3878,#3879,#3880,
    #3881,#3882,#3883,#3884,#3885,#3886,#3887,#3888,#3889,#3890,#3891,
    #3892,#3893,#3894,#3895,#3896,#3897,#3898,#3899,#3900,#3901,#3902,
    #3903,#3904,#3905,#3906,#3907,#3908,#3909,#3910,#3911,#3912,#3913,
    #3914,#3915,#3916,#3917,#3918,#3919,#3920,#3921,#3922,#3923,#3924,
    #3925,#3926,#3927,#3928,#3929,#3930,#3931,#3932,#3933,#3934,#3935,
    #3936,#3937,#3938,#3939,#3940,#3941,#3942,#3943,#3944,#3945),
  .UNSPECIFIED.,.F.,.F.,(8,6,6,6,6,6,6,6,6,6,6,6,6,6,6,6,6,6,6,6,6,6,6,6
    ,6,6,8),(0.,5.421666727991E-02,8.770240421924E-02,0.130494799442,
    0.163196004903,0.187183668181,0.249995864914,0.312808061614,
    0.33679572488,0.369496930312,0.412289325484,0.445775062711,
    0.463606047379,0.500000000001,0.536393952624,0.554224937292,
    0.587710674518,0.630503069691,0.663204275122,0.687191938389,
    0.750004135089,0.812816331821,0.836803995099,0.86950520056,
    0.912297595783,0.945783332722,1.),.UNSPECIFIED.);
#3788 = CARTESIAN_POINT('',(1.,0.199130604948));
#3789 = CARTESIAN_POINT('',(0.990987919885,0.199130604948));
#3790 = CARTESIAN_POINT('',(0.981969713757,0.199130604948));
#3791 = CARTESIAN_POINT('',(0.972991841119,0.199130604948));
#3792 = CARTESIAN_POINT('',(0.964084526495,0.199130604948));
#3793 = CARTESIAN_POINT('',(0.95527113123,0.199130604948));
#3794 = CARTESIAN_POINT('',(0.946570672242,0.199130604948));
#3795 = CARTESIAN_POINT('',(0.932706512029,0.199130604948));
#3796 = CARTESIAN_POINT('',(0.927460895162,0.199130604948));
#3797 = CARTESIAN_POINT('',(0.922265544629,0.199130604948));
#3798 = CARTESIAN_POINT('',(0.91712172393,0.199130604948));
#3799 = CARTESIAN_POINT('',(0.912029850043,0.199130604948));
#3800 = CARTESIAN_POINT('',(0.906989623026,0.199130604948));
#3801 = CARTESIAN_POINT('',(0.895623615902,0.199130604948));
#3802 = CARTESIAN_POINT('',(0.889330405206,0.199130604948));
#3803 = CARTESIAN_POINT('',(0.883117736522,0.199130604948));
#3804 = CARTESIAN_POINT('',(0.876982476547,0.199130604948));
#3805 = CARTESIAN_POINT('',(0.870920881155,0.199130604948));
#3806 = CARTESIAN_POINT('',(0.864928486481,0.199130604948));
#3807 = CARTESIAN_POINT('',(0.854469553563,0.199130604948));
#3808 = CARTESIAN_POINT('',(0.849976700088,0.199130604948));
#3809 = CARTESIAN_POINT('',(0.845519217279,0.199130604948));
#3810 = CARTESIAN_POINT('',(0.841094959019,0.199130604948));
#3811 = CARTESIAN_POINT('',(0.836701797604,0.199130604948));
#3812 = CARTESIAN_POINT('',(0.832337565985,0.199130604948));
#3813 = CARTESIAN_POINT('',(0.824818219059,0.199130604948));
#3814 = CARTESIAN_POINT('',(0.821650821104,0.199130604948));
#3815 = CARTESIAN_POINT('',(0.818496952428,0.199130604948));
#3816 = CARTESIAN_POINT('',(0.815355767998,0.199130604948));
#3817 = CARTESIAN_POINT('',(0.812226431459,0.199130604948));
#3818 = CARTESIAN_POINT('',(0.809108115128,0.199130604948));
#3819 = CARTESIAN_POINT('',(0.797861335696,0.199130604948));
#3820 = CARTESIAN_POINT('',(0.789793373945,0.199130604948));
#3821 = CARTESIAN_POINT('',(0.781780078725,0.199130604948));
#3822 = CARTESIAN_POINT('',(0.773807511895,0.199130604948));
#3823 = CARTESIAN_POINT('',(0.765862517325,0.199130604948));
#3824 = CARTESIAN_POINT('',(0.757931599988,0.199130604948));
#3825 = CARTESIAN_POINT('',(0.742068400016,0.199130604948));
#3826 = CARTESIAN_POINT('',(0.734137482681,0.199130604948));
#3827 = CARTESIAN_POINT('',(0.72619248811,0.199130604948));
#3828 = CARTESIAN_POINT('',(0.718219921278,0.199130604948));
#3829 = CARTESIAN_POINT('',(0.710206626057,0.199130604948));
#3830 = CARTESIAN_POINT('',(0.702138664304,0.199130604948));
#3831 = CARTESIAN_POINT('',(0.690891884872,0.199130604948));
#3832 = CARTESIAN_POINT('',(0.687773568541,0.199130604948));
#3833 = CARTESIAN_POINT('',(0.684644232001,0.199130604948));
#3834 = CARTESIAN_POINT('',(0.681503047572,0.199130604948));
#3835 = CARTESIAN_POINT('',(0.678349178896,0.199130604948));
#3836 = CARTESIAN_POINT('',(0.675181780941,0.199130604948));
#3837 = CARTESIAN_POINT('',(0.667662434017,0.199130604948));
#3838 = CARTESIAN_POINT('',(0.663298202399,0.199130604948));
#3839 = CARTESIAN_POINT('',(0.658905040986,0.199130604948));
#3840 = CARTESIAN_POINT('',(0.654480782726,0.199130604948));
#3841 = CARTESIAN_POINT('',(0.650023299917,0.199130604948));
#3842 = CARTESIAN_POINT('',(0.64553044644,0.199130604948));
#3843 = CARTESIAN_POINT('',(0.635071513517,0.199130604948));
#3844 = CARTESIAN_POINT('',(0.629079118838,0.199130604948));
#3845 = CARTESIAN_POINT('',(0.623017523441,0.199130604948));
#3846 = CARTESIAN_POINT('',(0.616882263459,0.199130604948));
#3847 = CARTESIAN_POINT('',(0.610669594771,0.199130604948));
#3848 = CARTESIAN_POINT('',(0.60437638408,0.199130604948));
#3849 = CARTESIAN_POINT('',(0.59301037694,0.199130604948));
#3850 = CARTESIAN_POINT('',(0.587970149896,0.199130604948));
#3851 = CARTESIAN_POINT('',(0.582878275994,0.199130604948));
#3852 = CARTESIAN_POINT('',(0.577734455293,0.199130604948));
#3853 = CARTESIAN_POINT('',(0.572539104774,0.199130604948));
#3854 = CARTESIAN_POINT('',(0.567293487935,0.199130604948));
#3855 = CARTESIAN_POINT('',(0.559181244613,0.199130604948));
#3856 = CARTESIAN_POINT('',(0.556348918631,0.199130604948));
#3857 = CARTESIAN_POINT('',(0.553503403074,0.199130604948));
#3858 = CARTESIAN_POINT('',(0.550645154828,0.199130604948));
#3859 = CARTESIAN_POINT('',(0.547774719941,0.199130604948));
#3860 = CARTESIAN_POINT('',(0.544892746915,0.199130604948));
#3861 = CARTESIAN_POINT('',(0.536095755442,0.199130604948));
#3862 = CARTESIAN_POINT('',(0.530145740493,0.199130604948));
#3863 = CARTESIAN_POINT('',(0.524157689217,0.199130604948));
#3864 = CARTESIAN_POINT('',(0.518139631876,0.199130604948));
#3865 = CARTESIAN_POINT('',(0.512100273666,0.199130604948));
#3866 = CARTESIAN_POINT('',(0.506049641668,0.199130604948));
#3867 = CARTESIAN_POINT('',(0.493950358332,0.199130604948));
#3868 = CARTESIAN_POINT('',(0.487899726334,0.199130604948));
#3869 = CARTESIAN_POINT('',(0.481860368124,0.199130604948));
#3870 = CARTESIAN_POINT('',(0.475842310783,0.199130604948));
#3871 = CARTESIAN_POINT('',(0.469854259507,0.199130604948));
#3872 = CARTESIAN_POINT('',(0.463904244558,0.199130604948));
#3873 = CARTESIAN_POINT('',(0.455107253085,0.199130604948));
#3874 = CARTESIAN_POINT('',(0.452225280059,0.199130604948));
#3875 = CARTESIAN_POINT('',(0.449354845172,0.199130604948));
#3876 = CARTESIAN_POINT('',(0.446496596926,0.199130604948));
#3877 = CARTESIAN_POINT('',(0.443651081369,0.199130604948));
#3878 = CARTESIAN_POINT('',(0.440818755387,0.199130604948));
#3879 = CARTESIAN_POINT('',(0.432706512065,0.199130604948));
#3880 = CARTESIAN_POINT('',(0.427460895226,0.199130604948));
#3881 = CARTESIAN_POINT('',(0.422265544707,0.199130604948));
#3882 = CARTESIAN_POINT('',(0.417121724006,0.199130604948));
#3883 = CARTESIAN_POINT('',(0.412029850104,0.199130604948));
#3884 = CARTESIAN_POINT('',(0.40698962306,0.199130604948));
#3885 = CARTESIAN_POINT('',(0.39562361592,0.199130604948));
#3886 = CARTESIAN_POINT('',(0.389330405229,0.199130604948));
#3887 = CARTESIAN_POINT('',(0.383117736541,0.199130604948));
#3888 = CARTESIAN_POINT('',(0.376982476559,0.199130604948));
#3889 = CARTESIAN_POINT('',(0.370920881162,0.199130604948));
#3890 = CARTESIAN_POINT('',(0.364928486483,0.199130604948));
#3891 = CARTESIAN_POINT('',(0.35446955356,0.199130604948));
#3892 = CARTESIAN_POINT('',(0.349976700083,0.199130604948));
#3893 = CARTESIAN_POINT('',(0.345519217274,0.199130604948));
#3894 = CARTESIAN_POINT('',(0.341094959014,0.199130604948));
#3895 = CARTESIAN_POINT('',(0.336701797601,0.199130604948));
#3896 = CARTESIAN_POINT('',(0.332337565983,0.199130604948));
#3897 = CARTESIAN_POINT('',(0.324818219059,0.199130604948));
#3898 = CARTESIAN_POINT('',(0.321650821104,0.199130604948));
#3899 = CARTESIAN_POINT('',(0.318496952428,0.199130604948));
#3900 = CARTESIAN_POINT('',(0.315355767999,0.199130604948));
#3901 = CARTESIAN_POINT('',(0.312226431459,0.199130604948));
#3902 = CARTESIAN_POINT('',(0.309108115128,0.199130604948));
#3903 = CARTESIAN_POINT('',(0.297861335696,0.199130604948));
#3904 = CARTESIAN_POINT('',(0.289793373943,0.199130604948));
#3905 = CARTESIAN_POINT('',(0.281780078722,0.199130604948));
#3906 = CARTESIAN_POINT('',(0.27380751189,0.199130604948));
#3907 = CARTESIAN_POINT('',(0.265862517319,0.199130604948));
#3908 = CARTESIAN_POINT('',(0.257931599984,0.199130604948));
#3909 = CARTESIAN_POINT('',(0.242068400012,0.199130604948));
#3910 = CARTESIAN_POINT('',(0.234137482675,0.199130604948));
#3911 = CARTESIAN_POINT('',(0.226192488105,0.199130604948));
#3912 = CARTESIAN_POINT('',(0.218219921275,0.199130604948));
#3913 = CARTESIAN_POINT('',(0.210206626055,0.199130604948));
#3914 = CARTESIAN_POINT('',(0.202138664304,0.199130604948));
#3915 = CARTESIAN_POINT('',(0.190891884872,0.199130604948));
#3916 = CARTESIAN_POINT('',(0.187773568541,0.199130604948));
#3917 = CARTESIAN_POINT('',(0.184644232002,0.199130604948));
#3918 = CARTESIAN_POINT('',(0.181503047572,0.199130604948));
#3919 = CARTESIAN_POINT('',(0.178349178896,0.199130604948));
#3920 = CARTESIAN_POINT('',(0.175181780941,0.199130604948));
#3921 = CARTESIAN_POINT('',(0.167662434015,0.199130604948));
#3922 = CARTESIAN_POINT('',(0.163298202396,0.199130604948));
#3923 = CARTESIAN_POINT('',(0.158905040981,0.199130604948));
#3924 = CARTESIAN_POINT('',(0.154480782721,0.199130604948));
#3925 = CARTESIAN_POINT('',(0.150023299912,0.199130604948));
#3926 = CARTESIAN_POINT('',(0.145530446437,0.199130604948));
#3927 = CARTESIAN_POINT('',(0.135071513519,0.199130604948));
#3928 = CARTESIAN_POINT('',(0.129079118845,0.199130604948));
#3929 = CARTESIAN_POINT('',(0.123017523453,0.199130604948));
#3930 = CARTESIAN_POINT('',(0.116882263478,0.199130604948));
#3931 = CARTESIAN_POINT('',(0.110669594794,0.199130604948));
#3932 = CARTESIAN_POINT('',(0.104376384098,0.199130604948));
#3933 = CARTESIAN_POINT('',(9.301037697385E-02,0.199130604948));
#3934 = CARTESIAN_POINT('',(8.797014995668E-02,0.199130604948));
#3935 = CARTESIAN_POINT('',(8.287827607036E-02,0.199130604948));
#3936 = CARTESIAN_POINT('',(7.773445537114E-02,0.199130604948));
#3937 = CARTESIAN_POINT('',(7.253910483806E-02,0.199130604948));
#3938 = CARTESIAN_POINT('',(6.729348797125E-02,0.199130604948));
#3939 = CARTESIAN_POINT('',(5.342932775822E-02,0.199130604948));
#3940 = CARTESIAN_POINT('',(4.472886876913E-02,0.199130604948));
#3941 = CARTESIAN_POINT('',(3.591547350626E-02,0.199130604948));
#3942 = CARTESIAN_POINT('',(2.700815887937E-02,0.199130604948));
#3943 = CARTESIAN_POINT('',(1.803028624392E-02,0.199130604948));
#3944 = CARTESIAN_POINT('',(9.012080114827E-03,0.199130604948));
#3945 = CARTESIAN_POINT('',(0.,0.199130604948));
#3946 = ( GEOMETRIC_REPRESENTATION_CONTEXT(2) 
PARAMETRIC_REPRESENTATION_CONTEXT() REPRESENTATION_CONTEXT('2D SPACE',''
  ) );
#3947 = ORIENTED_EDGE('',*,*,#1717,.T.);
#3948 = ORIENTED_EDGE('',*,*,#3949,.T.);
#3949 = EDGE_CURVE('',#1680,#1834,#3950,.T.);
#3950 = SURFACE_CURVE('',#3951,(#4110,#4272),.PCURVE_S1.);
#3951 = B_SPLINE_CURVE_WITH_KNOTS('',7,(#3952,#3953,#3954,#3955,#3956,
    #3957,#3958,#3959,#3960,#3961,#3962,#3963,#3964,#3965,#3966,#3967,
    #3968,#3969,#3970,#3971,#3972,#3973,#3974,#3975,#3976,#3977,#3978,
    #3979,#3980,#3981,#3982,#3983,#3984,#3985,#3986,#3987,#3988,#3989,
    #3990,#3991,#3992,#3993,#3994,#3995,#3996,#3997,#3998,#3999,#4000,
    #4001,#4002,#4003,#4004,#4005,#4006,#4007,#4008,#4009,#4010,#4011,
    #4012,#4013,#4014,#4015,#4016,#4017,#4018,#4019,#4020,#4021,#4022,
    #4023,#4024,#4025,#4026,#4027,#4028,#4029,#4030,#4031,#4032,#4033,
    #4034,#4035,#4036,#4037,#4038,#4039,#4040,#4041,#4042,#4043,#4044,
    #4045,#4046,#4047,#4048,#4049,#4050,#4051,#4052,#4053,#4054,#4055,
    #4056,#4057,#4058,#4059,#4060,#4061,#4062,#4063,#4064,#4065,#4066,
    #4067,#4068,#4069,#4070,#4071,#4072,#4073,#4074,#4075,#4076,#4077,
    #4078,#4079,#4080,#4081,#4082,#4083,#4084,#4085,#4086,#4087,#4088,
    #4089,#4090,#4091,#4092,#4093,#4094,#4095,#4096,#4097,#4098,#4099,
    #4100,#4101,#4102,#4103,#4104,#4105,#4106,#4107,#4108,#4109),
  .UNSPECIFIED.,.T.,.F.,(8,6,6,6,6,6,6,6,6,6,6,6,6,6,6,6,6,6,6,6,6,6,6,6
    ,6,6,8),(0.,5.421666727991E-02,8.770240421924E-02,0.130494799442,
    0.163196004903,0.187183668181,0.249995864914,0.312808061614,
    0.33679572488,0.369496930312,0.412289325484,0.445775062711,
    0.463606047379,0.500000000001,0.536393952624,0.554224937292,
    0.587710674518,0.630503069691,0.663204275122,0.687191938389,
    0.750004135089,0.812816331821,0.836803995099,0.86950520056,
    0.912297595783,0.945783332722,1.),.UNSPECIFIED.);
#3952 = CARTESIAN_POINT('',(39.45520755861,1.025048525597E-14,10.));
#3953 = CARTESIAN_POINT('',(39.45520771716,-1.697164866565,10.));
#3954 = CARTESIAN_POINT('',(39.307615321151,-3.395484371019,10.));
#3955 = CARTESIAN_POINT('',(39.012074904737,-5.077316517348,10.));
#3956 = CARTESIAN_POINT('',(38.57393378529,-6.728040434167,10.));
#3957 = CARTESIAN_POINT('',(38.001683776728,-8.335487353811,10.));
#3958 = CARTESIAN_POINT('',(37.306032792542,-9.889718493818,10.));
#3959 = CARTESIAN_POINT('',(36.000737204131,-12.3050156757,10.));
#3960 = CARTESIAN_POINT('',(35.459762105072,-13.20417221436,10.));
#3961 = CARTESIAN_POINT('',(34.87884933047,-14.07869305564,10.));
#3962 = CARTESIAN_POINT('',(34.260709824715,-14.92737934387,10.));
#3963 = CARTESIAN_POINT('',(33.608003741038,-15.74936709652,10.));
#3964 = CARTESIAN_POINT('',(32.923262693937,-16.54407127206,10.));
#3965 = CARTESIAN_POINT('',(31.295846726107,-18.29141169414,10.));
#3966 = CARTESIAN_POINT('',(30.334449090969,-19.22647535501,10.));
#3967 = CARTESIAN_POINT('',(29.329498931236,-20.1156887896,10.));
#3968 = CARTESIAN_POINT('',(28.285517331942,-20.95880965497,10.));
#3969 = CARTESIAN_POINT('',(27.20662419768,-21.75592075287,10.));
#3970 = CARTESIAN_POINT('',(26.096473252517,-22.50734974643,10.));
#3971 = CARTESIAN_POINT('',(24.088328980085,-23.75328420474,10.));
#3972 = CARTESIAN_POINT('',(23.202095342838,-24.26655682623,10.));
#3973 = CARTESIAN_POINT('',(22.300914198901,-24.75361179588,10.));
#3974 = CARTESIAN_POINT('',(21.386113538469,-25.21467102689,10.));
#3975 = CARTESIAN_POINT('',(20.458918804175,-25.64996829091,10.));
#3976 = CARTESIAN_POINT('',(19.520450424067,-26.0597442177,10.));
#3977 = CARTESIAN_POINT('',(17.875789320198,-26.72628574675,10.));
#3978 = CARTESIAN_POINT('',(17.174345424529,-26.99472394227,10.));
#3979 = CARTESIAN_POINT('',(16.467794924583,-27.24964963197,10.));
#3980 = CARTESIAN_POINT('',(15.756523825724,-27.49115230391,10.));
#3981 = CARTESIAN_POINT('',(15.040898871671,-27.71931718362,10.));
#3982 = CARTESIAN_POINT('',(14.321267544501,-27.93422523409,10.));
#3983 = CARTESIAN_POINT('',(11.703958189441,-28.66418125154,10.));
#3984 = CARTESIAN_POINT('',(9.784930695906,-29.1019836113,10.));
#3985 = CARTESIAN_POINT('',(7.846518281088,-29.45082907065,10.));
#3986 = CARTESIAN_POINT('',(5.894013879583,-29.71172744211,10.));
#3987 = CARTESIAN_POINT('',(3.932385418154,-29.88539058228,10.));
#3988 = CARTESIAN_POINT('',(1.966278925508,-29.97223648455,10.));
#3989 = CARTESIAN_POINT('',(-1.966278930037,-29.97223648574,10.));
#3990 = CARTESIAN_POINT('',(-3.932385421849,-29.88539058473,10.));
#3991 = CARTESIAN_POINT('',(-5.894013882438,-29.71172744527,10.));
#3992 = CARTESIAN_POINT('',(-7.846518282954,-29.4508290733,10.));
#3993 = CARTESIAN_POINT('',(-9.784930696534,-29.10198361208,10.));
#3994 = CARTESIAN_POINT('',(-11.70395818855,-28.66418124963,10.));
#3995 = CARTESIAN_POINT('',(-14.32126754124,-27.93422522875,10.));
#3996 = CARTESIAN_POINT('',(-15.04089886776,-27.71931717734,10.));
#3997 = CARTESIAN_POINT('',(-15.75652382117,-27.49115229677,10.));
#3998 = CARTESIAN_POINT('',(-16.4677949194,-27.24964962411,10.));
#3999 = CARTESIAN_POINT('',(-17.17434541878,-26.99472393389,10.));
#4000 = CARTESIAN_POINT('',(-17.87578931395,-26.72628573809,10.));
#4001 = CARTESIAN_POINT('',(-19.52045041652,-26.05974420928,10.));
#4002 = CARTESIAN_POINT('',(-20.45891879591,-25.64996828328,10.));
#4003 = CARTESIAN_POINT('',(-21.38611352981,-25.21467102074,10.));
#4004 = CARTESIAN_POINT('',(-22.30091419028,-24.75361179198,10.));
#4005 = CARTESIAN_POINT('',(-23.20209533474,-24.26655682536,10.));
#4006 = CARTESIAN_POINT('',(-24.08832897302,-23.7532842076,10.));
#4007 = CARTESIAN_POINT('',(-26.09647324869,-22.50734975925,10.));
#4008 = CARTESIAN_POINT('',(-27.2066241963,-21.75592077228,10.));
#4009 = CARTESIAN_POINT('',(-28.28551733382,-20.95880968148,10.));
#4010 = CARTESIAN_POINT('',(-29.32949893668,-20.11568882291,10.));
#4011 = CARTESIAN_POINT('',(-30.33444909947,-19.22647539393,10.));
#4012 = CARTESIAN_POINT('',(-31.29584673619,-18.29141173673,10.));
#4013 = CARTESIAN_POINT('',(-32.92326270964,-16.54407130973,10.));
#4014 = CARTESIAN_POINT('',(-33.60800376119,-15.74936712588,10.));
#4015 = CARTESIAN_POINT('',(-34.26070984685,-14.92737936301,10.));
#4016 = CARTESIAN_POINT('',(-34.87884935178,-14.07869306281,10.));
#4017 = CARTESIAN_POINT('',(-35.45976212292,-13.20417220823,10.));
#4018 = CARTESIAN_POINT('',(-36.0007372166,-12.30501565566,10.));
#4019 = CARTESIAN_POINT('',(-36.76449597492,-10.89176898391,10.));
#4020 = CARTESIAN_POINT('',(-37.01779936232,-10.39417953204,10.));
#4021 = CARTESIAN_POINT('',(-37.25862056223,-9.890306045189,10.));
#4022 = CARTESIAN_POINT('',(-37.48656213407,-9.380424612494,10.));
#4023 = CARTESIAN_POINT('',(-37.70123761091,-8.864844308863,10.));
#4024 = CARTESIAN_POINT('',(-37.90227710817,-8.343909685553,10.));
#4025 = CARTESIAN_POINT('',(-38.47112339491,-6.744601369381,10.));
#4026 = CARTESIAN_POINT('',(-38.79471845025,-5.650325338232,10.));
#4027 = CARTESIAN_POINT('',(-39.05704997453,-4.538645465796,10.));
#4028 = CARTESIAN_POINT('',(-39.25564684362,-3.413386416593,10.));
#4029 = CARTESIAN_POINT('',(-39.38869967503,-2.27873739173,10.));
#4030 = CARTESIAN_POINT('',(-39.45520766968,-1.139275167206,10.));
#4031 = CARTESIAN_POINT('',(-39.45520766968,1.139275167206,10.));
#4032 = CARTESIAN_POINT('',(-39.38869967503,2.278737391731,10.));
#4033 = CARTESIAN_POINT('',(-39.25564684362,3.413386416593,10.));
#4034 = CARTESIAN_POINT('',(-39.05704997453,4.538645465796,10.));
#4035 = CARTESIAN_POINT('',(-38.79471845025,5.650325338233,10.));
#4036 = CARTESIAN_POINT('',(-38.47112339491,6.74460136938,10.));
#4037 = CARTESIAN_POINT('',(-37.90227710817,8.343909685553,10.));
#4038 = CARTESIAN_POINT('',(-37.70123761091,8.864844308863,10.));
#4039 = CARTESIAN_POINT('',(-37.48656213407,9.380424612494,10.));
#4040 = CARTESIAN_POINT('',(-37.25862056223,9.890306045189,10.));
#4041 = CARTESIAN_POINT('',(-37.01779936232,10.394179532047,10.));
#4042 = CARTESIAN_POINT('',(-36.76449597492,10.891768983919,10.));
#4043 = CARTESIAN_POINT('',(-36.0007372166,12.305015655664,10.));
#4044 = CARTESIAN_POINT('',(-35.45976212292,13.204172208236,10.));
#4045 = CARTESIAN_POINT('',(-34.87884935178,14.078693062811,10.));
#4046 = CARTESIAN_POINT('',(-34.26070984685,14.927379363017,10.));
#4047 = CARTESIAN_POINT('',(-33.60800376119,15.749367125885,10.));
#4048 = CARTESIAN_POINT('',(-32.92326270964,16.544071309735,10.));
#4049 = CARTESIAN_POINT('',(-31.29584673619,18.291411736739,10.));
#4050 = CARTESIAN_POINT('',(-30.33444909947,19.226475393936,10.));
#4051 = CARTESIAN_POINT('',(-29.32949893668,20.11568882291,10.));
#4052 = CARTESIAN_POINT('',(-28.28551733382,20.95880968148,10.));
#4053 = CARTESIAN_POINT('',(-27.2066241963,21.755920772284,10.));
#4054 = CARTESIAN_POINT('',(-26.09647324869,22.507349759252,10.));
#4055 = CARTESIAN_POINT('',(-24.08832897302,23.753284207607,10.));
#4056 = CARTESIAN_POINT('',(-23.20209533473,24.266556825365,10.));
#4057 = CARTESIAN_POINT('',(-22.30091419028,24.75361179198,10.));
#4058 = CARTESIAN_POINT('',(-21.38611352981,25.21467102074,10.));
#4059 = CARTESIAN_POINT('',(-20.45891879591,25.649968283281,10.));
#4060 = CARTESIAN_POINT('',(-19.52045041652,26.05974420928,10.));
#4061 = CARTESIAN_POINT('',(-17.87578931395,26.726285738099,10.));
#4062 = CARTESIAN_POINT('',(-17.17434541878,26.994723933899,10.));
#4063 = CARTESIAN_POINT('',(-16.4677949194,27.249649624119,10.));
#4064 = CARTESIAN_POINT('',(-15.75652382117,27.491152296777,10.));
#4065 = CARTESIAN_POINT('',(-15.04089886776,27.719317177346,10.));
#4066 = CARTESIAN_POINT('',(-14.32126754124,27.93422522875,10.));
#4067 = CARTESIAN_POINT('',(-11.70395818855,28.664181249639,10.));
#4068 = CARTESIAN_POINT('',(-9.784930696531,29.101983612085,10.));
#4069 = CARTESIAN_POINT('',(-7.846518282956,29.45082907331,10.));
#4070 = CARTESIAN_POINT('',(-5.89401388244,29.711727445281,10.));
#4071 = CARTESIAN_POINT('',(-3.932385421846,29.885390584732,10.));
#4072 = CARTESIAN_POINT('',(-1.966278930038,29.972236485742,10.));
#4073 = CARTESIAN_POINT('',(1.966278925508,29.972236484557,10.));
#4074 = CARTESIAN_POINT('',(3.932385418155,29.885390582285,10.));
#4075 = CARTESIAN_POINT('',(5.894013879583,29.71172744212,10.));
#4076 = CARTESIAN_POINT('',(7.846518281088,29.450829070657,10.));
#4077 = CARTESIAN_POINT('',(9.784930695906,29.101983611305,10.));
#4078 = CARTESIAN_POINT('',(11.70395818944,28.66418125155,10.));
#4079 = CARTESIAN_POINT('',(14.321267544501,27.934225234095,10.));
#4080 = CARTESIAN_POINT('',(15.040898871671,27.719317183625,10.));
#4081 = CARTESIAN_POINT('',(15.756523825724,27.491152303912,10.));
#4082 = CARTESIAN_POINT('',(16.467794924583,27.249649631973,10.));
#4083 = CARTESIAN_POINT('',(17.17434542453,26.994723942278,10.));
#4084 = CARTESIAN_POINT('',(17.875789320198,26.726285746756,10.));
#4085 = CARTESIAN_POINT('',(19.520450424066,26.059744217706,10.));
#4086 = CARTESIAN_POINT('',(20.458918804176,25.649968290919,10.));
#4087 = CARTESIAN_POINT('',(21.38611353847,25.214671026898,10.));
#4088 = CARTESIAN_POINT('',(22.300914198901,24.753611795887,10.));
#4089 = CARTESIAN_POINT('',(23.202095342837,24.266556826237,10.));
#4090 = CARTESIAN_POINT('',(24.088328980086,23.75328420474,10.));
#4091 = CARTESIAN_POINT('',(26.096473252517,22.507349746438,10.));
#4092 = CARTESIAN_POINT('',(27.206624197681,21.755920752873,10.));
#4093 = CARTESIAN_POINT('',(28.285517331943,20.958809654977,10.));
#4094 = CARTESIAN_POINT('',(29.329498931235,20.115688789604,10.));
#4095 = CARTESIAN_POINT('',(30.334449090969,19.226475355016,10.));
#4096 = CARTESIAN_POINT('',(31.295846726108,18.291411694143,10.));
#4097 = CARTESIAN_POINT('',(32.923262693938,16.544071272062,10.));
#4098 = CARTESIAN_POINT('',(33.608003741036,15.749367096524,10.));
#4099 = CARTESIAN_POINT('',(34.260709824715,14.927379343879,10.));
#4100 = CARTESIAN_POINT('',(34.878849330471,14.078693055643,10.));
#4101 = CARTESIAN_POINT('',(35.459762105072,13.204172214366,10.));
#4102 = CARTESIAN_POINT('',(36.000737204131,12.305015675708,10.));
#4103 = CARTESIAN_POINT('',(37.306032792548,9.889718493819,10.));
#4104 = CARTESIAN_POINT('',(38.001683776703,8.335487353809,10.));
#4105 = CARTESIAN_POINT('',(38.573933785335,6.728040434171,10.));
#4106 = CARTESIAN_POINT('',(39.012074904692,5.077316517343,10.));
#4107 = CARTESIAN_POINT('',(39.307615321177,3.395484371023,10.));
#4108 = CARTESIAN_POINT('',(39.455207717153,1.697164866564,10.));
#4109 = CARTESIAN_POINT('',(39.45520755861,-1.461851049564E-14,10.));
#4110 = PCURVE('',#461,#4111);
#4111 = DEFINITIONAL_REPRESENTATION('',(#4112),#4271);
#4112 = B_SPLINE_CURVE_WITH_KNOTS('',7,(#4113,#4114,#4115,#4116,#4117,
    #4118,#4119,#4120,#4121,#4122,#4123,#4124,#4125,#4126,#4127,#4128,
    #4129,#4130,#4131,#4132,#4133,#4134,#4135,#4136,#4137,#4138,#4139,
    #4140,#4141,#4142,#4143,#4144,#4145,#4146,#4147,#4148,#4149,#4150,
    #4151,#4152,#4153,#4154,#4155,#4156,#4157,#4158,#4159,#4160,#4161,
    #4162,#4163,#4164,#4165,#4166,#4167,#4168,#4169,#4170,#4171,#4172,
    #4173,#4174,#4175,#4176,#4177,#4178,#4179,#4180,#4181,#4182,#4183,
    #4184,#4185,#4186,#4187,#4188,#4189,#4190,#4191,#4192,#4193,#4194,
    #4195,#4196,#4197,#4198,#4199,#4200,#4201,#4202,#4203,#4204,#4205,
    #4206,#4207,#4208,#4209,#4210,#4211,#4212,#4213,#4214,#4215,#4216,
    #4217,#4218,#4219,#4220,#4221,#4222,#4223,#4224,#4225,#4226,#4227,
    #4228,#4229,#4230,#4231,#4232,#4233,#4234,#4235,#4236,#4237,#4238,
    #4239,#4240,#4241,#4242,#4243,#4244,#4245,#4246,#4247,#4248,#4249,
    #4250,#4251,#4252,#4253,#4254,#4255,#4256,#4257,#4258,#4259,#4260,
    #4261,#4262,#4263,#4264,#4265,#4266,#4267,#4268,#4269,#4270),
  .UNSPECIFIED.,.F.,.F.,(8,6,6,6,6,6,6,6,6,6,6,6,6,6,6,6,6,6,6,6,6,6,6,6
    ,6,6,8),(0.,5.421666727991E-02,8.770240421924E-02,0.130494799442,
    0.163196004903,0.187183668181,0.249995864914,0.312808061614,
    0.33679572488,0.369496930312,0.412289325484,0.445775062711,
    0.463606047379,0.500000000001,0.536393952624,0.554224937292,
    0.587710674518,0.630503069691,0.663204275122,0.687191938389,
    0.750004135089,0.812816331821,0.836803995099,0.86950520056,
    0.912297595783,0.945783332722,1.),.UNSPECIFIED.);
#4113 = CARTESIAN_POINT('',(38.172278139192,1.06581410364E-14));
#4114 = CARTESIAN_POINT('',(38.172278297743,-1.697164866565));
#4115 = CARTESIAN_POINT('',(38.024685901734,-3.395484371019));
#4116 = CARTESIAN_POINT('',(37.729145485319,-5.077316517348));
#4117 = CARTESIAN_POINT('',(37.291004365873,-6.728040434167));
#4118 = CARTESIAN_POINT('',(36.718754357311,-8.335487353811));
#4119 = CARTESIAN_POINT('',(36.023103373125,-9.889718493818));
#4120 = CARTESIAN_POINT('',(34.717807784714,-12.3050156757));
#4121 = CARTESIAN_POINT('',(34.176832685655,-13.20417221436));
#4122 = CARTESIAN_POINT('',(33.595919911053,-14.07869305564));
#4123 = CARTESIAN_POINT('',(32.977780405298,-14.92737934387));
#4124 = CARTESIAN_POINT('',(32.32507432162,-15.74936709652));
#4125 = CARTESIAN_POINT('',(31.64033327452,-16.54407127206));
#4126 = CARTESIAN_POINT('',(30.012917306689,-18.29141169414));
#4127 = CARTESIAN_POINT('',(29.051519671552,-19.22647535501));
#4128 = CARTESIAN_POINT('',(28.046569511819,-20.1156887896));
#4129 = CARTESIAN_POINT('',(27.002587912525,-20.95880965497));
#4130 = CARTESIAN_POINT('',(25.923694778263,-21.75592075287));
#4131 = CARTESIAN_POINT('',(24.813543833099,-22.50734974643));
#4132 = CARTESIAN_POINT('',(22.805399560668,-23.75328420474));
#4133 = CARTESIAN_POINT('',(21.919165923421,-24.26655682623));
#4134 = CARTESIAN_POINT('',(21.017984779484,-24.75361179588));
#4135 = CARTESIAN_POINT('',(20.103184119051,-25.21467102689));
#4136 = CARTESIAN_POINT('',(19.175989384757,-25.64996829091));
#4137 = CARTESIAN_POINT('',(18.23752100465,-26.0597442177));
#4138 = CARTESIAN_POINT('',(16.59285990078,-26.72628574675));
#4139 = CARTESIAN_POINT('',(15.891416005112,-26.99472394227));
#4140 = CARTESIAN_POINT('',(15.184865505166,-27.24964963197));
#4141 = CARTESIAN_POINT('',(14.473594406306,-27.49115230391));
#4142 = CARTESIAN_POINT('',(13.757969452254,-27.71931718362));
#4143 = CARTESIAN_POINT('',(13.038338125084,-27.93422523409));
#4144 = CARTESIAN_POINT('',(10.421028770023,-28.66418125154));
#4145 = CARTESIAN_POINT('',(8.502001276488,-29.1019836113));
#4146 = CARTESIAN_POINT('',(6.563588861671,-29.45082907065));
#4147 = CARTESIAN_POINT('',(4.611084460166,-29.71172744211));
#4148 = CARTESIAN_POINT('',(2.649455998737,-29.88539058228));
#4149 = CARTESIAN_POINT('',(0.68334950609,-29.97223648455));
#4150 = CARTESIAN_POINT('',(-3.249208349454,-29.97223648574));
#4151 = CARTESIAN_POINT('',(-5.215314841267,-29.88539058473));
#4152 = CARTESIAN_POINT('',(-7.176943301856,-29.71172744527));
#4153 = CARTESIAN_POINT('',(-9.129447702371,-29.4508290733));
#4154 = CARTESIAN_POINT('',(-11.06786011595,-29.10198361208));
#4155 = CARTESIAN_POINT('',(-12.98688760796,-28.66418124963));
#4156 = CARTESIAN_POINT('',(-15.60419696066,-27.93422522875));
#4157 = CARTESIAN_POINT('',(-16.32382828718,-27.71931717734));
#4158 = CARTESIAN_POINT('',(-17.03945324058,-27.49115229677));
#4159 = CARTESIAN_POINT('',(-17.75072433882,-27.24964962411));
#4160 = CARTESIAN_POINT('',(-18.45727483819,-26.99472393389));
#4161 = CARTESIAN_POINT('',(-19.15871873337,-26.72628573809));
#4162 = CARTESIAN_POINT('',(-20.80337983593,-26.05974420928));
#4163 = CARTESIAN_POINT('',(-21.74184821533,-25.64996828328));
#4164 = CARTESIAN_POINT('',(-22.66904294923,-25.21467102074));
#4165 = CARTESIAN_POINT('',(-23.5838436097,-24.75361179198));
#4166 = CARTESIAN_POINT('',(-24.48502475415,-24.26655682536));
#4167 = CARTESIAN_POINT('',(-25.37125839244,-23.7532842076));
#4168 = CARTESIAN_POINT('',(-27.37940266811,-22.50734975925));
#4169 = CARTESIAN_POINT('',(-28.48955361572,-21.75592077228));
#4170 = CARTESIAN_POINT('',(-29.56844675323,-20.95880968148));
#4171 = CARTESIAN_POINT('',(-30.6124283561,-20.11568882291));
#4172 = CARTESIAN_POINT('',(-31.61737851889,-19.22647539393));
#4173 = CARTESIAN_POINT('',(-32.57877615561,-18.29141173673));
#4174 = CARTESIAN_POINT('',(-34.20619212906,-16.54407130973));
#4175 = CARTESIAN_POINT('',(-34.8909331806,-15.74936712588));
#4176 = CARTESIAN_POINT('',(-35.54363926627,-14.92737936301));
#4177 = CARTESIAN_POINT('',(-36.1617787712,-14.07869306281));
#4178 = CARTESIAN_POINT('',(-36.74269154234,-13.20417220823));
#4179 = CARTESIAN_POINT('',(-37.28366663601,-12.30501565566));
#4180 = CARTESIAN_POINT('',(-38.04742539434,-10.89176898391));
#4181 = CARTESIAN_POINT('',(-38.30072878174,-10.39417953204));
#4182 = CARTESIAN_POINT('',(-38.54154998164,-9.890306045189));
#4183 = CARTESIAN_POINT('',(-38.76949155348,-9.380424612494));
#4184 = CARTESIAN_POINT('',(-38.98416703033,-8.864844308863));
#4185 = CARTESIAN_POINT('',(-39.18520652758,-8.343909685553));
#4186 = CARTESIAN_POINT('',(-39.75405281432,-6.744601369381));
#4187 = CARTESIAN_POINT('',(-40.07764786967,-5.650325338232));
#4188 = CARTESIAN_POINT('',(-40.33997939395,-4.538645465796));
#4189 = CARTESIAN_POINT('',(-40.53857626304,-3.413386416593));
#4190 = CARTESIAN_POINT('',(-40.67162909445,-2.27873739173));
#4191 = CARTESIAN_POINT('',(-40.73813708909,-1.139275167206));
#4192 = CARTESIAN_POINT('',(-40.73813708909,1.139275167206));
#4193 = CARTESIAN_POINT('',(-40.67162909445,2.278737391731));
#4194 = CARTESIAN_POINT('',(-40.53857626304,3.413386416593));
#4195 = CARTESIAN_POINT('',(-40.33997939395,4.538645465796));
#4196 = CARTESIAN_POINT('',(-40.07764786967,5.650325338233));
#4197 = CARTESIAN_POINT('',(-39.75405281432,6.74460136938));
#4198 = CARTESIAN_POINT('',(-39.18520652758,8.343909685553));
#4199 = CARTESIAN_POINT('',(-38.98416703033,8.864844308863));
#4200 = CARTESIAN_POINT('',(-38.76949155348,9.380424612494));
#4201 = CARTESIAN_POINT('',(-38.54154998164,9.890306045189));
#4202 = CARTESIAN_POINT('',(-38.30072878174,10.394179532047));
#4203 = CARTESIAN_POINT('',(-38.04742539434,10.891768983919));
#4204 = CARTESIAN_POINT('',(-37.28366663601,12.305015655664));
#4205 = CARTESIAN_POINT('',(-36.74269154234,13.204172208236));
#4206 = CARTESIAN_POINT('',(-36.1617787712,14.078693062811));
#4207 = CARTESIAN_POINT('',(-35.54363926627,14.927379363017));
#4208 = CARTESIAN_POINT('',(-34.8909331806,15.749367125885));
#4209 = CARTESIAN_POINT('',(-34.20619212906,16.544071309735));
#4210 = CARTESIAN_POINT('',(-32.57877615561,18.291411736739));
#4211 = CARTESIAN_POINT('',(-31.61737851889,19.226475393936));
#4212 = CARTESIAN_POINT('',(-30.6124283561,20.11568882291));
#4213 = CARTESIAN_POINT('',(-29.56844675323,20.95880968148));
#4214 = CARTESIAN_POINT('',(-28.48955361572,21.755920772284));
#4215 = CARTESIAN_POINT('',(-27.37940266811,22.507349759252));
#4216 = CARTESIAN_POINT('',(-25.37125839244,23.753284207607));
#4217 = CARTESIAN_POINT('',(-24.48502475415,24.266556825365));
#4218 = CARTESIAN_POINT('',(-23.5838436097,24.75361179198));
#4219 = CARTESIAN_POINT('',(-22.66904294923,25.21467102074));
#4220 = CARTESIAN_POINT('',(-21.74184821533,25.649968283281));
#4221 = CARTESIAN_POINT('',(-20.80337983593,26.05974420928));
#4222 = CARTESIAN_POINT('',(-19.15871873337,26.726285738099));
#4223 = CARTESIAN_POINT('',(-18.45727483819,26.994723933899));
#4224 = CARTESIAN_POINT('',(-17.75072433882,27.249649624119));
#4225 = CARTESIAN_POINT('',(-17.03945324058,27.491152296777));
#4226 = CARTESIAN_POINT('',(-16.32382828718,27.719317177346));
#4227 = CARTESIAN_POINT('',(-15.60419696066,27.93422522875));
#4228 = CARTESIAN_POINT('',(-12.98688760797,28.664181249639));
#4229 = CARTESIAN_POINT('',(-11.06786011594,29.101983612085));
#4230 = CARTESIAN_POINT('',(-9.129447702373,29.45082907331));
#4231 = CARTESIAN_POINT('',(-7.176943301857,29.711727445281));
#4232 = CARTESIAN_POINT('',(-5.215314841263,29.885390584732));
#4233 = CARTESIAN_POINT('',(-3.249208349455,29.972236485742));
#4234 = CARTESIAN_POINT('',(0.68334950609,29.972236484557));
#4235 = CARTESIAN_POINT('',(2.649455998737,29.885390582285));
#4236 = CARTESIAN_POINT('',(4.611084460166,29.71172744212));
#4237 = CARTESIAN_POINT('',(6.563588861671,29.450829070657));
#4238 = CARTESIAN_POINT('',(8.502001276489,29.101983611305));
#4239 = CARTESIAN_POINT('',(10.421028770023,28.66418125155));
#4240 = CARTESIAN_POINT('',(13.038338125084,27.934225234095));
#4241 = CARTESIAN_POINT('',(13.757969452254,27.719317183625));
#4242 = CARTESIAN_POINT('',(14.473594406306,27.491152303912));
#4243 = CARTESIAN_POINT('',(15.184865505166,27.249649631973));
#4244 = CARTESIAN_POINT('',(15.891416005112,26.994723942278));
#4245 = CARTESIAN_POINT('',(16.592859900781,26.726285746756));
#4246 = CARTESIAN_POINT('',(18.237521004649,26.059744217706));
#4247 = CARTESIAN_POINT('',(19.175989384758,25.649968290919));
#4248 = CARTESIAN_POINT('',(20.103184119052,25.214671026898));
#4249 = CARTESIAN_POINT('',(21.017984779484,24.753611795887));
#4250 = CARTESIAN_POINT('',(21.91916592342,24.266556826237));
#4251 = CARTESIAN_POINT('',(22.805399560669,23.75328420474));
#4252 = CARTESIAN_POINT('',(24.813543833099,22.507349746438));
#4253 = CARTESIAN_POINT('',(25.923694778263,21.755920752873));
#4254 = CARTESIAN_POINT('',(27.002587912526,20.958809654977));
#4255 = CARTESIAN_POINT('',(28.046569511818,20.115688789604));
#4256 = CARTESIAN_POINT('',(29.051519671552,19.226475355016));
#4257 = CARTESIAN_POINT('',(30.01291730669,18.291411694143));
#4258 = CARTESIAN_POINT('',(31.64033327452,16.544071272062));
#4259 = CARTESIAN_POINT('',(32.325074321619,15.749367096524));
#4260 = CARTESIAN_POINT('',(32.977780405298,14.927379343879));
#4261 = CARTESIAN_POINT('',(33.595919911054,14.078693055643));
#4262 = CARTESIAN_POINT('',(34.176832685655,13.204172214366));
#4263 = CARTESIAN_POINT('',(34.717807784714,12.305015675708));
#4264 = CARTESIAN_POINT('',(36.023103373131,9.889718493819));
#4265 = CARTESIAN_POINT('',(36.718754357286,8.335487353809));
#4266 = CARTESIAN_POINT('',(37.291004365917,6.728040434171));
#4267 = CARTESIAN_POINT('',(37.729145485275,5.077316517343));
#4268 = CARTESIAN_POINT('',(38.02468590176,3.395484371023));
#4269 = CARTESIAN_POINT('',(38.172278297736,1.697164866564));
#4270 = CARTESIAN_POINT('',(38.172278139192,-1.42108547152E-14));
#4271 = ( GEOMETRIC_REPRESENTATION_CONTEXT(2) 
PARAMETRIC_REPRESENTATION_CONTEXT() REPRESENTATION_CONTEXT('2D SPACE',''
  ) );
#4272 = PCURVE('',#557,#4273);
#4273 = DEFINITIONAL_REPRESENTATION('',(#4274),#4433);
#4274 = B_SPLINE_CURVE_WITH_KNOTS('',7,(#4275,#4276,#4277,#4278,#4279,
    #4280,#4281,#4282,#4283,#4284,#4285,#4286,#4287,#4288,#4289,#4290,
    #4291,#4292,#4293,#4294,#4295,#4296,#4297,#4298,#4299,#4300,#4301,
    #4302,#4303,#4304,#4305,#4306,#4307,#4308,#4309,#4310,#4311,#4312,
    #4313,#4314,#4315,#4316,#4317,#4318,#4319,#4320,#4321,#4322,#4323,
    #4324,#4325,#4326,#4327,#4328,#4329,#4330,#4331,#4332,#4333,#4334,
    #4335,#4336,#4337,#4338,#4339,#4340,#4341,#4342,#4343,#4344,#4345,
    #4346,#4347,#4348,#4349,#4350,#4351,#4352,#4353,#4354,#4355,#4356,
    #4357,#4358,#4359,#4360,#4361,#4362,#4363,#4364,#4365,#4366,#4367,
    #4368,#4369,#4370,#4371,#4372,#4373,#4374,#4375,#4376,#4377,#4378,
    #4379,#4380,#4381,#4382,#4383,#4384,#4385,#4386,#4387,#4388,#4389,
    #4390,#4391,#4392,#4393,#4394,#4395,#4396,#4397,#4398,#4399,#4400,
    #4401,#4402,#4403,#4404,#4405,#4406,#4407,#4408,#4409,#4410,#4411,
    #4412,#4413,#4414,#4415,#4416,#4417,#4418,#4419,#4420,#4421,#4422,
    #4423,#4424,#4425,#4426,#4427,#4428,#4429,#4430,#4431,#4432),
  .UNSPECIFIED.,.F.,.F.,(8,6,6,6,6,6,6,6,6,6,6,6,6,6,6,6,6,6,6,6,6,6,6,6
    ,6,6,8),(0.,5.421666727991E-02,8.770240421924E-02,0.130494799442,
    0.163196004903,0.187183668181,0.249995864914,0.312808061614,
    0.33679572488,0.369496930312,0.412289325484,0.445775062711,
    0.463606047379,0.500000000001,0.536393952624,0.554224937292,
    0.587710674518,0.630503069691,0.663204275122,0.687191938389,
    0.750004135089,0.812816331821,0.836803995099,0.86950520056,
    0.912297595783,0.945783332722,1.),.UNSPECIFIED.);
#4275 = CARTESIAN_POINT('',(1.,0.199130604948));
#4276 = CARTESIAN_POINT('',(0.990987919885,0.199130604948));
#4277 = CARTESIAN_POINT('',(0.981969713757,0.199130604948));
#4278 = CARTESIAN_POINT('',(0.972991841119,0.199130604948));
#4279 = CARTESIAN_POINT('',(0.964084526495,0.199130604948));
#4280 = CARTESIAN_POINT('',(0.95527113123,0.199130604948));
#4281 = CARTESIAN_POINT('',(0.946570672242,0.199130604948));
#4282 = CARTESIAN_POINT('',(0.932706512029,0.199130604948));
#4283 = CARTESIAN_POINT('',(0.927460895162,0.199130604948));
#4284 = CARTESIAN_POINT('',(0.922265544629,0.199130604948));
#4285 = CARTESIAN_POINT('',(0.91712172393,0.199130604948));
#4286 = CARTESIAN_POINT('',(0.912029850043,0.199130604948));
#4287 = CARTESIAN_POINT('',(0.906989623026,0.199130604948));
#4288 = CARTESIAN_POINT('',(0.895623615902,0.199130604948));
#4289 = CARTESIAN_POINT('',(0.889330405206,0.199130604948));
#4290 = CARTESIAN_POINT('',(0.883117736522,0.199130604948));
#4291 = CARTESIAN_POINT('',(0.876982476547,0.199130604948));
#4292 = CARTESIAN_POINT('',(0.870920881155,0.199130604948));
#4293 = CARTESIAN_POINT('',(0.864928486481,0.199130604948));
#4294 = CARTESIAN_POINT('',(0.854469553563,0.199130604948));
#4295 = CARTESIAN_POINT('',(0.849976700088,0.199130604948));
#4296 = CARTESIAN_POINT('',(0.845519217279,0.199130604948));
#4297 = CARTESIAN_POINT('',(0.841094959019,0.199130604948));
#4298 = CARTESIAN_POINT('',(0.836701797604,0.199130604948));
#4299 = CARTESIAN_POINT('',(0.832337565985,0.199130604948));
#4300 = CARTESIAN_POINT('',(0.824818219059,0.199130604948));
#4301 = CARTESIAN_POINT('',(0.821650821104,0.199130604948));
#4302 = CARTESIAN_POINT('',(0.818496952428,0.199130604948));
#4303 = CARTESIAN_POINT('',(0.815355767998,0.199130604948));
#4304 = CARTESIAN_POINT('',(0.812226431459,0.199130604948));
#4305 = CARTESIAN_POINT('',(0.809108115128,0.199130604948));
#4306 = CARTESIAN_POINT('',(0.797861335696,0.199130604948));
#4307 = CARTESIAN_POINT('',(0.789793373945,0.199130604948));
#4308 = CARTESIAN_POINT('',(0.781780078725,0.199130604948));
#4309 = CARTESIAN_POINT('',(0.773807511895,0.199130604948));
#4310 = CARTESIAN_POINT('',(0.765862517325,0.199130604948));
#4311 = CARTESIAN_POINT('',(0.757931599988,0.199130604948));
#4312 = CARTESIAN_POINT('',(0.742068400016,0.199130604948));
#4313 = CARTESIAN_POINT('',(0.734137482681,0.199130604948));
#4314 = CARTESIAN_POINT('',(0.72619248811,0.199130604948));
#4315 = CARTESIAN_POINT('',(0.718219921278,0.199130604948));
#4316 = CARTESIAN_POINT('',(0.710206626057,0.199130604948));
#4317 = CARTESIAN_POINT('',(0.702138664304,0.199130604948));
#4318 = CARTESIAN_POINT('',(0.690891884872,0.199130604948));
#4319 = CARTESIAN_POINT('',(0.687773568541,0.199130604948));
#4320 = CARTESIAN_POINT('',(0.684644232001,0.199130604948));
#4321 = CARTESIAN_POINT('',(0.681503047572,0.199130604948));
#4322 = CARTESIAN_POINT('',(0.678349178896,0.199130604948));
#4323 = CARTESIAN_POINT('',(0.675181780941,0.199130604948));
#4324 = CARTESIAN_POINT('',(0.667662434017,0.199130604948));
#4325 = CARTESIAN_POINT('',(0.663298202399,0.199130604948));
#4326 = CARTESIAN_POINT('',(0.658905040986,0.199130604948));
#4327 = CARTESIAN_POINT('',(0.654480782726,0.199130604948));
#4328 = CARTESIAN_POINT('',(0.650023299917,0.199130604948));
#4329 = CARTESIAN_POINT('',(0.64553044644,0.199130604948));
#4330 = CARTESIAN_POINT('',(0.635071513517,0.199130604948));
#4331 = CARTESIAN_POINT('',(0.629079118838,0.199130604948));
#4332 = CARTESIAN_POINT('',(0.623017523441,0.199130604948));
#4333 = CARTESIAN_POINT('',(0.616882263459,0.199130604948));
#4334 = CARTESIAN_POINT('',(0.610669594771,0.199130604948));
#4335 = CARTESIAN_POINT('',(0.60437638408,0.199130604948));
#4336 = CARTESIAN_POINT('',(0.59301037694,0.199130604948));
#4337 = CARTESIAN_POINT('',(0.587970149896,0.199130604948));
#4338 = CARTESIAN_POINT('',(0.582878275994,0.199130604948));
#4339 = CARTESIAN_POINT('',(0.577734455293,0.199130604948));
#4340 = CARTESIAN_POINT('',(0.572539104774,0.199130604948));
#4341 = CARTESIAN_POINT('',(0.567293487935,0.199130604948));
#4342 = CARTESIAN_POINT('',(0.559181244613,0.199130604948));
#4343 = CARTESIAN_POINT('',(0.556348918631,0.199130604948));
#4344 = CARTESIAN_POINT('',(0.553503403074,0.199130604948));
#4345 = CARTESIAN_POINT('',(0.550645154828,0.199130604948));
#4346 = CARTESIAN_POINT('',(0.547774719941,0.199130604948));
#4347 = CARTESIAN_POINT('',(0.544892746915,0.199130604948));
#4348 = CARTESIAN_POINT('',(0.536095755442,0.199130604948));
#4349 = CARTESIAN_POINT('',(0.530145740493,0.199130604948));
#4350 = CARTESIAN_POINT('',(0.524157689217,0.199130604948));
#4351 = CARTESIAN_POINT('',(0.518139631876,0.199130604948));
#4352 = CARTESIAN_POINT('',(0.512100273666,0.199130604948));
#4353 = CARTESIAN_POINT('',(0.506049641668,0.199130604948));
#4354 = CARTESIAN_POINT('',(0.493950358332,0.199130604948));
#4355 = CARTESIAN_POINT('',(0.487899726334,0.199130604948));
#4356 = CARTESIAN_POINT('',(0.481860368124,0.199130604948));
#4357 = CARTESIAN_POINT('',(0.475842310783,0.199130604948));
#4358 = CARTESIAN_POINT('',(0.469854259507,0.199130604948));
#4359 = CARTESIAN_POINT('',(0.463904244558,0.199130604948));
#4360 = CARTESIAN_POINT('',(0.455107253085,0.199130604948));
#4361 = CARTESIAN_POINT('',(0.452225280059,0.199130604948));
#4362 = CARTESIAN_POINT('',(0.449354845172,0.199130604948));
#4363 = CARTESIAN_POINT('',(0.446496596926,0.199130604948));
#4364 = CARTESIAN_POINT('',(0.443651081369,0.199130604948));
#4365 = CARTESIAN_POINT('',(0.440818755387,0.199130604948));
#4366 = CARTESIAN_POINT('',(0.432706512065,0.199130604948));
#4367 = CARTESIAN_POINT('',(0.427460895226,0.199130604948));
#4368 = CARTESIAN_POINT('',(0.422265544707,0.199130604948));
#4369 = CARTESIAN_POINT('',(0.417121724006,0.199130604948));
#4370 = CARTESIAN_POINT('',(0.412029850104,0.199130604948));
#4371 = CARTESIAN_POINT('',(0.40698962306,0.199130604948));
#4372 = CARTESIAN_POINT('',(0.39562361592,0.199130604948));
#4373 = CARTESIAN_POINT('',(0.389330405229,0.199130604948));
#4374 = CARTESIAN_POINT('',(0.383117736541,0.199130604948));
#4375 = CARTESIAN_POINT('',(0.376982476559,0.199130604948));
#4376 = CARTESIAN_POINT('',(0.370920881162,0.199130604948));
#4377 = CARTESIAN_POINT('',(0.364928486483,0.199130604948));
#4378 = CARTESIAN_POINT('',(0.35446955356,0.199130604948));
#4379 = CARTESIAN_POINT('',(0.349976700083,0.199130604948));
#4380 = CARTESIAN_POINT('',(0.345519217274,0.199130604948));
#4381 = CARTESIAN_POINT('',(0.341094959014,0.199130604948));
#4382 = CARTESIAN_POINT('',(0.336701797601,0.199130604948));
#4383 = CARTESIAN_POINT('',(0.332337565983,0.199130604948));
#4384 = CARTESIAN_POINT('',(0.324818219059,0.199130604948));
#4385 = CARTESIAN_POINT('',(0.321650821104,0.199130604948));
#4386 = CARTESIAN_POINT('',(0.318496952428,0.199130604948));
#4387 = CARTESIAN_POINT('',(0.315355767999,0.199130604948));
#4388 = CARTESIAN_POINT('',(0.312226431459,0.199130604948));
#4389 = CARTESIAN_POINT('',(0.309108115128,0.199130604948));
#4390 = CARTESIAN_POINT('',(0.297861335696,0.199130604948));
#4391 = CARTESIAN_POINT('',(0.289793373943,0.199130604948));
#4392 = CARTESIAN_POINT('',(0.281780078722,0.199130604948));
#4393 = CARTESIAN_POINT('',(0.27380751189,0.199130604948));
#4394 = CARTESIAN_POINT('',(0.265862517319,0.199130604948));
#4395 = CARTESIAN_POINT('',(0.257931599984,0.199130604948));
#4396 = CARTESIAN_POINT('',(0.242068400012,0.199130604948));
#4397 = CARTESIAN_POINT('',(0.234137482675,0.199130604948));
#4398 = CARTESIAN_POINT('',(0.226192488105,0.199130604948));
#4399 = CARTESIAN_POINT('',(0.218219921275,0.199130604948));
#4400 = CARTESIAN_POINT('',(0.210206626055,0.199130604948));
#4401 = CARTESIAN_POINT('',(0.202138664304,0.199130604948));
#4402 = CARTESIAN_POINT('',(0.190891884872,0.199130604948));
#4403 = CARTESIAN_POINT('',(0.187773568541,0.199130604948));
#4404 = CARTESIAN_POINT('',(0.184644232002,0.199130604948));
#4405 = CARTESIAN_POINT('',(0.181503047572,0.199130604948));
#4406 = CARTESIAN_POINT('',(0.178349178896,0.199130604948));
#4407 = CARTESIAN_POINT('',(0.175181780941,0.199130604948));
#4408 = CARTESIAN_POINT('',(0.167662434015,0.199130604948));
#4409 = CARTESIAN_POINT('',(0.163298202396,0.199130604948));
#4410 = CARTESIAN_POINT('',(0.158905040981,0.199130604948));
#4411 = CARTESIAN_POINT('',(0.154480782721,0.199130604948));
#4412 = CARTESIAN_POINT('',(0.150023299912,0.199130604948));
#4413 = CARTESIAN_POINT('',(0.145530446437,0.199130604948));
#4414 = CARTESIAN_POINT('',(0.135071513519,0.199130604948));
#4415 = CARTESIAN_POINT('',(0.129079118845,0.199130604948));
#4416 = CARTESIAN_POINT('',(0.123017523453,0.199130604948));
#4417 = CARTESIAN_POINT('',(0.116882263478,0.199130604948));
#4418 = CARTESIAN_POINT('',(0.110669594794,0.199130604948));
#4419 = CARTESIAN_POINT('',(0.104376384098,0.199130604948));
#4420 = CARTESIAN_POINT('',(9.301037697385E-02,0.199130604948));
#4421 = CARTESIAN_POINT('',(8.797014995668E-02,0.199130604948));
#4422 = CARTESIAN_POINT('',(8.287827607036E-02,0.199130604948));
#4423 = CARTESIAN_POINT('',(7.773445537114E-02,0.199130604948));
#4424 = CARTESIAN_POINT('',(7.253910483806E-02,0.199130604948));
#4425 = CARTESIAN_POINT('',(6.729348797125E-02,0.199130604948));
#4426 = CARTESIAN_POINT('',(5.342932775822E-02,0.199130604948));
#4427 = CARTESIAN_POINT('',(4.472886876913E-02,0.199130604948));
#4428 = CARTESIAN_POINT('',(3.591547350626E-02,0.199130604948));
#4429 = CARTESIAN_POINT('',(2.700815887937E-02,0.199130604948));
#4430 = CARTESIAN_POINT('',(1.803028624392E-02,0.199130604948));
#4431 = CARTESIAN_POINT('',(9.012080114827E-03,0.199130604948));
#4432 = CARTESIAN_POINT('',(0.,0.199130604948));
#4433 = ( GEOMETRIC_REPRESENTATION_CONTEXT(2) 
PARAMETRIC_REPRESENTATION_CONTEXT() REPRESENTATION_CONTEXT('2D SPACE',''
  ) );
#4434 = ORIENTED_EDGE('',*,*,#1833,.T.);
#4435 = ORIENTED_EDGE('',*,*,#1966,.T.);
#4436 = ADVANCED_FACE('',(#4437),#519,.F.);
#4437 = FACE_BOUND('',#4438,.F.);
#4438 = EDGE_LOOP('',(#4439,#4440,#4441));
#4439 = ORIENTED_EDGE('',*,*,#748,.T.);
#4440 = ORIENTED_EDGE('',*,*,#502,.T.);
#4441 = ORIENTED_EDGE('',*,*,#4442,.F.);
#4442 = EDGE_CURVE('',#711,#503,#4443,.T.);
#4443 = SURFACE_CURVE('',#4444,(#4451,#4461),.PCURVE_S1.);
#4444 = B_SPLINE_CURVE_WITH_KNOTS('',5,(#4445,#4446,#4447,#4448,#4449,
    #4450),.UNSPECIFIED.,.F.,.F.,(6,6),(0.,1.),
  .PIECEWISE_BEZIER_KNOTS.);
#4445 = CARTESIAN_POINT('',(-30.2,-20.52901918613,11.));
#4446 = CARTESIAN_POINT('',(-30.92198851408,-19.9111248722,11.));
#4447 = CARTESIAN_POINT('',(-31.62336803833,-19.26915600343,11.));
#4448 = CARTESIAN_POINT('',(-32.30233032379,-18.60314598979,11.));
#4449 = CARTESIAN_POINT('',(-32.95685312476,-17.91328616916,11.));
#4450 = CARTESIAN_POINT('',(-33.5847736185,-17.2,11.));
#4451 = PCURVE('',#519,#4452);
#4452 = DEFINITIONAL_REPRESENTATION('',(#4453),#4460);
#4453 = B_SPLINE_CURVE_WITH_KNOTS('',5,(#4454,#4455,#4456,#4457,#4458,
    #4459),.UNSPECIFIED.,.F.,.F.,(6,6),(0.,1.),
  .PIECEWISE_BEZIER_KNOTS.);
#4454 = CARTESIAN_POINT('',(1.8,-1.529019186135));
#4455 = CARTESIAN_POINT('',(1.078011485914,-0.911124872207));
#4456 = CARTESIAN_POINT('',(0.376631961667,-0.269156003436));
#4457 = CARTESIAN_POINT('',(-0.302330323794,0.396854010206));
#4458 = CARTESIAN_POINT('',(-0.956853124762,1.086713830839));
#4459 = CARTESIAN_POINT('',(-1.584773618509,1.8));
#4460 = ( GEOMETRIC_REPRESENTATION_CONTEXT(2) 
PARAMETRIC_REPRESENTATION_CONTEXT() REPRESENTATION_CONTEXT('2D SPACE',''
  ) );
#4461 = PCURVE('',#557,#4462);
#4462 = DEFINITIONAL_REPRESENTATION('',(#4463),#4470);
#4463 = B_SPLINE_CURVE_WITH_KNOTS('',5,(#4464,#4465,#4466,#4467,#4468,
    #4469),.UNSPECIFIED.,.F.,.F.,(6,6),(0.,1.),
  .PIECEWISE_BEZIER_KNOTS.);
#4464 = CARTESIAN_POINT('',(0.615856416149,0.213490910756));
#4465 = CARTESIAN_POINT('',(0.611587134549,0.213490910756));
#4466 = CARTESIAN_POINT('',(0.607279093508,0.213490910756));
#4467 = CARTESIAN_POINT('',(0.60293075844,0.213490910756));
#4468 = CARTESIAN_POINT('',(0.598541050739,0.213490910756));
#4469 = CARTESIAN_POINT('',(0.594109365326,0.213490910756));
#4470 = ( GEOMETRIC_REPRESENTATION_CONTEXT(2) 
PARAMETRIC_REPRESENTATION_CONTEXT() REPRESENTATION_CONTEXT('2D SPACE',''
  ) );
#4471 = ADVANCED_FACE('',(#4472),#557,.T.);
#4472 = FACE_BOUND('',#4473,.T.);
#4473 = EDGE_LOOP('',(#4474,#4498,#4499,#4500,#4530,#4531,#4532,#4533,
    #4563,#4564,#4565,#4566,#4567,#4568,#4569,#4570,#4600,#4601,#4602,
    #4603));
#4474 = ORIENTED_EDGE('',*,*,#4475,.F.);
#4475 = EDGE_CURVE('',#2000,#4476,#4478,.T.);
#4476 = VERTEX_POINT('',#4477);
#4477 = CARTESIAN_POINT('',(56.702707082333,-2.84217094304E-14,
    75.256963832238));
#4478 = SEAM_CURVE('',#4479,(#4484,#4491),.PCURVE_S1.);
#4479 = ( BOUNDED_CURVE() B_SPLINE_CURVE(3,(#4480,#4481,#4482,#4483),
.UNSPECIFIED.,.F.,.F.) B_SPLINE_CURVE_WITH_KNOTS((4,4),(0.,1.),
.PIECEWISE_BEZIER_KNOTS.) CURVE() GEOMETRIC_REPRESENTATION_ITEM() 
RATIONAL_B_SPLINE_CURVE((1.,1.,1.,1.)) REPRESENTATION_ITEM('') );
#4480 = CARTESIAN_POINT('',(22.,2.36387987992E-14,0.));
#4481 = CARTESIAN_POINT('',(57.168356165811,-1.777699779616E-13,
    9.868328630731));
#4482 = CARTESIAN_POINT('',(61.040899105613,3.236732305051E-13,
    58.147651685374));
#4483 = CARTESIAN_POINT('',(55.,-1.42108547152E-14,86.));
#4484 = PCURVE('',#557,#4485);
#4485 = DEFINITIONAL_REPRESENTATION('',(#4486),#4490);
#4486 = LINE('',#4487,#4488);
#4487 = CARTESIAN_POINT('',(0.,0.));
#4488 = VECTOR('',#4489,1.);
#4489 = DIRECTION('',(0.,1.));
#4490 = ( GEOMETRIC_REPRESENTATION_CONTEXT(2) 
PARAMETRIC_REPRESENTATION_CONTEXT() REPRESENTATION_CONTEXT('2D SPACE',''
  ) );
#4491 = PCURVE('',#557,#4492);
#4492 = DEFINITIONAL_REPRESENTATION('',(#4493),#4497);
#4493 = LINE('',#4494,#4495);
#4494 = CARTESIAN_POINT('',(1.,0.));
#4495 = VECTOR('',#4496,1.);
#4496 = DIRECTION('',(0.,1.));
#4497 = ( GEOMETRIC_REPRESENTATION_CONTEXT(2) 
PARAMETRIC_REPRESENTATION_CONTEXT() REPRESENTATION_CONTEXT('2D SPACE',''
  ) );
#4498 = ORIENTED_EDGE('',*,*,#1999,.F.);
#4499 = ORIENTED_EDGE('',*,*,#1928,.T.);
#4500 = ORIENTED_EDGE('',*,*,#4501,.F.);
#4501 = EDGE_CURVE('',#1862,#1900,#4502,.T.);
#4502 = SURFACE_CURVE('',#4503,(#4510,#4520),.PCURVE_S1.);
#4503 = B_SPLINE_CURVE_WITH_KNOTS('',5,(#4504,#4505,#4506,#4507,#4508,
    #4509),.UNSPECIFIED.,.F.,.F.,(6,6),(0.,1.),
  .PIECEWISE_BEZIER_KNOTS.);
#4504 = CARTESIAN_POINT('',(30.2,20.529019147115,11.));
#4505 = CARTESIAN_POINT('',(30.921988501588,19.911124837912,11.));
#4506 = CARTESIAN_POINT('',(31.623368014217,19.269155975138,11.));
#4507 = CARTESIAN_POINT('',(32.30233028937,18.603145969078,11.));
#4508 = CARTESIAN_POINT('',(32.956853081889,17.913286157893,11.));
#4509 = CARTESIAN_POINT('',(33.58477356941,17.2,11.));
#4510 = PCURVE('',#557,#4511);
#4511 = DEFINITIONAL_REPRESENTATION('',(#4512),#4519);
#4512 = B_SPLINE_CURVE_WITH_KNOTS('',5,(#4513,#4514,#4515,#4516,#4517,
    #4518),.UNSPECIFIED.,.F.,.F.,(6,6),(0.,1.),
  .PIECEWISE_BEZIER_KNOTS.);
#4513 = CARTESIAN_POINT('',(0.115856416133,0.213490910756));
#4514 = CARTESIAN_POINT('',(0.111587134595,0.213490910756));
#4515 = CARTESIAN_POINT('',(0.107279093617,0.213490910756));
#4516 = CARTESIAN_POINT('',(0.102930758609,0.213490910756));
#4517 = CARTESIAN_POINT('',(9.854105096292E-02,0.213490910756));
#4518 = CARTESIAN_POINT('',(9.410936559728E-02,0.213490910756));
#4519 = ( GEOMETRIC_REPRESENTATION_CONTEXT(2) 
PARAMETRIC_REPRESENTATION_CONTEXT() REPRESENTATION_CONTEXT('2D SPACE',''
  ) );
#4520 = PCURVE('',#1916,#4521);
#4521 = DEFINITIONAL_REPRESENTATION('',(#4522),#4529);
#4522 = B_SPLINE_CURVE_WITH_KNOTS('',5,(#4523,#4524,#4525,#4526,#4527,
    #4528),.UNSPECIFIED.,.F.,.F.,(6,6),(0.,1.),
  .PIECEWISE_BEZIER_KNOTS.);
#4523 = CARTESIAN_POINT('',(-1.8,1.529019147115));
#4524 = CARTESIAN_POINT('',(-1.078011498412,0.911124837912));
#4525 = CARTESIAN_POINT('',(-0.376631985783,0.269155975138));
#4526 = CARTESIAN_POINT('',(0.30233028937,-0.396854030922));
#4527 = CARTESIAN_POINT('',(0.956853081889,-1.086713842107));
#4528 = CARTESIAN_POINT('',(1.58477356941,-1.8));
#4529 = ( GEOMETRIC_REPRESENTATION_CONTEXT(2) 
PARAMETRIC_REPRESENTATION_CONTEXT() REPRESENTATION_CONTEXT('2D SPACE',''
  ) );
#4530 = ORIENTED_EDGE('',*,*,#1861,.T.);
#4531 = ORIENTED_EDGE('',*,*,#3949,.F.);
#4532 = ORIENTED_EDGE('',*,*,#1679,.T.);
#4533 = ORIENTED_EDGE('',*,*,#4534,.F.);
#4534 = EDGE_CURVE('',#1746,#1651,#4535,.T.);
#4535 = SURFACE_CURVE('',#4536,(#4543,#4553),.PCURVE_S1.);
#4536 = B_SPLINE_CURVE_WITH_KNOTS('',5,(#4537,#4538,#4539,#4540,#4541,
    #4542),.UNSPECIFIED.,.F.,.F.,(6,6),(0.,1.),
  .PIECEWISE_BEZIER_KNOTS.);
#4537 = CARTESIAN_POINT('',(-33.5847736185,17.2,11.));
#4538 = CARTESIAN_POINT('',(-32.95685312476,17.913286169161,11.));
#4539 = CARTESIAN_POINT('',(-32.30233032379,18.603145989794,11.));
#4540 = CARTESIAN_POINT('',(-31.62336803833,19.269156003436,11.));
#4541 = CARTESIAN_POINT('',(-30.92198851408,19.911124872207,11.));
#4542 = CARTESIAN_POINT('',(-30.2,20.529019186135,11.));
#4543 = PCURVE('',#557,#4544);
#4544 = DEFINITIONAL_REPRESENTATION('',(#4545),#4552);
#4545 = B_SPLINE_CURVE_WITH_KNOTS('',5,(#4546,#4547,#4548,#4549,#4550,
    #4551),.UNSPECIFIED.,.F.,.F.,(6,6),(0.,1.),
  .PIECEWISE_BEZIER_KNOTS.);
#4546 = CARTESIAN_POINT('',(0.405890634674,0.213490910756));
#4547 = CARTESIAN_POINT('',(0.401458949261,0.213490910756));
#4548 = CARTESIAN_POINT('',(0.39706924156,0.213490910756));
#4549 = CARTESIAN_POINT('',(0.392720906492,0.213490910756));
#4550 = CARTESIAN_POINT('',(0.388412865451,0.213490910756));
#4551 = CARTESIAN_POINT('',(0.384143583851,0.213490910756));
#4552 = ( GEOMETRIC_REPRESENTATION_CONTEXT(2) 
PARAMETRIC_REPRESENTATION_CONTEXT() REPRESENTATION_CONTEXT('2D SPACE',''
  ) );
#4553 = PCURVE('',#1667,#4554);
#4554 = DEFINITIONAL_REPRESENTATION('',(#4555),#4562);
#4555 = B_SPLINE_CURVE_WITH_KNOTS('',5,(#4556,#4557,#4558,#4559,#4560,
    #4561),.UNSPECIFIED.,.F.,.F.,(6,6),(0.,1.),
  .PIECEWISE_BEZIER_KNOTS.);
#4556 = CARTESIAN_POINT('',(-1.584773618509,-1.8));
#4557 = CARTESIAN_POINT('',(-0.956853124762,-1.086713830839));
#4558 = CARTESIAN_POINT('',(-0.302330323794,-0.396854010206));
#4559 = CARTESIAN_POINT('',(0.376631961667,0.269156003436));
#4560 = CARTESIAN_POINT('',(1.078011485914,0.911124872207));
#4561 = CARTESIAN_POINT('',(1.8,1.529019186135));
#4562 = ( GEOMETRIC_REPRESENTATION_CONTEXT(2) 
PARAMETRIC_REPRESENTATION_CONTEXT() REPRESENTATION_CONTEXT('2D SPACE',''
  ) );
#4563 = ORIENTED_EDGE('',*,*,#1745,.T.);
#4564 = ORIENTED_EDGE('',*,*,#3462,.F.);
#4565 = ORIENTED_EDGE('',*,*,#531,.T.);
#4566 = ORIENTED_EDGE('',*,*,#4442,.F.);
#4567 = ORIENTED_EDGE('',*,*,#710,.T.);
#4568 = ORIENTED_EDGE('',*,*,#2975,.F.);
#4569 = ORIENTED_EDGE('',*,*,#1558,.T.);
#4570 = ORIENTED_EDGE('',*,*,#4571,.F.);
#4571 = EDGE_CURVE('',#1492,#1530,#4572,.T.);
#4572 = SURFACE_CURVE('',#4573,(#4580,#4590),.PCURVE_S1.);
#4573 = B_SPLINE_CURVE_WITH_KNOTS('',5,(#4574,#4575,#4576,#4577,#4578,
    #4579),.UNSPECIFIED.,.F.,.F.,(6,6),(0.,1.),
  .PIECEWISE_BEZIER_KNOTS.);
#4574 = CARTESIAN_POINT('',(33.584773569411,-17.2,11.));
#4575 = CARTESIAN_POINT('',(32.956853081889,-17.91328615789,11.));
#4576 = CARTESIAN_POINT('',(32.30233028937,-18.60314596907,11.));
#4577 = CARTESIAN_POINT('',(31.623368014217,-19.26915597513,11.));
#4578 = CARTESIAN_POINT('',(30.921988501588,-19.91112483791,11.));
#4579 = CARTESIAN_POINT('',(30.2,-20.52901914711,11.));
#4580 = PCURVE('',#557,#4581);
#4581 = DEFINITIONAL_REPRESENTATION('',(#4582),#4589);
#4582 = B_SPLINE_CURVE_WITH_KNOTS('',5,(#4583,#4584,#4585,#4586,#4587,
    #4588),.UNSPECIFIED.,.F.,.F.,(6,6),(0.,1.),
  .PIECEWISE_BEZIER_KNOTS.);
#4583 = CARTESIAN_POINT('',(0.905890634403,0.213490910756));
#4584 = CARTESIAN_POINT('',(0.901458949037,0.213490910756));
#4585 = CARTESIAN_POINT('',(0.897069241391,0.213490910756));
#4586 = CARTESIAN_POINT('',(0.892720906383,0.213490910756));
#4587 = CARTESIAN_POINT('',(0.888412865405,0.213490910756));
#4588 = CARTESIAN_POINT('',(0.884143583867,0.213490910756));
#4589 = ( GEOMETRIC_REPRESENTATION_CONTEXT(2) 
PARAMETRIC_REPRESENTATION_CONTEXT() REPRESENTATION_CONTEXT('2D SPACE',''
  ) );
#4590 = PCURVE('',#1546,#4591);
#4591 = DEFINITIONAL_REPRESENTATION('',(#4592),#4599);
#4592 = B_SPLINE_CURVE_WITH_KNOTS('',5,(#4593,#4594,#4595,#4596,#4597,
    #4598),.UNSPECIFIED.,.F.,.F.,(6,6),(0.,1.),
  .PIECEWISE_BEZIER_KNOTS.);
#4593 = CARTESIAN_POINT('',(1.584773569411,1.8));
#4594 = CARTESIAN_POINT('',(0.956853081889,1.086713842107));
#4595 = CARTESIAN_POINT('',(0.30233028937,0.396854030922));
#4596 = CARTESIAN_POINT('',(-0.376631985783,-0.269155975138));
#4597 = CARTESIAN_POINT('',(-1.078011498412,-0.911124837912));
#4598 = CARTESIAN_POINT('',(-1.8,-1.529019147115));
#4599 = ( GEOMETRIC_REPRESENTATION_CONTEXT(2) 
PARAMETRIC_REPRESENTATION_CONTEXT() REPRESENTATION_CONTEXT('2D SPACE',''
  ) );
#4600 = ORIENTED_EDGE('',*,*,#1491,.T.);
#4601 = ORIENTED_EDGE('',*,*,#2487,.F.);
#4602 = ORIENTED_EDGE('',*,*,#4475,.T.);
#4603 = ORIENTED_EDGE('',*,*,#4604,.T.);
#4604 = EDGE_CURVE('',#4476,#4476,#4605,.T.);
#4605 = SURFACE_CURVE('',#4606,(#4705,#4861),.PCURVE_S1.);
#4606 = ( BOUNDED_CURVE() B_SPLINE_CURVE(13,(#4607,#4608,#4609,#4610,
    #4611,#4612,#4613,#4614,#4615,#4616,#4617,#4618,#4619,#4620,#4621,
    #4622,#4623,#4624,#4625,#4626,#4627,#4628,#4629,#4630,#4631,#4632,
    #4633,#4634,#4635,#4636,#4637,#4638,#4639,#4640,#4641,#4642,#4643,
    #4644,#4645,#4646,#4647,#4648,#4649,#4650,#4651,#4652,#4653,#4654,
    #4655,#4656,#4657,#4658,#4659,#4660,#4661,#4662,#4663,#4664,#4665,
    #4666,#4667,#4668,#4669,#4670,#4671,#4672,#4673,#4674,#4675,#4676,
    #4677,#4678,#4679,#4680,#4681,#4682,#4683,#4684,#4685,#4686,#4687,
    #4688,#4689,#4690,#4691,#4692,#4693,#4694,#4695,#4696,#4697,#4698,
    #4699,#4700,#4701,#4702,#4703,#4704),.UNSPECIFIED.,.T.,.F.) 
B_SPLINE_CURVE_WITH_KNOTS((14,12,12,12,12,12,12,12,14),(
    -8.74549803843E-15,39.701003474559,85.173639193749,130.45614749955,
    170.39877005161,210.19037611534,255.34096351694,300.89844604592,
340.60847923514),.UNSPECIFIED.) CURVE() GEOMETRIC_REPRESENTATION_ITEM() 
RATIONAL_B_SPLINE_CURVE((1.,1.,0.999999999999,1.000000000003,
    0.999999999994,1.000000000009,0.999999999989,1.000000000011,
    0.999999999991,1.000000000006,0.999999999997,1.000000000001,1.,1.,
    0.999999999999,1.000000000003,0.999999999994,1.000000000009,
    0.999999999989,1.000000000011,0.999999999991,1.000000000006,
    0.999999999997,1.000000000001,1.,1.,1.,1.,0.999999999999,
    1.000000000001,0.999999999999,1.000000000001,0.999999999999,
    1.000000000001,1.,1.,1.,1.,0.999999999998,1.000000000005,
    0.999999999989,1.000000000017,0.99999999998,1.000000000019,
    0.999999999985,1.000000000009,0.999999999996,1.000000000001,1.,1.,1.
    ,0.999999999999,1.000000000002,0.999999999996,1.000000000005,
    0.999999999995,1.000000000004,0.999999999997,1.000000000001,
    0.999999999999,1.,1.,1.000000000002,0.999999999995,1.00000000001,
    0.999999999985,1.000000000018,0.999999999983,1.000000000014,
    0.999999999991,1.000000000004,0.999999999999,1.,1.,1.000000000001,
    0.999999999997,1.000000000006,0.999999999991,1.00000000001,
    0.999999999991,1.000000000006,0.999999999996,1.000000000001,1.,1.,1.
    ,0.999999999998,1.000000000005,0.999999999991,1.000000000014,
    0.999999999984,1.000000000016,0.999999999988,1.000000000008,
0.999999999996,1.000000000001,1.,1.)) REPRESENTATION_ITEM('') );
#4607 = CARTESIAN_POINT('',(56.702707082333,-2.84217094304E-14,
    75.256963832238));
#4608 = CARTESIAN_POINT('',(56.70270708233,-2.469711118901,
    75.256963832236));
#4609 = CARTESIAN_POINT('',(56.552759130368,-4.939784916154,
    75.171034519605));
#4610 = CARTESIAN_POINT('',(56.253081038887,-7.406613458507,
    74.999309293484));
#4611 = CARTESIAN_POINT('',(55.802452150206,-9.868505812849,
    74.742229732849));
#4612 = CARTESIAN_POINT('',(55.198761447232,-12.32220723349,
    74.400881358271));
#4613 = CARTESIAN_POINT('',(54.439495935187,-14.76218390293,
    73.977343071778));
#4614 = CARTESIAN_POINT('',(53.522082118519,-17.18121796514,
    73.474960266545));
#4615 = CARTESIAN_POINT('',(52.444045022496,-19.57127222418,
    72.898492281723));
#4616 = CARTESIAN_POINT('',(51.203000836291,-21.92399851353,
    72.254125552868));
#4617 = CARTESIAN_POINT('',(49.796550877273,-24.23067838214,
    71.549384493196));
#4618 = CARTESIAN_POINT('',(48.222196206032,-26.48179936823,
    70.793012816444));
#4619 = CARTESIAN_POINT('',(46.477443843068,-28.66688477793,
    69.994938695036));
#4620 = CARTESIAN_POINT('',(42.364504881551,-33.1908953504,
    68.217577393618));
#4621 = CARTESIAN_POINT('',(39.942202621386,-35.50607704951,
    67.228703007138));
#4622 = CARTESIAN_POINT('',(37.293028136839,-37.70346933025,
    66.217571911002));
#4623 = CARTESIAN_POINT('',(34.408316583091,-39.7695661573,
    65.201536111701));
#4624 = CARTESIAN_POINT('',(31.297225889871,-41.68005355275,
    64.204870652385));
#4625 = CARTESIAN_POINT('',(27.958485547528,-43.41694856764,
    63.250488043304));
#4626 = CARTESIAN_POINT('',(24.397096064441,-44.96030325424,
    62.363794300745));
#4627 = CARTESIAN_POINT('',(20.633538515805,-46.28476595847,
    61.574156158736));
#4628 = CARTESIAN_POINT('',(16.693684518549,-47.36820542863,
    60.909743638875));
#4629 = CARTESIAN_POINT('',(12.60907942203,-48.19470755106,
    60.393776200806));
#4630 = CARTESIAN_POINT('',(8.429195428276,-48.74880062307,
    60.044699830743));
#4631 = CARTESIAN_POINT('',(4.200314213375,-49.02512298946,
    59.870659001933));
#4632 = CARTESIAN_POINT('',(-4.239223629921,-49.02169588327,
    59.872817662653));
#4633 = CARTESIAN_POINT('',(-8.449865803269,-48.74427069567,
    60.047558720623));
#4634 = CARTESIAN_POINT('',(-12.61179808136,-48.19137164314,
    60.395800095572));
#4635 = CARTESIAN_POINT('',(-16.67812378085,-47.36888918334,
    60.909275264855));
#4636 = CARTESIAN_POINT('',(-20.60321991451,-46.29046228655,
    61.570411921561));
#4637 = CARTESIAN_POINT('',(-24.35160871118,-44.97422670498,
    62.355225570115));
#4638 = CARTESIAN_POINT('',(-27.89914098905,-43.441062157,
    63.236451794651));
#4639 = CARTESIAN_POINT('',(-31.22971719484,-41.71357210348,
    64.186172416684));
#4640 = CARTESIAN_POINT('',(-34.33367006767,-39.8141544909,
    65.17795458186));
#4641 = CARTESIAN_POINT('',(-37.20830569511,-37.76281887437,
    66.188153736099));
#4642 = CARTESIAN_POINT('',(-39.85556234242,-35.57730622604,
    67.195748832647));
#4643 = CARTESIAN_POINT('',(-42.27491379298,-33.27600371825,
    68.18109830041));
#4644 = CARTESIAN_POINT('',(-46.40648017503,-28.7562836108,
    69.962384347784));
#4645 = CARTESIAN_POINT('',(-48.16829778519,-26.56021510794,
    70.766929092337));
#4646 = CARTESIAN_POINT('',(-49.75751223986,-24.29711900003,
    71.529584662045));
#4647 = CARTESIAN_POINT('',(-51.17666051325,-21.97750226531,
    72.240198379854));
#4648 = CARTESIAN_POINT('',(-52.42830420405,-19.61103752302,
    72.889838153358));
#4649 = CARTESIAN_POINT('',(-53.51490297639,-17.20673177927,
    73.470823928371));
#4650 = CARTESIAN_POINT('',(-54.43889929057,-14.77317128982,
    73.97684833569));
#4651 = CARTESIAN_POINT('',(-55.20282711499,-12.31846395833,
    74.403066456818));
#4652 = CARTESIAN_POINT('',(-55.80931625508,-9.849780912761,
    74.746078797335));
#4653 = CARTESIAN_POINT('',(-56.26092291037,-7.372679109526,
    75.003775716242));
#4654 = CARTESIAN_POINT('',(-56.55977600393,-4.890667052997,
    75.175055720043));
#4655 = CARTESIAN_POINT('',(-56.70708780859,-2.405755915944,
    75.259474192184));
#4656 = CARTESIAN_POINT('',(-56.69820168358,2.554324362726,
    75.254382027887));
#4657 = CARTESIAN_POINT('',(-56.54314502454,5.029671228725,
    75.165525901321));
#4658 = CARTESIAN_POINT('',(-56.23766375047,7.501962842857,
    74.990503574062));
#4659 = CARTESIAN_POINT('',(-55.78048680913,9.969252045736,
    74.729768257461));
#4660 = CARTESIAN_POINT('',(-55.1694732212,12.428027729132,
    74.384439504168));
#4661 = CARTESIAN_POINT('',(-54.40210079535,14.872689397038,
    73.956653675474));
#4662 = CARTESIAN_POINT('',(-53.4757896694,17.29604874303,
    73.449828610845));
#4663 = CARTESIAN_POINT('',(-52.38804652445,19.690051012794,
    72.868803613811));
#4664 = CARTESIAN_POINT('',(-51.13645647924,22.04622518472,
    72.219851455156));
#4665 = CARTESIAN_POINT('',(-49.71859089974,24.355688272273,
    71.510594677282));
#4666 = CARTESIAN_POINT('',(-48.13194051381,26.608845320212,
    70.749894070219));
#4667 = CARTESIAN_POINT('',(-46.37402444373,28.795242933123,
    69.947812773384));
#4668 = CARTESIAN_POINT('',(-42.25162852317,33.297504493015,
    68.17172434616));
#4669 = CARTESIAN_POINT('',(-39.83701191638,35.591253122427,
    67.189006293099));
#4670 = CARTESIAN_POINT('',(-37.19857075321,37.768242220633,
    66.185068533039));
#4671 = CARTESIAN_POINT('',(-34.32828284704,39.815139281656,
    65.177012445599));
#4672 = CARTESIAN_POINT('',(-31.23440238895,41.708280466153,
    64.188562051635));
#4673 = CARTESIAN_POINT('',(-27.9165830066,43.429835084793,
    63.242299302692));
#4674 = CARTESIAN_POINT('',(-24.37985634328,44.960285734003,
    62.363101143889));
#4675 = CARTESIAN_POINT('',(-20.64356351526,46.275048276826,
    61.579571389455));
#4676 = CARTESIAN_POINT('',(-16.7334572419,47.352384165527,
    60.919292425612));
#4677 = CARTESIAN_POINT('',(-12.68104214772,48.176532383638,
    60.405080201957));
#4678 = CARTESIAN_POINT('',(-8.533213857512,48.732611936231,
    60.054896058896));
#4679 = CARTESIAN_POINT('',(-4.336100856521,49.014978181667,
    59.877048935751));
#4680 = CARTESIAN_POINT('',(4.098524609083,49.031647627189,
    59.866549334158));
#4681 = CARTESIAN_POINT('',(8.336639373765,48.760813368373,
    60.037125236272));
#4682 = CARTESIAN_POINT('',(12.521440943086,48.212507676956,
    60.38270814243));
#4683 = CARTESIAN_POINT('',(16.632873196134,47.384584653964,
    60.899528148884));
#4684 = CARTESIAN_POINT('',(20.544402319982,46.314179328643,
    61.556878324587));
#4685 = CARTESIAN_POINT('',(24.374972245328,44.973833336077,
    62.355705821626));
#4686 = CARTESIAN_POINT('',(27.888095432232,43.447705665248,
    63.23367790694));
#4687 = CARTESIAN_POINT('',(31.275363285885,41.697420016953,
    64.195775206002));
#4688 = CARTESIAN_POINT('',(34.377353375163,39.789243858622,
    65.191721680461));
#4689 = CARTESIAN_POINT('',(37.271801943283,37.720808464824,
    66.209463796343));
#4690 = CARTESIAN_POINT('',(39.927761305784,35.519297052031,
    67.222932010592));
#4691 = CARTESIAN_POINT('',(42.355140205851,33.200485291762,
    68.213648214922));
#4692 = CARTESIAN_POINT('',(46.473431702824,28.671915931115,
    69.993102595073));
#4693 = CARTESIAN_POINT('',(48.218931627066,26.486447160646,
    70.791440413684));
#4694 = CARTESIAN_POINT('',(49.79396361569,24.234993658992,
    71.548086029586));
#4695 = CARTESIAN_POINT('',(51.200973069117,21.927907090042,
    72.253073392666));
#4696 = CARTESIAN_POINT('',(52.442450264351,19.574741656569,
    72.897641632921));
#4697 = CARTESIAN_POINT('',(53.520829598613,17.184350469007,
    73.474276718615));
#4698 = CARTESIAN_POINT('',(54.438544494426,14.765111279934,
    73.976814015782));
#4699 = CARTESIAN_POINT('',(55.198099649726,12.324904542607,
    74.400507681468));
#4700 = CARTESIAN_POINT('',(55.802061643601,9.870727017407,
    74.742006550337));
#4701 = CARTESIAN_POINT('',(56.252908280765,7.408084463796,
    74.999209903081));
#4702 = CARTESIAN_POINT('',(56.552716380149,4.940567227921,
    75.171010229841));
#4703 = CARTESIAN_POINT('',(56.702707082333,2.470272837359,
    75.256963832238));
#4704 = CARTESIAN_POINT('',(56.702707082333,7.351125571495E-14,
    75.256963832238));
#4705 = PCURVE('',#557,#4706);
#4706 = DEFINITIONAL_REPRESENTATION('',(#4707),#4860);
#4707 = B_SPLINE_CURVE_WITH_KNOTS('',11,(#4708,#4709,#4710,#4711,#4712,
    #4713,#4714,#4715,#4716,#4717,#4718,#4719,#4720,#4721,#4722,#4723,
    #4724,#4725,#4726,#4727,#4728,#4729,#4730,#4731,#4732,#4733,#4734,
    #4735,#4736,#4737,#4738,#4739,#4740,#4741,#4742,#4743,#4744,#4745,
    #4746,#4747,#4748,#4749,#4750,#4751,#4752,#4753,#4754,#4755,#4756,
    #4757,#4758,#4759,#4760,#4761,#4762,#4763,#4764,#4765,#4766,#4767,
    #4768,#4769,#4770,#4771,#4772,#4773,#4774,#4775,#4776,#4777,#4778,
    #4779,#4780,#4781,#4782,#4783,#4784,#4785,#4786,#4787,#4788,#4789,
    #4790,#4791,#4792,#4793,#4794,#4795,#4796,#4797,#4798,#4799,#4800,
    #4801,#4802,#4803,#4804,#4805,#4806,#4807,#4808,#4809,#4810,#4811,
    #4812,#4813,#4814,#4815,#4816,#4817,#4818,#4819,#4820,#4821,#4822,
    #4823,#4824,#4825,#4826,#4827,#4828,#4829,#4830,#4831,#4832,#4833,
    #4834,#4835,#4836,#4837,#4838,#4839,#4840,#4841,#4842,#4843,#4844,
    #4845,#4846,#4847,#4848,#4849,#4850,#4851,#4852,#4853,#4854,#4855,
    #4856,#4857,#4858,#4859),.UNSPECIFIED.,.F.,.F.,(12,10,10,10,10,10,10
    ,10,10,10,10,10,10,10,10,12),(-8.74549803843E-15,21.288029952197,
    31.932044928295,42.576059904393,85.152119808786,127.72817971318,
    149.01620966537,170.30423961757,191.59226956976,202.23628454586,
    212.88029952196,255.45635942635,276.74438937855,298.03241933075,
    319.32044928294,340.60847923514),.UNSPECIFIED.);
#4708 = CARTESIAN_POINT('',(1.,0.880674874692));
#4709 = CARTESIAN_POINT('',(0.99486940624,0.880674874692));
#4710 = CARTESIAN_POINT('',(0.989738332569,0.880308616617));
#4711 = CARTESIAN_POINT('',(0.984604607156,0.879576511226));
#4712 = CARTESIAN_POINT('',(0.979465013162,0.878479995041));
#4713 = CARTESIAN_POINT('',(0.974316404968,0.877022050962));
#4714 = CARTESIAN_POINT('',(0.969156210914,0.875207626413));
#4715 = CARTESIAN_POINT('',(0.963982493846,0.873043943968));
#4716 = CARTESIAN_POINT('',(0.958793741069,0.870540699657));
#4717 = CARTESIAN_POINT('',(0.95358855495,0.867710143882));
#4718 = CARTESIAN_POINT('',(0.948365415765,0.864567040105));
#4719 = CARTESIAN_POINT('',(0.940501324268,0.859409224404));
#4720 = CARTESIAN_POINT('',(0.93787505607,0.857616070931));
#4721 = CARTESIAN_POINT('',(0.935243683683,0.855751205431));
#4722 = CARTESIAN_POINT('',(0.932606988112,0.85381692905));
#4723 = CARTESIAN_POINT('',(0.929964731164,0.851815674516));
#4724 = CARTESIAN_POINT('',(0.927316655495,0.849750006175));
#4725 = CARTESIAN_POINT('',(0.924662484545,0.847622619943));
#4726 = CARTESIAN_POINT('',(0.922001922609,0.845436343357));
#4727 = CARTESIAN_POINT('',(0.919334654775,0.843194135529));
#4728 = CARTESIAN_POINT('',(0.916660346969,0.84089908718));
#4729 = CARTESIAN_POINT('',(0.911296944884,0.836209754061));
#4730 = CARTESIAN_POINT('',(0.908607819179,0.833815428218));
#4731 = CARTESIAN_POINT('',(0.905911043658,0.831374711151));
#4732 = CARTESIAN_POINT('',(0.90320602028,0.828890787407));
#4733 = CARTESIAN_POINT('',(0.900492431106,0.82636709976));
#4734 = CARTESIAN_POINT('',(0.897770015626,0.823807255481));
#4735 = CARTESIAN_POINT('',(0.895038285562,0.821214883333));
#4736 = CARTESIAN_POINT('',(0.892296570105,0.818593635837));
#4737 = CARTESIAN_POINT('',(0.889544363652,0.81594733895));
#4738 = CARTESIAN_POINT('',(0.886781527953,0.813280099674));
#4739 = CARTESIAN_POINT('',(0.872911287094,0.79985955044));
#4740 = CARTESIAN_POINT('',(0.861635872305,0.78885304305));
#4741 = CARTESIAN_POINT('',(0.850150796207,0.777837218882));
#4742 = CARTESIAN_POINT('',(0.838420853254,0.767097763415));
#4743 = CARTESIAN_POINT('',(0.826454890945,0.75698282688));
#4744 = CARTESIAN_POINT('',(0.814172542353,0.747788863851));
#4745 = CARTESIAN_POINT('',(0.801664855668,0.739953711377));
#4746 = CARTESIAN_POINT('',(0.788901764459,0.733794257141));
#4747 = CARTESIAN_POINT('',(0.775988084162,0.729603826311));
#4748 = CARTESIAN_POINT('',(0.762990840611,0.727508192836));
#4749 = CARTESIAN_POINT('',(0.736996492546,0.727510048896));
#4750 = CARTESIAN_POINT('',(0.723999354686,0.729607590395));
#4751 = CARTESIAN_POINT('',(0.71108476352,0.733799954078));
#4752 = CARTESIAN_POINT('',(0.698326947711,0.739958679353));
#4753 = CARTESIAN_POINT('',(0.68580577058,0.747803766876));
#4754 = CARTESIAN_POINT('',(0.673546876949,0.756981736042));
#4755 = CARTESIAN_POINT('',(0.661557924107,0.767115649846));
#4756 = CARTESIAN_POINT('',(0.649838941624,0.777846916668));
#4757 = CARTESIAN_POINT('',(0.638354255744,0.788862675653));
#4758 = CARTESIAN_POINT('',(0.627078273466,0.799869720072));
#4759 = CARTESIAN_POINT('',(0.610433888291,0.815974340281));
#4760 = CARTESIAN_POINT('',(0.604930745576,0.821274834952));
#4761 = CARTESIAN_POINT('',(0.599468512437,0.826475214016));
#4762 = CARTESIAN_POINT('',(0.594044506986,0.831544150336));
#4763 = CARTESIAN_POINT('',(0.58865364502,0.836452702972));
#4764 = CARTESIAN_POINT('',(0.583293735513,0.841173763058));
#4765 = CARTESIAN_POINT('',(0.577962111097,0.845681555904));
#4766 = CARTESIAN_POINT('',(0.572655176423,0.849952110499));
#4767 = CARTESIAN_POINT('',(0.567371845373,0.853963865174));
#4768 = CARTESIAN_POINT('',(0.562109671711,0.857697234645));
#4769 = CARTESIAN_POINT('',(0.551624632533,0.864573060888));
#4770 = CARTESIAN_POINT('',(0.546401737542,0.867715509889));
#4771 = CARTESIAN_POINT('',(0.541196802836,0.870545405261));
#4772 = CARTESIAN_POINT('',(0.53600829431,0.873048001204));
#4773 = CARTESIAN_POINT('',(0.530834768258,0.875211060114));
#4774 = CARTESIAN_POINT('',(0.525674667421,0.877024889687));
#4775 = CARTESIAN_POINT('',(0.520526070303,0.878482259842));
#4776 = CARTESIAN_POINT('',(0.51538651145,0.879578207067));
#4777 = CARTESIAN_POINT('',(0.510252990067,0.880309733333));
#4778 = CARTESIAN_POINT('',(0.505122284633,0.880675407162));
#4779 = CARTESIAN_POINT('',(0.494861097321,0.880674341011));
#4780 = CARTESIAN_POINT('',(0.489730419313,0.880307566307));
#4781 = CARTESIAN_POINT('',(0.48459696402,0.879574975659));
#4782 = CARTESIAN_POINT('',(0.479457486514,0.878478003329));
#4783 = CARTESIAN_POINT('',(0.474308954808,0.877019630028));
#4784 = CARTESIAN_POINT('',(0.469148882098,0.875204807232));
#4785 = CARTESIAN_POINT('',(0.46397534416,0.873040766528));
#4786 = CARTESIAN_POINT('',(0.458786799991,0.870537212948));
#4787 = CARTESIAN_POINT('',(0.453581833488,0.867706400823));
#4788 = CARTESIAN_POINT('',(0.44835893425,0.864563091105));
#4789 = CARTESIAN_POINT('',(0.44049518591,0.859405037578));
#4790 = CARTESIAN_POINT('',(0.437869030054,0.857611817157));
#4791 = CARTESIAN_POINT('',(0.43523776791,0.855746895864));
#4792 = CARTESIAN_POINT('',(0.432601180501,0.853812573819));
#4793 = CARTESIAN_POINT('',(0.429959029743,0.851811282867));
#4794 = CARTESIAN_POINT('',(0.427311058462,0.849745586605));
#4795 = CARTESIAN_POINT('',(0.424656990373,0.847618180353));
#4796 = CARTESIAN_POINT('',(0.421996530099,0.845431891183));
#4797 = CARTESIAN_POINT('',(0.419329363158,0.843189677892));
#4798 = CARTESIAN_POINT('',(0.416655155969,0.840894631025));
#4799 = CARTESIAN_POINT('',(0.411291955733,0.836205314689));
#4800 = CARTESIAN_POINT('',(0.408602977313,0.833811041023));
#4801 = CARTESIAN_POINT('',(0.405906146271,0.831370229775));
#4802 = CARTESIAN_POINT('',(0.403201384257,0.828886461349));
#4803 = CARTESIAN_POINT('',(0.400487932443,0.826362850416));
#4804 = CARTESIAN_POINT('',(0.397765443217,0.823802942236));
#4805 = CARTESIAN_POINT('',(0.395033810993,0.821210646823));
#4806 = CARTESIAN_POINT('',(0.392292361338,0.818589596112));
#4807 = CARTESIAN_POINT('',(0.389540160204,0.815943290449));
#4808 = CARTESIAN_POINT('',(0.386777442407,0.813276152631));
#4809 = CARTESIAN_POINT('',(0.372907681901,0.799856033947));
#4810 = CARTESIAN_POINT('',(0.361632707486,0.788849979829));
#4811 = CARTESIAN_POINT('',(0.350148108382,0.777835001174));
#4812 = CARTESIAN_POINT('',(0.338418757841,0.767095197713));
#4813 = CARTESIAN_POINT('',(0.326451519603,0.756981906213));
#4814 = CARTESIAN_POINT('',(0.3141736278,0.747787868487));
#4815 = CARTESIAN_POINT('',(0.301661417491,0.739953325609));
#4816 = CARTESIAN_POINT('',(0.288902678138,0.733794236909));
#4817 = CARTESIAN_POINT('',(0.275987865625,0.729604060269));
#4818 = CARTESIAN_POINT('',(0.262991490439,0.727508362289));
#4819 = CARTESIAN_POINT('',(0.243496804634,0.727509500742));
#4820 = CARTESIAN_POINT('',(0.236998358523,0.728034096152));
#4821 = CARTESIAN_POINT('',(0.23051172858,0.72908181299));
#4822 = CARTESIAN_POINT('',(0.224042920625,0.730646443933));
#4823 = CARTESIAN_POINT('',(0.217604462626,0.732709644522));
#4824 = CARTESIAN_POINT('',(0.21120638053,0.735246172756));
#4825 = CARTESIAN_POINT('',(0.204853964566,0.738226138621));
#4826 = CARTESIAN_POINT('',(0.198552586622,0.741613882808));
#4827 = CARTESIAN_POINT('',(0.192308996376,0.745368842669));
#4828 = CARTESIAN_POINT('',(0.186124962672,0.749450369401));
#4829 = CARTESIAN_POINT('',(0.173880710624,0.758181494507));
#4830 = CARTESIAN_POINT('',(0.167820373879,0.762831156467));
#4831 = CARTESIAN_POINT('',(0.161823807057,0.76772258643));
#4832 = CARTESIAN_POINT('',(0.155891059508,0.772812913705));
#4833 = CARTESIAN_POINT('',(0.150021401184,0.778059318421));
#4834 = CARTESIAN_POINT('',(0.144213298301,0.78341996534));
#4835 = CARTESIAN_POINT('',(0.138464218188,0.78885473969));
#4836 = CARTESIAN_POINT('',(0.132770787673,0.79432552992));
#4837 = CARTESIAN_POINT('',(0.127129348075,0.799796088254));
#4838 = CARTESIAN_POINT('',(0.121536468805,0.805231786518));
#4839 = CARTESIAN_POINT('',(0.11044053186,0.815967955058));
#4840 = CARTESIAN_POINT('',(0.104937443038,0.821268425928));
#4841 = CARTESIAN_POINT('',(9.947537777821E-02,0.826468706034));
#4842 = CARTESIAN_POINT('',(9.405175473664E-02,0.831537559381));
#4843 = CARTESIAN_POINT('',(8.866077517173E-02,0.836446309068));
#4844 = CARTESIAN_POINT('',(8.330094889306E-02,0.841167478913));
#4845 = CARTESIAN_POINT('',(7.796964928161E-02,0.84567530807));
#4846 = CARTESIAN_POINT('',(7.266266896218E-02,0.849946123001));
#4847 = CARTESIAN_POINT('',(6.737960848511E-02,0.853958021356));
#4848 = CARTESIAN_POINT('',(6.211759897335E-02,0.857691639089));
#4849 = CARTESIAN_POINT('',(5.163288772646E-02,0.864568050267));
#4850 = CARTESIAN_POINT('',(4.641013838636E-02,0.867710846122));
#4851 = CARTESIAN_POINT('',(4.120531003662E-02,0.870541147574));
#4852 = CARTESIAN_POINT('',(3.601684584715E-02,0.873044214396));
#4853 = CARTESIAN_POINT('',(3.084328924932E-02,0.875207800604));
#4854 = CARTESIAN_POINT('',(2.568309284508E-02,0.877022191279));
#4855 = CARTESIAN_POINT('',(2.053437438411E-02,0.878480128098));
#4856 = CARTESIAN_POINT('',(1.539472978401E-02,0.879576625722));
#4857 = CARTESIAN_POINT('',(1.026121314888E-02,0.880308680654));
#4858 = CARTESIAN_POINT('',(5.130593760333E-03,0.880674874692));
#4859 = CARTESIAN_POINT('',(-3.934352843515E-15,0.880674874692));
#4860 = ( GEOMETRIC_REPRESENTATION_CONTEXT(2) 
PARAMETRIC_REPRESENTATION_CONTEXT() REPRESENTATION_CONTEXT('2D SPACE',''
  ) );
#4861 = PCURVE('',#4862,#5157);
#4862 = ( BOUNDED_SURFACE() B_SPLINE_SURFACE(2,13,(
    (#4863,#4864,#4865,#4866,#4867,#4868,#4869,#4870,#4871,#4872,#4873
      ,#4874,#4875,#4876,#4877,#4878,#4879,#4880,#4881,#4882,#4883,#4884
      ,#4885,#4886,#4887,#4888,#4889,#4890,#4891,#4892,#4893,#4894,#4895
      ,#4896,#4897,#4898,#4899,#4900,#4901,#4902,#4903,#4904,#4905,#4906
      ,#4907,#4908,#4909,#4910,#4911,#4912,#4913,#4914,#4915,#4916,#4917
      ,#4918,#4919,#4920,#4921,#4922,#4923,#4924,#4925,#4926,#4927,#4928
      ,#4929,#4930,#4931,#4932,#4933,#4934,#4935,#4936,#4937,#4938,#4939
      ,#4940,#4941,#4942,#4943,#4944,#4945,#4946,#4947,#4948,#4949,#4950
      ,#4951,#4952,#4953,#4954,#4955,#4956,#4957,#4958,#4959,#4960)
    ,(#4961,#4962,#4963,#4964,#4965,#4966,#4967,#4968,#4969,#4970,#4971
      ,#4972,#4973,#4974,#4975,#4976,#4977,#4978,#4979,#4980,#4981,#4982
      ,#4983,#4984,#4985,#4986,#4987,#4988,#4989,#4990,#4991,#4992,#4993
      ,#4994,#4995,#4996,#4997,#4998,#4999,#5000,#5001,#5002,#5003,#5004
      ,#5005,#5006,#5007,#5008,#5009,#5010,#5011,#5012,#5013,#5014,#5015
      ,#5016,#5017,#5018,#5019,#5020,#5021,#5022,#5023,#5024,#5025,#5026
      ,#5027,#5028,#5029,#5030,#5031,#5032,#5033,#5034,#5035,#5036,#5037
      ,#5038,#5039,#5040,#5041,#5042,#5043,#5044,#5045,#5046,#5047,#5048
      ,#5049,#5050,#5051,#5052,#5053,#5054,#5055,#5056,#5057,#5058)
    ,(#5059,#5060,#5061,#5062,#5063,#5064,#5065,#5066,#5067,#5068,#5069
      ,#5070,#5071,#5072,#5073,#5074,#5075,#5076,#5077,#5078,#5079,#5080
      ,#5081,#5082,#5083,#5084,#5085,#5086,#5087,#5088,#5089,#5090,#5091
      ,#5092,#5093,#5094,#5095,#5096,#5097,#5098,#5099,#5100,#5101,#5102
      ,#5103,#5104,#5105,#5106,#5107,#5108,#5109,#5110,#5111,#5112,#5113
      ,#5114,#5115,#5116,#5117,#5118,#5119,#5120,#5121,#5122,#5123,#5124
      ,#5125,#5126,#5127,#5128,#5129,#5130,#5131,#5132,#5133,#5134,#5135
      ,#5136,#5137,#5138,#5139,#5140,#5141,#5142,#5143,#5144,#5145,#5146
      ,#5147,#5148,#5149,#5150,#5151,#5152,#5153,#5154,#5155,#5156
)),.UNSPECIFIED.,.F.,.F.,.F.) B_SPLINE_SURFACE_WITH_KNOTS((3,3),(14,12,
    12,12,12,12,12,12,14),(0.,340.60847923514),(-8.74549803843E-15,
    39.701003474559,85.173639193749,130.45614749955,170.39877005161,
    210.19037611534,255.34096351694,300.89844604592,340.60847923514),
.UNSPECIFIED.) GEOMETRIC_REPRESENTATION_ITEM() RATIONAL_B_SPLINE_SURFACE
((
    (1.,1.,0.999999999999,1.000000000003,0.999999999994,1.000000000009
      ,0.999999999989,1.000000000011,0.999999999991,1.000000000006
      ,0.999999999997,1.000000000001,1.,1.,0.999999999999,1.000000000003
      ,0.999999999994,1.000000000009,0.999999999989,1.000000000011
      ,0.999999999991,1.000000000006,0.999999999997,1.000000000001,1.,1.
      ,1.,1.,0.999999999999,1.000000000001,0.999999999999,1.000000000001
      ,0.999999999999,1.000000000001,1.,1.,1.,1.,0.999999999998
      ,1.000000000005,0.999999999989,1.000000000017,0.99999999998
      ,1.000000000019,0.999999999985,1.000000000009,0.999999999996
      ,1.000000000001,1.,1.,1.,0.999999999999,1.000000000002
      ,0.999999999996,1.000000000005,0.999999999995,1.000000000004
      ,0.999999999997,1.000000000001,0.999999999999,1.,1.,1.000000000002
      ,0.999999999995,1.00000000001,0.999999999985,1.000000000018
      ,0.999999999983,1.000000000014,0.999999999991,1.000000000004
      ,0.999999999999,1.,1.,1.000000000001,0.999999999997,1.000000000006
      ,0.999999999991,1.00000000001,0.999999999991,1.000000000006
      ,0.999999999996,1.000000000001,1.,1.,1.,0.999999999998
      ,1.000000000005,0.999999999991,1.000000000014,0.999999999984
      ,1.000000000016,0.999999999988,1.000000000008,0.999999999996
      ,1.000000000001,1.,1.)
    ,(0.539360044227,0.539360044227,0.540666209915,0.543273909204
      ,0.547140202899,0.552166765998,0.558204776216,0.565071446519
      ,0.572570124909,0.580508133111,0.588708761784,0.597016088475
      ,0.605293530706,0.622726361802,0.631835940198,0.640557113232
      ,0.648761091116,0.656289627677,0.663051907139,0.668971956905
      ,0.673966566137,0.677988925626,0.681028024111,0.683053087549
      ,0.684063448128,0.684050922717,0.683036844283,0.681014767164
      ,0.677992174746,0.673986407606,0.669023150403,0.663145134625
      ,0.656419501421,0.648934977971,0.640794450107,0.632118187905
      ,0.623061421434,0.605632029548,0.597304663019,0.58894267095
      ,0.580684443983,0.572688164747,0.565133541892,0.558216845158
      ,0.552138503985,0.547084755574,0.543207046452,0.540605115235
      ,0.53932190299,0.539399270694,0.540749948842,0.543406520771
      ,0.547324908203,0.552404754054,0.55849460398,0.565409254252
      ,0.572950479096,0.580924952896,0.58915578543,0.597486690546
      ,0.605780411404,0.623146463892,0.632174557096,0.64081416248
      ,0.648939963858,0.656398207627,0.66309948316,0.668969788521
      ,0.673928652493,0.677929665595,0.680961049872,0.682993904423
      ,0.684026358736,0.684087306144,0.683096512295,0.681097510673
      ,0.678034993678,0.67410903626,0.668978734287,0.66321532016
      ,0.656329886006,0.648849685784,0.640624355112,0.63188791836
      ,0.622763657307,0.605312626524,0.597033332533,0.588723839127
      ,0.580521072998,0.572581137336,0.5650806904,0.558212229081
      ,0.55217226492,0.547143638915,0.543275477267,0.540666549214
      ,0.539360044227,0.539360044227)
    ,(1.,1.,0.999999999999,1.000000000003,0.999999999994,1.000000000009
      ,0.999999999989,1.000000000011,0.999999999991,1.000000000006
      ,0.999999999997,1.000000000001,1.,1.,0.999999999999,1.000000000003
      ,0.999999999994,1.000000000009,0.999999999989,1.000000000011
      ,0.999999999991,1.000000000006,0.999999999997,1.000000000001,1.,1.
      ,1.,1.,0.999999999999,1.000000000001,0.999999999999,1.000000000001
      ,0.999999999999,1.000000000001,1.,1.,1.,1.,0.999999999998
      ,1.000000000005,0.999999999989,1.000000000017,0.99999999998
      ,1.000000000019,0.999999999985,1.000000000009,0.999999999996
      ,1.000000000001,1.,1.,1.,0.999999999999,1.000000000002
      ,0.999999999996,1.000000000005,0.999999999995,1.000000000004
      ,0.999999999997,1.000000000001,0.999999999999,1.,1.,1.000000000002
      ,0.999999999995,1.00000000001,0.999999999985,1.000000000018
      ,0.999999999983,1.000000000014,0.999999999991,1.000000000004
      ,0.999999999999,1.,1.,1.000000000001,0.999999999997,1.000000000006
      ,0.999999999991,1.00000000001,0.999999999991,1.000000000006
      ,0.999999999996,1.000000000001,1.,1.,1.,0.999999999998
      ,1.000000000005,0.999999999991,1.000000000014,0.999999999984
      ,1.000000000016,0.999999999988,1.000000000008,0.999999999996
,1.000000000001,1.,1.))) REPRESENTATION_ITEM('') SURFACE() );
#4863 = CARTESIAN_POINT('',(56.702707082333,-2.84217094304E-14,
    75.256963832238));
#4864 = CARTESIAN_POINT('',(56.70270708233,-2.469711118901,
    75.256963832236));
#4865 = CARTESIAN_POINT('',(56.552759130368,-4.939784916154,
    75.171034519605));
#4866 = CARTESIAN_POINT('',(56.253081038887,-7.406613458507,
    74.999309293484));
#4867 = CARTESIAN_POINT('',(55.802452150206,-9.868505812849,
    74.742229732849));
#4868 = CARTESIAN_POINT('',(55.198761447232,-12.32220723349,
    74.400881358271));
#4869 = CARTESIAN_POINT('',(54.439495935187,-14.76218390293,
    73.977343071778));
#4870 = CARTESIAN_POINT('',(53.522082118519,-17.18121796514,
    73.474960266545));
#4871 = CARTESIAN_POINT('',(52.444045022496,-19.57127222418,
    72.898492281723));
#4872 = CARTESIAN_POINT('',(51.203000836291,-21.92399851353,
    72.254125552868));
#4873 = CARTESIAN_POINT('',(49.796550877273,-24.23067838214,
    71.549384493196));
#4874 = CARTESIAN_POINT('',(48.222196206032,-26.48179936823,
    70.793012816444));
#4875 = CARTESIAN_POINT('',(46.477443843068,-28.66688477793,
    69.994938695036));
#4876 = CARTESIAN_POINT('',(42.364504881551,-33.1908953504,
    68.217577393618));
#4877 = CARTESIAN_POINT('',(39.942202621386,-35.50607704951,
    67.228703007138));
#4878 = CARTESIAN_POINT('',(37.293028136839,-37.70346933025,
    66.217571911002));
#4879 = CARTESIAN_POINT('',(34.408316583091,-39.7695661573,
    65.201536111701));
#4880 = CARTESIAN_POINT('',(31.297225889871,-41.68005355275,
    64.204870652385));
#4881 = CARTESIAN_POINT('',(27.958485547528,-43.41694856764,
    63.250488043304));
#4882 = CARTESIAN_POINT('',(24.397096064441,-44.96030325424,
    62.363794300745));
#4883 = CARTESIAN_POINT('',(20.633538515805,-46.28476595847,
    61.574156158736));
#4884 = CARTESIAN_POINT('',(16.693684518549,-47.36820542863,
    60.909743638875));
#4885 = CARTESIAN_POINT('',(12.60907942203,-48.19470755106,
    60.393776200806));
#4886 = CARTESIAN_POINT('',(8.429195428276,-48.74880062307,
    60.044699830743));
#4887 = CARTESIAN_POINT('',(4.200314213375,-49.02512298946,
    59.870659001933));
#4888 = CARTESIAN_POINT('',(-4.239223629921,-49.02169588327,
    59.872817662653));
#4889 = CARTESIAN_POINT('',(-8.449865803269,-48.74427069567,
    60.047558720623));
#4890 = CARTESIAN_POINT('',(-12.61179808136,-48.19137164314,
    60.395800095572));
#4891 = CARTESIAN_POINT('',(-16.67812378085,-47.36888918334,
    60.909275264855));
#4892 = CARTESIAN_POINT('',(-20.60321991451,-46.29046228655,
    61.570411921561));
#4893 = CARTESIAN_POINT('',(-24.35160871118,-44.97422670498,
    62.355225570115));
#4894 = CARTESIAN_POINT('',(-27.89914098905,-43.441062157,
    63.236451794651));
#4895 = CARTESIAN_POINT('',(-31.22971719484,-41.71357210348,
    64.186172416684));
#4896 = CARTESIAN_POINT('',(-34.33367006767,-39.8141544909,
    65.17795458186));
#4897 = CARTESIAN_POINT('',(-37.20830569511,-37.76281887437,
    66.188153736099));
#4898 = CARTESIAN_POINT('',(-39.85556234242,-35.57730622604,
    67.195748832647));
#4899 = CARTESIAN_POINT('',(-42.27491379298,-33.27600371825,
    68.18109830041));
#4900 = CARTESIAN_POINT('',(-46.40648017503,-28.7562836108,
    69.962384347784));
#4901 = CARTESIAN_POINT('',(-48.16829778519,-26.56021510794,
    70.766929092337));
#4902 = CARTESIAN_POINT('',(-49.75751223986,-24.29711900003,
    71.529584662045));
#4903 = CARTESIAN_POINT('',(-51.17666051325,-21.97750226531,
    72.240198379854));
#4904 = CARTESIAN_POINT('',(-52.42830420405,-19.61103752302,
    72.889838153358));
#4905 = CARTESIAN_POINT('',(-53.51490297639,-17.20673177927,
    73.470823928371));
#4906 = CARTESIAN_POINT('',(-54.43889929057,-14.77317128982,
    73.97684833569));
#4907 = CARTESIAN_POINT('',(-55.20282711499,-12.31846395833,
    74.403066456818));
#4908 = CARTESIAN_POINT('',(-55.80931625508,-9.849780912761,
    74.746078797335));
#4909 = CARTESIAN_POINT('',(-56.26092291037,-7.372679109526,
    75.003775716242));
#4910 = CARTESIAN_POINT('',(-56.55977600393,-4.890667052997,
    75.175055720043));
#4911 = CARTESIAN_POINT('',(-56.70708780859,-2.405755915944,
    75.259474192184));
#4912 = CARTESIAN_POINT('',(-56.69820168358,2.554324362726,
    75.254382027887));
#4913 = CARTESIAN_POINT('',(-56.54314502454,5.029671228725,
    75.165525901321));
#4914 = CARTESIAN_POINT('',(-56.23766375047,7.501962842857,
    74.990503574062));
#4915 = CARTESIAN_POINT('',(-55.78048680913,9.969252045736,
    74.729768257461));
#4916 = CARTESIAN_POINT('',(-55.1694732212,12.428027729132,
    74.384439504168));
#4917 = CARTESIAN_POINT('',(-54.40210079535,14.872689397038,
    73.956653675474));
#4918 = CARTESIAN_POINT('',(-53.4757896694,17.29604874303,
    73.449828610845));
#4919 = CARTESIAN_POINT('',(-52.38804652445,19.690051012794,
    72.868803613811));
#4920 = CARTESIAN_POINT('',(-51.13645647924,22.04622518472,
    72.219851455156));
#4921 = CARTESIAN_POINT('',(-49.71859089974,24.355688272273,
    71.510594677282));
#4922 = CARTESIAN_POINT('',(-48.13194051381,26.608845320212,
    70.749894070219));
#4923 = CARTESIAN_POINT('',(-46.37402444373,28.795242933123,
    69.947812773384));
#4924 = CARTESIAN_POINT('',(-42.25162852317,33.297504493015,
    68.17172434616));
#4925 = CARTESIAN_POINT('',(-39.83701191638,35.591253122427,
    67.189006293099));
#4926 = CARTESIAN_POINT('',(-37.19857075321,37.768242220633,
    66.185068533039));
#4927 = CARTESIAN_POINT('',(-34.32828284704,39.815139281656,
    65.177012445599));
#4928 = CARTESIAN_POINT('',(-31.23440238895,41.708280466153,
    64.188562051635));
#4929 = CARTESIAN_POINT('',(-27.9165830066,43.429835084793,
    63.242299302692));
#4930 = CARTESIAN_POINT('',(-24.37985634328,44.960285734003,
    62.363101143889));
#4931 = CARTESIAN_POINT('',(-20.64356351526,46.275048276826,
    61.579571389455));
#4932 = CARTESIAN_POINT('',(-16.7334572419,47.352384165527,
    60.919292425612));
#4933 = CARTESIAN_POINT('',(-12.68104214772,48.176532383638,
    60.405080201957));
#4934 = CARTESIAN_POINT('',(-8.533213857512,48.732611936231,
    60.054896058896));
#4935 = CARTESIAN_POINT('',(-4.336100856521,49.014978181667,
    59.877048935751));
#4936 = CARTESIAN_POINT('',(4.098524609083,49.031647627189,
    59.866549334158));
#4937 = CARTESIAN_POINT('',(8.336639373765,48.760813368373,
    60.037125236272));
#4938 = CARTESIAN_POINT('',(12.521440943086,48.212507676956,
    60.38270814243));
#4939 = CARTESIAN_POINT('',(16.632873196134,47.384584653964,
    60.899528148884));
#4940 = CARTESIAN_POINT('',(20.544402319982,46.314179328643,
    61.556878324587));
#4941 = CARTESIAN_POINT('',(24.374972245328,44.973833336077,
    62.355705821626));
#4942 = CARTESIAN_POINT('',(27.888095432232,43.447705665248,
    63.23367790694));
#4943 = CARTESIAN_POINT('',(31.275363285885,41.697420016953,
    64.195775206002));
#4944 = CARTESIAN_POINT('',(34.377353375163,39.789243858622,
    65.191721680461));
#4945 = CARTESIAN_POINT('',(37.271801943283,37.720808464824,
    66.209463796343));
#4946 = CARTESIAN_POINT('',(39.927761305784,35.519297052031,
    67.222932010592));
#4947 = CARTESIAN_POINT('',(42.355140205851,33.200485291762,
    68.213648214922));
#4948 = CARTESIAN_POINT('',(46.473431702824,28.671915931115,
    69.993102595073));
#4949 = CARTESIAN_POINT('',(48.218931627066,26.486447160646,
    70.791440413684));
#4950 = CARTESIAN_POINT('',(49.79396361569,24.234993658992,
    71.548086029586));
#4951 = CARTESIAN_POINT('',(51.200973069117,21.927907090042,
    72.253073392666));
#4952 = CARTESIAN_POINT('',(52.442450264351,19.574741656569,
    72.897641632921));
#4953 = CARTESIAN_POINT('',(53.520829598613,17.184350469007,
    73.474276718615));
#4954 = CARTESIAN_POINT('',(54.438544494426,14.765111279934,
    73.976814015782));
#4955 = CARTESIAN_POINT('',(55.198099649726,12.324904542607,
    74.400507681468));
#4956 = CARTESIAN_POINT('',(55.802061643601,9.870727017407,
    74.742006550337));
#4957 = CARTESIAN_POINT('',(56.252908280765,7.408084463796,
    74.999209903081));
#4958 = CARTESIAN_POINT('',(56.552716380149,4.940567227921,
    75.171010229841));
#4959 = CARTESIAN_POINT('',(56.702707082333,2.470272837359,
    75.256963832238));
#4960 = CARTESIAN_POINT('',(56.702707082333,7.351125571495E-14,
    75.256963832238));
#4961 = CARTESIAN_POINT('',(56.37449882984,-9.756084828894E-15,
    78.362164546852));
#4962 = CARTESIAN_POINT('',(56.374498829837,-2.564511588443,
    78.362164546849));
#4963 = CARTESIAN_POINT('',(56.21488735571,-5.117014368342,
    78.26157662533));
#4964 = CARTESIAN_POINT('',(55.898072830973,-7.652586197109,
    78.061925345331));
#4965 = CARTESIAN_POINT('',(55.425429312868,-10.16925792325,
    77.765666232998));
#4966 = CARTESIAN_POINT('',(54.797137969249,-12.66510072983,
    77.376028327208));
#4967 = CARTESIAN_POINT('',(54.012297186054,-15.13715116176,
    76.897073593416));
#4968 = CARTESIAN_POINT('',(53.069144149984,-17.58115722725,
    76.333838597909));
#4969 = CARTESIAN_POINT('',(51.965319540502,-19.99155270071,
    75.69249128614));
#4970 = CARTESIAN_POINT('',(50.698143819271,-22.36141304261,
    74.980465230809));
#4971 = CARTESIAN_POINT('',(49.264884645087,-24.68238999599,
    74.206544314014));
#4972 = CARTESIAN_POINT('',(47.663004242645,-26.94475441501,
    73.380881428077));
#4973 = CARTESIAN_POINT('',(45.890406035702,-29.13770692309,
    72.514961785837));
#4974 = CARTESIAN_POINT('',(41.780789269295,-33.60177609316,
    70.626958599841));
#4975 = CARTESIAN_POINT('',(39.397779111289,-35.85850805985,
    69.596157400685));
#4976 = CARTESIAN_POINT('',(36.793148998896,-38.00570179283,
    68.546030491459));
#4977 = CARTESIAN_POINT('',(33.9549129156,-40.031132841,67.493022619029)
  );
#4978 = CARTESIAN_POINT('',(30.890151608599,-41.90997953541,
    66.461571923545));
#4979 = CARTESIAN_POINT('',(27.595870751173,-43.62307255734,
    65.474808715832));
#4980 = CARTESIAN_POINT('',(24.076794897158,-45.14844808866,
    64.558998999623));
#4981 = CARTESIAN_POINT('',(20.354082101514,-46.45878462361,
    63.744744341581));
#4982 = CARTESIAN_POINT('',(16.455725687927,-47.53030232725,
    63.061269693066));
#4983 = CARTESIAN_POINT('',(12.417022704264,-48.34604134217,
    62.532302271102));
#4984 = CARTESIAN_POINT('',(8.290244117768,-48.89121589954,
    62.17583197911));
#4985 = CARTESIAN_POINT('',(4.124909776766,-49.16185549118,
    61.998905862166));
#4986 = CARTESIAN_POINT('',(-4.163192144699,-49.15850399633,
    62.001096912944));
#4987 = CARTESIAN_POINT('',(-8.310427460705,-48.88678624919,
    62.178732331182));
#4988 = CARTESIAN_POINT('',(-12.41961167165,-48.34276928915,
    62.534371390824));
#4989 = CARTESIAN_POINT('',(-16.44001303984,-47.53103237795,
    63.060752793109));
#4990 = CARTESIAN_POINT('',(-20.32329284654,-46.46464518573,
    63.740773744868));
#4991 = CARTESIAN_POINT('',(-24.0310214098,-45.16251255618,
    64.550005134072));
#4992 = CARTESIAN_POINT('',(-27.5364361863,-43.64729408503,
    65.460086382701));
#4993 = CARTESIAN_POINT('',(-30.82245931979,-41.94363055892,
    66.441925932902));
#4994 = CARTESIAN_POINT('',(-33.8801864599,-40.0757171958,
    67.468249949396));
#4995 = CARTESIAN_POINT('',(-36.70849133873,-38.06485927594,
    68.515046425707));
#4996 = CARTESIAN_POINT('',(-39.31130981995,-35.92918710821,
    69.56142614397));
#4997 = CARTESIAN_POINT('',(-41.69130967215,-33.68601664948,
    70.588358650648));
#4998 = CARTESIAN_POINT('',(-45.81942536862,-29.22606165065,
    72.480174346777));
#4999 = CARTESIAN_POINT('',(-47.6091616841,-27.02218892224,
    73.352901678126));
#5000 = CARTESIAN_POINT('',(-49.22598069902,-24.74784541351,
    74.185245419712));
#5001 = CARTESIAN_POINT('',(-50.67199305622,-22.41393003261,
    74.965457439253));
#5002 = CARTESIAN_POINT('',(-51.94979491867,-20.03036978911,
    75.683168809705));
#5003 = CARTESIAN_POINT('',(-53.0621997391,-17.60579243769,
    76.329424851125));
#5004 = CARTESIAN_POINT('',(-54.01197060227,-15.14732228227,
    76.896659455005));
#5005 = CARTESIAN_POINT('',(-54.8015359909,-12.66054467316,
    77.378601310547));
#5006 = CARTESIAN_POINT('',(-55.43270061204,-10.14961030519,
    77.770130802715));
#5007 = CARTESIAN_POINT('',(-55.90637243829,-7.617459695935,
    78.067116778084));
#5008 = CARTESIAN_POINT('',(-56.22234001486,-5.06625208395,
    78.266273701459));
#5009 = CARTESIAN_POINT('',(-56.37917437701,-2.498285189022,
    78.36511104311));
#5010 = CARTESIAN_POINT('',(-56.36969090988,2.652188621128,
    78.359134630155));
#5011 = CARTESIAN_POINT('',(-56.20468058038,5.209808896642,
    78.25514467452));
#5012 = CARTESIAN_POINT('',(-55.88180058943,7.75054091898,
    78.051712616592));
#5013 = CARTESIAN_POINT('',(-55.4024261848,10.272158882856,
    77.751345792958));
#5014 = CARTESIAN_POINT('',(-54.76673080471,12.772528037424,
    77.35733288577));
#5015 = CARTESIAN_POINT('',(-53.97378988229,15.248709819802,
    76.873799591915));
#5016 = CARTESIAN_POINT('',(-53.02180301657,17.696557642993,
    76.305849632373));
#5017 = CARTESIAN_POINT('',(-51.90836703932,20.110503837014,
    75.659725657093));
#5018 = CARTESIAN_POINT('',(-50.6307642441,22.483461224825,
    74.942949983545));
#5019 = CARTESIAN_POINT('',(-49.18623770562,24.806870360649,74.164413011
    ));
#5020 = CARTESIAN_POINT('',(-47.57223723583,27.070921677951,
    73.334389047955));
#5021 = CARTESIAN_POINT('',(-45.78666146199,29.26488515331,
    72.464492886996));
#5022 = CARTESIAN_POINT('',(-41.66795117872,33.707423340832,
    70.578399116479));
#5023 = CARTESIAN_POINT('',(-39.29253409504,35.943301856427,
    69.554211638922));
#5024 = CARTESIAN_POINT('',(-36.69839274039,38.070578204198,
    68.511690122765));
#5025 = CARTESIAN_POINT('',(-33.87429298578,40.077136095556,
    67.467061876607));
#5026 = CARTESIAN_POINT('',(-30.82644915078,41.938800192951,
    66.44421509044));
#5027 = CARTESIAN_POINT('',(-27.55287481686,43.636575161666,
    65.465956447857));
#5028 = CARTESIAN_POINT('',(-24.05833067904,45.148987444505,
    64.557995470014));
#5029 = CARTESIAN_POINT('',(-20.36283301967,46.449528905619,
    63.750132692728));
#5030 = CARTESIAN_POINT('',(-16.49420219232,47.514860145972,
    63.07097351318));
#5031 = CARTESIAN_POINT('',(-12.48755340292,48.328213646282,
    62.543823061925));
#5032 = CARTESIAN_POINT('',(-8.39256172527,48.875335316842,
    62.186213362046));
#5033 = CARTESIAN_POINT('',(-4.258480952066,49.15193332565,
    62.005392521478));
#5034 = CARTESIAN_POINT('',(4.024794388646,49.168236637258,
    61.994734156649));
#5035 = CARTESIAN_POINT('',(8.199152026707,48.902975214388,
    62.168138273546));
#5036 = CARTESIAN_POINT('',(12.33009581259,48.363734802799,
    62.520854366922));
#5037 = CARTESIAN_POINT('',(16.398627974727,47.545698858978,
    63.051357017776));
#5038 = CARTESIAN_POINT('',(20.260421144568,46.489204577978,
    63.725906760142));
#5039 = CARTESIAN_POINT('',(24.063755696326,45.159522667806,
    64.552352238535));
#5040 = CARTESIAN_POINT('',(27.518596303023,43.655359970748,
    65.455952502439));
#5041 = CARTESIAN_POINT('',(30.874418782807,41.925362065453,
    66.453350126621));
#5042 = CARTESIAN_POINT('',(33.922265754204,40.050930236764,
    67.482479519561));
#5043 = CARTESIAN_POINT('',(36.773027996111,38.022379102618,
    68.537775341067));
#5044 = CARTESIAN_POINT('',(39.383584600777,35.871334999427,
    69.590177390766));
#5045 = CARTESIAN_POINT('',(41.771561984484,33.611114106151,
    70.622851714463));
#5046 = CARTESIAN_POINT('',(45.886386296842,29.142686317016,
    72.512996750624));
#5047 = CARTESIAN_POINT('',(47.659728764709,26.949367848339,
    73.379188877589));
#5048 = CARTESIAN_POINT('',(49.262286844025,24.686662729102,
    74.205139674455));
#5049 = CARTESIAN_POINT('',(50.696103833607,22.365284765694,
    74.979319998181));
#5050 = CARTESIAN_POINT('',(51.963706165341,19.99501097828,
    75.69155665238));
#5051 = CARTESIAN_POINT('',(53.067865780675,17.58430452601,
    76.333078519156));
#5052 = CARTESIAN_POINT('',(54.011318247662,15.140103745013,
    76.896478751072));
#5053 = CARTESIAN_POINT('',(54.796454978965,12.66781977963,
    77.375605345466));
#5054 = CARTESIAN_POINT('',(55.425027220956,10.171496430361,
    77.765413038182));
#5055 = CARTESIAN_POINT('',(55.897894139463,7.654078926241,
    78.061811795651));
#5056 = CARTESIAN_POINT('',(56.214839750084,5.117826604346,
    78.261547141178));
#5057 = CARTESIAN_POINT('',(56.374498829841,2.565094868603,
    78.362164546852));
#5058 = CARTESIAN_POINT('',(56.37449882984,-7.042977312466E-15,
    78.362164546852));
#5059 = CARTESIAN_POINT('',(53.691098459925,2.742694960034E-12,
    76.765494703153));
#5060 = CARTESIAN_POINT('',(53.691098459916,-2.351456943602,
    76.765494703151));
#5061 = CARTESIAN_POINT('',(53.551297582866,-4.703261765495,
    76.68230651781));
#5062 = CARTESIAN_POINT('',(53.271903571416,-7.052643962515,
    76.516071669355));
#5063 = CARTESIAN_POINT('',(52.851599753351,-9.398709080635,
    76.2672304313));
#5064 = CARTESIAN_POINT('',(52.28806823916,-11.73892115041,
    75.936892688144));
#5065 = CARTESIAN_POINT('',(51.578501329018,-14.06835164445,
    75.527193798974));
#5066 = CARTESIAN_POINT('',(50.719988443996,-16.38025480462,
    75.041552606364));
#5067 = CARTESIAN_POINT('',(49.709723087711,-18.66693650906,
    74.484789496872));
#5068 = CARTESIAN_POINT('',(48.545031431484,-20.92029114201,
    73.863103179334));
#5069 = CARTESIAN_POINT('',(47.223281333948,-23.13178826726,
    73.183945612181));
#5070 = CARTESIAN_POINT('',(45.741787682465,-25.29209818658,
    72.455875271879));
#5071 = CARTESIAN_POINT('',(44.09788715185,-27.39095280641,
    71.688509717942));
#5072 = CARTESIAN_POINT('',(40.21802651049,-31.74026096631,
    69.98128150234));
#5073 = CARTESIAN_POINT('',(37.930325569044,-33.96851370552,
    69.032425648552));
#5074 = CARTESIAN_POINT('',(35.426244963877,-36.08506826265,
    68.063514422368));
#5075 = CARTESIAN_POINT('',(32.695359059523,-38.07817943255,
    67.090409542227));
#5076 = CARTESIAN_POINT('',(29.748329261364,-39.92205632132,
    66.137184246609));
#5077 = CARTESIAN_POINT('',(26.582691683253,-41.59990521881,
    65.225159894124));
#5078 = CARTESIAN_POINT('',(23.202156301022,-43.09275133577,
    64.378078174215));
#5079 = CARTESIAN_POINT('',(19.627155959834,-44.37461612606,
    63.624236265652));
#5080 = CARTESIAN_POINT('',(15.882499604611,-45.42351750173,
    62.990355450343));
#5081 = CARTESIAN_POINT('',(11.997519690434,-46.22455797401,
    62.497961702979));
#5082 = CARTESIAN_POINT('',(8.020950618044,-46.76139353926,
    62.16500883982));
#5083 = CARTESIAN_POINT('',(3.996846912409,-47.02918673152,
    61.998971907917));
#5084 = CARTESIAN_POINT('',(-4.033859116026,-47.02586645518,
    62.001030679842));
#5085 = CARTESIAN_POINT('',(-8.040299867349,-46.757060293,
    62.167704702605));
#5086 = CARTESIAN_POINT('',(-12.00063488306,-46.22117501259,
    62.499971139358));
#5087 = CARTESIAN_POINT('',(-15.86752514626,-45.42436146311,
    62.989829179866));
#5088 = CARTESIAN_POINT('',(-19.59817385909,-44.38003480113,
    63.620711295703));
#5089 = CARTESIAN_POINT('',(-23.15903853353,-43.10613539376,
    64.369945925708));
#5090 = CARTESIAN_POINT('',(-26.52626724647,-41.62346649558,
    65.211649155269));
#5091 = CARTESIAN_POINT('',(-29.68429946537,-39.95441647874,
    66.119333391475));
#5092 = CARTESIAN_POINT('',(-32.6248250585,-38.12094495986,
    67.067987436556));
#5093 = CARTESIAN_POINT('',(-35.34579038506,-36.14263859261,
    68.035200642778));
#5094 = CARTESIAN_POINT('',(-37.84851929325,-34.03701526788,
    69.000901460702));
#5095 = CARTESIAN_POINT('',(-40.13342080712,-31.82216630658,
    69.946285130652));
#5096 = CARTESIAN_POINT('',(-44.03102185625,-27.47682938477,
    71.657203152083));
#5097 = CARTESIAN_POINT('',(-45.69108945905,-25.36731822326,
    72.430769576875));
#5098 = CARTESIAN_POINT('',(-47.18661852844,-23.19546253102,
    73.164863550792));
#5099 = CARTESIAN_POINT('',(-48.52033141719,-20.97152052862,
    73.849659406796));
#5100 = CARTESIAN_POINT('',(-49.69499095966,-18.70495299186,
    74.476422821589));
#5101 = CARTESIAN_POINT('',(-50.71329303028,-16.40458479628,
    75.03754821677));
#5102 = CARTESIAN_POINT('',(-51.57796723835,-14.078779133,
    75.526711861263));
#5103 = CARTESIAN_POINT('',(-52.29188041462,-11.73530615338,
    75.939004127667));
#5104 = CARTESIAN_POINT('',(-52.85800866317,-9.380844708662,
    76.27095220177));
#5105 = CARTESIAN_POINT('',(-53.27921480533,-7.020312740245,
    76.520392394218));
#5106 = CARTESIAN_POINT('',(-53.55783916121,-4.656478798309,
    76.686199046902));
#5107 = CARTESIAN_POINT('',(-53.69518267524,-2.290564047678,
    76.767924878158));
#5108 = CARTESIAN_POINT('',(-53.6868980114,2.432017403276,
    76.762995367428));
#5109 = CARTESIAN_POINT('',(-53.54232922438,4.788860611881,
    76.676970958106));
#5110 = CARTESIAN_POINT('',(-53.25753359026,7.143450797923,
    76.507553228491));
#5111 = CARTESIAN_POINT('',(-52.83111559033,9.494718624472,
    76.255178541118));
#5112 = CARTESIAN_POINT('',(-52.26071407898,11.839894455089,
    75.920986241296));
#5113 = CARTESIAN_POINT('',(-51.54351998961,14.17393899342,
    75.507178124302));
#5114 = CARTESIAN_POINT('',(-50.67662867407,16.490086343328,
    75.017255893318));
#5115 = CARTESIAN_POINT('',(-49.65721649707,18.780620848512,
    74.456120807727));
#5116 = CARTESIAN_POINT('',(-48.48256666242,21.037357405827,
    73.830047787018));
#5117 = CARTESIAN_POINT('',(-47.15000459571,23.251643265547,
    73.146574287404));
#5118 = CARTESIAN_POINT('',(-45.65683856314,25.414047673848,
    72.414372333956));
#5119 = CARTESIAN_POINT('',(-44.00043655497,27.514254028852,
    71.643200144794));
#5120 = CARTESIAN_POINT('',(-40.11141787996,31.842872532466,
    69.937290119569));
#5121 = CARTESIAN_POINT('',(-37.8308579287,34.050588831199,
    68.994385052549));
#5122 = CARTESIAN_POINT('',(-35.33682220657,36.147553578705,
    68.032403278681));
#5123 = CARTESIAN_POINT('',(-32.61951340857,38.12218756799,
    67.066965304914));
#5124 = CARTESIAN_POINT('',(-29.68870642894,39.949358640591,
    66.121606497554));
#5125 = CARTESIAN_POINT('',(-26.54286339902,41.612398362336,
    65.217347388894));
#5126 = CARTESIAN_POINT('',(-23.18573283848,43.092753143398,
    64.377428743072));
#5127 = CARTESIAN_POINT('',(-19.6366285201,44.365223239789,
    63.629411583358));
#5128 = CARTESIAN_POINT('',(-15.9202602677,45.408208311147,
    62.999466346911));
#5129 = CARTESIAN_POINT('',(-12.06594885023,46.206945899742,
    62.508749163306));
#5130 = CARTESIAN_POINT('',(-8.11990706887,46.745706933512,
    62.174735085006));
#5131 = CARTESIAN_POINT('',(-4.126054677786,47.019355919008,
    62.00506757538));
#5132 = CARTESIAN_POINT('',(3.899976298969,47.035510156123,
    61.995051032328));
#5133 = CARTESIAN_POINT('',(7.933032216287,46.772944625631,
    62.157836599558));
#5134 = CARTESIAN_POINT('',(11.911955596449,46.242564600341,
    62.486954739728));
#5135 = CARTESIAN_POINT('',(15.833412384229,45.436603842218,
    62.982215534254));
#5136 = CARTESIAN_POINT('',(19.523942819277,44.409114569538,
    63.604302529967));
#5137 = CARTESIAN_POINT('',(23.206623359445,43.097170850506,
    64.375224850051));
#5138 = CARTESIAN_POINT('',(26.492031782697,41.638080098741,
    65.204390262489));
#5139 = CARTESIAN_POINT('',(29.742853276816,39.933406904534,
    66.131489572338));
#5140 = CARTESIAN_POINT('',(32.659869877887,38.099170802108,
    67.079874753599));
#5141 = CARTESIAN_POINT('',(35.407555755498,36.101481463306,
    68.055936737676));
#5142 = CARTESIAN_POINT('',(37.916580397134,33.98120615612,
    69.026898935243));
#5143 = CARTESIAN_POINT('',(40.209194423649,31.749477333615,
    69.977512770131));
#5144 = CARTESIAN_POINT('',(44.094099711398,27.39579363895,
    71.68674090127));
#5145 = CARTESIAN_POINT('',(45.738723047546,25.29654532519,
    72.454365122364));
#5146 = CARTESIAN_POINT('',(47.220859370127,23.135915733837,
    73.182698794325));
#5147 = CARTESIAN_POINT('',(48.543133017264,20.924031845813,
    73.862090565375));
#5148 = CARTESIAN_POINT('',(49.708229767778,18.670249828966,
    74.483969137315));
#5149 = CARTESIAN_POINT('',(50.718817124859,16.383236506633,
    75.040892895736));
#5150 = CARTESIAN_POINT('',(51.577612815456,14.0711383032,
    75.526682646671));
#5151 = CARTESIAN_POINT('',(52.28744944397,11.741500170281,
    75.936530304219));
#5152 = CARTESIAN_POINT('',(52.851232749512,9.400843276048,
    76.267012491405));
#5153 = CARTESIAN_POINT('',(53.271740451255,7.054056551302,
    76.515974147905));
#5154 = CARTESIAN_POINT('',(53.551258171194,4.704003473019,
    76.68228335291));
#5155 = CARTESIAN_POINT('',(53.691098459925,2.351991765975,
    76.765494703153));
#5156 = CARTESIAN_POINT('',(53.691098459924,2.742694960034E-12,
    76.765494703153));
#5157 = DEFINITIONAL_REPRESENTATION('',(#5158),#5162);
#5158 = LINE('',#5159,#5160);
#5159 = CARTESIAN_POINT('',(0.,0.));
#5160 = VECTOR('',#5161,1.);
#5161 = DIRECTION('',(0.,1.));
#5162 = ( GEOMETRIC_REPRESENTATION_CONTEXT(2) 
PARAMETRIC_REPRESENTATION_CONTEXT() REPRESENTATION_CONTEXT('2D SPACE',''
  ) );
#5163 = ADVANCED_FACE('',(#5164),#869,.F.);
#5164 = FACE_BOUND('',#5165,.F.);
#5165 = EDGE_LOOP('',(#5166,#5190,#5212,#5213,#5214,#5215,#5237,#5238));
#5166 = ORIENTED_EDGE('',*,*,#5167,.F.);
#5167 = EDGE_CURVE('',#5168,#5170,#5172,.T.);
#5168 = VERTEX_POINT('',#5169);
#5169 = CARTESIAN_POINT('',(29.,0.,12.));
#5170 = VERTEX_POINT('',#5171);
#5171 = CARTESIAN_POINT('',(42.,0.,18.));
#5172 = SEAM_CURVE('',#5173,(#5176,#5183),.PCURVE_S1.);
#5173 = B_SPLINE_CURVE_WITH_KNOTS('',1,(#5174,#5175),.UNSPECIFIED.,.F.,
  .F.,(2,2),(0.,1.),.PIECEWISE_BEZIER_KNOTS.);
#5174 = CARTESIAN_POINT('',(29.,2.64856971226E-15,12.));
#5175 = CARTESIAN_POINT('',(42.,4.727759759839E-14,18.));
#5176 = PCURVE('',#869,#5177);
#5177 = DEFINITIONAL_REPRESENTATION('',(#5178),#5182);
#5178 = LINE('',#5179,#5180);
#5179 = CARTESIAN_POINT('',(0.,0.));
#5180 = VECTOR('',#5181,1.);
#5181 = DIRECTION('',(0.,1.));
#5182 = ( GEOMETRIC_REPRESENTATION_CONTEXT(2) 
PARAMETRIC_REPRESENTATION_CONTEXT() REPRESENTATION_CONTEXT('2D SPACE',''
  ) );
#5183 = PCURVE('',#869,#5184);
#5184 = DEFINITIONAL_REPRESENTATION('',(#5185),#5189);
#5185 = LINE('',#5186,#5187);
#5186 = CARTESIAN_POINT('',(6.28318530718,0.));
#5187 = VECTOR('',#5188,1.);
#5188 = DIRECTION('',(0.,1.));
#5189 = ( GEOMETRIC_REPRESENTATION_CONTEXT(2) 
PARAMETRIC_REPRESENTATION_CONTEXT() REPRESENTATION_CONTEXT('2D SPACE',''
  ) );
#5190 = ORIENTED_EDGE('',*,*,#5191,.T.);
#5191 = EDGE_CURVE('',#5168,#928,#5192,.T.);
#5192 = SURFACE_CURVE('',#5193,(#5198,#5205),.PCURVE_S1.);
#5193 = ELLIPSE('',#5194,29.,23.);
#5194 = AXIS2_PLACEMENT_3D('',#5195,#5196,#5197);
#5195 = CARTESIAN_POINT('',(0.,0.,12.));
#5196 = DIRECTION('',(0.,0.,1.));
#5197 = DIRECTION('',(1.,0.,0.));
#5198 = PCURVE('',#869,#5199);
#5199 = DEFINITIONAL_REPRESENTATION('',(#5200),#5204);
#5200 = LINE('',#5201,#5202);
#5201 = CARTESIAN_POINT('',(0.,0.));
#5202 = VECTOR('',#5203,1.);
#5203 = DIRECTION('',(1.,0.));
#5204 = ( GEOMETRIC_REPRESENTATION_CONTEXT(2) 
PARAMETRIC_REPRESENTATION_CONTEXT() REPRESENTATION_CONTEXT('2D SPACE',''
  ) );
#5205 = PCURVE('',#994,#5206);
#5206 = DEFINITIONAL_REPRESENTATION('',(#5207),#5211);
#5207 = ELLIPSE('',#5208,29.,23.);
#5208 = AXIS2_PLACEMENT_2D('',#5209,#5210);
#5209 = CARTESIAN_POINT('',(0.,0.));
#5210 = DIRECTION('',(1.,0.));
#5211 = ( GEOMETRIC_REPRESENTATION_CONTEXT(2) 
PARAMETRIC_REPRESENTATION_CONTEXT() REPRESENTATION_CONTEXT('2D SPACE',''
  ) );
#5212 = ORIENTED_EDGE('',*,*,#927,.T.);
#5213 = ORIENTED_EDGE('',*,*,#821,.T.);
#5214 = ORIENTED_EDGE('',*,*,#1010,.F.);
#5215 = ORIENTED_EDGE('',*,*,#5216,.T.);
#5216 = EDGE_CURVE('',#1011,#5168,#5217,.T.);
#5217 = SURFACE_CURVE('',#5218,(#5223,#5230),.PCURVE_S1.);
#5218 = ELLIPSE('',#5219,29.,23.);
#5219 = AXIS2_PLACEMENT_3D('',#5220,#5221,#5222);
#5220 = CARTESIAN_POINT('',(0.,0.,12.));
#5221 = DIRECTION('',(0.,0.,1.));
#5222 = DIRECTION('',(1.,0.,0.));
#5223 = PCURVE('',#869,#5224);
#5224 = DEFINITIONAL_REPRESENTATION('',(#5225),#5229);
#5225 = LINE('',#5226,#5227);
#5226 = CARTESIAN_POINT('',(0.,0.));
#5227 = VECTOR('',#5228,1.);
#5228 = DIRECTION('',(1.,0.));
#5229 = ( GEOMETRIC_REPRESENTATION_CONTEXT(2) 
PARAMETRIC_REPRESENTATION_CONTEXT() REPRESENTATION_CONTEXT('2D SPACE',''
  ) );
#5230 = PCURVE('',#994,#5231);
#5231 = DEFINITIONAL_REPRESENTATION('',(#5232),#5236);
#5232 = ELLIPSE('',#5233,29.,23.);
#5233 = AXIS2_PLACEMENT_2D('',#5234,#5235);
#5234 = CARTESIAN_POINT('',(0.,0.));
#5235 = DIRECTION('',(1.,0.));
#5236 = ( GEOMETRIC_REPRESENTATION_CONTEXT(2) 
PARAMETRIC_REPRESENTATION_CONTEXT() REPRESENTATION_CONTEXT('2D SPACE',''
  ) );
#5237 = ORIENTED_EDGE('',*,*,#5167,.T.);
#5238 = ORIENTED_EDGE('',*,*,#5239,.F.);
#5239 = EDGE_CURVE('',#5170,#5170,#5240,.T.);
#5240 = SURFACE_CURVE('',#5241,(#5246,#5253),.PCURVE_S1.);
#5241 = ELLIPSE('',#5242,42.,32.);
#5242 = AXIS2_PLACEMENT_3D('',#5243,#5244,#5245);
#5243 = CARTESIAN_POINT('',(0.,0.,18.));
#5244 = DIRECTION('',(0.,0.,1.));
#5245 = DIRECTION('',(1.,0.,0.));
#5246 = PCURVE('',#869,#5247);
#5247 = DEFINITIONAL_REPRESENTATION('',(#5248),#5252);
#5248 = LINE('',#5249,#5250);
#5249 = CARTESIAN_POINT('',(0.,1.));
#5250 = VECTOR('',#5251,1.);
#5251 = DIRECTION('',(1.,0.));
#5252 = ( GEOMETRIC_REPRESENTATION_CONTEXT(2) 
PARAMETRIC_REPRESENTATION_CONTEXT() REPRESENTATION_CONTEXT('2D SPACE',''
  ) );
#5253 = PCURVE('',#5254,#5311);
#5254 = B_SPLINE_SURFACE_WITH_KNOTS('',14,1,(
    (#5255,#5256)
    ,(#5257,#5258)
    ,(#5259,#5260)
    ,(#5261,#5262)
    ,(#5263,#5264)
    ,(#5265,#5266)
    ,(#5267,#5268)
    ,(#5269,#5270)
    ,(#5271,#5272)
    ,(#5273,#5274)
    ,(#5275,#5276)
    ,(#5277,#5278)
    ,(#5279,#5280)
    ,(#5281,#5282)
    ,(#5283,#5284)
    ,(#5285,#5286)
    ,(#5287,#5288)
    ,(#5289,#5290)
    ,(#5291,#5292)
    ,(#5293,#5294)
    ,(#5295,#5296)
    ,(#5297,#5298)
    ,(#5299,#5300)
    ,(#5301,#5302)
    ,(#5303,#5304)
    ,(#5305,#5306)
    ,(#5307,#5308)
    ,(#5309,#5310
    )),.UNSPECIFIED.,.T.,.F.,.F.,(15,13,15),(2,2),(0.,3.14159265359,
    6.28318530718),(0.,1.),.UNSPECIFIED.);
#5255 = CARTESIAN_POINT('',(42.,4.727759759839E-14,18.));
#5256 = CARTESIAN_POINT('',(52.,7.105427357601E-15,86.));
#5257 = CARTESIAN_POINT('',(42.000000000002,7.180783208211,
    18.000000000001));
#5258 = CARTESIAN_POINT('',(51.999999999999,9.649177436024,
    85.999999999996));
#5259 = CARTESIAN_POINT('',(39.722399207405,14.36156774171,18.));
#5260 = CARTESIAN_POINT('',(49.180112970321,19.298354291805,
    86.000000000009));
#5261 = CARTESIAN_POINT('',(35.167196166367,21.088041592701,18.));
#5262 = CARTESIAN_POINT('',(43.540339408388,28.337063228807,
    85.99999999999));
#5263 = CARTESIAN_POINT('',(28.504690657943,26.905918368593,18.));
#5264 = CARTESIAN_POINT('',(35.291519502044,36.154819020212,
    86.000000000003));
#5265 = CARTESIAN_POINT('',(20.075467183912,31.401633725313,18.));
#5266 = CARTESIAN_POINT('',(24.855342511442,42.19594839679,
    86.000000000004));
#5267 = CARTESIAN_POINT('',(10.371744126715,34.243180991786,18.));
#5268 = CARTESIAN_POINT('',(12.841205836926,46.01427767796,
    85.999999999995));
#5269 = CARTESIAN_POINT('',(-3.765199885208E-08,35.21523895902,18.));
#5270 = CARTESIAN_POINT('',(-2.346059854322E-13,47.320473051831,
    85.999999999999));
#5271 = CARTESIAN_POINT('',(-10.371743895,34.243182303258,18.));
#5272 = CARTESIAN_POINT('',(-12.84120583692,46.014277677965,
    86.000000000005));
#5273 = CARTESIAN_POINT('',(-20.07546791047,31.401634010186,18.));
#5274 = CARTESIAN_POINT('',(-24.85534251144,42.195948396787,
    85.999999999998));
#5275 = CARTESIAN_POINT('',(-28.50468954647,26.905915233008,18.));
#5276 = CARTESIAN_POINT('',(-35.29151950204,36.154819020208,
    85.999999999996));
#5277 = CARTESIAN_POINT('',(-35.16719697106,21.088045129779,18.));
#5278 = CARTESIAN_POINT('',(-43.54033940838,28.337063228816,
    86.000000000007));
#5279 = CARTESIAN_POINT('',(-39.72239898664,14.361566321527,18.));
#5280 = CARTESIAN_POINT('',(-49.18011297032,19.298354291797,
    85.999999999995));
#5281 = CARTESIAN_POINT('',(-41.99999999443,7.180783160764,18.));
#5282 = CARTESIAN_POINT('',(-51.99999999999,9.649177436027,
    86.000000000001));
#5283 = CARTESIAN_POINT('',(-41.99999999443,-7.180783160764,18.));
#5284 = CARTESIAN_POINT('',(-52.,-9.649177436027,86.000000000001));
#5285 = CARTESIAN_POINT('',(-39.72239898664,-14.36156632152,18.));
#5286 = CARTESIAN_POINT('',(-49.18011297031,-19.29835429179,
    85.999999999997));
#5287 = CARTESIAN_POINT('',(-35.16719697106,-21.08804512977,18.));
#5288 = CARTESIAN_POINT('',(-43.54033940839,-28.33706322881,
    86.000000000003));
#5289 = CARTESIAN_POINT('',(-28.50468954647,-26.905915233,18.));
#5290 = CARTESIAN_POINT('',(-35.29151950204,-36.1548190202,86.));
#5291 = CARTESIAN_POINT('',(-20.07546791047,-31.40163401018,18.));
#5292 = CARTESIAN_POINT('',(-24.85534251143,-42.19594839678,
    85.999999999999));
#5293 = CARTESIAN_POINT('',(-10.371743895,-34.24318230325,18.));
#5294 = CARTESIAN_POINT('',(-12.84120583693,-46.01427767796,
    86.000000000001));
#5295 = CARTESIAN_POINT('',(-3.76520352674E-08,-35.21523895902,18.));
#5296 = CARTESIAN_POINT('',(0.,-47.32047305183,86.000000000001));
#5297 = CARTESIAN_POINT('',(10.371744126715,-34.24318099178,18.));
#5298 = CARTESIAN_POINT('',(12.84120583693,-46.01427767796,
    85.999999999999));
#5299 = CARTESIAN_POINT('',(20.075467183912,-31.40163372531,18.));
#5300 = CARTESIAN_POINT('',(24.855342511439,-42.19594839678,
    85.999999999999));
#5301 = CARTESIAN_POINT('',(28.504690657943,-26.90591836859,18.));
#5302 = CARTESIAN_POINT('',(35.291519502042,-36.15481902021,
    86.000000000001));
#5303 = CARTESIAN_POINT('',(35.167196166367,-21.08804159269,
    17.999999999999));
#5304 = CARTESIAN_POINT('',(43.540339408395,-28.3370632288,86.));
#5305 = CARTESIAN_POINT('',(39.722399207405,-14.36156774172,
    18.000000000002));
#5306 = CARTESIAN_POINT('',(49.180112970315,-19.2983542918,
    85.999999999999));
#5307 = CARTESIAN_POINT('',(42.000000000002,-7.180783208203,
    17.999999999998));
#5308 = CARTESIAN_POINT('',(52.000000000001,-9.649177436025,86.));
#5309 = CARTESIAN_POINT('',(42.,-5.219838570296E-14,18.));
#5310 = CARTESIAN_POINT('',(52.,-1.207195983276E-14,86.));
#5311 = DEFINITIONAL_REPRESENTATION('',(#5312),#5316);
#5312 = LINE('',#5313,#5314);
#5313 = CARTESIAN_POINT('',(0.,0.));
#5314 = VECTOR('',#5315,1.);
#5315 = DIRECTION('',(1.,0.));
#5316 = ( GEOMETRIC_REPRESENTATION_CONTEXT(2) 
PARAMETRIC_REPRESENTATION_CONTEXT() REPRESENTATION_CONTEXT('2D SPACE',''
  ) );
#5317 = ADVANCED_FACE('',(#5318),#994,.T.);
#5318 = FACE_BOUND('',#5319,.T.);
#5319 = EDGE_LOOP('',(#5320,#5321,#5322,#5323,#5324,#5325,#5346,#5372,
    #5398,#5417,#5418,#5419,#5420));
#5320 = ORIENTED_EDGE('',*,*,#5216,.T.);
#5321 = ORIENTED_EDGE('',*,*,#5191,.T.);
#5322 = ORIENTED_EDGE('',*,*,#981,.T.);
#5323 = ORIENTED_EDGE('',*,*,#1109,.F.);
#5324 = ORIENTED_EDGE('',*,*,#1186,.F.);
#5325 = ORIENTED_EDGE('',*,*,#5326,.T.);
#5326 = EDGE_CURVE('',#1187,#5327,#5329,.T.);
#5327 = VERTEX_POINT('',#5328);
#5328 = CARTESIAN_POINT('',(-17.41951544921,0.59,12.));
#5329 = SURFACE_CURVE('',#5330,(#5334,#5340),.PCURVE_S1.);
#5330 = LINE('',#5331,#5332);
#5331 = CARTESIAN_POINT('',(-17.41951544921,-3.41,12.));
#5332 = VECTOR('',#5333,1.);
#5333 = DIRECTION('',(0.,1.,0.));
#5334 = PCURVE('',#994,#5335);
#5335 = DEFINITIONAL_REPRESENTATION('',(#5336),#5339);
#5336 = B_SPLINE_CURVE_WITH_KNOTS('',1,(#5337,#5338),.UNSPECIFIED.,.F.,
  .F.,(2,2),(-5.999999999062E-07,4.0000006),.PIECEWISE_BEZIER_KNOTS.);
#5337 = CARTESIAN_POINT('',(-17.41951544921,-3.4100006));
#5338 = CARTESIAN_POINT('',(-17.41951544921,0.5900006));
#5339 = ( GEOMETRIC_REPRESENTATION_CONTEXT(2) 
PARAMETRIC_REPRESENTATION_CONTEXT() REPRESENTATION_CONTEXT('2D SPACE',''
  ) );
#5340 = PCURVE('',#1224,#5341);
#5341 = DEFINITIONAL_REPRESENTATION('',(#5342),#5345);
#5342 = B_SPLINE_CURVE_WITH_KNOTS('',1,(#5343,#5344),.UNSPECIFIED.,.F.,
  .F.,(2,2),(-5.999999999062E-07,4.0000006),.PIECEWISE_BEZIER_KNOTS.);
#5343 = CARTESIAN_POINT('',(0.585685543457,-5.999999999062E-07));
#5344 = CARTESIAN_POINT('',(0.585685543457,4.0000006));
#5345 = ( GEOMETRIC_REPRESENTATION_CONTEXT(2) 
PARAMETRIC_REPRESENTATION_CONTEXT() REPRESENTATION_CONTEXT('2D SPACE',''
  ) );
#5346 = ORIENTED_EDGE('',*,*,#5347,.T.);
#5347 = EDGE_CURVE('',#5327,#5348,#5350,.T.);
#5348 = VERTEX_POINT('',#5349);
#5349 = CARTESIAN_POINT('',(17.419515449211,0.59,12.));
#5350 = SURFACE_CURVE('',#5351,(#5355,#5361),.PCURVE_S1.);
#5351 = LINE('',#5352,#5353);
#5352 = CARTESIAN_POINT('',(8.90384857362E-17,0.59,12.));
#5353 = VECTOR('',#5354,1.);
#5354 = DIRECTION('',(1.,0.,0.));
#5355 = PCURVE('',#994,#5356);
#5356 = DEFINITIONAL_REPRESENTATION('',(#5357),#5360);
#5357 = B_SPLINE_CURVE_WITH_KNOTS('',1,(#5358,#5359),.UNSPECIFIED.,.F.,
  .F.,(2,2),(-18.49286553306,18.492865533069),.PIECEWISE_BEZIER_KNOTS.);
#5358 = CARTESIAN_POINT('',(-18.49286553306,0.59));
#5359 = CARTESIAN_POINT('',(18.492865533069,0.59));
#5360 = ( GEOMETRIC_REPRESENTATION_CONTEXT(2) 
PARAMETRIC_REPRESENTATION_CONTEXT() REPRESENTATION_CONTEXT('2D SPACE',''
  ) );
#5361 = PCURVE('',#5362,#5367);
#5362 = PLANE('',#5363);
#5363 = AXIS2_PLACEMENT_3D('',#5364,#5365,#5366);
#5364 = CARTESIAN_POINT('',(1.780769714724E-16,0.59,30.437780049312));
#5365 = DIRECTION('',(-0.,-1.,-0.));
#5366 = DIRECTION('',(0.,0.,-1.));
#5367 = DEFINITIONAL_REPRESENTATION('',(#5368),#5371);
#5368 = B_SPLINE_CURVE_WITH_KNOTS('',1,(#5369,#5370),.UNSPECIFIED.,.F.,
  .F.,(2,2),(-18.49286553306,18.492865533069),.PIECEWISE_BEZIER_KNOTS.);
#5369 = CARTESIAN_POINT('',(18.437780049312,-18.49286553306));
#5370 = CARTESIAN_POINT('',(18.437780049312,18.492865533069));
#5371 = ( GEOMETRIC_REPRESENTATION_CONTEXT(2) 
PARAMETRIC_REPRESENTATION_CONTEXT() REPRESENTATION_CONTEXT('2D SPACE',''
  ) );
#5372 = ORIENTED_EDGE('',*,*,#5373,.T.);
#5373 = EDGE_CURVE('',#5348,#5374,#5376,.T.);
#5374 = VERTEX_POINT('',#5375);
#5375 = CARTESIAN_POINT('',(17.419515449211,-3.41,12.));
#5376 = SURFACE_CURVE('',#5377,(#5381,#5387),.PCURVE_S1.);
#5377 = LINE('',#5378,#5379);
#5378 = CARTESIAN_POINT('',(17.419515449211,0.59,12.));
#5379 = VECTOR('',#5380,1.);
#5380 = DIRECTION('',(0.,-1.,0.));
#5381 = PCURVE('',#994,#5382);
#5382 = DEFINITIONAL_REPRESENTATION('',(#5383),#5386);
#5383 = B_SPLINE_CURVE_WITH_KNOTS('',1,(#5384,#5385),.UNSPECIFIED.,.F.,
  .F.,(2,2),(-6.000000000173E-07,4.0000006),.PIECEWISE_BEZIER_KNOTS.);
#5384 = CARTESIAN_POINT('',(17.419515449211,0.5900006));
#5385 = CARTESIAN_POINT('',(17.419515449211,-3.4100006));
#5386 = ( GEOMETRIC_REPRESENTATION_CONTEXT(2) 
PARAMETRIC_REPRESENTATION_CONTEXT() REPRESENTATION_CONTEXT('2D SPACE',''
  ) );
#5387 = PCURVE('',#5388,#5393);
#5388 = CYLINDRICAL_SURFACE('',#5389,2.4);
#5389 = AXIS2_PLACEMENT_3D('',#5390,#5391,#5392);
#5390 = CARTESIAN_POINT('',(16.092865533069,0.59,14.));
#5391 = DIRECTION('',(0.,-1.,0.));
#5392 = DIRECTION('',(0.,-0.,-1.));
#5393 = DEFINITIONAL_REPRESENTATION('',(#5394),#5397);
#5394 = B_SPLINE_CURVE_WITH_KNOTS('',1,(#5395,#5396),.UNSPECIFIED.,.F.,
  .F.,(2,2),(-6.000000000173E-07,4.0000006),.PIECEWISE_BEZIER_KNOTS.);
#5395 = CARTESIAN_POINT('',(0.585685543457,-6.000000000173E-07));
#5396 = CARTESIAN_POINT('',(0.585685543457,4.0000006));
#5397 = ( GEOMETRIC_REPRESENTATION_CONTEXT(2) 
PARAMETRIC_REPRESENTATION_CONTEXT() REPRESENTATION_CONTEXT('2D SPACE',''
  ) );
#5398 = ORIENTED_EDGE('',*,*,#5399,.F.);
#5399 = EDGE_CURVE('',#1389,#5374,#5400,.T.);
#5400 = SURFACE_CURVE('',#5401,(#5405,#5411),.PCURVE_S1.);
#5401 = LINE('',#5402,#5403);
#5402 = CARTESIAN_POINT('',(8.90384857362E-17,-3.41,12.));
#5403 = VECTOR('',#5404,1.);
#5404 = DIRECTION('',(1.,0.,0.));
#5405 = PCURVE('',#994,#5406);
#5406 = DEFINITIONAL_REPRESENTATION('',(#5407),#5410);
#5407 = B_SPLINE_CURVE_WITH_KNOTS('',1,(#5408,#5409),.UNSPECIFIED.,.F.,
  .F.,(2,2),(-18.49286553306,18.492865533069),.PIECEWISE_BEZIER_KNOTS.);
#5408 = CARTESIAN_POINT('',(-18.49286553306,-3.41));
#5409 = CARTESIAN_POINT('',(18.492865533069,-3.41));
#5410 = ( GEOMETRIC_REPRESENTATION_CONTEXT(2) 
PARAMETRIC_REPRESENTATION_CONTEXT() REPRESENTATION_CONTEXT('2D SPACE',''
  ) );
#5411 = PCURVE('',#1403,#5412);
#5412 = DEFINITIONAL_REPRESENTATION('',(#5413),#5416);
#5413 = B_SPLINE_CURVE_WITH_KNOTS('',1,(#5414,#5415),.UNSPECIFIED.,.F.,
  .F.,(2,2),(-18.49286553306,18.492865533069),.PIECEWISE_BEZIER_KNOTS.);
#5414 = CARTESIAN_POINT('',(18.437780049312,-18.49286553306));
#5415 = CARTESIAN_POINT('',(18.437780049312,18.492865533069));
#5416 = ( GEOMETRIC_REPRESENTATION_CONTEXT(2) 
PARAMETRIC_REPRESENTATION_CONTEXT() REPRESENTATION_CONTEXT('2D SPACE',''
  ) );
#5417 = ORIENTED_EDGE('',*,*,#1414,.F.);
#5418 = ORIENTED_EDGE('',*,*,#1314,.F.);
#5419 = ORIENTED_EDGE('',*,*,#1159,.F.);
#5420 = ORIENTED_EDGE('',*,*,#1039,.T.);
#5421 = ADVANCED_FACE('',(#5422),#1278,.F.);
#5422 = FACE_BOUND('',#5423,.F.);
#5423 = EDGE_LOOP('',(#5424,#5425,#5446,#5465));
#5424 = ORIENTED_EDGE('',*,*,#1262,.F.);
#5425 = ORIENTED_EDGE('',*,*,#5426,.T.);
#5426 = EDGE_CURVE('',#1237,#5427,#5429,.T.);
#5427 = VERTEX_POINT('',#5428);
#5428 = CARTESIAN_POINT('',(-17.18888888888,-3.41,16.5));
#5429 = SURFACE_CURVE('',#5430,(#5434,#5440),.PCURVE_S1.);
#5430 = LINE('',#5431,#5432);
#5431 = CARTESIAN_POINT('',(-17.18888888888,-7.205,16.5));
#5432 = VECTOR('',#5433,1.);
#5433 = DIRECTION('',(0.,-1.,0.));
#5434 = PCURVE('',#1278,#5435);
#5435 = DEFINITIONAL_REPRESENTATION('',(#5436),#5439);
#5436 = B_SPLINE_CURVE_WITH_KNOTS('',1,(#5437,#5438),.UNSPECIFIED.,.F.,
  .F.,(2,2),(-4.205,-3.795),.PIECEWISE_BEZIER_KNOTS.);
#5437 = CARTESIAN_POINT('',(8.811111111111,10.));
#5438 = CARTESIAN_POINT('',(8.811111111111,9.59));
#5439 = ( GEOMETRIC_REPRESENTATION_CONTEXT(2) 
PARAMETRIC_REPRESENTATION_CONTEXT() REPRESENTATION_CONTEXT('2D SPACE',''
  ) );
#5440 = PCURVE('',#1251,#5441);
#5441 = DEFINITIONAL_REPRESENTATION('',(#5442),#5445);
#5442 = B_SPLINE_CURVE_WITH_KNOTS('',1,(#5443,#5444),.UNSPECIFIED.,.F.,
  .F.,(2,2),(-4.205,-3.795),.PIECEWISE_BEZIER_KNOTS.);
#5443 = CARTESIAN_POINT('',(5.194132492118,-1.59));
#5444 = CARTESIAN_POINT('',(5.194132492118,-2.));
#5445 = ( GEOMETRIC_REPRESENTATION_CONTEXT(2) 
PARAMETRIC_REPRESENTATION_CONTEXT() REPRESENTATION_CONTEXT('2D SPACE',''
  ) );
#5446 = ORIENTED_EDGE('',*,*,#5447,.F.);
#5447 = EDGE_CURVE('',#1365,#5427,#5448,.T.);
#5448 = SURFACE_CURVE('',#5449,(#5453,#5459),.PCURVE_S1.);
#5449 = LINE('',#5450,#5451);
#5450 = CARTESIAN_POINT('',(-13.,-3.41,16.5));
#5451 = VECTOR('',#5452,1.);
#5452 = DIRECTION('',(-1.,0.,0.));
#5453 = PCURVE('',#1278,#5454);
#5454 = DEFINITIONAL_REPRESENTATION('',(#5455),#5458);
#5455 = B_SPLINE_CURVE_WITH_KNOTS('',1,(#5456,#5457),.UNSPECIFIED.,.F.,
  .F.,(2,2),(-3.,5.492865533069),.PIECEWISE_BEZIER_KNOTS.);
#5456 = CARTESIAN_POINT('',(16.,9.59));
#5457 = CARTESIAN_POINT('',(7.507134466931,9.59));
#5458 = ( GEOMETRIC_REPRESENTATION_CONTEXT(2) 
PARAMETRIC_REPRESENTATION_CONTEXT() REPRESENTATION_CONTEXT('2D SPACE',''
  ) );
#5459 = PCURVE('',#1403,#5460);
#5460 = DEFINITIONAL_REPRESENTATION('',(#5461),#5464);
#5461 = B_SPLINE_CURVE_WITH_KNOTS('',1,(#5462,#5463),.UNSPECIFIED.,.F.,
  .F.,(2,2),(-3.,5.492865533069),.PIECEWISE_BEZIER_KNOTS.);
#5462 = CARTESIAN_POINT('',(13.937780049312,-10.));
#5463 = CARTESIAN_POINT('',(13.937780049312,-18.49286553306));
#5464 = ( GEOMETRIC_REPRESENTATION_CONTEXT(2) 
PARAMETRIC_REPRESENTATION_CONTEXT() REPRESENTATION_CONTEXT('2D SPACE',''
  ) );
#5465 = ORIENTED_EDGE('',*,*,#1364,.T.);
#5466 = ADVANCED_FACE('',(#5467),#1251,.F.);
#5467 = FACE_BOUND('',#5468,.F.);
#5468 = EDGE_LOOP('',(#5469,#5499,#5520,#5521,#5522,#5545));
#5469 = ORIENTED_EDGE('',*,*,#5470,.F.);
#5470 = EDGE_CURVE('',#5471,#5473,#5475,.T.);
#5471 = VERTEX_POINT('',#5472);
#5472 = CARTESIAN_POINT('',(-14.50555467829,-3.41,19.950001127904));
#5473 = VERTEX_POINT('',#5474);
#5474 = CARTESIAN_POINT('',(-14.50555467829,0.59,19.950001127904));
#5475 = SURFACE_CURVE('',#5476,(#5480,#5487),.PCURVE_S1.);
#5476 = LINE('',#5477,#5478);
#5477 = CARTESIAN_POINT('',(-14.50555467829,-3.41,19.950001127904));
#5478 = VECTOR('',#5479,1.);
#5479 = DIRECTION('',(0.,1.,0.));
#5480 = PCURVE('',#1251,#5481);
#5481 = DEFINITIONAL_REPRESENTATION('',(#5482),#5486);
#5482 = LINE('',#5483,#5484);
#5483 = CARTESIAN_POINT('',(0.82345860034,-2.));
#5484 = VECTOR('',#5485,1.);
#5485 = DIRECTION('',(0.,1.));
#5486 = ( GEOMETRIC_REPRESENTATION_CONTEXT(2) 
PARAMETRIC_REPRESENTATION_CONTEXT() REPRESENTATION_CONTEXT('2D SPACE',''
  ) );
#5487 = PCURVE('',#5488,#5493);
#5488 = CYLINDRICAL_SURFACE('',#5489,2.4);
#5489 = AXIS2_PLACEMENT_3D('',#5490,#5491,#5492);
#5490 = CARTESIAN_POINT('',(-16.4,-3.41,21.42345860034));
#5491 = DIRECTION('',(0.,1.,0.));
#5492 = DIRECTION('',(1.,0.,0.));
#5493 = DEFINITIONAL_REPRESENTATION('',(#5494),#5498);
#5494 = LINE('',#5495,#5496);
#5495 = CARTESIAN_POINT('',(0.661043168851,0.));
#5496 = VECTOR('',#5497,1.);
#5497 = DIRECTION('',(0.,1.));
#5498 = ( GEOMETRIC_REPRESENTATION_CONTEXT(2) 
PARAMETRIC_REPRESENTATION_CONTEXT() REPRESENTATION_CONTEXT('2D SPACE',''
  ) );
#5499 = ORIENTED_EDGE('',*,*,#5500,.T.);
#5500 = EDGE_CURVE('',#5471,#5427,#5501,.T.);
#5501 = SURFACE_CURVE('',#5502,(#5506,#5513),.PCURVE_S1.);
#5502 = LINE('',#5503,#5504);
#5503 = CARTESIAN_POINT('',(-14.,-3.41,20.6));
#5504 = VECTOR('',#5505,1.);
#5505 = DIRECTION('',(-0.613940613515,0.,-0.789352217376));
#5506 = PCURVE('',#1251,#5507);
#5507 = DEFINITIONAL_REPRESENTATION('',(#5508),#5512);
#5508 = LINE('',#5509,#5510);
#5509 = CARTESIAN_POINT('',(-0.,-2.));
#5510 = VECTOR('',#5511,1.);
#5511 = DIRECTION('',(1.,0.));
#5512 = ( GEOMETRIC_REPRESENTATION_CONTEXT(2) 
PARAMETRIC_REPRESENTATION_CONTEXT() REPRESENTATION_CONTEXT('2D SPACE',''
  ) );
#5513 = PCURVE('',#1403,#5514);
#5514 = DEFINITIONAL_REPRESENTATION('',(#5515),#5519);
#5515 = LINE('',#5516,#5517);
#5516 = CARTESIAN_POINT('',(9.837780049312,-14.));
#5517 = VECTOR('',#5518,1.);
#5518 = DIRECTION('',(0.789352217376,-0.613940613515));
#5519 = ( GEOMETRIC_REPRESENTATION_CONTEXT(2) 
PARAMETRIC_REPRESENTATION_CONTEXT() REPRESENTATION_CONTEXT('2D SPACE',''
  ) );
#5520 = ORIENTED_EDGE('',*,*,#5426,.F.);
#5521 = ORIENTED_EDGE('',*,*,#1236,.F.);
#5522 = ORIENTED_EDGE('',*,*,#5523,.T.);
#5523 = EDGE_CURVE('',#1208,#5524,#5526,.T.);
#5524 = VERTEX_POINT('',#5525);
#5525 = CARTESIAN_POINT('',(-17.98731085477,0.59,15.473457472436));
#5526 = SURFACE_CURVE('',#5527,(#5531,#5538),.PCURVE_S1.);
#5527 = LINE('',#5528,#5529);
#5528 = CARTESIAN_POINT('',(-17.98731085477,-3.41,15.473457472436));
#5529 = VECTOR('',#5530,1.);
#5530 = DIRECTION('',(0.,1.,0.));
#5531 = PCURVE('',#1251,#5532);
#5532 = DEFINITIONAL_REPRESENTATION('',(#5533),#5537);
#5533 = LINE('',#5534,#5535);
#5534 = CARTESIAN_POINT('',(6.49461978406,-2.));
#5535 = VECTOR('',#5536,1.);
#5536 = DIRECTION('',(0.,1.));
#5537 = ( GEOMETRIC_REPRESENTATION_CONTEXT(2) 
PARAMETRIC_REPRESENTATION_CONTEXT() REPRESENTATION_CONTEXT('2D SPACE',''
  ) );
#5538 = PCURVE('',#1224,#5539);
#5539 = DEFINITIONAL_REPRESENTATION('',(#5540),#5544);
#5540 = LINE('',#5541,#5542);
#5541 = CARTESIAN_POINT('',(2.231839495646,0.));
#5542 = VECTOR('',#5543,1.);
#5543 = DIRECTION('',(0.,1.));
#5544 = ( GEOMETRIC_REPRESENTATION_CONTEXT(2) 
PARAMETRIC_REPRESENTATION_CONTEXT() REPRESENTATION_CONTEXT('2D SPACE',''
  ) );
#5545 = ORIENTED_EDGE('',*,*,#5546,.F.);
#5546 = EDGE_CURVE('',#5473,#5524,#5547,.T.);
#5547 = SURFACE_CURVE('',#5548,(#5552,#5559),.PCURVE_S1.);
#5548 = LINE('',#5549,#5550);
#5549 = CARTESIAN_POINT('',(-14.,0.59,20.6));
#5550 = VECTOR('',#5551,1.);
#5551 = DIRECTION('',(-0.613940613515,0.,-0.789352217376));
#5552 = PCURVE('',#1251,#5553);
#5553 = DEFINITIONAL_REPRESENTATION('',(#5554),#5558);
#5554 = LINE('',#5555,#5556);
#5555 = CARTESIAN_POINT('',(0.,2.));
#5556 = VECTOR('',#5557,1.);
#5557 = DIRECTION('',(1.,0.));
#5558 = ( GEOMETRIC_REPRESENTATION_CONTEXT(2) 
PARAMETRIC_REPRESENTATION_CONTEXT() REPRESENTATION_CONTEXT('2D SPACE',''
  ) );
#5559 = PCURVE('',#5362,#5560);
#5560 = DEFINITIONAL_REPRESENTATION('',(#5561),#5565);
#5561 = LINE('',#5562,#5563);
#5562 = CARTESIAN_POINT('',(9.837780049312,-14.));
#5563 = VECTOR('',#5564,1.);
#5564 = DIRECTION('',(0.789352217376,-0.613940613515));
#5565 = ( GEOMETRIC_REPRESENTATION_CONTEXT(2) 
PARAMETRIC_REPRESENTATION_CONTEXT() REPRESENTATION_CONTEXT('2D SPACE',''
  ) );
#5566 = ADVANCED_FACE('',(#5567),#1224,.T.);
#5567 = FACE_BOUND('',#5568,.T.);
#5568 = EDGE_LOOP('',(#5569,#5570,#5571,#5572));
#5569 = ORIENTED_EDGE('',*,*,#5326,.F.);
#5570 = ORIENTED_EDGE('',*,*,#1207,.T.);
#5571 = ORIENTED_EDGE('',*,*,#5523,.T.);
#5572 = ORIENTED_EDGE('',*,*,#5573,.F.);
#5573 = EDGE_CURVE('',#5327,#5524,#5574,.T.);
#5574 = SURFACE_CURVE('',#5575,(#5580,#5587),.PCURVE_S1.);
#5575 = CIRCLE('',#5576,2.4);
#5576 = AXIS2_PLACEMENT_3D('',#5577,#5578,#5579);
#5577 = CARTESIAN_POINT('',(-16.09286553306,0.59,14.));
#5578 = DIRECTION('',(0.,1.,0.));
#5579 = DIRECTION('',(0.,-0.,1.));
#5580 = PCURVE('',#1224,#5581);
#5581 = DEFINITIONAL_REPRESENTATION('',(#5582),#5586);
#5582 = LINE('',#5583,#5584);
#5583 = CARTESIAN_POINT('',(-3.14159265359,4.));
#5584 = VECTOR('',#5585,1.);
#5585 = DIRECTION('',(1.,0.));
#5586 = ( GEOMETRIC_REPRESENTATION_CONTEXT(2) 
PARAMETRIC_REPRESENTATION_CONTEXT() REPRESENTATION_CONTEXT('2D SPACE',''
  ) );
#5587 = PCURVE('',#5362,#5588);
#5588 = DEFINITIONAL_REPRESENTATION('',(#5589),#5597);
#5589 = ( BOUNDED_CURVE() B_SPLINE_CURVE(2,(#5590,#5591,#5592,#5593,
#5594,#5595,#5596),.UNSPECIFIED.,.T.,.F.) B_SPLINE_CURVE_WITH_KNOTS((1,2
    ,2,2,2,1),(-2.094395102393,0.,2.094395102393,4.188790204786,
6.28318530718,8.377580409573),.UNSPECIFIED.) CURVE() 
GEOMETRIC_REPRESENTATION_ITEM() RATIONAL_B_SPLINE_CURVE((1.,0.5,1.,0.5,
1.,0.5,1.)) REPRESENTATION_ITEM('') );
#5590 = CARTESIAN_POINT('',(14.037780049312,-16.09286553306));
#5591 = CARTESIAN_POINT('',(14.037780049312,-11.9359435949));
#5592 = CARTESIAN_POINT('',(17.637780049312,-14.01440456398));
#5593 = CARTESIAN_POINT('',(21.237780049312,-16.09286553306));
#5594 = CARTESIAN_POINT('',(17.637780049312,-18.17132650215));
#5595 = CARTESIAN_POINT('',(14.037780049312,-20.24978747123));
#5596 = CARTESIAN_POINT('',(14.037780049312,-16.09286553306));
#5597 = ( GEOMETRIC_REPRESENTATION_CONTEXT(2) 
PARAMETRIC_REPRESENTATION_CONTEXT() REPRESENTATION_CONTEXT('2D SPACE',''
  ) );
#5598 = ADVANCED_FACE('',(#5599),#1403,.T.);
#5599 = FACE_BOUND('',#5600,.T.);
#5600 = EDGE_LOOP('',(#5601,#5602,#5603,#5627,#5655,#5684,#5712,#5745,
    #5773,#5806,#5834,#5860,#5861));
#5601 = ORIENTED_EDGE('',*,*,#1388,.F.);
#5602 = ORIENTED_EDGE('',*,*,#5399,.T.);
#5603 = ORIENTED_EDGE('',*,*,#5604,.T.);
#5604 = EDGE_CURVE('',#5374,#5605,#5607,.T.);
#5605 = VERTEX_POINT('',#5606);
#5606 = CARTESIAN_POINT('',(17.987310854772,-3.41,15.473457472436));
#5607 = SURFACE_CURVE('',#5608,(#5613,#5620),.PCURVE_S1.);
#5608 = CIRCLE('',#5609,2.4);
#5609 = AXIS2_PLACEMENT_3D('',#5610,#5611,#5612);
#5610 = CARTESIAN_POINT('',(16.092865533069,-3.41,14.));
#5611 = DIRECTION('',(0.,-1.,0.));
#5612 = DIRECTION('',(0.,-0.,-1.));
#5613 = PCURVE('',#1403,#5614);
#5614 = DEFINITIONAL_REPRESENTATION('',(#5615),#5619);
#5615 = CIRCLE('',#5616,2.4);
#5616 = AXIS2_PLACEMENT_2D('',#5617,#5618);
#5617 = CARTESIAN_POINT('',(16.437780049312,16.092865533069));
#5618 = DIRECTION('',(1.,0.));
#5619 = ( GEOMETRIC_REPRESENTATION_CONTEXT(2) 
PARAMETRIC_REPRESENTATION_CONTEXT() REPRESENTATION_CONTEXT('2D SPACE',''
  ) );
#5620 = PCURVE('',#5388,#5621);
#5621 = DEFINITIONAL_REPRESENTATION('',(#5622),#5626);
#5622 = LINE('',#5623,#5624);
#5623 = CARTESIAN_POINT('',(0.,4.));
#5624 = VECTOR('',#5625,1.);
#5625 = DIRECTION('',(1.,0.));
#5626 = ( GEOMETRIC_REPRESENTATION_CONTEXT(2) 
PARAMETRIC_REPRESENTATION_CONTEXT() REPRESENTATION_CONTEXT('2D SPACE',''
  ) );
#5627 = ORIENTED_EDGE('',*,*,#5628,.T.);
#5628 = EDGE_CURVE('',#5605,#5629,#5631,.T.);
#5629 = VERTEX_POINT('',#5630);
#5630 = CARTESIAN_POINT('',(14.505554678297,-3.41,19.950001127904));
#5631 = SURFACE_CURVE('',#5632,(#5636,#5643),.PCURVE_S1.);
#5632 = LINE('',#5633,#5634);
#5633 = CARTESIAN_POINT('',(21.,-3.41,11.6));
#5634 = VECTOR('',#5635,1.);
#5635 = DIRECTION('',(-0.613940613515,0.,0.789352217376));
#5636 = PCURVE('',#1403,#5637);
#5637 = DEFINITIONAL_REPRESENTATION('',(#5638),#5642);
#5638 = LINE('',#5639,#5640);
#5639 = CARTESIAN_POINT('',(18.837780049312,21.));
#5640 = VECTOR('',#5641,1.);
#5641 = DIRECTION('',(-0.789352217376,-0.613940613515));
#5642 = ( GEOMETRIC_REPRESENTATION_CONTEXT(2) 
PARAMETRIC_REPRESENTATION_CONTEXT() REPRESENTATION_CONTEXT('2D SPACE',''
  ) );
#5643 = PCURVE('',#5644,#5649);
#5644 = PLANE('',#5645);
#5645 = AXIS2_PLACEMENT_3D('',#5646,#5647,#5648);
#5646 = CARTESIAN_POINT('',(21.,-1.41,11.6));
#5647 = DIRECTION('',(-0.789352217376,-0.,-0.613940613515));
#5648 = DIRECTION('',(-0.613940613515,0.,0.789352217376));
#5649 = DEFINITIONAL_REPRESENTATION('',(#5650),#5654);
#5650 = LINE('',#5651,#5652);
#5651 = CARTESIAN_POINT('',(0.,-2.));
#5652 = VECTOR('',#5653,1.);
#5653 = DIRECTION('',(1.,0.));
#5654 = ( GEOMETRIC_REPRESENTATION_CONTEXT(2) 
PARAMETRIC_REPRESENTATION_CONTEXT() REPRESENTATION_CONTEXT('2D SPACE',''
  ) );
#5655 = ORIENTED_EDGE('',*,*,#5656,.F.);
#5656 = EDGE_CURVE('',#5657,#5629,#5659,.T.);
#5657 = VERTEX_POINT('',#5658);
#5658 = CARTESIAN_POINT('',(14.,-3.41,21.42345860034));
#5659 = SURFACE_CURVE('',#5660,(#5665,#5672),.PCURVE_S1.);
#5660 = CIRCLE('',#5661,2.4);
#5661 = AXIS2_PLACEMENT_3D('',#5662,#5663,#5664);
#5662 = CARTESIAN_POINT('',(16.4,-3.41,21.42345860034));
#5663 = DIRECTION('',(0.,-1.,0.));
#5664 = DIRECTION('',(0.,-0.,-1.));
#5665 = PCURVE('',#1403,#5666);
#5666 = DEFINITIONAL_REPRESENTATION('',(#5667),#5671);
#5667 = CIRCLE('',#5668,2.4);
#5668 = AXIS2_PLACEMENT_2D('',#5669,#5670);
#5669 = CARTESIAN_POINT('',(9.014321448973,16.4));
#5670 = DIRECTION('',(1.,0.));
#5671 = ( GEOMETRIC_REPRESENTATION_CONTEXT(2) 
PARAMETRIC_REPRESENTATION_CONTEXT() REPRESENTATION_CONTEXT('2D SPACE',''
  ) );
#5672 = PCURVE('',#5673,#5678);
#5673 = CYLINDRICAL_SURFACE('',#5674,2.4);
#5674 = AXIS2_PLACEMENT_3D('',#5675,#5676,#5677);
#5675 = CARTESIAN_POINT('',(16.4,0.59,21.42345860034));
#5676 = DIRECTION('',(0.,-1.,0.));
#5677 = DIRECTION('',(-1.,0.,0.));
#5678 = DEFINITIONAL_REPRESENTATION('',(#5679),#5683);
#5679 = LINE('',#5680,#5681);
#5680 = CARTESIAN_POINT('',(-4.712388980385,4.));
#5681 = VECTOR('',#5682,1.);
#5682 = DIRECTION('',(1.,0.));
#5683 = ( GEOMETRIC_REPRESENTATION_CONTEXT(2) 
PARAMETRIC_REPRESENTATION_CONTEXT() REPRESENTATION_CONTEXT('2D SPACE',''
  ) );
#5684 = ORIENTED_EDGE('',*,*,#5685,.T.);
#5685 = EDGE_CURVE('',#5657,#5686,#5688,.T.);
#5686 = VERTEX_POINT('',#5687);
#5687 = CARTESIAN_POINT('',(14.,-3.41,51.6));
#5688 = SURFACE_CURVE('',#5689,(#5693,#5700),.PCURVE_S1.);
#5689 = LINE('',#5690,#5691);
#5690 = CARTESIAN_POINT('',(14.,-3.41,20.6));
#5691 = VECTOR('',#5692,1.);
#5692 = DIRECTION('',(0.,0.,1.));
#5693 = PCURVE('',#1403,#5694);
#5694 = DEFINITIONAL_REPRESENTATION('',(#5695),#5699);
#5695 = LINE('',#5696,#5697);
#5696 = CARTESIAN_POINT('',(9.837780049312,14.));
#5697 = VECTOR('',#5698,1.);
#5698 = DIRECTION('',(-1.,0.));
#5699 = ( GEOMETRIC_REPRESENTATION_CONTEXT(2) 
PARAMETRIC_REPRESENTATION_CONTEXT() REPRESENTATION_CONTEXT('2D SPACE',''
  ) );
#5700 = PCURVE('',#5701,#5706);
#5701 = PLANE('',#5702);
#5702 = AXIS2_PLACEMENT_3D('',#5703,#5704,#5705);
#5703 = CARTESIAN_POINT('',(14.,-1.41,20.6));
#5704 = DIRECTION('',(-1.,0.,0.));
#5705 = DIRECTION('',(0.,0.,1.));
#5706 = DEFINITIONAL_REPRESENTATION('',(#5707),#5711);
#5707 = LINE('',#5708,#5709);
#5708 = CARTESIAN_POINT('',(0.,-2.));
#5709 = VECTOR('',#5710,1.);
#5710 = DIRECTION('',(1.,0.));
#5711 = ( GEOMETRIC_REPRESENTATION_CONTEXT(2) 
PARAMETRIC_REPRESENTATION_CONTEXT() REPRESENTATION_CONTEXT('2D SPACE',''
  ) );
#5712 = ORIENTED_EDGE('',*,*,#5713,.F.);
#5713 = EDGE_CURVE('',#5714,#5686,#5716,.T.);
#5714 = VERTEX_POINT('',#5715);
#5715 = CARTESIAN_POINT('',(11.6,-3.41,54.));
#5716 = SURFACE_CURVE('',#5717,(#5722,#5733),.PCURVE_S1.);
#5717 = CIRCLE('',#5718,2.4);
#5718 = AXIS2_PLACEMENT_3D('',#5719,#5720,#5721);
#5719 = CARTESIAN_POINT('',(11.6,-3.41,51.6));
#5720 = DIRECTION('',(-0.,1.,0.));
#5721 = DIRECTION('',(0.,0.,-1.));
#5722 = PCURVE('',#1403,#5723);
#5723 = DEFINITIONAL_REPRESENTATION('',(#5724),#5732);
#5724 = ( BOUNDED_CURVE() B_SPLINE_CURVE(2,(#5725,#5726,#5727,#5728,
#5729,#5730,#5731),.UNSPECIFIED.,.T.,.F.) B_SPLINE_CURVE_WITH_KNOTS((1,2
    ,2,2,2,1),(-2.094395102393,0.,2.094395102393,4.188790204786,
6.28318530718,8.377580409573),.UNSPECIFIED.) CURVE() 
GEOMETRIC_REPRESENTATION_ITEM() RATIONAL_B_SPLINE_CURVE((1.,0.5,1.,0.5,
1.,0.5,1.)) REPRESENTATION_ITEM('') );
#5725 = CARTESIAN_POINT('',(-18.76221995068,11.6));
#5726 = CARTESIAN_POINT('',(-18.76221995068,7.443078061835));
#5727 = CARTESIAN_POINT('',(-22.36221995068,9.521539030917));
#5728 = CARTESIAN_POINT('',(-25.96221995068,11.6));
#5729 = CARTESIAN_POINT('',(-22.36221995068,13.678460969083));
#5730 = CARTESIAN_POINT('',(-18.76221995068,15.756921938165));
#5731 = CARTESIAN_POINT('',(-18.76221995068,11.6));
#5732 = ( GEOMETRIC_REPRESENTATION_CONTEXT(2) 
PARAMETRIC_REPRESENTATION_CONTEXT() REPRESENTATION_CONTEXT('2D SPACE',''
  ) );
#5733 = PCURVE('',#5734,#5739);
#5734 = CYLINDRICAL_SURFACE('',#5735,2.4);
#5735 = AXIS2_PLACEMENT_3D('',#5736,#5737,#5738);
#5736 = CARTESIAN_POINT('',(11.6,0.59,51.6));
#5737 = DIRECTION('',(0.,-1.,0.));
#5738 = DIRECTION('',(-0.,0.,1.));
#5739 = DEFINITIONAL_REPRESENTATION('',(#5740),#5744);
#5740 = LINE('',#5741,#5742);
#5741 = CARTESIAN_POINT('',(3.14159265359,4.));
#5742 = VECTOR('',#5743,1.);
#5743 = DIRECTION('',(-1.,0.));
#5744 = ( GEOMETRIC_REPRESENTATION_CONTEXT(2) 
PARAMETRIC_REPRESENTATION_CONTEXT() REPRESENTATION_CONTEXT('2D SPACE',''
  ) );
#5745 = ORIENTED_EDGE('',*,*,#5746,.T.);
#5746 = EDGE_CURVE('',#5714,#5747,#5749,.T.);
#5747 = VERTEX_POINT('',#5748);
#5748 = CARTESIAN_POINT('',(-11.6,-3.41,54.));
#5749 = SURFACE_CURVE('',#5750,(#5754,#5761),.PCURVE_S1.);
#5750 = LINE('',#5751,#5752);
#5751 = CARTESIAN_POINT('',(14.,-3.41,54.));
#5752 = VECTOR('',#5753,1.);
#5753 = DIRECTION('',(-1.,0.,0.));
#5754 = PCURVE('',#1403,#5755);
#5755 = DEFINITIONAL_REPRESENTATION('',(#5756),#5760);
#5756 = LINE('',#5757,#5758);
#5757 = CARTESIAN_POINT('',(-23.56221995068,14.));
#5758 = VECTOR('',#5759,1.);
#5759 = DIRECTION('',(0.,-1.));
#5760 = ( GEOMETRIC_REPRESENTATION_CONTEXT(2) 
PARAMETRIC_REPRESENTATION_CONTEXT() REPRESENTATION_CONTEXT('2D SPACE',''
  ) );
#5761 = PCURVE('',#5762,#5767);
#5762 = PLANE('',#5763);
#5763 = AXIS2_PLACEMENT_3D('',#5764,#5765,#5766);
#5764 = CARTESIAN_POINT('',(14.,-1.41,54.));
#5765 = DIRECTION('',(-0.,-0.,-1.));
#5766 = DIRECTION('',(-1.,0.,0.));
#5767 = DEFINITIONAL_REPRESENTATION('',(#5768),#5772);
#5768 = LINE('',#5769,#5770);
#5769 = CARTESIAN_POINT('',(0.,-2.));
#5770 = VECTOR('',#5771,1.);
#5771 = DIRECTION('',(1.,0.));
#5772 = ( GEOMETRIC_REPRESENTATION_CONTEXT(2) 
PARAMETRIC_REPRESENTATION_CONTEXT() REPRESENTATION_CONTEXT('2D SPACE',''
  ) );
#5773 = ORIENTED_EDGE('',*,*,#5774,.F.);
#5774 = EDGE_CURVE('',#5775,#5747,#5777,.T.);
#5775 = VERTEX_POINT('',#5776);
#5776 = CARTESIAN_POINT('',(-14.,-3.41,51.6));
#5777 = SURFACE_CURVE('',#5778,(#5783,#5794),.PCURVE_S1.);
#5778 = CIRCLE('',#5779,2.4);
#5779 = AXIS2_PLACEMENT_3D('',#5780,#5781,#5782);
#5780 = CARTESIAN_POINT('',(-11.6,-3.41,51.6));
#5781 = DIRECTION('',(0.,1.,0.));
#5782 = DIRECTION('',(0.,-0.,1.));
#5783 = PCURVE('',#1403,#5784);
#5784 = DEFINITIONAL_REPRESENTATION('',(#5785),#5793);
#5785 = ( BOUNDED_CURVE() B_SPLINE_CURVE(2,(#5786,#5787,#5788,#5789,
#5790,#5791,#5792),.UNSPECIFIED.,.T.,.F.) B_SPLINE_CURVE_WITH_KNOTS((1,2
    ,2,2,2,1),(-2.094395102393,0.,2.094395102393,4.188790204786,
6.28318530718,8.377580409573),.UNSPECIFIED.) CURVE() 
GEOMETRIC_REPRESENTATION_ITEM() RATIONAL_B_SPLINE_CURVE((1.,0.5,1.,0.5,
1.,0.5,1.)) REPRESENTATION_ITEM('') );
#5786 = CARTESIAN_POINT('',(-23.56221995068,-11.6));
#5787 = CARTESIAN_POINT('',(-23.56221995068,-7.443078061835));
#5788 = CARTESIAN_POINT('',(-19.96221995068,-9.521539030917));
#5789 = CARTESIAN_POINT('',(-16.36221995068,-11.6));
#5790 = CARTESIAN_POINT('',(-19.96221995068,-13.67846096908));
#5791 = CARTESIAN_POINT('',(-23.56221995068,-15.75692193816));
#5792 = CARTESIAN_POINT('',(-23.56221995068,-11.6));
#5793 = ( GEOMETRIC_REPRESENTATION_CONTEXT(2) 
PARAMETRIC_REPRESENTATION_CONTEXT() REPRESENTATION_CONTEXT('2D SPACE',''
  ) );
#5794 = PCURVE('',#5795,#5800);
#5795 = CYLINDRICAL_SURFACE('',#5796,2.4);
#5796 = AXIS2_PLACEMENT_3D('',#5797,#5798,#5799);
#5797 = CARTESIAN_POINT('',(-11.6,-3.41,51.6));
#5798 = DIRECTION('',(0.,1.,0.));
#5799 = DIRECTION('',(-1.,0.,0.));
#5800 = DEFINITIONAL_REPRESENTATION('',(#5801),#5805);
#5801 = LINE('',#5802,#5803);
#5802 = CARTESIAN_POINT('',(-4.712388980385,0.));
#5803 = VECTOR('',#5804,1.);
#5804 = DIRECTION('',(1.,0.));
#5805 = ( GEOMETRIC_REPRESENTATION_CONTEXT(2) 
PARAMETRIC_REPRESENTATION_CONTEXT() REPRESENTATION_CONTEXT('2D SPACE',''
  ) );
#5806 = ORIENTED_EDGE('',*,*,#5807,.T.);
#5807 = EDGE_CURVE('',#5775,#5808,#5810,.T.);
#5808 = VERTEX_POINT('',#5809);
#5809 = CARTESIAN_POINT('',(-14.,-3.41,21.42345860034));
#5810 = SURFACE_CURVE('',#5811,(#5815,#5822),.PCURVE_S1.);
#5811 = LINE('',#5812,#5813);
#5812 = CARTESIAN_POINT('',(-14.,-3.41,54.));
#5813 = VECTOR('',#5814,1.);
#5814 = DIRECTION('',(0.,0.,-1.));
#5815 = PCURVE('',#1403,#5816);
#5816 = DEFINITIONAL_REPRESENTATION('',(#5817),#5821);
#5817 = LINE('',#5818,#5819);
#5818 = CARTESIAN_POINT('',(-23.56221995068,-14.));
#5819 = VECTOR('',#5820,1.);
#5820 = DIRECTION('',(1.,0.));
#5821 = ( GEOMETRIC_REPRESENTATION_CONTEXT(2) 
PARAMETRIC_REPRESENTATION_CONTEXT() REPRESENTATION_CONTEXT('2D SPACE',''
  ) );
#5822 = PCURVE('',#5823,#5828);
#5823 = PLANE('',#5824);
#5824 = AXIS2_PLACEMENT_3D('',#5825,#5826,#5827);
#5825 = CARTESIAN_POINT('',(-14.,-1.41,54.));
#5826 = DIRECTION('',(1.,0.,0.));
#5827 = DIRECTION('',(0.,0.,-1.));
#5828 = DEFINITIONAL_REPRESENTATION('',(#5829),#5833);
#5829 = LINE('',#5830,#5831);
#5830 = CARTESIAN_POINT('',(0.,-2.));
#5831 = VECTOR('',#5832,1.);
#5832 = DIRECTION('',(1.,0.));
#5833 = ( GEOMETRIC_REPRESENTATION_CONTEXT(2) 
PARAMETRIC_REPRESENTATION_CONTEXT() REPRESENTATION_CONTEXT('2D SPACE',''
  ) );
#5834 = ORIENTED_EDGE('',*,*,#5835,.T.);
#5835 = EDGE_CURVE('',#5808,#5471,#5836,.T.);
#5836 = SURFACE_CURVE('',#5837,(#5842,#5853),.PCURVE_S1.);
#5837 = CIRCLE('',#5838,2.4);
#5838 = AXIS2_PLACEMENT_3D('',#5839,#5840,#5841);
#5839 = CARTESIAN_POINT('',(-16.4,-3.41,21.42345860034));
#5840 = DIRECTION('',(0.,1.,0.));
#5841 = DIRECTION('',(0.,-0.,1.));
#5842 = PCURVE('',#1403,#5843);
#5843 = DEFINITIONAL_REPRESENTATION('',(#5844),#5852);
#5844 = ( BOUNDED_CURVE() B_SPLINE_CURVE(2,(#5845,#5846,#5847,#5848,
#5849,#5850,#5851),.UNSPECIFIED.,.T.,.F.) B_SPLINE_CURVE_WITH_KNOTS((1,2
    ,2,2,2,1),(-2.094395102393,0.,2.094395102393,4.188790204786,
6.28318530718,8.377580409573),.UNSPECIFIED.) CURVE() 
GEOMETRIC_REPRESENTATION_ITEM() RATIONAL_B_SPLINE_CURVE((1.,0.5,1.,0.5,
1.,0.5,1.)) REPRESENTATION_ITEM('') );
#5845 = CARTESIAN_POINT('',(6.614321448973,-16.4));
#5846 = CARTESIAN_POINT('',(6.614321448973,-12.24307806183));
#5847 = CARTESIAN_POINT('',(10.214321448973,-14.32153903091));
#5848 = CARTESIAN_POINT('',(13.814321448973,-16.4));
#5849 = CARTESIAN_POINT('',(10.214321448973,-18.47846096908));
#5850 = CARTESIAN_POINT('',(6.614321448973,-20.55692193816));
#5851 = CARTESIAN_POINT('',(6.614321448973,-16.4));
#5852 = ( GEOMETRIC_REPRESENTATION_CONTEXT(2) 
PARAMETRIC_REPRESENTATION_CONTEXT() REPRESENTATION_CONTEXT('2D SPACE',''
  ) );
#5853 = PCURVE('',#5488,#5854);
#5854 = DEFINITIONAL_REPRESENTATION('',(#5855),#5859);
#5855 = LINE('',#5856,#5857);
#5856 = CARTESIAN_POINT('',(-1.570796326795,0.));
#5857 = VECTOR('',#5858,1.);
#5858 = DIRECTION('',(1.,0.));
#5859 = ( GEOMETRIC_REPRESENTATION_CONTEXT(2) 
PARAMETRIC_REPRESENTATION_CONTEXT() REPRESENTATION_CONTEXT('2D SPACE',''
  ) );
#5860 = ORIENTED_EDGE('',*,*,#5500,.T.);
#5861 = ORIENTED_EDGE('',*,*,#5447,.F.);
#5862 = ADVANCED_FACE('',(#5863),#1546,.F.);
#5863 = FACE_BOUND('',#5864,.F.);
#5864 = EDGE_LOOP('',(#5865,#5866));
#5865 = ORIENTED_EDGE('',*,*,#4571,.F.);
#5866 = ORIENTED_EDGE('',*,*,#1529,.T.);
#5867 = ADVANCED_FACE('',(#5868),#1667,.F.);
#5868 = FACE_BOUND('',#5869,.F.);
#5869 = EDGE_LOOP('',(#5870,#5871,#5872));
#5870 = ORIENTED_EDGE('',*,*,#1783,.T.);
#5871 = ORIENTED_EDGE('',*,*,#1650,.T.);
#5872 = ORIENTED_EDGE('',*,*,#4534,.F.);
#5873 = ADVANCED_FACE('',(#5874),#1916,.F.);
#5874 = FACE_BOUND('',#5875,.F.);
#5875 = EDGE_LOOP('',(#5876,#5877));
#5876 = ORIENTED_EDGE('',*,*,#4501,.F.);
#5877 = ORIENTED_EDGE('',*,*,#1899,.T.);
#5878 = ADVANCED_FACE('',(#5879),#4862,.T.);
#5879 = FACE_BOUND('',#5880,.T.);
#5880 = EDGE_LOOP('',(#5881,#5902,#6242,#6243));
#5881 = ORIENTED_EDGE('',*,*,#5882,.T.);
#5882 = EDGE_CURVE('',#4476,#5883,#5885,.T.);
#5883 = VERTEX_POINT('',#5884);
#5884 = CARTESIAN_POINT('',(53.691098459925,2.742694960034E-12,
    76.765494703153));
#5885 = SEAM_CURVE('',#5886,(#5890,#5896),.PCURVE_S1.);
#5886 = ( BOUNDED_CURVE() B_SPLINE_CURVE(2,(#5887,#5888,#5889),
.UNSPECIFIED.,.F.,.F.) B_SPLINE_CURVE_WITH_KNOTS((3,3),(0.,
340.60847923514),.PIECEWISE_BEZIER_KNOTS.) CURVE() 
GEOMETRIC_REPRESENTATION_ITEM() RATIONAL_B_SPLINE_CURVE((1.,
0.539360044227,1.)) REPRESENTATION_ITEM('') );
#5887 = CARTESIAN_POINT('',(56.702707082333,-2.84217094304E-14,
    75.256963832238));
#5888 = CARTESIAN_POINT('',(56.37449882984,-9.756084828894E-15,
    78.362164546852));
#5889 = CARTESIAN_POINT('',(53.691098459925,2.742694960034E-12,
    76.765494703153));
#5890 = PCURVE('',#4862,#5891);
#5891 = DEFINITIONAL_REPRESENTATION('',(#5892),#5895);
#5892 = B_SPLINE_CURVE_WITH_KNOTS('',1,(#5893,#5894),.UNSPECIFIED.,.F.,
  .F.,(2,2),(0.,340.60847923514),.PIECEWISE_BEZIER_KNOTS.);
#5893 = CARTESIAN_POINT('',(0.,-8.74549803843E-15));
#5894 = CARTESIAN_POINT('',(340.60847923514,-8.74549803843E-15));
#5895 = ( GEOMETRIC_REPRESENTATION_CONTEXT(2) 
PARAMETRIC_REPRESENTATION_CONTEXT() REPRESENTATION_CONTEXT('2D SPACE',''
  ) );
#5896 = PCURVE('',#4862,#5897);
#5897 = DEFINITIONAL_REPRESENTATION('',(#5898),#5901);
#5898 = B_SPLINE_CURVE_WITH_KNOTS('',1,(#5899,#5900),.UNSPECIFIED.,.F.,
  .F.,(2,2),(0.,340.60847923514),.PIECEWISE_BEZIER_KNOTS.);
#5899 = CARTESIAN_POINT('',(0.,340.60847923514));
#5900 = CARTESIAN_POINT('',(340.60847923514,340.60847923514));
#5901 = ( GEOMETRIC_REPRESENTATION_CONTEXT(2) 
PARAMETRIC_REPRESENTATION_CONTEXT() REPRESENTATION_CONTEXT('2D SPACE',''
  ) );
#5902 = ORIENTED_EDGE('',*,*,#5903,.T.);
#5903 = EDGE_CURVE('',#5883,#5883,#5904,.T.);
#5904 = SURFACE_CURVE('',#5905,(#6004,#6011),.PCURVE_S1.);
#5905 = ( BOUNDED_CURVE() B_SPLINE_CURVE(13,(#5906,#5907,#5908,#5909,
    #5910,#5911,#5912,#5913,#5914,#5915,#5916,#5917,#5918,#5919,#5920,
    #5921,#5922,#5923,#5924,#5925,#5926,#5927,#5928,#5929,#5930,#5931,
    #5932,#5933,#5934,#5935,#5936,#5937,#5938,#5939,#5940,#5941,#5942,
    #5943,#5944,#5945,#5946,#5947,#5948,#5949,#5950,#5951,#5952,#5953,
    #5954,#5955,#5956,#5957,#5958,#5959,#5960,#5961,#5962,#5963,#5964,
    #5965,#5966,#5967,#5968,#5969,#5970,#5971,#5972,#5973,#5974,#5975,
    #5976,#5977,#5978,#5979,#5980,#5981,#5982,#5983,#5984,#5985,#5986,
    #5987,#5988,#5989,#5990,#5991,#5992,#5993,#5994,#5995,#5996,#5997,
    #5998,#5999,#6000,#6001,#6002,#6003),.UNSPECIFIED.,.T.,.F.) 
B_SPLINE_CURVE_WITH_KNOTS((14,12,12,12,12,12,12,12,14),(
    -8.74549803843E-15,39.701003474559,85.173639193749,130.45614749955,
    170.39877005161,210.19037611534,255.34096351694,300.89844604592,
340.60847923514),.UNSPECIFIED.) CURVE() GEOMETRIC_REPRESENTATION_ITEM() 
RATIONAL_B_SPLINE_CURVE((1.,1.,0.999999999999,1.000000000003,
    0.999999999994,1.000000000009,0.999999999989,1.000000000011,
    0.999999999991,1.000000000006,0.999999999997,1.000000000001,1.,1.,
    0.999999999999,1.000000000003,0.999999999994,1.000000000009,
    0.999999999989,1.000000000011,0.999999999991,1.000000000006,
    0.999999999997,1.000000000001,1.,1.,1.,1.,0.999999999999,
    1.000000000001,0.999999999999,1.000000000001,0.999999999999,
    1.000000000001,1.,1.,1.,1.,0.999999999998,1.000000000005,
    0.999999999989,1.000000000017,0.99999999998,1.000000000019,
    0.999999999985,1.000000000009,0.999999999996,1.000000000001,1.,1.,1.
    ,0.999999999999,1.000000000002,0.999999999996,1.000000000005,
    0.999999999995,1.000000000004,0.999999999997,1.000000000001,
    0.999999999999,1.,1.,1.000000000002,0.999999999995,1.00000000001,
    0.999999999985,1.000000000018,0.999999999983,1.000000000014,
    0.999999999991,1.000000000004,0.999999999999,1.,1.,1.000000000001,
    0.999999999997,1.000000000006,0.999999999991,1.00000000001,
    0.999999999991,1.000000000006,0.999999999996,1.000000000001,1.,1.,1.
    ,0.999999999998,1.000000000005,0.999999999991,1.000000000014,
    0.999999999984,1.000000000016,0.999999999988,1.000000000008,
0.999999999996,1.000000000001,1.,1.)) REPRESENTATION_ITEM('') );
#5906 = CARTESIAN_POINT('',(53.691098459925,2.742694960034E-12,
    76.765494703153));
#5907 = CARTESIAN_POINT('',(53.691098459916,-2.351456943602,
    76.765494703151));
#5908 = CARTESIAN_POINT('',(53.551297582866,-4.703261765495,
    76.68230651781));
#5909 = CARTESIAN_POINT('',(53.271903571416,-7.052643962515,
    76.516071669355));
#5910 = CARTESIAN_POINT('',(52.851599753351,-9.398709080635,
    76.2672304313));
#5911 = CARTESIAN_POINT('',(52.28806823916,-11.73892115041,
    75.936892688144));
#5912 = CARTESIAN_POINT('',(51.578501329018,-14.06835164445,
    75.527193798974));
#5913 = CARTESIAN_POINT('',(50.719988443996,-16.38025480462,
    75.041552606364));
#5914 = CARTESIAN_POINT('',(49.709723087711,-18.66693650906,
    74.484789496872));
#5915 = CARTESIAN_POINT('',(48.545031431484,-20.92029114201,
    73.863103179334));
#5916 = CARTESIAN_POINT('',(47.223281333948,-23.13178826726,
    73.183945612181));
#5917 = CARTESIAN_POINT('',(45.741787682465,-25.29209818658,
    72.455875271879));
#5918 = CARTESIAN_POINT('',(44.09788715185,-27.39095280641,
    71.688509717942));
#5919 = CARTESIAN_POINT('',(40.21802651049,-31.74026096631,
    69.98128150234));
#5920 = CARTESIAN_POINT('',(37.930325569044,-33.96851370552,
    69.032425648552));
#5921 = CARTESIAN_POINT('',(35.426244963877,-36.08506826265,
    68.063514422368));
#5922 = CARTESIAN_POINT('',(32.695359059523,-38.07817943255,
    67.090409542227));
#5923 = CARTESIAN_POINT('',(29.748329261364,-39.92205632132,
    66.137184246609));
#5924 = CARTESIAN_POINT('',(26.582691683253,-41.59990521881,
    65.225159894124));
#5925 = CARTESIAN_POINT('',(23.202156301022,-43.09275133577,
    64.378078174215));
#5926 = CARTESIAN_POINT('',(19.627155959834,-44.37461612606,
    63.624236265652));
#5927 = CARTESIAN_POINT('',(15.882499604611,-45.42351750173,
    62.990355450343));
#5928 = CARTESIAN_POINT('',(11.997519690434,-46.22455797401,
    62.497961702979));
#5929 = CARTESIAN_POINT('',(8.020950618044,-46.76139353926,
    62.16500883982));
#5930 = CARTESIAN_POINT('',(3.996846912409,-47.02918673152,
    61.998971907917));
#5931 = CARTESIAN_POINT('',(-4.033859116026,-47.02586645518,
    62.001030679842));
#5932 = CARTESIAN_POINT('',(-8.040299867349,-46.757060293,
    62.167704702605));
#5933 = CARTESIAN_POINT('',(-12.00063488306,-46.22117501259,
    62.499971139358));
#5934 = CARTESIAN_POINT('',(-15.86752514626,-45.42436146311,
    62.989829179866));
#5935 = CARTESIAN_POINT('',(-19.59817385909,-44.38003480113,
    63.620711295703));
#5936 = CARTESIAN_POINT('',(-23.15903853353,-43.10613539376,
    64.369945925708));
#5937 = CARTESIAN_POINT('',(-26.52626724647,-41.62346649558,
    65.211649155269));
#5938 = CARTESIAN_POINT('',(-29.68429946537,-39.95441647874,
    66.119333391475));
#5939 = CARTESIAN_POINT('',(-32.6248250585,-38.12094495986,
    67.067987436556));
#5940 = CARTESIAN_POINT('',(-35.34579038506,-36.14263859261,
    68.035200642778));
#5941 = CARTESIAN_POINT('',(-37.84851929325,-34.03701526788,
    69.000901460702));
#5942 = CARTESIAN_POINT('',(-40.13342080712,-31.82216630658,
    69.946285130652));
#5943 = CARTESIAN_POINT('',(-44.03102185625,-27.47682938477,
    71.657203152083));
#5944 = CARTESIAN_POINT('',(-45.69108945905,-25.36731822326,
    72.430769576875));
#5945 = CARTESIAN_POINT('',(-47.18661852844,-23.19546253102,
    73.164863550792));
#5946 = CARTESIAN_POINT('',(-48.52033141719,-20.97152052862,
    73.849659406796));
#5947 = CARTESIAN_POINT('',(-49.69499095966,-18.70495299186,
    74.476422821589));
#5948 = CARTESIAN_POINT('',(-50.71329303028,-16.40458479628,
    75.03754821677));
#5949 = CARTESIAN_POINT('',(-51.57796723835,-14.078779133,
    75.526711861263));
#5950 = CARTESIAN_POINT('',(-52.29188041462,-11.73530615338,
    75.939004127667));
#5951 = CARTESIAN_POINT('',(-52.85800866317,-9.380844708662,
    76.27095220177));
#5952 = CARTESIAN_POINT('',(-53.27921480533,-7.020312740245,
    76.520392394218));
#5953 = CARTESIAN_POINT('',(-53.55783916121,-4.656478798309,
    76.686199046902));
#5954 = CARTESIAN_POINT('',(-53.69518267524,-2.290564047678,
    76.767924878158));
#5955 = CARTESIAN_POINT('',(-53.6868980114,2.432017403276,
    76.762995367428));
#5956 = CARTESIAN_POINT('',(-53.54232922438,4.788860611881,
    76.676970958106));
#5957 = CARTESIAN_POINT('',(-53.25753359026,7.143450797923,
    76.507553228491));
#5958 = CARTESIAN_POINT('',(-52.83111559033,9.494718624472,
    76.255178541118));
#5959 = CARTESIAN_POINT('',(-52.26071407898,11.839894455089,
    75.920986241296));
#5960 = CARTESIAN_POINT('',(-51.54351998961,14.17393899342,
    75.507178124302));
#5961 = CARTESIAN_POINT('',(-50.67662867407,16.490086343328,
    75.017255893318));
#5962 = CARTESIAN_POINT('',(-49.65721649707,18.780620848512,
    74.456120807727));
#5963 = CARTESIAN_POINT('',(-48.48256666242,21.037357405827,
    73.830047787018));
#5964 = CARTESIAN_POINT('',(-47.15000459571,23.251643265547,
    73.146574287404));
#5965 = CARTESIAN_POINT('',(-45.65683856314,25.414047673848,
    72.414372333956));
#5966 = CARTESIAN_POINT('',(-44.00043655497,27.514254028852,
    71.643200144794));
#5967 = CARTESIAN_POINT('',(-40.11141787996,31.842872532466,
    69.937290119569));
#5968 = CARTESIAN_POINT('',(-37.8308579287,34.050588831199,
    68.994385052549));
#5969 = CARTESIAN_POINT('',(-35.33682220657,36.147553578705,
    68.032403278681));
#5970 = CARTESIAN_POINT('',(-32.61951340857,38.12218756799,
    67.066965304914));
#5971 = CARTESIAN_POINT('',(-29.68870642894,39.949358640591,
    66.121606497554));
#5972 = CARTESIAN_POINT('',(-26.54286339902,41.612398362336,
    65.217347388894));
#5973 = CARTESIAN_POINT('',(-23.18573283848,43.092753143398,
    64.377428743072));
#5974 = CARTESIAN_POINT('',(-19.6366285201,44.365223239789,
    63.629411583358));
#5975 = CARTESIAN_POINT('',(-15.9202602677,45.408208311147,
    62.999466346911));
#5976 = CARTESIAN_POINT('',(-12.06594885023,46.206945899742,
    62.508749163306));
#5977 = CARTESIAN_POINT('',(-8.11990706887,46.745706933512,
    62.174735085006));
#5978 = CARTESIAN_POINT('',(-4.126054677786,47.019355919008,
    62.00506757538));
#5979 = CARTESIAN_POINT('',(3.899976298969,47.035510156123,
    61.995051032328));
#5980 = CARTESIAN_POINT('',(7.933032216287,46.772944625631,
    62.157836599558));
#5981 = CARTESIAN_POINT('',(11.911955596449,46.242564600341,
    62.486954739728));
#5982 = CARTESIAN_POINT('',(15.833412384229,45.436603842218,
    62.982215534254));
#5983 = CARTESIAN_POINT('',(19.523942819277,44.409114569538,
    63.604302529967));
#5984 = CARTESIAN_POINT('',(23.206623359445,43.097170850506,
    64.375224850051));
#5985 = CARTESIAN_POINT('',(26.492031782697,41.638080098741,
    65.204390262489));
#5986 = CARTESIAN_POINT('',(29.742853276816,39.933406904534,
    66.131489572338));
#5987 = CARTESIAN_POINT('',(32.659869877887,38.099170802108,
    67.079874753599));
#5988 = CARTESIAN_POINT('',(35.407555755498,36.101481463306,
    68.055936737676));
#5989 = CARTESIAN_POINT('',(37.916580397134,33.98120615612,
    69.026898935243));
#5990 = CARTESIAN_POINT('',(40.209194423649,31.749477333615,
    69.977512770131));
#5991 = CARTESIAN_POINT('',(44.094099711398,27.39579363895,
    71.68674090127));
#5992 = CARTESIAN_POINT('',(45.738723047546,25.29654532519,
    72.454365122364));
#5993 = CARTESIAN_POINT('',(47.220859370127,23.135915733837,
    73.182698794325));
#5994 = CARTESIAN_POINT('',(48.543133017264,20.924031845813,
    73.862090565375));
#5995 = CARTESIAN_POINT('',(49.708229767778,18.670249828966,
    74.483969137315));
#5996 = CARTESIAN_POINT('',(50.718817124859,16.383236506633,
    75.040892895736));
#5997 = CARTESIAN_POINT('',(51.577612815456,14.0711383032,
    75.526682646671));
#5998 = CARTESIAN_POINT('',(52.28744944397,11.741500170281,
    75.936530304219));
#5999 = CARTESIAN_POINT('',(52.851232749512,9.400843276048,
    76.267012491405));
#6000 = CARTESIAN_POINT('',(53.271740451255,7.054056551302,
    76.515974147905));
#6001 = CARTESIAN_POINT('',(53.551258171194,4.704003473019,
    76.68228335291));
#6002 = CARTESIAN_POINT('',(53.691098459925,2.351991765975,
    76.765494703153));
#6003 = CARTESIAN_POINT('',(53.691098459924,2.742694960034E-12,
    76.765494703153));
#6004 = PCURVE('',#4862,#6005);
#6005 = DEFINITIONAL_REPRESENTATION('',(#6006),#6010);
#6006 = LINE('',#6007,#6008);
#6007 = CARTESIAN_POINT('',(340.60847923514,0.));
#6008 = VECTOR('',#6009,1.);
#6009 = DIRECTION('',(0.,1.));
#6010 = ( GEOMETRIC_REPRESENTATION_CONTEXT(2) 
PARAMETRIC_REPRESENTATION_CONTEXT() REPRESENTATION_CONTEXT('2D SPACE',''
  ) );
#6011 = PCURVE('',#6012,#6017);
#6012 = CYLINDRICAL_SURFACE('',#6013,105.);
#6013 = AXIS2_PLACEMENT_3D('',#6014,#6015,#6016);
#6014 = CARTESIAN_POINT('',(0.,-120.,167.));
#6015 = DIRECTION('',(0.,1.,0.));
#6016 = DIRECTION('',(0.,-0.,1.));
#6017 = DEFINITIONAL_REPRESENTATION('',(#6018),#6241);
#6018 = B_SPLINE_CURVE_WITH_KNOTS('',11,(#6019,#6020,#6021,#6022,#6023,
    #6024,#6025,#6026,#6027,#6028,#6029,#6030,#6031,#6032,#6033,#6034,
    #6035,#6036,#6037,#6038,#6039,#6040,#6041,#6042,#6043,#6044,#6045,
    #6046,#6047,#6048,#6049,#6050,#6051,#6052,#6053,#6054,#6055,#6056,
    #6057,#6058,#6059,#6060,#6061,#6062,#6063,#6064,#6065,#6066,#6067,
    #6068,#6069,#6070,#6071,#6072,#6073,#6074,#6075,#6076,#6077,#6078,
    #6079,#6080,#6081,#6082,#6083,#6084,#6085,#6086,#6087,#6088,#6089,
    #6090,#6091,#6092,#6093,#6094,#6095,#6096,#6097,#6098,#6099,#6100,
    #6101,#6102,#6103,#6104,#6105,#6106,#6107,#6108,#6109,#6110,#6111,
    #6112,#6113,#6114,#6115,#6116,#6117,#6118,#6119,#6120,#6121,#6122,
    #6123,#6124,#6125,#6126,#6127,#6128,#6129,#6130,#6131,#6132,#6133,
    #6134,#6135,#6136,#6137,#6138,#6139,#6140,#6141,#6142,#6143,#6144,
    #6145,#6146,#6147,#6148,#6149,#6150,#6151,#6152,#6153,#6154,#6155,
    #6156,#6157,#6158,#6159,#6160,#6161,#6162,#6163,#6164,#6165,#6166,
    #6167,#6168,#6169,#6170,#6171,#6172,#6173,#6174,#6175,#6176,#6177,
    #6178,#6179,#6180,#6181,#6182,#6183,#6184,#6185,#6186,#6187,#6188,
    #6189,#6190,#6191,#6192,#6193,#6194,#6195,#6196,#6197,#6198,#6199,
    #6200,#6201,#6202,#6203,#6204,#6205,#6206,#6207,#6208,#6209,#6210,
    #6211,#6212,#6213,#6214,#6215,#6216,#6217,#6218,#6219,#6220,#6221,
    #6222,#6223,#6224,#6225,#6226,#6227,#6228,#6229,#6230,#6231,#6232,
    #6233,#6234,#6235,#6236,#6237,#6238,#6239,#6240),.UNSPECIFIED.,.F.,
  .F.,(12,10,10,10,10,10,10,10,10,10,10,10,10,10,10,10,10,10,10,10,10,10
    ,12),(-8.74549803843E-15,21.288029952197,31.932044928295,
    37.254052416344,42.576059904393,85.152119808786,127.72817971318,
    138.37219468927,149.01620966537,170.30423961757,191.59226956976,
    202.23628454586,207.55829203391,212.88029952196,234.16832947416,
    244.81234445026,255.45635942635,276.74438937855,298.03241933075,
    303.3544268188,308.67643430685,319.32044928294,340.60847923514),
  .UNSPECIFIED.);
#6019 = CARTESIAN_POINT('',(2.604844903143,119.99999999999));
#6020 = CARTESIAN_POINT('',(2.604844903143,118.50987848013));
#6021 = CARTESIAN_POINT('',(2.605476654416,117.01961761614));
#6022 = CARTESIAN_POINT('',(2.60673949984,115.52994740858));
#6023 = CARTESIAN_POINT('',(2.608634798939,114.04128614414));
#6024 = CARTESIAN_POINT('',(2.611165106936,112.55413441693));
#6025 = CARTESIAN_POINT('',(2.614333467558,111.069274555));
#6026 = CARTESIAN_POINT('',(2.618142835632,109.58782745279));
#6027 = CARTESIAN_POINT('',(2.622595646315,108.11121884696));
#6028 = CARTESIAN_POINT('',(2.627693546941,106.64110703153));
#6029 = CARTESIAN_POINT('',(2.633437308244,105.17932404769));
#6030 = CARTESIAN_POINT('',(2.643021742568,103.00216150423));
#6031 = CARTESIAN_POINT('',(2.646378017398,102.27902494859));
#6032 = CARTESIAN_POINT('',(2.649895755998,101.55872384445));
#6033 = CARTESIAN_POINT('',(2.653574904803,100.8415180598));
#6034 = CARTESIAN_POINT('',(2.657415360533,100.12767586057));
#6035 = CARTESIAN_POINT('',(2.661416974572,99.417473605992));
#6036 = CARTESIAN_POINT('',(2.665579557125,98.711195434688));
#6037 = CARTESIAN_POINT('',(2.669902881642,98.009132962221));
#6038 = CARTESIAN_POINT('',(2.674386688981,97.311584967096));
#6039 = CARTESIAN_POINT('',(2.679030691785,96.6188570863));
#6040 = CARTESIAN_POINT('',(2.686236522173,95.5874637134));
#6041 = CARTESIAN_POINT('',(2.688678436624,95.244948959926));
#6042 = CARTESIAN_POINT('',(2.691160283162,94.903756465325));
#6043 = CARTESIAN_POINT('',(2.693682021419,94.563925821617));
#6044 = CARTESIAN_POINT('',(2.696243609463,94.225496988819));
#6045 = CARTESIAN_POINT('',(2.698845003952,93.888510299292));
#6046 = CARTESIAN_POINT('',(2.701486159937,93.553006452091));
#6047 = CARTESIAN_POINT('',(2.704167031071,93.219026518902));
#6048 = CARTESIAN_POINT('',(2.706887569425,92.886611938941));
#6049 = CARTESIAN_POINT('',(2.709647725622,92.555804522545));
#6050 = CARTESIAN_POINT('',(2.715247171889,91.897488375682));
#6051 = CARTESIAN_POINT('',(2.71808644451,91.569981269379));
#6052 = CARTESIAN_POINT('',(2.720965291907,91.244157275636));
#6053 = CARTESIAN_POINT('',(2.723883569974,90.920078935516));
#6054 = CARTESIAN_POINT('',(2.726841145896,90.597774641933));
#6055 = CARTESIAN_POINT('',(2.729838141531,90.277276115977));
#6056 = CARTESIAN_POINT('',(2.732874630265,89.958636883542));
#6057 = CARTESIAN_POINT('',(2.7359503231,89.641914989908));
#6058 = CARTESIAN_POINT('',(2.739064888611,89.327153919266));
#6059 = CARTESIAN_POINT('',(2.742218630816,89.014393083136));
#6060 = CARTESIAN_POINT('',(2.770952587827,86.218003392462));
#6061 = CARTESIAN_POINT('',(2.798986886319,83.863517835844));
#6062 = CARTESIAN_POINT('',(2.829476839493,81.663817116607));
#6063 = CARTESIAN_POINT('',(2.862386907242,79.643362817271));
#6064 = CARTESIAN_POINT('',(2.897504844065,77.838520057327));
#6065 = CARTESIAN_POINT('',(2.934923877208,76.264442827381));
#6066 = CARTESIAN_POINT('',(2.974112909656,74.97200291366));
#6067 = CARTESIAN_POINT('',(3.014943656671,73.97641692696));
#6068 = CARTESIAN_POINT('',(3.056803682576,73.307178687254));
#6069 = CARTESIAN_POINT('',(3.099209002035,72.972323727594));
#6070 = CARTESIAN_POINT('',(3.184017514112,72.972618986003));
#6071 = CARTESIAN_POINT('',(3.226418735196,73.307700686036));
#6072 = CARTESIAN_POINT('',(3.268293585312,73.977649684421));
#6073 = CARTESIAN_POINT('',(3.309090877953,74.972130992801));
#6074 = CARTESIAN_POINT('',(3.34833173832,76.268043077217));
#6075 = CARTESIAN_POINT('',(3.385672828232,77.837219357624));
#6076 = CARTESIAN_POINT('',(3.420862572765,79.647224123004));
#6077 = CARTESIAN_POINT('',(3.453735352155,81.665569180032));
#6078 = CARTESIAN_POINT('',(3.4842238935,83.865434001311));
#6079 = CARTESIAN_POINT('',(3.512258697669,86.220207824292));
#6080 = CARTESIAN_POINT('',(3.544183260533,89.327499939411));
#6081 = CARTESIAN_POINT('',(3.550412289076,89.957153497739));
#6082 = CARTESIAN_POINT('',(3.556484295028,90.594595723868));
#6083 = CARTESIAN_POINT('',(3.562400300239,91.239586458789));
#6084 = CARTESIAN_POINT('',(3.568157656509,91.891567865123));
#6085 = CARTESIAN_POINT('',(3.573757051602,92.550339850351));
#6086 = CARTESIAN_POINT('',(3.579198514104,93.215591859343));
#6087 = CARTESIAN_POINT('',(3.584480382594,93.886843157969));
#6088 = CARTESIAN_POINT('',(3.589603378836,94.563910095073));
#6089 = CARTESIAN_POINT('',(3.594566643058,95.246398988411));
#6090 = CARTESIAN_POINT('',(3.604173377081,96.621639967389));
#6091 = CARTESIAN_POINT('',(3.608816828492,97.314388786684));
#6092 = CARTESIAN_POINT('',(3.613300054845,98.011954281806));
#6093 = CARTESIAN_POINT('',(3.617622771778,98.714030921853));
#6094 = CARTESIAN_POINT('',(3.621784723923,99.420319731251));
#6095 = CARTESIAN_POINT('',(3.625785689131,100.13052872971));
#6096 = CARTESIAN_POINT('',(3.629625482231,100.84437336133));
#6097 = CARTESIAN_POINT('',(3.633303959329,101.56157693609));
#6098 = CARTESIAN_POINT('',(3.636821021593,102.28187105973));
#6099 = CARTESIAN_POINT('',(3.640176619444,103.00499607264));
#6100 = CARTESIAN_POINT('',(3.649759030549,105.18211230361));
#6101 = CARTESIAN_POINT('',(3.655501453403,106.64384774961));
#6102 = CARTESIAN_POINT('',(3.660598057499,108.11390423793));
#6103 = CARTESIAN_POINT('',(3.665049632225,109.59045411002));
#6104 = CARTESIAN_POINT('',(3.668857838806,111.07185433817));
#6105 = CARTESIAN_POINT('',(3.672025116912,112.55669510543));
#6106 = CARTESIAN_POINT('',(3.674554408042,114.04385318178));
#6107 = CARTESIAN_POINT('',(3.67644872281,115.53251508168));
#6108 = CARTESIAN_POINT('',(3.677710576941,117.02213491624));
#6109 = CARTESIAN_POINT('',(3.67834132299,118.5122919226));
#6110 = CARTESIAN_POINT('',(3.678339483047,121.49253327111));
#6111 = CARTESIAN_POINT('',(3.677706823286,122.98267702492));
#6112 = CARTESIAN_POINT('',(3.676443149539,124.47225691955));
#6113 = CARTESIAN_POINT('',(3.674547096417,125.96086836925));
#6114 = CARTESIAN_POINT('',(3.67201605815,127.44798689494));
#6115 = CARTESIAN_POINT('',(3.668846960555,128.9328094369));
#6116 = CARTESIAN_POINT('',(3.665036871154,130.41420740191));
#6117 = CARTESIAN_POINT('',(3.660583408756,131.89075562891));
#6118 = CARTESIAN_POINT('',(3.655484954156,133.36079733711));
#6119 = CARTESIAN_POINT('',(3.649740708208,134.82250113151));
#6120 = CARTESIAN_POINT('',(3.640155672318,136.99954249284));
#6121 = CARTESIAN_POINT('',(3.636799216547,137.72263792706));
#6122 = CARTESIAN_POINT('',(3.633281315543,138.44289770378));
#6123 = CARTESIAN_POINT('',(3.629602020971,139.16006231543));
#6124 = CARTESIAN_POINT('',(3.625761433591,139.87386371612));
#6125 = CARTESIAN_POINT('',(3.621759699492,140.58402566318));
#6126 = CARTESIAN_POINT('',(3.617597006018,141.29026404407));
#6127 = CARTESIAN_POINT('',(3.613273578033,141.9922872201));
#6128 = CARTESIAN_POINT('',(3.60878967388,142.68979635454));
#6129 = CARTESIAN_POINT('',(3.604145581564,143.38248575238));
#6130 = CARTESIAN_POINT('',(3.596939631425,144.41382191369));
#6131 = CARTESIAN_POINT('',(3.594497679288,144.75631767022));
#6132 = CARTESIAN_POINT('',(3.59201579772,145.09749126022));
#6133 = CARTESIAN_POINT('',(3.58949402748,145.43730310212));
#6134 = CARTESIAN_POINT('',(3.5869324109,145.77571324083));
#6135 = CARTESIAN_POINT('',(3.584330991652,146.11268133851));
#6136 = CARTESIAN_POINT('',(3.581689815055,146.44816668686));
#6137 = CARTESIAN_POINT('',(3.579008927747,146.78212819392));
#6138 = CARTESIAN_POINT('',(3.576288377969,147.11452439563));
#6139 = CARTESIAN_POINT('',(3.573528215369,147.44531344762));
#6140 = CARTESIAN_POINT('',(3.567928766844,148.10359281205));
#6141 = CARTESIAN_POINT('',(3.565089475702,148.43108250431));
#6142 = CARTESIAN_POINT('',(3.562210722087,148.75688346654));
#6143 = CARTESIAN_POINT('',(3.559292358962,149.08094970549));
#6144 = CARTESIAN_POINT('',(3.556334774689,149.4032342897));
#6145 = CARTESIAN_POINT('',(3.55333791147,149.72370464699));
#6146 = CARTESIAN_POINT('',(3.550301474736,150.0423246735));
#6147 = CARTESIAN_POINT('',(3.547225719226,150.35903537521));
#6148 = CARTESIAN_POINT('',(3.544111201432,150.67377443831));
#6149 = CARTESIAN_POINT('',(3.540957470513,150.98651858995));
#6150 = CARTESIAN_POINT('',(3.524994266818,152.53997994572));
#6151 = CARTESIAN_POINT('',(3.51160062005,153.74994340091));
#6152 = CARTESIAN_POINT('',(3.49758816157,154.92418107469));
#6153 = CARTESIAN_POINT('',(3.482962411655,156.05962572218));
#6154 = CARTESIAN_POINT('',(3.467732064748,157.15296017671));
#6155 = CARTESIAN_POINT('',(3.451908332401,158.2006975419));
#6156 = CARTESIAN_POINT('',(3.435504403316,159.19927521591));
#6157 = CARTESIAN_POINT('',(3.418536289622,160.14508260612));
#6158 = CARTESIAN_POINT('',(3.40102489478,161.03443133148));
#6159 = CARTESIAN_POINT('',(3.382997707622,161.86356576415));
#6160 = CARTESIAN_POINT('',(3.35523178661,163.01156818622));
#6161 = CARTESIAN_POINT('',(3.345855647041,163.37828488074));
#6162 = CARTESIAN_POINT('',(3.336362744621,163.72859949164));
#6163 = CARTESIAN_POINT('',(3.326757532542,164.06206751852));
#6164 = CARTESIAN_POINT('',(3.3170448419,164.3782546034));
#6165 = CARTESIAN_POINT('',(3.307229876393,164.67673988568));
#6166 = CARTESIAN_POINT('',(3.297318206623,164.95711933328));
#6167 = CARTESIAN_POINT('',(3.287315764864,165.21900910202));
#6168 = CARTESIAN_POINT('',(3.277228839382,165.46204886751));
#6169 = CARTESIAN_POINT('',(3.26706406911,165.68590517911));
#6170 = CARTESIAN_POINT('',(3.24659280707,166.09464441953));
#6171 = CARTESIAN_POINT('',(3.236286279687,166.27952628882));
#6172 = CARTESIAN_POINT('',(3.225916013774,166.44462231027));
#6173 = CARTESIAN_POINT('',(3.215488649833,166.58963924403));
#6174 = CARTESIAN_POINT('',(3.205012976412,166.71437112867));
#6175 = CARTESIAN_POINT('',(3.194495550967,166.81857406348));
#6176 = CARTESIAN_POINT('',(3.183944772242,166.90209102793));
#6177 = CARTESIAN_POINT('',(3.173369943098,166.96482918055));
#6178 = CARTESIAN_POINT('',(3.162777285611,167.00664654838));
#6179 = CARTESIAN_POINT('',(3.152176989933,167.02755970614));
#6180 = CARTESIAN_POINT('',(3.120375520659,167.0274661492));
#6181 = CARTESIAN_POINT('',(3.099173183405,166.94361385108));
#6182 = CARTESIAN_POINT('',(3.078048229689,166.77639633854));
#6183 = CARTESIAN_POINT('',(3.057037128841,166.52549298032));
#6184 = CARTESIAN_POINT('',(3.036237649857,166.19330936487));
#6185 = CARTESIAN_POINT('',(3.015702455473,165.78154661663));
#6186 = CARTESIAN_POINT('',(2.995476404111,165.29236785075));
#6187 = CARTESIAN_POINT('',(2.975621625267,164.7291188573));
#6188 = CARTESIAN_POINT('',(2.956176305984,164.09487791389));
#6189 = CARTESIAN_POINT('',(2.937182606427,163.39325793692));
#6190 = CARTESIAN_POINT('',(2.900162020496,161.86240786499));
#6191 = CARTESIAN_POINT('',(2.882135219072,161.0331805078));
#6192 = CARTESIAN_POINT('',(2.864624720834,160.14375850787));
#6193 = CARTESIAN_POINT('',(2.847656819676,159.19783586368));
#6194 = CARTESIAN_POINT('',(2.831252118848,158.19911637316));
#6195 = CARTESIAN_POINT('',(2.815428956793,157.15132475885));
#6196 = CARTESIAN_POINT('',(2.800201721633,156.05805999543));
#6197 = CARTESIAN_POINT('',(2.785578624985,154.9226609861));
#6198 = CARTESIAN_POINT('',(2.771565294433,153.74830503115));
#6199 = CARTESIAN_POINT('',(2.758171846328,152.53824480876));
#6200 = CARTESIAN_POINT('',(2.742209427372,150.98470078415));
#6201 = CARTESIAN_POINT('',(2.739055900196,150.67194280714));
#6202 = CARTESIAN_POINT('',(2.73594150502,150.35718631924));
#6203 = CARTESIAN_POINT('',(2.732866121221,150.04047063063));
#6204 = CARTESIAN_POINT('',(2.729829862335,149.72184077861));
#6205 = CARTESIAN_POINT('',(2.7268329434,149.40134625421));
#6206 = CARTESIAN_POINT('',(2.723875456665,149.07903477109));
#6207 = CARTESIAN_POINT('',(2.720957348758,148.75494900478));
#6208 = CARTESIAN_POINT('',(2.718078616285,148.42912888434));
#6209 = CARTESIAN_POINT('',(2.715239458593,148.10161654285));
#6210 = CARTESIAN_POINT('',(2.709640241634,147.44329480825));
#6211 = CARTESIAN_POINT('',(2.706880197477,147.11248486448));
#6212 = CARTESIAN_POINT('',(2.704159770001,146.78006815834));
#6213 = CARTESIAN_POINT('',(2.701479009904,146.44608661526));
#6214 = CARTESIAN_POINT('',(2.698837966261,146.11058177436));
#6215 = CARTESIAN_POINT('',(2.696236686457,145.77359478446));
#6216 = CARTESIAN_POINT('',(2.693675216281,145.4351664094));
#6217 = CARTESIAN_POINT('',(2.691153599822,145.0953370223));
#6218 = CARTESIAN_POINT('',(2.688671879559,144.75414661065));
#6219 = CARTESIAN_POINT('',(2.6862300963,144.4116347726));
#6220 = CARTESIAN_POINT('',(2.679024675043,143.38025261224));
#6221 = CARTESIAN_POINT('',(2.674380965481,142.68753562913));
#6222 = CARTESIAN_POINT('',(2.669897474045,141.9900023327));
#6223 = CARTESIAN_POINT('',(2.665574487272,141.28795884371));
#6224 = CARTESIAN_POINT('',(2.661412261055,140.58170443166));
#6225 = CARTESIAN_POINT('',(2.657411016862,139.871531096));
#6226 = CARTESIAN_POINT('',(2.653570938122,139.15772316103));
#6227 = CARTESIAN_POINT('',(2.649892166425,138.44055685518));
#6228 = CARTESIAN_POINT('',(2.646374797891,137.72029990475));
#6229 = CARTESIAN_POINT('',(2.643018879413,136.99721111677));
#6230 = CARTESIAN_POINT('',(2.633435456094,134.82019767183));
#6231 = CARTESIAN_POINT('',(2.627692290966,133.35852321528));
#6232 = CARTESIAN_POINT('',(2.622594865835,131.88851339674));
#6233 = CARTESIAN_POINT('',(2.618142377798,130.41198903996));
#6234 = CARTESIAN_POINT('',(2.614333180537,128.93058978986));
#6235 = CARTESIAN_POINT('',(2.611164877369,127.44572914902));
#6236 = CARTESIAN_POINT('',(2.60863457794,125.95854267244));
#6237 = CARTESIAN_POINT('',(2.606739305934,124.46986228818));
#6238 = CARTESIAN_POINT('',(2.605476543994,122.98024965492));
#6239 = CARTESIAN_POINT('',(2.604844903142,121.49012151984));
#6240 = CARTESIAN_POINT('',(2.604844903143,119.99999999999));
#6241 = ( GEOMETRIC_REPRESENTATION_CONTEXT(2) 
PARAMETRIC_REPRESENTATION_CONTEXT() REPRESENTATION_CONTEXT('2D SPACE',''
  ) );
#6242 = ORIENTED_EDGE('',*,*,#5882,.F.);
#6243 = ORIENTED_EDGE('',*,*,#4604,.F.);
#6244 = ADVANCED_FACE('',(#6245),#5254,.F.);
#6245 = FACE_BOUND('',#6246,.F.);
#6246 = EDGE_LOOP('',(#6247,#6269,#6270,#6271));
#6247 = ORIENTED_EDGE('',*,*,#6248,.F.);
#6248 = EDGE_CURVE('',#5170,#6249,#6251,.T.);
#6249 = VERTEX_POINT('',#6250);
#6250 = CARTESIAN_POINT('',(48.029411764706,2.305614201203E-14,59.));
#6251 = SEAM_CURVE('',#6252,(#6255,#6262),.PCURVE_S1.);
#6252 = B_SPLINE_CURVE_WITH_KNOTS('',1,(#6253,#6254),.UNSPECIFIED.,.F.,
  .F.,(2,2),(0.,1.),.PIECEWISE_BEZIER_KNOTS.);
#6253 = CARTESIAN_POINT('',(42.,4.727759759839E-14,18.));
#6254 = CARTESIAN_POINT('',(52.,7.105427357601E-15,86.));
#6255 = PCURVE('',#5254,#6256);
#6256 = DEFINITIONAL_REPRESENTATION('',(#6257),#6261);
#6257 = LINE('',#6258,#6259);
#6258 = CARTESIAN_POINT('',(0.,0.));
#6259 = VECTOR('',#6260,1.);
#6260 = DIRECTION('',(0.,1.));
#6261 = ( GEOMETRIC_REPRESENTATION_CONTEXT(2) 
PARAMETRIC_REPRESENTATION_CONTEXT() REPRESENTATION_CONTEXT('2D SPACE',''
  ) );
#6262 = PCURVE('',#5254,#6263);
#6263 = DEFINITIONAL_REPRESENTATION('',(#6264),#6268);
#6264 = LINE('',#6265,#6266);
#6265 = CARTESIAN_POINT('',(6.28318530718,0.));
#6266 = VECTOR('',#6267,1.);
#6267 = DIRECTION('',(0.,1.));
#6268 = ( GEOMETRIC_REPRESENTATION_CONTEXT(2) 
PARAMETRIC_REPRESENTATION_CONTEXT() REPRESENTATION_CONTEXT('2D SPACE',''
  ) );
#6269 = ORIENTED_EDGE('',*,*,#5239,.T.);
#6270 = ORIENTED_EDGE('',*,*,#6248,.T.);
#6271 = ORIENTED_EDGE('',*,*,#6272,.T.);
#6272 = EDGE_CURVE('',#6249,#6249,#6273,.T.);
#6273 = SURFACE_CURVE('',#6274,(#6433,#6595),.PCURVE_S1.);
#6274 = B_SPLINE_CURVE_WITH_KNOTS('',7,(#6275,#6276,#6277,#6278,#6279,
    #6280,#6281,#6282,#6283,#6284,#6285,#6286,#6287,#6288,#6289,#6290,
    #6291,#6292,#6293,#6294,#6295,#6296,#6297,#6298,#6299,#6300,#6301,
    #6302,#6303,#6304,#6305,#6306,#6307,#6308,#6309,#6310,#6311,#6312,
    #6313,#6314,#6315,#6316,#6317,#6318,#6319,#6320,#6321,#6322,#6323,
    #6324,#6325,#6326,#6327,#6328,#6329,#6330,#6331,#6332,#6333,#6334,
    #6335,#6336,#6337,#6338,#6339,#6340,#6341,#6342,#6343,#6344,#6345,
    #6346,#6347,#6348,#6349,#6350,#6351,#6352,#6353,#6354,#6355,#6356,
    #6357,#6358,#6359,#6360,#6361,#6362,#6363,#6364,#6365,#6366,#6367,
    #6368,#6369,#6370,#6371,#6372,#6373,#6374,#6375,#6376,#6377,#6378,
    #6379,#6380,#6381,#6382,#6383,#6384,#6385,#6386,#6387,#6388,#6389,
    #6390,#6391,#6392,#6393,#6394,#6395,#6396,#6397,#6398,#6399,#6400,
    #6401,#6402,#6403,#6404,#6405,#6406,#6407,#6408,#6409,#6410,#6411,
    #6412,#6413,#6414,#6415,#6416,#6417,#6418,#6419,#6420,#6421,#6422,
    #6423,#6424,#6425,#6426,#6427,#6428,#6429,#6430,#6431,#6432),
  .UNSPECIFIED.,.T.,.F.,(8,6,6,6,6,6,6,6,6,6,6,6,6,6,6,6,6,6,6,6,6,6,6,6
    ,6,6,8),(0.,5.953977202257E-02,9.564660265181E-02,0.138795600995,
    0.170285834173,0.192881699609,0.249995292913,0.307108886208,
    0.32970475164,0.361194984809,0.404343983128,0.440450813839,
    0.459710549438,0.49999905363,0.527652577568,0.559548649195,
    0.595655523925,0.638804574849,0.670294846408,0.692890739388,
    0.750004402312,0.807118065245,0.829713958228,0.861204229796,
    0.904353280743,0.940460155391,1.),.UNSPECIFIED.);
#6275 = CARTESIAN_POINT('',(48.029411764706,-1.42108547152E-14,59.));
#6276 = CARTESIAN_POINT('',(48.029412011605,-2.322304421392,59.));
#6277 = CARTESIAN_POINT('',(47.826926662188,-4.646041592153,59.));
#6278 = CARTESIAN_POINT('',(47.421515460423,-6.947278029732,59.));
#6279 = CARTESIAN_POINT('',(46.819842632944,-9.205746048354,59.));
#6280 = CARTESIAN_POINT('',(46.032590126942,-11.40415860271,59.));
#6281 = CARTESIAN_POINT('',(45.073479056866,-13.52797638308,59.));
#6282 = CARTESIAN_POINT('',(43.282333367767,-16.80067572587,59.));
#6283 = CARTESIAN_POINT('',(42.548649213001,-18.00465374367,59.));
#6284 = CARTESIAN_POINT('',(41.760766309943,-19.17479121207,59.));
#6285 = CARTESIAN_POINT('',(40.922106950493,-20.30923105208,59.));
#6286 = CARTESIAN_POINT('',(40.036074843477,-21.40654058358,59.));
#6287 = CARTESIAN_POINT('',(39.105963720764,-22.46564478457,59.));
#6288 = CARTESIAN_POINT('',(36.974425726064,-24.70487405324,59.));
#6289 = CARTESIAN_POINT('',(35.755511847213,-25.86826034728,59.));
#6290 = CARTESIAN_POINT('',(34.483433143747,-26.97469206263,59.));
#6291 = CARTESIAN_POINT('',(33.16320646057,-28.0233969133,59.));
#6292 = CARTESIAN_POINT('',(31.799512803822,-29.01398751658,59.));
#6293 = CARTESIAN_POINT('',(30.396627645143,-29.94637396146,59.));
#6294 = CARTESIAN_POINT('',(27.90869467686,-31.45874386516,59.));
#6295 = CARTESIAN_POINT('',(26.840227478538,-32.06585233553,59.));
#6296 = CARTESIAN_POINT('',(25.754450247657,-32.64203976358,59.));
#6297 = CARTESIAN_POINT('',(24.652784590468,-33.18737722476,59.));
#6298 = CARTESIAN_POINT('',(23.536569742054,-33.70196203537,59.));
#6299 = CARTESIAN_POINT('',(22.407059205591,-34.18591089343,59.));
#6300 = CARTESIAN_POINT('',(20.446230151224,-34.96472136404,59.));
#6301 = CARTESIAN_POINT('',(19.620803318961,-35.27437917472,59.));
#6302 = CARTESIAN_POINT('',(18.789571030096,-35.56837352039,59.));
#6303 = CARTESIAN_POINT('',(17.952952070555,-35.84675085189,59.));
#6304 = CARTESIAN_POINT('',(17.111349876917,-36.10955700205,59.));
#6305 = CARTESIAN_POINT('',(16.265152536416,-36.35683718568,59.));
#6306 = CARTESIAN_POINT('',(13.265201850223,-37.1745329214,59.));
#6307 = CARTESIAN_POINT('',(11.088831875031,-37.66148186791,59.));
#6308 = CARTESIAN_POINT('',(8.891460151687,-38.05026039596,59.));
#6309 = CARTESIAN_POINT('',(6.678670412048,-38.34142044377,59.));
#6310 = CARTESIAN_POINT('',(4.455805272745,-38.53536876561,59.));
#6311 = CARTESIAN_POINT('',(2.227966057544,-38.63235293467,59.));
#6312 = CARTESIAN_POINT('',(-2.227966059485,-38.63235293514,59.));
#6313 = CARTESIAN_POINT('',(-4.455805274363,-38.53536876657,59.));
#6314 = CARTESIAN_POINT('',(-6.678670413342,-38.34142044505,59.));
#6315 = CARTESIAN_POINT('',(-8.891460152612,-38.05026039713,59.));
#6316 = CARTESIAN_POINT('',(-11.0888318755,-37.66148186849,59.));
#6317 = CARTESIAN_POINT('',(-13.26520185014,-37.17453292103,59.));
#6318 = CARTESIAN_POINT('',(-16.26515253542,-36.35683718396,59.));
#6319 = CARTESIAN_POINT('',(-17.11134987565,-36.10955699992,59.));
#6320 = CARTESIAN_POINT('',(-17.95295206902,-35.84675084938,59.));
#6321 = CARTESIAN_POINT('',(-18.78957102829,-35.56837351753,59.));
#6322 = CARTESIAN_POINT('',(-19.6208033169,-35.27437917155,59.));
#6323 = CARTESIAN_POINT('',(-20.44623014892,-34.96472136064,59.));
#6324 = CARTESIAN_POINT('',(-22.40705920267,-34.18591088976,59.));
#6325 = CARTESIAN_POINT('',(-23.53656973879,-33.70196203174,59.));
#6326 = CARTESIAN_POINT('',(-24.65278458696,-33.18737722141,59.));
#6327 = CARTESIAN_POINT('',(-25.75445024405,-32.6420397608,59.));
#6328 = CARTESIAN_POINT('',(-26.840227475,-32.06585233362,59.));
#6329 = CARTESIAN_POINT('',(-27.9086946736,-31.45874386441,59.));
#6330 = CARTESIAN_POINT('',(-30.3966276426,-29.94637396429,59.));
#6331 = CARTESIAN_POINT('',(-31.79951280188,-29.01398752208,59.));
#6332 = CARTESIAN_POINT('',(-33.16320645967,-28.02339692185,59.));
#6333 = CARTESIAN_POINT('',(-34.48343314419,-26.97469207433,59.));
#6334 = CARTESIAN_POINT('',(-35.75551184901,-25.8682603619,59.));
#6335 = CARTESIAN_POINT('',(-36.97442572887,-24.7048740702,59.));
#6336 = CARTESIAN_POINT('',(-39.10596372682,-22.46564480146,59.));
#6337 = CARTESIAN_POINT('',(-40.03607485181,-21.40654059807,59.));
#6338 = CARTESIAN_POINT('',(-40.92210696009,-20.30923106333,59.));
#6339 = CARTESIAN_POINT('',(-41.76076631958,-19.17479121924,59.));
#6340 = CARTESIAN_POINT('',(-42.54864922144,-18.00465374604,59.));
#6341 = CARTESIAN_POINT('',(-43.282333374,-16.80067572304,59.));
#6342 = CARTESIAN_POINT('',(-44.31916653377,-14.90622140104,59.));
#6343 = CARTESIAN_POINT('',(-44.66347231914,-14.23826210655,59.));
#6344 = CARTESIAN_POINT('',(-44.99090762159,-13.56170679545,59.));
#6345 = CARTESIAN_POINT('',(-45.30097806592,-12.87695307836,59.));
#6346 = CARTESIAN_POINT('',(-45.59320581866,-12.18443783126,59.));
#6347 = CARTESIAN_POINT('',(-45.86713562478,-11.4846399088,59.));
#6348 = CARTESIAN_POINT('',(-46.6561921363,-9.300070622636,59.));
#6349 = CARTESIAN_POINT('',(-47.10818443694,-7.79227348012,59.));
#6350 = CARTESIAN_POINT('',(-47.4742668756,-6.259760878723,59.));
#6351 = CARTESIAN_POINT('',(-47.75121761512,-4.708052745424,59.));
#6352 = CARTESIAN_POINT('',(-47.93669603092,-3.143126946685,59.));
#6353 = CARTESIAN_POINT('',(-48.02941192319,-1.571445566294,59.));
#6354 = CARTESIAN_POINT('',(-48.02941214865,1.078620512637,59.));
#6355 = CARTESIAN_POINT('',(-47.98573020032,2.15727932747,59.));
#6356 = CARTESIAN_POINT('',(-47.89836480443,3.23378646545,59.));
#6357 = CARTESIAN_POINT('',(-47.76758786357,4.306032387328,59.));
#6358 = CARTESIAN_POINT('',(-47.59392517251,5.371985959125,59.));
#6359 = CARTESIAN_POINT('',(-47.37813729471,6.429692417605,59.));
#6360 = CARTESIAN_POINT('',(-46.82484537457,8.685567561752,59.));
#6361 = CARTESIAN_POINT('',(-46.47372734886,9.88047748149,59.));
#6362 = CARTESIAN_POINT('',(-46.06933343257,11.059130207585,59.));
#6363 = CARTESIAN_POINT('',(-45.6134856242,12.219004113437,59.));
#6364 = CARTESIAN_POINT('',(-45.10823842219,13.3578877579,59.));
#6365 = CARTESIAN_POINT('',(-44.55580259452,14.473850616646,59.));
#6366 = CARTESIAN_POINT('',(-43.282333374,16.800675723029,59.));
#6367 = CARTESIAN_POINT('',(-42.54864922145,18.004653746045,59.));
#6368 = CARTESIAN_POINT('',(-41.76076631959,19.174791219234,59.));
#6369 = CARTESIAN_POINT('',(-40.92210696009,20.309231063322,59.));
#6370 = CARTESIAN_POINT('',(-40.03607485181,21.406540598069,59.));
#6371 = CARTESIAN_POINT('',(-39.10596372683,22.465644801458,59.));
#6372 = CARTESIAN_POINT('',(-36.97442572888,24.7048740702,59.));
#6373 = CARTESIAN_POINT('',(-35.75551184902,25.868260361901,59.));
#6374 = CARTESIAN_POINT('',(-34.4834331442,26.97469207433,59.));
#6375 = CARTESIAN_POINT('',(-33.16320645968,28.023396921845,59.));
#6376 = CARTESIAN_POINT('',(-31.79951280189,29.013987522078,59.));
#6377 = CARTESIAN_POINT('',(-30.39662764261,29.946373964292,59.));
#6378 = CARTESIAN_POINT('',(-27.90869467361,31.458743864407,59.));
#6379 = CARTESIAN_POINT('',(-26.84022747501,32.065852333615,59.));
#6380 = CARTESIAN_POINT('',(-25.75445024406,32.642039760801,59.));
#6381 = CARTESIAN_POINT('',(-24.65278458697,33.187377221413,59.));
#6382 = CARTESIAN_POINT('',(-23.5365697388,33.701962031741,59.));
#6383 = CARTESIAN_POINT('',(-22.40705920268,34.185910889757,59.));
#6384 = CARTESIAN_POINT('',(-20.44623014893,34.964721360642,59.));
#6385 = CARTESIAN_POINT('',(-19.62080331691,35.274379171555,59.));
#6386 = CARTESIAN_POINT('',(-18.7895710283,35.568373517527,59.));
#6387 = CARTESIAN_POINT('',(-17.95295206903,35.846750849381,59.));
#6388 = CARTESIAN_POINT('',(-17.11134987566,36.109556999925,59.));
#6389 = CARTESIAN_POINT('',(-16.26515253543,36.356837183957,59.));
#6390 = CARTESIAN_POINT('',(-13.26520185015,37.17453292103,59.));
#6391 = CARTESIAN_POINT('',(-11.08883187551,37.661481868496,59.));
#6392 = CARTESIAN_POINT('',(-8.891460152625,38.050260397125,59.));
#6393 = CARTESIAN_POINT('',(-6.678670413355,38.341420445045,59.));
#6394 = CARTESIAN_POINT('',(-4.455805274371,38.535368766581,59.));
#6395 = CARTESIAN_POINT('',(-2.227966059497,38.632352935139,59.));
#6396 = CARTESIAN_POINT('',(2.227966057535,38.632352934674,59.));
#6397 = CARTESIAN_POINT('',(4.455805272731,38.535368765617,59.));
#6398 = CARTESIAN_POINT('',(6.678670412041,38.341420443777,59.));
#6399 = CARTESIAN_POINT('',(8.891460151679,38.050260395963,59.));
#6400 = CARTESIAN_POINT('',(11.088831875017,37.661481867923,59.));
#6401 = CARTESIAN_POINT('',(13.265201850216,37.174532921401,59.));
#6402 = CARTESIAN_POINT('',(16.265152536407,36.35683718569,59.));
#6403 = CARTESIAN_POINT('',(17.111349876908,36.109557002055,59.));
#6404 = CARTESIAN_POINT('',(17.952952070546,35.846750851897,59.));
#6405 = CARTESIAN_POINT('',(18.789571030087,35.568373520398,59.));
#6406 = CARTESIAN_POINT('',(19.620803318952,35.27437917473,59.));
#6407 = CARTESIAN_POINT('',(20.446230151216,34.964721364048,59.));
#6408 = CARTESIAN_POINT('',(22.407059205583,34.185910893443,59.));
#6409 = CARTESIAN_POINT('',(23.536569742047,33.701962035382,59.));
#6410 = CARTESIAN_POINT('',(24.652784590461,33.18737722477,59.));
#6411 = CARTESIAN_POINT('',(25.754450247649,32.642039763592,59.));
#6412 = CARTESIAN_POINT('',(26.84022747853,32.065852335537,59.));
#6413 = CARTESIAN_POINT('',(27.908694676854,31.458743865166,59.));
#6414 = CARTESIAN_POINT('',(30.396627645135,29.946373961473,59.));
#6415 = CARTESIAN_POINT('',(31.799512803817,29.013987516592,59.));
#6416 = CARTESIAN_POINT('',(33.163206460565,28.023396913309,59.));
#6417 = CARTESIAN_POINT('',(34.483433143741,26.974692062637,59.));
#6418 = CARTESIAN_POINT('',(35.755511847207,25.868260347292,59.));
#6419 = CARTESIAN_POINT('',(36.974425726059,24.704874053249,59.));
#6420 = CARTESIAN_POINT('',(39.105963720762,22.465644784576,59.));
#6421 = CARTESIAN_POINT('',(40.036074843466,21.406540583586,59.));
#6422 = CARTESIAN_POINT('',(40.922106950495,20.309231052091,59.));
#6423 = CARTESIAN_POINT('',(41.760766309944,19.174791212082,59.));
#6424 = CARTESIAN_POINT('',(42.548649212988,18.004653743674,59.));
#6425 = CARTESIAN_POINT('',(43.282333367769,16.800675725876,59.));
#6426 = CARTESIAN_POINT('',(45.073479056856,13.527976383103,59.));
#6427 = CARTESIAN_POINT('',(46.032590126969,11.404158602681,59.));
#6428 = CARTESIAN_POINT('',(46.819842632898,9.205746048416,59.));
#6429 = CARTESIAN_POINT('',(47.421515460463,6.947278029686,59.));
#6430 = CARTESIAN_POINT('',(47.826926662168,4.646041592177,59.));
#6431 = CARTESIAN_POINT('',(48.029412011609,2.322304421388,59.));
#6432 = CARTESIAN_POINT('',(48.029411764706,1.42108547152E-14,59.));
#6433 = PCURVE('',#5254,#6434);
#6434 = DEFINITIONAL_REPRESENTATION('',(#6435),#6594);
#6435 = B_SPLINE_CURVE_WITH_KNOTS('',7,(#6436,#6437,#6438,#6439,#6440,
    #6441,#6442,#6443,#6444,#6445,#6446,#6447,#6448,#6449,#6450,#6451,
    #6452,#6453,#6454,#6455,#6456,#6457,#6458,#6459,#6460,#6461,#6462,
    #6463,#6464,#6465,#6466,#6467,#6468,#6469,#6470,#6471,#6472,#6473,
    #6474,#6475,#6476,#6477,#6478,#6479,#6480,#6481,#6482,#6483,#6484,
    #6485,#6486,#6487,#6488,#6489,#6490,#6491,#6492,#6493,#6494,#6495,
    #6496,#6497,#6498,#6499,#6500,#6501,#6502,#6503,#6504,#6505,#6506,
    #6507,#6508,#6509,#6510,#6511,#6512,#6513,#6514,#6515,#6516,#6517,
    #6518,#6519,#6520,#6521,#6522,#6523,#6524,#6525,#6526,#6527,#6528,
    #6529,#6530,#6531,#6532,#6533,#6534,#6535,#6536,#6537,#6538,#6539,
    #6540,#6541,#6542,#6543,#6544,#6545,#6546,#6547,#6548,#6549,#6550,
    #6551,#6552,#6553,#6554,#6555,#6556,#6557,#6558,#6559,#6560,#6561,
    #6562,#6563,#6564,#6565,#6566,#6567,#6568,#6569,#6570,#6571,#6572,
    #6573,#6574,#6575,#6576,#6577,#6578,#6579,#6580,#6581,#6582,#6583,
    #6584,#6585,#6586,#6587,#6588,#6589,#6590,#6591,#6592,#6593),
  .UNSPECIFIED.,.F.,.F.,(8,6,6,6,6,6,6,6,6,6,6,6,6,6,6,6,6,6,6,6,6,6,6,6
    ,6,6,8),(0.,5.953977202257E-02,9.564660265181E-02,0.138795600995,
    0.170285834173,0.192881699609,0.249995292913,0.307108886208,
    0.32970475164,0.361194984809,0.404343983128,0.440450813839,
    0.459710549438,0.49999905363,0.527652577568,0.559548649195,
    0.595655523925,0.638804574849,0.670294846408,0.692890739388,
    0.750004402312,0.807118065245,0.829713958228,0.861204229796,
    0.904353280743,0.940460155391,1.),.UNSPECIFIED.);
#6436 = CARTESIAN_POINT('',(6.28318530718,0.602941176471));
#6437 = CARTESIAN_POINT('',(6.223072360076,0.602941176471));
#6438 = CARTESIAN_POINT('',(6.162922360457,0.602941176471));
#6439 = CARTESIAN_POINT('',(6.102999861342,0.602941176471));
#6440 = CARTESIAN_POINT('',(6.043473249446,0.602941176471));
#6441 = CARTESIAN_POINT('',(5.984474178508,0.602941176471));
#6442 = CARTESIAN_POINT('',(5.926112921096,0.602941176471));
#6443 = CARTESIAN_POINT('',(5.833553765061,0.602941176471));
#6444 = CARTESIAN_POINT('',(5.798875572593,0.602941176471));
#6445 = CARTESIAN_POINT('',(5.764474745233,0.602941176471));
#6446 = CARTESIAN_POINT('',(5.730359077826,0.602941176471));
#6447 = CARTESIAN_POINT('',(5.696531643905,0.602941176471));
#6448 = CARTESIAN_POINT('',(5.662991595791,0.602941176471));
#6449 = CARTESIAN_POINT('',(5.589990020031,0.602941176471));
#6450 = CARTESIAN_POINT('',(5.550651272357,0.602941176471));
#6451 = CARTESIAN_POINT('',(5.511707461017,0.602941176471));
#6452 = CARTESIAN_POINT('',(5.473145065238,0.602941176471));
#6453 = CARTESIAN_POINT('',(5.434947076913,0.602941176471));
#6454 = CARTESIAN_POINT('',(5.397092702852,0.602941176471));
#6455 = CARTESIAN_POINT('',(5.332163478064,0.602941176471));
#6456 = CARTESIAN_POINT('',(5.304940609182,0.602941176471));
#6457 = CARTESIAN_POINT('',(5.277879213054,0.602941176471));
#6458 = CARTESIAN_POINT('',(5.250970105024,0.602941176471));
#6459 = CARTESIAN_POINT('',(5.224203968098,0.602941176471));
#6460 = CARTESIAN_POINT('',(5.19757115793,0.602941176471));
#6461 = CARTESIAN_POINT('',(5.152039467434,0.602941176471));
#6462 = CARTESIAN_POINT('',(5.133080966789,0.602941176471));
#6463 = CARTESIAN_POINT('',(5.114182383666,0.602941176471));
#6464 = CARTESIAN_POINT('',(5.095340091117,0.602941176471));
#6465 = CARTESIAN_POINT('',(5.076550457456,0.602941176471));
#6466 = CARTESIAN_POINT('',(5.057809846257,0.602941176471));
#6467 = CARTESIAN_POINT('',(4.991860318434,0.602941176471));
#6468 = CARTESIAN_POINT('',(4.944898767691,0.602941176471));
#6469 = CARTESIAN_POINT('',(4.898166392702,0.602941176471));
#6470 = CARTESIAN_POINT('',(4.851605736051,0.602941176471));
#6471 = CARTESIAN_POINT('',(4.805161434163,0.602941176471));
#6472 = CARTESIAN_POINT('',(4.758776510247,0.602941176471));
#6473 = CARTESIAN_POINT('',(4.666001450531,0.602941176471));
#6474 = CARTESIAN_POINT('',(4.619616526617,0.602941176471));
#6475 = CARTESIAN_POINT('',(4.57317222473,0.602941176471));
#6476 = CARTESIAN_POINT('',(4.526611568076,0.602941176471));
#6477 = CARTESIAN_POINT('',(4.479879193082,0.602941176471));
#6478 = CARTESIAN_POINT('',(4.432917642337,0.602941176471));
#6479 = CARTESIAN_POINT('',(4.366968114512,0.602941176471));
#6480 = CARTESIAN_POINT('',(4.348227503313,0.602941176471));
#6481 = CARTESIAN_POINT('',(4.329437869652,0.602941176471));
#6482 = CARTESIAN_POINT('',(4.310595577103,0.602941176471));
#6483 = CARTESIAN_POINT('',(4.29169699398,0.602941176471));
#6484 = CARTESIAN_POINT('',(4.272738493335,0.602941176471));
#6485 = CARTESIAN_POINT('',(4.227206802843,0.602941176471));
#6486 = CARTESIAN_POINT('',(4.200573992677,0.602941176471));
#6487 = CARTESIAN_POINT('',(4.173807855754,0.602941176471));
#6488 = CARTESIAN_POINT('',(4.146898747725,0.602941176471));
#6489 = CARTESIAN_POINT('',(4.119837351596,0.602941176471));
#6490 = CARTESIAN_POINT('',(4.092614482711,0.602941176471));
#6491 = CARTESIAN_POINT('',(4.02768525792,0.602941176471));
#6492 = CARTESIAN_POINT('',(3.989830883858,0.602941176471));
#6493 = CARTESIAN_POINT('',(3.951632895526,0.602941176471));
#6494 = CARTESIAN_POINT('',(3.913070499737,0.602941176471));
#6495 = CARTESIAN_POINT('',(3.874126688388,0.602941176471));
#6496 = CARTESIAN_POINT('',(3.834787940715,0.602941176471));
#6497 = CARTESIAN_POINT('',(3.761786364904,0.602941176471));
#6498 = CARTESIAN_POINT('',(3.72824631673,0.602941176471));
#6499 = CARTESIAN_POINT('',(3.694418882769,0.602941176471));
#6500 = CARTESIAN_POINT('',(3.660303215354,0.602941176471));
#6501 = CARTESIAN_POINT('',(3.625902388022,0.602941176471));
#6502 = CARTESIAN_POINT('',(3.591224195618,0.602941176471));
#6503 = CARTESIAN_POINT('',(3.537644847442,0.602941176471));
#6504 = CARTESIAN_POINT('',(3.518931891671,0.602941176471));
#6505 = CARTESIAN_POINT('',(3.500146240289,0.602941176471));
#6506 = CARTESIAN_POINT('',(3.481290494389,0.602941176471));
#6507 = CARTESIAN_POINT('',(3.462367710115,0.602941176471));
#6508 = CARTESIAN_POINT('',(3.443381476349,0.602941176471));
#6509 = CARTESIAN_POINT('',(3.384495670854,0.602941176471));
#6510 = CARTESIAN_POINT('',(3.344390504158,0.602941176471));
#6511 = CARTESIAN_POINT('',(3.304066652718,0.602941176471));
#6512 = CARTESIAN_POINT('',(3.263570748411,0.602941176471));
#6513 = CARTESIAN_POINT('',(3.222952604868,0.602941176471));
#6514 = CARTESIAN_POINT('',(3.182269588973,0.602941176471));
#6515 = CARTESIAN_POINT('',(3.113672515354,0.602941176471));
#6516 = CARTESIAN_POINT('',(3.085751399393,0.602941176471));
#6517 = CARTESIAN_POINT('',(3.057850406146,0.602941176471));
#6518 = CARTESIAN_POINT('',(3.029988623512,0.602941176471));
#6519 = CARTESIAN_POINT('',(3.002183825842,0.602941176471));
#6520 = CARTESIAN_POINT('',(2.974453172941,0.602941176471));
#6521 = CARTESIAN_POINT('',(2.914934285255,0.602941176471));
#6522 = CARTESIAN_POINT('',(2.883173934517,0.602941176471));
#6523 = CARTESIAN_POINT('',(2.851558820615,0.602941176471));
#6524 = CARTESIAN_POINT('',(2.820109220871,0.602941176471));
#6525 = CARTESIAN_POINT('',(2.788841435553,0.602941176471));
#6526 = CARTESIAN_POINT('',(2.757768860546,0.602941176471));
#6527 = CARTESIAN_POINT('',(2.691961111562,0.602941176471));
#6528 = CARTESIAN_POINT('',(2.657282919158,0.602941176471));
#6529 = CARTESIAN_POINT('',(2.622882091826,0.602941176471));
#6530 = CARTESIAN_POINT('',(2.58876642441,0.602941176471));
#6531 = CARTESIAN_POINT('',(2.55493899045,0.602941176471));
#6532 = CARTESIAN_POINT('',(2.521398942276,0.602941176471));
#6533 = CARTESIAN_POINT('',(2.448397366465,0.602941176471));
#6534 = CARTESIAN_POINT('',(2.409058618792,0.602941176471));
#6535 = CARTESIAN_POINT('',(2.370114807443,0.602941176471));
#6536 = CARTESIAN_POINT('',(2.331552411653,0.602941176471));
#6537 = CARTESIAN_POINT('',(2.293354423322,0.602941176471));
#6538 = CARTESIAN_POINT('',(2.255500049259,0.602941176471));
#6539 = CARTESIAN_POINT('',(2.190570824469,0.602941176471));
#6540 = CARTESIAN_POINT('',(2.163347955584,0.602941176471));
#6541 = CARTESIAN_POINT('',(2.136286559455,0.602941176471));
#6542 = CARTESIAN_POINT('',(2.109377451426,0.602941176471));
#6543 = CARTESIAN_POINT('',(2.082611314503,0.602941176471));
#6544 = CARTESIAN_POINT('',(2.055978504337,0.602941176471));
#6545 = CARTESIAN_POINT('',(2.010446813845,0.602941176471));
#6546 = CARTESIAN_POINT('',(1.9914883132,0.602941176471));
#6547 = CARTESIAN_POINT('',(1.972589730077,0.602941176471));
#6548 = CARTESIAN_POINT('',(1.953747437528,0.602941176471));
#6549 = CARTESIAN_POINT('',(1.934957803867,0.602941176471));
#6550 = CARTESIAN_POINT('',(1.916217192668,0.602941176471));
#6551 = CARTESIAN_POINT('',(1.850267664843,0.602941176471));
#6552 = CARTESIAN_POINT('',(1.803306114098,0.602941176471));
#6553 = CARTESIAN_POINT('',(1.756573739104,0.602941176471));
#6554 = CARTESIAN_POINT('',(1.71001308245,0.602941176471));
#6555 = CARTESIAN_POINT('',(1.663568780562,0.602941176471));
#6556 = CARTESIAN_POINT('',(1.617183856649,0.602941176471));
#6557 = CARTESIAN_POINT('',(1.524408796933,0.602941176471));
#6558 = CARTESIAN_POINT('',(1.478023873017,0.602941176471));
#6559 = CARTESIAN_POINT('',(1.431579571129,0.602941176471));
#6560 = CARTESIAN_POINT('',(1.385018914478,0.602941176471));
#6561 = CARTESIAN_POINT('',(1.338286539488,0.602941176471));
#6562 = CARTESIAN_POINT('',(1.291324988746,0.602941176471));
#6563 = CARTESIAN_POINT('',(1.225375460923,0.602941176471));
#6564 = CARTESIAN_POINT('',(1.206634849724,0.602941176471));
#6565 = CARTESIAN_POINT('',(1.187845216063,0.602941176471));
#6566 = CARTESIAN_POINT('',(1.169002923514,0.602941176471));
#6567 = CARTESIAN_POINT('',(1.15010434039,0.602941176471));
#6568 = CARTESIAN_POINT('',(1.131145839746,0.602941176471));
#6569 = CARTESIAN_POINT('',(1.08561414925,0.602941176471));
#6570 = CARTESIAN_POINT('',(1.058981339081,0.602941176471));
#6571 = CARTESIAN_POINT('',(1.032215202156,0.602941176471));
#6572 = CARTESIAN_POINT('',(1.005306094126,0.602941176471));
#6573 = CARTESIAN_POINT('',(0.978244697998,0.602941176471));
#6574 = CARTESIAN_POINT('',(0.951021829116,0.602941176471));
#6575 = CARTESIAN_POINT('',(0.886092604328,0.602941176471));
#6576 = CARTESIAN_POINT('',(0.848238230266,0.602941176471));
#6577 = CARTESIAN_POINT('',(0.810040241942,0.602941176471));
#6578 = CARTESIAN_POINT('',(0.771477846162,0.602941176471));
#6579 = CARTESIAN_POINT('',(0.732534034823,0.602941176471));
#6580 = CARTESIAN_POINT('',(0.693195287149,0.602941176471));
#6581 = CARTESIAN_POINT('',(0.620193711388,0.602941176471));
#6582 = CARTESIAN_POINT('',(0.586653663275,0.602941176471));
#6583 = CARTESIAN_POINT('',(0.552826229354,0.602941176471));
#6584 = CARTESIAN_POINT('',(0.518710561947,0.602941176471));
#6585 = CARTESIAN_POINT('',(0.484309734587,0.602941176471));
#6586 = CARTESIAN_POINT('',(0.449631542118,0.602941176471));
#6587 = CARTESIAN_POINT('',(0.357072386085,0.602941176471));
#6588 = CARTESIAN_POINT('',(0.298711128668,0.602941176471));
#6589 = CARTESIAN_POINT('',(0.239712057739,0.602941176471));
#6590 = CARTESIAN_POINT('',(0.180185445832,0.602941176471));
#6591 = CARTESIAN_POINT('',(0.120262946726,0.602941176471));
#6592 = CARTESIAN_POINT('',(6.011294710324E-02,0.602941176471));
#6593 = CARTESIAN_POINT('',(0.,0.602941176471));
#6594 = ( GEOMETRIC_REPRESENTATION_CONTEXT(2) 
PARAMETRIC_REPRESENTATION_CONTEXT() REPRESENTATION_CONTEXT('2D SPACE',''
  ) );
#6595 = PCURVE('',#6596,#6601);
#6596 = PLANE('',#6597);
#6597 = AXIS2_PLACEMENT_3D('',#6598,#6599,#6600);
#6598 = CARTESIAN_POINT('',(-90.,-80.,59.));
#6599 = DIRECTION('',(0.,0.,1.));
#6600 = DIRECTION('',(1.,0.,0.));
#6601 = DEFINITIONAL_REPRESENTATION('',(#6602),#6761);
#6602 = B_SPLINE_CURVE_WITH_KNOTS('',7,(#6603,#6604,#6605,#6606,#6607,
    #6608,#6609,#6610,#6611,#6612,#6613,#6614,#6615,#6616,#6617,#6618,
    #6619,#6620,#6621,#6622,#6623,#6624,#6625,#6626,#6627,#6628,#6629,
    #6630,#6631,#6632,#6633,#6634,#6635,#6636,#6637,#6638,#6639,#6640,
    #6641,#6642,#6643,#6644,#6645,#6646,#6647,#6648,#6649,#6650,#6651,
    #6652,#6653,#6654,#6655,#6656,#6657,#6658,#6659,#6660,#6661,#6662,
    #6663,#6664,#6665,#6666,#6667,#6668,#6669,#6670,#6671,#6672,#6673,
    #6674,#6675,#6676,#6677,#6678,#6679,#6680,#6681,#6682,#6683,#6684,
    #6685,#6686,#6687,#6688,#6689,#6690,#6691,#6692,#6693,#6694,#6695,
    #6696,#6697,#6698,#6699,#6700,#6701,#6702,#6703,#6704,#6705,#6706,
    #6707,#6708,#6709,#6710,#6711,#6712,#6713,#6714,#6715,#6716,#6717,
    #6718,#6719,#6720,#6721,#6722,#6723,#6724,#6725,#6726,#6727,#6728,
    #6729,#6730,#6731,#6732,#6733,#6734,#6735,#6736,#6737,#6738,#6739,
    #6740,#6741,#6742,#6743,#6744,#6745,#6746,#6747,#6748,#6749,#6750,
    #6751,#6752,#6753,#6754,#6755,#6756,#6757,#6758,#6759,#6760),
  .UNSPECIFIED.,.F.,.F.,(8,6,6,6,6,6,6,6,6,6,6,6,6,6,6,6,6,6,6,6,6,6,6,6
    ,6,6,8),(0.,5.953977202257E-02,9.564660265181E-02,0.138795600995,
    0.170285834173,0.192881699609,0.249995292913,0.307108886208,
    0.32970475164,0.361194984809,0.404343983128,0.440450813839,
    0.459710549438,0.49999905363,0.527652577568,0.559548649195,
    0.595655523925,0.638804574849,0.670294846408,0.692890739388,
    0.750004402312,0.807118065245,0.829713958228,0.861204229796,
    0.904353280743,0.940460155391,1.),.UNSPECIFIED.);
#6603 = CARTESIAN_POINT('',(138.0294117647,80.));
#6604 = CARTESIAN_POINT('',(138.0294120116,77.677695578608));
#6605 = CARTESIAN_POINT('',(137.82692666218,75.353958407847));
#6606 = CARTESIAN_POINT('',(137.42151546042,73.052721970268));
#6607 = CARTESIAN_POINT('',(136.81984263294,70.794253951646));
#6608 = CARTESIAN_POINT('',(136.03259012694,68.595841397285));
#6609 = CARTESIAN_POINT('',(135.07347905686,66.472023616913));
#6610 = CARTESIAN_POINT('',(133.28233336776,63.19932427413));
#6611 = CARTESIAN_POINT('',(132.548649213,61.995346256328));
#6612 = CARTESIAN_POINT('',(131.76076630994,60.825208787925));
#6613 = CARTESIAN_POINT('',(130.92210695049,59.690768947915));
#6614 = CARTESIAN_POINT('',(130.03607484347,58.593459416416));
#6615 = CARTESIAN_POINT('',(129.10596372076,57.53435521543));
#6616 = CARTESIAN_POINT('',(126.97442572606,55.295125946755));
#6617 = CARTESIAN_POINT('',(125.75551184721,54.131739652713));
#6618 = CARTESIAN_POINT('',(124.48343314374,53.025307937367));
#6619 = CARTESIAN_POINT('',(123.16320646057,51.976603086695));
#6620 = CARTESIAN_POINT('',(121.79951280382,50.986012483412));
#6621 = CARTESIAN_POINT('',(120.39662764514,50.053626038532));
#6622 = CARTESIAN_POINT('',(117.90869467686,48.541256134838));
#6623 = CARTESIAN_POINT('',(116.84022747853,47.934147664467));
#6624 = CARTESIAN_POINT('',(115.75445024765,47.357960236411));
#6625 = CARTESIAN_POINT('',(114.65278459046,46.812622775233));
#6626 = CARTESIAN_POINT('',(113.53656974205,46.298037964621));
#6627 = CARTESIAN_POINT('',(112.40705920559,45.814089106561));
#6628 = CARTESIAN_POINT('',(110.44623015122,45.035278635955));
#6629 = CARTESIAN_POINT('',(109.62080331896,44.725620825273));
#6630 = CARTESIAN_POINT('',(108.78957103009,44.431626479605));
#6631 = CARTESIAN_POINT('',(107.95295207055,44.153249148106));
#6632 = CARTESIAN_POINT('',(107.11134987691,43.890442997948));
#6633 = CARTESIAN_POINT('',(106.26515253641,43.643162814312));
#6634 = CARTESIAN_POINT('',(103.26520185022,42.8254670786));
#6635 = CARTESIAN_POINT('',(101.08883187503,42.338518132082));
#6636 = CARTESIAN_POINT('',(98.891460151687,41.949739604036));
#6637 = CARTESIAN_POINT('',(96.678670412048,41.658579556222));
#6638 = CARTESIAN_POINT('',(94.455805272745,41.464631234388));
#6639 = CARTESIAN_POINT('',(92.227966057544,41.367647065325));
#6640 = CARTESIAN_POINT('',(87.772033940515,41.367647064859));
#6641 = CARTESIAN_POINT('',(85.544194725637,41.464631233424));
#6642 = CARTESIAN_POINT('',(83.321329586658,41.65857955495));
#6643 = CARTESIAN_POINT('',(81.108539847388,41.94973960287));
#6644 = CARTESIAN_POINT('',(78.911168124493,42.338518131508));
#6645 = CARTESIAN_POINT('',(76.734798149857,42.825467078965));
#6646 = CARTESIAN_POINT('',(73.73484746458,43.64316281604));
#6647 = CARTESIAN_POINT('',(72.888650124342,43.890443000071));
#6648 = CARTESIAN_POINT('',(72.047047930974,44.153249150616));
#6649 = CARTESIAN_POINT('',(71.210428971702,44.431626482469));
#6650 = CARTESIAN_POINT('',(70.379196683097,44.725620828441));
#6651 = CARTESIAN_POINT('',(69.553769851074,45.035278639354));
#6652 = CARTESIAN_POINT('',(67.592940797323,45.814089110239));
#6653 = CARTESIAN_POINT('',(66.463430261204,46.298037968254));
#6654 = CARTESIAN_POINT('',(65.347215413033,46.812622778581));
#6655 = CARTESIAN_POINT('',(64.245549755948,47.357960239194));
#6656 = CARTESIAN_POINT('',(63.159772524995,47.93414766638));
#6657 = CARTESIAN_POINT('',(62.0913053264,48.541256135587));
#6658 = CARTESIAN_POINT('',(59.603372357394,50.053626035702));
#6659 = CARTESIAN_POINT('',(58.200487198113,50.986012477915));
#6660 = CARTESIAN_POINT('',(56.836793540326,51.976603078148));
#6661 = CARTESIAN_POINT('',(55.516566855809,53.025307925663));
#6662 = CARTESIAN_POINT('',(54.244488150986,54.131739638092));
#6663 = CARTESIAN_POINT('',(53.025574271128,55.295125929791));
#6664 = CARTESIAN_POINT('',(50.894036273174,57.534355198533));
#6665 = CARTESIAN_POINT('',(49.96392514819,58.593459401926));
#6666 = CARTESIAN_POINT('',(49.07789303991,59.690768936666));
#6667 = CARTESIAN_POINT('',(48.239233680416,60.825208780755));
#6668 = CARTESIAN_POINT('',(47.451350778553,61.995346253951));
#6669 = CARTESIAN_POINT('',(46.717666626,63.199324276959));
#6670 = CARTESIAN_POINT('',(45.680833466226,65.093778598951));
#6671 = CARTESIAN_POINT('',(45.336527680853,65.761737893442));
#6672 = CARTESIAN_POINT('',(45.00909237841,66.438293204549));
#6673 = CARTESIAN_POINT('',(44.699021934076,67.123046921633));
#6674 = CARTESIAN_POINT('',(44.406794181334,67.815562168738));
#6675 = CARTESIAN_POINT('',(44.132864375213,68.515360091198));
#6676 = CARTESIAN_POINT('',(43.343807863696,70.699929377364));
#6677 = CARTESIAN_POINT('',(42.891815563052,72.20772651988));
#6678 = CARTESIAN_POINT('',(42.525733124397,73.740239121277));
#6679 = CARTESIAN_POINT('',(42.248782384872,75.291947254576));
#6680 = CARTESIAN_POINT('',(42.063303969073,76.856873053315));
#6681 = CARTESIAN_POINT('',(41.970588076808,78.428554433706));
#6682 = CARTESIAN_POINT('',(41.970587851341,81.078620512637));
#6683 = CARTESIAN_POINT('',(42.014269799676,82.15727932747));
#6684 = CARTESIAN_POINT('',(42.101635195563,83.23378646545));
#6685 = CARTESIAN_POINT('',(42.232412136421,84.306032387328));
#6686 = CARTESIAN_POINT('',(42.406074827489,85.371985959125));
#6687 = CARTESIAN_POINT('',(42.621862705283,86.429692417605));
#6688 = CARTESIAN_POINT('',(43.175154625422,88.685567561752));
#6689 = CARTESIAN_POINT('',(43.526272651131,89.88047748149));
#6690 = CARTESIAN_POINT('',(43.930666567423,91.059130207585));
#6691 = CARTESIAN_POINT('',(44.386514375797,92.219004113437));
#6692 = CARTESIAN_POINT('',(44.891761577804,93.3578877579));
#6693 = CARTESIAN_POINT('',(45.444197405478,94.473850616646));
#6694 = CARTESIAN_POINT('',(46.717666625993,96.800675723029));
#6695 = CARTESIAN_POINT('',(47.45135077855,98.004653746045));
#6696 = CARTESIAN_POINT('',(48.239233680408,99.174791219234));
#6697 = CARTESIAN_POINT('',(49.077893039901,100.30923106332));
#6698 = CARTESIAN_POINT('',(49.963925148185,101.40654059806));
#6699 = CARTESIAN_POINT('',(50.894036273165,102.46564480145));
#6700 = CARTESIAN_POINT('',(53.02557427112,104.7048740702));
#6701 = CARTESIAN_POINT('',(54.244488150976,105.8682603619));
#6702 = CARTESIAN_POINT('',(55.516566855799,106.97469207433));
#6703 = CARTESIAN_POINT('',(56.836793540318,108.02339692184));
#6704 = CARTESIAN_POINT('',(58.200487198104,109.01398752207));
#6705 = CARTESIAN_POINT('',(59.603372357384,109.94637396429));
#6706 = CARTESIAN_POINT('',(62.09130532639,111.4587438644));
#6707 = CARTESIAN_POINT('',(63.159772524984,112.06585233361));
#6708 = CARTESIAN_POINT('',(64.245549755938,112.6420397608));
#6709 = CARTESIAN_POINT('',(65.347215413023,113.18737722141));
#6710 = CARTESIAN_POINT('',(66.463430261193,113.70196203174));
#6711 = CARTESIAN_POINT('',(67.592940797313,114.18591088975));
#6712 = CARTESIAN_POINT('',(69.553769851063,114.96472136064));
#6713 = CARTESIAN_POINT('',(70.379196683087,115.27437917155));
#6714 = CARTESIAN_POINT('',(71.210428971691,115.56837351752));
#6715 = CARTESIAN_POINT('',(72.047047930963,115.84675084938));
#6716 = CARTESIAN_POINT('',(72.888650124331,116.10955699992));
#6717 = CARTESIAN_POINT('',(73.734847464568,116.35683718395));
#6718 = CARTESIAN_POINT('',(76.734798149845,117.17453292103));
#6719 = CARTESIAN_POINT('',(78.911168124485,117.66148186849));
#6720 = CARTESIAN_POINT('',(81.108539847375,118.05026039712));
#6721 = CARTESIAN_POINT('',(83.321329586645,118.34142044504));
#6722 = CARTESIAN_POINT('',(85.544194725629,118.53536876658));
#6723 = CARTESIAN_POINT('',(87.772033940503,118.63235293513));
#6724 = CARTESIAN_POINT('',(92.227966057535,118.63235293467));
#6725 = CARTESIAN_POINT('',(94.455805272731,118.53536876561));
#6726 = CARTESIAN_POINT('',(96.678670412041,118.34142044377));
#6727 = CARTESIAN_POINT('',(98.891460151679,118.05026039596));
#6728 = CARTESIAN_POINT('',(101.08883187501,117.66148186792));
#6729 = CARTESIAN_POINT('',(103.26520185021,117.1745329214));
#6730 = CARTESIAN_POINT('',(106.2651525364,116.35683718569));
#6731 = CARTESIAN_POINT('',(107.1113498769,116.10955700205));
#6732 = CARTESIAN_POINT('',(107.95295207054,115.84675085189));
#6733 = CARTESIAN_POINT('',(108.78957103008,115.56837352039));
#6734 = CARTESIAN_POINT('',(109.62080331895,115.27437917473));
#6735 = CARTESIAN_POINT('',(110.44623015121,114.96472136404));
#6736 = CARTESIAN_POINT('',(112.40705920558,114.18591089344));
#6737 = CARTESIAN_POINT('',(113.53656974204,113.70196203538));
#6738 = CARTESIAN_POINT('',(114.65278459046,113.18737722477));
#6739 = CARTESIAN_POINT('',(115.75445024764,112.64203976359));
#6740 = CARTESIAN_POINT('',(116.84022747853,112.06585233553));
#6741 = CARTESIAN_POINT('',(117.90869467685,111.45874386516));
#6742 = CARTESIAN_POINT('',(120.39662764513,109.94637396147));
#6743 = CARTESIAN_POINT('',(121.79951280381,109.01398751659));
#6744 = CARTESIAN_POINT('',(123.16320646056,108.0233969133));
#6745 = CARTESIAN_POINT('',(124.48343314374,106.97469206263));
#6746 = CARTESIAN_POINT('',(125.7555118472,105.86826034729));
#6747 = CARTESIAN_POINT('',(126.97442572605,104.70487405324));
#6748 = CARTESIAN_POINT('',(129.10596372076,102.46564478457));
#6749 = CARTESIAN_POINT('',(130.03607484346,101.40654058358));
#6750 = CARTESIAN_POINT('',(130.92210695049,100.30923105209));
#6751 = CARTESIAN_POINT('',(131.76076630994,99.174791212082));
#6752 = CARTESIAN_POINT('',(132.54864921298,98.004653743674));
#6753 = CARTESIAN_POINT('',(133.28233336776,96.800675725876));
#6754 = CARTESIAN_POINT('',(135.07347905685,93.527976383103));
#6755 = CARTESIAN_POINT('',(136.03259012696,91.404158602681));
#6756 = CARTESIAN_POINT('',(136.81984263289,89.205746048416));
#6757 = CARTESIAN_POINT('',(137.42151546046,86.947278029686));
#6758 = CARTESIAN_POINT('',(137.82692666216,84.646041592177));
#6759 = CARTESIAN_POINT('',(138.0294120116,82.322304421388));
#6760 = CARTESIAN_POINT('',(138.0294117647,80.));
#6761 = ( GEOMETRIC_REPRESENTATION_CONTEXT(2) 
PARAMETRIC_REPRESENTATION_CONTEXT() REPRESENTATION_CONTEXT('2D SPACE',''
  ) );
#6762 = ADVANCED_FACE('',(#6763),#5388,.T.);
#6763 = FACE_BOUND('',#6764,.T.);
#6764 = EDGE_LOOP('',(#6765,#6766,#6790,#6811));
#6765 = ORIENTED_EDGE('',*,*,#5373,.F.);
#6766 = ORIENTED_EDGE('',*,*,#6767,.T.);
#6767 = EDGE_CURVE('',#5348,#6768,#6770,.T.);
#6768 = VERTEX_POINT('',#6769);
#6769 = CARTESIAN_POINT('',(17.987310854772,0.59,15.473457472436));
#6770 = SURFACE_CURVE('',#6771,(#6776,#6783),.PCURVE_S1.);
#6771 = CIRCLE('',#6772,2.4);
#6772 = AXIS2_PLACEMENT_3D('',#6773,#6774,#6775);
#6773 = CARTESIAN_POINT('',(16.092865533069,0.59,14.));
#6774 = DIRECTION('',(0.,-1.,0.));
#6775 = DIRECTION('',(0.,-0.,-1.));
#6776 = PCURVE('',#5388,#6777);
#6777 = DEFINITIONAL_REPRESENTATION('',(#6778),#6782);
#6778 = LINE('',#6779,#6780);
#6779 = CARTESIAN_POINT('',(0.,0.));
#6780 = VECTOR('',#6781,1.);
#6781 = DIRECTION('',(1.,0.));
#6782 = ( GEOMETRIC_REPRESENTATION_CONTEXT(2) 
PARAMETRIC_REPRESENTATION_CONTEXT() REPRESENTATION_CONTEXT('2D SPACE',''
  ) );
#6783 = PCURVE('',#5362,#6784);
#6784 = DEFINITIONAL_REPRESENTATION('',(#6785),#6789);
#6785 = CIRCLE('',#6786,2.4);
#6786 = AXIS2_PLACEMENT_2D('',#6787,#6788);
#6787 = CARTESIAN_POINT('',(16.437780049312,16.092865533069));
#6788 = DIRECTION('',(1.,0.));
#6789 = ( GEOMETRIC_REPRESENTATION_CONTEXT(2) 
PARAMETRIC_REPRESENTATION_CONTEXT() REPRESENTATION_CONTEXT('2D SPACE',''
  ) );
#6790 = ORIENTED_EDGE('',*,*,#6791,.T.);
#6791 = EDGE_CURVE('',#6768,#5605,#6792,.T.);
#6792 = SURFACE_CURVE('',#6793,(#6797,#6804),.PCURVE_S1.);
#6793 = LINE('',#6794,#6795);
#6794 = CARTESIAN_POINT('',(17.987310854772,0.59,15.473457472436));
#6795 = VECTOR('',#6796,1.);
#6796 = DIRECTION('',(0.,-1.,0.));
#6797 = PCURVE('',#5388,#6798);
#6798 = DEFINITIONAL_REPRESENTATION('',(#6799),#6803);
#6799 = LINE('',#6800,#6801);
#6800 = CARTESIAN_POINT('',(2.231839495646,0.));
#6801 = VECTOR('',#6802,1.);
#6802 = DIRECTION('',(0.,1.));
#6803 = ( GEOMETRIC_REPRESENTATION_CONTEXT(2) 
PARAMETRIC_REPRESENTATION_CONTEXT() REPRESENTATION_CONTEXT('2D SPACE',''
  ) );
#6804 = PCURVE('',#5644,#6805);
#6805 = DEFINITIONAL_REPRESENTATION('',(#6806),#6810);
#6806 = LINE('',#6807,#6808);
#6807 = CARTESIAN_POINT('',(4.907134466931,2.));
#6808 = VECTOR('',#6809,1.);
#6809 = DIRECTION('',(0.,-1.));
#6810 = ( GEOMETRIC_REPRESENTATION_CONTEXT(2) 
PARAMETRIC_REPRESENTATION_CONTEXT() REPRESENTATION_CONTEXT('2D SPACE',''
  ) );
#6811 = ORIENTED_EDGE('',*,*,#5604,.F.);
#6812 = ADVANCED_FACE('',(#6813),#5362,.F.);
#6813 = FACE_BOUND('',#6814,.F.);
#6814 = EDGE_LOOP('',(#6815,#6816,#6817,#6818,#6841,#6865,#6888,#6916,
    #6939,#6967,#6990,#7016));
#6815 = ORIENTED_EDGE('',*,*,#5573,.F.);
#6816 = ORIENTED_EDGE('',*,*,#5347,.T.);
#6817 = ORIENTED_EDGE('',*,*,#6767,.T.);
#6818 = ORIENTED_EDGE('',*,*,#6819,.T.);
#6819 = EDGE_CURVE('',#6768,#6820,#6822,.T.);
#6820 = VERTEX_POINT('',#6821);
#6821 = CARTESIAN_POINT('',(14.505554678297,0.59,19.950001127904));
#6822 = SURFACE_CURVE('',#6823,(#6827,#6834),.PCURVE_S1.);
#6823 = LINE('',#6824,#6825);
#6824 = CARTESIAN_POINT('',(21.,0.59,11.6));
#6825 = VECTOR('',#6826,1.);
#6826 = DIRECTION('',(-0.613940613515,0.,0.789352217376));
#6827 = PCURVE('',#5362,#6828);
#6828 = DEFINITIONAL_REPRESENTATION('',(#6829),#6833);
#6829 = LINE('',#6830,#6831);
#6830 = CARTESIAN_POINT('',(18.837780049312,21.));
#6831 = VECTOR('',#6832,1.);
#6832 = DIRECTION('',(-0.789352217376,-0.613940613515));
#6833 = ( GEOMETRIC_REPRESENTATION_CONTEXT(2) 
PARAMETRIC_REPRESENTATION_CONTEXT() REPRESENTATION_CONTEXT('2D SPACE',''
  ) );
#6834 = PCURVE('',#5644,#6835);
#6835 = DEFINITIONAL_REPRESENTATION('',(#6836),#6840);
#6836 = LINE('',#6837,#6838);
#6837 = CARTESIAN_POINT('',(0.,2.));
#6838 = VECTOR('',#6839,1.);
#6839 = DIRECTION('',(1.,0.));
#6840 = ( GEOMETRIC_REPRESENTATION_CONTEXT(2) 
PARAMETRIC_REPRESENTATION_CONTEXT() REPRESENTATION_CONTEXT('2D SPACE',''
  ) );
#6841 = ORIENTED_EDGE('',*,*,#6842,.F.);
#6842 = EDGE_CURVE('',#6843,#6820,#6845,.T.);
#6843 = VERTEX_POINT('',#6844);
#6844 = CARTESIAN_POINT('',(14.,0.59,21.42345860034));
#6845 = SURFACE_CURVE('',#6846,(#6851,#6858),.PCURVE_S1.);
#6846 = CIRCLE('',#6847,2.4);
#6847 = AXIS2_PLACEMENT_3D('',#6848,#6849,#6850);
#6848 = CARTESIAN_POINT('',(16.4,0.59,21.42345860034));
#6849 = DIRECTION('',(0.,-1.,0.));
#6850 = DIRECTION('',(0.,-0.,-1.));
#6851 = PCURVE('',#5362,#6852);
#6852 = DEFINITIONAL_REPRESENTATION('',(#6853),#6857);
#6853 = CIRCLE('',#6854,2.4);
#6854 = AXIS2_PLACEMENT_2D('',#6855,#6856);
#6855 = CARTESIAN_POINT('',(9.014321448973,16.4));
#6856 = DIRECTION('',(1.,0.));
#6857 = ( GEOMETRIC_REPRESENTATION_CONTEXT(2) 
PARAMETRIC_REPRESENTATION_CONTEXT() REPRESENTATION_CONTEXT('2D SPACE',''
  ) );
#6858 = PCURVE('',#5673,#6859);
#6859 = DEFINITIONAL_REPRESENTATION('',(#6860),#6864);
#6860 = LINE('',#6861,#6862);
#6861 = CARTESIAN_POINT('',(-4.712388980385,0.));
#6862 = VECTOR('',#6863,1.);
#6863 = DIRECTION('',(1.,0.));
#6864 = ( GEOMETRIC_REPRESENTATION_CONTEXT(2) 
PARAMETRIC_REPRESENTATION_CONTEXT() REPRESENTATION_CONTEXT('2D SPACE',''
  ) );
#6865 = ORIENTED_EDGE('',*,*,#6866,.T.);
#6866 = EDGE_CURVE('',#6843,#6867,#6869,.T.);
#6867 = VERTEX_POINT('',#6868);
#6868 = CARTESIAN_POINT('',(14.,0.59,51.6));
#6869 = SURFACE_CURVE('',#6870,(#6874,#6881),.PCURVE_S1.);
#6870 = LINE('',#6871,#6872);
#6871 = CARTESIAN_POINT('',(14.,0.59,20.6));
#6872 = VECTOR('',#6873,1.);
#6873 = DIRECTION('',(0.,0.,1.));
#6874 = PCURVE('',#5362,#6875);
#6875 = DEFINITIONAL_REPRESENTATION('',(#6876),#6880);
#6876 = LINE('',#6877,#6878);
#6877 = CARTESIAN_POINT('',(9.837780049312,14.));
#6878 = VECTOR('',#6879,1.);
#6879 = DIRECTION('',(-1.,0.));
#6880 = ( GEOMETRIC_REPRESENTATION_CONTEXT(2) 
PARAMETRIC_REPRESENTATION_CONTEXT() REPRESENTATION_CONTEXT('2D SPACE',''
  ) );
#6881 = PCURVE('',#5701,#6882);
#6882 = DEFINITIONAL_REPRESENTATION('',(#6883),#6887);
#6883 = LINE('',#6884,#6885);
#6884 = CARTESIAN_POINT('',(0.,2.));
#6885 = VECTOR('',#6886,1.);
#6886 = DIRECTION('',(1.,0.));
#6887 = ( GEOMETRIC_REPRESENTATION_CONTEXT(2) 
PARAMETRIC_REPRESENTATION_CONTEXT() REPRESENTATION_CONTEXT('2D SPACE',''
  ) );
#6888 = ORIENTED_EDGE('',*,*,#6889,.F.);
#6889 = EDGE_CURVE('',#6890,#6867,#6892,.T.);
#6890 = VERTEX_POINT('',#6891);
#6891 = CARTESIAN_POINT('',(11.6,0.59,54.));
#6892 = SURFACE_CURVE('',#6893,(#6898,#6909),.PCURVE_S1.);
#6893 = CIRCLE('',#6894,2.4);
#6894 = AXIS2_PLACEMENT_3D('',#6895,#6896,#6897);
#6895 = CARTESIAN_POINT('',(11.6,0.59,51.6));
#6896 = DIRECTION('',(-0.,1.,0.));
#6897 = DIRECTION('',(0.,0.,-1.));
#6898 = PCURVE('',#5362,#6899);
#6899 = DEFINITIONAL_REPRESENTATION('',(#6900),#6908);
#6900 = ( BOUNDED_CURVE() B_SPLINE_CURVE(2,(#6901,#6902,#6903,#6904,
#6905,#6906,#6907),.UNSPECIFIED.,.T.,.F.) B_SPLINE_CURVE_WITH_KNOTS((1,2
    ,2,2,2,1),(-2.094395102393,0.,2.094395102393,4.188790204786,
6.28318530718,8.377580409573),.UNSPECIFIED.) CURVE() 
GEOMETRIC_REPRESENTATION_ITEM() RATIONAL_B_SPLINE_CURVE((1.,0.5,1.,0.5,
1.,0.5,1.)) REPRESENTATION_ITEM('') );
#6901 = CARTESIAN_POINT('',(-18.76221995068,11.6));
#6902 = CARTESIAN_POINT('',(-18.76221995068,7.443078061835));
#6903 = CARTESIAN_POINT('',(-22.36221995068,9.521539030917));
#6904 = CARTESIAN_POINT('',(-25.96221995068,11.6));
#6905 = CARTESIAN_POINT('',(-22.36221995068,13.678460969083));
#6906 = CARTESIAN_POINT('',(-18.76221995068,15.756921938165));
#6907 = CARTESIAN_POINT('',(-18.76221995068,11.6));
#6908 = ( GEOMETRIC_REPRESENTATION_CONTEXT(2) 
PARAMETRIC_REPRESENTATION_CONTEXT() REPRESENTATION_CONTEXT('2D SPACE',''
  ) );
#6909 = PCURVE('',#5734,#6910);
#6910 = DEFINITIONAL_REPRESENTATION('',(#6911),#6915);
#6911 = LINE('',#6912,#6913);
#6912 = CARTESIAN_POINT('',(3.14159265359,-0.));
#6913 = VECTOR('',#6914,1.);
#6914 = DIRECTION('',(-1.,0.));
#6915 = ( GEOMETRIC_REPRESENTATION_CONTEXT(2) 
PARAMETRIC_REPRESENTATION_CONTEXT() REPRESENTATION_CONTEXT('2D SPACE',''
  ) );
#6916 = ORIENTED_EDGE('',*,*,#6917,.T.);
#6917 = EDGE_CURVE('',#6890,#6918,#6920,.T.);
#6918 = VERTEX_POINT('',#6919);
#6919 = CARTESIAN_POINT('',(-11.6,0.59,54.));
#6920 = SURFACE_CURVE('',#6921,(#6925,#6932),.PCURVE_S1.);
#6921 = LINE('',#6922,#6923);
#6922 = CARTESIAN_POINT('',(14.,0.59,54.));
#6923 = VECTOR('',#6924,1.);
#6924 = DIRECTION('',(-1.,0.,0.));
#6925 = PCURVE('',#5362,#6926);
#6926 = DEFINITIONAL_REPRESENTATION('',(#6927),#6931);
#6927 = LINE('',#6928,#6929);
#6928 = CARTESIAN_POINT('',(-23.56221995068,14.));
#6929 = VECTOR('',#6930,1.);
#6930 = DIRECTION('',(0.,-1.));
#6931 = ( GEOMETRIC_REPRESENTATION_CONTEXT(2) 
PARAMETRIC_REPRESENTATION_CONTEXT() REPRESENTATION_CONTEXT('2D SPACE',''
  ) );
#6932 = PCURVE('',#5762,#6933);
#6933 = DEFINITIONAL_REPRESENTATION('',(#6934),#6938);
#6934 = LINE('',#6935,#6936);
#6935 = CARTESIAN_POINT('',(0.,2.));
#6936 = VECTOR('',#6937,1.);
#6937 = DIRECTION('',(1.,0.));
#6938 = ( GEOMETRIC_REPRESENTATION_CONTEXT(2) 
PARAMETRIC_REPRESENTATION_CONTEXT() REPRESENTATION_CONTEXT('2D SPACE',''
  ) );
#6939 = ORIENTED_EDGE('',*,*,#6940,.F.);
#6940 = EDGE_CURVE('',#6941,#6918,#6943,.T.);
#6941 = VERTEX_POINT('',#6942);
#6942 = CARTESIAN_POINT('',(-14.,0.59,51.6));
#6943 = SURFACE_CURVE('',#6944,(#6949,#6960),.PCURVE_S1.);
#6944 = CIRCLE('',#6945,2.4);
#6945 = AXIS2_PLACEMENT_3D('',#6946,#6947,#6948);
#6946 = CARTESIAN_POINT('',(-11.6,0.59,51.6));
#6947 = DIRECTION('',(0.,1.,0.));
#6948 = DIRECTION('',(0.,-0.,1.));
#6949 = PCURVE('',#5362,#6950);
#6950 = DEFINITIONAL_REPRESENTATION('',(#6951),#6959);
#6951 = ( BOUNDED_CURVE() B_SPLINE_CURVE(2,(#6952,#6953,#6954,#6955,
#6956,#6957,#6958),.UNSPECIFIED.,.T.,.F.) B_SPLINE_CURVE_WITH_KNOTS((1,2
    ,2,2,2,1),(-2.094395102393,0.,2.094395102393,4.188790204786,
6.28318530718,8.377580409573),.UNSPECIFIED.) CURVE() 
GEOMETRIC_REPRESENTATION_ITEM() RATIONAL_B_SPLINE_CURVE((1.,0.5,1.,0.5,
1.,0.5,1.)) REPRESENTATION_ITEM('') );
#6952 = CARTESIAN_POINT('',(-23.56221995068,-11.6));
#6953 = CARTESIAN_POINT('',(-23.56221995068,-7.443078061835));
#6954 = CARTESIAN_POINT('',(-19.96221995068,-9.521539030917));
#6955 = CARTESIAN_POINT('',(-16.36221995068,-11.6));
#6956 = CARTESIAN_POINT('',(-19.96221995068,-13.67846096908));
#6957 = CARTESIAN_POINT('',(-23.56221995068,-15.75692193816));
#6958 = CARTESIAN_POINT('',(-23.56221995068,-11.6));
#6959 = ( GEOMETRIC_REPRESENTATION_CONTEXT(2) 
PARAMETRIC_REPRESENTATION_CONTEXT() REPRESENTATION_CONTEXT('2D SPACE',''
  ) );
#6960 = PCURVE('',#5795,#6961);
#6961 = DEFINITIONAL_REPRESENTATION('',(#6962),#6966);
#6962 = LINE('',#6963,#6964);
#6963 = CARTESIAN_POINT('',(-4.712388980385,4.));
#6964 = VECTOR('',#6965,1.);
#6965 = DIRECTION('',(1.,0.));
#6966 = ( GEOMETRIC_REPRESENTATION_CONTEXT(2) 
PARAMETRIC_REPRESENTATION_CONTEXT() REPRESENTATION_CONTEXT('2D SPACE',''
  ) );
#6967 = ORIENTED_EDGE('',*,*,#6968,.T.);
#6968 = EDGE_CURVE('',#6941,#6969,#6971,.T.);
#6969 = VERTEX_POINT('',#6970);
#6970 = CARTESIAN_POINT('',(-14.,0.59,21.42345860034));
#6971 = SURFACE_CURVE('',#6972,(#6976,#6983),.PCURVE_S1.);
#6972 = LINE('',#6973,#6974);
#6973 = CARTESIAN_POINT('',(-14.,0.59,54.));
#6974 = VECTOR('',#6975,1.);
#6975 = DIRECTION('',(0.,0.,-1.));
#6976 = PCURVE('',#5362,#6977);
#6977 = DEFINITIONAL_REPRESENTATION('',(#6978),#6982);
#6978 = LINE('',#6979,#6980);
#6979 = CARTESIAN_POINT('',(-23.56221995068,-14.));
#6980 = VECTOR('',#6981,1.);
#6981 = DIRECTION('',(1.,0.));
#6982 = ( GEOMETRIC_REPRESENTATION_CONTEXT(2) 
PARAMETRIC_REPRESENTATION_CONTEXT() REPRESENTATION_CONTEXT('2D SPACE',''
  ) );
#6983 = PCURVE('',#5823,#6984);
#6984 = DEFINITIONAL_REPRESENTATION('',(#6985),#6989);
#6985 = LINE('',#6986,#6987);
#6986 = CARTESIAN_POINT('',(0.,2.));
#6987 = VECTOR('',#6988,1.);
#6988 = DIRECTION('',(1.,0.));
#6989 = ( GEOMETRIC_REPRESENTATION_CONTEXT(2) 
PARAMETRIC_REPRESENTATION_CONTEXT() REPRESENTATION_CONTEXT('2D SPACE',''
  ) );
#6990 = ORIENTED_EDGE('',*,*,#6991,.T.);
#6991 = EDGE_CURVE('',#6969,#5473,#6992,.T.);
#6992 = SURFACE_CURVE('',#6993,(#6998,#7009),.PCURVE_S1.);
#6993 = CIRCLE('',#6994,2.4);
#6994 = AXIS2_PLACEMENT_3D('',#6995,#6996,#6997);
#6995 = CARTESIAN_POINT('',(-16.4,0.59,21.42345860034));
#6996 = DIRECTION('',(0.,1.,0.));
#6997 = DIRECTION('',(0.,-0.,1.));
#6998 = PCURVE('',#5362,#6999);
#6999 = DEFINITIONAL_REPRESENTATION('',(#7000),#7008);
#7000 = ( BOUNDED_CURVE() B_SPLINE_CURVE(2,(#7001,#7002,#7003,#7004,
#7005,#7006,#7007),.UNSPECIFIED.,.T.,.F.) B_SPLINE_CURVE_WITH_KNOTS((1,2
    ,2,2,2,1),(-2.094395102393,0.,2.094395102393,4.188790204786,
6.28318530718,8.377580409573),.UNSPECIFIED.) CURVE() 
GEOMETRIC_REPRESENTATION_ITEM() RATIONAL_B_SPLINE_CURVE((1.,0.5,1.,0.5,
1.,0.5,1.)) REPRESENTATION_ITEM('') );
#7001 = CARTESIAN_POINT('',(6.614321448973,-16.4));
#7002 = CARTESIAN_POINT('',(6.614321448973,-12.24307806183));
#7003 = CARTESIAN_POINT('',(10.214321448973,-14.32153903091));
#7004 = CARTESIAN_POINT('',(13.814321448973,-16.4));
#7005 = CARTESIAN_POINT('',(10.214321448973,-18.47846096908));
#7006 = CARTESIAN_POINT('',(6.614321448973,-20.55692193816));
#7007 = CARTESIAN_POINT('',(6.614321448973,-16.4));
#7008 = ( GEOMETRIC_REPRESENTATION_CONTEXT(2) 
PARAMETRIC_REPRESENTATION_CONTEXT() REPRESENTATION_CONTEXT('2D SPACE',''
  ) );
#7009 = PCURVE('',#5488,#7010);
#7010 = DEFINITIONAL_REPRESENTATION('',(#7011),#7015);
#7011 = LINE('',#7012,#7013);
#7012 = CARTESIAN_POINT('',(-1.570796326795,4.));
#7013 = VECTOR('',#7014,1.);
#7014 = DIRECTION('',(1.,0.));
#7015 = ( GEOMETRIC_REPRESENTATION_CONTEXT(2) 
PARAMETRIC_REPRESENTATION_CONTEXT() REPRESENTATION_CONTEXT('2D SPACE',''
  ) );
#7016 = ORIENTED_EDGE('',*,*,#5546,.T.);
#7017 = ADVANCED_FACE('',(#7018),#5488,.F.);
#7018 = FACE_BOUND('',#7019,.F.);
#7019 = EDGE_LOOP('',(#7020,#7021,#7022,#7023));
#7020 = ORIENTED_EDGE('',*,*,#5835,.T.);
#7021 = ORIENTED_EDGE('',*,*,#5470,.T.);
#7022 = ORIENTED_EDGE('',*,*,#6991,.F.);
#7023 = ORIENTED_EDGE('',*,*,#7024,.F.);
#7024 = EDGE_CURVE('',#5808,#6969,#7025,.T.);
#7025 = SURFACE_CURVE('',#7026,(#7030,#7037),.PCURVE_S1.);
#7026 = LINE('',#7027,#7028);
#7027 = CARTESIAN_POINT('',(-14.,-3.41,21.42345860034));
#7028 = VECTOR('',#7029,1.);
#7029 = DIRECTION('',(0.,1.,0.));
#7030 = PCURVE('',#5488,#7031);
#7031 = DEFINITIONAL_REPRESENTATION('',(#7032),#7036);
#7032 = LINE('',#7033,#7034);
#7033 = CARTESIAN_POINT('',(0.,0.));
#7034 = VECTOR('',#7035,1.);
#7035 = DIRECTION('',(0.,1.));
#7036 = ( GEOMETRIC_REPRESENTATION_CONTEXT(2) 
PARAMETRIC_REPRESENTATION_CONTEXT() REPRESENTATION_CONTEXT('2D SPACE',''
  ) );
#7037 = PCURVE('',#5823,#7038);
#7038 = DEFINITIONAL_REPRESENTATION('',(#7039),#7043);
#7039 = LINE('',#7040,#7041);
#7040 = CARTESIAN_POINT('',(32.57654139966,-2.));
#7041 = VECTOR('',#7042,1.);
#7042 = DIRECTION('',(0.,1.));
#7043 = ( GEOMETRIC_REPRESENTATION_CONTEXT(2) 
PARAMETRIC_REPRESENTATION_CONTEXT() REPRESENTATION_CONTEXT('2D SPACE',''
  ) );
#7044 = ADVANCED_FACE('',(#7045),#5823,.F.);
#7045 = FACE_BOUND('',#7046,.F.);
#7046 = EDGE_LOOP('',(#7047,#7048,#7049,#7050));
#7047 = ORIENTED_EDGE('',*,*,#5807,.T.);
#7048 = ORIENTED_EDGE('',*,*,#7024,.T.);
#7049 = ORIENTED_EDGE('',*,*,#6968,.F.);
#7050 = ORIENTED_EDGE('',*,*,#7051,.F.);
#7051 = EDGE_CURVE('',#5775,#6941,#7052,.T.);
#7052 = SURFACE_CURVE('',#7053,(#7057,#7064),.PCURVE_S1.);
#7053 = LINE('',#7054,#7055);
#7054 = CARTESIAN_POINT('',(-14.,-3.41,51.6));
#7055 = VECTOR('',#7056,1.);
#7056 = DIRECTION('',(0.,1.,0.));
#7057 = PCURVE('',#5823,#7058);
#7058 = DEFINITIONAL_REPRESENTATION('',(#7059),#7063);
#7059 = LINE('',#7060,#7061);
#7060 = CARTESIAN_POINT('',(2.4,-2.));
#7061 = VECTOR('',#7062,1.);
#7062 = DIRECTION('',(0.,1.));
#7063 = ( GEOMETRIC_REPRESENTATION_CONTEXT(2) 
PARAMETRIC_REPRESENTATION_CONTEXT() REPRESENTATION_CONTEXT('2D SPACE',''
  ) );
#7064 = PCURVE('',#5795,#7065);
#7065 = DEFINITIONAL_REPRESENTATION('',(#7066),#7070);
#7066 = LINE('',#7067,#7068);
#7067 = CARTESIAN_POINT('',(0.,0.));
#7068 = VECTOR('',#7069,1.);
#7069 = DIRECTION('',(0.,1.));
#7070 = ( GEOMETRIC_REPRESENTATION_CONTEXT(2) 
PARAMETRIC_REPRESENTATION_CONTEXT() REPRESENTATION_CONTEXT('2D SPACE',''
  ) );
#7071 = ADVANCED_FACE('',(#7072),#5795,.T.);
#7072 = FACE_BOUND('',#7073,.T.);
#7073 = EDGE_LOOP('',(#7074,#7075,#7096,#7097));
#7074 = ORIENTED_EDGE('',*,*,#5774,.T.);
#7075 = ORIENTED_EDGE('',*,*,#7076,.T.);
#7076 = EDGE_CURVE('',#5747,#6918,#7077,.T.);
#7077 = SURFACE_CURVE('',#7078,(#7082,#7089),.PCURVE_S1.);
#7078 = LINE('',#7079,#7080);
#7079 = CARTESIAN_POINT('',(-11.6,-3.41,54.));
#7080 = VECTOR('',#7081,1.);
#7081 = DIRECTION('',(0.,1.,0.));
#7082 = PCURVE('',#5795,#7083);
#7083 = DEFINITIONAL_REPRESENTATION('',(#7084),#7088);
#7084 = LINE('',#7085,#7086);
#7085 = CARTESIAN_POINT('',(1.570796326795,0.));
#7086 = VECTOR('',#7087,1.);
#7087 = DIRECTION('',(0.,1.));
#7088 = ( GEOMETRIC_REPRESENTATION_CONTEXT(2) 
PARAMETRIC_REPRESENTATION_CONTEXT() REPRESENTATION_CONTEXT('2D SPACE',''
  ) );
#7089 = PCURVE('',#5762,#7090);
#7090 = DEFINITIONAL_REPRESENTATION('',(#7091),#7095);
#7091 = LINE('',#7092,#7093);
#7092 = CARTESIAN_POINT('',(25.6,-2.));
#7093 = VECTOR('',#7094,1.);
#7094 = DIRECTION('',(0.,1.));
#7095 = ( GEOMETRIC_REPRESENTATION_CONTEXT(2) 
PARAMETRIC_REPRESENTATION_CONTEXT() REPRESENTATION_CONTEXT('2D SPACE',''
  ) );
#7096 = ORIENTED_EDGE('',*,*,#6940,.F.);
#7097 = ORIENTED_EDGE('',*,*,#7051,.F.);
#7098 = ADVANCED_FACE('',(#7099),#5762,.F.);
#7099 = FACE_BOUND('',#7100,.F.);
#7100 = EDGE_LOOP('',(#7101,#7102,#7103,#7104));
#7101 = ORIENTED_EDGE('',*,*,#5746,.T.);
#7102 = ORIENTED_EDGE('',*,*,#7076,.T.);
#7103 = ORIENTED_EDGE('',*,*,#6917,.F.);
#7104 = ORIENTED_EDGE('',*,*,#7105,.T.);
#7105 = EDGE_CURVE('',#6890,#5714,#7106,.T.);
#7106 = SURFACE_CURVE('',#7107,(#7111,#7118),.PCURVE_S1.);
#7107 = LINE('',#7108,#7109);
#7108 = CARTESIAN_POINT('',(11.6,0.59,54.));
#7109 = VECTOR('',#7110,1.);
#7110 = DIRECTION('',(0.,-1.,0.));
#7111 = PCURVE('',#5762,#7112);
#7112 = DEFINITIONAL_REPRESENTATION('',(#7113),#7117);
#7113 = LINE('',#7114,#7115);
#7114 = CARTESIAN_POINT('',(2.4,2.));
#7115 = VECTOR('',#7116,1.);
#7116 = DIRECTION('',(0.,-1.));
#7117 = ( GEOMETRIC_REPRESENTATION_CONTEXT(2) 
PARAMETRIC_REPRESENTATION_CONTEXT() REPRESENTATION_CONTEXT('2D SPACE',''
  ) );
#7118 = PCURVE('',#5734,#7119);
#7119 = DEFINITIONAL_REPRESENTATION('',(#7120),#7124);
#7120 = LINE('',#7121,#7122);
#7121 = CARTESIAN_POINT('',(-0.,0.));
#7122 = VECTOR('',#7123,1.);
#7123 = DIRECTION('',(-0.,1.));
#7124 = ( GEOMETRIC_REPRESENTATION_CONTEXT(2) 
PARAMETRIC_REPRESENTATION_CONTEXT() REPRESENTATION_CONTEXT('2D SPACE',''
  ) );
#7125 = ADVANCED_FACE('',(#7126),#5734,.T.);
#7126 = FACE_BOUND('',#7127,.F.);
#7127 = EDGE_LOOP('',(#7128,#7129,#7150,#7151));
#7128 = ORIENTED_EDGE('',*,*,#6889,.T.);
#7129 = ORIENTED_EDGE('',*,*,#7130,.T.);
#7130 = EDGE_CURVE('',#6867,#5686,#7131,.T.);
#7131 = SURFACE_CURVE('',#7132,(#7136,#7143),.PCURVE_S1.);
#7132 = LINE('',#7133,#7134);
#7133 = CARTESIAN_POINT('',(14.,0.59,51.6));
#7134 = VECTOR('',#7135,1.);
#7135 = DIRECTION('',(0.,-1.,0.));
#7136 = PCURVE('',#5734,#7137);
#7137 = DEFINITIONAL_REPRESENTATION('',(#7138),#7142);
#7138 = LINE('',#7139,#7140);
#7139 = CARTESIAN_POINT('',(-1.570796326795,0.));
#7140 = VECTOR('',#7141,1.);
#7141 = DIRECTION('',(-0.,1.));
#7142 = ( GEOMETRIC_REPRESENTATION_CONTEXT(2) 
PARAMETRIC_REPRESENTATION_CONTEXT() REPRESENTATION_CONTEXT('2D SPACE',''
  ) );
#7143 = PCURVE('',#5701,#7144);
#7144 = DEFINITIONAL_REPRESENTATION('',(#7145),#7149);
#7145 = LINE('',#7146,#7147);
#7146 = CARTESIAN_POINT('',(31.,2.));
#7147 = VECTOR('',#7148,1.);
#7148 = DIRECTION('',(0.,-1.));
#7149 = ( GEOMETRIC_REPRESENTATION_CONTEXT(2) 
PARAMETRIC_REPRESENTATION_CONTEXT() REPRESENTATION_CONTEXT('2D SPACE',''
  ) );
#7150 = ORIENTED_EDGE('',*,*,#5713,.F.);
#7151 = ORIENTED_EDGE('',*,*,#7105,.F.);
#7152 = ADVANCED_FACE('',(#7153),#5701,.F.);
#7153 = FACE_BOUND('',#7154,.F.);
#7154 = EDGE_LOOP('',(#7155,#7156,#7157,#7158));
#7155 = ORIENTED_EDGE('',*,*,#5685,.T.);
#7156 = ORIENTED_EDGE('',*,*,#7130,.F.);
#7157 = ORIENTED_EDGE('',*,*,#6866,.F.);
#7158 = ORIENTED_EDGE('',*,*,#7159,.T.);
#7159 = EDGE_CURVE('',#6843,#5657,#7160,.T.);
#7160 = SURFACE_CURVE('',#7161,(#7165,#7172),.PCURVE_S1.);
#7161 = LINE('',#7162,#7163);
#7162 = CARTESIAN_POINT('',(14.,0.59,21.42345860034));
#7163 = VECTOR('',#7164,1.);
#7164 = DIRECTION('',(0.,-1.,0.));
#7165 = PCURVE('',#5701,#7166);
#7166 = DEFINITIONAL_REPRESENTATION('',(#7167),#7171);
#7167 = LINE('',#7168,#7169);
#7168 = CARTESIAN_POINT('',(0.82345860034,2.));
#7169 = VECTOR('',#7170,1.);
#7170 = DIRECTION('',(0.,-1.));
#7171 = ( GEOMETRIC_REPRESENTATION_CONTEXT(2) 
PARAMETRIC_REPRESENTATION_CONTEXT() REPRESENTATION_CONTEXT('2D SPACE',''
  ) );
#7172 = PCURVE('',#5673,#7173);
#7173 = DEFINITIONAL_REPRESENTATION('',(#7174),#7178);
#7174 = LINE('',#7175,#7176);
#7175 = CARTESIAN_POINT('',(0.,0.));
#7176 = VECTOR('',#7177,1.);
#7177 = DIRECTION('',(0.,1.));
#7178 = ( GEOMETRIC_REPRESENTATION_CONTEXT(2) 
PARAMETRIC_REPRESENTATION_CONTEXT() REPRESENTATION_CONTEXT('2D SPACE',''
  ) );
#7179 = ADVANCED_FACE('',(#7180),#5673,.F.);
#7180 = FACE_BOUND('',#7181,.F.);
#7181 = EDGE_LOOP('',(#7182,#7183,#7204,#7205));
#7182 = ORIENTED_EDGE('',*,*,#6842,.T.);
#7183 = ORIENTED_EDGE('',*,*,#7184,.T.);
#7184 = EDGE_CURVE('',#6820,#5629,#7185,.T.);
#7185 = SURFACE_CURVE('',#7186,(#7190,#7197),.PCURVE_S1.);
#7186 = LINE('',#7187,#7188);
#7187 = CARTESIAN_POINT('',(14.505554678297,0.59,19.950001127904));
#7188 = VECTOR('',#7189,1.);
#7189 = DIRECTION('',(0.,-1.,0.));
#7190 = PCURVE('',#5673,#7191);
#7191 = DEFINITIONAL_REPRESENTATION('',(#7192),#7196);
#7192 = LINE('',#7193,#7194);
#7193 = CARTESIAN_POINT('',(0.661043168851,0.));
#7194 = VECTOR('',#7195,1.);
#7195 = DIRECTION('',(0.,1.));
#7196 = ( GEOMETRIC_REPRESENTATION_CONTEXT(2) 
PARAMETRIC_REPRESENTATION_CONTEXT() REPRESENTATION_CONTEXT('2D SPACE',''
  ) );
#7197 = PCURVE('',#5644,#7198);
#7198 = DEFINITIONAL_REPRESENTATION('',(#7199),#7203);
#7199 = LINE('',#7200,#7201);
#7200 = CARTESIAN_POINT('',(10.578295650651,2.));
#7201 = VECTOR('',#7202,1.);
#7202 = DIRECTION('',(0.,-1.));
#7203 = ( GEOMETRIC_REPRESENTATION_CONTEXT(2) 
PARAMETRIC_REPRESENTATION_CONTEXT() REPRESENTATION_CONTEXT('2D SPACE',''
  ) );
#7204 = ORIENTED_EDGE('',*,*,#5656,.F.);
#7205 = ORIENTED_EDGE('',*,*,#7159,.F.);
#7206 = ADVANCED_FACE('',(#7207),#5644,.F.);
#7207 = FACE_BOUND('',#7208,.F.);
#7208 = EDGE_LOOP('',(#7209,#7210,#7211,#7212));
#7209 = ORIENTED_EDGE('',*,*,#5628,.T.);
#7210 = ORIENTED_EDGE('',*,*,#7184,.F.);
#7211 = ORIENTED_EDGE('',*,*,#6819,.F.);
#7212 = ORIENTED_EDGE('',*,*,#6791,.T.);
#7213 = ADVANCED_FACE('',(#7214,#7217),#6012,.F.);
#7214 = FACE_BOUND('',#7215,.F.);
#7215 = EDGE_LOOP('',(#7216));
#7216 = ORIENTED_EDGE('',*,*,#5903,.T.);
#7217 = FACE_BOUND('',#7218,.F.);
#7218 = EDGE_LOOP('',(#7219));
#7219 = ORIENTED_EDGE('',*,*,#7220,.F.);
#7220 = EDGE_CURVE('',#7221,#7221,#7223,.T.);
#7221 = VERTEX_POINT('',#7222);
#7222 = CARTESIAN_POINT('',(32.448331285167,-2.91315494888E-15,
    67.139568412669));
#7223 = SURFACE_CURVE('',#7224,(#7465,#7709),.PCURVE_S1.);
#7224 = B_SPLINE_CURVE_WITH_KNOTS('',8,(#7225,#7226,#7227,#7228,#7229,
    #7230,#7231,#7232,#7233,#7234,#7235,#7236,#7237,#7238,#7239,#7240,
    #7241,#7242,#7243,#7244,#7245,#7246,#7247,#7248,#7249,#7250,#7251,
    #7252,#7253,#7254,#7255,#7256,#7257,#7258,#7259,#7260,#7261,#7262,
    #7263,#7264,#7265,#7266,#7267,#7268,#7269,#7270,#7271,#7272,#7273,
    #7274,#7275,#7276,#7277,#7278,#7279,#7280,#7281,#7282,#7283,#7284,
    #7285,#7286,#7287,#7288,#7289,#7290,#7291,#7292,#7293,#7294,#7295,
    #7296,#7297,#7298,#7299,#7300,#7301,#7302,#7303,#7304,#7305,#7306,
    #7307,#7308,#7309,#7310,#7311,#7312,#7313,#7314,#7315,#7316,#7317,
    #7318,#7319,#7320,#7321,#7322,#7323,#7324,#7325,#7326,#7327,#7328,
    #7329,#7330,#7331,#7332,#7333,#7334,#7335,#7336,#7337,#7338,#7339,
    #7340,#7341,#7342,#7343,#7344,#7345,#7346,#7347,#7348,#7349,#7350,
    #7351,#7352,#7353,#7354,#7355,#7356,#7357,#7358,#7359,#7360,#7361,
    #7362,#7363,#7364,#7365,#7366,#7367,#7368,#7369,#7370,#7371,#7372,
    #7373,#7374,#7375,#7376,#7377,#7378,#7379,#7380,#7381,#7382,#7383,
    #7384,#7385,#7386,#7387,#7388,#7389,#7390,#7391,#7392,#7393,#7394,
    #7395,#7396,#7397,#7398,#7399,#7400,#7401,#7402,#7403,#7404,#7405,
    #7406,#7407,#7408,#7409,#7410,#7411,#7412,#7413,#7414,#7415,#7416,
    #7417,#7418,#7419,#7420,#7421,#7422,#7423,#7424,#7425,#7426,#7427,
    #7428,#7429,#7430,#7431,#7432,#7433,#7434,#7435,#7436,#7437,#7438,
    #7439,#7440,#7441,#7442,#7443,#7444,#7445,#7446,#7447,#7448,#7449,
    #7450,#7451,#7452,#7453,#7454,#7455,#7456,#7457,#7458,#7459,#7460,
    #7461,#7462,#7463,#7464),.UNSPECIFIED.,.T.,.F.,(9,7,7,7,7,7,7,7,7,7,
    7,7,7,7,7,7,7,7,7,7,7,7,7,7,7,7,7,7,7,7,7,7,7,7,9),(0.,
    2.785523099809E-02,7.612416293561E-02,0.106560776389,0.135901426646,
    0.144063280057,0.170991869658,0.211564948433,0.251380202539,
    0.260548170291,0.302317550656,0.346063853377,0.379531869765,
    0.429959758967,0.477309715579,0.504719501963,0.512834504014,
    0.522388258659,0.550414460296,0.580233822031,0.629541254222,
    0.662279532197,0.690024736018,0.710663278486,0.732020026779,
    0.742200059695,0.753305556821,0.773908124205,0.795305895201,
    0.815976434552,0.843754363521,0.876521173103,0.925894529337,
    0.97228805793,1.),.UNSPECIFIED.);
#7225 = CARTESIAN_POINT('',(32.448331285167,0.,67.139568412669));
#7226 = CARTESIAN_POINT('',(32.448331285168,-0.532344706114,
    67.139568412669));
#7227 = CARTESIAN_POINT('',(32.427267246361,-1.064826201537,
    67.132723930649));
#7228 = CARTESIAN_POINT('',(32.385152444377,-1.593852965692,
    67.119039282712));
#7229 = CARTESIAN_POINT('',(32.322675262851,-2.116764385506,
    67.098765643664));
#7230 = CARTESIAN_POINT('',(32.240919535093,-2.631716601319,
    67.072310191235));
#7231 = CARTESIAN_POINT('',(32.141111081929,-3.137502971918,
    67.040142059928));
#7232 = CARTESIAN_POINT('',(32.024470214756,-3.633451739251,
    67.002736960003));
#7233 = CARTESIAN_POINT('',(31.662671700378,-4.961351028909,
    66.887397405089));
#7234 = CARTESIAN_POINT('',(31.386144876236,-5.772556751095,
    66.799904364763));
#7235 = CARTESIAN_POINT('',(31.066999879905,-6.556628482335,
    66.699961474222));
#7236 = CARTESIAN_POINT('',(30.708012697871,-7.316797691447,
    66.588988314169));
#7237 = CARTESIAN_POINT('',(30.310810342889,-8.05568108741,
    66.468076810647));
#7238 = CARTESIAN_POINT('',(29.876082295553,-8.775697800831,
    66.338080489166));
#7239 = CARTESIAN_POINT('',(29.403453758061,-9.479206456085,
    66.199598841817));
#7240 = CARTESIAN_POINT('',(28.568090306787,-10.60336982706,
    65.960517003701));
#7241 = CARTESIAN_POINT('',(28.229598625412,-11.03205187561,
    65.864918616982));
#7242 = CARTESIAN_POINT('',(27.875516658391,-11.45498416878,
    65.766345776007));
#7243 = CARTESIAN_POINT('',(27.505670449006,-11.87232987136,
    65.664973637915));
#7244 = CARTESIAN_POINT('',(27.119876305947,-12.28413951287,
    65.560991751463));
#7245 = CARTESIAN_POINT('',(26.717956869085,-12.69036908802,
    65.454609136574));
#7246 = CARTESIAN_POINT('',(26.299755183954,-13.09089304541,
    65.346057804837));
#7247 = CARTESIAN_POINT('',(25.446187788286,-13.86592181786,
    65.129109197716));
#7248 = CARTESIAN_POINT('',(25.011986336849,-14.24084090809,
    65.020848114271));
#7249 = CARTESIAN_POINT('',(24.562441104219,-14.61008257832,
    64.911044243171));
#7250 = CARTESIAN_POINT('',(24.097483916931,-14.97339873121,
    64.799952540614));
#7251 = CARTESIAN_POINT('',(23.617086179334,-15.33048749173,
    64.687851375163));
#7252 = CARTESIAN_POINT('',(23.121275545848,-15.68100438634,
    64.575043501164));
#7253 = CARTESIAN_POINT('',(22.610136274416,-16.02457350794,
    64.461852826181));
#7254 = CARTESIAN_POINT('',(21.937343513797,-16.45432353851,
    64.317112469553));
#7255 = CARTESIAN_POINT('',(21.789746547777,-16.54728012025,
    64.28560914594));
#7256 = CARTESIAN_POINT('',(21.64097953332,-16.63965570951,
    64.254110544398));
#7257 = CARTESIAN_POINT('',(21.491045733985,-16.73144166038,
    64.222624094631));
#7258 = CARTESIAN_POINT('',(21.339947940472,-16.82262965294,
    64.191157162539));
#7259 = CARTESIAN_POINT('',(21.187688470621,-16.91321169327,
    64.159717050216));
#7260 = CARTESIAN_POINT('',(21.034269169409,-17.00318011337,
    64.128310995955));
#7261 = CARTESIAN_POINT('',(20.369689469104,-17.38731368223,
    63.993463500734));
#7262 = CARTESIAN_POINT('',(19.847090521655,-17.67533137935,
    63.890432480281));
#7263 = CARTESIAN_POINT('',(19.312028746962,-17.95626268211,
    63.788128241302));
#7264 = CARTESIAN_POINT('',(18.764698600015,-18.22975997637,
    63.686840793273));
#7265 = CARTESIAN_POINT('',(18.205348888091,-18.49546084979,
    63.586870197781));
#7266 = CARTESIAN_POINT('',(17.634277371585,-18.75299933968,
    63.488522034243));
#7267 = CARTESIAN_POINT('',(17.051825888013,-19.00201359362,
    63.39210316031));
#7268 = CARTESIAN_POINT('',(15.564230058193,-19.60396135369,
    63.156009429357));
#7269 = CARTESIAN_POINT('',(14.645078134344,-19.94563452166,
    63.019165270551));
#7270 = CARTESIAN_POINT('',(13.702204054757,-20.26596414063,
    62.888423866502));
#7271 = CARTESIAN_POINT('',(12.737065782551,-20.56380025268,
    62.764806242648));
#7272 = CARTESIAN_POINT('',(11.751268429771,-20.83807199211,
    62.649290675644));
#7273 = CARTESIAN_POINT('',(10.746578433558,-21.08778917925,
    62.542794233418));
#7274 = CARTESIAN_POINT('',(9.724955132439,-21.31204578717,
    62.446153898225));
#7275 = CARTESIAN_POINT('',(7.671554334544,-21.70435451025,
    62.275653650527));
#7276 = CARTESIAN_POINT('',(6.640369970534,-21.87336918281,
    62.201405862866));
#7277 = CARTESIAN_POINT('',(5.59705377362,-22.01635346899,
    62.138043198442));
#7278 = CARTESIAN_POINT('',(4.543758248747,-22.13268378443,
    62.086148133335));
#7279 = CARTESIAN_POINT('',(3.482756910015,-22.22185890535,
    62.046183760512));
#7280 = CARTESIAN_POINT('',(2.416435425211,-22.2835227287,
    62.018475027092));
#7281 = CARTESIAN_POINT('',(1.347251230091,-22.31749239578,
    62.003195315845));
#7282 = CARTESIAN_POINT('',(3.134637730484E-02,-22.32522838321,
    61.999715821558));
#7283 = CARTESIAN_POINT('',(-0.214969950665,-22.32520892638,
    61.999724761582));
#7284 = CARTESIAN_POINT('',(-0.4612842308,-22.3237207135,62.000394189624
    ));
#7285 = CARTESIAN_POINT('',(-0.707558462989,-22.32076306518,
    62.00172394946));
#7286 = CARTESIAN_POINT('',(-0.953774467679,-22.31633803911,
    62.003713541004));
#7287 = CARTESIAN_POINT('',(-1.199892369408,-22.31044494734,
    62.006361925455));
#7288 = CARTESIAN_POINT('',(-1.445890444655,-22.30308614311,
    62.009667794888));
#7289 = CARTESIAN_POINT('',(-2.811811401902,-22.25406599116,
    62.031678057795));
#7290 = CARTESIAN_POINT('',(-3.928754401061,-22.18347796669,
    62.063336817922));
#7291 = CARTESIAN_POINT('',(-5.03974218196,-22.0826802261,
    62.108435775931));
#7292 = CARTESIAN_POINT('',(-6.142032631171,-21.9520551215,
    62.166623952738));
#7293 = CARTESIAN_POINT('',(-7.232990314976,-21.792154813,
    62.237379473473));
#7294 = CARTESIAN_POINT('',(-8.310109661046,-21.60369235241,
    62.320027197612));
#7295 = CARTESIAN_POINT('',(-9.371032479903,-21.38753564882,
    62.413760923523));
#7296 = CARTESIAN_POINT('',(-11.50542362231,-20.89033959801,
    62.626491662189));
#7297 = CARTESIAN_POINT('',(-12.57717250793,-20.60669891349,
    62.746480681931));
#7298 = CARTESIAN_POINT('',(-13.62626821542,-20.2949073758,
    62.876587444591));
#7299 = CARTESIAN_POINT('',(-14.65045558228,-19.95625079843,
    63.015644329664));
#7300 = CARTESIAN_POINT('',(-15.64775087348,-19.59211995898,
    63.162401558699));
#7301 = CARTESIAN_POINT('',(-16.61643345752,-19.20397865899,
    63.315562983121));
#7302 = CARTESIAN_POINT('',(-17.55503799855,-18.79333589127,
    63.47381918655));
#7303 = CARTESIAN_POINT('',(-19.15648212341,-18.03151690773,
    63.759860578839));
#7304 = CARTESIAN_POINT('',(-19.83232794733,-17.68902398119,
    63.886073839308));
#7305 = CARTESIAN_POINT('',(-20.48934113754,-17.33492474325,
    64.013940043167));
#7306 = CARTESIAN_POINT('',(-21.12709062031,-16.9698933639,
    64.142892192178));
#7307 = CARTESIAN_POINT('',(-21.74525017662,-16.59458543191,
    64.272382682173));
#7308 = CARTESIAN_POINT('',(-22.34358999484,-16.20962625447,
    64.401890062303));
#7309 = CARTESIAN_POINT('',(-22.92196734631,-15.81559879914,
    64.530923801047));
#7310 = CARTESIAN_POINT('',(-24.32160805408,-14.80646320217,
    64.85204647262));
#7311 = CARTESIAN_POINT('',(-25.11743093122,-14.18050607752,
    65.042953740578));
#7312 = CARTESIAN_POINT('',(-25.86760601924,-13.53693024836,
    65.230196646523));
#7313 = CARTESIAN_POINT('',(-26.57242715497,-12.8771589147,
    65.412417118658));
#7314 = CARTESIAN_POINT('',(-27.23252394013,-12.20213753264,
    65.58846405898));
#7315 = CARTESIAN_POINT('',(-27.84873946659,-11.51223023267,
    65.757382061171));
#7316 = CARTESIAN_POINT('',(-28.4219634749,-10.80705170847,
    65.918364483162));
#7317 = CARTESIAN_POINT('',(-29.45135563212,-9.407296995759,
    66.213658680577));
#7318 = CARTESIAN_POINT('',(-29.91174654798,-8.715769861625,
    66.348773021246));
#7319 = CARTESIAN_POINT('',(-30.33566693774,-8.00823805553,
    66.475673161514));
#7320 = CARTESIAN_POINT('',(-30.72344084462,-7.282445563687,
    66.5937875064));
#7321 = CARTESIAN_POINT('',(-31.07438810401,-6.536079448143,
    66.702303445282));
#7322 = CARTESIAN_POINT('',(-31.38694514696,-5.766648156153,
    66.800181897198));
#7323 = CARTESIAN_POINT('',(-31.65848597011,-4.971095668275,
    66.886081467724));
#7324 = CARTESIAN_POINT('',(-32.01579868762,-3.668379772878,
    66.999962300504));
#7325 = CARTESIAN_POINT('',(-32.13158690541,-3.181071171788,
    67.037081684886));
#7326 = CARTESIAN_POINT('',(-32.23114567249,-2.684233654558,
    67.069157045453));
#7327 = CARTESIAN_POINT('',(-32.3133231493,-2.178460134394,
    67.095738374576));
#7328 = CARTESIAN_POINT('',(-32.37694966165,-1.664850052415,
    67.116377573326));
#7329 = CARTESIAN_POINT('',(-32.42097005362,-1.145108032453,
    67.130677976052));
#7330 = CARTESIAN_POINT('',(-32.44468328762,-0.621711215484,
    67.138383056004));
#7331 = CARTESIAN_POINT('',(-32.44900688662,5.706875376614E-02,
    67.139787937588));
#7332 = CARTESIAN_POINT('',(-32.44820914142,0.212161954892,
    67.139528737115));
#7333 = CARTESIAN_POINT('',(-32.44562481396,0.36721474324,
    67.138688947963));
#7334 = CARTESIAN_POINT('',(-32.44125640271,0.522151816226,
    67.137269504533));
#7335 = CARTESIAN_POINT('',(-32.43511025147,0.676900559066,
    67.135272788231));
#7336 = CARTESIAN_POINT('',(-32.4271967078,0.831390555588,
    67.132702671929));
#7337 = CARTESIAN_POINT('',(-32.41753028163,0.985553099048,
    67.129564564413));
#7338 = CARTESIAN_POINT('',(-32.39270807345,1.3203505968,67.12151051014)
  );
#7339 = CARTESIAN_POINT('',(-32.37685496682,1.50120597171,
    67.116368936035));
#7340 = CARTESIAN_POINT('',(-32.35857607764,1.681867629744,
    67.110443991245));
#7341 = CARTESIAN_POINT('',(-32.33787740165,1.862316976739,
    67.103739426221));
#7342 = CARTESIAN_POINT('',(-32.31476530122,2.042535867346,
    67.096259465341));
#7343 = CARTESIAN_POINT('',(-32.28924647021,2.222506450079,
    67.088008789105));
#7344 = CARTESIAN_POINT('',(-32.26132789866,2.402211012353,
    67.078992516327));
#7345 = CARTESIAN_POINT('',(-32.14209850747,3.107967708639,
    67.040537053773));
#7346 = CARTESIAN_POINT('',(-32.03376140377,3.62493548596,
    67.005694546778));
#7347 = CARTESIAN_POINT('',(-31.90722401106,4.131697422481,
    66.965157853446));
#7348 = CARTESIAN_POINT('',(-31.76370285379,4.628024741232,
    66.919411023221));
#7349 = CARTESIAN_POINT('',(-31.60426226603,5.114072169,66.868896868636)
  );
#7350 = CARTESIAN_POINT('',(-31.42974733611,5.590278870064,
    66.813991796536));
#7351 = CARTESIAN_POINT('',(-31.24074087992,6.057336285885,
    66.754993254119));
#7352 = CARTESIAN_POINT('',(-30.82122510357,7.004346985848,
    66.62518578201));
#7353 = CARTESIAN_POINT('',(-30.58895844433,7.4829333082,66.553901205118
    ));
#7354 = CARTESIAN_POINT('',(-30.34109292063,7.952863036721,
    66.478523570484));
#7355 = CARTESIAN_POINT('',(-30.0778579195,8.414890040152,
    66.399282089818));
#7356 = CARTESIAN_POINT('',(-29.79935284208,8.869629950138,
    66.316376400591));
#7357 = CARTESIAN_POINT('',(-29.50557004177,9.317592713001,
    66.22998585551));
#7358 = CARTESIAN_POINT('',(-29.19640131129,9.75920511897,66.14027439463
    ));
#7359 = CARTESIAN_POINT('',(-28.3346263989,10.91515020893,
    65.893813671069));
#7360 = CARTESIAN_POINT('',(-27.75513634982,11.618880986146,
    65.731615879598));
#7361 = CARTESIAN_POINT('',(-27.13247351118,12.307388933611,
    65.56155888905));
#7362 = CARTESIAN_POINT('',(-26.46574524299,12.980972855079,
    65.384464558763));
#7363 = CARTESIAN_POINT('',(-25.75413195385,13.639188852277,
    65.201311148878));
#7364 = CARTESIAN_POINT('',(-24.99703743962,14.281030976324,
    65.013274474894));
#7365 = CARTESIAN_POINT('',(-24.19419923504,14.905039371337,
    64.821734872629));
#7366 = CARTESIAN_POINT('',(-22.7825634839,15.910686918826,
    64.499811786994));
#7367 = CARTESIAN_POINT('',(-22.19921494187,16.303309855553,
    64.370505625364));
#7368 = CARTESIAN_POINT('',(-21.5958734435,16.686739186211,
    64.240812341633));
#7369 = CARTESIAN_POINT('',(-20.97269433625,17.060383669142,
    64.111229037349));
#7370 = CARTESIAN_POINT('',(-20.32992233607,17.423610096151,
    63.982283517936));
#7371 = CARTESIAN_POINT('',(-19.66790132192,17.775755071874,
    63.85452938505));
#7372 = CARTESIAN_POINT('',(-18.98708207549,18.116137468799,
    63.728538893498));
#7373 = CARTESIAN_POINT('',(-17.69559000198,18.721990822655,
    63.500106001706));
#7374 = CARTESIAN_POINT('',(-17.09004385264,18.99097466202,
    63.397000803711));
#7375 = CARTESIAN_POINT('',(-16.47172639533,19.250607412191,
    63.295931184445));
#7376 = CARTESIAN_POINT('',(-15.84102023277,19.500476242371,
    63.197253228079));
#7377 = CARTESIAN_POINT('',(-15.19835404616,19.740174750078,
    63.101322321774));
#7378 = CARTESIAN_POINT('',(-14.54420365725,19.969306407989,
    63.008489393146));
#7379 = CARTESIAN_POINT('',(-13.87909379956,20.187487862374,
    62.919096960641));
#7380 = CARTESIAN_POINT('',(-12.70112834379,20.5482300662,
    62.769784257772));
#7381 = CARTESIAN_POINT('',(-12.19290789204,20.695846769194,
    62.708179463183));
#7382 = CARTESIAN_POINT('',(-11.67917548498,20.837051318885,
    62.64879637394));
#7383 = CARTESIAN_POINT('',(-11.16018053647,20.971698547799,
    62.591766596108));
#7384 = CARTESIAN_POINT('',(-10.63618552284,21.099649745617,
    62.537216677108));
#7385 = CARTESIAN_POINT('',(-10.10746587316,21.220773410612,
    62.485267201886));
#7386 = CARTESIAN_POINT('',(-9.574309859651,21.334946001075,
    62.436031889085));
#7387 = CARTESIAN_POINT('',(-8.481029778864,21.552886604899,
    62.341586271072));
#7388 = CARTESIAN_POINT('',(-7.920610886207,21.656154702421,
    62.296575485135));
#7389 = CARTESIAN_POINT('',(-7.356094609561,21.751729839799,
    62.254701720522));
#7390 = CARTESIAN_POINT('',(-6.787825349478,21.839495512991,
    62.216073233491));
#7391 = CARTESIAN_POINT('',(-6.216158163256,21.919346648213,
    62.180788209936));
#7392 = CARTESIAN_POINT('',(-5.641458091244,21.991190274944,
    62.148933924947));
#7393 = CARTESIAN_POINT('',(-5.064099753714,22.05494607717,
    62.120585997429));
#7394 = CARTESIAN_POINT('',(-4.208176173962,22.137049800444,
    62.083996790153));
#7395 = CARTESIAN_POINT('',(-3.931461181781,22.161690965081,
    62.073000872014));
#7396 = CARTESIAN_POINT('',(-3.65435679644,22.18446594871,
    62.062825562239));
#7397 = CARTESIAN_POINT('',(-3.376897862852,22.205370789112,
    62.053475907835));
#7398 = CARTESIAN_POINT('',(-3.099119508191,22.224401938255,
    62.044956416842));
#7399 = CARTESIAN_POINT('',(-2.821057133929,22.241556270642,
    62.037271049224));
#7400 = CARTESIAN_POINT('',(-2.542746407873,22.256831091661,
    62.030423207764));
#7401 = CARTESIAN_POINT('',(-1.960379635446,22.284834759363,
    62.017862111783));
#7402 = CARTESIAN_POINT('',(-1.656283195812,22.297205952368,
    62.012308598345));
#7403 = CARTESIAN_POINT('',(-1.351981440975,22.307334519638,
    62.007758877918));
#7404 = CARTESIAN_POINT('',(-1.047518272243,22.315218983674,
    62.004215797185));
#7405 = CARTESIAN_POINT('',(-0.742944516037,22.320856570437,
    62.001681462412));
#7406 = CARTESIAN_POINT('',(-0.438303171381,22.324247042963,
    62.000157091837));
#7407 = CARTESIAN_POINT('',(-0.13364342927,22.32539070743,61.99964314425
    ));
#7408 = CARTESIAN_POINT('',(0.736129887132,22.322238876718,
    62.001059532622));
#7409 = CARTESIAN_POINT('',(1.301189498979,22.312456724839,
    62.005456027179));
#7410 = CARTESIAN_POINT('',(1.865812068207,22.29494605666,
    62.013326479171));
#7411 = CARTESIAN_POINT('',(2.429639922535,22.269720780087,
    62.024657071055));
#7412 = CARTESIAN_POINT('',(2.992317446829,22.236806931122,
    62.03942229012));
#7413 = CARTESIAN_POINT('',(3.553493168661,22.196243221999,
    62.05758518053));
#7414 = CARTESIAN_POINT('',(4.112820374407,22.148080264802,
    62.079097763946));
#7415 = CARTESIAN_POINT('',(5.248599461086,22.034530928474,
    62.129662471372));
#7416 = CARTESIAN_POINT('',(5.824879294746,21.968551492314,
    62.158973564776));
#7417 = CARTESIAN_POINT('',(6.398413783623,21.894512285871,
    62.191769016324));
#7418 = CARTESIAN_POINT('',(6.968829576588,21.812496772546,
    62.227970903608));
#7419 = CARTESIAN_POINT('',(7.535763817319,21.722600821066,
    62.267489811135));
#7420 = CARTESIAN_POINT('',(8.098864431175,21.624931874078,
    62.310225617542));
#7421 = CARTESIAN_POINT('',(8.657790483882,21.519608275647,
    62.356068344729));
#7422 = CARTESIAN_POINT('',(9.747791968412,21.29774458027,
    62.452070216074));
#7423 = CARTESIAN_POINT('',(10.279170409909,21.181706923982,
    62.50202988787));
#7424 = CARTESIAN_POINT('',(10.806051288985,21.05876167847,
    62.554670956838));
#7425 = CARTESIAN_POINT('',(11.328150289554,20.929033259866,
    62.609878688508));
#7426 = CARTESIAN_POINT('',(11.845195608521,20.79265393017,
    62.667531638361));
#7427 = CARTESIAN_POINT('',(12.356928137311,20.649763116684,
    62.727502548823));
#7428 = CARTESIAN_POINT('',(12.863101643411,20.500506731439,
    62.789659246248));
#7429 = CARTESIAN_POINT('',(14.035916128804,20.136109126302,
    62.940148618343));
#7430 = CARTESIAN_POINT('',(14.697894355226,19.915958467028,
    63.030133758054));
#7431 = CARTESIAN_POINT('',(15.348848254858,19.684953373397,
    63.123490158505));
#7432 = CARTESIAN_POINT('',(15.988259902348,19.443479220271,
    63.21987493465));
#7433 = CARTESIAN_POINT('',(16.615661350903,19.191933811898,
    63.318937461417));
#7434 = CARTESIAN_POINT('',(17.230633101402,18.930723569383,
    63.420323392742));
#7435 = CARTESIAN_POINT('',(17.832802513039,18.66025999051,
    63.523678353203));
#7436 = CARTESIAN_POINT('',(19.116672566427,18.051490201481,
    63.752477258989));
#7437 = CARTESIAN_POINT('',(19.793249146009,17.709716079263,
    63.878557351919));
#7438 = CARTESIAN_POINT('',(20.451027040623,17.35631447189,
    64.006314505055));
#7439 = CARTESIAN_POINT('',(21.089572777716,16.991958571454,
    64.135181929846));
#7440 = CARTESIAN_POINT('',(21.708556707398,16.617303452537,
    64.264611786544));
#7441 = CARTESIAN_POINT('',(22.307744840986,16.232974696286,
    64.394081960471));
#7442 = CARTESIAN_POINT('',(22.886990086532,15.839556491568,
    64.523100953174));
#7443 = CARTESIAN_POINT('',(24.2888804469,14.831875831693,
    64.844248219592));
#7444 = CARTESIAN_POINT('',(25.086102228941,14.206738144162,
    65.035222031616));
#7445 = CARTESIAN_POINT('',(25.837693237569,13.563945931214,
    65.222575670955));
#7446 = CARTESIAN_POINT('',(26.543936485772,12.90493575868,
    65.404946460335));
#7447 = CARTESIAN_POINT('',(27.205457385387,12.230668349347,
    65.58117985642));
#7448 = CARTESIAN_POINT('',(27.823097853728,11.541523616201,
    65.750317635555));
#7449 = CARTESIAN_POINT('',(28.397747263118,10.837133883228,
    65.911550585488));
#7450 = CARTESIAN_POINT('',(29.430279776674,9.43851634042,
    66.207493389264));
#7451 = CARTESIAN_POINT('',(29.892337461296,8.74729650831,
    66.342993298315));
#7452 = CARTESIAN_POINT('',(30.317880278065,8.040113756233,
    66.470292151509));
#7453 = CARTESIAN_POINT('',(30.707245828221,7.314732442436,
    66.588818998173));
#7454 = CARTESIAN_POINT('',(31.059778927869,6.56885003195,
    66.697766214692));
#7455 = CARTESIAN_POINT('',(31.373950781377,5.799975905463,
    66.796103630392));
#7456 = CARTESIAN_POINT('',(31.647174917496,5.005045582528,
    66.882500892225));
#7457 = CARTESIAN_POINT('',(32.011513590781,3.688113571924,
    66.998582786044));
#7458 = CARTESIAN_POINT('',(32.131610011769,3.185274897664,
    67.037080266246));
#7459 = CARTESIAN_POINT('',(32.234434902567,2.672247315945,
    67.070211957274));
#7460 = CARTESIAN_POINT('',(32.318712253364,2.149695992203,
    67.097479678564));
#7461 = CARTESIAN_POINT('',(32.383152551286,1.618848248351,
    67.118389444095));
#7462 = CARTESIAN_POINT('',(32.426602001404,1.081605062359,
    67.13250776807));
#7463 = CARTESIAN_POINT('',(32.448331285167,0.540738239141,
    67.139568412669));
#7464 = CARTESIAN_POINT('',(32.448331285167,7.176481631177E-13,
    67.139568412669));
#7465 = PCURVE('',#6012,#7466);
#7466 = DEFINITIONAL_REPRESENTATION('',(#7467),#7708);
#7467 = B_SPLINE_CURVE_WITH_KNOTS('',8,(#7468,#7469,#7470,#7471,#7472,
    #7473,#7474,#7475,#7476,#7477,#7478,#7479,#7480,#7481,#7482,#7483,
    #7484,#7485,#7486,#7487,#7488,#7489,#7490,#7491,#7492,#7493,#7494,
    #7495,#7496,#7497,#7498,#7499,#7500,#7501,#7502,#7503,#7504,#7505,
    #7506,#7507,#7508,#7509,#7510,#7511,#7512,#7513,#7514,#7515,#7516,
    #7517,#7518,#7519,#7520,#7521,#7522,#7523,#7524,#7525,#7526,#7527,
    #7528,#7529,#7530,#7531,#7532,#7533,#7534,#7535,#7536,#7537,#7538,
    #7539,#7540,#7541,#7542,#7543,#7544,#7545,#7546,#7547,#7548,#7549,
    #7550,#7551,#7552,#7553,#7554,#7555,#7556,#7557,#7558,#7559,#7560,
    #7561,#7562,#7563,#7564,#7565,#7566,#7567,#7568,#7569,#7570,#7571,
    #7572,#7573,#7574,#7575,#7576,#7577,#7578,#7579,#7580,#7581,#7582,
    #7583,#7584,#7585,#7586,#7587,#7588,#7589,#7590,#7591,#7592,#7593,
    #7594,#7595,#7596,#7597,#7598,#7599,#7600,#7601,#7602,#7603,#7604,
    #7605,#7606,#7607,#7608,#7609,#7610,#7611,#7612,#7613,#7614,#7615,
    #7616,#7617,#7618,#7619,#7620,#7621,#7622,#7623,#7624,#7625,#7626,
    #7627,#7628,#7629,#7630,#7631,#7632,#7633,#7634,#7635,#7636,#7637,
    #7638,#7639,#7640,#7641,#7642,#7643,#7644,#7645,#7646,#7647,#7648,
    #7649,#7650,#7651,#7652,#7653,#7654,#7655,#7656,#7657,#7658,#7659,
    #7660,#7661,#7662,#7663,#7664,#7665,#7666,#7667,#7668,#7669,#7670,
    #7671,#7672,#7673,#7674,#7675,#7676,#7677,#7678,#7679,#7680,#7681,
    #7682,#7683,#7684,#7685,#7686,#7687,#7688,#7689,#7690,#7691,#7692,
    #7693,#7694,#7695,#7696,#7697,#7698,#7699,#7700,#7701,#7702,#7703,
    #7704,#7705,#7706,#7707),.UNSPECIFIED.,.F.,.F.,(9,7,7,7,7,7,7,7,7,7,
    7,7,7,7,7,7,7,7,7,7,7,7,7,7,7,7,7,7,7,7,7,7,7,7,9),(0.,
    2.785523099809E-02,7.612416293561E-02,0.106560776389,0.135901426646,
    0.144063280057,0.170991869658,0.211564948433,0.251380202539,
    0.260548170291,0.302317550656,0.346063853377,0.379531869765,
    0.429959758967,0.477309715579,0.504719501963,0.512834504014,
    0.522388258659,0.550414460296,0.580233822031,0.629541254222,
    0.662279532197,0.690024736018,0.710663278486,0.732020026779,
    0.742200059695,0.753305556821,0.773908124205,0.795305895201,
    0.815976434552,0.843754363521,0.876521173103,0.925894529337,
    0.97228805793,1.),.UNSPECIFIED.);
#7468 = CARTESIAN_POINT('',(2.827417897892,120.));
#7469 = CARTESIAN_POINT('',(2.827417897892,119.46765529388));
#7470 = CARTESIAN_POINT('',(2.82762883268,118.93517379846));
#7471 = CARTESIAN_POINT('',(2.8280505693,118.4061470343));
#7472 = CARTESIAN_POINT('',(2.828676133404,117.8832356145));
#7473 = CARTESIAN_POINT('',(2.829494509558,117.36828339867));
#7474 = CARTESIAN_POINT('',(2.830493215418,116.86249702808));
#7475 = CARTESIAN_POINT('',(2.831659801975,116.36654826074));
#7476 = CARTESIAN_POINT('',(2.835276359739,115.03864897109));
#7477 = CARTESIAN_POINT('',(2.838038621113,114.2274432489));
#7478 = CARTESIAN_POINT('',(2.84122362649,113.44337151766));
#7479 = CARTESIAN_POINT('',(2.844802130783,112.68320230855));
#7480 = CARTESIAN_POINT('',(2.848756313167,111.94431891258));
#7481 = CARTESIAN_POINT('',(2.853077622945,111.22430219917));
#7482 = CARTESIAN_POINT('',(2.857767993741,110.52079354391));
#7483 = CARTESIAN_POINT('',(2.866043259299,109.39663017293));
#7484 = CARTESIAN_POINT('',(2.869393071068,108.96794812438));
#7485 = CARTESIAN_POINT('',(2.872893475073,108.54501583121));
#7486 = CARTESIAN_POINT('',(2.876545674565,108.12767012863));
#7487 = CARTESIAN_POINT('',(2.880350948264,107.71586048712));
#7488 = CARTESIAN_POINT('',(2.884310495059,107.30963091197));
#7489 = CARTESIAN_POINT('',(2.888425301569,106.90910695458));
#7490 = CARTESIAN_POINT('',(2.896812982834,106.13407818213));
#7491 = CARTESIAN_POINT('',(2.901074791563,105.7591590919));
#7492 = CARTESIAN_POINT('',(2.905481954285,105.38991742167));
#7493 = CARTESIAN_POINT('',(2.910034639806,105.02660126878));
#7494 = CARTESIAN_POINT('',(2.914732633382,104.66951250826));
#7495 = CARTESIAN_POINT('',(2.919575185484,104.31899561365));
#7496 = CARTESIAN_POINT('',(2.924561020553,103.97542649205));
#7497 = CARTESIAN_POINT('',(2.931115172235,103.54567646148));
#7498 = CARTESIAN_POINT('',(2.932552518757,103.45271987974));
#7499 = CARTESIAN_POINT('',(2.934000754304,103.36034429049));
#7500 = CARTESIAN_POINT('',(2.935459838312,103.26855833961));
#7501 = CARTESIAN_POINT('',(2.936929735052,103.17737034705));
#7502 = CARTESIAN_POINT('',(2.938410413619,103.08678830673));
#7503 = CARTESIAN_POINT('',(2.939901847942,102.99681988662));
#7504 = CARTESIAN_POINT('',(2.946360156764,102.61268631777));
#7505 = CARTESIAN_POINT('',(2.951433016944,102.32466862064));
#7506 = CARTESIAN_POINT('',(2.956621009406,102.04373731789));
#7507 = CARTESIAN_POINT('',(2.961921992116,101.77024002362));
#7508 = CARTESIAN_POINT('',(2.967333335983,101.5045391502));
#7509 = CARTESIAN_POINT('',(2.972851984963,101.24700066031));
#7510 = CARTESIAN_POINT('',(2.978474509197,100.99798640637));
#7511 = CARTESIAN_POINT('',(2.992819407561,100.3960386463));
#7512 = CARTESIAN_POINT('',(3.001669312424,100.05436547833));
#7513 = CARTESIAN_POINT('',(3.010734216275,99.734035859361));
#7514 = CARTESIAN_POINT('',(3.020000074775,99.43619974732));
#7515 = CARTESIAN_POINT('',(3.029451734061,99.161928007885));
#7516 = CARTESIAN_POINT('',(3.03907280307,98.912210820748));
#7517 = CARTESIAN_POINT('',(3.048845340634,98.687954212826));
#7518 = CARTESIAN_POINT('',(3.068468837983,98.295645489742));
#7519 = CARTESIAN_POINT('',(3.078314473864,98.126630817183));
#7520 = CARTESIAN_POINT('',(3.088268075717,97.983646531009));
#7521 = CARTESIAN_POINT('',(3.098310305779,97.867316215564));
#7522 = CARTESIAN_POINT('',(3.108420879323,97.778141094641));
#7523 = CARTESIAN_POINT('',(3.118578594953,97.716477271292));
#7524 = CARTESIAN_POINT('',(3.128761650801,97.682507604214));
#7525 = CARTESIAN_POINT('',(3.141294121782,97.674771616787));
#7526 = CARTESIAN_POINT('',(3.143639983146,97.674791073616));
#7527 = CARTESIAN_POINT('',(3.145985828041,97.676279286501));
#7528 = CARTESIAN_POINT('',(3.148331314245,97.679236934819));
#7529 = CARTESIAN_POINT('',(3.150676288289,97.683661960885));
#7530 = CARTESIAN_POINT('',(3.153020389998,97.689555052651));
#7531 = CARTESIAN_POINT('',(3.155363431974,97.69691385689));
#7532 = CARTESIAN_POINT('',(3.168373891792,97.745934008836));
#7533 = CARTESIAN_POINT('',(3.179014921291,97.816522033304));
#7534 = CARTESIAN_POINT('',(3.189603154455,97.917319773891));
#7535 = CARTESIAN_POINT('',(3.200114235809,98.047944878498));
#7536 = CARTESIAN_POINT('',(3.21052466677,98.207845186997));
#7537 = CARTESIAN_POINT('',(3.220811949204,98.396307647587));
#7538 = CARTESIAN_POINT('',(3.23095469679,98.612464351177));
#7539 = CARTESIAN_POINT('',(3.251382946129,99.109660401986));
#7540 = CARTESIAN_POINT('',(3.261653089746,99.393301086507));
#7541 = CARTESIAN_POINT('',(3.271719848984,99.705092624196));
#7542 = CARTESIAN_POINT('',(3.281562234621,100.04374920156));
#7543 = CARTESIAN_POINT('',(3.291161439898,100.40788004101));
#7544 = CARTESIAN_POINT('',(3.300500769941,100.796021341));
#7545 = CARTESIAN_POINT('',(3.309565605556,101.20666410872));
#7546 = CARTESIAN_POINT('',(3.325058835628,101.96848309226));
#7547 = CARTESIAN_POINT('',(3.331606536534,102.3109760188));
#7548 = CARTESIAN_POINT('',(3.337980903136,102.66507525674));
#7549 = CARTESIAN_POINT('',(3.344177308522,103.0301066361));
#7550 = CARTESIAN_POINT('',(3.350192047828,103.40541456808));
#7551 = CARTESIAN_POINT('',(3.356022277633,103.79037374553));
#7552 = CARTESIAN_POINT('',(3.36166594685,104.18440120085));
#7553 = CARTESIAN_POINT('',(3.375342196621,105.19353679783));
#7554 = CARTESIAN_POINT('',(3.383136105912,105.81949392247));
#7555 = CARTESIAN_POINT('',(3.390499326447,106.46306975163));
#7556 = CARTESIAN_POINT('',(3.397432169941,107.12284108529));
#7557 = CARTESIAN_POINT('',(3.403938214219,107.79786246735));
#7558 = CARTESIAN_POINT('',(3.410023232684,108.48776976732));
#7559 = CARTESIAN_POINT('',(3.415693620319,109.19294829152));
#7560 = CARTESIAN_POINT('',(3.425892757165,110.59270300424));
#7561 = CARTESIAN_POINT('',(3.430462271772,111.28423013837));
#7562 = CARTESIAN_POINT('',(3.434676525817,111.99176194447));
#7563 = CARTESIAN_POINT('',(3.438537053359,112.7175544363));
#7564 = CARTESIAN_POINT('',(3.442035494273,113.46392055186));
#7565 = CARTESIAN_POINT('',(3.445154750005,114.23335184384));
#7566 = CARTESIAN_POINT('',(3.447867160023,115.02890433172));
#7567 = CARTESIAN_POINT('',(3.451438794584,116.33162022712));
#7568 = CARTESIAN_POINT('',(3.452596817676,116.81892882821));
#7569 = CARTESIAN_POINT('',(3.453592989224,117.31576634544));
#7570 = CARTESIAN_POINT('',(3.454415556003,117.8215398656));
#7571 = CARTESIAN_POINT('',(3.455052606227,118.33514994758));
#7572 = CARTESIAN_POINT('',(3.455493415253,118.85489196754));
#7573 = CARTESIAN_POINT('',(3.455730878362,119.37828878451));
#7574 = CARTESIAN_POINT('',(3.455774174736,120.05706875376));
#7575 = CARTESIAN_POINT('',(3.455766186183,120.21216195489));
#7576 = CARTESIAN_POINT('',(3.455740306653,120.36721474324));
#7577 = CARTESIAN_POINT('',(3.455696561528,120.52215181622));
#7578 = CARTESIAN_POINT('',(3.455635015276,120.67690055906));
#7579 = CARTESIAN_POINT('',(3.45555577302,120.83139055558));
#7580 = CARTESIAN_POINT('',(3.455458982102,120.98555309904));
#7581 = CARTESIAN_POINT('',(3.455210447201,121.3203505968));
#7582 = CARTESIAN_POINT('',(3.455051723045,121.50120597171));
#7583 = CARTESIAN_POINT('',(3.45486872143,121.68186762974));
#7584 = CARTESIAN_POINT('',(3.454661507684,121.86231697673));
#7585 = CARTESIAN_POINT('',(3.454430151843,122.04253586734));
#7586 = CARTESIAN_POINT('',(3.454174728266,122.22250645007));
#7587 = CARTESIAN_POINT('',(3.453895315261,122.40221101235));
#7588 = CARTESIAN_POINT('',(3.452702195517,123.10796770863));
#7589 = CARTESIAN_POINT('',(3.451618365941,123.62493548596));
#7590 = CARTESIAN_POINT('',(3.450352920888,124.13169742248));
#7591 = CARTESIAN_POINT('',(3.448918299082,124.62802474123));
#7592 = CARTESIAN_POINT('',(3.447325435516,125.114072169));
#7593 = CARTESIAN_POINT('',(3.445583078977,125.59027887006));
#7594 = CARTESIAN_POINT('',(3.443697364068,126.05733628588));
#7595 = CARTESIAN_POINT('',(3.439515083485,127.00434698584));
#7596 = CARTESIAN_POINT('',(3.437201190108,127.4829333082));
#7597 = CARTESIAN_POINT('',(3.434733836781,127.95286303672));
#7598 = CARTESIAN_POINT('',(3.432115731143,128.41489004015));
#7599 = CARTESIAN_POINT('',(3.429348303152,128.86962995013));
#7600 = CARTESIAN_POINT('',(3.426431937175,129.317592713));
#7601 = CARTESIAN_POINT('',(3.423366040971,129.75920511897));
#7602 = CARTESIAN_POINT('',(3.414829610368,130.91515020893));
#7603 = CARTESIAN_POINT('',(3.409098640133,131.61888098614));
#7604 = CARTESIAN_POINT('',(3.402951539408,132.30738893361));
#7605 = CARTESIAN_POINT('',(3.396381907323,132.98097285507));
#7606 = CARTESIAN_POINT('',(3.389384220431,133.63918885227));
#7607 = CARTESIAN_POINT('',(3.381955239431,134.28103097632));
#7608 = CARTESIAN_POINT('',(3.37409495909,134.90503937133));
#7609 = CARTESIAN_POINT('',(3.360305647225,135.91068691882));
#7610 = CARTESIAN_POINT('',(3.35461520174,136.30330985555));
#7611 = CARTESIAN_POINT('',(3.348738039461,136.68673918621));
#7612 = CARTESIAN_POINT('',(3.342676329274,137.06038366914));
#7613 = CARTESIAN_POINT('',(3.336433051678,137.42361009615));
#7614 = CARTESIAN_POINT('',(3.330012072213,137.77575507187));
#7615 = CARTESIAN_POINT('',(3.323418195092,138.11613746879));
#7616 = CARTESIAN_POINT('',(3.310927351781,138.72199082265));
#7617 = CARTESIAN_POINT('',(3.305077365465,138.99097466202));
#7618 = CARTESIAN_POINT('',(3.29911069661,139.25060741219));
#7619 = CARTESIAN_POINT('',(3.293031186995,139.50047624237));
#7620 = CARTESIAN_POINT('',(3.286843057744,139.74017475007));
#7621 = CARTESIAN_POINT('',(3.28055091412,139.96930640798));
#7622 = CARTESIAN_POINT('',(3.274159759069,140.18748786237));
#7623 = CARTESIAN_POINT('',(3.262851275314,140.5482300662));
#7624 = CARTESIAN_POINT('',(3.257975722969,140.69584676919));
#7625 = CARTESIAN_POINT('',(3.253050582421,140.83705131888));
#7626 = CARTESIAN_POINT('',(3.248078181084,140.97169854779));
#7627 = CARTESIAN_POINT('',(3.24306094933,141.09964974561));
#7628 = CARTESIAN_POINT('',(3.238001419974,141.22077341061));
#7629 = CARTESIAN_POINT('',(3.232902227751,141.33494600107));
#7630 = CARTESIAN_POINT('',(3.222451256766,141.55288660489));
#7631 = CARTESIAN_POINT('',(3.217096844203,141.65615470242));
#7632 = CARTESIAN_POINT('',(3.211705896336,141.75172983979));
#7633 = CARTESIAN_POINT('',(3.206281526643,141.83949551299));
#7634 = CARTESIAN_POINT('',(3.200826929473,141.91934664821));
#7635 = CARTESIAN_POINT('',(3.195345375713,141.99119027494));
#7636 = CARTESIAN_POINT('',(3.189840211503,142.05494607717));
#7637 = CARTESIAN_POINT('',(3.181681113555,142.13704980044));
#7638 = CARTESIAN_POINT('',(3.179043664704,142.16169096508));
#7639 = CARTESIAN_POINT('',(3.176402816679,142.18446594871));
#7640 = CARTESIAN_POINT('',(3.173758874917,142.20537078911));
#7641 = CARTESIAN_POINT('',(3.17111214706,142.22440193825));
#7642 = CARTESIAN_POINT('',(3.168462942944,142.24155627064));
#7643 = CARTESIAN_POINT('',(3.16581157459,142.25683109166));
#7644 = CARTESIAN_POINT('',(3.160263934379,142.28483475936));
#7645 = CARTESIAN_POINT('',(3.157367310722,142.29720595236));
#7646 = CARTESIAN_POINT('',(3.154468901338,142.30733451964));
#7647 = CARTESIAN_POINT('',(3.151569087633,142.31521898366));
#7648 = CARTESIAN_POINT('',(3.148668316681,142.32085657044));
#7649 = CARTESIAN_POINT('',(3.145766960817,142.32424704296));
#7650 = CARTESIAN_POINT('',(3.142865451281,142.32539070743));
#7651 = CARTESIAN_POINT('',(3.134581884904,142.32223887671));
#7652 = CARTESIAN_POINT('',(3.12920030374,142.31245672483));
#7653 = CARTESIAN_POINT('',(3.123822593411,142.29494605666));
#7654 = CARTESIAN_POINT('',(3.118451923197,142.26972078008));
#7655 = CARTESIAN_POINT('',(3.113091446195,142.23680693112));
#7656 = CARTESIAN_POINT('',(3.107744282386,142.19624322199));
#7657 = CARTESIAN_POINT('',(3.102413515533,142.1480802648));
#7658 = CARTESIAN_POINT('',(3.091585857476,142.03453092847));
#7659 = CARTESIAN_POINT('',(3.086090493502,141.96855149231));
#7660 = CARTESIAN_POINT('',(3.080619518112,141.89451228587));
#7661 = CARTESIAN_POINT('',(3.075176268884,141.81249677254));
#7662 = CARTESIAN_POINT('',(3.06976399982,141.72260082106));
#7663 = CARTESIAN_POINT('',(3.0643858811,141.62493187407));
#7664 = CARTESIAN_POINT('',(3.059044997666,141.51960827564));
#7665 = CARTESIAN_POINT('',(3.048623845291,141.29774458027));
#7666 = CARTESIAN_POINT('',(3.043540868444,141.18170692398));
#7667 = CARTESIAN_POINT('',(3.038498115039,141.05876167847));
#7668 = CARTESIAN_POINT('',(3.033498186535,140.92903325986));
#7669 = CARTESIAN_POINT('',(3.028543585667,140.79265393017));
#7670 = CARTESIAN_POINT('',(3.023636715191,140.64976311668));
#7671 = CARTESIAN_POINT('',(3.018779876635,140.50050673143));
#7672 = CARTESIAN_POINT('',(3.007518637882,140.1361091263));
#7673 = CARTESIAN_POINT('',(3.001156280686,139.91595846702));
#7674 = CARTESIAN_POINT('',(2.994893566724,139.68495337339));
#7675 = CARTESIAN_POINT('',(2.988735444388,139.44347922027));
#7676 = CARTESIAN_POINT('',(2.982686453469,139.19193381189));
#7677 = CARTESIAN_POINT('',(2.97675073612,138.93072356938));
#7678 = CARTESIAN_POINT('',(2.970932046522,138.66025999051));
#7679 = CARTESIAN_POINT('',(2.958512066812,138.05149020148));
#7680 = CARTESIAN_POINT('',(2.951957757486,137.70971607926));
#7681 = CARTESIAN_POINT('',(2.945576440993,137.35631447189));
#7682 = CARTESIAN_POINT('',(2.939372763259,136.99195857145));
#7683 = CARTESIAN_POINT('',(2.933350458645,136.61730345253));
#7684 = CARTESIAN_POINT('',(2.927512407942,136.23297469628));
#7685 = CARTESIAN_POINT('',(2.921860702112,135.83955649156));
#7686 = CARTESIAN_POINT('',(2.908163516513,134.83187583169));
#7687 = CARTESIAN_POINT('',(2.900356505362,134.20673814416));
#7688 = CARTESIAN_POINT('',(2.892979948116,133.56394593121));
#7689 = CARTESIAN_POINT('',(2.886033635831,132.90493575868));
#7690 = CARTESIAN_POINT('',(2.879514030923,132.23066834934));
#7691 = CARTESIAN_POINT('',(2.873415372331,131.5415236162));
#7692 = CARTESIAN_POINT('',(2.8677312705,130.83713388322));
#7693 = CARTESIAN_POINT('',(2.857501681411,129.43851634042));
#7694 = CARTESIAN_POINT('',(2.852915901896,128.74729650831));
#7695 = CARTESIAN_POINT('',(2.848685757186,128.04011375623));
#7696 = CARTESIAN_POINT('',(2.844809585057,127.31473244244));
#7697 = CARTESIAN_POINT('',(2.841295502235,126.56885003194));
#7698 = CARTESIAN_POINT('',(2.838160264276,125.79997590546));
#7699 = CARTESIAN_POINT('',(2.835431139809,125.00504558252));
#7700 = CARTESIAN_POINT('',(2.831789385541,123.68811357192));
#7701 = CARTESIAN_POINT('',(2.830588284127,123.18527489766));
#7702 = CARTESIAN_POINT('',(2.829559420428,122.67224731594));
#7703 = CARTESIAN_POINT('',(2.828715813701,122.1496959922));
#7704 = CARTESIAN_POINT('',(2.828070596181,121.61884824835));
#7705 = CARTESIAN_POINT('',(2.827635494427,121.08160506235));
#7706 = CARTESIAN_POINT('',(2.827417897892,120.54073823914));
#7707 = CARTESIAN_POINT('',(2.827417897892,120.));
#7708 = ( GEOMETRIC_REPRESENTATION_CONTEXT(2) 
PARAMETRIC_REPRESENTATION_CONTEXT() REPRESENTATION_CONTEXT('2D SPACE',''
  ) );
#7709 = PCURVE('',#7710,#7897);
#7710 = ( BOUNDED_SURFACE() B_SPLINE_SURFACE(2,13,(
    (#7711,#7712,#7713,#7714,#7715,#7716,#7717,#7718,#7719,#7720,#7721
      ,#7722,#7723,#7724,#7725,#7726,#7727,#7728,#7729,#7730,#7731,#7732
      ,#7733,#7734,#7735,#7736,#7737,#7738,#7739,#7740,#7741,#7742,#7743
      ,#7744,#7745,#7746,#7747,#7748,#7749,#7750,#7751,#7752,#7753,#7754
      ,#7755,#7756,#7757,#7758,#7759,#7760,#7761,#7762,#7763,#7764,#7765
      ,#7766,#7767,#7768,#7769,#7770,#7771,#7772)
    ,(#7773,#7774,#7775,#7776,#7777,#7778,#7779,#7780,#7781,#7782,#7783
      ,#7784,#7785,#7786,#7787,#7788,#7789,#7790,#7791,#7792,#7793,#7794
      ,#7795,#7796,#7797,#7798,#7799,#7800,#7801,#7802,#7803,#7804,#7805
      ,#7806,#7807,#7808,#7809,#7810,#7811,#7812,#7813,#7814,#7815,#7816
      ,#7817,#7818,#7819,#7820,#7821,#7822,#7823,#7824,#7825,#7826,#7827
      ,#7828,#7829,#7830,#7831,#7832,#7833,#7834)
    ,(#7835,#7836,#7837,#7838,#7839,#7840,#7841,#7842,#7843,#7844,#7845
      ,#7846,#7847,#7848,#7849,#7850,#7851,#7852,#7853,#7854,#7855,#7856
      ,#7857,#7858,#7859,#7860,#7861,#7862,#7863,#7864,#7865,#7866,#7867
      ,#7868,#7869,#7870,#7871,#7872,#7873,#7874,#7875,#7876,#7877,#7878
      ,#7879,#7880,#7881,#7882,#7883,#7884,#7885,#7886,#7887,#7888,#7889
      ,#7890,#7891,#7892,#7893,#7894,#7895,#7896
)),.UNSPECIFIED.,.F.,.T.,.F.) B_SPLINE_SURFACE_WITH_KNOTS((3,3),(14,12,
    12,12,12,14),(0.,175.72456237565),(-1.936154659898E-15,
    22.855667877424,43.860771440735,87.822296124201,131.73505717482,
175.72456237565),.UNSPECIFIED.) GEOMETRIC_REPRESENTATION_ITEM() 
RATIONAL_B_SPLINE_SURFACE((
    (1.,1.,0.999999999999,1.000000000003,0.999999999995,1.000000000008
      ,0.99999999999,1.00000000001,0.999999999992,1.000000000005
      ,0.999999999998,1.000000000001,1.,1.,1.,1.000000000001
      ,0.999999999998,1.000000000003,0.999999999997,1.000000000003
      ,0.999999999997,1.000000000002,0.999999999999,1.,1.,1.
      ,1.000000000001,0.999999999998,1.000000000004,0.999999999994
      ,1.000000000007,0.999999999993,1.000000000005,0.999999999997
      ,1.000000000001,1.,1.,1.,1.,0.999999999999,1.000000000002
      ,0.999999999997,1.000000000003,0.999999999997,1.000000000002
      ,0.999999999999,1.000000000001,1.,1.,1.,1.,0.999999999999
      ,1.000000000003,0.999999999996,1.000000000004,0.999999999996
      ,1.000000000003,0.999999999999,1.000000000001,1.,1.,1.)
    ,(0.807223514883,0.807223514883,0.805897636897,0.803250885487
      ,0.799376932187,0.794490204269,0.788861812149,0.782751364008
      ,0.77637230275,0.769891404098,0.763443491463,0.757140257702
      ,0.751067331578,0.739992709353,0.734944753623,0.730206773892
      ,0.725823806797,0.721833791306,0.718269195467,0.715158154461
      ,0.7125251201,0.710391021581,0.708772937704,0.707683280363
      ,0.70712848946,0.707062764405,0.709358191378,0.713992824739
      ,0.72086446155,0.72976427197,0.740316865871,0.752440718437
      ,0.765453706805,0.778927729252,0.792414710376,0.802210369977
      ,0.807169797142,0.807276542946,0.802439088569,0.792713942394
      ,0.779390063151,0.765691577398,0.753008905866,0.740516722467
      ,0.730200229328,0.721100431861,0.714234278576,0.70951506961
      ,0.707144667703,0.7070694837,0.709372839294,0.714033377151
      ,0.720874247215,0.729886311636,0.740319078566,0.752592511978
      ,0.765533304867,0.779058023061,0.792534135909,0.802311387096
      ,0.807223514883,0.807223514883)
    ,(1.,1.,0.999999999999,1.000000000003,0.999999999995,1.000000000008
      ,0.99999999999,1.00000000001,0.999999999992,1.000000000005
      ,0.999999999998,1.000000000001,1.,1.,1.,1.000000000001
      ,0.999999999998,1.000000000003,0.999999999997,1.000000000003
      ,0.999999999997,1.000000000002,0.999999999999,1.,1.,1.
      ,1.000000000001,0.999999999998,1.000000000004,0.999999999994
      ,1.000000000007,0.999999999993,1.000000000005,0.999999999997
      ,1.000000000001,1.,1.,1.,1.,0.999999999999,1.000000000002
      ,0.999999999997,1.000000000003,0.999999999997,1.000000000002
      ,0.999999999999,1.000000000001,1.,1.,1.,1.,0.999999999999
      ,1.000000000003,0.999999999996,1.000000000004,0.999999999996
      ,1.000000000003,0.999999999999,1.000000000001,1.,1.,1.
))) REPRESENTATION_ITEM('') SURFACE() );
#7711 = CARTESIAN_POINT('',(32.5,-5.510910596163E-15,67.448600615019));
#7712 = CARTESIAN_POINT('',(32.500000000002,-1.468844086421,
    67.448600615019));
#7713 = CARTESIAN_POINT('',(32.349844817921,-2.938194096647,
    67.403735620337));
#7714 = CARTESIAN_POINT('',(32.049919576338,-4.395433463465,
    67.314123272587));
#7715 = CARTESIAN_POINT('',(31.602180006576,-5.831305632262,
    67.181094279398));
#7716 = CARTESIAN_POINT('',(31.011543577116,-7.235562770767,
    67.007619088906));
#7717 = CARTESIAN_POINT('',(30.28503676668,-8.598627560586,
    66.798052838409));
#7718 = CARTESIAN_POINT('',(29.430424386619,-9.913386465335,
    66.557650091714));
#7719 = CARTESIAN_POINT('',(28.455219228493,-11.17513236813,
    66.292119094639));
#7720 = CARTESIAN_POINT('',(27.366345723646,-12.38015703701,
    66.007336577069));
#7721 = CARTESIAN_POINT('',(26.170309664203,-13.52455947585,
    65.709228509266));
#7722 = CARTESIAN_POINT('',(24.873507455714,-14.60448488401,
    65.403739684823));
#7723 = CARTESIAN_POINT('',(23.482292739013,-15.61724065305,
    65.096765546819));
#7724 = CARTESIAN_POINT('',(20.642724966769,-17.42556413199,
    64.515563032333));
#7725 = CARTESIAN_POINT('',(19.208129205945,-18.23204653488,
    64.24073042341));
#7726 = CARTESIAN_POINT('',(17.703680434694,-18.97667088857,
    63.973747052658));
#7727 = CARTESIAN_POINT('',(16.134139350102,-19.6569971397,
    63.718894632227));
#7728 = CARTESIAN_POINT('',(14.504463081205,-20.2705046526,
    63.480327404762));
#7729 = CARTESIAN_POINT('',(12.820034609378,-20.81464232201,
    63.261998169925));
#7730 = CARTESIAN_POINT('',(11.086823791628,-21.28689624072,
    63.067577943084));
#7731 = CARTESIAN_POINT('',(9.311479985831,-21.68487492021,
    62.900369245991));
#7732 = CARTESIAN_POINT('',(7.501356279368,-22.00641206662,
    62.763213029709));
#7733 = CARTESIAN_POINT('',(5.664465319239,-22.24968690971,
    62.658389229469));
#7734 = CARTESIAN_POINT('',(3.809366745833,-22.41336208679,
    62.587510951782));
#7735 = CARTESIAN_POINT('',(1.944986228256,-22.49673908013,
    62.551412293531));
#7736 = CARTESIAN_POINT('',(-3.822092336216,-22.50661200657,
    62.547136362085));
#7737 = CARTESIAN_POINT('',(-7.725635050046,-22.16194169739,
    62.696454477567));
#7738 = CARTESIAN_POINT('',(-11.55060912792,-21.46497677682,
    62.998156922706));
#7739 = CARTESIAN_POINT('',(-15.20999628113,-20.43045933314,
    63.438047628183));
#7740 = CARTESIAN_POINT('',(-18.64026273744,-19.0746367572,
    63.985767133784));
#7741 = CARTESIAN_POINT('',(-21.78516932077,-17.44025910968,
    64.6033166303));
#7742 = CARTESIAN_POINT('',(-24.61472518121,-15.53644658897,
    65.249389226514));
#7743 = CARTESIAN_POINT('',(-27.09379458819,-13.38659791416,
    65.884644201959));
#7744 = CARTESIAN_POINT('',(-29.17737574641,-11.01789065231,
    66.46691189477));
#7745 = CARTESIAN_POINT('',(-30.81805901333,-8.427064468393,
    66.946033789892));
#7746 = CARTESIAN_POINT('',(-31.93262684227,-5.682715482244,
    67.279094065759));
#7747 = CARTESIAN_POINT('',(-32.49391584293,-2.858442200449,
    67.446782743172));
#7748 = CARTESIAN_POINT('',(-32.50600604683,2.788608931014,
    67.450395148489));
#7749 = CARTESIAN_POINT('',(-31.95855098008,5.611076555036,
    67.286787510268));
#7750 = CARTESIAN_POINT('',(-30.85409046009,8.358677815326,
    66.956949416166));
#7751 = CARTESIAN_POINT('',(-29.23984993446,10.941604876242,
    66.483721205814));
#7752 = CARTESIAN_POINT('',(-27.14378470324,13.330623093423,
    65.899628663799));
#7753 = CARTESIAN_POINT('',(-24.71368270258,15.465492207002,
    65.271739833178));
#7754 = CARTESIAN_POINT('',(-21.86133992712,17.387651122912,
    64.621158816255));
#7755 = CARTESIAN_POINT('',(-18.75421856538,19.023008577516,
    64.006384457567));
#7756 = CARTESIAN_POINT('',(-15.32379361802,20.386801251717,
    63.455270433848));
#7757 = CARTESIAN_POINT('',(-11.67824831236,21.431040808706,
    63.012814473703));
#7758 = CARTESIAN_POINT('',(-7.863187642988,22.137988418471,
    62.706785803784));
#7759 = CARTESIAN_POINT('',(-3.966072858663,22.494308864559,
    62.552464813732));
#7760 = CARTESIAN_POINT('',(3.836995396647,22.505602655343,
    62.547573506768));
#7761 = CARTESIAN_POINT('',(7.742693832048,22.159231403974,
    62.697510319412));
#7762 = CARTESIAN_POINT('',(11.570281588815,21.462211845703,
    63.000141257037));
#7763 = CARTESIAN_POINT('',(15.228816115696,20.417929211911,
    63.440555581635));
#7764 = CARTESIAN_POINT('',(18.663810727565,19.079404351188,
    63.989614377691));
#7765 = CARTESIAN_POINT('',(21.8052798799,17.405301425408,64.60790130175
    ));
#7766 = CARTESIAN_POINT('',(24.634622391817,15.548879489144,
    65.253387032472));
#7767 = CARTESIAN_POINT('',(27.116765209701,13.345744811058,
    65.891073854321));
#7768 = CARTESIAN_POINT('',(29.193086958401,11.009076995048,
    66.471132858456));
#7769 = CARTESIAN_POINT('',(30.833892487849,8.398453054365,
    66.950704238681));
#7770 = CARTESIAN_POINT('',(31.943882167153,5.655504426235,
    67.28245129407));
#7771 = CARTESIAN_POINT('',(32.499999999999,2.827040362945,
    67.448600615019));
#7772 = CARTESIAN_POINT('',(32.5,0.,67.448600615019));
#7773 = CARTESIAN_POINT('',(32.5,8.057790545912E-16,66.753955855316));
#7774 = CARTESIAN_POINT('',(32.500000000001,-1.447826519949,
    66.753955855316));
#7775 = CARTESIAN_POINT('',(32.353897993444,-2.900892278702,
    66.706425393533));
#7776 = CARTESIAN_POINT('',(32.0606549085,-4.346706870074,66.61103673726
    ));
#7777 = CARTESIAN_POINT('',(31.620859226788,-5.774928404173,
    66.468961905335));
#7778 = CARTESIAN_POINT('',(31.038848741127,-7.173796478612,
    66.283696847056));
#7779 = CARTESIAN_POINT('',(30.321693240884,-8.532409187833,
    66.060508728966));
#7780 = CARTESIAN_POINT('',(29.477430296775,-9.842970453103,
    65.80555648488));
#7781 = CARTESIAN_POINT('',(28.513752333929,-11.10078004785,
    65.5252090848));
#7782 = CARTESIAN_POINT('',(27.437560705495,-12.30243668544,
    65.22573644473));
#7783 = CARTESIAN_POINT('',(26.255201394919,-13.44420997585,
    64.913289958662));
#7784 = CARTESIAN_POINT('',(24.97279892556,-14.52234632516,
    64.593936650364));
#7785 = CARTESIAN_POINT('',(23.596145469715,-15.5347028319,
    64.273547009045));
#7786 = CARTESIAN_POINT('',(20.763330356068,-17.35811751579,
    63.663036119042));
#7787 = CARTESIAN_POINT('',(19.320441504831,-18.17703746138,
    63.372715584776));
#7788 = CARTESIAN_POINT('',(17.807221196757,-18.93241650641,
    63.091371501556));
#7789 = CARTESIAN_POINT('',(16.228895151971,-19.62185627462,
    62.823463418837));
#7790 = CARTESIAN_POINT('',(14.590714564864,-20.24300056173,
    62.573225343313));
#7791 = CARTESIAN_POINT('',(12.898139358687,-20.79352925951,
    62.344626747209));
#7792 = CARTESIAN_POINT('',(11.156993023606,-21.27117034011,
    62.141322527677));
#7793 = CARTESIAN_POINT('',(9.373581051387,-21.67373510544,
    61.966591694104));
#7794 = CARTESIAN_POINT('',(7.554763642493,-21.99918053282,
    61.823264872062));
#7795 = CARTESIAN_POINT('',(5.707972671831,-22.24570077698,
    61.713641282905));
#7796 = CARTESIAN_POINT('',(3.841162989574,-22.41184789619,
    61.639396610021));
#7797 = CARTESIAN_POINT('',(1.962689040549,-22.49667964174,
    61.601484008383));
#7798 = CARTESIAN_POINT('',(-3.8572400485,-22.5067331538,61.596990669257
    ));
#7799 = CARTESIAN_POINT('',(-7.770761185904,-22.15694972275,
    61.753422720303));
#7800 = CARTESIAN_POINT('',(-11.58416824578,-21.45579578338,
    62.066257477627));
#7801 = CARTESIAN_POINT('',(-15.22228238448,-20.42619094295,
    62.519559179883));
#7802 = CARTESIAN_POINT('',(-18.63257807019,-19.07314813008,
    63.082876597073));
#7803 = CARTESIAN_POINT('',(-21.76592804362,-17.45518362064,
    63.720942313256));
#7804 = CARTESIAN_POINT('',(-24.59577001386,-15.55301267654,
    64.395555459567));
#7805 = CARTESIAN_POINT('',(-27.07928696366,-13.40252336146,
    65.064354096188));
#7806 = CARTESIAN_POINT('',(-29.17652722789,-11.03667285558,
    65.687287330331));
#7807 = CARTESIAN_POINT('',(-30.83626999169,-8.407845823132,
    66.212892685028));
#7808 = CARTESIAN_POINT('',(-31.94536234349,-5.635820933518,
    66.573520540445));
#7809 = CARTESIAN_POINT('',(-32.49408940303,-2.817725303387,
    66.75203305297));
#7810 = CARTESIAN_POINT('',(-32.50583394142,2.748521400708,
    66.755853720449));
#7811 = CARTESIAN_POINT('',(-31.97085119332,5.564277208942,
    66.581772649565));
#7812 = CARTESIAN_POINT('',(-30.87220324052,8.338801008937,
    66.224585428309));
#7813 = CARTESIAN_POINT('',(-29.23936981504,10.960928041103,
    65.70582679715));
#7814 = CARTESIAN_POINT('',(-27.12870088477,13.344739037268,
    65.079175341598));
#7815 = CARTESIAN_POINT('',(-24.69661556814,15.484459821309,
    64.420738340085));
#7816 = CARTESIAN_POINT('',(-21.84029851574,17.399524456456,
    63.737865481797));
#7817 = CARTESIAN_POINT('',(-18.74863230886,19.023746479165,
    63.105608680979));
#7818 = CARTESIAN_POINT('',(-15.33508636606,20.381139645656,
    62.53677843908));
#7819 = CARTESIAN_POINT('',(-11.71249892345,21.42206034962,
    62.081697524935));
#7820 = CARTESIAN_POINT('',(-7.908631217827,22.13265426445,
    61.764173000418));
#7821 = CARTESIAN_POINT('',(-4.002078051897,22.494205266948,
    61.602589913086));
#7822 = CARTESIAN_POINT('',(3.872241303042,22.505705249458,
    61.597450080997));
#7823 = CARTESIAN_POINT('',(7.787755105702,22.154106074865,
    61.754492189248));
#7824 = CARTESIAN_POINT('',(11.604295190531,21.453708901538,
    62.068508685141));
#7825 = CARTESIAN_POINT('',(15.239601515054,20.411383176488,
    62.521572326737));
#7826 = CARTESIAN_POINT('',(18.658107452738,19.082812992275,
    63.087854084807));
#7827 = CARTESIAN_POINT('',(21.783419028095,17.413515469376,
    63.724399444334));
#7828 = CARTESIAN_POINT('',(24.617382748277,15.572281980176,
    64.400814820846));
#7829 = CARTESIAN_POINT('',(27.10081668003,13.357532519208,
    65.070299973709));
#7830 = CARTESIAN_POINT('',(29.192781292488,11.029820992954,
    65.692157374136));
#7831 = CARTESIAN_POINT('',(30.851761392953,8.378934713121,
    66.217777485989));
#7832 = CARTESIAN_POINT('',(31.956471392319,5.60869001691,
    66.577138236215));
#7833 = CARTESIAN_POINT('',(32.499999999999,2.786588480286,
    66.753955855316));
#7834 = CARTESIAN_POINT('',(32.5,-2.893518757929E-14,66.753955855316));
#7835 = CARTESIAN_POINT('',(31.838058625661,0.,66.543325944998));
#7836 = CARTESIAN_POINT('',(31.838058625661,-1.379924983278,
    66.543325944997));
#7837 = CARTESIAN_POINT('',(31.695638788251,-2.760332419697,
    66.498007191305));
#7838 = CARTESIAN_POINT('',(31.411159383191,-4.130812840125,
    66.407490016815));
#7839 = CARTESIAN_POINT('',(30.98594304619,-5.484284111613,
    66.273127350643));
#7840 = CARTESIAN_POINT('',(30.423525568422,-6.812211466217,
    66.09795983219));
#7841 = CARTESIAN_POINT('',(29.729194025785,-8.106000906307,
    65.886416505506));
#7842 = CARTESIAN_POINT('',(28.90906603466,-9.358774302215,
    65.643801417276));
#7843 = CARTESIAN_POINT('',(27.969374591375,-10.56550316919,
    65.375856054348));
#7844 = CARTESIAN_POINT('',(26.916178119751,-11.72188563888,
    65.088498581304));
#7845 = CARTESIAN_POINT('',(25.755415001638,-12.82339749303,
    64.787713279063));
#7846 = CARTESIAN_POINT('',(24.493066018222,-13.86563333579,
    64.479497438405));
#7847 = CARTESIAN_POINT('',(23.135176762501,-14.84537801994,
    64.169768229995));
#7848 = CARTESIAN_POINT('',(20.357278178761,-16.59828630488,
    63.583351257685));
#7849 = CARTESIAN_POINT('',(18.951199819645,-17.38173471698,
    63.306050760158));
#7850 = CARTESIAN_POINT('',(17.474162955522,-18.10643586862,
    63.036665171419));
#7851 = CARTESIAN_POINT('',(15.930916651984,-18.76961116574,
    62.779513951681));
#7852 = CARTESIAN_POINT('',(14.326463578492,-19.36845335866,
    62.538789280365));
#7853 = CARTESIAN_POINT('',(12.666272321216,-19.90017321012,
    62.318480895124));
#7854 = CARTESIAN_POINT('',(10.956424654734,-20.36206358341,
    62.122294600807));
#7855 = CARTESIAN_POINT('',(9.203697774045,-20.75158095962,
    61.953564448411));
#7856 = CARTESIAN_POINT('',(7.415581485497,-21.06644437223,
    61.815158583945));
#7857 = CARTESIAN_POINT('',(5.600230357612,-21.30475177216,
    61.709378767293));
#7858 = CARTESIAN_POINT('',(3.766350831424,-21.46511381082,
    61.637853560998));
#7859 = CARTESIAN_POINT('',(1.923023290198,-21.5468050512,
    61.601425189025));
#7860 = CARTESIAN_POINT('',(-3.778931463431,-21.556478239,
    61.597110215124));
#7861 = CARTESIAN_POINT('',(-7.638400575792,-21.21876953305,
    61.747787762011));
#7862 = CARTESIAN_POINT('',(-11.41810560614,-20.53599589244,
    62.052262388064));
#7863 = CARTESIAN_POINT('',(-15.0289698198,-19.52278835175,
    62.496100341784));
#7864 = CARTESIAN_POINT('',(-18.40708177389,-18.19803377136,
    63.048924073681));
#7865 = CARTESIAN_POINT('',(-21.49449145304,-16.60336883428,
    63.671827681739));
#7866 = CARTESIAN_POINT('',(-24.25998145002,-14.75348422249,
    64.323815523313));
#7867 = CARTESIAN_POINT('',(-26.67029720671,-12.67414393434,
    64.964820328157));
#7868 = CARTESIAN_POINT('',(-28.67954125925,-10.39527348973,
    65.551841262537));
#7869 = CARTESIAN_POINT('',(-30.24258756344,-7.927099469872,
    66.035722309759));
#7870 = CARTESIAN_POINT('',(-31.29989836731,-5.339014845352,
    66.372092475448));
#7871 = CARTESIAN_POINT('',(-31.83228711254,-2.685402364056,
    66.54148945023));
#7872 = CARTESIAN_POINT('',(-31.84375603383,2.619788625194,
    66.545138859567));
#7873 = CARTESIAN_POINT('',(-31.32461751484,5.271045397142,
    66.379896131724));
#7874 = CARTESIAN_POINT('',(-30.27623268234,7.864282144281,
    66.046594160569));
#7875 = CARTESIAN_POINT('',(-28.74108868068,10.317578604056,
    65.569141995583));
#7876 = CARTESIAN_POINT('',(-26.71600053081,12.627030386314,
    64.979394792472));
#7877 = CARTESIAN_POINT('',(-24.36002298471,14.677198268594,
    64.347020736879));
#7878 = CARTESIAN_POINT('',(-21.56540316626,16.558442751109,
    63.689218794245));
#7879 = CARTESIAN_POINT('',(-18.52171650715,18.143776285958,
    63.070149351573));
#7880 = CARTESIAN_POINT('',(-15.13980035488,19.481813854822,
    62.513277078587));
#7881 = CARTESIAN_POINT('',(-11.54440690379,20.502284050478,
    62.06711149342));
#7882 = CARTESIAN_POINT('',(-7.77431032341,21.19536768262,
    61.758206347121));
#7883 = CARTESIAN_POINT('',(-3.9212871485,21.544423997253,
    61.602487321284));
#7884 = CARTESIAN_POINT('',(3.793666318483,21.555489311945,
    61.597551349451));
#7885 = CARTESIAN_POINT('',(7.655283270967,21.216124857167,
    61.748858270162));
#7886 = CARTESIAN_POINT('',(11.437385500749,20.53321175748,
    62.054230669369));
#7887 = CARTESIAN_POINT('',(15.04800231333,19.510822232532,
    62.498745379472));
#7888 = CARTESIAN_POINT('',(18.429295344995,18.201903949601,
    63.052570190534));
#7889 = CARTESIAN_POINT('',(21.515467939392,16.570892079016,
    63.676769686978));
#7890 = CARTESIAN_POINT('',(24.278364891401,14.763136983601,
    64.327586307846));
#7891 = CARTESIAN_POINT('',(26.693059783117,12.637417505869,
    64.971407549942));
#7892 = CARTESIAN_POINT('',(28.694703437295,10.384573355848,
    65.556131731617));
#7893 = CARTESIAN_POINT('',(30.257531442339,7.901022528646,
    66.040383124796));
#7894 = CARTESIAN_POINT('',(31.310624480732,5.313059736342,
    66.375500920894));
#7895 = CARTESIAN_POINT('',(31.838058625661,2.655900419904,
    66.543325944997));
#7896 = CARTESIAN_POINT('',(31.838058625661,0.,66.543325944998));
#7897 = DEFINITIONAL_REPRESENTATION('',(#7898),#8139);
#7898 = B_SPLINE_CURVE_WITH_KNOTS('',8,(#7899,#7900,#7901,#7902,#7903,
    #7904,#7905,#7906,#7907,#7908,#7909,#7910,#7911,#7912,#7913,#7914,
    #7915,#7916,#7917,#7918,#7919,#7920,#7921,#7922,#7923,#7924,#7925,
    #7926,#7927,#7928,#7929,#7930,#7931,#7932,#7933,#7934,#7935,#7936,
    #7937,#7938,#7939,#7940,#7941,#7942,#7943,#7944,#7945,#7946,#7947,
    #7948,#7949,#7950,#7951,#7952,#7953,#7954,#7955,#7956,#7957,#7958,
    #7959,#7960,#7961,#7962,#7963,#7964,#7965,#7966,#7967,#7968,#7969,
    #7970,#7971,#7972,#7973,#7974,#7975,#7976,#7977,#7978,#7979,#7980,
    #7981,#7982,#7983,#7984,#7985,#7986,#7987,#7988,#7989,#7990,#7991,
    #7992,#7993,#7994,#7995,#7996,#7997,#7998,#7999,#8000,#8001,#8002,
    #8003,#8004,#8005,#8006,#8007,#8008,#8009,#8010,#8011,#8012,#8013,
    #8014,#8015,#8016,#8017,#8018,#8019,#8020,#8021,#8022,#8023,#8024,
    #8025,#8026,#8027,#8028,#8029,#8030,#8031,#8032,#8033,#8034,#8035,
    #8036,#8037,#8038,#8039,#8040,#8041,#8042,#8043,#8044,#8045,#8046,
    #8047,#8048,#8049,#8050,#8051,#8052,#8053,#8054,#8055,#8056,#8057,
    #8058,#8059,#8060,#8061,#8062,#8063,#8064,#8065,#8066,#8067,#8068,
    #8069,#8070,#8071,#8072,#8073,#8074,#8075,#8076,#8077,#8078,#8079,
    #8080,#8081,#8082,#8083,#8084,#8085,#8086,#8087,#8088,#8089,#8090,
    #8091,#8092,#8093,#8094,#8095,#8096,#8097,#8098,#8099,#8100,#8101,
    #8102,#8103,#8104,#8105,#8106,#8107,#8108,#8109,#8110,#8111,#8112,
    #8113,#8114,#8115,#8116,#8117,#8118,#8119,#8120,#8121,#8122,#8123,
    #8124,#8125,#8126,#8127,#8128,#8129,#8130,#8131,#8132,#8133,#8134,
    #8135,#8136,#8137,#8138),.UNSPECIFIED.,.F.,.F.,(9,7,7,7,7,7,7,7,7,7,
    7,7,7,7,7,7,7,7,7,7,7,7,7,7,7,7,7,7,7,7,7,7,7,7,9),(0.,
    2.785523099809E-02,7.612416293561E-02,0.106560776389,0.135901426646,
    0.144063280057,0.170991869658,0.211564948433,0.251380202539,
    0.260548170291,0.302317550656,0.346063853377,0.379531869765,
    0.429959758967,0.477309715579,0.504719501963,0.512834504014,
    0.522388258659,0.550414460296,0.580233822031,0.629541254222,
    0.662279532197,0.690024736018,0.710663278486,0.732020026779,
    0.742200059695,0.753305556821,0.773908124205,0.795305895201,
    0.815976434552,0.843754363521,0.876521173103,0.925894529337,
    0.97228805793,1.),.UNSPECIFIED.);
#7899 = CARTESIAN_POINT('',(47.199016689644,-1.936154659898E-15));
#7900 = CARTESIAN_POINT('',(47.199016689611,0.643387636825));
#7901 = CARTESIAN_POINT('',(47.261246463067,1.28685634509));
#7902 = CARTESIAN_POINT('',(47.385719318671,1.926951300105));
#7903 = CARTESIAN_POINT('',(47.569073528497,2.561243164967));
#7904 = CARTESIAN_POINT('',(47.805497332964,3.188156329635));
#7905 = CARTESIAN_POINT('',(48.088241772401,3.80676246915));
#7906 = CARTESIAN_POINT('',(48.410525746297,4.416671035653));
#7907 = CARTESIAN_POINT('',(49.382244563551,6.059956230175));
#7908 = CARTESIAN_POINT('',(50.097887056999,7.075335119315));
#7909 = CARTESIAN_POINT('',(50.88362254456,8.070457599613));
#7910 = CARTESIAN_POINT('',(51.715457213941,9.050713090148));
#7911 = CARTESIAN_POINT('',(52.575463270423,10.020629063686));
#7912 = CARTESIAN_POINT('',(53.450404667921,10.984460667292));
#7913 = CARTESIAN_POINT('',(54.331024261428,11.9465836037));
#7914 = CARTESIAN_POINT('',(55.765923669707,13.520759675867));
#7915 = CARTESIAN_POINT('',(56.319998489175,14.130194613116));
#7916 = CARTESIAN_POINT('',(56.871255047562,14.741093997103));
#7917 = CARTESIAN_POINT('',(57.417970173555,15.35409522419));
#7918 = CARTESIAN_POINT('',(57.958637402834,15.969716500884));
#7919 = CARTESIAN_POINT('',(58.49192712213,16.588378419099));
#7920 = CARTESIAN_POINT('',(59.016662962853,17.210416714316));
#7921 = CARTESIAN_POINT('',(60.028416323814,18.439226558604));
#7922 = CARTESIAN_POINT('',(60.516107023927,19.045735851178));
#7923 = CARTESIAN_POINT('',(60.993950372535,19.655828949379));
#7924 = CARTESIAN_POINT('',(61.461136892962,20.269649489133));
#7925 = CARTESIAN_POINT('',(61.916964792707,20.887279467456));
#7926 = CARTESIAN_POINT('',(62.360842376273,21.508737059058));
#7927 = CARTESIAN_POINT('',(62.792253567247,22.133987776264));
#7928 = CARTESIAN_POINT('',(63.327009852188,22.937968306691));
#7929 = CARTESIAN_POINT('',(63.442405983439,23.113227410725));
#7930 = CARTESIAN_POINT('',(63.556809340249,23.288769257753));
#7931 = CARTESIAN_POINT('',(63.670210135961,23.464592371874));
#7932 = CARTESIAN_POINT('',(63.782596075546,23.64069594479));
#7933 = CARTESIAN_POINT('',(63.893952355608,23.8170798358));
#7934 = CARTESIAN_POINT('',(64.004261664378,23.993744571806));
#7935 = CARTESIAN_POINT('',(64.473930517255,24.754495890029));
#7936 = CARTESIAN_POINT('',(64.822805729141,25.341355092178));
#7937 = CARTESIAN_POINT('',(65.159687720542,25.931214274342));
#7938 = CARTESIAN_POINT('',(65.484320216176,26.523971459494));
#7939 = CARTESIAN_POINT('',(65.796563809044,27.119494470675));
#7940 = CARTESIAN_POINT('',(66.096341998437,27.717634015113));
#7941 = CARTESIAN_POINT('',(66.383602219203,28.318232754799));
#7942 = CARTESIAN_POINT('',(67.072164430199,29.829511104366));
#7943 = CARTESIAN_POINT('',(67.457518987157,30.743149629637));
#7944 = CARTESIAN_POINT('',(67.81417838187,31.661516479392));
#7945 = CARTESIAN_POINT('',(68.141999255849,32.584100567226));
#7946 = CARTESIAN_POINT('',(68.440657506933,33.510440018017));
#7947 = CARTESIAN_POINT('',(68.709752949762,34.440106519789));
#7948 = CARTESIAN_POINT('',(68.949019132285,35.372668108583));
#7949 = CARTESIAN_POINT('',(69.363918129826,37.225178794839));
#7950 = CARTESIAN_POINT('',(69.540645976128,38.144995599319));
#7951 = CARTESIAN_POINT('',(69.688585223277,39.066687752248));
#7952 = CARTESIAN_POINT('',(69.807930693707,39.989871497818));
#7953 = CARTESIAN_POINT('',(69.899136925391,40.914179384565));
#7954 = CARTESIAN_POINT('',(69.962793287333,41.839242497416));
#7955 = CARTESIAN_POINT('',(69.998963208555,42.76469058615));
#7956 = CARTESIAN_POINT('',(70.00715136968,43.903295343005));
#7957 = CARTESIAN_POINT('',(70.007082732263,44.116406836614));
#7958 = CARTESIAN_POINT('',(70.005583066307,44.329521606396));
#7959 = CARTESIAN_POINT('',(70.002566793784,44.542625911199));
#7960 = CARTESIAN_POINT('',(69.998006615082,44.755727017759));
#7961 = CARTESIAN_POINT('',(69.991977294667,44.968810161149));
#7962 = CARTESIAN_POINT('',(69.984420838145,45.181878370897));
#7963 = CARTESIAN_POINT('',(69.934070805431,46.365563825392));
#7964 = CARTESIAN_POINT('',(69.861453908214,47.335769091024));
#7965 = CARTESIAN_POINT('',(69.757477010829,48.305092097415));
#7966 = CARTESIAN_POINT('',(69.622224710875,49.273132662124));
#7967 = CARTESIAN_POINT('',(69.455707715608,50.239481233415));
#7968 = CARTESIAN_POINT('',(69.25788668614,51.203694377581));
#7969 = CARTESIAN_POINT('',(69.028763636179,52.165284742799));
#7970 = CARTESIAN_POINT('',(68.495703730344,54.127491671482));
#7971 = CARTESIAN_POINT('',(68.188724519004,55.127859439596));
#7972 = CARTESIAN_POINT('',(67.847515802588,56.124183203802));
#7973 = CARTESIAN_POINT('',(67.472200136578,57.115851035743));
#7974 = CARTESIAN_POINT('',(67.062974508748,58.102249049607));
#7975 = CARTESIAN_POINT('',(66.620147093841,59.082757761472));
#7976 = CARTESIAN_POINT('',(66.144200681168,60.056762329926));
#7977 = CARTESIAN_POINT('',(65.246995236062,61.763412455313));
#7978 = CARTESIAN_POINT('',(64.839145211696,62.499028106294));
#7979 = CARTESIAN_POINT('',(64.412663294173,63.23026482015));
#7980 = CARTESIAN_POINT('',(63.967954745623,63.956903084756));
#7981 = CARTESIAN_POINT('',(63.505518007327,64.678767834461));
#7982 = CARTESIAN_POINT('',(63.025965024236,65.395735404871));
#7983 = CARTESIAN_POINT('',(62.530043384895,66.107742294592));
#7984 = CARTESIAN_POINT('',(61.24813445838,67.880147563716));
#7985 = CARTESIAN_POINT('',(60.442504743867,68.934254699616));
#7986 = CARTESIAN_POINT('',(59.604834542959,69.977204621874));
#7987 = CARTESIAN_POINT('',(58.738901355707,71.009548754745));
#7988 = CARTESIAN_POINT('',(57.849397839639,72.032394449246));
#7989 = CARTESIAN_POINT('',(56.942078121036,73.047479822986));
#7990 = CARTESIAN_POINT('',(56.024071189159,74.057342879907));
#7991 = CARTESIAN_POINT('',(54.241217394263,76.012503605547));
#7992 = CARTESIAN_POINT('',(53.377907673427,76.956486722656));
#7993 = CARTESIAN_POINT('',(52.520773433237,77.902398106389));
#7994 = CARTESIAN_POINT('',(51.678737581619,78.854411498664));
#7995 = CARTESIAN_POINT('',(50.864444354406,79.816576629993));
#7996 = CARTESIAN_POINT('',(50.094880428516,80.793153994497));
#7997 = CARTESIAN_POINT('',(49.392717592565,81.789210256891));
#7998 = CARTESIAN_POINT('',(48.434207923018,83.402001338986));
#7999 = CARTESIAN_POINT('',(48.114800397707,84.001565620066));
#8000 = CARTESIAN_POINT('',(47.833317942496,84.609530933074));
#8001 = CARTESIAN_POINT('',(47.596188591511,85.225584626768));
#8002 = CARTESIAN_POINT('',(47.409849271307,85.848904106333));
#8003 = CARTESIAN_POINT('',(47.279925382297,86.478056217856));
#8004 = CARTESIAN_POINT('',(47.209802905325,87.110775332931));
#8005 = CARTESIAN_POINT('',(47.197018918929,87.931195057755));
#8006 = CARTESIAN_POINT('',(47.199366490541,88.118642604783));
#8007 = CARTESIAN_POINT('',(47.206982298953,88.306052124307));
#8008 = CARTESIAN_POINT('',(47.219857400512,88.493351571935));
#8009 = CARTESIAN_POINT('',(47.237967690062,88.680471760965));
#8010 = CARTESIAN_POINT('',(47.261268075414,88.867345891185));
#8011 = CARTESIAN_POINT('',(47.28968665181,89.05390907767));
#8012 = CARTESIAN_POINT('',(47.362478480855,89.459297100962));
#8013 = CARTESIAN_POINT('',(47.408874096811,89.6784286696));
#8014 = CARTESIAN_POINT('',(47.462222852652,89.897499511474));
#8015 = CARTESIAN_POINT('',(47.522422880888,90.11651711636));
#8016 = CARTESIAN_POINT('',(47.589355155951,90.335489285935));
#8017 = CARTESIAN_POINT('',(47.662885331996,90.554423881872));
#8018 = CARTESIAN_POINT('',(47.742865580693,90.773328573936));
#8019 = CARTESIAN_POINT('',(48.082214331983,91.634306987965));
#8020 = CARTESIAN_POINT('',(48.3860962486,92.267758554001));
#8021 = CARTESIAN_POINT('',(48.734011747551,92.892144382407));
#8022 = CARTESIAN_POINT('',(49.118784153859,93.507661177545));
#8023 = CARTESIAN_POINT('',(49.5337876527,94.114869472856));
#8024 = CARTESIAN_POINT('',(49.973323409046,94.714611470857));
#8025 = CARTESIAN_POINT('',(50.432686552819,95.308019177497));
#8026 = CARTESIAN_POINT('',(51.414129034061,96.522697771535));
#8027 = CARTESIAN_POINT('',(51.938049480995,97.142963011919));
#8028 = CARTESIAN_POINT('',(52.475290425664,97.75883472322));
#8029 = CARTESIAN_POINT('',(53.021948018918,98.371586967302));
#8030 = CARTESIAN_POINT('',(53.574742140924,98.982334293924));
#8031 = CARTESIAN_POINT('',(54.130919282658,99.592080717063));
#8032 = CARTESIAN_POINT('',(54.688178000489,100.20175595841));
#8033 = CARTESIAN_POINT('',(56.164657782433,101.8217278848));
#8034 = CARTESIAN_POINT('',(57.08214527854,102.83314223752));
#8035 = CARTESIAN_POINT('',(57.988018521773,103.85011761585));
#8036 = CARTESIAN_POINT('',(58.875307047888,104.87511045131));
#8037 = CARTESIAN_POINT('',(59.73841987117,105.90977291447));
#8038 = CARTESIAN_POINT('',(60.572777363913,106.95514133984));
#8039 = CARTESIAN_POINT('',(61.374634419677,108.01172476324));
#8040 = CARTESIAN_POINT('',(62.649776085236,109.78857561505));
#8041 = CARTESIAN_POINT('',(63.142929826779,110.50255137601));
#8042 = CARTESIAN_POINT('',(63.619526077574,111.2214915775));
#8043 = CARTESIAN_POINT('',(64.078824092013,111.94532434152));
#8044 = CARTESIAN_POINT('',(64.520224533356,112.67391781507));
#8045 = CARTESIAN_POINT('',(64.94324959108,113.40708805263));
#8046 = CARTESIAN_POINT('',(65.347519069382,114.14460653719));
#8047 = CARTESIAN_POINT('',(66.059176581929,115.51470299354));
#8048 = CARTESIAN_POINT('',(66.371943182079,116.14614271512));
#8049 = CARTESIAN_POINT('',(66.670835272929,116.78037030869));
#8050 = CARTESIAN_POINT('',(66.955709094252,117.41722276625));
#8051 = CARTESIAN_POINT('',(67.226449640625,118.05653374425));
#8052 = CARTESIAN_POINT('',(67.482961988238,118.69813533725));
#8053 = CARTESIAN_POINT('',(67.725168407867,119.34185814864));
#8054 = CARTESIAN_POINT('',(68.12249441119,120.4678187548));
#8055 = CARTESIAN_POINT('',(68.284030990448,120.94918885193));
#8056 = CARTESIAN_POINT('',(68.437596493152,121.43156952446));
#8057 = CARTESIAN_POINT('',(68.583174373193,121.91489207942));
#8058 = CARTESIAN_POINT('',(68.720754767167,122.39908924705));
#8059 = CARTESIAN_POINT('',(68.850333214573,122.88409487156));
#8060 = CARTESIAN_POINT('',(68.971909377999,123.36984360197));
#8061 = CARTESIAN_POINT('',(69.2030145218,124.35962485858));
#8062 = CARTESIAN_POINT('',(69.311977309535,124.86370717158));
#8063 = CARTESIAN_POINT('',(69.412375217302,125.36844610833));
#8064 = CARTESIAN_POINT('',(69.504213235285,125.87377322136));
#8065 = CARTESIAN_POINT('',(69.587492699851,126.37962286052));
#8066 = CARTESIAN_POINT('',(69.66220833785,126.88593167339));
#8067 = CARTESIAN_POINT('',(69.728349908451,127.39263777493));
#8068 = CARTESIAN_POINT('',(69.81334463096,128.14136911036));
#8069 = CARTESIAN_POINT('',(69.838821501953,128.38305375813));
#8070 = CARTESIAN_POINT('',(69.862341131205,128.62473345204));
#8071 = CARTESIAN_POINT('',(69.883905509533,128.86640817075));
#8072 = CARTESIAN_POINT('',(69.90351668405,129.10807792339));
#8073 = CARTESIAN_POINT('',(69.92117689939,129.34974272379));
#8074 = CARTESIAN_POINT('',(69.936888738918,129.5914025647));
#8075 = CARTESIAN_POINT('',(69.965673304469,130.09668099836));
#8076 = CARTESIAN_POINT('',(69.9783778528,130.36029855033));
#8077 = CARTESIAN_POINT('',(69.988761703102,130.62390983793));
#8078 = CARTESIAN_POINT('',(69.996862136627,130.88751565289));
#8079 = CARTESIAN_POINT('',(70.002625853177,131.15111520006));
#8080 = CARTESIAN_POINT('',(70.006115292964,131.41471018096));
#8081 = CARTESIAN_POINT('',(70.007297335796,131.67829764094));
#8082 = CARTESIAN_POINT('',(70.004030135656,132.43086946812));
#8083 = CARTESIAN_POINT('',(69.993927632176,132.91985230875));
#8084 = CARTESIAN_POINT('',(69.975936342565,133.40877193533));
#8085 = CARTESIAN_POINT('',(69.950043784879,133.89757529784));
#8086 = CARTESIAN_POINT('',(69.916226180969,134.38621112797));
#8087 = CARTESIAN_POINT('',(69.874470059714,134.87462832947));
#8088 = CARTESIAN_POINT('',(69.824764949488,135.36277455343));
#8089 = CARTESIAN_POINT('',(69.707226992231,136.35724413876));
#8090 = CARTESIAN_POINT('',(69.638768423127,136.86354208218));
#8091 = CARTESIAN_POINT('',(69.561729573654,137.36942638004));
#8092 = CARTESIAN_POINT('',(69.476114540408,137.87483501973));
#8093 = CARTESIAN_POINT('',(69.381929906117,138.37970498088));
#8094 = CARTESIAN_POINT('',(69.279181910876,138.88397110315));
#8095 = CARTESIAN_POINT('',(69.167875783729,139.38756533427));
#8096 = CARTESIAN_POINT('',(68.932232237293,140.37617732298));
#8097 = CARTESIAN_POINT('',(68.808465789857,140.86124656671));
#8098 = CARTESIAN_POINT('',(68.676723117139,141.34556019976));
#8099 = CARTESIAN_POINT('',(68.537008959384,141.82905324955));
#8100 = CARTESIAN_POINT('',(68.389329301255,142.31165950649));
#8101 = CARTESIAN_POINT('',(68.233693100865,142.79331136979));
#8102 = CARTESIAN_POINT('',(68.070114018812,143.27393969328));
#8103 = CARTESIAN_POINT('',(67.668140811831,144.39789124622));
#8104 = CARTESIAN_POINT('',(67.423359920066,145.04033759094));
#8105 = CARTESIAN_POINT('',(67.164318691366,145.68063798213));
#8106 = CARTESIAN_POINT('',(66.891085465167,146.31862122906));
#8107 = CARTESIAN_POINT('',(66.603751991866,146.95411911088));
#8108 = CARTESIAN_POINT('',(66.302438976861,147.58696678622));
#8109 = CARTESIAN_POINT('',(65.987302877654,148.21700413524));
#8110 = CARTESIAN_POINT('',(65.270740347016,149.58377360514));
#8111 = CARTESIAN_POINT('',(64.863972459566,150.31936230588));
#8112 = CARTESIAN_POINT('',(64.438571785392,151.05058602501));
#8113 = CARTESIAN_POINT('',(63.994942589054,151.77722475084));
#8114 = CARTESIAN_POINT('',(63.533579184562,152.4991016711));
#8115 = CARTESIAN_POINT('',(63.055086273405,153.21609031499));
#8116 = CARTESIAN_POINT('',(62.560202341974,153.92812373708));
#8117 = CARTESIAN_POINT('',(61.280786122649,155.70064397849));
#8118 = CARTESIAN_POINT('',(60.4765685958,156.75484210056));
#8119 = CARTESIAN_POINT('',(59.640209773887,157.79787197132));
#8120 = CARTESIAN_POINT('',(58.775458331583,158.83027079755));
#8121 = CARTESIAN_POINT('',(57.88698348036,159.85313443239));
#8122 = CARTESIAN_POINT('',(56.980511744166,160.86818507235));
#8123 = CARTESIAN_POINT('',(56.063126957853,161.87793286379));
#8124 = CARTESIAN_POINT('',(54.280283060941,163.83332610354));
#8125 = CARTESIAN_POINT('',(53.416377325824,164.77768662904));
#8126 = CARTESIAN_POINT('',(52.558348123045,165.72384162605));
#8127 = CARTESIAN_POINT('',(51.715063559734,166.67593538352));
#8128 = CARTESIAN_POINT('',(50.899073309627,167.63799978604));
#8129 = CARTESIAN_POINT('',(50.127237178731,168.6142963579));
#8130 = CARTESIAN_POINT('',(49.422072244846,169.60991946985));
#8131 = CARTESIAN_POINT('',(48.446262502705,171.24073245136));
#8132 = CARTESIAN_POINT('',(48.115112291502,171.85941326271));
#8133 = CARTESIAN_POINT('',(47.824228665356,172.4870756925));
#8134 = CARTESIAN_POINT('',(47.580715934412,173.1233594198));
#8135 = CARTESIAN_POINT('',(47.391683520782,173.7673401625));
#8136 = CARTESIAN_POINT('',(47.263282638598,174.41741288342));
#8137 = CARTESIAN_POINT('',(47.199016689663,175.07103211054));
#8138 = CARTESIAN_POINT('',(47.19901668966,175.72456237565));
#8139 = ( GEOMETRIC_REPRESENTATION_CONTEXT(2) 
PARAMETRIC_REPRESENTATION_CONTEXT() REPRESENTATION_CONTEXT('2D SPACE',''
  ) );
#8140 = ADVANCED_FACE('',(#8141,#8144),#6596,.F.);
#8141 = FACE_BOUND('',#8142,.F.);
#8142 = EDGE_LOOP('',(#8143));
#8143 = ORIENTED_EDGE('',*,*,#6272,.F.);
#8144 = FACE_BOUND('',#8145,.F.);
#8145 = EDGE_LOOP('',(#8146));
#8146 = ORIENTED_EDGE('',*,*,#8147,.T.);
#8147 = EDGE_CURVE('',#8148,#8148,#8150,.T.);
#8148 = VERTEX_POINT('',#8149);
#8149 = CARTESIAN_POINT('',(30.5,0.,59.));
#8150 = SURFACE_CURVE('',#8151,(#8310,#8472),.PCURVE_S1.);
#8151 = B_SPLINE_CURVE_WITH_KNOTS('',7,(#8152,#8153,#8154,#8155,#8156,
    #8157,#8158,#8159,#8160,#8161,#8162,#8163,#8164,#8165,#8166,#8167,
    #8168,#8169,#8170,#8171,#8172,#8173,#8174,#8175,#8176,#8177,#8178,
    #8179,#8180,#8181,#8182,#8183,#8184,#8185,#8186,#8187,#8188,#8189,
    #8190,#8191,#8192,#8193,#8194,#8195,#8196,#8197,#8198,#8199,#8200,
    #8201,#8202,#8203,#8204,#8205,#8206,#8207,#8208,#8209,#8210,#8211,
    #8212,#8213,#8214,#8215,#8216,#8217,#8218,#8219,#8220,#8221,#8222,
    #8223,#8224,#8225,#8226,#8227,#8228,#8229,#8230,#8231,#8232,#8233,
    #8234,#8235,#8236,#8237,#8238,#8239,#8240,#8241,#8242,#8243,#8244,
    #8245,#8246,#8247,#8248,#8249,#8250,#8251,#8252,#8253,#8254,#8255,
    #8256,#8257,#8258,#8259,#8260,#8261,#8262,#8263,#8264,#8265,#8266,
    #8267,#8268,#8269,#8270,#8271,#8272,#8273,#8274,#8275,#8276,#8277,
    #8278,#8279,#8280,#8281,#8282,#8283,#8284,#8285,#8286,#8287,#8288,
    #8289,#8290,#8291,#8292,#8293,#8294,#8295,#8296,#8297,#8298,#8299,
    #8300,#8301,#8302,#8303,#8304,#8305,#8306,#8307,#8308,#8309),
  .UNSPECIFIED.,.T.,.F.,(8,6,6,6,6,6,6,6,6,6,6,6,6,6,6,6,6,6,6,6,6,6,6,6
    ,6,6,8),(0.,4.39568756679E-02,7.30460959809E-02,0.113710739152,
    0.147473585416,0.175284887169,0.249994636,0.324704384831,
    0.352515686583,0.386278532848,0.426943176019,0.456032396332,
    0.471037827183,0.500002759071,0.520014379742,0.543973574701,
    0.573062414136,0.613726524867,0.64748892906,0.675299866667,
    0.75000863729,0.824717407914,0.852528345521,0.886290749714,
    0.926954860444,0.956043699879,1.),.UNSPECIFIED.);
#8152 = CARTESIAN_POINT('',(30.5,0.,59.));
#8153 = CARTESIAN_POINT('',(30.5,-1.015690575712,59.));
#8154 = CARTESIAN_POINT('',(30.412650018642,-2.03183798444,59.));
#8155 = CARTESIAN_POINT('',(30.237810193733,-3.038252559618,59.));
#8156 = CARTESIAN_POINT('',(29.979015218989,-4.026641586221,59.));
#8157 = CARTESIAN_POINT('',(29.641867131987,-4.990246411517,59.));
#8158 = CARTESIAN_POINT('',(29.233344681813,-5.923681609956,59.));
#8159 = CARTESIAN_POINT('',(28.448768969091,-7.417808197175,59.));
#8160 = CARTESIAN_POINT('',(28.108311302937,-7.998087765896,59.));
#8161 = CARTESIAN_POINT('',(27.741870482231,-8.562731978219,59.));
#8162 = CARTESIAN_POINT('',(27.351484070093,-9.111135801129,59.));
#8163 = CARTESIAN_POINT('',(26.939109475229,-9.64293783796,59.));
#8164 = CARTESIAN_POINT('',(26.50655987838,-10.15797570753,59.));
#8165 = CARTESIAN_POINT('',(25.424858728343,-11.35281496074,59.));
#8166 = CARTESIAN_POINT('',(24.758113535022,-12.01650871076,59.));
#8167 = CARTESIAN_POINT('',(24.059583595011,-12.64748833411,59.));
#8168 = CARTESIAN_POINT('',(23.333171219493,-13.24616674948,59.));
#8169 = CARTESIAN_POINT('',(22.582284169016,-13.81317017702,59.));
#8170 = CARTESIAN_POINT('',(21.809791006346,-14.34928351768,59.));
#8171 = CARTESIAN_POINT('',(20.360542741389,-15.27559615852,59.));
#8172 = CARTESIAN_POINT('',(19.689871580254,-15.6750658974,59.));
#8173 = CARTESIAN_POINT('',(19.007319004687,-16.05427957001,59.));
#8174 = CARTESIAN_POINT('',(18.31410274819,-16.41369068306,59.));
#8175 = CARTESIAN_POINT('',(17.611303055199,-16.75373596272,59.));
#8176 = CARTESIAN_POINT('',(16.899864158072,-17.07483772077,59.));
#8177 = CARTESIAN_POINT('',(15.588107913353,-17.62662391105,59.));
#8178 = CARTESIAN_POINT('',(14.99032764521,-17.86326149447,59.));
#8179 = CARTESIAN_POINT('',(14.387712103575,-18.08753112446,59.));
#8180 = CARTESIAN_POINT('',(13.780687373836,-18.29963564301,59.));
#8181 = CARTESIAN_POINT('',(13.169644480484,-18.49976164765,59.));
#8182 = CARTESIAN_POINT('',(12.554940027465,-18.68808108946,59.));
#8183 = CARTESIAN_POINT('',(10.276641888129,-19.33934785908,59.));
#8184 = CARTESIAN_POINT('',(8.592621758821,-19.72979601706,59.));
#8185 = CARTESIAN_POINT('',(6.890689985423,-20.03934272969,59.));
#8186 = CARTESIAN_POINT('',(5.176058780064,-20.27004405984,59.));
#8187 = CARTESIAN_POINT('',(3.453401782781,-20.42333281948,59.));
#8188 = CARTESIAN_POINT('',(1.726853515516,-20.5,59.));
#8189 = CARTESIAN_POINT('',(-1.726853515515,-20.5,59.));
#8190 = CARTESIAN_POINT('',(-3.453401782757,-20.42333281948,59.));
#8191 = CARTESIAN_POINT('',(-5.176058780089,-20.27004405984,59.));
#8192 = CARTESIAN_POINT('',(-6.890689985388,-20.03934272969,59.));
#8193 = CARTESIAN_POINT('',(-8.592621758832,-19.72979601706,59.));
#8194 = CARTESIAN_POINT('',(-10.27664188811,-19.33934785908,59.));
#8195 = CARTESIAN_POINT('',(-12.55494002746,-18.68808108946,59.));
#8196 = CARTESIAN_POINT('',(-13.16964448047,-18.49976164766,59.));
#8197 = CARTESIAN_POINT('',(-13.78068737383,-18.29963564301,59.));
#8198 = CARTESIAN_POINT('',(-14.38771210356,-18.08753112446,59.));
#8199 = CARTESIAN_POINT('',(-14.9903276452,-17.86326149448,59.));
#8200 = CARTESIAN_POINT('',(-15.58810791334,-17.62662391105,59.));
#8201 = CARTESIAN_POINT('',(-16.89986415806,-17.07483772077,59.));
#8202 = CARTESIAN_POINT('',(-17.61130305519,-16.75373596272,59.));
#8203 = CARTESIAN_POINT('',(-18.31410274818,-16.41369068306,59.));
#8204 = CARTESIAN_POINT('',(-19.00731900468,-16.05427957001,59.));
#8205 = CARTESIAN_POINT('',(-19.68987158024,-15.6750658974,59.));
#8206 = CARTESIAN_POINT('',(-20.36054274138,-15.27559615852,59.));
#8207 = CARTESIAN_POINT('',(-21.80979100634,-14.34928351768,59.));
#8208 = CARTESIAN_POINT('',(-22.58228416901,-13.81317017703,59.));
#8209 = CARTESIAN_POINT('',(-23.33317121948,-13.24616674948,59.));
#8210 = CARTESIAN_POINT('',(-24.059583595,-12.64748833411,59.));
#8211 = CARTESIAN_POINT('',(-24.75811353502,-12.01650871077,59.));
#8212 = CARTESIAN_POINT('',(-25.42485872834,-11.35281496074,59.));
#8213 = CARTESIAN_POINT('',(-26.50655987837,-10.15797570753,59.));
#8214 = CARTESIAN_POINT('',(-26.93910947522,-9.642937837962,59.));
#8215 = CARTESIAN_POINT('',(-27.35148407009,-9.111135801132,59.));
#8216 = CARTESIAN_POINT('',(-27.74187048222,-8.562731978223,59.));
#8217 = CARTESIAN_POINT('',(-28.10831130293,-7.998087765898,59.));
#8218 = CARTESIAN_POINT('',(-28.44876896908,-7.417808197179,59.));
#8219 = CARTESIAN_POINT('',(-28.92238212938,-6.515871005679,59.));
#8220 = CARTESIAN_POINT('',(-29.07609491051,-6.20502866588,59.));
#8221 = CARTESIAN_POINT('',(-29.22206834942,-5.890405005636,59.));
#8222 = CARTESIAN_POINT('',(-29.36002185087,-5.572153764378,59.));
#8223 = CARTESIAN_POINT('',(-29.48968040547,-5.250453105982,59.));
#8224 = CARTESIAN_POINT('',(-29.61077943203,-4.925507666095,59.));
#8225 = CARTESIAN_POINT('',(-29.93982298603,-3.964496194612,59.));
#8226 = CARTESIAN_POINT('',(-30.12379574599,-3.320100405144,59.));
#8227 = CARTESIAN_POINT('',(-30.27311602948,-2.666201214308,59.));
#8228 = CARTESIAN_POINT('',(-30.38625612722,-2.004848868728,59.));
#8229 = CARTESIAN_POINT('',(-30.46209156212,-1.338315454226,59.));
#8230 = CARTESIAN_POINT('',(-30.5,-0.669110126977,59.));
#8231 = CARTESIAN_POINT('',(-30.5,0.462282393727,59.));
#8232 = CARTESIAN_POINT('',(-30.4819049007,0.924583002799,59.));
#8233 = CARTESIAN_POINT('',(-30.44571332282,1.386019078566,59.));
#8234 = CARTESIAN_POINT('',(-30.39156090143,1.845749803059,59.));
#8235 = CARTESIAN_POINT('',(-30.3197081072,2.3029751406,59.));
#8236 = CARTESIAN_POINT('',(-30.23052806761,2.75693468943,59.));
#8237 = CARTESIAN_POINT('',(-29.99754407061,3.745641666865,59.));
#8238 = CARTESIAN_POINT('',(-29.8464263361,4.27869909579,59.));
#8239 = CARTESIAN_POINT('',(-29.67194339447,4.804867213112,59.));
#8240 = CARTESIAN_POINT('',(-29.47507202413,5.323130478285,59.));
#8241 = CARTESIAN_POINT('',(-29.25689638841,5.832644941188,59.));
#8242 = CARTESIAN_POINT('',(-29.01855635873,6.332719181393,59.));
#8243 = CARTESIAN_POINT('',(-28.44876896909,7.417808197173,59.));
#8244 = CARTESIAN_POINT('',(-28.10831130293,7.998087765894,59.));
#8245 = CARTESIAN_POINT('',(-27.74187048223,8.562731978217,59.));
#8246 = CARTESIAN_POINT('',(-27.35148407009,9.111135801126,59.));
#8247 = CARTESIAN_POINT('',(-26.93910947523,9.642937837959,59.));
#8248 = CARTESIAN_POINT('',(-26.50655987838,10.157975707533,59.));
#8249 = CARTESIAN_POINT('',(-25.42485872834,11.35281496074,59.));
#8250 = CARTESIAN_POINT('',(-24.75811353502,12.016508710766,59.));
#8251 = CARTESIAN_POINT('',(-24.05958359501,12.647488334109,59.));
#8252 = CARTESIAN_POINT('',(-23.33317121949,13.24616674948,59.));
#8253 = CARTESIAN_POINT('',(-22.58228416901,13.813170177027,59.));
#8254 = CARTESIAN_POINT('',(-21.80979100634,14.349283517683,59.));
#8255 = CARTESIAN_POINT('',(-20.36054274139,15.275596158522,59.));
#8256 = CARTESIAN_POINT('',(-19.68987158025,15.6750658974,59.));
#8257 = CARTESIAN_POINT('',(-19.00731900468,16.054279570009,59.));
#8258 = CARTESIAN_POINT('',(-18.31410274819,16.413690683064,59.));
#8259 = CARTESIAN_POINT('',(-17.6113030552,16.753735962721,59.));
#8260 = CARTESIAN_POINT('',(-16.89986415807,17.074837720771,59.));
#8261 = CARTESIAN_POINT('',(-15.58810791335,17.626623911052,59.));
#8262 = CARTESIAN_POINT('',(-14.99032764521,17.863261494479,59.));
#8263 = CARTESIAN_POINT('',(-14.38771210357,18.087531124464,59.));
#8264 = CARTESIAN_POINT('',(-13.78068737383,18.299635643011,59.));
#8265 = CARTESIAN_POINT('',(-13.16964448048,18.499761647658,59.));
#8266 = CARTESIAN_POINT('',(-12.55494002746,18.688081089467,59.));
#8267 = CARTESIAN_POINT('',(-10.27664188812,19.339347859086,59.));
#8268 = CARTESIAN_POINT('',(-8.59262175883,19.729796017061,59.));
#8269 = CARTESIAN_POINT('',(-6.89068998541,20.03934272969,59.));
#8270 = CARTESIAN_POINT('',(-5.176058780081,20.270044059847,59.));
#8271 = CARTESIAN_POINT('',(-3.453401782773,20.423332819484,59.));
#8272 = CARTESIAN_POINT('',(-1.726853515519,20.5,59.));
#8273 = CARTESIAN_POINT('',(1.726853515514,20.5,59.));
#8274 = CARTESIAN_POINT('',(3.453401782757,20.423332819484,59.));
#8275 = CARTESIAN_POINT('',(5.176058780089,20.270044059848,59.));
#8276 = CARTESIAN_POINT('',(6.890689985387,20.039342729693,59.));
#8277 = CARTESIAN_POINT('',(8.592621758832,19.729796017061,59.));
#8278 = CARTESIAN_POINT('',(10.276641888119,19.339347859088,59.));
#8279 = CARTESIAN_POINT('',(12.55494002746,18.688081089469,59.));
#8280 = CARTESIAN_POINT('',(13.169644480479,18.499761647661,59.));
#8281 = CARTESIAN_POINT('',(13.780687373831,18.299635643013,59.));
#8282 = CARTESIAN_POINT('',(14.38771210357,18.087531124467,59.));
#8283 = CARTESIAN_POINT('',(14.990327645205,17.863261494481,59.));
#8284 = CARTESIAN_POINT('',(15.588107913348,17.626623911055,59.));
#8285 = CARTESIAN_POINT('',(16.899864158066,17.074837720774,59.));
#8286 = CARTESIAN_POINT('',(17.611303055198,16.753735962722,59.));
#8287 = CARTESIAN_POINT('',(18.314102748184,16.413690683068,59.));
#8288 = CARTESIAN_POINT('',(19.007319004681,16.054279570013,59.));
#8289 = CARTESIAN_POINT('',(19.689871580253,15.675065897401,59.));
#8290 = CARTESIAN_POINT('',(20.360542741384,15.275596158526,59.));
#8291 = CARTESIAN_POINT('',(21.809791006342,14.349283517686,59.));
#8292 = CARTESIAN_POINT('',(22.582284169013,13.813170177031,59.));
#8293 = CARTESIAN_POINT('',(23.333171219489,13.246166749484,59.));
#8294 = CARTESIAN_POINT('',(24.059583595008,12.647488334113,59.));
#8295 = CARTESIAN_POINT('',(24.75811353502,12.01650871077,59.));
#8296 = CARTESIAN_POINT('',(25.42485872834,11.352814960744,59.));
#8297 = CARTESIAN_POINT('',(26.506559878376,10.157975707539,59.));
#8298 = CARTESIAN_POINT('',(26.93910947523,9.642937837959,59.));
#8299 = CARTESIAN_POINT('',(27.351484070091,9.111135801133,59.));
#8300 = CARTESIAN_POINT('',(27.741870482227,8.562731978224,59.));
#8301 = CARTESIAN_POINT('',(28.108311302938,7.998087765895,59.));
#8302 = CARTESIAN_POINT('',(28.448768969089,7.417808197179,59.));
#8303 = CARTESIAN_POINT('',(29.23334468181,5.923681609961,59.));
#8304 = CARTESIAN_POINT('',(29.641867131992,4.990246411512,59.));
#8305 = CARTESIAN_POINT('',(29.979015218979,4.02664158623,59.));
#8306 = CARTESIAN_POINT('',(30.237810193741,3.038252559613,59.));
#8307 = CARTESIAN_POINT('',(30.412650018638,2.031837984445,59.));
#8308 = CARTESIAN_POINT('',(30.5,1.015690575711,59.));
#8309 = CARTESIAN_POINT('',(30.5,0.,59.));
#8310 = PCURVE('',#6596,#8311);
#8311 = DEFINITIONAL_REPRESENTATION('',(#8312),#8471);
#8312 = B_SPLINE_CURVE_WITH_KNOTS('',7,(#8313,#8314,#8315,#8316,#8317,
    #8318,#8319,#8320,#8321,#8322,#8323,#8324,#8325,#8326,#8327,#8328,
    #8329,#8330,#8331,#8332,#8333,#8334,#8335,#8336,#8337,#8338,#8339,
    #8340,#8341,#8342,#8343,#8344,#8345,#8346,#8347,#8348,#8349,#8350,
    #8351,#8352,#8353,#8354,#8355,#8356,#8357,#8358,#8359,#8360,#8361,
    #8362,#8363,#8364,#8365,#8366,#8367,#8368,#8369,#8370,#8371,#8372,
    #8373,#8374,#8375,#8376,#8377,#8378,#8379,#8380,#8381,#8382,#8383,
    #8384,#8385,#8386,#8387,#8388,#8389,#8390,#8391,#8392,#8393,#8394,
    #8395,#8396,#8397,#8398,#8399,#8400,#8401,#8402,#8403,#8404,#8405,
    #8406,#8407,#8408,#8409,#8410,#8411,#8412,#8413,#8414,#8415,#8416,
    #8417,#8418,#8419,#8420,#8421,#8422,#8423,#8424,#8425,#8426,#8427,
    #8428,#8429,#8430,#8431,#8432,#8433,#8434,#8435,#8436,#8437,#8438,
    #8439,#8440,#8441,#8442,#8443,#8444,#8445,#8446,#8447,#8448,#8449,
    #8450,#8451,#8452,#8453,#8454,#8455,#8456,#8457,#8458,#8459,#8460,
    #8461,#8462,#8463,#8464,#8465,#8466,#8467,#8468,#8469,#8470),
  .UNSPECIFIED.,.T.,.F.,(8,6,6,6,6,6,6,6,6,6,6,6,6,6,6,6,6,6,6,6,6,6,6,6
    ,6,6,8),(0.,4.39568756679E-02,7.30460959809E-02,0.113710739152,
    0.147473585416,0.175284887169,0.249994636,0.324704384831,
    0.352515686583,0.386278532848,0.426943176019,0.456032396332,
    0.471037827183,0.500002759071,0.520014379742,0.543973574701,
    0.573062414136,0.613726524867,0.64748892906,0.675299866667,
    0.75000863729,0.824717407914,0.852528345521,0.886290749714,
    0.926954860444,0.956043699879,1.),.UNSPECIFIED.);
#8313 = CARTESIAN_POINT('',(120.5,80.));
#8314 = CARTESIAN_POINT('',(120.5,78.984309424288));
#8315 = CARTESIAN_POINT('',(120.41265001864,77.96816201556));
#8316 = CARTESIAN_POINT('',(120.23781019373,76.961747440382));
#8317 = CARTESIAN_POINT('',(119.97901521898,75.973358413779));
#8318 = CARTESIAN_POINT('',(119.64186713198,75.009753588483));
#8319 = CARTESIAN_POINT('',(119.23334468181,74.076318390044));
#8320 = CARTESIAN_POINT('',(118.44876896909,72.582191802825));
#8321 = CARTESIAN_POINT('',(118.10831130293,72.001912234104));
#8322 = CARTESIAN_POINT('',(117.74187048223,71.437268021781));
#8323 = CARTESIAN_POINT('',(117.35148407009,70.888864198871));
#8324 = CARTESIAN_POINT('',(116.93910947522,70.35706216204));
#8325 = CARTESIAN_POINT('',(116.50655987838,69.842024292465));
#8326 = CARTESIAN_POINT('',(115.42485872834,68.647185039259));
#8327 = CARTESIAN_POINT('',(114.75811353502,67.983491289232));
#8328 = CARTESIAN_POINT('',(114.05958359501,67.35251166589));
#8329 = CARTESIAN_POINT('',(113.33317121949,66.753833250519));
#8330 = CARTESIAN_POINT('',(112.58228416901,66.186829822971));
#8331 = CARTESIAN_POINT('',(111.80979100634,65.650716482316));
#8332 = CARTESIAN_POINT('',(110.36054274138,64.724403841477));
#8333 = CARTESIAN_POINT('',(109.68987158025,64.3249341026));
#8334 = CARTESIAN_POINT('',(109.00731900468,63.945720429989));
#8335 = CARTESIAN_POINT('',(108.31410274819,63.586309316935));
#8336 = CARTESIAN_POINT('',(107.61130305519,63.246264037279));
#8337 = CARTESIAN_POINT('',(106.89986415807,62.925162279228));
#8338 = CARTESIAN_POINT('',(105.58810791335,62.373376088947));
#8339 = CARTESIAN_POINT('',(104.99032764521,62.136738505521));
#8340 = CARTESIAN_POINT('',(104.38771210357,61.912468875535));
#8341 = CARTESIAN_POINT('',(103.78068737383,61.700364356988));
#8342 = CARTESIAN_POINT('',(103.16964448048,61.500238352341));
#8343 = CARTESIAN_POINT('',(102.55494002746,61.311918910532));
#8344 = CARTESIAN_POINT('',(100.27664188812,60.660652140914));
#8345 = CARTESIAN_POINT('',(98.592621758821,60.270203982938));
#8346 = CARTESIAN_POINT('',(96.890689985423,59.96065727031));
#8347 = CARTESIAN_POINT('',(95.176058780064,59.729955940152));
#8348 = CARTESIAN_POINT('',(93.453401782781,59.576667180516));
#8349 = CARTESIAN_POINT('',(91.726853515516,59.5));
#8350 = CARTESIAN_POINT('',(88.273146484485,59.5));
#8351 = CARTESIAN_POINT('',(86.546598217243,59.576667180515));
#8352 = CARTESIAN_POINT('',(84.823941219911,59.729955940154));
#8353 = CARTESIAN_POINT('',(83.109310014612,59.960657270305));
#8354 = CARTESIAN_POINT('',(81.407378241168,60.27020398294));
#8355 = CARTESIAN_POINT('',(79.723358111881,60.660652140912));
#8356 = CARTESIAN_POINT('',(77.44505997254,61.311918910531));
#8357 = CARTESIAN_POINT('',(76.830355519521,61.500238352339));
#8358 = CARTESIAN_POINT('',(76.219312626169,61.700364356987));
#8359 = CARTESIAN_POINT('',(75.612287896431,61.912468875533));
#8360 = CARTESIAN_POINT('',(75.009672354795,62.136738505519));
#8361 = CARTESIAN_POINT('',(74.411892086652,62.373376088945));
#8362 = CARTESIAN_POINT('',(73.100135841933,62.925162279226));
#8363 = CARTESIAN_POINT('',(72.388696944806,63.246264037277));
#8364 = CARTESIAN_POINT('',(71.685897251814,63.586309316933));
#8365 = CARTESIAN_POINT('',(70.992680995317,63.945720429987));
#8366 = CARTESIAN_POINT('',(70.310128419751,64.324934102597));
#8367 = CARTESIAN_POINT('',(69.639457258615,64.724403841474));
#8368 = CARTESIAN_POINT('',(68.190208993659,65.650716482313));
#8369 = CARTESIAN_POINT('',(67.417715830987,66.186829822969));
#8370 = CARTESIAN_POINT('',(66.666828780511,66.753833250516));
#8371 = CARTESIAN_POINT('',(65.940416404993,67.352511665887));
#8372 = CARTESIAN_POINT('',(65.24188646498,67.98349128923));
#8373 = CARTESIAN_POINT('',(64.57514127166,68.647185039256));
#8374 = CARTESIAN_POINT('',(63.493440121624,69.842024292461));
#8375 = CARTESIAN_POINT('',(63.060890524772,70.357062162038));
#8376 = CARTESIAN_POINT('',(62.648515929909,70.888864198868));
#8377 = CARTESIAN_POINT('',(62.258129517772,71.437268021777));
#8378 = CARTESIAN_POINT('',(61.891688697064,72.001912234102));
#8379 = CARTESIAN_POINT('',(61.551231030911,72.582191802821));
#8380 = CARTESIAN_POINT('',(61.077617870617,73.484128994321));
#8381 = CARTESIAN_POINT('',(60.923905089485,73.79497133412));
#8382 = CARTESIAN_POINT('',(60.777931650573,74.109594994364));
#8383 = CARTESIAN_POINT('',(60.639978149121,74.427846235622));
#8384 = CARTESIAN_POINT('',(60.510319594529,74.749546894018));
#8385 = CARTESIAN_POINT('',(60.38922056797,75.074492333905));
#8386 = CARTESIAN_POINT('',(60.060177013967,76.035503805388));
#8387 = CARTESIAN_POINT('',(59.876204254001,76.679899594856));
#8388 = CARTESIAN_POINT('',(59.726883970516,77.333798785692));
#8389 = CARTESIAN_POINT('',(59.613743872776,77.995151131272));
#8390 = CARTESIAN_POINT('',(59.537908437875,78.661684545774));
#8391 = CARTESIAN_POINT('',(59.5,79.330889873023));
#8392 = CARTESIAN_POINT('',(59.5,80.462282393727));
#8393 = CARTESIAN_POINT('',(59.518095099294,80.924583002799));
#8394 = CARTESIAN_POINT('',(59.554286677175,81.386019078566));
#8395 = CARTESIAN_POINT('',(59.608439098564,81.845749803059));
#8396 = CARTESIAN_POINT('',(59.680291892791,82.3029751406));
#8397 = CARTESIAN_POINT('',(59.769471932383,82.75693468943));
#8398 = CARTESIAN_POINT('',(60.002455929388,83.745641666865));
#8399 = CARTESIAN_POINT('',(60.153573663898,84.27869909579));
#8400 = CARTESIAN_POINT('',(60.328056605524,84.804867213112));
#8401 = CARTESIAN_POINT('',(60.524927975861,85.323130478285));
#8402 = CARTESIAN_POINT('',(60.74310361159,85.832644941188));
#8403 = CARTESIAN_POINT('',(60.981443641268,86.332719181393));
#8404 = CARTESIAN_POINT('',(61.551231030907,87.417808197173));
#8405 = CARTESIAN_POINT('',(61.891688697062,87.998087765894));
#8406 = CARTESIAN_POINT('',(62.258129517768,88.562731978217));
#8407 = CARTESIAN_POINT('',(62.648515929905,89.111135801126));
#8408 = CARTESIAN_POINT('',(63.060890524769,89.642937837959));
#8409 = CARTESIAN_POINT('',(63.493440121619,90.157975707533));
#8410 = CARTESIAN_POINT('',(64.575141271656,91.35281496074));
#8411 = CARTESIAN_POINT('',(65.241886464975,92.016508710766));
#8412 = CARTESIAN_POINT('',(65.940416404988,92.647488334109));
#8413 = CARTESIAN_POINT('',(66.666828780506,93.24616674948));
#8414 = CARTESIAN_POINT('',(67.417715830981,93.813170177027));
#8415 = CARTESIAN_POINT('',(68.190208993653,94.349283517683));
#8416 = CARTESIAN_POINT('',(69.639457258609,95.275596158522));
#8417 = CARTESIAN_POINT('',(70.310128419745,95.6750658974));
#8418 = CARTESIAN_POINT('',(70.992680995311,96.054279570009));
#8419 = CARTESIAN_POINT('',(71.685897251808,96.413690683064));
#8420 = CARTESIAN_POINT('',(72.3886969448,96.753735962721));
#8421 = CARTESIAN_POINT('',(73.100135841927,97.074837720771));
#8422 = CARTESIAN_POINT('',(74.411892086646,97.626623911052));
#8423 = CARTESIAN_POINT('',(75.009672354788,97.863261494479));
#8424 = CARTESIAN_POINT('',(75.612287896424,98.087531124464));
#8425 = CARTESIAN_POINT('',(76.219312626162,98.299635643011));
#8426 = CARTESIAN_POINT('',(76.830355519514,98.499761647658));
#8427 = CARTESIAN_POINT('',(77.445059972534,98.688081089467));
#8428 = CARTESIAN_POINT('',(79.723358111871,99.339347859086));
#8429 = CARTESIAN_POINT('',(81.40737824117,99.729796017061));
#8430 = CARTESIAN_POINT('',(83.10931001459,100.03934272969));
#8431 = CARTESIAN_POINT('',(84.823941219919,100.27004405984));
#8432 = CARTESIAN_POINT('',(86.546598217227,100.42333281948));
#8433 = CARTESIAN_POINT('',(88.273146484481,100.5));
#8434 = CARTESIAN_POINT('',(91.726853515514,100.5));
#8435 = CARTESIAN_POINT('',(93.453401782757,100.42333281948));
#8436 = CARTESIAN_POINT('',(95.176058780089,100.27004405984));
#8437 = CARTESIAN_POINT('',(96.890689985387,100.03934272969));
#8438 = CARTESIAN_POINT('',(98.592621758832,99.729796017061));
#8439 = CARTESIAN_POINT('',(100.27664188811,99.339347859088));
#8440 = CARTESIAN_POINT('',(102.55494002746,98.688081089469));
#8441 = CARTESIAN_POINT('',(103.16964448047,98.499761647661));
#8442 = CARTESIAN_POINT('',(103.78068737383,98.299635643013));
#8443 = CARTESIAN_POINT('',(104.38771210357,98.087531124467));
#8444 = CARTESIAN_POINT('',(104.9903276452,97.863261494481));
#8445 = CARTESIAN_POINT('',(105.58810791334,97.626623911055));
#8446 = CARTESIAN_POINT('',(106.89986415806,97.074837720774));
#8447 = CARTESIAN_POINT('',(107.61130305519,96.753735962722));
#8448 = CARTESIAN_POINT('',(108.31410274818,96.413690683068));
#8449 = CARTESIAN_POINT('',(109.00731900468,96.054279570013));
#8450 = CARTESIAN_POINT('',(109.68987158025,95.675065897401));
#8451 = CARTESIAN_POINT('',(110.36054274138,95.275596158526));
#8452 = CARTESIAN_POINT('',(111.80979100634,94.349283517686));
#8453 = CARTESIAN_POINT('',(112.58228416901,93.813170177031));
#8454 = CARTESIAN_POINT('',(113.33317121948,93.246166749484));
#8455 = CARTESIAN_POINT('',(114.059583595,92.647488334113));
#8456 = CARTESIAN_POINT('',(114.75811353502,92.01650871077));
#8457 = CARTESIAN_POINT('',(115.42485872834,91.352814960744));
#8458 = CARTESIAN_POINT('',(116.50655987837,90.157975707539));
#8459 = CARTESIAN_POINT('',(116.93910947523,89.642937837959));
#8460 = CARTESIAN_POINT('',(117.35148407009,89.111135801133));
#8461 = CARTESIAN_POINT('',(117.74187048222,88.562731978224));
#8462 = CARTESIAN_POINT('',(118.10831130293,87.998087765895));
#8463 = CARTESIAN_POINT('',(118.44876896908,87.417808197179));
#8464 = CARTESIAN_POINT('',(119.23334468181,85.923681609961));
#8465 = CARTESIAN_POINT('',(119.64186713199,84.990246411512));
#8466 = CARTESIAN_POINT('',(119.97901521897,84.02664158623));
#8467 = CARTESIAN_POINT('',(120.23781019374,83.038252559613));
#8468 = CARTESIAN_POINT('',(120.41265001863,82.031837984445));
#8469 = CARTESIAN_POINT('',(120.5,81.015690575711));
#8470 = CARTESIAN_POINT('',(120.5,80.));
#8471 = ( GEOMETRIC_REPRESENTATION_CONTEXT(2) 
PARAMETRIC_REPRESENTATION_CONTEXT() REPRESENTATION_CONTEXT('2D SPACE',''
  ) );
#8472 = PCURVE('',#8473,#8481);
#8473 = SURFACE_OF_LINEAR_EXTRUSION('',#8474,#8479);
#8474 = ELLIPSE('',#8475,30.5,20.5);
#8475 = AXIS2_PLACEMENT_3D('',#8476,#8477,#8478);
#8476 = CARTESIAN_POINT('',(0.,0.,58.5));
#8477 = DIRECTION('',(0.,0.,1.));
#8478 = DIRECTION('',(1.,0.,0.));
#8479 = VECTOR('',#8480,1.);
#8480 = DIRECTION('',(-0.,-0.,-1.));
#8481 = DEFINITIONAL_REPRESENTATION('',(#8482),#8641);
#8482 = B_SPLINE_CURVE_WITH_KNOTS('',7,(#8483,#8484,#8485,#8486,#8487,
    #8488,#8489,#8490,#8491,#8492,#8493,#8494,#8495,#8496,#8497,#8498,
    #8499,#8500,#8501,#8502,#8503,#8504,#8505,#8506,#8507,#8508,#8509,
    #8510,#8511,#8512,#8513,#8514,#8515,#8516,#8517,#8518,#8519,#8520,
    #8521,#8522,#8523,#8524,#8525,#8526,#8527,#8528,#8529,#8530,#8531,
    #8532,#8533,#8534,#8535,#8536,#8537,#8538,#8539,#8540,#8541,#8542,
    #8543,#8544,#8545,#8546,#8547,#8548,#8549,#8550,#8551,#8552,#8553,
    #8554,#8555,#8556,#8557,#8558,#8559,#8560,#8561,#8562,#8563,#8564,
    #8565,#8566,#8567,#8568,#8569,#8570,#8571,#8572,#8573,#8574,#8575,
    #8576,#8577,#8578,#8579,#8580,#8581,#8582,#8583,#8584,#8585,#8586,
    #8587,#8588,#8589,#8590,#8591,#8592,#8593,#8594,#8595,#8596,#8597,
    #8598,#8599,#8600,#8601,#8602,#8603,#8604,#8605,#8606,#8607,#8608,
    #8609,#8610,#8611,#8612,#8613,#8614,#8615,#8616,#8617,#8618,#8619,
    #8620,#8621,#8622,#8623,#8624,#8625,#8626,#8627,#8628,#8629,#8630,
    #8631,#8632,#8633,#8634,#8635,#8636,#8637,#8638,#8639,#8640),
  .UNSPECIFIED.,.F.,.F.,(8,6,6,6,6,6,6,6,6,6,6,6,6,6,6,6,6,6,6,6,6,6,6,6
    ,6,6,8),(0.,4.39568756679E-02,7.30460959809E-02,0.113710739152,
    0.147473585416,0.175284887169,0.249994636,0.324704384831,
    0.352515686583,0.386278532848,0.426943176019,0.456032396332,
    0.471037827183,0.500002759071,0.520014379742,0.543973574701,
    0.573062414136,0.613726524867,0.64748892906,0.675299866667,
    0.75000863729,0.824717407914,0.852528345521,0.886290749714,
    0.926954860444,0.956043699879,1.),.UNSPECIFIED.);
#8483 = CARTESIAN_POINT('',(6.28318530718,-0.5));
#8484 = CARTESIAN_POINT('',(6.233639425438,-0.5));
#8485 = CARTESIAN_POINT('',(6.184071267344,-0.5));
#8486 = CARTESIAN_POINT('',(6.134779174291,-0.5));
#8487 = CARTESIAN_POINT('',(6.085968440253,-0.5));
#8488 = CARTESIAN_POINT('',(6.037799778604,-0.5));
#8489 = CARTESIAN_POINT('',(5.990404335771,-0.5));
#8490 = CARTESIAN_POINT('',(5.913113821187,-0.5));
#8491 = CARTESIAN_POINT('',(5.882706118875,-0.5));
#8492 = CARTESIAN_POINT('',(5.852686460086,-0.5));
#8493 = CARTESIAN_POINT('',(5.823062512107,-0.5));
#8494 = CARTESIAN_POINT('',(5.793835405422,-0.5));
#8495 = CARTESIAN_POINT('',(5.765000689987,-0.5));
#8496 = CARTESIAN_POINT('',(5.696773625269,-0.5));
#8497 = CARTESIAN_POINT('',(5.657752663569,-0.5));
#8498 = CARTESIAN_POINT('',(5.619450493153,-0.5));
#8499 = CARTESIAN_POINT('',(5.581831119489,-0.5));
#8500 = CARTESIAN_POINT('',(5.544855616931,-0.5));
#8501 = CARTESIAN_POINT('',(5.508480241832,-0.5));
#8502 = CARTESIAN_POINT('',(5.442909095339,-0.5));
#8503 = CARTESIAN_POINT('',(5.4135462393,-0.5));
#8504 = CARTESIAN_POINT('',(5.384539027759,-0.5));
#8505 = CARTESIAN_POINT('',(5.35586310932,-0.5));
#8506 = CARTESIAN_POINT('',(5.327495338725,-0.5));
#8507 = CARTESIAN_POINT('',(5.299412852978,-0.5));
#8508 = CARTESIAN_POINT('',(5.248676128999,-0.5));
#8509 = CARTESIAN_POINT('',(5.225938338675,-0.5));
#8510 = CARTESIAN_POINT('',(5.203366581025,-0.5));
#8511 = CARTESIAN_POINT('',(5.180949152845,-0.5));
#8512 = CARTESIAN_POINT('',(5.158674919123,-0.5));
#8513 = CARTESIAN_POINT('',(5.13653306372,-0.5));
#8514 = CARTESIAN_POINT('',(5.055359716086,-0.5));
#8515 = CARTESIAN_POINT('',(4.99709603197,-0.5));
#8516 = CARTESIAN_POINT('',(4.939498439684,-0.5));
#8517 = CARTESIAN_POINT('',(4.882392320714,-0.5));
#8518 = CARTESIAN_POINT('',(4.82561525545,-0.5));
#8519 = CARTESIAN_POINT('',(4.769007128434,-0.5));
#8520 = CARTESIAN_POINT('',(4.655770832335,-0.5));
#8521 = CARTESIAN_POINT('',(4.59916270532,-0.5));
#8522 = CARTESIAN_POINT('',(4.542385640054,-0.5));
#8523 = CARTESIAN_POINT('',(4.485279521087,-0.5));
#8524 = CARTESIAN_POINT('',(4.427681928799,-0.5));
#8525 = CARTESIAN_POINT('',(4.369418244684,-0.5));
#8526 = CARTESIAN_POINT('',(4.28824489705,-0.5));
#8527 = CARTESIAN_POINT('',(4.266103041646,-0.5));
#8528 = CARTESIAN_POINT('',(4.243828807924,-0.5));
#8529 = CARTESIAN_POINT('',(4.221411379744,-0.5));
#8530 = CARTESIAN_POINT('',(4.198839622095,-0.5));
#8531 = CARTESIAN_POINT('',(4.17610183177,-0.5));
#8532 = CARTESIAN_POINT('',(4.125365107791,-0.5));
#8533 = CARTESIAN_POINT('',(4.097282622044,-0.5));
#8534 = CARTESIAN_POINT('',(4.068914851449,-0.5));
#8535 = CARTESIAN_POINT('',(4.04023893301,-0.5));
#8536 = CARTESIAN_POINT('',(4.01123172147,-0.5));
#8537 = CARTESIAN_POINT('',(3.98186886543,-0.5));
#8538 = CARTESIAN_POINT('',(3.916297718938,-0.5));
#8539 = CARTESIAN_POINT('',(3.879922343839,-0.5));
#8540 = CARTESIAN_POINT('',(3.84294684128,-0.5));
#8541 = CARTESIAN_POINT('',(3.805327467616,-0.5));
#8542 = CARTESIAN_POINT('',(3.767025297201,-0.5));
#8543 = CARTESIAN_POINT('',(3.728004335501,-0.5));
#8544 = CARTESIAN_POINT('',(3.659777270783,-0.5));
#8545 = CARTESIAN_POINT('',(3.630942555348,-0.5));
#8546 = CARTESIAN_POINT('',(3.601715448662,-0.5));
#8547 = CARTESIAN_POINT('',(3.572091500684,-0.5));
#8548 = CARTESIAN_POINT('',(3.542071841895,-0.5));
#8549 = CARTESIAN_POINT('',(3.511664139582,-0.5));
#8550 = CARTESIAN_POINT('',(3.465007323319,-0.5));
#8551 = CARTESIAN_POINT('',(3.449031385061,-0.5));
#8552 = CARTESIAN_POINT('',(3.432959429649,-0.5));
#8553 = CARTESIAN_POINT('',(3.416794677514,-0.5));
#8554 = CARTESIAN_POINT('',(3.400541077499,-0.5));
#8555 = CARTESIAN_POINT('',(3.38420339909,-0.5));
#8556 = CARTESIAN_POINT('',(3.336099432259,-0.5));
#8557 = CARTESIAN_POINT('',(3.304113440302,-0.5));
#8558 = CARTESIAN_POINT('',(3.271878485955,-0.5));
#8559 = CARTESIAN_POINT('',(3.239446966579,-0.5));
#8560 = CARTESIAN_POINT('',(3.206876329395,-0.5));
#8561 = CARTESIAN_POINT('',(3.174232171979,-0.5));
#8562 = CARTESIAN_POINT('',(3.11904229292,-0.5));
#8563 = CARTESIAN_POINT('',(3.09649105084,-0.5));
#8564 = CARTESIAN_POINT('',(3.073963230367,-0.5));
#8565 = CARTESIAN_POINT('',(3.051481146759,-0.5));
#8566 = CARTESIAN_POINT('',(3.029065621211,-0.5));
#8567 = CARTESIAN_POINT('',(3.006736474546,-0.5));
#8568 = CARTESIAN_POINT('',(2.957905677752,-0.5));
#8569 = CARTESIAN_POINT('',(2.931447933167,-0.5));
#8570 = CARTESIAN_POINT('',(2.905171499634,-0.5));
#8571 = CARTESIAN_POINT('',(2.879101132172,-0.5));
#8572 = CARTESIAN_POINT('',(2.853256323721,-0.5));
#8573 = CARTESIAN_POINT('',(2.82765234759,-0.5));
#8574 = CARTESIAN_POINT('',(2.771521167598,-0.5));
#8575 = CARTESIAN_POINT('',(2.741113465285,-0.5));
#8576 = CARTESIAN_POINT('',(2.711093806496,-0.5));
#8577 = CARTESIAN_POINT('',(2.681469858518,-0.5));
#8578 = CARTESIAN_POINT('',(2.652242751832,-0.5));
#8579 = CARTESIAN_POINT('',(2.623408036397,-0.5));
#8580 = CARTESIAN_POINT('',(2.555180971679,-0.5));
#8581 = CARTESIAN_POINT('',(2.516160009979,-0.5));
#8582 = CARTESIAN_POINT('',(2.477857839564,-0.5));
#8583 = CARTESIAN_POINT('',(2.4402384659,-0.5));
#8584 = CARTESIAN_POINT('',(2.403262963341,-0.5));
#8585 = CARTESIAN_POINT('',(2.366887588242,-0.5));
#8586 = CARTESIAN_POINT('',(2.30131644175,-0.5));
#8587 = CARTESIAN_POINT('',(2.27195358571,-0.5));
#8588 = CARTESIAN_POINT('',(2.242946374169,-0.5));
#8589 = CARTESIAN_POINT('',(2.21427045573,-0.5));
#8590 = CARTESIAN_POINT('',(2.185902685136,-0.5));
#8591 = CARTESIAN_POINT('',(2.157820199389,-0.5));
#8592 = CARTESIAN_POINT('',(2.10708347541,-0.5));
#8593 = CARTESIAN_POINT('',(2.084345685085,-0.5));
#8594 = CARTESIAN_POINT('',(2.061773927436,-0.5));
#8595 = CARTESIAN_POINT('',(2.039356499256,-0.5));
#8596 = CARTESIAN_POINT('',(2.017082265533,-0.5));
#8597 = CARTESIAN_POINT('',(1.99494041013,-0.5));
#8598 = CARTESIAN_POINT('',(1.913767062496,-0.5));
#8599 = CARTESIAN_POINT('',(1.855503378381,-0.5));
#8600 = CARTESIAN_POINT('',(1.797905786094,-0.5));
#8601 = CARTESIAN_POINT('',(1.740799667125,-0.5));
#8602 = CARTESIAN_POINT('',(1.68402260186,-0.5));
#8603 = CARTESIAN_POINT('',(1.627414474845,-0.5));
#8604 = CARTESIAN_POINT('',(1.514178178745,-0.5));
#8605 = CARTESIAN_POINT('',(1.45757005173,-0.5));
#8606 = CARTESIAN_POINT('',(1.400792986465,-0.5));
#8607 = CARTESIAN_POINT('',(1.343686867497,-0.5));
#8608 = CARTESIAN_POINT('',(1.286089275209,-0.5));
#8609 = CARTESIAN_POINT('',(1.227825591094,-0.5));
#8610 = CARTESIAN_POINT('',(1.14665224346,-0.5));
#8611 = CARTESIAN_POINT('',(1.124510388057,-0.5));
#8612 = CARTESIAN_POINT('',(1.102236154334,-0.5));
#8613 = CARTESIAN_POINT('',(1.079818726154,-0.5));
#8614 = CARTESIAN_POINT('',(1.057246968505,-0.5));
#8615 = CARTESIAN_POINT('',(1.03450917818,-0.5));
#8616 = CARTESIAN_POINT('',(0.983772454202,-0.5));
#8617 = CARTESIAN_POINT('',(0.955689968454,-0.5));
#8618 = CARTESIAN_POINT('',(0.92732219786,-0.5));
#8619 = CARTESIAN_POINT('',(0.898646279421,-0.5));
#8620 = CARTESIAN_POINT('',(0.86963906788,-0.5));
#8621 = CARTESIAN_POINT('',(0.840276211841,-0.5));
#8622 = CARTESIAN_POINT('',(0.774705065348,-0.5));
#8623 = CARTESIAN_POINT('',(0.738329690249,-0.5));
#8624 = CARTESIAN_POINT('',(0.70135418769,-0.5));
#8625 = CARTESIAN_POINT('',(0.663734814026,-0.5));
#8626 = CARTESIAN_POINT('',(0.625432643611,-0.5));
#8627 = CARTESIAN_POINT('',(0.586411681911,-0.5));
#8628 = CARTESIAN_POINT('',(0.518184617193,-0.5));
#8629 = CARTESIAN_POINT('',(0.489349901758,-0.5));
#8630 = CARTESIAN_POINT('',(0.460122795073,-0.5));
#8631 = CARTESIAN_POINT('',(0.430498847094,-0.5));
#8632 = CARTESIAN_POINT('',(0.400479188305,-0.5));
#8633 = CARTESIAN_POINT('',(0.370071485993,-0.5));
#8634 = CARTESIAN_POINT('',(0.292780971409,-0.5));
#8635 = CARTESIAN_POINT('',(0.245385528575,-0.5));
#8636 = CARTESIAN_POINT('',(0.197216866927,-0.5));
#8637 = CARTESIAN_POINT('',(0.148406132888,-0.5));
#8638 = CARTESIAN_POINT('',(9.911403983524E-02,-0.5));
#8639 = CARTESIAN_POINT('',(4.9545881742E-02,-0.5));
#8640 = CARTESIAN_POINT('',(0.,-0.5));
#8641 = ( GEOMETRIC_REPRESENTATION_CONTEXT(2) 
PARAMETRIC_REPRESENTATION_CONTEXT() REPRESENTATION_CONTEXT('2D SPACE',''
  ) );
#8642 = ADVANCED_FACE('',(#8643),#7710,.F.);
#8643 = FACE_BOUND('',#8644,.F.);
#8644 = EDGE_LOOP('',(#8645,#8798,#8817,#8818));
#8645 = ORIENTED_EDGE('',*,*,#8646,.F.);
#8646 = EDGE_CURVE('',#8647,#8647,#8649,.T.);
#8647 = VERTEX_POINT('',#8648);
#8648 = CARTESIAN_POINT('',(32.5,-5.510910596163E-15,67.448600615019));
#8649 = SURFACE_CURVE('',#8650,(#8713,#8720),.PCURVE_S1.);
#8650 = ( BOUNDED_CURVE() B_SPLINE_CURVE(13,(#8651,#8652,#8653,#8654,
    #8655,#8656,#8657,#8658,#8659,#8660,#8661,#8662,#8663,#8664,#8665,
    #8666,#8667,#8668,#8669,#8670,#8671,#8672,#8673,#8674,#8675,#8676,
    #8677,#8678,#8679,#8680,#8681,#8682,#8683,#8684,#8685,#8686,#8687,
    #8688,#8689,#8690,#8691,#8692,#8693,#8694,#8695,#8696,#8697,#8698,
    #8699,#8700,#8701,#8702,#8703,#8704,#8705,#8706,#8707,#8708,#8709,
#8710,#8711,#8712),.UNSPECIFIED.,.T.,.F.) B_SPLINE_CURVE_WITH_KNOTS((14,
    12,12,12,12,14),(-1.936154659898E-15,22.855667877424,43.860771440735
    ,87.822296124201,131.73505717482,175.72456237565),.UNSPECIFIED.) 
CURVE() GEOMETRIC_REPRESENTATION_ITEM() RATIONAL_B_SPLINE_CURVE((1.,1.,
    0.999999999999,1.000000000003,0.999999999995,1.000000000008,
    0.99999999999,1.00000000001,0.999999999992,1.000000000005,
    0.999999999998,1.000000000001,1.,1.,1.,1.000000000001,0.999999999998
    ,1.000000000003,0.999999999997,1.000000000003,0.999999999997,
    1.000000000002,0.999999999999,1.,1.,1.,1.000000000001,0.999999999998
    ,1.000000000004,0.999999999994,1.000000000007,0.999999999993,
    1.000000000005,0.999999999997,1.000000000001,1.,1.,1.,1.,
    0.999999999999,1.000000000002,0.999999999997,1.000000000003,
    0.999999999997,1.000000000002,0.999999999999,1.000000000001,1.,1.,1.
    ,1.,0.999999999999,1.000000000003,0.999999999996,1.000000000004,
    0.999999999996,1.000000000003,0.999999999999,1.000000000001,1.,1.,1.
)) REPRESENTATION_ITEM('') );
#8651 = CARTESIAN_POINT('',(32.5,-5.510910596163E-15,67.448600615019));
#8652 = CARTESIAN_POINT('',(32.500000000002,-1.468844086421,
    67.448600615019));
#8653 = CARTESIAN_POINT('',(32.349844817921,-2.938194096647,
    67.403735620337));
#8654 = CARTESIAN_POINT('',(32.049919576338,-4.395433463465,
    67.314123272587));
#8655 = CARTESIAN_POINT('',(31.602180006576,-5.831305632262,
    67.181094279398));
#8656 = CARTESIAN_POINT('',(31.011543577116,-7.235562770767,
    67.007619088906));
#8657 = CARTESIAN_POINT('',(30.28503676668,-8.598627560586,
    66.798052838409));
#8658 = CARTESIAN_POINT('',(29.430424386619,-9.913386465335,
    66.557650091714));
#8659 = CARTESIAN_POINT('',(28.455219228493,-11.17513236813,
    66.292119094639));
#8660 = CARTESIAN_POINT('',(27.366345723646,-12.38015703701,
    66.007336577069));
#8661 = CARTESIAN_POINT('',(26.170309664203,-13.52455947585,
    65.709228509266));
#8662 = CARTESIAN_POINT('',(24.873507455714,-14.60448488401,
    65.403739684823));
#8663 = CARTESIAN_POINT('',(23.482292739013,-15.61724065305,
    65.096765546819));
#8664 = CARTESIAN_POINT('',(20.642724966769,-17.42556413199,
    64.515563032333));
#8665 = CARTESIAN_POINT('',(19.208129205945,-18.23204653488,
    64.24073042341));
#8666 = CARTESIAN_POINT('',(17.703680434694,-18.97667088857,
    63.973747052658));
#8667 = CARTESIAN_POINT('',(16.134139350102,-19.6569971397,
    63.718894632227));
#8668 = CARTESIAN_POINT('',(14.504463081205,-20.2705046526,
    63.480327404762));
#8669 = CARTESIAN_POINT('',(12.820034609378,-20.81464232201,
    63.261998169925));
#8670 = CARTESIAN_POINT('',(11.086823791628,-21.28689624072,
    63.067577943084));
#8671 = CARTESIAN_POINT('',(9.311479985831,-21.68487492021,
    62.900369245991));
#8672 = CARTESIAN_POINT('',(7.501356279368,-22.00641206662,
    62.763213029709));
#8673 = CARTESIAN_POINT('',(5.664465319239,-22.24968690971,
    62.658389229469));
#8674 = CARTESIAN_POINT('',(3.809366745833,-22.41336208679,
    62.587510951782));
#8675 = CARTESIAN_POINT('',(1.944986228256,-22.49673908013,
    62.551412293531));
#8676 = CARTESIAN_POINT('',(-3.822092336216,-22.50661200657,
    62.547136362085));
#8677 = CARTESIAN_POINT('',(-7.725635050046,-22.16194169739,
    62.696454477567));
#8678 = CARTESIAN_POINT('',(-11.55060912792,-21.46497677682,
    62.998156922706));
#8679 = CARTESIAN_POINT('',(-15.20999628113,-20.43045933314,
    63.438047628183));
#8680 = CARTESIAN_POINT('',(-18.64026273744,-19.0746367572,
    63.985767133784));
#8681 = CARTESIAN_POINT('',(-21.78516932077,-17.44025910968,
    64.6033166303));
#8682 = CARTESIAN_POINT('',(-24.61472518121,-15.53644658897,
    65.249389226514));
#8683 = CARTESIAN_POINT('',(-27.09379458819,-13.38659791416,
    65.884644201959));
#8684 = CARTESIAN_POINT('',(-29.17737574641,-11.01789065231,
    66.46691189477));
#8685 = CARTESIAN_POINT('',(-30.81805901333,-8.427064468393,
    66.946033789892));
#8686 = CARTESIAN_POINT('',(-31.93262684227,-5.682715482244,
    67.279094065759));
#8687 = CARTESIAN_POINT('',(-32.49391584293,-2.858442200449,
    67.446782743172));
#8688 = CARTESIAN_POINT('',(-32.50600604683,2.788608931014,
    67.450395148489));
#8689 = CARTESIAN_POINT('',(-31.95855098008,5.611076555036,
    67.286787510268));
#8690 = CARTESIAN_POINT('',(-30.85409046009,8.358677815326,
    66.956949416166));
#8691 = CARTESIAN_POINT('',(-29.23984993446,10.941604876242,
    66.483721205814));
#8692 = CARTESIAN_POINT('',(-27.14378470324,13.330623093423,
    65.899628663799));
#8693 = CARTESIAN_POINT('',(-24.71368270258,15.465492207002,
    65.271739833178));
#8694 = CARTESIAN_POINT('',(-21.86133992712,17.387651122912,
    64.621158816255));
#8695 = CARTESIAN_POINT('',(-18.75421856538,19.023008577516,
    64.006384457567));
#8696 = CARTESIAN_POINT('',(-15.32379361802,20.386801251717,
    63.455270433848));
#8697 = CARTESIAN_POINT('',(-11.67824831236,21.431040808706,
    63.012814473703));
#8698 = CARTESIAN_POINT('',(-7.863187642988,22.137988418471,
    62.706785803784));
#8699 = CARTESIAN_POINT('',(-3.966072858663,22.494308864559,
    62.552464813732));
#8700 = CARTESIAN_POINT('',(3.836995396647,22.505602655343,
    62.547573506768));
#8701 = CARTESIAN_POINT('',(7.742693832048,22.159231403974,
    62.697510319412));
#8702 = CARTESIAN_POINT('',(11.570281588815,21.462211845703,
    63.000141257037));
#8703 = CARTESIAN_POINT('',(15.228816115696,20.417929211911,
    63.440555581635));
#8704 = CARTESIAN_POINT('',(18.663810727565,19.079404351188,
    63.989614377691));
#8705 = CARTESIAN_POINT('',(21.8052798799,17.405301425408,64.60790130175
    ));
#8706 = CARTESIAN_POINT('',(24.634622391817,15.548879489144,
    65.253387032472));
#8707 = CARTESIAN_POINT('',(27.116765209701,13.345744811058,
    65.891073854321));
#8708 = CARTESIAN_POINT('',(29.193086958401,11.009076995048,
    66.471132858456));
#8709 = CARTESIAN_POINT('',(30.833892487849,8.398453054365,
    66.950704238681));
#8710 = CARTESIAN_POINT('',(31.943882167153,5.655504426235,
    67.28245129407));
#8711 = CARTESIAN_POINT('',(32.499999999999,2.827040362945,
    67.448600615019));
#8712 = CARTESIAN_POINT('',(32.5,0.,67.448600615019));
#8713 = PCURVE('',#7710,#8714);
#8714 = DEFINITIONAL_REPRESENTATION('',(#8715),#8719);
#8715 = LINE('',#8716,#8717);
#8716 = CARTESIAN_POINT('',(0.,0.));
#8717 = VECTOR('',#8718,1.);
#8718 = DIRECTION('',(0.,1.));
#8719 = ( GEOMETRIC_REPRESENTATION_CONTEXT(2) 
PARAMETRIC_REPRESENTATION_CONTEXT() REPRESENTATION_CONTEXT('2D SPACE',''
  ) );
#8720 = PCURVE('',#8721,#8729);
#8721 = SURFACE_OF_LINEAR_EXTRUSION('',#8722,#8727);
#8722 = ELLIPSE('',#8723,32.5,22.5);
#8723 = AXIS2_PLACEMENT_3D('',#8724,#8725,#8726);
#8724 = CARTESIAN_POINT('',(0.,0.,-150.));
#8725 = DIRECTION('',(0.,0.,1.));
#8726 = DIRECTION('',(1.,0.,0.));
#8727 = VECTOR('',#8728,1.);
#8728 = DIRECTION('',(-0.,-0.,-1.));
#8729 = DEFINITIONAL_REPRESENTATION('',(#8730),#8797);
#8730 = B_SPLINE_CURVE_WITH_KNOTS('',9,(#8731,#8732,#8733,#8734,#8735,
    #8736,#8737,#8738,#8739,#8740,#8741,#8742,#8743,#8744,#8745,#8746,
    #8747,#8748,#8749,#8750,#8751,#8752,#8753,#8754,#8755,#8756,#8757,
    #8758,#8759,#8760,#8761,#8762,#8763,#8764,#8765,#8766,#8767,#8768,
    #8769,#8770,#8771,#8772,#8773,#8774,#8775,#8776,#8777,#8778,#8779,
    #8780,#8781,#8782,#8783,#8784,#8785,#8786,#8787,#8788,#8789,#8790,
    #8791,#8792,#8793,#8794,#8795,#8796),.UNSPECIFIED.,.F.,.F.,(10,8,8,8
    ,8,8,8,8,10),(-1.936154659898E-15,21.965570296956,43.931140593913,
    65.896710890869,87.862281187825,109.82785148478,131.79342178173,
    153.75899207869,175.72456237565),.UNSPECIFIED.);
#8731 = CARTESIAN_POINT('',(6.28318530718,-217.448600615));
#8732 = CARTESIAN_POINT('',(6.192561440014,-217.448600615));
#8733 = CARTESIAN_POINT('',(6.101891910879,-217.358816585));
#8734 = CARTESIAN_POINT('',(6.011799316526,-217.1796091681));
#8735 = CARTESIAN_POINT('',(5.922165854342,-216.9171830575));
#8736 = CARTESIAN_POINT('',(5.833913068401,-216.587269775));
#8737 = CARTESIAN_POINT('',(5.746383541357,-216.2075001092));
#8738 = CARTESIAN_POINT('',(5.659621908288,-215.7956445804));
#8739 = CARTESIAN_POINT('',(5.57336713233,-215.3699422752));
#8740 = CARTESIAN_POINT('',(5.401445109563,-214.5253107213));
#8741 = CARTESIAN_POINT('',(5.315778134945,-214.1064323192));
#8742 = CARTESIAN_POINT('',(5.230190996678,-213.7080693225));
#8743 = CARTESIAN_POINT('',(5.144479574556,-213.3469636949));
#8744 = CARTESIAN_POINT('',(5.058505689653,-213.0387617869));
#8745 = CARTESIAN_POINT('',(4.972225644081,-212.7970519653));
#8746 = CARTESIAN_POINT('',(4.885691439322,-212.6321994153));
#8747 = CARTESIAN_POINT('',(4.799024673254,-212.5499781185));
#8748 = CARTESIAN_POINT('',(4.625701558303,-212.5500218891));
#8749 = CARTESIAN_POINT('',(4.539043117395,-212.6323532556));
#8750 = CARTESIAN_POINT('',(4.452501194513,-212.797104861));
#8751 = CARTESIAN_POINT('',(4.366218015315,-213.038861053));
#8752 = CARTESIAN_POINT('',(4.280251209806,-213.3472250148));
#8753 = CARTESIAN_POINT('',(4.194545539029,-213.7083342513));
#8754 = CARTESIAN_POINT('',(4.108956065493,-214.1065499931));
#8755 = CARTESIAN_POINT('',(4.023289064728,-214.5255241992));
#8756 = CARTESIAN_POINT('',(3.851364885561,-215.3701714675));
#8757 = CARTESIAN_POINT('',(3.765108654219,-215.7959235714));
#8758 = CARTESIAN_POINT('',(3.678344501656,-216.2075320317));
#8759 = CARTESIAN_POINT('',(3.590859188336,-216.5875906879));
#8760 = CARTESIAN_POINT('',(3.502448986817,-216.9175398303));
#8761 = CARTESIAN_POINT('',(3.413043886873,-217.1794026247));
#8762 = CARTESIAN_POINT('',(3.322824548891,-217.3589419626));
#8763 = CARTESIAN_POINT('',(3.23220952097,-217.4486022476));
#8764 = CARTESIAN_POINT('',(3.050970949116,-217.4485989906));
#8765 = CARTESIAN_POINT('',(2.960354126003,-217.3588882416));
#8766 = CARTESIAN_POINT('',(2.870119624579,-217.179457969));
#8767 = CARTESIAN_POINT('',(2.780738425744,-216.9174695264));
#8768 = CARTESIAN_POINT('',(2.692332316512,-216.5875325543));
#8769 = CARTESIAN_POINT('',(2.604828242472,-216.2076077549));
#8770 = CARTESIAN_POINT('',(2.518078530418,-215.7958767149));
#8771 = CARTESIAN_POINT('',(2.431821385438,-215.3701763563));
#8772 = CARTESIAN_POINT('',(2.259897152453,-214.5255283386));
#8773 = CARTESIAN_POINT('',(2.174226859735,-214.1065464353));
#8774 = CARTESIAN_POINT('',(2.088640479925,-213.7083241869));
#8775 = CARTESIAN_POINT('',(2.002930543292,-213.3472051123));
#8776 = CARTESIAN_POINT('',(1.916956781468,-213.0388357915));
#8777 = CARTESIAN_POINT('',(1.830676390999,-212.7970876118));
#8778 = CARTESIAN_POINT('',(1.744142564688,-212.6323491996));
#8779 = CARTESIAN_POINT('',(1.657476055111,-212.5500155662));
#8780 = CARTESIAN_POINT('',(1.484153014429,-212.5499844323));
#8781 = CARTESIAN_POINT('',(1.397494533791,-212.6322814472));
#8782 = CARTESIAN_POINT('',(1.310952883633,-212.7969920466));
#8783 = CARTESIAN_POINT('',(1.224669920747,-213.0387148691));
#8784 = CARTESIAN_POINT('',(1.138702945709,-213.3470558592));
#8785 = CARTESIAN_POINT('',(1.05299688206,-213.7081448731));
#8786 = CARTESIAN_POINT('',(0.967407401739,-214.1063405462));
#8787 = CARTESIAN_POINT('',(0.881741141638,-214.5253047508));
#8788 = CARTESIAN_POINT('',(0.709817170638,-215.3699511917));
#8789 = CARTESIAN_POINT('',(0.623557138001,-215.7956602665));
#8790 = CARTESIAN_POINT('',(0.536816220825,-216.20742697));
#8791 = CARTESIAN_POINT('',(0.44925903469,-216.5874193441));
#8792 = CARTESIAN_POINT('',(0.360986240693,-216.9171396182));
#8793 = CARTESIAN_POINT('',(0.271441931165,-217.1795333636));
#8794 = CARTESIAN_POINT('',(0.181277804158,-217.3588459776));
#8795 = CARTESIAN_POINT('',(9.06241070466E-02,-217.448600615));
#8796 = CARTESIAN_POINT('',(-1.387778780781E-15,-217.448600615));
#8797 = ( GEOMETRIC_REPRESENTATION_CONTEXT(2) 
PARAMETRIC_REPRESENTATION_CONTEXT() REPRESENTATION_CONTEXT('2D SPACE',''
  ) );
#8798 = ORIENTED_EDGE('',*,*,#8799,.T.);
#8799 = EDGE_CURVE('',#8647,#7221,#8800,.T.);
#8800 = SEAM_CURVE('',#8801,(#8805,#8811),.PCURVE_S1.);
#8801 = ( BOUNDED_CURVE() B_SPLINE_CURVE(2,(#8802,#8803,#8804),
.UNSPECIFIED.,.F.,.F.) B_SPLINE_CURVE_WITH_KNOTS((3,3),(0.,
175.72456237565),.PIECEWISE_BEZIER_KNOTS.) CURVE() 
GEOMETRIC_REPRESENTATION_ITEM() RATIONAL_B_SPLINE_CURVE((1.,
0.807223514883,1.)) REPRESENTATION_ITEM('') );
#8802 = CARTESIAN_POINT('',(32.5,-5.510910596163E-15,67.448600615019));
#8803 = CARTESIAN_POINT('',(32.5,8.057790545912E-16,66.753955855316));
#8804 = CARTESIAN_POINT('',(31.838058625661,0.,66.543325944998));
#8805 = PCURVE('',#7710,#8806);
#8806 = DEFINITIONAL_REPRESENTATION('',(#8807),#8810);
#8807 = B_SPLINE_CURVE_WITH_KNOTS('',1,(#8808,#8809),.UNSPECIFIED.,.F.,
  .F.,(2,2),(0.,175.72456237565),.PIECEWISE_BEZIER_KNOTS.);
#8808 = CARTESIAN_POINT('',(0.,175.72456237565));
#8809 = CARTESIAN_POINT('',(175.72456237565,175.72456237565));
#8810 = ( GEOMETRIC_REPRESENTATION_CONTEXT(2) 
PARAMETRIC_REPRESENTATION_CONTEXT() REPRESENTATION_CONTEXT('2D SPACE',''
  ) );
#8811 = PCURVE('',#7710,#8812);
#8812 = DEFINITIONAL_REPRESENTATION('',(#8813),#8816);
#8813 = B_SPLINE_CURVE_WITH_KNOTS('',1,(#8814,#8815),.UNSPECIFIED.,.F.,
  .F.,(2,2),(0.,175.72456237565),.PIECEWISE_BEZIER_KNOTS.);
#8814 = CARTESIAN_POINT('',(0.,-1.936154659898E-15));
#8815 = CARTESIAN_POINT('',(175.72456237565,-1.936154659898E-15));
#8816 = ( GEOMETRIC_REPRESENTATION_CONTEXT(2) 
PARAMETRIC_REPRESENTATION_CONTEXT() REPRESENTATION_CONTEXT('2D SPACE',''
  ) );
#8817 = ORIENTED_EDGE('',*,*,#7220,.T.);
#8818 = ORIENTED_EDGE('',*,*,#8799,.F.);
#8819 = ADVANCED_FACE('',(#8820),#8473,.T.);
#8820 = FACE_BOUND('',#8821,.T.);
#8821 = EDGE_LOOP('',(#8822,#8823,#8846,#9373));
#8822 = ORIENTED_EDGE('',*,*,#8147,.T.);
#8823 = ORIENTED_EDGE('',*,*,#8824,.T.);
#8824 = EDGE_CURVE('',#8148,#8825,#8827,.T.);
#8825 = VERTEX_POINT('',#8826);
#8826 = CARTESIAN_POINT('',(30.5,0.,66.527366910188));
#8827 = SEAM_CURVE('',#8828,(#8832,#8839),.PCURVE_S1.);
#8828 = LINE('',#8829,#8830);
#8829 = CARTESIAN_POINT('',(30.5,0.,58.5));
#8830 = VECTOR('',#8831,1.);
#8831 = DIRECTION('',(0.,0.,1.));
#8832 = PCURVE('',#8473,#8833);
#8833 = DEFINITIONAL_REPRESENTATION('',(#8834),#8838);
#8834 = LINE('',#8835,#8836);
#8835 = CARTESIAN_POINT('',(6.28318530718,0.));
#8836 = VECTOR('',#8837,1.);
#8837 = DIRECTION('',(0.,-1.));
#8838 = ( GEOMETRIC_REPRESENTATION_CONTEXT(2) 
PARAMETRIC_REPRESENTATION_CONTEXT() REPRESENTATION_CONTEXT('2D SPACE',''
  ) );
#8839 = PCURVE('',#8473,#8840);
#8840 = DEFINITIONAL_REPRESENTATION('',(#8841),#8845);
#8841 = LINE('',#8842,#8843);
#8842 = CARTESIAN_POINT('',(0.,0.));
#8843 = VECTOR('',#8844,1.);
#8844 = DIRECTION('',(0.,-1.));
#8845 = ( GEOMETRIC_REPRESENTATION_CONTEXT(2) 
PARAMETRIC_REPRESENTATION_CONTEXT() REPRESENTATION_CONTEXT('2D SPACE',''
  ) );
#8846 = ORIENTED_EDGE('',*,*,#8847,.F.);
#8847 = EDGE_CURVE('',#8825,#8825,#8848,.T.);
#8848 = SURFACE_CURVE('',#8849,(#9020,#9194),.PCURVE_S1.);
#8849 = B_SPLINE_CURVE_WITH_KNOTS('',7,(#8850,#8851,#8852,#8853,#8854,
    #8855,#8856,#8857,#8858,#8859,#8860,#8861,#8862,#8863,#8864,#8865,
    #8866,#8867,#8868,#8869,#8870,#8871,#8872,#8873,#8874,#8875,#8876,
    #8877,#8878,#8879,#8880,#8881,#8882,#8883,#8884,#8885,#8886,#8887,
    #8888,#8889,#8890,#8891,#8892,#8893,#8894,#8895,#8896,#8897,#8898,
    #8899,#8900,#8901,#8902,#8903,#8904,#8905,#8906,#8907,#8908,#8909,
    #8910,#8911,#8912,#8913,#8914,#8915,#8916,#8917,#8918,#8919,#8920,
    #8921,#8922,#8923,#8924,#8925,#8926,#8927,#8928,#8929,#8930,#8931,
    #8932,#8933,#8934,#8935,#8936,#8937,#8938,#8939,#8940,#8941,#8942,
    #8943,#8944,#8945,#8946,#8947,#8948,#8949,#8950,#8951,#8952,#8953,
    #8954,#8955,#8956,#8957,#8958,#8959,#8960,#8961,#8962,#8963,#8964,
    #8965,#8966,#8967,#8968,#8969,#8970,#8971,#8972,#8973,#8974,#8975,
    #8976,#8977,#8978,#8979,#8980,#8981,#8982,#8983,#8984,#8985,#8986,
    #8987,#8988,#8989,#8990,#8991,#8992,#8993,#8994,#8995,#8996,#8997,
    #8998,#8999,#9000,#9001,#9002,#9003,#9004,#9005,#9006,#9007,#9008,
    #9009,#9010,#9011,#9012,#9013,#9014,#9015,#9016,#9017,#9018,#9019),
  .UNSPECIFIED.,.T.,.F.,(8,6,6,6,6,6,6,6,6,6,6,6,6,6,6,6,6,6,6,6,6,6,6,6
    ,6,6,6,6,8),(0.,6.505046559207E-02,8.875771257815E-02,0.104749857875
    ,0.143186294607,0.195276823776,0.249598468923,0.287000054937,
    0.305133980338,0.356807783708,0.395228629132,0.411281694741,
    0.435166483678,0.457843092196,0.499876081621,0.542259444027,
    0.564630399656,0.58833074492,0.604318833823,0.642748551623,
    0.694835573409,0.750174020294,0.787137464789,0.805271696127,
    0.856945272291,0.895364510832,0.91141656933,0.935299718777,1.),
  .UNSPECIFIED.);
#8850 = CARTESIAN_POINT('',(30.5,-3.552713678801E-15,66.527366910188));
#8851 = CARTESIAN_POINT('',(30.5,-1.242526190327,66.527366910188));
#8852 = CARTESIAN_POINT('',(30.36927721772,-2.485395058482,
    66.487684162405));
#8853 = CARTESIAN_POINT('',(30.107704767415,-3.71798716597,
    66.408279049854));
#8854 = CARTESIAN_POINT('',(29.71831547005,-4.930998923632,
    66.291246601503));
#8855 = CARTESIAN_POINT('',(29.205963157005,-6.11622242509,
    66.140395913335));
#8856 = CARTESIAN_POINT('',(28.576891375523,-7.266429015042,
    65.960661985845));
#8857 = CARTESIAN_POINT('',(27.569309840143,-8.779408942821,
    65.68360912593));
#8858 = CARTESIAN_POINT('',(27.285609964109,-9.178104366759,
    65.606498394667));
#8859 = CARTESIAN_POINT('',(26.987659183431,-9.571102513224,
    65.52653919544));
#8860 = CARTESIAN_POINT('',(26.675786848185,-9.958150056396,
    65.44400069113));
#8861 = CARTESIAN_POINT('',(26.350325021274,-10.33901312327,
    65.359157196917));
#8862 = CARTESIAN_POINT('',(26.011605081149,-10.71347536576,
    65.272285420736));
#8863 = CARTESIAN_POINT('',(25.422742049435,-11.32948299121,
    65.123878998446));
#8864 = CARTESIAN_POINT('',(25.179645982488,-11.5746256997,
    65.063299166504));
#8865 = CARTESIAN_POINT('',(24.930766647153,-11.81670258603,
    65.002007091661));
#8866 = CARTESIAN_POINT('',(24.676204275028,-12.05565479498,
    64.940087755478));
#8867 = CARTESIAN_POINT('',(24.416058563441,-12.29142599594,
    64.877625990098));
#8868 = CARTESIAN_POINT('',(24.150428433071,-12.52396219048,
    64.814706231044));
#8869 = CARTESIAN_POINT('',(23.228034873146,-13.3042024712,
    64.599287943762));
#8870 = CARTESIAN_POINT('',(22.545556308667,-13.83619456769,
    64.445005085079));
#8871 = CARTESIAN_POINT('',(21.833318235695,-14.34848584791,
    64.289723685441));
#8872 = CARTESIAN_POINT('',(21.092660712594,-14.84041113316,
    64.134589211031));
#8873 = CARTESIAN_POINT('',(20.324921475922,-15.31133813369,
    63.980720928145));
#8874 = CARTESIAN_POINT('',(19.531435703859,-15.76066355486,
    63.829200228606));
#8875 = CARTESIAN_POINT('',(17.605086519446,-16.76669332335,
    63.480292235338));
#8876 = CARTESIAN_POINT('',(16.451832393293,-17.30482197674,
    63.285739283467));
#8877 = CARTESIAN_POINT('',(15.2571218236,-17.80074513252,
    63.099974968071));
#8878 = CARTESIAN_POINT('',(14.024472143828,-18.25301784573,
    62.925442272749));
#8879 = CARTESIAN_POINT('',(12.757616443293,-18.6602413758,
    62.764399235863));
#8880 = CARTESIAN_POINT('',(11.46055549309,-19.02111206672,
    62.618860381774));
#8881 = CARTESIAN_POINT('',(8.758010464696,-19.66126584674,
    62.356708434741));
#8882 = CARTESIAN_POINT('',(7.350174176031,-19.93641357979,
    62.241592712715));
#8883 = CARTESIAN_POINT('',(5.919230227029,-20.15855006743,
    62.147147241632));
#8884 = CARTESIAN_POINT('',(4.470539236262,-20.32658313554,
    62.074934593588));
#8885 = CARTESIAN_POINT('',(3.009707965717,-20.43971527905,
    62.026053067027));
#8886 = CARTESIAN_POINT('',(1.542605964701,-20.4974998021,
    62.001080512275));
#8887 = CARTESIAN_POINT('',(-0.934820503194,-20.5016156965,
    61.999301743374));
#8888 = CARTESIAN_POINT('',(-1.945153348524,-20.47705604278,
    62.009915383339));
#8889 = CARTESIAN_POINT('',(-2.953632225409,-20.42625399303,
    62.031874470319));
#8890 = CARTESIAN_POINT('',(-3.958323943925,-20.3492986544,62.0650590825
    ));
#8891 = CARTESIAN_POINT('',(-4.957338434704,-20.24636610747,
    62.10922927165));
#8892 = CARTESIAN_POINT('',(-5.948827741747,-20.11771285082,
    62.164031444649));
#8893 = CARTESIAN_POINT('',(-7.407177835569,-19.88898216545,
    62.260506643941));
#8894 = CARTESIAN_POINT('',(-7.88118234835,-19.80832571675,
    62.294399887337));
#8895 = CARTESIAN_POINT('',(-8.352796063622,-19.72173691695,
    62.330632325019));
#8896 = CARTESIAN_POINT('',(-8.821821389734,-19.62925629722,
    62.369146213256));
#8897 = CARTESIAN_POINT('',(-9.28806544696,-19.53092756099,
    62.409878544921));
#8898 = CARTESIAN_POINT('',(-9.75133988112,-19.42679724257,
    62.452761379638));
#8899 = CARTESIAN_POINT('',(-11.52260490098,-19.00379594057,
    62.625840890205));
#8900 = CARTESIAN_POINT('',(-12.8081106535,-18.64397380932,
    62.770829698692));
#8901 = CARTESIAN_POINT('',(-14.06376565985,-18.23857734924,
    62.931012647782));
#8902 = CARTESIAN_POINT('',(-15.28567077658,-17.78888136191,
    63.104417439156));
#8903 = CARTESIAN_POINT('',(-16.47018526421,-17.29625195047,
    63.288836868999));
#8904 = CARTESIAN_POINT('',(-17.61387686876,-16.76209968423,
    63.481885027501));
#8905 = CARTESIAN_POINT('',(-19.53105840463,-15.76086275948,
    63.82913140795));
#8906 = CARTESIAN_POINT('',(-20.324245127,-15.31172298859,
    63.980591402587));
#8907 = CARTESIAN_POINT('',(-21.09170602555,-14.84099826549,
    64.134397602874));
#8908 = CARTESIAN_POINT('',(-21.83210747815,-14.34929117513,
    64.289469903944));
#8909 = CARTESIAN_POINT('',(-22.54411332492,-13.83723324235,
    64.44469038417));
#8910 = CARTESIAN_POINT('',(-23.22638509887,-13.30548881392,
    64.598914955555));
#8911 = CARTESIAN_POINT('',(-24.14966660513,-12.52465201071,
    64.814523195054));
#8912 = CARTESIAN_POINT('',(-24.41632363549,-12.2912327764,
    64.877684713638));
#8913 = CARTESIAN_POINT('',(-24.6774543232,-12.05455368472,
    64.940384815899));
#8914 = CARTESIAN_POINT('',(-24.93295860769,-11.81466935516,
    65.002538093186));
#8915 = CARTESIAN_POINT('',(-25.18273563959,-11.57163677588,
    65.064058734243));
#8916 = CARTESIAN_POINT('',(-25.42668402791,-11.32551549984,
    65.124860777265));
#8917 = CARTESIAN_POINT('',(-26.01884074511,-10.70566984533,
    65.274126647659));
#8918 = CARTESIAN_POINT('',(-26.35985058655,-10.32827279754,
    65.361613891971));
#8919 = CARTESIAN_POINT('',(-26.68739687718,-9.944382116474,
    65.447037492585));
#8920 = CARTESIAN_POINT('',(-27.00114067663,-9.554219308508,
    65.530114474175));
#8921 = CARTESIAN_POINT('',(-27.30074237644,-9.158023970816,
    65.610564360465));
#8922 = CARTESIAN_POINT('',(-27.58586523797,-8.75605579453,
    65.688112046295));
#8923 = CARTESIAN_POINT('',(-28.11281916234,-7.961748126743,
    65.833106948899));
#8924 = CARTESIAN_POINT('',(-28.35611069778,-7.569949836928,
    65.900866724439));
#8925 = CARTESIAN_POINT('',(-28.58576974418,-7.173445130732,
    65.965541454907));
#8926 = CARTESIAN_POINT('',(-28.80151832427,-6.772495169487,
    66.026909545225));
#8927 = CARTESIAN_POINT('',(-29.00308835525,-6.367380377199,
    66.084759416479));
#8928 = CARTESIAN_POINT('',(-29.19022572813,-5.95840197413,
    66.138892575758));
#8929 = CARTESIAN_POINT('',(-29.68237946314,-4.781246055427,
    66.282239808427));
#8930 = CARTESIAN_POINT('',(-29.95169841903,-4.004369521504,
    66.361966006024));
#8931 = CARTESIAN_POINT('',(-30.16908641562,-3.217416554741,
    66.427127249631));
#8932 = CARTESIAN_POINT('',(-30.33329946879,-2.42268774606,
    66.476764694243));
#8933 = CARTESIAN_POINT('',(-30.44343537547,-1.622626940959,
    66.510195975069));
#8934 = CARTESIAN_POINT('',(-30.49899578917,-0.819829702963,
    66.527062066791));
#8935 = CARTESIAN_POINT('',(-30.50099138342,0.792411504257,
    66.527667859631));
#8936 = CARTESIAN_POINT('',(-30.44651322644,1.601983601562,
    66.511130309121));
#8937 = CARTESIAN_POINT('',(-30.33653390766,2.408830903034,
    66.477741529987));
#8938 = CARTESIAN_POINT('',(-30.17155775845,3.210290883728,
    66.42786430815));
#8939 = CARTESIAN_POINT('',(-29.95250699417,4.003857104351,
    66.36219616316));
#8940 = CARTESIAN_POINT('',(-29.68065731655,4.787170585007,
    66.281720694598));
#8941 = CARTESIAN_POINT('',(-29.18710800801,5.964884261637,
    66.137993948021));
#8942 = CARTESIAN_POINT('',(-29.00232827403,6.368302261069,
    66.084549127997));
#8943 = CARTESIAN_POINT('',(-28.80350436001,6.767958108542,
    66.027488714554));
#8944 = CARTESIAN_POINT('',(-28.59088025141,7.163562646424,
    65.96700329842));
#8945 = CARTESIAN_POINT('',(-28.3647131738,7.554846416178,
    65.903295867814));
#8946 = CARTESIAN_POINT('',(-28.12526977717,7.941558225103,
    65.836578938144));
#8947 = CARTESIAN_POINT('',(-27.60537322304,8.728063859458,
    65.693433970208));
#8948 = CARTESIAN_POINT('',(-27.32332844675,9.127269759834,
    65.616664383472));
#8949 = CARTESIAN_POINT('',(-27.02701051846,9.520805270437,
    65.537023355695));
#8950 = CARTESIAN_POINT('',(-26.7167482873,9.908415758845,
    65.454779404883));
#8951 = CARTESIAN_POINT('',(-26.39287349394,10.289866170795,
    65.370206353336));
#8952 = CARTESIAN_POINT('',(-26.05571734001,10.664939097022,
    65.283580548157));
#8953 = CARTESIAN_POINT('',(-25.46942508371,11.282016169109,
    65.135542389675));
#8954 = CARTESIAN_POINT('',(-25.22734825813,11.527605222365,
    65.075098259027));
#8955 = CARTESIAN_POINT('',(-24.97947708866,11.770138137586,
    65.013930505048));
#8956 = CARTESIAN_POINT('',(-24.72591180369,12.009555800844,
    64.952124061366));
#8957 = CARTESIAN_POINT('',(-24.46675210517,12.245801652192,
    64.889763730474));
#8958 = CARTESIAN_POINT('',(-24.20209692165,12.478821491295,
    64.826933934211));
#8959 = CARTESIAN_POINT('',(-23.28293272394,13.260781392298,
    64.611770805813));
#8960 = CARTESIAN_POINT('',(-22.60265083148,13.794048523113,
    64.457597999841));
#8961 = CARTESIAN_POINT('',(-21.89254104724,14.307660213643,
    64.302360323046));
#8962 = CARTESIAN_POINT('',(-21.153943576,14.800949601362,64.14720390767
    ));
#8963 = CARTESIAN_POINT('',(-20.38819579406,15.273283350969,
    63.993249012349));
#8964 = CARTESIAN_POINT('',(-19.59663177935,15.724057582269,
    63.841578292982));
#8965 = CARTESIAN_POINT('',(-17.67452087301,16.733660435029,
    63.492149504688));
#8966 = CARTESIAN_POINT('',(-16.5235143405,17.273939036842,
    63.297175451909));
#8967 = CARTESIAN_POINT('',(-15.33090548946,17.772079039169,
    63.110882135309));
#8968 = CARTESIAN_POINT('',(-14.10020438917,18.22663440763,
    62.935718106247));
#8969 = CARTESIAN_POINT('',(-12.83513483712,18.636204509734,
    62.773948337648));
#8970 = CARTESIAN_POINT('',(-11.53968621816,18.999482529205,
    62.627595871746));
#8971 = CARTESIAN_POINT('',(-8.814161509339,19.65085528456,
    62.361094020813));
#8972 = CARTESIAN_POINT('',(-7.380631723307,19.932865085371,
    62.243140987738));
#8973 = CARTESIAN_POINT('',(-5.922991599231,20.159881210013,
    62.146607176396));
#8974 = CARTESIAN_POINT('',(-4.446904966,20.330744556612,62.07315242444)
  );
#8975 = CARTESIAN_POINT('',(-2.958299404872,20.444612660752,
    62.023936715506));
#8976 = CARTESIAN_POINT('',(-1.463384299792,20.501020958606,
    61.999558770601));
#8977 = CARTESIAN_POINT('',(1.029717263891,20.499300015987,
    62.000302513271));
#8978 = CARTESIAN_POINT('',(2.028087595069,20.472983084998,
    62.011675694457));
#8979 = CARTESIAN_POINT('',(3.024526674908,20.421039536804,
    62.034123223603));
#8980 = CARTESIAN_POINT('',(4.017169584485,20.343559571761,
    62.067523644564));
#8981 = CARTESIAN_POINT('',(5.004193373768,20.240716147604,
    62.111641164521));
#8982 = CARTESIAN_POINT('',(5.983816006432,20.112758677296,
    62.166131781278));
#8983 = CARTESIAN_POINT('',(7.430411541777,19.885066762707,
    62.262152639291));
#8984 = CARTESIAN_POINT('',(7.90433226689,19.804158337136,
    62.296145541765));
#8985 = CARTESIAN_POINT('',(8.375855091269,19.717318572221,
    62.332475805456));
#8986 = CARTESIAN_POINT('',(8.844782530209,19.624588095669,
    62.371085530736));
#8987 = CARTESIAN_POINT('',(9.310921815938,19.52601069917,
    62.411911561368));
#8988 = CARTESIAN_POINT('',(9.774084710516,19.421632996737,
    62.454885814996));
#8989 = CARTESIAN_POINT('',(11.54486688078,18.997691233528,
    62.628305223485));
#8990 = CARTESIAN_POINT('',(12.829954858125,18.637187673839,
    62.773524574087));
#8991 = CARTESIAN_POINT('',(14.085142395087,18.231124261812,
    62.93391474374));
#8992 = CARTESIAN_POINT('',(15.306533173948,17.780776764693,
    63.107500940417));
#8993 = CARTESIAN_POINT('',(16.490488733047,17.287511915002,
    63.292073874213));
#8994 = CARTESIAN_POINT('',(17.633578560363,16.752740696084,
    63.485245905197));
#8995 = CARTESIAN_POINT('',(19.549607658124,15.750469807082,
    63.832648596433));
#8996 = CARTESIAN_POINT('',(20.342264057322,15.300909273596,
    63.984154631125));
#8997 = CARTESIAN_POINT('',(21.109173823503,14.829774902316,
    64.137988951947));
#8998 = CARTESIAN_POINT('',(21.849003573939,14.337669477585,
    64.293071030733));
#8999 = CARTESIAN_POINT('',(22.560417176672,13.825224855807,
    64.448282596771));
#9000 = CARTESIAN_POINT('',(23.242076047304,13.293105898606,
    64.602479303611));
#9001 = CARTESIAN_POINT('',(24.164453311092,12.511761199172,
    64.818019624829));
#9002 = CARTESIAN_POINT('',(24.430836444099,12.278198083983,
    64.881156872388));
#9003 = CARTESIAN_POINT('',(24.691689812181,12.041377561399,
    64.943829379034));
#9004 = CARTESIAN_POINT('',(24.946913346135,11.801354312463,
    65.005951734461));
#9005 = CARTESIAN_POINT('',(25.196406188748,11.558185395038,
    65.067438130341));
#9006 = CARTESIAN_POINT('',(25.440066943365,11.311930440567,
    65.128202613076));
#9007 = CARTESIAN_POINT('',(26.031497403492,10.691761238052,
    65.277366299497));
#9008 = CARTESIAN_POINT('',(26.372064600025,10.314177728578,
    65.364784936385));
#9009 = CARTESIAN_POINT('',(26.699160769801,9.930107033998,
    65.450132695025));
#9010 = CARTESIAN_POINT('',(27.01244699707,9.539770989085,65.53312668315
    ));
#9011 = CARTESIAN_POINT('',(27.311583740855,9.143409556803,
    65.613486546826));
#9012 = CARTESIAN_POINT('',(27.59623438323,8.741282833325,
    65.690937348841));
#9013 = CARTESIAN_POINT('',(28.597059522305,7.229444003561,
    65.966426267561));
#9014 = CARTESIAN_POINT('',(29.219650471889,6.084470047495,
    66.144426493785));
#9015 = CARTESIAN_POINT('',(29.726638256442,4.905002438134,
    66.293748158436));
#9016 = CARTESIAN_POINT('',(30.111898277036,3.698174130348,
    66.40955208158));
#9017 = CARTESIAN_POINT('',(30.37067421706,2.472075831488,
    66.488108236716));
#9018 = CARTESIAN_POINT('',(30.5,1.235869134412,66.527366910188));
#9019 = CARTESIAN_POINT('',(30.5,0.,66.527366910188));
#9020 = PCURVE('',#8473,#9021);
#9021 = DEFINITIONAL_REPRESENTATION('',(#9022),#9193);
#9022 = B_SPLINE_CURVE_WITH_KNOTS('',7,(#9023,#9024,#9025,#9026,#9027,
    #9028,#9029,#9030,#9031,#9032,#9033,#9034,#9035,#9036,#9037,#9038,
    #9039,#9040,#9041,#9042,#9043,#9044,#9045,#9046,#9047,#9048,#9049,
    #9050,#9051,#9052,#9053,#9054,#9055,#9056,#9057,#9058,#9059,#9060,
    #9061,#9062,#9063,#9064,#9065,#9066,#9067,#9068,#9069,#9070,#9071,
    #9072,#9073,#9074,#9075,#9076,#9077,#9078,#9079,#9080,#9081,#9082,
    #9083,#9084,#9085,#9086,#9087,#9088,#9089,#9090,#9091,#9092,#9093,
    #9094,#9095,#9096,#9097,#9098,#9099,#9100,#9101,#9102,#9103,#9104,
    #9105,#9106,#9107,#9108,#9109,#9110,#9111,#9112,#9113,#9114,#9115,
    #9116,#9117,#9118,#9119,#9120,#9121,#9122,#9123,#9124,#9125,#9126,
    #9127,#9128,#9129,#9130,#9131,#9132,#9133,#9134,#9135,#9136,#9137,
    #9138,#9139,#9140,#9141,#9142,#9143,#9144,#9145,#9146,#9147,#9148,
    #9149,#9150,#9151,#9152,#9153,#9154,#9155,#9156,#9157,#9158,#9159,
    #9160,#9161,#9162,#9163,#9164,#9165,#9166,#9167,#9168,#9169,#9170,
    #9171,#9172,#9173,#9174,#9175,#9176,#9177,#9178,#9179,#9180,#9181,
    #9182,#9183,#9184,#9185,#9186,#9187,#9188,#9189,#9190,#9191,#9192),
  .UNSPECIFIED.,.F.,.F.,(8,6,6,6,6,6,6,6,6,6,6,6,6,6,6,6,6,6,6,6,6,6,6,6
    ,6,6,6,6,8),(0.,6.505046559207E-02,8.875771257815E-02,0.104749857875
    ,0.143186294607,0.195276823776,0.249598468923,0.287000054937,
    0.305133980338,0.356807783708,0.395228629132,0.411281694741,
    0.435166483678,0.457843092196,0.499876081621,0.542259444027,
    0.564630399656,0.58833074492,0.604318833823,0.642748551623,
    0.694835573409,0.750174020294,0.787137464789,0.805271696127,
    0.856945272291,0.895364510832,0.91141656933,0.935299718777,1.),
  .UNSPECIFIED.);
#9023 = CARTESIAN_POINT('',(6.28318530718,-8.027366910188));
#9024 = CARTESIAN_POINT('',(6.222574273505,-8.027366910188));
#9025 = CARTESIAN_POINT('',(6.161946534509,-7.987684162405));
#9026 = CARTESIAN_POINT('',(6.101456341052,-7.908279049854));
#9027 = CARTESIAN_POINT('',(6.041193253266,-7.791246601503));
#9028 = CARTESIAN_POINT('',(5.981219842133,-7.640395913336));
#9029 = CARTESIAN_POINT('',(5.921581905869,-7.460661985845));
#9030 = CARTESIAN_POINT('',(5.840721797507,-7.18360912593));
#9031 = CARTESIAN_POINT('',(5.819170218865,-7.106498394667));
#9032 = CARTESIAN_POINT('',(5.797664950299,-7.02653919544));
#9033 = CARTESIAN_POINT('',(5.776205554626,-6.94400069113));
#9034 = CARTESIAN_POINT('',(5.754791100141,-6.859157196917));
#9035 = CARTESIAN_POINT('',(5.733420200615,-6.772285420736));
#9036 = CARTESIAN_POINT('',(5.697703100793,-6.623878998446));
#9037 = CARTESIAN_POINT('',(5.683334160627,-6.563299166504));
#9038 = CARTESIAN_POINT('',(5.668983677958,-6.502007091661));
#9039 = CARTESIAN_POINT('',(5.654651038106,-6.440087755478));
#9040 = CARTESIAN_POINT('',(5.64033556964,-6.377625990098));
#9041 = CARTESIAN_POINT('',(5.62603654548,-6.314706231044));
#9042 = CARTESIAN_POINT('',(5.577423735997,-6.099287943762));
#9043 = CARTESIAN_POINT('',(5.543185509412,-5.945005085079));
#9044 = CARTESIAN_POINT('',(5.509026604651,-5.789723685441));
#9045 = CARTESIAN_POINT('',(5.474935261608,-5.634589211031));
#9046 = CARTESIAN_POINT('',(5.440899722751,-5.480720928145));
#9047 = CARTESIAN_POINT('',(5.406908096214,-5.329200228606));
#9048 = CARTESIAN_POINT('',(5.326924494256,-4.980292235338));
#9049 = CARTESIAN_POINT('',(5.280960565963,-4.785739283467));
#9050 = CARTESIAN_POINT('',(5.235027285075,-4.599974968071));
#9051 = CARTESIAN_POINT('',(5.189101613602,-4.425442272749));
#9052 = CARTESIAN_POINT('',(5.143165413246,-4.264399235863));
#9053 = CARTESIAN_POINT('',(5.097205614797,-4.118860381774));
#9054 = CARTESIAN_POINT('',(5.003256106967,-3.856708434741));
#9055 = CARTESIAN_POINT('',(4.95526072389,-3.741592712715));
#9056 = CARTESIAN_POINT('',(4.907230059355,-3.647147241631));
#9057 = CARTESIAN_POINT('',(4.859166361161,-3.574934593588));
#9058 = CARTESIAN_POINT('',(4.811074888253,-3.526053067027));
#9059 = CARTESIAN_POINT('',(4.7629663746,-3.501080512275));
#9060 = CARTESIAN_POINT('',(4.681739029157,-3.499301743374));
#9061 = CARTESIAN_POINT('',(4.648616431782,-3.509915383339));
#9062 = CARTESIAN_POINT('',(4.615498413003,-3.531874470319));
#9063 = CARTESIAN_POINT('',(4.582389024125,-3.5650590825));
#9064 = CARTESIAN_POINT('',(4.549291329506,-3.60922927165));
#9065 = CARTESIAN_POINT('',(4.516207820282,-3.664031444649));
#9066 = CARTESIAN_POINT('',(4.467108503417,-3.760506643941));
#9067 = CARTESIAN_POINT('',(4.451079878359,-3.794399887337));
#9068 = CARTESIAN_POINT('',(4.435055096978,-3.830632325019));
#9069 = CARTESIAN_POINT('',(4.419034201748,-3.869146213256));
#9070 = CARTESIAN_POINT('',(4.40301714128,-3.909878544921));
#9071 = CARTESIAN_POINT('',(4.387003778041,-3.952761379638));
#9072 = CARTESIAN_POINT('',(4.325372693084,-4.125840890205));
#9073 = CARTESIAN_POINT('',(4.279780827951,-4.270829698692));
#9074 = CARTESIAN_POINT('',(4.234211790497,-4.431012647782));
#9075 = CARTESIAN_POINT('',(4.188652693806,-4.604417439156));
#9076 = CARTESIAN_POINT('',(4.143085744369,-4.788836868999));
#9077 = CARTESIAN_POINT('',(4.097488396977,-4.981885027501));
#9078 = CARTESIAN_POINT('',(4.017885595016,-5.32913140795));
#9079 = CARTESIAN_POINT('',(3.98390727068,-5.480591402587));
#9080 = CARTESIAN_POINT('',(3.949885073726,-5.634397602874));
#9081 = CARTESIAN_POINT('',(3.915807126659,-5.789469903944));
#9082 = CARTESIAN_POINT('',(3.88166168549,-5.94469038417));
#9083 = CARTESIAN_POINT('',(3.847437003065,-6.098914955555));
#9084 = CARTESIAN_POINT('',(3.798783299676,-6.314523195054));
#9085 = CARTESIAN_POINT('',(3.784429628049,-6.377684713638));
#9086 = CARTESIAN_POINT('',(3.770059386638,-6.440384815899));
#9087 = CARTESIAN_POINT('',(3.755671839972,-6.502538093186));
#9088 = CARTESIAN_POINT('',(3.741266309117,-6.564058734243));
#9089 = CARTESIAN_POINT('',(3.726842172791,-6.624860777265));
#9090 = CARTESIAN_POINT('',(3.690909186493,-6.774126647659));
#9091 = CARTESIAN_POINT('',(3.669377103771,-6.861613891971));
#9092 = CARTESIAN_POINT('',(3.647800781692,-6.947037492585));
#9093 = CARTESIAN_POINT('',(3.626178809071,-7.030114474175));
#9094 = CARTESIAN_POINT('',(3.604510243935,-7.110564360465));
#9095 = CARTESIAN_POINT('',(3.582794655303,-7.188112046295));
#9096 = CARTESIAN_POINT('',(3.540370501374,-7.333106948899));
#9097 = CARTESIAN_POINT('',(3.519666546692,-7.400866724439));
#9098 = CARTESIAN_POINT('',(3.498920537947,-7.465541454907));
#9099 = CARTESIAN_POINT('',(3.478133139036,-7.526909545225));
#9100 = CARTESIAN_POINT('',(3.457305510505,-7.584759416479));
#9101 = CARTESIAN_POINT('',(3.436439379345,-7.638892575758));
#9102 = CARTESIAN_POINT('',(3.376793003063,-7.782239808427));
#9103 = CARTESIAN_POINT('',(3.337920879548,-7.861966006024));
#9104 = CARTESIAN_POINT('',(3.298941146493,-7.927127249631));
#9105 = CARTESIAN_POINT('',(3.259875150601,-7.976764694243));
#9106 = CARTESIAN_POINT('',(3.220746696217,-8.010195975069));
#9107 = CARTESIAN_POINT('',(3.181584360065,-8.027062066791));
#9108 = CARTESIAN_POINT('',(3.102938420301,-8.027667859631));
#9109 = CARTESIAN_POINT('',(3.063448605218,-8.011130309121));
#9110 = CARTESIAN_POINT('',(3.023992631797,-7.977741529987));
#9111 = CARTESIAN_POINT('',(2.984599822536,-7.92786430815));
#9112 = CARTESIAN_POINT('',(2.945294583319,-7.86219616316));
#9113 = CARTESIAN_POINT('',(2.906098811298,-7.781720694598));
#9114 = CARTESIAN_POINT('',(2.846413852025,-7.637993948021));
#9115 = CARTESIAN_POINT('',(2.825829448859,-7.584549127997));
#9116 = CARTESIAN_POINT('',(2.805282523844,-7.527488714554));
#9117 = CARTESIAN_POINT('',(2.784774734174,-7.46700329842));
#9118 = CARTESIAN_POINT('',(2.764307200477,-7.403295867814));
#9119 = CARTESIAN_POINT('',(2.743880572141,-7.336578938144));
#9120 = CARTESIAN_POINT('',(2.701898210041,-7.193433970208));
#9121 = CARTESIAN_POINT('',(2.680347497124,-7.116664383472));
#9122 = CARTESIAN_POINT('',(2.658843096127,-7.037023355695));
#9123 = CARTESIAN_POINT('',(2.637384609918,-6.954779404883));
#9124 = CARTESIAN_POINT('',(2.615971142772,-6.870206353336));
#9125 = CARTESIAN_POINT('',(2.594601341149,-6.783580548157));
#9126 = CARTESIAN_POINT('',(2.558885776217,-6.635542389675));
#9127 = CARTESIAN_POINT('',(2.544517197206,-6.575098259027));
#9128 = CARTESIAN_POINT('',(2.53016714934,-6.513930505048));
#9129 = CARTESIAN_POINT('',(2.515835025638,-6.452124061366));
#9130 = CARTESIAN_POINT('',(2.501520161418,-6.389763730474));
#9131 = CARTESIAN_POINT('',(2.487221835466,-6.326933934211));
#9132 = CARTESIAN_POINT('',(2.438609032176,-6.111770805813));
#9133 = CARTESIAN_POINT('',(2.404370604061,-5.957597999841));
#9134 = CARTESIAN_POINT('',(2.370212149148,-5.802360323046));
#9135 = CARTESIAN_POINT('',(2.336121942092,-5.64720390767));
#9136 = CARTESIAN_POINT('',(2.302088234376,-5.493249012349));
#9137 = CARTESIAN_POINT('',(2.26809911877,-5.341578292982));
#9138 = CARTESIAN_POINT('',(2.188117994548,-4.992149504688));
#9139 = CARTESIAN_POINT('',(2.142154617933,-4.797175451909));
#9140 = CARTESIAN_POINT('',(2.096222958159,-4.610882135309));
#9141 = CARTESIAN_POINT('',(2.050299809904,-4.435718106247));
#9142 = CARTESIAN_POINT('',(2.004366848617,-4.273948337648));
#9143 = CARTESIAN_POINT('',(1.958410783399,-4.127595871746));
#9144 = CARTESIAN_POINT('',(1.863568406276,-3.861094020813));
#9145 = CARTESIAN_POINT('',(1.814674861115,-3.743140987738));
#9146 = CARTESIAN_POINT('',(1.765744689938,-3.646607176396));
#9147 = CARTESIAN_POINT('',(1.716780208869,-3.57315242444));
#9148 = CARTESIAN_POINT('',(1.66778691052,-3.523936715506));
#9149 = CARTESIAN_POINT('',(1.618776165567,-3.499558770601));
#9150 = CARTESIAN_POINT('',(1.537035087584,-3.500302513271));
#9151 = CARTESIAN_POINT('',(1.504300339868,-3.511675694457));
#9152 = CARTESIAN_POINT('',(1.471570316496,-3.534123223603));
#9153 = CARTESIAN_POINT('',(1.438848908353,-3.567523644564));
#9154 = CARTESIAN_POINT('',(1.406139050937,-3.611641164521));
#9155 = CARTESIAN_POINT('',(1.373443115188,-3.666131781278));
#9156 = CARTESIAN_POINT('',(1.324730610704,-3.762152639291));
#9157 = CARTESIAN_POINT('',(1.308701627399,-3.796145541765));
#9158 = CARTESIAN_POINT('',(1.292676490152,-3.832475805456));
#9159 = CARTESIAN_POINT('',(1.276655239015,-3.871085530736));
#9160 = CARTESIAN_POINT('',(1.260637820059,-3.911911561368));
#9161 = CARTESIAN_POINT('',(1.244624093084,-3.954885814996));
#9162 = CARTESIAN_POINT('',(1.182992547088,-4.128305223485));
#9163 = CARTESIAN_POINT('',(1.137400533918,-4.273524574087));
#9164 = CARTESIAN_POINT('',(1.091831211868,-4.43391474374));
#9165 = CARTESIAN_POINT('',(1.046271631969,-4.607500940417));
#9166 = CARTESIAN_POINT('',(1.000703947899,-4.792073874213));
#9167 = CARTESIAN_POINT('',(0.955105566422,-4.985245905197));
#9168 = CARTESIAN_POINT('',(0.875501630235,-5.332648596433));
#9169 = CARTESIAN_POINT('',(0.84152336791,-5.484154631125));
#9170 = CARTESIAN_POINT('',(0.807501038203,-5.637988951947));
#9171 = CARTESIAN_POINT('',(0.773422758448,-5.793071030733));
#9172 = CARTESIAN_POINT('',(0.739276786422,-5.948282596771));
#9173 = CARTESIAN_POINT('',(0.705051384046,-6.102479303611));
#9174 = CARTESIAN_POINT('',(0.656396715402,-6.318019624829));
#9175 = CARTESIAN_POINT('',(0.642042941564,-6.381156872388));
#9176 = CARTESIAN_POINT('',(0.627672570084,-6.443829379034));
#9177 = CARTESIAN_POINT('',(0.613284867134,-6.505951734461));
#9178 = CARTESIAN_POINT('',(0.598879155676,-6.567438130341));
#9179 = CARTESIAN_POINT('',(0.584454816614,-6.628202613076));
#9180 = CARTESIAN_POINT('',(0.548521403973,-6.777366299497));
#9181 = CARTESIAN_POINT('',(0.526989073934,-6.864784936385));
#9182 = CARTESIAN_POINT('',(0.505412469867,-6.950132695025));
#9183 = CARTESIAN_POINT('',(0.483790190051,-7.03312668315));
#9184 = CARTESIAN_POINT('',(0.462121303003,-7.113486546826));
#9185 = CARTESIAN_POINT('',(0.44040538949,-7.190937348841));
#9186 = CARTESIAN_POINT('',(0.359686390204,-7.466426267561));
#9187 = CARTESIAN_POINT('',(0.300359080387,-7.644426493785));
#9188 = CARTESIAN_POINT('',(0.240700658095,-7.793748158436));
#9189 = CARTESIAN_POINT('',(0.180756660232,-7.90955208158));
#9190 = CARTESIAN_POINT('',(0.120589054714,-7.988108236716));
#9191 = CARTESIAN_POINT('',(6.028629923963E-02,-8.027366910188));
#9192 = CARTESIAN_POINT('',(0.,-8.027366910188));
#9193 = ( GEOMETRIC_REPRESENTATION_CONTEXT(2) 
PARAMETRIC_REPRESENTATION_CONTEXT() REPRESENTATION_CONTEXT('2D SPACE',''
  ) );
#9194 = PCURVE('',#9195,#9200);
#9195 = CYLINDRICAL_SURFACE('',#9196,105.);
#9196 = AXIS2_PLACEMENT_3D('',#9197,#9198,#9199);
#9197 = CARTESIAN_POINT('',(0.,-120.,167.));
#9198 = DIRECTION('',(0.,1.,0.));
#9199 = DIRECTION('',(0.,-0.,1.));
#9200 = DEFINITIONAL_REPRESENTATION('',(#9201),#9372);
#9201 = B_SPLINE_CURVE_WITH_KNOTS('',7,(#9202,#9203,#9204,#9205,#9206,
    #9207,#9208,#9209,#9210,#9211,#9212,#9213,#9214,#9215,#9216,#9217,
    #9218,#9219,#9220,#9221,#9222,#9223,#9224,#9225,#9226,#9227,#9228,
    #9229,#9230,#9231,#9232,#9233,#9234,#9235,#9236,#9237,#9238,#9239,
    #9240,#9241,#9242,#9243,#9244,#9245,#9246,#9247,#9248,#9249,#9250,
    #9251,#9252,#9253,#9254,#9255,#9256,#9257,#9258,#9259,#9260,#9261,
    #9262,#9263,#9264,#9265,#9266,#9267,#9268,#9269,#9270,#9271,#9272,
    #9273,#9274,#9275,#9276,#9277,#9278,#9279,#9280,#9281,#9282,#9283,
    #9284,#9285,#9286,#9287,#9288,#9289,#9290,#9291,#9292,#9293,#9294,
    #9295,#9296,#9297,#9298,#9299,#9300,#9301,#9302,#9303,#9304,#9305,
    #9306,#9307,#9308,#9309,#9310,#9311,#9312,#9313,#9314,#9315,#9316,
    #9317,#9318,#9319,#9320,#9321,#9322,#9323,#9324,#9325,#9326,#9327,
    #9328,#9329,#9330,#9331,#9332,#9333,#9334,#9335,#9336,#9337,#9338,
    #9339,#9340,#9341,#9342,#9343,#9344,#9345,#9346,#9347,#9348,#9349,
    #9350,#9351,#9352,#9353,#9354,#9355,#9356,#9357,#9358,#9359,#9360,
    #9361,#9362,#9363,#9364,#9365,#9366,#9367,#9368,#9369,#9370,#9371),
  .UNSPECIFIED.,.T.,.F.,(8,6,6,6,6,6,6,6,6,6,6,6,6,6,6,6,6,6,6,6,6,6,6,6
    ,6,6,6,6,8),(0.,6.505046559207E-02,8.875771257815E-02,0.104749857875
    ,0.143186294607,0.195276823776,0.249598468923,0.287000054937,
    0.305133980338,0.356807783708,0.395228629132,0.411281694741,
    0.435166483678,0.457843092196,0.499876081621,0.542259444027,
    0.564630399656,0.58833074492,0.604318833823,0.642748551623,
    0.694835573409,0.750174020294,0.787137464789,0.805271696127,
    0.856945272291,0.895364510832,0.91141656933,0.935299718777,1.),
  .UNSPECIFIED.);
#9202 = CARTESIAN_POINT('',(2.846868205453,120.));
#9203 = CARTESIAN_POINT('',(2.846868205453,118.75747380967));
#9204 = CARTESIAN_POINT('',(2.848169283713,117.51460494151));
#9205 = CARTESIAN_POINT('',(2.850772704793,116.28201283402));
#9206 = CARTESIAN_POINT('',(2.85464504012,115.06900107637));
#9207 = CARTESIAN_POINT('',(2.859731499045,113.8837775749));
#9208 = CARTESIAN_POINT('',(2.865962087831,112.73357098495));
#9209 = CARTESIAN_POINT('',(2.875914258426,111.22059105717));
#9210 = CARTESIAN_POINT('',(2.878714176433,110.82189563324));
#9211 = CARTESIAN_POINT('',(2.881652183286,110.42889748677));
#9212 = CARTESIAN_POINT('',(2.884724620504,110.0418499436));
#9213 = CARTESIAN_POINT('',(2.887927809122,109.66098687672));
#9214 = CARTESIAN_POINT('',(2.891258090237,109.28652463423));
#9215 = CARTESIAN_POINT('',(2.897041671159,108.67051700878));
#9216 = CARTESIAN_POINT('',(2.899427669088,108.42537430029));
#9217 = CARTESIAN_POINT('',(2.901868754083,108.18329741397));
#9218 = CARTESIAN_POINT('',(2.904363827874,107.94434520501));
#9219 = CARTESIAN_POINT('',(2.906911802229,107.70857400405));
#9220 = CARTESIAN_POINT('',(2.909511601999,107.47603780951));
#9221 = CARTESIAN_POINT('',(2.918532690509,106.6957975288));
#9222 = CARTESIAN_POINT('',(2.925196333526,106.1638054323));
#9223 = CARTESIAN_POINT('',(2.932138555828,105.65151415208));
#9224 = CARTESIAN_POINT('',(2.939345050238,105.15958886683));
#9225 = CARTESIAN_POINT('',(2.946801774015,104.6886618663));
#9226 = CARTESIAN_POINT('',(2.954494979074,104.23933644513));
#9227 = CARTESIAN_POINT('',(2.973139664791,103.23330667664));
#9228 = CARTESIAN_POINT('',(2.984277421447,102.69517802325));
#9229 = CARTESIAN_POINT('',(2.995790780159,102.19925486747));
#9230 = CARTESIAN_POINT('',(3.007645339789,101.74698215426));
#9231 = CARTESIAN_POINT('',(3.01980566066,101.33975862419));
#9232 = CARTESIAN_POINT('',(3.032234736816,100.97888793327));
#9233 = CARTESIAN_POINT('',(3.058094068958,100.33873415325));
#9234 = CARTESIAN_POINT('',(3.071545245679,100.0635864202));
#9235 = CARTESIAN_POINT('',(3.085200216407,99.841449932565));
#9236 = CARTESIAN_POINT('',(3.099011132457,99.673416864455));
#9237 = CARTESIAN_POINT('',(3.112928597001,99.560284720948));
#9238 = CARTESIAN_POINT('',(3.126901164548,99.5025001979));
#9239 = CARTESIAN_POINT('',(3.150495708419,99.498384303497));
#9240 = CARTESIAN_POINT('',(3.160117850304,99.52294395722));
#9241 = CARTESIAN_POINT('',(3.169723714104,99.573746006967));
#9242 = CARTESIAN_POINT('',(3.179296342737,99.6507013456));
#9243 = CARTESIAN_POINT('',(3.18881912789,99.753633892523));
#9244 = CARTESIAN_POINT('',(3.198275741185,99.882287149173));
#9245 = CARTESIAN_POINT('',(3.21219514789,100.11101783454));
#9246 = CARTESIAN_POINT('',(3.216720938179,100.19167428324));
#9247 = CARTESIAN_POINT('',(3.221225632591,100.27826308304));
#9248 = CARTESIAN_POINT('',(3.225707464523,100.37074370277));
#9249 = CARTESIAN_POINT('',(3.230164701651,100.469072439));
#9250 = CARTESIAN_POINT('',(3.234595643165,100.57320275742));
#9251 = CARTESIAN_POINT('',(3.251545178206,100.99620405942));
#9252 = CARTESIAN_POINT('',(3.263864346063,101.35602619067));
#9253 = CARTESIAN_POINT('',(3.275917868037,101.76142265075));
#9254 = CARTESIAN_POINT('',(3.287669656986,102.21111863808));
#9255 = CARTESIAN_POINT('',(3.299085134263,102.70374804952));
#9256 = CARTESIAN_POINT('',(3.310130723237,103.23790031576));
#9257 = CARTESIAN_POINT('',(3.328686675495,104.23913724051));
#9258 = CARTESIAN_POINT('',(3.336376974982,104.6882770114));
#9259 = CARTESIAN_POINT('',(3.343830983953,105.1590017345));
#9260 = CARTESIAN_POINT('',(3.351034970481,105.65070882486));
#9261 = CARTESIAN_POINT('',(3.357974908596,106.16276675764));
#9262 = CARTESIAN_POINT('',(3.364636508386,106.69451118607));
#9263 = CARTESIAN_POINT('',(3.373666243356,107.47534798928));
#9264 = CARTESIAN_POINT('',(3.376276090339,107.70876722359));
#9265 = CARTESIAN_POINT('',(3.378833715904,107.94544631527));
#9266 = CARTESIAN_POINT('',(3.381338032513,108.18533064483));
#9267 = CARTESIAN_POINT('',(3.38378793934,108.42836322411));
#9268 = CARTESIAN_POINT('',(3.38618232538,108.67448450015));
#9269 = CARTESIAN_POINT('',(3.39199832394,109.29433015466));
#9270 = CARTESIAN_POINT('',(3.395351185511,109.67172720245));
#9271 = CARTESIAN_POINT('',(3.398574977077,110.05561788352));
#9272 = CARTESIAN_POINT('',(3.401665956016,110.44578069149));
#9273 = CARTESIAN_POINT('',(3.404620359486,110.84197602918));
#9274 = CARTESIAN_POINT('',(3.407434446654,111.24394420547));
#9275 = CARTESIAN_POINT('',(3.412639571986,112.03825187325));
#9276 = CARTESIAN_POINT('',(3.415044810751,112.43005016307));
#9277 = CARTESIAN_POINT('',(3.41731710049,112.82655486926));
#9278 = CARTESIAN_POINT('',(3.419453343048,113.22750483051));
#9279 = CARTESIAN_POINT('',(3.421450546585,113.6326196228));
#9280 = CARTESIAN_POINT('',(3.423305873341,114.04159802587));
#9281 = CARTESIAN_POINT('',(3.428187824254,115.21875394457));
#9282 = CARTESIAN_POINT('',(3.430862767838,115.99563047849));
#9283 = CARTESIAN_POINT('',(3.433024125237,116.78258344525));
#9284 = CARTESIAN_POINT('',(3.434657944087,117.57731225394));
#9285 = CARTESIAN_POINT('',(3.435754116824,118.37737305904));
#9286 = CARTESIAN_POINT('',(3.436307106858,119.18017029703));
#9287 = CARTESIAN_POINT('',(3.436326968925,120.79241150425));
#9288 = CARTESIAN_POINT('',(3.435784750572,121.60198360156));
#9289 = CARTESIAN_POINT('',(3.434690122396,122.40883090303));
#9290 = CARTESIAN_POINT('',(3.43304868603,123.21029088372));
#9291 = CARTESIAN_POINT('',(3.430870773689,124.00385710435));
#9292 = CARTESIAN_POINT('',(3.428170694673,124.787170585));
#9293 = CARTESIAN_POINT('',(3.423274972095,125.96488426163));
#9294 = CARTESIAN_POINT('',(3.421443036292,126.36830226106));
#9295 = CARTESIAN_POINT('',(3.419473045254,126.76795810854));
#9296 = CARTESIAN_POINT('',(3.417367723655,127.16356264642));
#9297 = CARTESIAN_POINT('',(3.415129942161,127.55484641617));
#9298 = CARTESIAN_POINT('',(3.412762672755,127.9415582251));
#9299 = CARTESIAN_POINT('',(3.407627026056,128.72806385945));
#9300 = CARTESIAN_POINT('',(3.404843170808,129.12726975983));
#9301 = CARTESIAN_POINT('',(3.401920968261,129.52080527043));
#9302 = CARTESIAN_POINT('',(3.398864071943,129.90841575884));
#9303 = CARTESIAN_POINT('',(3.395676158049,130.28986617079));
#9304 = CARTESIAN_POINT('',(3.392360884525,130.66493909702));
#9305 = CARTESIAN_POINT('',(3.386601901353,131.2820161691));
#9306 = CARTESIAN_POINT('',(3.384225634574,131.52760522236));
#9307 = CARTESIAN_POINT('',(3.381794155275,131.77013813758));
#9308 = CARTESIAN_POINT('',(3.379308562123,132.00955580084));
#9309 = CARTESIAN_POINT('',(3.376769943884,132.24580165219));
#9310 = CARTESIAN_POINT('',(3.374179376333,132.47882149129));
#9311 = CARTESIAN_POINT('',(3.365188789196,133.26078139229));
#9312 = CARTESIAN_POINT('',(3.358545780361,133.79404852311));
#9313 = CARTESIAN_POINT('',(3.35162344681,134.30766021364));
#9314 = CARTESIAN_POINT('',(3.344436107477,134.80094960136));
#9315 = CARTESIAN_POINT('',(3.33699781324,135.27328335096));
#9316 = CARTESIAN_POINT('',(3.329322314108,135.72405758226));
#9317 = CARTESIAN_POINT('',(3.310716458802,136.73366043502));
#9318 = CARTESIAN_POINT('',(3.299599134776,137.27393903684));
#9319 = CARTESIAN_POINT('',(3.288104769505,137.77207903916));
#9320 = CARTESIAN_POINT('',(3.276267729236,138.22663440763));
#9321 = CARTESIAN_POINT('',(3.264123399776,138.63620450973));
#9322 = CARTESIAN_POINT('',(3.25170871179,138.9994825292));
#9323 = CARTESIAN_POINT('',(3.225627540442,139.65085528456));
#9324 = CARTESIAN_POINT('',(3.211930356191,139.93286508537));
#9325 = CARTESIAN_POINT('',(3.198020531969,140.15988121001));
#9326 = CARTESIAN_POINT('',(3.183948630297,140.33074455661));
#9327 = CARTESIAN_POINT('',(3.169766864801,140.44461266075));
#9328 = CARTESIAN_POINT('',(3.15552964755,140.5010209586));
#9329 = CARTESIAN_POINT('',(3.131785822078,140.49930001598));
#9330 = CARTESIAN_POINT('',(3.122277501922,140.47298308499));
#9331 = CARTESIAN_POINT('',(3.112786137371,140.4210395368));
#9332 = CARTESIAN_POINT('',(3.103328088543,140.34355957176));
#9333 = CARTESIAN_POINT('',(3.093919376909,140.2407161476));
#9334 = CARTESIAN_POINT('',(3.08457575101,140.11275867729));
#9335 = CARTESIAN_POINT('',(3.070768333607,139.8850667627));
#9336 = CARTESIAN_POINT('',(3.066243271431,139.80415833713));
#9337 = CARTESIAN_POINT('',(3.061739368576,139.71731857222));
#9338 = CARTESIAN_POINT('',(3.057258390906,139.62458809566));
#9339 = CARTESIAN_POINT('',(3.052802069983,139.52601069917));
#9340 = CARTESIAN_POINT('',(3.048372105833,139.42163299673));
#9341 = CARTESIAN_POINT('',(3.031426832348,138.99769123352));
#9342 = CARTESIAN_POINT('',(3.019111370878,138.63718767383));
#9343 = CARTESIAN_POINT('',(3.007062013276,138.23112426181));
#9344 = CARTESIAN_POINT('',(2.995314828808,137.78077676469));
#9345 = CARTESIAN_POINT('',(2.98390438397,137.287511915));
#9346 = CARTESIAN_POINT('',(2.972864248356,136.75274069608));
#9347 = CARTESIAN_POINT('',(2.954318830347,135.75046980708));
#9348 = CARTESIAN_POINT('',(2.946633408957,135.30090927359));
#9349 = CARTESIAN_POINT('',(2.939184492851,134.82977490231));
#9350 = CARTESIAN_POINT('',(2.931985815263,134.33766947758));
#9351 = CARTESIAN_POINT('',(2.92505140527,133.8252248558));
#9352 = CARTESIAN_POINT('',(2.918395556954,133.2931058986));
#9353 = CARTESIAN_POINT('',(2.909374355186,132.51176119917));
#9354 = CARTESIAN_POINT('',(2.906767099728,132.27819808398));
#9355 = CARTESIAN_POINT('',(2.904212103587,132.04137756139));
#9356 = CARTESIAN_POINT('',(2.901710454551,131.80135431246));
#9357 = CARTESIAN_POINT('',(2.899263253673,131.55818539503));
#9358 = CARTESIAN_POINT('',(2.896871612145,131.31193044056));
#9359 = CARTESIAN_POINT('',(2.891062558343,130.69176123805));
#9360 = CARTESIAN_POINT('',(2.887713942439,130.31417772857));
#9361 = CARTESIAN_POINT('',(2.884494481092,129.93010703399));
#9362 = CARTESIAN_POINT('',(2.881407916949,129.53977098908));
#9363 = CARTESIAN_POINT('',(2.878458012336,129.1434095568));
#9364 = CARTESIAN_POINT('',(2.875648506926,128.74128283332));
#9365 = CARTESIAN_POINT('',(2.865762328831,127.22944400356));
#9366 = CARTESIAN_POINT('',(2.859595614229,126.08447004749));
#9367 = CARTESIAN_POINT('',(2.854562272716,124.90500243813));
#9368 = CARTESIAN_POINT('',(2.850730966907,123.69817413035));
#9369 = CARTESIAN_POINT('',(2.848155379449,122.47207583148));
#9370 = CARTESIAN_POINT('',(2.846868205453,121.23586913441));
#9371 = CARTESIAN_POINT('',(2.846868205453,120.));
#9372 = ( GEOMETRIC_REPRESENTATION_CONTEXT(2) 
PARAMETRIC_REPRESENTATION_CONTEXT() REPRESENTATION_CONTEXT('2D SPACE',''
  ) );
#9373 = ORIENTED_EDGE('',*,*,#8824,.F.);
#9374 = ADVANCED_FACE('',(#9375),#8721,.F.);
#9375 = FACE_BOUND('',#9376,.F.);
#9376 = EDGE_LOOP('',(#9377,#9400,#9401,#9402));
#9377 = ORIENTED_EDGE('',*,*,#9378,.F.);
#9378 = EDGE_CURVE('',#8647,#9379,#9381,.T.);
#9379 = VERTEX_POINT('',#9380);
#9380 = CARTESIAN_POINT('',(32.5,-5.510910596163E-15,68.856537532078));
#9381 = SEAM_CURVE('',#9382,(#9386,#9393),.PCURVE_S1.);
#9382 = LINE('',#9383,#9384);
#9383 = CARTESIAN_POINT('',(32.5,0.,-150.));
#9384 = VECTOR('',#9385,1.);
#9385 = DIRECTION('',(0.,0.,1.));
#9386 = PCURVE('',#8721,#9387);
#9387 = DEFINITIONAL_REPRESENTATION('',(#9388),#9392);
#9388 = LINE('',#9389,#9390);
#9389 = CARTESIAN_POINT('',(6.28318530718,0.));
#9390 = VECTOR('',#9391,1.);
#9391 = DIRECTION('',(0.,-1.));
#9392 = ( GEOMETRIC_REPRESENTATION_CONTEXT(2) 
PARAMETRIC_REPRESENTATION_CONTEXT() REPRESENTATION_CONTEXT('2D SPACE',''
  ) );
#9393 = PCURVE('',#8721,#9394);
#9394 = DEFINITIONAL_REPRESENTATION('',(#9395),#9399);
#9395 = LINE('',#9396,#9397);
#9396 = CARTESIAN_POINT('',(0.,0.));
#9397 = VECTOR('',#9398,1.);
#9398 = DIRECTION('',(0.,-1.));
#9399 = ( GEOMETRIC_REPRESENTATION_CONTEXT(2) 
PARAMETRIC_REPRESENTATION_CONTEXT() REPRESENTATION_CONTEXT('2D SPACE',''
  ) );
#9400 = ORIENTED_EDGE('',*,*,#8646,.T.);
#9401 = ORIENTED_EDGE('',*,*,#9378,.T.);
#9402 = ORIENTED_EDGE('',*,*,#9403,.F.);
#9403 = EDGE_CURVE('',#9379,#9379,#9404,.T.);
#9404 = SURFACE_CURVE('',#9405,(#9460,#9536),.PCURVE_S1.);
#9405 = ( BOUNDED_CURVE() B_SPLINE_CURVE(14,(#9406,#9407,#9408,#9409,
    #9410,#9411,#9412,#9413,#9414,#9415,#9416,#9417,#9418,#9419,#9420,
    #9421,#9422,#9423,#9424,#9425,#9426,#9427,#9428,#9429,#9430,#9431,
    #9432,#9433,#9434,#9435,#9436,#9437,#9438,#9439,#9440,#9441,#9442,
    #9443,#9444,#9445,#9446,#9447,#9448,#9449,#9450,#9451,#9452,#9453,
    #9454,#9455,#9456,#9457,#9458,#9459),.UNSPECIFIED.,.T.,.F.) 
B_SPLINE_CURVE_WITH_KNOTS((15,13,13,13,15),(-4.282801861133E-15,
    43.860771440737,87.822296123243,131.73505716646,175.72456237565),
.UNSPECIFIED.) CURVE() GEOMETRIC_REPRESENTATION_ITEM() 
RATIONAL_B_SPLINE_CURVE((1.,1.,1.000000000002,0.999999999995,
    1.00000000001,0.999999999985,1.000000000019,0.99999999998,
    1.000000000017,0.999999999988,1.000000000006,0.999999999997,
    1.000000000001,1.,1.,1.000000000001,0.999999999996,1.000000000009,
    0.999999999987,1.000000000015,0.999999999986,1.000000000011,
    0.999999999993,1.000000000004,0.999999999998,1.,1.,1.,1.000000000001
    ,0.999999999997,1.000000000008,0.999999999987,1.000000000018,
    0.99999999998,1.000000000019,0.999999999986,1.000000000008,
    0.999999999996,1.000000000002,1.,1.,0.999999999998,1.000000000006,
    0.999999999987,1.000000000021,0.999999999973,1.000000000029,
    0.999999999974,1.000000000019,0.999999999989,1.000000000005,
0.999999999998,1.,1.)) REPRESENTATION_ITEM('') );
#9406 = CARTESIAN_POINT('',(32.5,-5.510910596163E-15,68.856537532078));
#9407 = CARTESIAN_POINT('',(32.500000000003,-2.51001569917,
    68.856537532078));
#9408 = CARTESIAN_POINT('',(32.064269914187,-5.021662690693,
    68.728904786023));
#9409 = CARTESIAN_POINT('',(31.193238245092,-7.491679576121,
    68.473570435404));
#9410 = CARTESIAN_POINT('',(29.892646175894,-9.913767345685,
    68.099249542883));
#9411 = CARTESIAN_POINT('',(28.148398769682,-12.20718812408,
    67.610693397444));
#9412 = CARTESIAN_POINT('',(26.054398291047,-14.29002495585,
    67.062068234495));
#9413 = CARTESIAN_POINT('',(23.582904498596,-16.26659990617,
    66.462868677989));
#9414 = CARTESIAN_POINT('',(20.842681605739,-17.90672302721,
    65.886724170707));
#9415 = CARTESIAN_POINT('',(17.805592922669,-19.42559893919,
    65.325389918688));
#9416 = CARTESIAN_POINT('',(14.526195374156,-20.6111954485,
    64.843477291756));
#9417 = CARTESIAN_POINT('',(11.055192896175,-21.55005960787,
    64.45450129328));
#9418 = CARTESIAN_POINT('',(7.443483476729,-22.17591145961,
    64.187761116265));
#9419 = CARTESIAN_POINT('',(3.763264439656,-22.49351122502,64.0527598487
    ));
#9420 = CARTESIAN_POINT('',(-3.608055069576,-22.50636086598,
    64.047294554478));
#9421 = CARTESIAN_POINT('',(-7.299046893754,-22.20039626382,
    64.177419125325));
#9422 = CARTESIAN_POINT('',(-10.92358242634,-21.58236324973,
    64.440448398556));
#9423 = CARTESIAN_POINT('',(-14.41218111817,-20.65968131251,
    64.825980622654));
#9424 = CARTESIAN_POINT('',(-17.70213754791,-19.4548906128,
    65.309874321993));
#9425 = CARTESIAN_POINT('',(-20.75225191079,-17.98866938213,
    65.863921700194));
#9426 = CARTESIAN_POINT('',(-23.5226722562,-16.28503468292,
    66.452492809319));
#9427 = CARTESIAN_POINT('',(-25.98380673676,-14.36791603609,
    67.041959937863));
#9428 = CARTESIAN_POINT('',(-28.1116125513,-12.25336656859,
    67.601203903768));
#9429 = CARTESIAN_POINT('',(-29.85898996543,-9.961432067712,
    68.089699858458));
#9430 = CARTESIAN_POINT('',(-31.17206242911,-7.541693950504,
    68.467380529503));
#9431 = CARTESIAN_POINT('',(-32.05204207887,-5.063233210876,
    68.725335922528));
#9432 = CARTESIAN_POINT('',(-32.49480179333,-2.547636934062,
    68.855014681467));
#9433 = CARTESIAN_POINT('',(-32.50512680472,2.480878602404,
    68.858039465174));
#9434 = CARTESIAN_POINT('',(-32.07354572297,4.993992823413,
    68.731645687854));
#9435 = CARTESIAN_POINT('',(-31.20743117147,7.474382138277,
    68.47747389167));
#9436 = CARTESIAN_POINT('',(-29.89680011728,9.887583689492,
    68.101056560643));
#9437 = CARTESIAN_POINT('',(-28.19876108901,12.183624336868,
    67.622942081497));
#9438 = CARTESIAN_POINT('',(-26.00619527176,14.316105015618,
    67.050377949695));
#9439 = CARTESIAN_POINT('',(-23.67352970443,16.200191920581,
    66.48447814195));
#9440 = CARTESIAN_POINT('',(-20.79118107292,17.956961912489,
    65.872974914788));
#9441 = CARTESIAN_POINT('',(-17.85030445473,19.388552491856,
    65.335590767154));
#9442 = CARTESIAN_POINT('',(-14.51710737467,20.62526254206,
    64.840095260486));
#9443 = CARTESIAN_POINT('',(-11.05952657382,21.546917874783,
    64.455135660379));
#9444 = CARTESIAN_POINT('',(-7.439306212823,22.177684469575,
    64.187108164156));
#9445 = CARTESIAN_POINT('',(-3.754978736996,22.494517007839,
    64.052332064432));
#9446 = CARTESIAN_POINT('',(3.623049935197,22.505390522573,
    64.047707265414));
#9447 = CARTESIAN_POINT('',(7.31609966022,22.198199209489,
    64.178397102872));
#9448 = CARTESIAN_POINT('',(10.942987109324,21.577474679152,
    64.442306217481));
#9449 = CARTESIAN_POINT('',(14.431568809852,20.655054848614,
    64.828260698881));
#9450 = CARTESIAN_POINT('',(17.724214632331,19.444986375996,
    65.313471439671));
#9451 = CARTESIAN_POINT('',(20.773946950859,17.977164913839,
    65.868049957709));
#9452 = CARTESIAN_POINT('',(23.542791841594,16.273091922072,
    66.456807574511));
#9453 = CARTESIAN_POINT('',(26.004836411541,14.350605297554,
    67.047092288369));
#9454 = CARTESIAN_POINT('',(28.131528165866,12.232227687667,
    67.606491545337));
#9455 = CARTESIAN_POINT('',(29.874289238326,9.940685394717,
    68.093992450049));
#9456 = CARTESIAN_POINT('',(31.185813789195,7.516128107481,
    68.471330491894));
#9457 = CARTESIAN_POINT('',(32.061743722202,5.035806129402,
    68.728180423277));
#9458 = CARTESIAN_POINT('',(32.5,2.517389396555,68.856537532077));
#9459 = CARTESIAN_POINT('',(32.5,0.,68.856537532078));
#9460 = PCURVE('',#8721,#9461);
#9461 = DEFINITIONAL_REPRESENTATION('',(#9462),#9535);
#9462 = B_SPLINE_CURVE_WITH_KNOTS('',11,(#9463,#9464,#9465,#9466,#9467,
    #9468,#9469,#9470,#9471,#9472,#9473,#9474,#9475,#9476,#9477,#9478,
    #9479,#9480,#9481,#9482,#9483,#9484,#9485,#9486,#9487,#9488,#9489,
    #9490,#9491,#9492,#9493,#9494,#9495,#9496,#9497,#9498,#9499,#9500,
    #9501,#9502,#9503,#9504,#9505,#9506,#9507,#9508,#9509,#9510,#9511,
    #9512,#9513,#9514,#9515,#9516,#9517,#9518,#9519,#9520,#9521,#9522,
    #9523,#9524,#9525,#9526,#9527,#9528,#9529,#9530,#9531,#9532,#9533,
    #9534),.UNSPECIFIED.,.F.,.F.,(12,10,10,10,10,10,10,12),(
    -4.282801861133E-15,21.965570296956,43.931140593913,87.862281187825,
    109.82785148478,131.79342178173,153.75899207869,175.72456237565),
  .UNSPECIFIED.);
#9463 = CARTESIAN_POINT('',(6.28318530718,-218.856537532));
#9464 = CARTESIAN_POINT('',(6.212081068996,-218.856537532));
#9465 = CARTESIAN_POINT('',(6.140946897126,-218.8035548101));
#9466 = CARTESIAN_POINT('',(6.069831593655,-218.6977109751));
#9467 = CARTESIAN_POINT('',(5.99846876714,-218.5401973612));
#9468 = CARTESIAN_POINT('',(5.926980763705,-218.3335561981));
#9469 = CARTESIAN_POINT('',(5.855547226124,-218.0829712997));
#9470 = CARTESIAN_POINT('',(5.78421108662,-217.7960389459));
#9471 = CARTESIAN_POINT('',(5.712972682487,-217.4814718708));
#9472 = CARTESIAN_POINT('',(5.641866265933,-217.1482460051));
#9473 = CARTESIAN_POINT('',(5.57082245533,-216.8058306933));
#9474 = CARTESIAN_POINT('',(5.428767843834,-216.1208666475));
#9475 = CARTESIAN_POINT('',(5.357754958226,-215.7783250184));
#9476 = CARTESIAN_POINT('',(5.286704744731,-215.4449249915));
#9477 = CARTESIAN_POINT('',(5.215540682111,-215.1296945302));
#9478 = CARTESIAN_POINT('',(5.144200294357,-214.8413265742));
#9479 = CARTESIAN_POINT('',(5.072646858873,-214.5879974266));
#9480 = CARTESIAN_POINT('',(5.000871338573,-214.3770563117));
#9481 = CARTESIAN_POINT('',(4.928893744177,-214.2145745567));
#9482 = CARTESIAN_POINT('',(4.856765003804,-214.1048402409));
#9483 = CARTESIAN_POINT('',(4.784562289328,-214.0499816177));
#9484 = CARTESIAN_POINT('',(4.567963280663,-214.0500367838));
#9485 = CARTESIAN_POINT('',(4.423568820908,-214.2694089586));
#9486 = CARTESIAN_POINT('',(4.279739444181,-214.7095879791));
#9487 = CARTESIAN_POINT('',(4.137073965765,-215.3299001975));
#9488 = CARTESIAN_POINT('',(3.995855855286,-216.0808600247));
#9489 = CARTESIAN_POINT('',(3.854127110163,-216.8402449337));
#9490 = CARTESIAN_POINT('',(3.713422766325,-217.6063409531));
#9491 = CARTESIAN_POINT('',(3.568536237288,-218.2220513685));
#9492 = CARTESIAN_POINT('',(3.426012059066,-218.6446014195));
#9493 = CARTESIAN_POINT('',(3.283791747266,-218.8565406939));
#9494 = CARTESIAN_POINT('',(3.070489804403,-218.8565359498));
#9495 = CARTESIAN_POINT('',(2.999390027568,-218.8035643215));
#9496 = CARTESIAN_POINT('',(2.928218963431,-218.6977479816));
#9497 = CARTESIAN_POINT('',(2.856899820661,-218.5401926869));
#9498 = CARTESIAN_POINT('',(2.785462314288,-218.3336769753));
#9499 = CARTESIAN_POINT('',(2.71401112481,-218.0832560673));
#9500 = CARTESIAN_POINT('',(2.642650095873,-217.7962573164));
#9501 = CARTESIAN_POINT('',(2.571425719927,-217.4815640404));
#9502 = CARTESIAN_POINT('',(2.500318593046,-217.1485015285));
#9503 = CARTESIAN_POINT('',(2.429276650374,-216.8060558349));
#9504 = CARTESIAN_POINT('',(2.287221600131,-216.1210899999));
#9505 = CARTESIAN_POINT('',(2.216206417049,-215.7785322727));
#9506 = CARTESIAN_POINT('',(2.145156835933,-215.445132716));
#9507 = CARTESIAN_POINT('',(2.073975424865,-215.1297944512));
#9508 = CARTESIAN_POINT('',(2.002669293515,-214.8415747024));
#9509 = CARTESIAN_POINT('',(1.931103515758,-214.5881713946));
#9510 = CARTESIAN_POINT('',(1.859299219222,-214.3770615807));
#9511 = CARTESIAN_POINT('',(1.787364886213,-214.2147547651));
#9512 = CARTESIAN_POINT('',(1.715210866962,-214.1048755875));
#9513 = CARTESIAN_POINT('',(1.643014657126,-214.0500129079));
#9514 = CARTESIAN_POINT('',(1.498615032649,-214.0499870919));
#9515 = CARTESIAN_POINT('',(1.426418553822,-214.1048473509));
#9516 = CARTESIAN_POINT('',(1.354287451302,-214.2145807245));
#9517 = CARTESIAN_POINT('',(1.282306104976,-214.3770729504));
#9518 = CARTESIAN_POINT('',(1.210531248961,-214.5880231852));
#9519 = CARTESIAN_POINT('',(1.138982061804,-214.8413446642));
#9520 = CARTESIAN_POINT('',(1.067645386812,-215.129693997));
#9521 = CARTESIAN_POINT('',(0.996481993995,-215.4449162759));
#9522 = CARTESIAN_POINT('',(0.925430649132,-215.7783247732));
#9523 = CARTESIAN_POINT('',(0.854417609771,-216.120865568));
#9524 = CARTESIAN_POINT('',(0.712362434292,-216.8058325137));
#9525 = CARTESIAN_POINT('',(0.641318964233,-217.1482531156));
#9526 = CARTESIAN_POINT('',(0.570209535781,-217.4814671142));
#9527 = CARTESIAN_POINT('',(0.498976536328,-217.7960533708));
#9528 = CARTESIAN_POINT('',(0.42763015592,-218.083006639));
#9529 = CARTESIAN_POINT('',(0.356191078904,-218.3335671733));
#9530 = CARTESIAN_POINT('',(0.284727198562,-218.5401595794));
#9531 = CARTESIAN_POINT('',(0.21337897452,-218.6976750268));
#9532 = CARTESIAN_POINT('',(0.142226913461,-218.8035765708));
#9533 = CARTESIAN_POINT('',(7.110442640252E-02,-218.8565375321));
#9534 = CARTESIAN_POINT('',(-2.329365818764E-15,-218.856537532));
#9535 = ( GEOMETRIC_REPRESENTATION_CONTEXT(2) 
PARAMETRIC_REPRESENTATION_CONTEXT() REPRESENTATION_CONTEXT('2D SPACE',''
  ) );
#9536 = PCURVE('',#9537,#9700);
#9537 = ( BOUNDED_SURFACE() B_SPLINE_SURFACE(2,14,(
    (#9538,#9539,#9540,#9541,#9542,#9543,#9544,#9545,#9546,#9547,#9548
      ,#9549,#9550,#9551,#9552,#9553,#9554,#9555,#9556,#9557,#9558,#9559
      ,#9560,#9561,#9562,#9563,#9564,#9565,#9566,#9567,#9568,#9569,#9570
      ,#9571,#9572,#9573,#9574,#9575,#9576,#9577,#9578,#9579,#9580,#9581
      ,#9582,#9583,#9584,#9585,#9586,#9587,#9588,#9589,#9590,#9591)
    ,(#9592,#9593,#9594,#9595,#9596,#9597,#9598,#9599,#9600,#9601,#9602
      ,#9603,#9604,#9605,#9606,#9607,#9608,#9609,#9610,#9611,#9612,#9613
      ,#9614,#9615,#9616,#9617,#9618,#9619,#9620,#9621,#9622,#9623,#9624
      ,#9625,#9626,#9627,#9628,#9629,#9630,#9631,#9632,#9633,#9634,#9635
      ,#9636,#9637,#9638,#9639,#9640,#9641,#9642,#9643,#9644,#9645)
    ,(#9646,#9647,#9648,#9649,#9650,#9651,#9652,#9653,#9654,#9655,#9656
      ,#9657,#9658,#9659,#9660,#9661,#9662,#9663,#9664,#9665,#9666,#9667
      ,#9668,#9669,#9670,#9671,#9672,#9673,#9674,#9675,#9676,#9677,#9678
      ,#9679,#9680,#9681,#9682,#9683,#9684,#9685,#9686,#9687,#9688,#9689
      ,#9690,#9691,#9692,#9693,#9694,#9695,#9696,#9697,#9698,#9699
)),.UNSPECIFIED.,.F.,.F.,.F.) B_SPLINE_SURFACE_WITH_KNOTS((3,3),(15,13,
    13,13,15),(0.,175.72456237565),(-4.282801861133E-15,43.860771440737,
    87.822296123243,131.73505716646,175.72456237565),.UNSPECIFIED.) 
GEOMETRIC_REPRESENTATION_ITEM() RATIONAL_B_SPLINE_SURFACE((
    (1.,1.,1.000000000002,0.999999999995,1.00000000001,0.999999999985
      ,1.000000000019,0.99999999998,1.000000000017,0.999999999988
      ,1.000000000006,0.999999999997,1.000000000001,1.,1.,1.000000000001
      ,0.999999999996,1.000000000009,0.999999999987,1.000000000015
      ,0.999999999986,1.000000000011,0.999999999993,1.000000000004
      ,0.999999999998,1.,1.,1.,1.000000000001,0.999999999997
      ,1.000000000008,0.999999999987,1.000000000018,0.99999999998
      ,1.000000000019,0.999999999986,1.000000000008,0.999999999996
      ,1.000000000002,1.,1.,0.999999999998,1.000000000006,0.999999999987
      ,1.000000000021,0.999999999973,1.000000000029,0.999999999974
      ,1.000000000019,0.999999999989,1.000000000005,0.999999999998,1.,1.
      )
    ,(0.592544524644,0.592544524644,0.597671799584,0.607936021156
      ,0.622020768251,0.638238078361,0.651486303829,0.665802762243
      ,0.676527389578,0.686913081872,0.694714033728,0.700894722797
      ,0.704987222598,0.707064343496,0.707148382321,0.705142176611
      ,0.701131428618,0.694990612184,0.687113144549,0.677237733346
      ,0.665554277747,0.652522629762,0.638106027708,0.622578944797
      ,0.608098893301,0.597828268478,0.59260571606,0.592484173863
      ,0.597559540393,0.607804450117,0.621915640231,0.637971202091
      ,0.651764589878,0.66528389322,0.676900147234,0.686653644702
      ,0.694810538385,0.700873652931,0.704998842388,0.707070921449
      ,0.707142036149,0.705127459769,0.70110111661,0.694956252698
      ,0.687051110796,0.677160489611,0.665467839844,0.652407490723
      ,0.637965095027,0.622435009606,0.607953164806,0.597713099781
      ,0.592544524644,0.592544524644)
    ,(1.,1.,1.000000000002,0.999999999995,1.00000000001,0.999999999985
      ,1.000000000019,0.99999999998,1.000000000017,0.999999999988
      ,1.000000000006,0.999999999997,1.000000000001,1.,1.,1.000000000001
      ,0.999999999996,1.000000000009,0.999999999987,1.000000000015
      ,0.999999999986,1.000000000011,0.999999999993,1.000000000004
      ,0.999999999998,1.,1.,1.,1.000000000001,0.999999999997
      ,1.000000000008,0.999999999987,1.000000000018,0.99999999998
      ,1.000000000019,0.999999999986,1.000000000008,0.999999999996
      ,1.000000000002,1.,1.,0.999999999998,1.000000000006,0.999999999987
      ,1.000000000021,0.999999999973,1.000000000029,0.999999999974
      ,1.000000000019,0.999999999989,1.000000000005,0.999999999998,1.,1.
))) REPRESENTATION_ITEM('') SURFACE() );
#9538 = CARTESIAN_POINT('',(31.267107126003,0.,69.763439743918));
#9539 = CARTESIAN_POINT('',(31.267107126004,-2.354700556416,
    69.763439743919));
#9540 = CARTESIAN_POINT('',(30.862385320284,-4.710985232982,
    69.637210736263));
#9541 = CARTESIAN_POINT('',(30.053442968141,-7.036642415023,
    69.384721570998));
#9542 = CARTESIAN_POINT('',(28.839053340648,-9.338224032868,
    69.014028049134));
#9543 = CARTESIAN_POINT('',(27.19852938116,-11.53192841979,
    68.529799490806));
#9544 = CARTESIAN_POINT('',(25.197061367805,-13.55339987007,
    67.98428704045));
#9545 = CARTESIAN_POINT('',(22.84506855978,-15.45209392688,
    67.393085225431));
#9546 = CARTESIAN_POINT('',(20.193774741509,-17.0669301651,
    66.81879458139));
#9547 = CARTESIAN_POINT('',(17.276335645383,-18.53510851855,
    66.265050769901));
#9548 = CARTESIAN_POINT('',(14.093901903784,-19.7024541538,
    65.785858923681));
#9549 = CARTESIAN_POINT('',(10.73349913991,-20.61859023109,
    65.401035230232));
#9550 = CARTESIAN_POINT('',(7.227273811395,-21.23256923047,
    65.136502449134));
#9551 = CARTESIAN_POINT('',(3.654038510976,-21.54364246332,
    65.002735140611));
#9552 = CARTESIAN_POINT('',(-3.50333156209,-21.55623221256,
    64.997318776444));
#9553 = CARTESIAN_POINT('',(-7.087156737426,-21.2564562567,
    65.126283272303));
#9554 = CARTESIAN_POINT('',(-10.60505983573,-20.65096208943,
    65.386904625798));
#9555 = CARTESIAN_POINT('',(-13.9866058319,-19.7473256519,
    65.769142689945));
#9556 = CARTESIAN_POINT('',(-17.17046231075,-18.56927651334,
    66.248500094584));
#9557 = CARTESIAN_POINT('',(-20.11474352471,-17.13808178448,
    66.797738947509));
#9558 = CARTESIAN_POINT('',(-22.77935215918,-15.47974636064,
    67.381289508412));
#9559 = CARTESIAN_POINT('',(-25.13575655403,-13.62085233358,
    67.965419930776));
#9560 = CARTESIAN_POINT('',(-27.16059260165,-11.58024415986,
    68.519912551681));
#9561 = CARTESIAN_POINT('',(-28.80848479745,-9.382783295909,
    69.004633462019));
#9562 = CARTESIAN_POINT('',(-30.03359721455,-7.083734904589,
    69.378637483695));
#9563 = CARTESIAN_POINT('',(-30.85100995695,-4.750232271939,
    69.633662544522));
#9564 = CARTESIAN_POINT('',(-31.26227820338,-2.389996818809,
    69.761933444425));
#9565 = CARTESIAN_POINT('',(-31.2718697106,2.327361077669,
    69.764925350394));
#9566 = CARTESIAN_POINT('',(-30.87107057462,4.684653728488,
    69.639946949766));
#9567 = CARTESIAN_POINT('',(-30.06626809052,7.021700403633,
    69.388426032075));
#9568 = CARTESIAN_POINT('',(-28.84430015922,9.309002746845,
    69.016324893273));
#9569 = CARTESIAN_POINT('',(-27.24355251816,11.517030578342,
    68.540921204724));
#9570 = CARTESIAN_POINT('',(-25.15522722139,13.567759571799,
    67.974108016498));
#9571 = CARTESIAN_POINT('',(-22.92803070964,15.398418304066,
    67.413180648025));
#9572 = CARTESIAN_POINT('',(-20.14693631143,17.107943902341,
    66.806028530302));
#9573 = CARTESIAN_POINT('',(-17.31821658381,18.503122642199,
    66.274761922978));
#9574 = CARTESIAN_POINT('',(-14.085625433,19.714629104989,
    65.782639345137));
#9575 = CARTESIAN_POINT('',(-10.73758028947,20.615901090175,
    65.401634282345));
#9576 = CARTESIAN_POINT('',(-7.223240201205,21.234257677413,
    65.135858783453));
#9577 = CARTESIAN_POINT('',(-3.64599324674,21.544627893757,
    65.002311190467));
#9578 = CARTESIAN_POINT('',(3.517891286148,21.555281505009,
    64.997727788092));
#9579 = CARTESIAN_POINT('',(7.1037134128,21.254274830958,65.127253137294
    ));
#9580 = CARTESIAN_POINT('',(10.623856991602,20.64633061638,
    65.388740141945));
#9581 = CARTESIAN_POINT('',(14.005461316507,19.742417985129,
    65.771421984118));
#9582 = CARTESIAN_POINT('',(17.191698278778,18.560047320373,
    66.252033028894));
#9583 = CARTESIAN_POINT('',(20.135710706198,17.126787902311,
    66.801845774898));
#9584 = CARTESIAN_POINT('',(22.798796012057,15.467640426001,
    67.385598800643));
#9585 = CARTESIAN_POINT('',(25.155720941736,13.604586550708,
    67.970459274843));
#9586 = CARTESIAN_POINT('',(27.179492041931,11.560085927695,
    68.525145822143));
#9587 = CARTESIAN_POINT('',(28.82312484132,9.362041814555,
    69.008968050714));
#9588 = CARTESIAN_POINT('',(30.046221848904,7.060219173062,
    69.382478789246));
#9589 = CARTESIAN_POINT('',(30.860085483345,4.724161720112,
    69.636496638891));
#9590 = CARTESIAN_POINT('',(31.267107126,2.361617983147,69.763439743917)
  );
#9591 = CARTESIAN_POINT('',(31.267107126003,0.,69.763439743918));
#9592 = CARTESIAN_POINT('',(32.5,-7.022160630754E-15,70.148019915741));
#9593 = CARTESIAN_POINT('',(32.500000000005,-2.579647210008,
    70.148019915742));
#9594 = CARTESIAN_POINT('',(32.044002713344,-5.11662313123,
    70.000385259053));
#9595 = CARTESIAN_POINT('',(31.155976160294,-7.562954507175,
    69.712651604267));
#9596 = CARTESIAN_POINT('',(29.859002989464,-9.928980173462,
    69.302277721786));
#9597 = CARTESIAN_POINT('',(28.153864764449,-12.1790386577,
    68.782194875585));
#9598 = CARTESIAN_POINT('',(26.053208797745,-14.29864867227,
    68.189935046782));
#9599 = CARTESIAN_POINT('',(23.60180719002,-16.23322595444,
    67.552890476601));
#9600 = CARTESIAN_POINT('',(20.840277423368,-17.91949395942,
    66.935994384308));
#9601 = CARTESIAN_POINT('',(17.802678703923,-19.42041934202,
    66.341446377816));
#9602 = CARTESIAN_POINT('',(14.498986400137,-20.62369159887,
    65.830019645515));
#9603 = CARTESIAN_POINT('',(11.015801081508,-21.55800698273,
    65.421200624042));
#9604 = CARTESIAN_POINT('',(7.398103705733,-22.18088991201,
    65.142577918674));
#9605 = CARTESIAN_POINT('',(3.729734914526,-22.49362719614,
    65.002848275227));
#9606 = CARTESIAN_POINT('',(-3.575482521321,-22.50624643777,
    64.997208203211));
#9607 = CARTESIAN_POINT('',(-7.254022307231,-22.20507350474,
    65.13178292645));
#9608 = CARTESIAN_POINT('',(-10.88549156151,-21.59048652575,
    65.406800774987));
#9609 = CARTESIAN_POINT('',(-14.3847938002,-20.6689473895,
    65.811259596887));
#9610 = CARTESIAN_POINT('',(-17.69770457088,-19.45878503973,
    66.325160782458));
#9611 = CARTESIAN_POINT('',(-20.7580715896,-17.98289487076,
    66.913177555521));
#9612 = CARTESIAN_POINT('',(-23.53074925476,-16.27461998658,
    67.539535059072));
#9613 = CARTESIAN_POINT('',(-25.99477814835,-14.35490416765,
    68.171240452528));
#9614 = CARTESIAN_POINT('',(-28.11020642543,-12.23748479649,
    68.770220865173));
#9615 = CARTESIAN_POINT('',(-29.82940414577,-9.969643792766,
    69.292909881731));
#9616 = CARTESIAN_POINT('',(-31.13332000621,-7.614100636482,
    69.705426577906));
#9617 = CARTESIAN_POINT('',(-32.03152305161,-5.158118963186,
    69.996347247853));
#9618 = CARTESIAN_POINT('',(-32.49451422996,-2.618046144904,
    70.146243556658));
#9619 = CARTESIAN_POINT('',(-32.50541153175,2.549969432305,
    70.149772235393));
#9620 = CARTESIAN_POINT('',(-32.05356201817,5.088881252644,
    70.003517012269));
#9621 = CARTESIAN_POINT('',(-31.17093071897,7.544676889025,
    69.717114215237));
#9622 = CARTESIAN_POINT('',(-29.86160615979,9.905531566675,
    69.303967527268));
#9623 = CARTESIAN_POINT('',(-28.20701296077,12.150391068522,
    68.795917106308));
#9624 = CARTESIAN_POINT('',(-26.0047575971,14.326958389445,
    68.177573790899));
#9625 = CARTESIAN_POINT('',(-23.68975368912,16.16840522333,
    67.575063316179));
#9626 = CARTESIAN_POINT('',(-20.79490429695,17.96465795496,
    66.922916181152));
#9627 = CARTESIAN_POINT('',(-17.84259619242,19.38768774089,
    66.351085843607));
#9628 = CARTESIAN_POINT('',(-14.49289163797,20.635395688138,
    65.827072168611));
#9629 = CARTESIAN_POINT('',(-11.01936188739,21.555546813142,
    65.421697461373));
#9630 = CARTESIAN_POINT('',(-7.394108723716,22.182545536327,
    65.141924193062));
#9631 = CARTESIAN_POINT('',(-3.721490389133,22.494615048038,
    65.002406764456));
#9632 = CARTESIAN_POINT('',(3.590376260417,22.505293602833,
    64.997634063415));
#9633 = CARTESIAN_POINT('',(7.271055949674,22.202884292925,
    65.132803172061));
#9634 = CARTESIAN_POINT('',(10.90480505625,21.585706471155,
    65.408720599512));
#9635 = CARTESIAN_POINT('',(14.404482737444,20.664187531778,
    65.81370414579));
#9636 = CARTESIAN_POINT('',(17.719856304325,19.448856687246,
    66.328959526585));
#9637 = CARTESIAN_POINT('',(20.779914775641,17.971374368603,
    66.917574501142));
#9638 = CARTESIAN_POINT('',(23.551184004587,16.262514542098,
    67.54419966955));
#9639 = CARTESIAN_POINT('',(26.016124166449,14.337192254346,
    68.176817559637));
#9640 = CARTESIAN_POINT('',(28.130303573897,12.216042562603,
    68.775974649601));
#9641 = CARTESIAN_POINT('',(29.844653272836,9.949130324469,
    69.297577444366));
#9642 = CARTESIAN_POINT('',(31.147432405179,7.58823470311,
    69.709872303684));
#9643 = CARTESIAN_POINT('',(32.041558442553,5.130605114324,
    69.999602681414));
#9644 = CARTESIAN_POINT('',(32.499999999989,2.587225464416,
    70.148019915739));
#9645 = CARTESIAN_POINT('',(32.5,-5.227762667204E-14,70.148019915741));
#9646 = CARTESIAN_POINT('',(32.5,-5.510910596163E-15,68.856537532078));
#9647 = CARTESIAN_POINT('',(32.500000000003,-2.51001569917,
    68.856537532078));
#9648 = CARTESIAN_POINT('',(32.064269914187,-5.021662690693,
    68.728904786023));
#9649 = CARTESIAN_POINT('',(31.193238245092,-7.491679576121,
    68.473570435404));
#9650 = CARTESIAN_POINT('',(29.892646175894,-9.913767345685,
    68.099249542883));
#9651 = CARTESIAN_POINT('',(28.148398769682,-12.20718812408,
    67.610693397444));
#9652 = CARTESIAN_POINT('',(26.054398291047,-14.29002495585,
    67.062068234495));
#9653 = CARTESIAN_POINT('',(23.582904498596,-16.26659990617,
    66.462868677989));
#9654 = CARTESIAN_POINT('',(20.842681605739,-17.90672302721,
    65.886724170707));
#9655 = CARTESIAN_POINT('',(17.805592922669,-19.42559893919,
    65.325389918688));
#9656 = CARTESIAN_POINT('',(14.526195374156,-20.6111954485,
    64.843477291756));
#9657 = CARTESIAN_POINT('',(11.055192896175,-21.55005960787,
    64.45450129328));
#9658 = CARTESIAN_POINT('',(7.443483476729,-22.17591145961,
    64.187761116265));
#9659 = CARTESIAN_POINT('',(3.763264439656,-22.49351122502,64.0527598487
    ));
#9660 = CARTESIAN_POINT('',(-3.608055069576,-22.50636086598,
    64.047294554478));
#9661 = CARTESIAN_POINT('',(-7.299046893754,-22.20039626382,
    64.177419125325));
#9662 = CARTESIAN_POINT('',(-10.92358242634,-21.58236324973,
    64.440448398556));
#9663 = CARTESIAN_POINT('',(-14.41218111817,-20.65968131251,
    64.825980622654));
#9664 = CARTESIAN_POINT('',(-17.70213754791,-19.4548906128,
    65.309874321993));
#9665 = CARTESIAN_POINT('',(-20.75225191079,-17.98866938213,
    65.863921700194));
#9666 = CARTESIAN_POINT('',(-23.5226722562,-16.28503468292,
    66.452492809319));
#9667 = CARTESIAN_POINT('',(-25.98380673676,-14.36791603609,
    67.041959937863));
#9668 = CARTESIAN_POINT('',(-28.1116125513,-12.25336656859,
    67.601203903768));
#9669 = CARTESIAN_POINT('',(-29.85898996543,-9.961432067712,
    68.089699858458));
#9670 = CARTESIAN_POINT('',(-31.17206242911,-7.541693950504,
    68.467380529503));
#9671 = CARTESIAN_POINT('',(-32.05204207887,-5.063233210876,
    68.725335922528));
#9672 = CARTESIAN_POINT('',(-32.49480179333,-2.547636934062,
    68.855014681467));
#9673 = CARTESIAN_POINT('',(-32.50512680472,2.480878602404,
    68.858039465174));
#9674 = CARTESIAN_POINT('',(-32.07354572297,4.993992823413,
    68.731645687854));
#9675 = CARTESIAN_POINT('',(-31.20743117147,7.474382138277,
    68.47747389167));
#9676 = CARTESIAN_POINT('',(-29.89680011728,9.887583689492,
    68.101056560643));
#9677 = CARTESIAN_POINT('',(-28.19876108901,12.183624336868,
    67.622942081497));
#9678 = CARTESIAN_POINT('',(-26.00619527176,14.316105015618,
    67.050377949695));
#9679 = CARTESIAN_POINT('',(-23.67352970443,16.200191920581,
    66.48447814195));
#9680 = CARTESIAN_POINT('',(-20.79118107292,17.956961912489,
    65.872974914788));
#9681 = CARTESIAN_POINT('',(-17.85030445473,19.388552491856,
    65.335590767154));
#9682 = CARTESIAN_POINT('',(-14.51710737467,20.62526254206,
    64.840095260486));
#9683 = CARTESIAN_POINT('',(-11.05952657382,21.546917874783,
    64.455135660379));
#9684 = CARTESIAN_POINT('',(-7.439306212823,22.177684469575,
    64.187108164156));
#9685 = CARTESIAN_POINT('',(-3.754978736996,22.494517007839,
    64.052332064432));
#9686 = CARTESIAN_POINT('',(3.623049935197,22.505390522573,
    64.047707265414));
#9687 = CARTESIAN_POINT('',(7.31609966022,22.198199209489,
    64.178397102872));
#9688 = CARTESIAN_POINT('',(10.942987109324,21.577474679152,
    64.442306217481));
#9689 = CARTESIAN_POINT('',(14.431568809852,20.655054848614,
    64.828260698881));
#9690 = CARTESIAN_POINT('',(17.724214632331,19.444986375996,
    65.313471439671));
#9691 = CARTESIAN_POINT('',(20.773946950859,17.977164913839,
    65.868049957709));
#9692 = CARTESIAN_POINT('',(23.542791841594,16.273091922072,
    66.456807574511));
#9693 = CARTESIAN_POINT('',(26.004836411541,14.350605297554,
    67.047092288369));
#9694 = CARTESIAN_POINT('',(28.131528165866,12.232227687667,
    67.606491545337));
#9695 = CARTESIAN_POINT('',(29.874289238326,9.940685394717,
    68.093992450049));
#9696 = CARTESIAN_POINT('',(31.185813789195,7.516128107481,
    68.471330491894));
#9697 = CARTESIAN_POINT('',(32.061743722202,5.035806129402,
    68.728180423277));
#9698 = CARTESIAN_POINT('',(32.5,2.517389396555,68.856537532077));
#9699 = CARTESIAN_POINT('',(32.5,0.,68.856537532078));
#9700 = DEFINITIONAL_REPRESENTATION('',(#9701),#9705);
#9701 = LINE('',#9702,#9703);
#9702 = CARTESIAN_POINT('',(175.72456237565,0.));
#9703 = VECTOR('',#9704,1.);
#9704 = DIRECTION('',(0.,1.));
#9705 = ( GEOMETRIC_REPRESENTATION_CONTEXT(2) 
PARAMETRIC_REPRESENTATION_CONTEXT() REPRESENTATION_CONTEXT('2D SPACE',''
  ) );
#9706 = ADVANCED_FACE('',(#9707,#10630),#9195,.F.);
#9707 = FACE_BOUND('',#9708,.F.);
#9708 = EDGE_LOOP('',(#9709));
#9709 = ORIENTED_EDGE('',*,*,#9710,.T.);
#9710 = EDGE_CURVE('',#9711,#9711,#9713,.T.);
#9711 = VERTEX_POINT('',#9712);
#9712 = CARTESIAN_POINT('',(30.892756898307,-1.093695078578E-15,
    66.647433659013));
#9713 = SURFACE_CURVE('',#9714,(#9955,#10199),.PCURVE_S1.);
#9714 = B_SPLINE_CURVE_WITH_KNOTS('',8,(#9715,#9716,#9717,#9718,#9719,
    #9720,#9721,#9722,#9723,#9724,#9725,#9726,#9727,#9728,#9729,#9730,
    #9731,#9732,#9733,#9734,#9735,#9736,#9737,#9738,#9739,#9740,#9741,
    #9742,#9743,#9744,#9745,#9746,#9747,#9748,#9749,#9750,#9751,#9752,
    #9753,#9754,#9755,#9756,#9757,#9758,#9759,#9760,#9761,#9762,#9763,
    #9764,#9765,#9766,#9767,#9768,#9769,#9770,#9771,#9772,#9773,#9774,
    #9775,#9776,#9777,#9778,#9779,#9780,#9781,#9782,#9783,#9784,#9785,
    #9786,#9787,#9788,#9789,#9790,#9791,#9792,#9793,#9794,#9795,#9796,
    #9797,#9798,#9799,#9800,#9801,#9802,#9803,#9804,#9805,#9806,#9807,
    #9808,#9809,#9810,#9811,#9812,#9813,#9814,#9815,#9816,#9817,#9818,
    #9819,#9820,#9821,#9822,#9823,#9824,#9825,#9826,#9827,#9828,#9829,
    #9830,#9831,#9832,#9833,#9834,#9835,#9836,#9837,#9838,#9839,#9840,
    #9841,#9842,#9843,#9844,#9845,#9846,#9847,#9848,#9849,#9850,#9851,
    #9852,#9853,#9854,#9855,#9856,#9857,#9858,#9859,#9860,#9861,#9862,
    #9863,#9864,#9865,#9866,#9867,#9868,#9869,#9870,#9871,#9872,#9873,
    #9874,#9875,#9876,#9877,#9878,#9879,#9880,#9881,#9882,#9883,#9884,
    #9885,#9886,#9887,#9888,#9889,#9890,#9891,#9892,#9893,#9894,#9895,
    #9896,#9897,#9898,#9899,#9900,#9901,#9902,#9903,#9904,#9905,#9906,
    #9907,#9908,#9909,#9910,#9911,#9912,#9913,#9914,#9915,#9916,#9917,
    #9918,#9919,#9920,#9921,#9922,#9923,#9924,#9925,#9926,#9927,#9928,
    #9929,#9930,#9931,#9932,#9933,#9934,#9935,#9936,#9937,#9938,#9939,
    #9940,#9941,#9942,#9943,#9944,#9945,#9946,#9947,#9948,#9949,#9950,
    #9951,#9952,#9953,#9954),.UNSPECIFIED.,.T.,.F.,(9,7,7,7,7,7,7,7,7,7,
    7,7,7,7,7,7,7,7,7,7,7,7,7,7,7,7,7,7,7,7,7,7,7,7,9),(0.,
    4.078338953837E-02,7.518716085898E-02,0.11006250828,0.127435212421,
    0.14062842917,0.1507388151,0.1817274484,0.212001022661,
    0.241750024423,0.249692422317,0.280735305296,0.314791170224,
    0.387594383388,0.457451290847,0.472440097365,0.485261859582,
    0.492131461317,0.498994654677,0.524992617015,0.53999402603,
    0.610017840151,0.647014526156,0.683168515207,0.714498683493,
    0.746249741393,0.753934686445,0.783739624697,0.815008302933,
    0.851089212962,0.888041936143,0.923291746354,0.959149576456,
    0.980144279527,1.),.UNSPECIFIED.);
#9715 = CARTESIAN_POINT('',(30.892756898307,0.,66.647433659013));
#9716 = CARTESIAN_POINT('',(30.892756898308,-0.73095814309,
    66.647433659014));
#9717 = CARTESIAN_POINT('',(30.848561990058,-1.4620864743,
    66.633828614124));
#9718 = CARTESIAN_POINT('',(30.759968975423,-2.189161339859,
    66.606555846006));
#9719 = CARTESIAN_POINT('',(30.628296998295,-2.908492974662,
    66.566141362693));
#9720 = CARTESIAN_POINT('',(30.455164731891,-3.617408943278,
    66.513322734446));
#9721 = CARTESIAN_POINT('',(30.24272504806,-4.3138025483,66.449083455809
    ));
#9722 = CARTESIAN_POINT('',(29.993176532704,-4.9961587881,
    66.374469719392));
#9723 = CARTESIAN_POINT('',(29.468682989237,-6.226329393082,
    66.219747307338));
#9724 = CARTESIAN_POINT('',(29.203739256045,-6.778672905849,
    66.142301004506));
#9725 = CARTESIAN_POINT('',(28.914991137316,-7.320115465745,
    66.058799601151));
#9726 = CARTESIAN_POINT('',(28.603501941594,-7.850456603214,
    65.969830158069));
#9727 = CARTESIAN_POINT('',(28.270223966991,-8.369611769202,
    65.875956929773));
#9728 = CARTESIAN_POINT('',(27.915975652402,-8.87758547516,
    65.777711360461));
#9729 = CARTESIAN_POINT('',(27.541426027567,-9.374450232792,
    65.675587861173));
#9730 = CARTESIAN_POINT('',(26.747341642668,-10.35287237691,
    65.463056193056));
#9731 = CARTESIAN_POINT('',(26.327317982147,-10.83405530078,
    65.352568986482));
#9732 = CARTESIAN_POINT('',(25.887586121429,-11.30397897961,
    65.239070892022));
#9733 = CARTESIAN_POINT('',(25.42863631166,-11.76269866935,
    65.123033334911));
#9734 = CARTESIAN_POINT('',(24.950894019307,-12.21022954921,
    65.004915589867));
#9735 = CARTESIAN_POINT('',(24.454720825906,-12.64655595337,
    64.885165474871));
#9736 = CARTESIAN_POINT('',(23.940413507291,-13.07163844054,
    64.764220302639));
#9737 = CARTESIAN_POINT('',(23.143105950689,-13.6915262936,
    64.581883413831));
#9738 = CARTESIAN_POINT('',(22.873564006026,-13.89483059503,
    64.521067421757));
#9739 = CARTESIAN_POINT('',(22.59962150818,-14.09531337366,
    64.460117215516));
#9740 = CARTESIAN_POINT('',(22.321310928551,-14.29296119113,
    64.39908691926));
#9741 = CARTESIAN_POINT('',(22.038663973634,-14.48775776962,
    64.338030780701));
#9742 = CARTESIAN_POINT('',(21.751711513647,-14.67968417079,
    64.277003140716));
#9743 = CARTESIAN_POINT('',(21.460483511156,-14.86871897477,
    64.21605840296));
#9744 = CARTESIAN_POINT('',(20.940619015845,-15.19618172246,
    64.109072515948));
#9745 = CARTESIAN_POINT('',(20.713780255833,-15.33584348312,
    64.062973287002));
#9746 = CARTESIAN_POINT('',(20.48450525237,-15.47381330502,
    64.016977142176));
#9747 = CARTESIAN_POINT('',(20.252806750763,-15.61007978919,
    63.971108005356));
#9748 = CARTESIAN_POINT('',(20.018697018278,-15.74463069429,
    63.925389789448));
#9749 = CARTESIAN_POINT('',(19.782187971376,-15.87745299954,
    63.879846418655));
#9750 = CARTESIAN_POINT('',(19.543292070827,-16.00853290964,
    63.834501982373));
#9751 = CARTESIAN_POINT('',(19.117132497704,-16.23696008988,
    63.754803377878));
#9752 = CARTESIAN_POINT('',(18.931000774121,-16.33494983849,
    63.720385591163));
#9753 = CARTESIAN_POINT('',(18.743663337913,-16.4318118339,
    63.686142650641));
#9754 = CARTESIAN_POINT('',(18.555123154115,-16.52754498892,
    63.652083678634));
#9755 = CARTESIAN_POINT('',(18.365386068311,-16.62214671809,
    63.61821820208));
#9756 = CARTESIAN_POINT('',(18.174473518873,-16.71560813974,
    63.584558463418));
#9757 = CARTESIAN_POINT('',(17.982413521988,-16.80791810497,
    63.551117769942));
#9758 = CARTESIAN_POINT('',(17.197035177428,-17.17847787471,
    63.416106392086));
#9759 = CARTESIAN_POINT('',(16.592333842685,-17.44789855695,
    63.316141785901));
#9760 = CARTESIAN_POINT('',(15.975345480367,-17.70709846847,
    63.218331675224));
#9761 = CARTESIAN_POINT('',(15.346301203958,-17.9558317681,
    63.122993325642));
#9762 = CARTESIAN_POINT('',(14.705451954103,-18.19383530562,
    63.030444962269));
#9763 = CARTESIAN_POINT('',(14.053090843529,-18.4208243024,
    62.941007112234));
#9764 = CARTESIAN_POINT('',(13.389569578071,-18.63649481217,
    62.855000983559));
#9765 = CARTESIAN_POINT('',(12.056606813513,-19.03986295579,
    62.692384850253));
#9766 = CARTESIAN_POINT('',(11.387662613915,-19.22808887327,
    62.615604749242));
#9767 = CARTESIAN_POINT('',(10.708884767393,-19.40491333797,
    62.542701263693));
#9768 = CARTESIAN_POINT('',(10.020745761764,-19.57003010321,
    62.473968287583));
#9769 = CARTESIAN_POINT('',(9.323789487526,-19.7231312125,
    62.409691803728));
#9770 = CARTESIAN_POINT('',(8.618632009813,-19.86391562819,
    62.350144332839));
#9771 = CARTESIAN_POINT('',(7.905960292019,-19.99209815745,
    62.295578875957));
#9772 = CARTESIAN_POINT('',(6.479572503589,-20.22073862877,
    62.197722896229));
#9773 = CARTESIAN_POINT('',(5.76605954256,-20.32164313403,
    62.154251399871));
#9774 = CARTESIAN_POINT('',(5.046734981756,-20.40987796639,
    62.116027137223));
#9775 = CARTESIAN_POINT('',(4.32238882469,-20.48521745776,
    62.083242913882));
#9776 = CARTESIAN_POINT('',(3.593859010523,-20.54746875678,
    62.056061534619));
#9777 = CARTESIAN_POINT('',(2.862031114506,-20.59647652401,
    62.034611953229));
#9778 = CARTESIAN_POINT('',(2.12784228054,-20.63212898128,
    62.018985449302));
#9779 = CARTESIAN_POINT('',(1.19591497982,-20.66030462629,
    62.006627074806));
#9780 = CARTESIAN_POINT('',(0.99944027597,-20.66528575149,
    62.004441461287));
#9781 = CARTESIAN_POINT('',(0.802886344114,-20.66930961439,
    62.002675339261));
#9782 = CARTESIAN_POINT('',(0.606271399584,-20.67237539763,
    62.001329430303));
#9783 = CARTESIAN_POINT('',(0.409613782565,-20.67448257202,
    62.000404248116));
#9784 = CARTESIAN_POINT('',(0.212931986885,-20.6756308358,
    61.999900095743));
#9785 = CARTESIAN_POINT('',(1.624468880338E-02,-20.67582005398,
    61.999817062767));
#9786 = CARTESIAN_POINT('',(-0.949129728522,-20.67204121213,
    62.001475939094));
#9787 = CARTESIAN_POINT('',(-1.717659501796,-20.65438161064,
    62.00922815851));
#9788 = CARTESIAN_POINT('',(-2.484875848741,-20.62207883107,
    62.023405053735));
#9789 = CARTESIAN_POINT('',(-3.24967481278,-20.57520464864,
    62.043948682617));
#9790 = CARTESIAN_POINT('',(-4.01099875025,-20.51388755176,
    62.070752815219));
#9791 = CARTESIAN_POINT('',(-4.767838610965,-20.4383068306,
    62.103666952646));
#9792 = CARTESIAN_POINT('',(-5.519234286396,-20.34868743979,
    62.142500871908));
#9793 = CARTESIAN_POINT('',(-7.081631306655,-20.13186678693,
    62.235879455578));
#9794 = CARTESIAN_POINT('',(-7.891372295852,-20.00185756393,
    62.291585106241));
#9795 = CARTESIAN_POINT('',(-8.692330586537,-19.85561049508,
    62.353851671771));
#9796 = CARTESIAN_POINT('',(-9.483466762483,-19.69351579976,
    62.422338600187));
#9797 = CARTESIAN_POINT('',(-10.2638642227,-19.51599300482,
    62.496670966946));
#9798 = CARTESIAN_POINT('',(-11.03272132604,-19.32347572511,
    62.576449678405));
#9799 = CARTESIAN_POINT('',(-11.7893422166,-19.11639866841,
    62.661260210862));
#9800 = CARTESIAN_POINT('',(-14.12315710647,-18.42228946129,
    62.941837550008));
#9801 = CARTESIAN_POINT('',(-15.65398952244,-17.88495471326,
    63.153994810753));
#9802 = CARTESIAN_POINT('',(-17.12065779069,-17.28716436394,
    63.383096792316));
#9803 = CARTESIAN_POINT('',(-18.51955789219,-16.63262695657,
    63.624933326305));
#9804 = CARTESIAN_POINT('',(-19.84792858972,-15.92456553033,
    63.875332130745));
#9805 = CARTESIAN_POINT('',(-21.10363604722,-15.16552601947,
    64.130252128543));
#9806 = CARTESIAN_POINT('',(-22.28486558262,-14.35717439376,
    64.385824882681));
#9807 = CARTESIAN_POINT('',(-24.44963433787,-12.67724902979,
    64.880473396371));
#9808 = CARTESIAN_POINT('',(-25.43786340076,-11.81062571858,
    65.119483903971));
#9809 = CARTESIAN_POINT('',(-26.35384840761,-10.89971885238,
    65.352182188736));
#9810 = CARTESIAN_POINT('',(-27.19501078838,-9.944147380669,
    65.575183215614));
#9811 = CARTESIAN_POINT('',(-27.95708277756,-8.943654132168,
    65.784696195931));
#9812 = CARTESIAN_POINT('',(-28.63453185963,-7.89810790097,
    65.976620073758));
#9813 = CARTESIAN_POINT('',(-29.22014498111,-6.807350018704,
    66.146449927508));
#9814 = CARTESIAN_POINT('',(-29.80891604242,-5.428728521693,
    66.320109832891));
#9815 = CARTESIAN_POINT('',(-29.9082525275,-5.183217466536,
    66.34954288625));
#9816 = CARTESIAN_POINT('',(-30.0028190559,-4.93577797822,
    66.377681659846));
#9817 = CARTESIAN_POINT('',(-30.09251714856,-4.686456005574,
    66.404476833626));
#9818 = CARTESIAN_POINT('',(-30.177245943,-4.435308460466,
    66.429879075744));
#9819 = CARTESIAN_POINT('',(-30.25690388404,-4.182404186626,
    66.453839700209));
#9820 = CARTESIAN_POINT('',(-30.33139041442,-3.927824928477,
    66.476311324534));
#9821 = CARTESIAN_POINT('',(-30.45981765893,-3.452542447723,
    66.515158681614));
#9822 = CARTESIAN_POINT('',(-30.51517198994,-3.232262559861,
    66.531946068524));
#9823 = CARTESIAN_POINT('',(-30.56660914287,-3.010888043361,
    66.547582193838));
#9824 = CARTESIAN_POINT('',(-30.61406943282,-2.788487274246,
    66.562039750501));
#9825 = CARTESIAN_POINT('',(-30.65749607926,-2.565135829762,
    66.575293034949));
#9826 = CARTESIAN_POINT('',(-30.69683627952,-2.340916720564,
    66.587318363378));
#9827 = CARTESIAN_POINT('',(-30.73204228235,-2.115920622902,
    66.598094488006));
#9828 = CARTESIAN_POINT('',(-30.77969770922,-1.769334960406,
    66.612697459884));
#9829 = CARTESIAN_POINT('',(-30.79511361829,-1.648306519789,
    66.617424774223));
#9830 = CARTESIAN_POINT('',(-30.80931716518,-1.527171370711,
    66.621783151288));
#9831 = CARTESIAN_POINT('',(-30.82230566482,-1.405940154667,
    66.625770978188));
#9832 = CARTESIAN_POINT('',(-30.83407677058,-1.28462357289,
    66.629386834212));
#9833 = CARTESIAN_POINT('',(-30.84462847427,-1.163232386353,
    66.632629490829));
#9834 = CARTESIAN_POINT('',(-30.85395910617,-1.041777415766,
    66.635497911689));
#9835 = CARTESIAN_POINT('',(-30.87016800001,-0.79887501719,
    66.640482267617));
#9836 = CARTESIAN_POINT('',(-30.87705160819,-0.677382731561,
    66.642599847538));
#9837 = CARTESIAN_POINT('',(-30.88271476015,-0.555809468444,
    66.644342514675));
#9838 = CARTESIAN_POINT('',(-30.88715479613,-0.434172196674,
    66.645709109962));
#9839 = CARTESIAN_POINT('',(-30.89036979602,-0.312488070166,
    66.646698792975));
#9840 = CARTESIAN_POINT('',(-30.89235857935,-0.190774427914,
    66.647311041933));
#9841 = CARTESIAN_POINT('',(-30.89312070526,-6.904879399583E-02,
    66.647545653701));
#9842 = CARTESIAN_POINT('',(-30.89089794652,0.513749462616,
    66.646861397148));
#9843 = CARTESIAN_POINT('',(-30.8715439366,0.974786966734,
    66.640903476328));
#9844 = CARTESIAN_POINT('',(-30.83459105324,1.434763522091,
    66.629529283281));
#9845 = CARTESIAN_POINT('',(-30.78020722011,1.892740991233,
    66.612810788089));
#9846 = CARTESIAN_POINT('',(-30.70869734045,2.34787791354,66.59088100108
    ));
#9847 = CARTESIAN_POINT('',(-30.62046910341,2.79943255081,
    66.563921094761));
#9848 = CARTESIAN_POINT('',(-30.51600258031,3.246759265905,
    66.532147681025));
#9849 = CARTESIAN_POINT('',(-30.32648339793,3.94466104074,
    66.474830748182));
#9850 = CARTESIAN_POINT('',(-30.25190463782,4.198442999642,
    66.452335312807));
#9851 = CARTESIAN_POINT('',(-30.17218827984,4.450554760802,
    66.428361511335));
#9852 = CARTESIAN_POINT('',(-30.08743414402,4.700915732423,
    66.402956402652));
#9853 = CARTESIAN_POINT('',(-29.99774292508,4.949458097879,
    66.376168295192));
#9854 = CARTESIAN_POINT('',(-29.90321454687,5.196125843278,
    66.348046105965));
#9855 = CARTESIAN_POINT('',(-29.80394651669,5.44087378502,
    66.318638719591));
#9856 = CARTESIAN_POINT('',(-29.2149797619,6.816978724506,
    66.144952062122));
#9857 = CARTESIAN_POINT('',(-28.62939290758,7.906058899971,
    65.975164141227));
#9858 = CARTESIAN_POINT('',(-27.95223557806,8.950042564742,
    65.783363118323));
#9859 = CARTESIAN_POINT('',(-27.19066911384,9.949091444055,
    65.574030747208));
#9860 = CARTESIAN_POINT('',(-26.35023274698,10.903327412237,
    65.351262021045));
#9861 = CARTESIAN_POINT('',(-25.43517074654,11.813007102662,
    65.118830235208));
#9862 = CARTESIAN_POINT('',(-24.44804530961,12.678508481968,
    64.880106939359));
#9863 = CARTESIAN_POINT('',(-22.82990997466,13.934193659854,
    64.510369016077));
#9864 = CARTESIAN_POINT('',(-22.25085087152,14.35577693196,
    64.381732182849));
#9865 = CARTESIAN_POINT('',(-21.65241538374,14.764770999508,
    64.252778083264));
#9866 = CARTESIAN_POINT('',(-21.03488124458,15.16102268109,
    64.12401113461));
#9867 = CARTESIAN_POINT('',(-20.39851904281,15.54432065543,
    63.995940241406));
#9868 = CARTESIAN_POINT('',(-19.74360277131,15.914402956204,
    63.869079821132));
#9869 = CARTESIAN_POINT('',(-19.07041791964,16.270962561147,
    63.743949579424));
#9870 = CARTESIAN_POINT('',(-17.70385908084,16.948533956414,
    63.500995326971));
#9871 = CARTESIAN_POINT('',(-17.01131891191,17.270158332974,
    63.383074193562));
#9872 = CARTESIAN_POINT('',(-16.30193821998,17.578197205604,
    63.267799265572));
#9873 = CARTESIAN_POINT('',(-15.57606111938,17.872270399417,
    63.155669595125));
#9874 = CARTESIAN_POINT('',(-14.83409445246,18.151954495497,
    63.047191315166));
#9875 = CARTESIAN_POINT('',(-14.07652028942,18.416792744944,
    62.942873604787));
#9876 = CARTESIAN_POINT('',(-13.3039106978,18.666304965661,
    62.843222960162));
#9877 = CARTESIAN_POINT('',(-11.83497924408,19.102509625148,
    62.666855469268));
#9878 = CARTESIAN_POINT('',(-11.14223754067,19.293140560552,
    62.588853252192));
#9879 = CARTESIAN_POINT('',(-10.4391807836,19.471563736454,
    62.515054219883));
#9880 = CARTESIAN_POINT('',(-9.726337140079,19.637445886852,
    62.445777765282));
#9881 = CARTESIAN_POINT('',(-9.004310435584,19.790453358436,
    62.381333013598));
#9882 = CARTESIAN_POINT('',(-8.273787013925,19.930260222138,
    62.32201323353));
#9883 = CARTESIAN_POINT('',(-7.535540854386,20.056558109182,
    62.268089220354));
#9884 = CARTESIAN_POINT('',(-6.035323308326,20.283088889364,
    62.170865385964));
#9885 = CARTESIAN_POINT('',(-5.273132885091,20.382953951137,
    62.12771586396));
#9886 = CARTESIAN_POINT('',(-4.504793863337,20.468365550879,
    62.090606402182));
#9887 = CARTESIAN_POINT('',(-3.731293608523,20.539066801902,
    62.059755143497));
#9888 = CARTESIAN_POINT('',(-2.953677739999,20.594845753979,
    62.03533926527));
#9889 = CARTESIAN_POINT('',(-2.173045444777,20.635546531458,
    62.017489829721));
#9890 = CARTESIAN_POINT('',(-1.390547282335,20.661076667107,
    62.006287181594));
#9891 = CARTESIAN_POINT('',(-0.41783876216,20.673898765344,
    62.000660276838));
#9892 = CARTESIAN_POINT('',(-0.228245587745,20.675506761743,
    61.999954620681));
#9893 = CARTESIAN_POINT('',(-3.862926129228E-02,20.676223230666,
    61.999640201346));
#9894 = CARTESIAN_POINT('',(0.150993458901,20.676047732226,
    61.999717202374));
#9895 = CARTESIAN_POINT('',(0.340606017101,20.674980232386,
    62.000185622005));
#9896 = CARTESIAN_POINT('',(0.530191969732,20.67302108373,
    62.001045275076));
#9897 = CARTESIAN_POINT('',(0.71973489498,20.67017100623,62.002295794932
    ));
#9898 = CARTESIAN_POINT('',(1.644102054933,20.651926263315,
    62.010300395419));
#9899 = CARTESIAN_POINT('',(2.378107396267,20.624033944715,
    62.022535348868));
#9900 = CARTESIAN_POINT('',(3.110243477578,20.582798279703,
    62.040609757438));
#9901 = CARTESIAN_POINT('',(3.839556025077,20.528298355749,
    62.064449626246));
#9902 = CARTESIAN_POINT('',(4.565142294216,20.460670513855,
    62.093941773994));
#9903 = CARTESIAN_POINT('',(5.286142440543,20.380091280345,
    62.128937911039));
#9904 = CARTESIAN_POINT('',(6.001742438272,20.286774137547,
    62.169258107102));
#9905 = CARTESIAN_POINT('',(7.455446868557,20.069954375318,
    62.262363374546));
#9906 = CARTESIAN_POINT('',(8.192956751229,19.945190459116,
    62.315665020267));
#9907 = CARTESIAN_POINT('',(8.922841500038,19.806946693777,
    62.374362888936));
#9908 = CARTESIAN_POINT('',(9.644327000549,19.655527621745,
    62.438189666292));
#9909 = CARTESIAN_POINT('',(10.356724731295,19.491255548683,
    62.506855252277));
#9910 = CARTESIAN_POINT('',(11.059427413113,19.314461189186,
    62.580053308308));
#9911 = CARTESIAN_POINT('',(11.751903070226,19.125475790903,
    62.657466894103));
#9912 = CARTESIAN_POINT('',(13.220398172263,18.69286282034,
    62.832592487364));
#9913 = CARTESIAN_POINT('',(13.99286674962,18.445303916156,
    62.931594050503));
#9914 = CARTESIAN_POINT('',(14.750408099142,18.182440231783,
    63.035284877527));
#9915 = CARTESIAN_POINT('',(15.492446096508,17.904751763991,
    63.143161629067));
#9916 = CARTESIAN_POINT('',(16.218495729396,17.612695620186,
    63.254718060838));
#9917 = CARTESIAN_POINT('',(16.928147825894,17.306695698794,
    63.369450768771));
#9918 = CARTESIAN_POINT('',(17.621056410974,16.987132728901,
    63.486863250772));
#9919 = CARTESIAN_POINT('',(18.989131888006,16.313495301016,
    63.728963303183));
#9920 = CARTESIAN_POINT('',(19.663440181295,15.958785886109,
    63.853753637705));
#9921 = CARTESIAN_POINT('',(20.319548818194,15.590556803759,
    63.980317046983));
#9922 = CARTESIAN_POINT('',(20.95717171997,15.209116851187,
    64.108135133946));
#9923 = CARTESIAN_POINT('',(21.576035813477,14.81473011242,
    64.236694945701));
#9924 = CARTESIAN_POINT('',(22.175872709176,14.407610771273,
    64.365489235483));
#9925 = CARTESIAN_POINT('',(22.756407725598,13.9879158684,
    64.494015387032));
#9926 = CARTESIAN_POINT('',(23.852434751249,13.143472522435,
    64.743643090274));
#9927 = CARTESIAN_POINT('',(24.369657272544,12.719874393575,
    64.864806079713));
#9928 = CARTESIAN_POINT('',(24.868775025652,12.285012604993,
    64.984830756579));
#9929 = CARTESIAN_POINT('',(25.349487789454,11.838933465057,
    65.103277980986));
#9930 = CARTESIAN_POINT('',(25.81143727756,11.381656490793,
    65.21969971679));
#9931 = CARTESIAN_POINT('',(26.254205590864,10.913170032743,
    65.333637545563));
#9932 = CARTESIAN_POINT('',(26.677308765291,10.433424635227,
    65.444620664051));
#9933 = CARTESIAN_POINT('',(27.490011236822,9.442752693114,
    65.661561057716));
#9934 = CARTESIAN_POINT('',(27.878842878587,8.931508770098,
    65.767381560358));
#9935 = CARTESIAN_POINT('',(28.246136757713,8.408453619685,
    65.86912512727));
#9936 = CARTESIAN_POINT('',(28.591162395781,7.87350574831,
    65.966249527393));
#9937 = CARTESIAN_POINT('',(28.913030332051,7.326654974808,
    66.058173528295));
#9938 = CARTESIAN_POINT('',(29.210704745769,6.767984246906,
    66.144280199942));
#9939 = CARTESIAN_POINT('',(29.483019366957,6.197704379726,
    66.223925476533));
#9940 = CARTESIAN_POINT('',(29.872569811693,5.275741016608,
    66.338924750163));
#9941 = CARTESIAN_POINT('',(30.007287258777,4.931458086953,
    66.378950033007));
#9942 = CARTESIAN_POINT('',(30.132607612247,4.583461387765,
    66.416400202093));
#9943 = CARTESIAN_POINT('',(30.248257053889,4.231893460158,
    66.451140305701));
#9944 = CARTESIAN_POINT('',(30.353955134821,3.876940016891,
    66.483036253457));
#9945 = CARTESIAN_POINT('',(30.449424167112,3.518834325498,
    66.51195844076));
#9946 = CARTESIAN_POINT('',(30.534400804189,3.157862051815,
    66.537786245614));
#9947 = CARTESIAN_POINT('',(30.678870736681,2.450591051738,
    66.581813005593));
#9948 = CARTESIAN_POINT('',(30.739499304479,2.104544677656,
    66.600350689797));
#9949 = CARTESIAN_POINT('',(30.790330677125,1.756539091046,
    66.615934764446));
#9950 = CARTESIAN_POINT('',(30.831190170404,1.406913171269,
    66.62848727218));
#9951 = CARTESIAN_POINT('',(30.861938328818,1.056034053514,
    66.637946403932));
#9952 = CARTESIAN_POINT('',(30.882478080383,0.704297682548,
    66.644269404367));
#9953 = CARTESIAN_POINT('',(30.892756898306,0.352131266144,
    66.647433659013));
#9954 = CARTESIAN_POINT('',(30.892756898306,-3.19744231092E-14,
    66.647433659013));
#9955 = PCURVE('',#9195,#9956);
#9956 = DEFINITIONAL_REPRESENTATION('',(#9957),#10198);
#9957 = B_SPLINE_CURVE_WITH_KNOTS('',8,(#9958,#9959,#9960,#9961,#9962,
    #9963,#9964,#9965,#9966,#9967,#9968,#9969,#9970,#9971,#9972,#9973,
    #9974,#9975,#9976,#9977,#9978,#9979,#9980,#9981,#9982,#9983,#9984,
    #9985,#9986,#9987,#9988,#9989,#9990,#9991,#9992,#9993,#9994,#9995,
    #9996,#9997,#9998,#9999,#10000,#10001,#10002,#10003,#10004,#10005,
    #10006,#10007,#10008,#10009,#10010,#10011,#10012,#10013,#10014,
    #10015,#10016,#10017,#10018,#10019,#10020,#10021,#10022,#10023,
    #10024,#10025,#10026,#10027,#10028,#10029,#10030,#10031,#10032,
    #10033,#10034,#10035,#10036,#10037,#10038,#10039,#10040,#10041,
    #10042,#10043,#10044,#10045,#10046,#10047,#10048,#10049,#10050,
    #10051,#10052,#10053,#10054,#10055,#10056,#10057,#10058,#10059,
    #10060,#10061,#10062,#10063,#10064,#10065,#10066,#10067,#10068,
    #10069,#10070,#10071,#10072,#10073,#10074,#10075,#10076,#10077,
    #10078,#10079,#10080,#10081,#10082,#10083,#10084,#10085,#10086,
    #10087,#10088,#10089,#10090,#10091,#10092,#10093,#10094,#10095,
    #10096,#10097,#10098,#10099,#10100,#10101,#10102,#10103,#10104,
    #10105,#10106,#10107,#10108,#10109,#10110,#10111,#10112,#10113,
    #10114,#10115,#10116,#10117,#10118,#10119,#10120,#10121,#10122,
    #10123,#10124,#10125,#10126,#10127,#10128,#10129,#10130,#10131,
    #10132,#10133,#10134,#10135,#10136,#10137,#10138,#10139,#10140,
    #10141,#10142,#10143,#10144,#10145,#10146,#10147,#10148,#10149,
    #10150,#10151,#10152,#10153,#10154,#10155,#10156,#10157,#10158,
    #10159,#10160,#10161,#10162,#10163,#10164,#10165,#10166,#10167,
    #10168,#10169,#10170,#10171,#10172,#10173,#10174,#10175,#10176,
    #10177,#10178,#10179,#10180,#10181,#10182,#10183,#10184,#10185,
    #10186,#10187,#10188,#10189,#10190,#10191,#10192,#10193,#10194,
    #10195,#10196,#10197),.UNSPECIFIED.,.F.,.F.,(9,7,7,7,7,7,7,7,7,7,7,7
    ,7,7,7,7,7,7,7,7,7,7,7,7,7,7,7,7,7,7,7,7,7,7,9),(0.,
    4.078338953837E-02,7.518716085898E-02,0.11006250828,0.127435212421,
    0.14062842917,0.1507388151,0.1817274484,0.212001022661,
    0.241750024423,0.249692422317,0.280735305296,0.314791170224,
    0.387594383388,0.457451290847,0.472440097365,0.485261859582,
    0.492131461317,0.498994654677,0.524992617015,0.53999402603,
    0.610017840151,0.647014526156,0.683168515207,0.714498683493,
    0.746249741393,0.753934686445,0.783739624697,0.815008302933,
    0.851089212962,0.888041936143,0.923291746354,0.959149576456,
    0.980144279527,1.),.UNSPECIFIED.);
#9958 = CARTESIAN_POINT('',(2.842956780008,120.));
#9959 = CARTESIAN_POINT('',(2.842956780008,119.26904185691));
#9960 = CARTESIAN_POINT('',(2.843397176367,118.53791352569));
#9961 = CARTESIAN_POINT('',(2.844279994236,117.81083866014));
#9962 = CARTESIAN_POINT('',(2.84559175268,117.09150702533));
#9963 = CARTESIAN_POINT('',(2.84731565084,116.38259105672));
#9964 = CARTESIAN_POINT('',(2.84942934947,115.68619745169));
#9965 = CARTESIAN_POINT('',(2.851909945447,115.0038412119));
#9966 = CARTESIAN_POINT('',(2.857117932528,113.77367060691));
#9967 = CARTESIAN_POINT('',(2.859746791193,113.22132709415));
#9968 = CARTESIAN_POINT('',(2.862609431428,112.67988453425));
#9969 = CARTESIAN_POINT('',(2.865694597079,112.14954339678));
#9970 = CARTESIAN_POINT('',(2.868992130941,111.63038823079));
#9971 = CARTESIAN_POINT('',(2.87249321551,111.12241452484));
#9972 = CARTESIAN_POINT('',(2.876190531375,110.6255497672));
#9973 = CARTESIAN_POINT('',(2.884019425588,109.64712762308));
#9974 = CARTESIAN_POINT('',(2.88815569648,109.16594469921));
#9975 = CARTESIAN_POINT('',(2.892480789782,108.69602102038));
#9976 = CARTESIAN_POINT('',(2.896989166467,108.23730133064));
#9977 = CARTESIAN_POINT('',(2.901675957504,107.78977045078));
#9978 = CARTESIAN_POINT('',(2.906536958847,107.35344404662));
#9979 = CARTESIAN_POINT('',(2.911568642847,106.92836155945));
#9980 = CARTESIAN_POINT('',(2.91935808323,106.30847370639));
#9981 = CARTESIAN_POINT('',(2.921989668749,106.10516940496));
#9982 = CARTESIAN_POINT('',(2.924662420995,105.90468662633));
#9983 = CARTESIAN_POINT('',(2.927375953629,105.70703880886));
#9984 = CARTESIAN_POINT('',(2.930129890884,105.51224223038));
#9985 = CARTESIAN_POINT('',(2.932923868452,105.3203158292));
#9986 = CARTESIAN_POINT('',(2.935757534368,105.13128102522));
#9987 = CARTESIAN_POINT('',(2.940812381605,104.80381827753));
#9988 = CARTESIAN_POINT('',(2.943016904592,104.66415651687));
#9989 = CARTESIAN_POINT('',(2.945243971576,104.52618669497));
#9990 = CARTESIAN_POINT('',(2.947493434945,104.3899202108));
#9991 = CARTESIAN_POINT('',(2.949765152993,104.2553693057));
#9992 = CARTESIAN_POINT('',(2.952058988727,104.12254700045));
#9993 = CARTESIAN_POINT('',(2.954374801259,103.99146709035));
#9994 = CARTESIAN_POINT('',(2.958503829622,103.76303991011));
#9995 = CARTESIAN_POINT('',(2.960306560085,103.6650501615));
#9996 = CARTESIAN_POINT('',(2.962120280482,103.56818816609));
#9997 = CARTESIAN_POINT('',(2.96394495631,103.47245501107));
#9998 = CARTESIAN_POINT('',(2.965780525849,103.3778532819));
#9999 = CARTESIAN_POINT('',(2.967626777107,103.28439186025));
#10000 = CARTESIAN_POINT('',(2.969483435099,103.19208189502));
#10001 = CARTESIAN_POINT('',(2.977072944605,102.82152212528));
#10002 = CARTESIAN_POINT('',(2.982910046814,102.55210144304));
#10003 = CARTESIAN_POINT('',(2.988859286055,102.29290153152));
#10004 = CARTESIAN_POINT('',(2.994918314349,102.04416823189));
#10005 = CARTESIAN_POINT('',(3.001084646305,101.80616469437));
#10006 = CARTESIAN_POINT('',(3.00735544797,101.57917569759));
#10007 = CARTESIAN_POINT('',(3.013727384002,101.36350518782));
#10008 = CARTESIAN_POINT('',(3.026516387706,100.96013704421));
#10009 = CARTESIAN_POINT('',(3.032928950165,100.77191112672));
#10010 = CARTESIAN_POINT('',(3.039430390847,100.59508666202));
#10011 = CARTESIAN_POINT('',(3.046016336037,100.42996989678));
#10012 = CARTESIAN_POINT('',(3.052681791696,100.27686878749));
#10013 = CARTESIAN_POINT('',(3.059421137799,100.1360843718));
#10014 = CARTESIAN_POINT('',(3.066228139205,100.00790184254));
#10015 = CARTESIAN_POINT('',(3.079844715457,99.779261371229));
#10016 = CARTESIAN_POINT('',(3.086652478431,99.678356865961));
#10017 = CARTESIAN_POINT('',(3.093512508209,99.590122033602));
#10018 = CARTESIAN_POINT('',(3.100417675712,99.514782542239));
#10019 = CARTESIAN_POINT('',(3.107360441745,99.452531243219));
#10020 = CARTESIAN_POINT('',(3.114332851215,99.403523475983));
#10021 = CARTESIAN_POINT('',(3.121326484478,99.367871018719));
#10022 = CARTESIAN_POINT('',(3.130202762954,99.339695373709));
#10023 = CARTESIAN_POINT('',(3.132074062111,99.334714248502));
#10024 = CARTESIAN_POINT('',(3.13394607275,99.330690385608));
#10025 = CARTESIAN_POINT('',(3.135818631326,99.327624602362));
#10026 = CARTESIAN_POINT('',(3.137691573153,99.325517427971));
#10027 = CARTESIAN_POINT('',(3.13956473211,99.324369164192));
#10028 = CARTESIAN_POINT('',(3.141437940348,99.324179946018));
#10029 = CARTESIAN_POINT('',(3.150631995992,99.327958787861));
#10030 = CARTESIAN_POINT('',(3.157951443231,99.345618389351));
#10031 = CARTESIAN_POINT('',(3.165259084707,99.377921168925));
#10032 = CARTESIAN_POINT('',(3.172545002524,99.424795351353));
#10033 = CARTESIAN_POINT('',(3.179799700172,99.486112448238));
#10034 = CARTESIAN_POINT('',(3.18701410848,99.561693169391));
#10035 = CARTESIAN_POINT('',(3.194179575994,99.651312560207));
#10036 = CARTESIAN_POINT('',(3.209086099574,99.868133213063));
#10037 = CARTESIAN_POINT('',(3.216815833237,99.998142436068));
#10038 = CARTESIAN_POINT('',(3.224466521799,100.14438950491));
#10039 = CARTESIAN_POINT('',(3.23202875912,100.30648420023));
#10040 = CARTESIAN_POINT('',(3.239494215729,100.48400699517));
#10041 = CARTESIAN_POINT('',(3.246855559026,100.67652427488));
#10042 = CARTESIAN_POINT('',(3.254106366644,100.88360133159));
#10043 = CARTESIAN_POINT('',(3.276493226216,101.5777105387));
#10044 = CARTESIAN_POINT('',(3.29120952843,102.11504528673));
#10045 = CARTESIAN_POINT('',(3.305343781928,102.71283563605));
#10046 = CARTESIAN_POINT('',(3.318860931573,103.36737304342));
#10047 = CARTESIAN_POINT('',(3.331732242158,104.07543446966));
#10048 = CARTESIAN_POINT('',(3.343933603096,104.83447398052));
#10049 = CARTESIAN_POINT('',(3.355442941781,105.64282560623));
#10050 = CARTESIAN_POINT('',(3.376591162713,107.3227509702));
#10051 = CARTESIAN_POINT('',(3.386273449448,108.18937428141));
#10052 = CARTESIAN_POINT('',(3.395273285754,109.10028114761));
#10053 = CARTESIAN_POINT('',(3.403560319569,110.05585261932));
#10054 = CARTESIAN_POINT('',(3.411086953746,111.05634586783));
#10055 = CARTESIAN_POINT('',(3.417792553224,112.10189209902));
#10056 = CARTESIAN_POINT('',(3.42359955644,113.19264998129));
#10057 = CARTESIAN_POINT('',(3.429445725993,114.5712714783));
#10058 = CARTESIAN_POINT('',(3.430432441633,114.81678253346));
#10059 = CARTESIAN_POINT('',(3.431372099407,115.06422202178));
#10060 = CARTESIAN_POINT('',(3.432263667897,115.31354399442));
#10061 = CARTESIAN_POINT('',(3.433106093341,115.56469153953));
#10062 = CARTESIAN_POINT('',(3.433898316949,115.81759581337));
#10063 = CARTESIAN_POINT('',(3.434639292214,116.07217507152));
#10064 = CARTESIAN_POINT('',(3.435917140259,116.54745755227));
#10065 = CARTESIAN_POINT('',(3.43646803453,116.76773744013));
#10066 = CARTESIAN_POINT('',(3.436980046007,116.98911195663));
#10067 = CARTESIAN_POINT('',(3.437452555455,117.21151272575));
#10068 = CARTESIAN_POINT('',(3.437884974406,117.43486417023));
#10069 = CARTESIAN_POINT('',(3.438276756134,117.65908327943));
#10070 = CARTESIAN_POINT('',(3.438627406629,117.88407937709));
#10071 = CARTESIAN_POINT('',(3.439102098223,118.23066503959));
#10072 = CARTESIAN_POINT('',(3.439255664371,118.35169348021));
#10073 = CARTESIAN_POINT('',(3.439397161447,118.47282862928));
#10074 = CARTESIAN_POINT('',(3.439526560503,118.59405984533));
#10075 = CARTESIAN_POINT('',(3.439643836207,118.71537642711));
#10076 = CARTESIAN_POINT('',(3.439748966844,118.83676761364));
#10077 = CARTESIAN_POINT('',(3.439841934315,118.95822258423));
#10078 = CARTESIAN_POINT('',(3.440003438594,119.20112498281));
#10079 = CARTESIAN_POINT('',(3.440072028675,119.32261726843));
#10080 = CARTESIAN_POINT('',(3.440128459299,119.44419053155));
#10081 = CARTESIAN_POINT('',(3.440172703008,119.56582780332));
#10082 = CARTESIAN_POINT('',(3.440204739972,119.68751192983));
#10083 = CARTESIAN_POINT('',(3.440224557983,119.80922557208));
#10084 = CARTESIAN_POINT('',(3.440232152459,119.930951206));
#10085 = CARTESIAN_POINT('',(3.44021000297,120.51374946261));
#10086 = CARTESIAN_POINT('',(3.440017143,120.97478696673));
#10087 = CARTESIAN_POINT('',(3.43964891653,121.43476352209));
#10088 = CARTESIAN_POINT('',(3.4391070537,121.89274099123));
#10089 = CARTESIAN_POINT('',(3.438394702516,122.34787791354));
#10090 = CARTESIAN_POINT('',(3.437516080699,122.79943255081));
#10091 = CARTESIAN_POINT('',(3.436476162037,123.2467592659));
#10092 = CARTESIAN_POINT('',(3.434590477784,123.94466104074));
#10093 = CARTESIAN_POINT('',(3.433848596079,124.19844299964));
#10094 = CARTESIAN_POINT('',(3.433055803551,124.4505547608));
#10095 = CARTESIAN_POINT('',(3.432213139087,124.70091573242));
#10096 = CARTESIAN_POINT('',(3.431321652583,124.94945809787));
#10097 = CARTESIAN_POINT('',(3.430382388097,125.19612584327));
#10098 = CARTESIAN_POINT('',(3.429396366988,125.44087378502));
#10099 = CARTESIAN_POINT('',(3.423548337739,126.8169787245));
#10100 = CARTESIAN_POINT('',(3.417741686163,127.90605889997));
#10101 = CARTESIAN_POINT('',(3.411039078959,128.95004256474));
#10102 = CARTESIAN_POINT('',(3.403517542266,129.94909144405));
#10103 = CARTESIAN_POINT('',(3.395237756865,130.90332741223));
#10104 = CARTESIAN_POINT('',(3.386247062327,131.81300710266));
#10105 = CARTESIAN_POINT('',(3.376575631921,132.67850848196));
#10106 = CARTESIAN_POINT('',(3.36076763402,133.93419365985));
#10107 = CARTESIAN_POINT('',(3.355118449022,134.35577693196));
#10108 = CARTESIAN_POINT('',(3.349288441801,134.7647709995));
#10109 = CARTESIAN_POINT('',(3.343280942059,135.16102268109));
#10110 = CARTESIAN_POINT('',(3.337099145016,135.54432065543));
#10111 = CARTESIAN_POINT('',(3.33074620498,135.9144029562));
#10112 = CARTESIAN_POINT('',(3.324225304344,136.27096256114));
#10113 = CARTESIAN_POINT('',(3.311006373959,136.94853395641));
#10114 = CARTESIAN_POINT('',(3.304316000923,137.27015833297));
#10115 = CARTESIAN_POINT('',(3.297471704273,137.5781972056));
#10116 = CARTESIAN_POINT('',(3.290477032447,137.87227039941));
#10117 = CARTESIAN_POINT('',(3.283336042564,138.15195449549));
#10118 = CARTESIAN_POINT('',(3.27605340928,138.41679274494));
#10119 = CARTESIAN_POINT('',(3.268634556898,138.66630496566));
#10120 = CARTESIAN_POINT('',(3.25454425819,139.10250962514));
#10121 = CARTESIAN_POINT('',(3.247905206263,139.29314056055));
#10122 = CARTESIAN_POINT('',(3.241172961567,139.47156373645));
#10123 = CARTESIAN_POINT('',(3.234352401293,139.63744588685));
#10124 = CARTESIAN_POINT('',(3.22744905507,139.79045335843));
#10125 = CARTESIAN_POINT('',(3.220469169509,139.93026022213));
#10126 = CARTESIAN_POINT('',(3.213419759415,140.05655810918));
#10127 = CARTESIAN_POINT('',(3.199102001196,140.28308888936));
#10128 = CARTESIAN_POINT('',(3.191831663977,140.38295395113));
#10129 = CARTESIAN_POINT('',(3.184506041077,140.46836555087));
#10130 = CARTESIAN_POINT('',(3.177134037965,140.5390668019));
#10131 = CARTESIAN_POINT('',(3.169725058609,140.59484575398));
#10132 = CARTESIAN_POINT('',(3.162288974041,140.63554653145));
#10133 = CARTESIAN_POINT('',(3.154836118098,140.6610766671));
#10134 = CARTESIAN_POINT('',(3.145572072429,140.67389876534));
#10135 = CARTESIAN_POINT('',(3.143766414484,140.67550676174));
#10136 = CARTESIAN_POINT('',(3.141960548635,140.67622323066));
#10137 = CARTESIAN_POINT('',(3.140154625513,140.67604773222));
#10138 = CARTESIAN_POINT('',(3.138348793809,140.67498023238));
#10139 = CARTESIAN_POINT('',(3.136543201151,140.67302108373));
#10140 = CARTESIAN_POINT('',(3.134737994985,140.67017100623));
#10141 = CARTESIAN_POINT('',(3.125934168152,140.65192626331));
#10142 = CARTESIAN_POINT('',(3.118942894177,140.62403394471));
#10143 = CARTESIAN_POINT('',(3.111968417964,140.58279827971));
#10144 = CARTESIAN_POINT('',(3.105019316044,140.52829835573));
#10145 = CARTESIAN_POINT('',(3.098103696492,140.46067051386));
#10146 = CARTESIAN_POINT('',(3.091229292957,140.38009128034));
#10147 = CARTESIAN_POINT('',(3.084403446256,140.28677413754));
#10148 = CARTESIAN_POINT('',(3.070530275484,140.06995437531));
#10149 = CARTESIAN_POINT('',(3.063488287793,139.94519045911));
#10150 = CARTESIAN_POINT('',(3.056514940987,139.80694669377));
#10151 = CARTESIAN_POINT('',(3.049617248691,139.65552762174));
#10152 = CARTESIAN_POINT('',(3.042801475096,139.49125554868));
#10153 = CARTESIAN_POINT('',(3.036073179053,139.31446118918));
#10154 = CARTESIAN_POINT('',(3.029437269974,139.1254757909));
#10155 = CARTESIAN_POINT('',(3.015352502827,138.69286282034));
#10156 = CARTESIAN_POINT('',(3.007935770378,138.44530391615));
#10157 = CARTESIAN_POINT('',(3.000654258414,138.18244023178));
#10158 = CARTESIAN_POINT('',(2.99351342272,137.90475176399));
#10159 = CARTESIAN_POINT('',(2.986517958386,137.61269562018));
#10160 = CARTESIAN_POINT('',(2.979671936838,137.30669569879));
#10161 = CARTESIAN_POINT('',(2.972978916182,136.9871327289));
#10162 = CARTESIAN_POINT('',(2.959747184425,136.31349530101));
#10163 = CARTESIAN_POINT('',(2.953216354901,135.9587858861));
#10164 = CARTESIAN_POINT('',(2.94685280364,135.59055680375));
#10165 = CARTESIAN_POINT('',(2.940659710869,135.20911685118));
#10166 = CARTESIAN_POINT('',(2.934640214295,134.81473011242));
#10167 = CARTESIAN_POINT('',(2.92879748025,134.40761077127));
#10168 = CARTESIAN_POINT('',(2.923134801408,133.9879158684));
#10169 = CARTESIAN_POINT('',(2.912429136172,133.14347252243));
#10170 = CARTESIAN_POINT('',(2.907369950299,132.71987439357));
#10171 = CARTESIAN_POINT('',(2.902481075404,132.28501260499));
#10172 = CARTESIAN_POINT('',(2.897766068933,131.83893346505));
#10173 = CARTESIAN_POINT('',(2.893229099476,131.38165649079));
#10174 = CARTESIAN_POINT('',(2.888874959181,130.91317003274));
#10175 = CARTESIAN_POINT('',(2.884709122869,130.43342463522));
#10176 = CARTESIAN_POINT('',(2.876698084896,129.44275269311));
#10177 = CARTESIAN_POINT('',(2.872860282833,128.93150877009));
#10178 = CARTESIAN_POINT('',(2.869230576573,128.40845361968));
#10179 = CARTESIAN_POINT('',(2.865816961218,127.87350574831));
#10180 = CARTESIAN_POINT('',(2.862629026905,127.3266549748));
#10181 = CARTESIAN_POINT('',(2.859677829361,126.7679842469));
#10182 = CARTESIAN_POINT('',(2.856975716096,126.19770437972));
#10183 = CARTESIAN_POINT('',(2.853107426711,125.2757410166));
#10184 = CARTESIAN_POINT('',(2.851768975519,124.93145808695));
#10185 = CARTESIAN_POINT('',(2.850523297699,124.58346138776));
#10186 = CARTESIAN_POINT('',(2.849373256148,124.23189346015));
#10187 = CARTESIAN_POINT('',(2.848321773881,123.87694001689));
#10188 = CARTESIAN_POINT('',(2.847371737957,123.51883432549));
#10189 = CARTESIAN_POINT('',(2.846525881039,123.15786205181));
#10190 = CARTESIAN_POINT('',(2.845087504624,122.45059105173));
#10191 = CARTESIAN_POINT('',(2.844483702196,122.10454467765));
#10192 = CARTESIAN_POINT('',(2.843977353417,121.75653909104));
#10193 = CARTESIAN_POINT('',(2.8435702662,121.40691317126));
#10194 = CARTESIAN_POINT('',(2.843263882955,121.05603405351));
#10195 = CARTESIAN_POINT('',(2.843059207065,120.70429768254));
#10196 = CARTESIAN_POINT('',(2.842956780008,120.35213126614));
#10197 = CARTESIAN_POINT('',(2.842956780008,120.));
#10198 = ( GEOMETRIC_REPRESENTATION_CONTEXT(2) 
PARAMETRIC_REPRESENTATION_CONTEXT() REPRESENTATION_CONTEXT('2D SPACE',''
  ) );
#10199 = PCURVE('',#10200,#10387);
#10200 = ( BOUNDED_SURFACE() B_SPLINE_SURFACE(2,13,(
    (#10201,#10202,#10203,#10204,#10205,#10206,#10207,#10208,#10209
      ,#10210,#10211,#10212,#10213,#10214,#10215,#10216,#10217,#10218
      ,#10219,#10220,#10221,#10222,#10223,#10224,#10225,#10226,#10227
      ,#10228,#10229,#10230,#10231,#10232,#10233,#10234,#10235,#10236
      ,#10237,#10238,#10239,#10240,#10241,#10242,#10243,#10244,#10245
      ,#10246,#10247,#10248,#10249,#10250,#10251,#10252,#10253,#10254
      ,#10255,#10256,#10257,#10258,#10259,#10260,#10261,#10262)
    ,(#10263,#10264,#10265,#10266,#10267,#10268,#10269,#10270,#10271
      ,#10272,#10273,#10274,#10275,#10276,#10277,#10278,#10279,#10280
      ,#10281,#10282,#10283,#10284,#10285,#10286,#10287,#10288,#10289
      ,#10290,#10291,#10292,#10293,#10294,#10295,#10296,#10297,#10298
      ,#10299,#10300,#10301,#10302,#10303,#10304,#10305,#10306,#10307
      ,#10308,#10309,#10310,#10311,#10312,#10313,#10314,#10315,#10316
      ,#10317,#10318,#10319,#10320,#10321,#10322,#10323,#10324)
    ,(#10325,#10326,#10327,#10328,#10329,#10330,#10331,#10332,#10333
      ,#10334,#10335,#10336,#10337,#10338,#10339,#10340,#10341,#10342
      ,#10343,#10344,#10345,#10346,#10347,#10348,#10349,#10350,#10351
      ,#10352,#10353,#10354,#10355,#10356,#10357,#10358,#10359,#10360
      ,#10361,#10362,#10363,#10364,#10365,#10366,#10367,#10368,#10369
      ,#10370,#10371,#10372,#10373,#10374,#10375,#10376,#10377,#10378
      ,#10379,#10380,#10381,#10382,#10383,#10384,#10385,#10386
)),.UNSPECIFIED.,.F.,.T.,.F.) B_SPLINE_SURFACE_WITH_KNOTS((3,3),(14,12,
    12,12,12,14),(0.,163.01682843224),(1.790215668518E-15,
    23.341775621795,40.688750785341,81.488213435478,122.2909895625,
163.01682843224),.UNSPECIFIED.) GEOMETRIC_REPRESENTATION_ITEM() 
RATIONAL_B_SPLINE_SURFACE((
    (1.,1.,1.000000000002,0.999999999996,1.000000000009,0.999999999987
      ,1.000000000015,0.999999999985,1.000000000011,0.999999999993
      ,1.000000000003,0.999999999999,1.,1.,1.000000000002,0.999999999996
      ,1.000000000008,0.999999999988,1.000000000014,0.999999999987
      ,1.00000000001,0.999999999994,1.000000000003,0.999999999999,1.,1.
      ,1.000000000001,0.999999999998,1.000000000005,0.999999999993
      ,1.000000000008,0.999999999992,1.000000000006,0.999999999996
      ,1.000000000002,0.999999999999,1.,1.,1.,0.999999999999
      ,1.000000000002,0.999999999996,1.000000000005,0.999999999995
      ,1.000000000004,0.999999999997,1.000000000001,1.,1.,1.
      ,0.999999999999,1.000000000004,0.999999999991,1.000000000013
      ,0.999999999984,1.000000000016,0.999999999988,1.000000000008
      ,0.999999999996,1.000000000001,1.,1.)
    ,(0.590652804297,0.590652804296,0.593104070227,0.598012495463
      ,0.605002135577,0.613348003955,0.622257842037,0.631237453619
      ,0.640062608298,0.648540117204,0.65649082267,0.663901120427
      ,0.670694305065,0.681423689925,0.685644673927,0.689500993793
      ,0.692985178106,0.696092399912,0.698819480816,0.70116413521
      ,0.703124455559,0.704698637628,0.705884946796,0.70668192445
      ,0.707088835216,0.707147559388,0.705032776351,0.700768036621
      ,0.69432452754,0.68594262655,0.674969978269,0.663183246136
      ,0.647142898391,0.632771330416,0.613157674351,0.598242554114
      ,0.590698734619,0.59060717338,0.59805050744,0.612986639503
      ,0.632343043677,0.647401614913,0.662355922146,0.675486446846
      ,0.685341552931,0.69446350808,0.70061930121,0.70499655736
      ,0.707123836956,0.707089610283,0.7049236676,0.700622213861
      ,0.694114992335,0.685802419881,0.674598208845,0.663145815044
      ,0.646706044024,0.632671268528,0.612921084648,0.598132918025
      ,0.590652804296,0.590652804297)
    ,(1.,1.,1.000000000002,0.999999999996,1.000000000009,0.999999999987
      ,1.000000000015,0.999999999985,1.000000000011,0.999999999993
      ,1.000000000003,0.999999999999,1.,1.,1.000000000002,0.999999999996
      ,1.000000000008,0.999999999988,1.000000000014,0.999999999987
      ,1.00000000001,0.999999999994,1.000000000003,0.999999999999,1.,1.
      ,1.000000000001,0.999999999998,1.000000000005,0.999999999993
      ,1.000000000008,0.999999999992,1.000000000006,0.999999999996
      ,1.000000000002,0.999999999999,1.,1.,1.,0.999999999999
      ,1.000000000002,0.999999999996,1.000000000005,0.999999999995
      ,1.000000000004,0.999999999997,1.000000000001,1.,1.,1.
      ,0.999999999999,1.000000000004,0.999999999991,1.000000000013
      ,0.999999999984,1.000000000016,0.999999999988,1.000000000008
,0.999999999996,1.000000000001,1.,1.
  ))) REPRESENTATION_ITEM('') SURFACE() );
#10201 = CARTESIAN_POINT('',(30.5,-5.021051876504E-15,67.416836106121));
#10202 = CARTESIAN_POINT('',(30.500000000003,-1.514527341505,
    67.416836106122));
#10203 = CARTESIAN_POINT('',(30.319804555979,-3.029345848262,
    67.35576027171));
#10204 = CARTESIAN_POINT('',(29.958099191278,-4.526667937724,
    67.233222540975));
#10205 = CARTESIAN_POINT('',(29.424783192455,-5.984205709171,
    67.054497505705));
#10206 = CARTESIAN_POINT('',(28.725088857826,-7.397102917601,
    66.825898207691));
#10207 = CARTESIAN_POINT('',(27.876369401223,-8.749952984258,
    66.55858918974));
#10208 = CARTESIAN_POINT('',(26.892386081081,-10.03565888188,
    66.262448959589));
#10209 = CARTESIAN_POINT('',(25.778467630761,-11.25794910778,
    65.94443538008));
#10210 = CARTESIAN_POINT('',(24.543058967092,-12.41284438839,
    65.61251812605));
#10211 = CARTESIAN_POINT('',(23.198313307156,-13.4906063835,
    65.275711145179));
#10212 = CARTESIAN_POINT('',(21.748138411348,-14.49550104911,
    64.939904765756));
#10213 = CARTESIAN_POINT('',(20.202343882209,-15.42035836199,
    64.612654290466));
#10214 = CARTESIAN_POINT('',(17.354004417191,-16.88951459924,
    64.067948890344));
#10215 = CARTESIAN_POINT('',(16.090966320121,-17.47045078082,
    63.843904097339));
#10216 = CARTESIAN_POINT('',(14.782604228929,-18.00466547448,
    63.630658482169));
#10217 = CARTESIAN_POINT('',(13.432329019044,-18.49079395901,
    63.430727440616));
#10218 = CARTESIAN_POINT('',(12.043709003919,-18.92745140658,
    63.24649015952));
#10219 = CARTESIAN_POINT('',(10.620557065395,-19.31327224092,
    63.080155066182));
#10220 = CARTESIAN_POINT('',(9.166986618256,-19.64695147368,
    62.933724489095));
#10221 = CARTESIAN_POINT('',(7.687436406986,-19.9272880184,
    62.808958530036));
#10222 = CARTESIAN_POINT('',(6.18666413613,-20.15322998317,
    62.70733814734));
#10223 = CARTESIAN_POINT('',(4.669708933909,-20.32392194036,
    62.630027450673));
#10224 = CARTESIAN_POINT('',(3.141822648392,-20.43875417538,
    62.577835206918));
#10225 = CARTESIAN_POINT('',(1.608369977525,-20.49741391257,
    62.551175557538));
#10226 = CARTESIAN_POINT('',(-3.53244532151,-20.50587630489,
    62.547328808706));
#10227 = CARTESIAN_POINT('',(-7.140747879118,-20.20107041743,
    62.685840811081));
#10228 = CARTESIAN_POINT('',(-10.68019588056,-19.58654953114,
    62.965637976198));
#10229 = CARTESIAN_POINT('',(-14.08325739023,-18.66532743806,
    63.375652235197));
#10230 = CARTESIAN_POINT('',(-17.27989624817,-17.47264523837,
    63.889924961742));
#10231 = CARTESIAN_POINT('',(-20.24226344959,-15.99064236972,
    64.482947307729));
#10232 = CARTESIAN_POINT('',(-22.89261576093,-14.30600008052,
    65.10445701215));
#10233 = CARTESIAN_POINT('',(-25.26463498008,-12.35071051962,
    65.7454312086));
#10234 = CARTESIAN_POINT('',(-27.23104001111,-10.21046674691,
    66.328077191827));
#10235 = CARTESIAN_POINT('',(-28.8380868096,-7.863606158798,
    66.853907543268));
#10236 = CARTESIAN_POINT('',(-29.94231026918,-5.310650255711,
    67.227817873937));
#10237 = CARTESIAN_POINT('',(-30.49662095855,-2.664607908194,
    67.415690971723));
#10238 = CARTESIAN_POINT('',(-30.50335701059,2.629761514848,
    67.417973774499));
#10239 = CARTESIAN_POINT('',(-29.95596613999,5.277010304092,
    67.232436273377));
#10240 = CARTESIAN_POINT('',(-28.85587400114,7.833535567928,
    66.8597617413));
#10241 = CARTESIAN_POINT('',(-27.25955581185,10.179039757514,
    66.336974567123));
#10242 = CARTESIAN_POINT('',(-25.28477177729,12.331020871024,
    65.750169998193));
#10243 = CARTESIAN_POINT('',(-22.93580865648,14.273170601233,
    65.117102529254));
#10244 = CARTESIAN_POINT('',(-20.26789840194,15.980905817494,
    64.486079024763));
#10245 = CARTESIAN_POINT('',(-17.32523283944,17.447574525152,
    63.900275906407));
#10246 = CARTESIAN_POINT('',(-14.12025453061,18.655589603054,
    63.380023505315));
#10247 = CARTESIAN_POINT('',(-10.72480565073,19.574548786801,
    62.97092561604));
#10248 = CARTESIAN_POINT('',(-7.184217289439,20.194383314085,
    62.688899850723));
#10249 = CARTESIAN_POINT('',(-3.576456965909,20.5024578325,
    62.548882741158));
#10250 = CARTESIAN_POINT('',(3.631754993138,20.497525575769,
    62.551124800959));
#10251 = CARTESIAN_POINT('',(7.231895885553,20.185136960548,
    62.6929603069));
#10252 = CARTESIAN_POINT('',(10.761569487796,19.567179405694,
    62.975201048395));
#10253 = CARTESIAN_POINT('',(14.155793250785,18.63021214586,
    63.387404919242));
#10254 = CARTESIAN_POINT('',(17.336157404613,17.466366909714,
    63.900115690735));
#10255 = CARTESIAN_POINT('',(20.302716238529,15.918086027856,
    64.498130529373));
#10256 = CARTESIAN_POINT('',(22.917066641288,14.328070868867,
    65.109568627082));
#10257 = CARTESIAN_POINT('',(25.313002286743,12.269501057279,
    65.760181142052));
#10258 = CARTESIAN_POINT('',(27.241792092577,10.211012894563,
    66.331371408543));
#10259 = CARTESIAN_POINT('',(28.857287423951,7.824550911316,
    66.860226819492));
#10260 = CARTESIAN_POINT('',(29.950245183947,5.287449407567,
    67.230522332933));
#10261 = CARTESIAN_POINT('',(30.500000000004,2.642489477808,
    67.416836106122));
#10262 = CARTESIAN_POINT('',(30.5,0.,67.416836106121));
#10263 = CARTESIAN_POINT('',(30.5,1.262878690511E-15,66.118984787951));
#10264 = CARTESIAN_POINT('',(30.500000000001,-1.472417843241,
    66.118984787951));
#10265 = CARTESIAN_POINT('',(30.330575680441,-2.932912997074,
    66.067886829992));
#10266 = CARTESIAN_POINT('',(29.99430482875,-4.373026512924,
    65.966483313356));
#10267 = CARTESIAN_POINT('',(29.500779417158,-5.783101058821,
    65.818867299804));
#10268 = CARTESIAN_POINT('',(28.844258096132,-7.171864632262,
    65.625670706758));
#10269 = CARTESIAN_POINT('',(28.032093180503,-8.521430400892,
    65.392689574035));
#10270 = CARTESIAN_POINT('',(27.073944371267,-9.817365523025,
    65.127404012864));
#10271 = CARTESIAN_POINT('',(25.975339921975,-11.05880385331,
    64.836593045212));
#10272 = CARTESIAN_POINT('',(24.745146180926,-12.2383285774,
    64.528190586598));
#10273 = CARTESIAN_POINT('',(23.395540553547,-13.34271488187,
    64.211074406372));
#10274 = CARTESIAN_POINT('',(21.933435922662,-14.37394761228,
    63.892298087991));
#10275 = CARTESIAN_POINT('',(20.369701113228,-15.32344248984,
    63.579680065963));
#10276 = CARTESIAN_POINT('',(17.502740657005,-16.82054657369,
    63.060873843406));
#10277 = CARTESIAN_POINT('',(16.239116376615,-17.4092212845,
    62.848079376808));
#10278 = CARTESIAN_POINT('',(14.926582786195,-17.95212627216,
    62.644401739013));
#10279 = CARTESIAN_POINT('',(13.568815044206,-18.44731307643,
    62.452519056139));
#10280 = CARTESIAN_POINT('',(12.169741204988,-18.89289784355,
    62.274992433331));
#10281 = CARTESIAN_POINT('',(10.733624188431,-19.28709841642,
    62.114211981048));
#10282 = CARTESIAN_POINT('',(9.265103105992,-19.62827632488,
    61.972345590445));
#10283 = CARTESIAN_POINT('',(7.769197904828,-19.91498193094,
    61.851290373104));
#10284 = CARTESIAN_POINT('',(6.251281154496,-20.14600150005,
    61.752626688319));
#10285 = CARTESIAN_POINT('',(4.717020633013,-20.32040547727,
    61.677574612444));
#10286 = CARTESIAN_POINT('',(3.172296137981,-20.43759779972,
    61.626952569616));
#10287 = CARTESIAN_POINT('',(1.623093648053,-20.49736662105,
    61.601137663513));
#10288 = CARTESIAN_POINT('',(-3.564486154291,-20.50598326703,
    61.597415129227));
#10289 = CARTESIAN_POINT('',(-7.227860694513,-20.19498754151,
    61.731844545037));
#10290 = CARTESIAN_POINT('',(-10.83668264348,-19.55925977811,
    62.005971143087));
#10291 = CARTESIAN_POINT('',(-14.3128866088,-18.61349261951,
    62.409425645889));
#10292 = CARTESIAN_POINT('',(-17.57715978759,-17.3415606939,
    62.917504822846));
#10293 = CARTESIAN_POINT('',(-20.57583522989,-15.85690276472,
    63.492616347746));
#10294 = CARTESIAN_POINT('',(-23.27150728311,-14.00890859303,
    64.102933057866));
#10295 = CARTESIAN_POINT('',(-25.58570818951,-12.0965406711,
    64.688824618159));
#10296 = CARTESIAN_POINT('',(-27.55241421656,-9.808453614037,
    65.241981343486));
#10297 = CARTESIAN_POINT('',(-28.98572284879,-7.500090800775,
    65.662184841651));
#10298 = CARTESIAN_POINT('',(-29.98021326674,-5.098719266941,
    65.962248821622));
#10299 = CARTESIAN_POINT('',(-30.49680884507,-2.590318555248,
    66.11802238088));
#10300 = CARTESIAN_POINT('',(-30.50317083876,2.556837211783,
    66.119941067878));
#10301 = CARTESIAN_POINT('',(-29.99261163703,5.067074399784,
    65.965940961008));
#10302 = CARTESIAN_POINT('',(-29.00341304169,7.465512276629,
    65.66767096065));
#10303 = CARTESIAN_POINT('',(-27.57488617434,9.791973392848,
    65.247588335806));
#10304 = CARTESIAN_POINT('',(-25.61849564997,12.04120803097,
    64.698882134732));
#10305 = CARTESIAN_POINT('',(-23.29439569274,14.026429553882,
    64.106386860289));
#10306 = CARTESIAN_POINT('',(-20.6248258432,15.79325010863,
    63.504946839269));
#10307 = CARTESIAN_POINT('',(-17.604738523,17.354706586149,
    62.920566595392));
#10308 = CARTESIAN_POINT('',(-14.36055369556,18.583801344268,
    62.417335983179));
#10309 = CARTESIAN_POINT('',(-10.87846923292,19.553137120857,
    62.009959599178));
#10310 = CARTESIAN_POINT('',(-7.272564607556,20.187147592213,
    61.735013201841));
#10311 = CARTESIAN_POINT('',(-3.609024009336,20.502502642369,
    61.598918814224));
#10312 = CARTESIAN_POINT('',(3.665002678075,20.497480341552,
    61.601088537026));
#10313 = CARTESIAN_POINT('',(7.320219991757,20.178744745635,
    61.738768192104));
#10314 = CARTESIAN_POINT('',(10.919351124831,19.538715905548,
    62.015377904849));
#10315 = CARTESIAN_POINT('',(14.385185802698,18.579682762764,
    62.420573463388));
#10316 = CARTESIAN_POINT('',(17.635970128565,17.329438540152,
    62.928117832092));
#10317 = CARTESIAN_POINT('',(20.632334291324,15.791515471766,
    63.505823541894));
#10318 = CARTESIAN_POINT('',(23.29935882102,14.021509180021,
    64.109038530158));
#10319 = CARTESIAN_POINT('',(25.630307726174,12.021203947288,
    64.701413563796));
#10320 = CARTESIAN_POINT('',(27.562668680385,9.80631191879,
    65.244876476052));
#10321 = CARTESIAN_POINT('',(29.003330568027,7.462679712193,
    65.667382786675));
#10322 = CARTESIAN_POINT('',(29.987465515932,5.07668163044,
    65.964446444328));
#10323 = CARTESIAN_POINT('',(30.500000000006,2.56901843306,
    66.118984787952));
#10324 = CARTESIAN_POINT('',(30.5,-2.407796184656E-14,66.118984787951));
#10325 = CARTESIAN_POINT('',(31.737145603075,0.,66.51127141896));
#10326 = CARTESIAN_POINT('',(31.737145603077,-1.617374424591,
    66.51127141896));
#10327 = CARTESIAN_POINT('',(31.543158730731,-3.235029268043,
    66.449753181654));
#10328 = CARTESIAN_POINT('',(31.153713728104,-4.831847730775,
    66.326298092328));
#10329 = CARTESIAN_POINT('',(30.580430307891,-6.381530971958,
    66.146214106904));
#10330 = CARTESIAN_POINT('',(29.831101385664,-7.877048459889,
    65.915710674337));
#10331 = CARTESIAN_POINT('',(28.926228453606,-9.302442019661,
    65.645921199715));
#10332 = CARTESIAN_POINT('',(27.882484903919,-10.65081885273,
    65.346964056918));
#10333 = CARTESIAN_POINT('',(26.706850971018,-11.92686771003,
    65.02601532043));
#10334 = CARTESIAN_POINT('',(25.408255897575,-13.12820325916,
    64.690991994308));
#10335 = CARTESIAN_POINT('',(23.999482524771,-14.24615374177,
    64.350912554774));
#10336 = CARTESIAN_POINT('',(22.485607297161,-15.28503908035,
    64.012016041981));
#10337 = CARTESIAN_POINT('',(20.875901049074,-16.23923898988,
    63.681690663545));
#10338 = CARTESIAN_POINT('',(17.916523671349,-17.75196150172,
    63.131913336527));
#10339 = CARTESIAN_POINT('',(16.606238037204,-18.34909760293,
    62.905789825355));
#10340 = CARTESIAN_POINT('',(15.250755095333,-18.89740016928,
    62.690571664129));
#10341 = CARTESIAN_POINT('',(13.853497503409,-19.39572217571,
    62.488796226132));
#10342 = CARTESIAN_POINT('',(12.418029342019,-19.84285849274,
    62.302863563988));
#10343 = CARTESIAN_POINT('',(10.9481492978,-20.23759054843,
    62.135001391495));
#10344 = CARTESIAN_POINT('',(9.447951480177,-20.57873216926,
    61.987229340261));
#10345 = CARTESIAN_POINT('',(7.921853873799,-20.86517660477,
    61.861322491124));
#10346 = CARTESIAN_POINT('',(6.374594422922,-21.0959447305,
    61.758774180204));
#10347 = CARTESIAN_POINT('',(4.811194752903,-21.27023443431,
    61.680758079923));
#10348 = CARTESIAN_POINT('',(3.236891523097,-21.38747118222,
    61.628089554542));
#10349 = CARTESIAN_POINT('',(1.657035416308,-21.44735976613,
    61.601186290668));
#10350 = CARTESIAN_POINT('',(-3.639328143291,-21.45599934009,
    61.597304420282));
#10351 = CARTESIAN_POINT('',(-7.356872722386,-21.1448088144,
    61.737080796291));
#10352 = CARTESIAN_POINT('',(-11.00479625686,-20.51747858311,
    62.019432664606));
#10353 = CARTESIAN_POINT('',(-14.52041491396,-19.57610030772,
    62.433153720782));
#10354 = CARTESIAN_POINT('',(-17.82134773937,-18.35622389375,
    62.952419549573));
#10355 = CARTESIAN_POINT('',(-20.90293649754,-16.8350646891,
    63.55005572365));
#10356 = CARTESIAN_POINT('',(-23.65840161176,-15.10326446843,
    64.179070038259));
#10357 = CARTESIAN_POINT('',(-26.1500421023,-13.07698069917,
    64.823922578553));
#10358 = CARTESIAN_POINT('',(-28.22466052451,-10.85462382294,
    65.414087848607));
#10359 = CARTESIAN_POINT('',(-29.94854242249,-8.385298021665,
    65.944212026509));
#10360 = CARTESIAN_POINT('',(-31.13664796362,-5.671178175879,
    66.320863563782));
#10361 = CARTESIAN_POINT('',(-31.73350824364,-2.845560311933,
    66.510118048749));
#10362 = CARTESIAN_POINT('',(-31.7407592512,2.808353434291,
    66.512417270552));
#10363 = CARTESIAN_POINT('',(-31.15129245279,5.635597438189,
    66.32548244907));
#10364 = CARTESIAN_POINT('',(-29.9678052098,8.352826183543,
    65.950296529287));
#10365 = CARTESIAN_POINT('',(-28.25484093264,10.82304071486,
    65.422570426569));
#10366 = CARTESIAN_POINT('',(-26.17023212759,13.055849426559,
    64.829601467545));
#10367 = CARTESIAN_POINT('',(-23.70668294938,15.068377609637,
    64.190812207662));
#10368 = CARTESIAN_POINT('',(-20.9245445784,16.82781613242,
    63.553975285061));
#10369 = CARTESIAN_POINT('',(-17.87312880402,18.32755552553,
    62.962492985902));
#10370 = CARTESIAN_POINT('',(-14.55594853825,19.567945878628,
    62.437702469878));
#10371 = CARTESIAN_POINT('',(-11.05169831875,20.504597438355,
    62.024725700438));
#10372 = CARTESIAN_POINT('',(-7.401535382098,21.138083966079,
    61.740175484776));
#10373 = CARTESIAN_POINT('',(-3.68467220364,21.452509253383,
    61.59887255799));
#10374 = CARTESIAN_POINT('',(3.741642527408,21.447473808069,
    61.601135052736));
#10375 = CARTESIAN_POINT('',(7.450843722215,21.12851589296,
    61.744267485518));
#10376 = CARTESIAN_POINT('',(11.088711360637,20.497879761974,
    62.029067405154));
#10377 = CARTESIAN_POINT('',(14.595738954048,19.539471223456,
    62.445069795016));
#10378 = CARTESIAN_POINT('',(17.878989049911,18.351412182555,
    62.962583532659));
#10379 = CARTESIAN_POINT('',(20.967023135571,16.757843187056,
    63.565554817206));
#10380 = CARTESIAN_POINT('',(23.682847741887,15.128890011927,
    64.184063745458));
#10381 = CARTESIAN_POINT('',(26.201772285099,12.990466824876,
    64.838911760637));
#10382 = CARTESIAN_POINT('',(28.235936128936,10.856220102525,
    65.417386597136));
#10383 = CARTESIAN_POINT('',(29.96917076408,8.343608784858,
    65.950590596295));
#10384 = CARTESIAN_POINT('',(31.145186160121,5.646569766673,
    66.323584749728));
#10385 = CARTESIAN_POINT('',(31.737145603079,2.82193314147,
    66.51127141896));
#10386 = CARTESIAN_POINT('',(31.737145603075,0.,66.51127141896));
#10387 = DEFINITIONAL_REPRESENTATION('',(#10388),#10629);
#10388 = B_SPLINE_CURVE_WITH_KNOTS('',8,(#10389,#10390,#10391,#10392,
    #10393,#10394,#10395,#10396,#10397,#10398,#10399,#10400,#10401,
    #10402,#10403,#10404,#10405,#10406,#10407,#10408,#10409,#10410,
    #10411,#10412,#10413,#10414,#10415,#10416,#10417,#10418,#10419,
    #10420,#10421,#10422,#10423,#10424,#10425,#10426,#10427,#10428,
    #10429,#10430,#10431,#10432,#10433,#10434,#10435,#10436,#10437,
    #10438,#10439,#10440,#10441,#10442,#10443,#10444,#10445,#10446,
    #10447,#10448,#10449,#10450,#10451,#10452,#10453,#10454,#10455,
    #10456,#10457,#10458,#10459,#10460,#10461,#10462,#10463,#10464,
    #10465,#10466,#10467,#10468,#10469,#10470,#10471,#10472,#10473,
    #10474,#10475,#10476,#10477,#10478,#10479,#10480,#10481,#10482,
    #10483,#10484,#10485,#10486,#10487,#10488,#10489,#10490,#10491,
    #10492,#10493,#10494,#10495,#10496,#10497,#10498,#10499,#10500,
    #10501,#10502,#10503,#10504,#10505,#10506,#10507,#10508,#10509,
    #10510,#10511,#10512,#10513,#10514,#10515,#10516,#10517,#10518,
    #10519,#10520,#10521,#10522,#10523,#10524,#10525,#10526,#10527,
    #10528,#10529,#10530,#10531,#10532,#10533,#10534,#10535,#10536,
    #10537,#10538,#10539,#10540,#10541,#10542,#10543,#10544,#10545,
    #10546,#10547,#10548,#10549,#10550,#10551,#10552,#10553,#10554,
    #10555,#10556,#10557,#10558,#10559,#10560,#10561,#10562,#10563,
    #10564,#10565,#10566,#10567,#10568,#10569,#10570,#10571,#10572,
    #10573,#10574,#10575,#10576,#10577,#10578,#10579,#10580,#10581,
    #10582,#10583,#10584,#10585,#10586,#10587,#10588,#10589,#10590,
    #10591,#10592,#10593,#10594,#10595,#10596,#10597,#10598,#10599,
    #10600,#10601,#10602,#10603,#10604,#10605,#10606,#10607,#10608,
    #10609,#10610,#10611,#10612,#10613,#10614,#10615,#10616,#10617,
    #10618,#10619,#10620,#10621,#10622,#10623,#10624,#10625,#10626,
    #10627,#10628),.UNSPECIFIED.,.F.,.F.,(9,7,7,7,7,7,7,7,7,7,7,7,7,7,7,
    7,7,7,7,7,7,7,7,7,7,7,7,7,7,7,7,7,7,7,9),(0.,4.078338953837E-02,
    7.518716085898E-02,0.11006250828,0.127435212421,0.14062842917,
    0.1507388151,0.1817274484,0.212001022661,0.241750024423,
    0.249692422317,0.280735305296,0.314791170224,0.387594383388,
    0.457451290847,0.472440097365,0.485261859582,0.492131461317,
    0.498994654677,0.524992617015,0.53999402603,0.610017840151,
    0.647014526156,0.683168515207,0.714498683493,0.746249741393,
    0.753934686445,0.783739624697,0.815008302933,0.851089212962,
    0.888041936143,0.923291746354,0.959149576456,0.980144279527,1.),
  .UNSPECIFIED.);
#10389 = CARTESIAN_POINT('',(81.913979622951,1.790215668518E-15));
#10390 = CARTESIAN_POINT('',(81.913979622938,0.856947167297));
#10391 = CARTESIAN_POINT('',(81.852001231936,1.714016301295));
#10392 = CARTESIAN_POINT('',(81.728352550397,2.568963630359));
#10393 = CARTESIAN_POINT('',(81.545370383638,3.420600670861));
#10394 = CARTESIAN_POINT('',(81.308300816291,4.267942970088));
#10395 = CARTESIAN_POINT('',(81.023349678664,5.110439683342));
#10396 = CARTESIAN_POINT('',(80.696895343006,5.947757111353));
#10397 = CARTESIAN_POINT('',(80.029848494117,7.481742782272));
#10398 = CARTESIAN_POINT('',(79.699357097257,8.180147638609));
#10399 = CARTESIAN_POINT('',(79.347097031289,8.875356249076));
#10400 = CARTESIAN_POINT('',(78.976395940815,9.567719290867));
#10401 = CARTESIAN_POINT('',(78.590309705462,10.257607572102));
#10402 = CARTESIAN_POINT('',(78.191564582833,10.945411531466));
#10403 = CARTESIAN_POINT('',(77.782542193022,11.631558266313));
#10404 = CARTESIAN_POINT('',(76.942353414575,13.010923112026));
#10405 = CARTESIAN_POINT('',(76.511021126366,13.704008519145));
#10406 = CARTESIAN_POINT('',(76.073498293923,14.396269547418));
#10407 = CARTESIAN_POINT('',(75.631722683961,15.088097320828));
#10408 = CARTESIAN_POINT('',(75.187432598432,15.779845636007));
#10409 = CARTESIAN_POINT('',(74.742224788454,16.471856427473));
#10410 = CARTESIAN_POINT('',(74.297587764247,17.164471106128));
#10411 = CARTESIAN_POINT('',(73.63434869279,18.203512862854));
#10412 = CARTESIAN_POINT('',(73.414301952723,18.549224500543));
#10413 = CARTESIAN_POINT('',(73.194909924739,18.895199776806));
#10414 = CARTESIAN_POINT('',(72.976336860579,19.241473364315));
#10415 = CARTESIAN_POINT('',(72.758741367227,19.58807747857));
#10416 = CARTESIAN_POINT('',(72.54227808981,19.935042647266));
#10417 = CARTESIAN_POINT('',(72.327099394486,20.28239847966));
#10418 = CARTESIAN_POINT('',(71.951036376411,20.894283208765));
#10419 = CARTESIAN_POINT('',(71.789544334161,21.158633961921));
#10420 = CARTESIAN_POINT('',(71.628948287495,21.423239704596));
#10421 = CARTESIAN_POINT('',(71.469314877329,21.688112779325));
#10422 = CARTESIAN_POINT('',(71.310712717476,21.953265743371));
#10423 = CARTESIAN_POINT('',(71.153212116696,22.218711257941));
#10424 = CARTESIAN_POINT('',(70.996881827896,22.484460985205));
#10425 = CARTESIAN_POINT('',(70.722925474413,22.954415742301));
#10426 = CARTESIAN_POINT('',(70.604905003327,23.158323201773));
#10427 = CARTESIAN_POINT('',(70.48769191658,23.362222722061));
#10428 = CARTESIAN_POINT('',(70.371380039266,23.566125900983));
#10429 = CARTESIAN_POINT('',(70.256042663824,23.770041897991));
#10430 = CARTESIAN_POINT('',(70.141680052267,23.973963511773));
#10431 = CARTESIAN_POINT('',(70.028258293033,24.177876521121));
#10432 = CARTESIAN_POINT('',(69.571272609558,25.006800177115));
#10433 = CARTESIAN_POINT('',(69.234984249141,25.63371615107));
#10434 = CARTESIAN_POINT('',(68.907623774395,26.262612825458));
#10435 = CARTESIAN_POINT('',(68.590045896017,26.893579897601));
#10436 = CARTESIAN_POINT('',(68.283189041092,27.52670114307));
#10437 = CARTESIAN_POINT('',(67.987992354743,28.162038780039));
#10438 = CARTESIAN_POINT('',(67.705351354526,28.799625202562));
#10439 = CARTESIAN_POINT('',(67.173085781392,30.064534802807));
#10440 = CARTESIAN_POINT('',(66.922852736735,30.691748188049));
#10441 = CARTESIAN_POINT('',(66.686206895999,31.321088386592));
#10442 = CARTESIAN_POINT('',(66.463894786877,31.952512141397));
#10443 = CARTESIAN_POINT('',(66.256601902561,32.585945756483));
#10444 = CARTESIAN_POINT('',(66.064973989306,33.221287771444));
#10445 = CARTESIAN_POINT('',(65.889642194236,33.858410894331));
#10446 = CARTESIAN_POINT('',(65.575544640969,35.124838537566));
#10447 = CARTESIAN_POINT('',(65.436191457336,35.754112963268));
#10448 = CARTESIAN_POINT('',(65.313751209761,36.384815073375));
#10449 = CARTESIAN_POINT('',(65.208789608164,37.016767488792));
#10450 = CARTESIAN_POINT('',(65.1218483617,37.64978054048));
#10451 = CARTESIAN_POINT('',(65.053410857554,38.283647731487));
#10452 = CARTESIAN_POINT('',(65.003797596319,38.918135717753));
#10453 = CARTESIAN_POINT('',(64.964721439103,39.722453198115));
#10454 = CARTESIAN_POINT('',(64.95782002848,39.891965064596));
#10455 = CARTESIAN_POINT('',(64.952264855885,40.061497109417));
#10456 = CARTESIAN_POINT('',(64.948047510393,40.231044770271));
#10457 = CARTESIAN_POINT('',(64.945151031628,40.400603399675));
#10458 = CARTESIAN_POINT('',(64.94356322345,40.570168245209));
#10459 = CARTESIAN_POINT('',(64.943289967643,40.73973442976));
#10460 = CARTESIAN_POINT('',(64.948584131103,41.572032415122));
#10461 = CARTESIAN_POINT('',(64.973295580192,42.234740845139));
#10462 = CARTESIAN_POINT('',(65.018396898836,42.897108869324));
#10463 = CARTESIAN_POINT('',(65.083803542113,43.558848772493));
#10464 = CARTESIAN_POINT('',(65.1692458482,44.219700101556));
#10465 = CARTESIAN_POINT('',(65.274292364282,44.879422634377));
#10466 = CARTESIAN_POINT('',(65.398432515819,45.537787588417));
#10467 = CARTESIAN_POINT('',(65.697505722886,46.915107174959));
#10468 = CARTESIAN_POINT('',(65.876206842406,47.633769385038));
#10469 = CARTESIAN_POINT('',(66.076348796802,48.350297800745));
#10470 = CARTESIAN_POINT('',(66.297018857514,49.064490472351));
#10471 = CARTESIAN_POINT('',(66.537222033718,49.77619593504));
#10472 = CARTESIAN_POINT('',(66.79590517234,50.485306263172));
#10473 = CARTESIAN_POINT('',(67.071977332133,51.191753538547));
#10474 = CARTESIAN_POINT('',(67.989298191242,53.399970486246));
#10475 = CARTESIAN_POINT('',(68.688445174253,54.891627445409));
#10476 = CARTESIAN_POINT('',(69.451166852061,56.371005538139));
#10477 = CARTESIAN_POINT('',(70.266459338003,57.838969899612));
#10478 = CARTESIAN_POINT('',(71.123705542597,59.296554919592));
#10479 = CARTESIAN_POINT('',(72.012329725218,60.745206136058));
#10480 = CARTESIAN_POINT('',(72.921526359238,62.187003747196));
#10481 = CARTESIAN_POINT('',(74.720201991758,65.005269277829));
#10482 = CARTESIAN_POINT('',(75.607844656552,66.380227595427));
#10483 = CARTESIAN_POINT('',(76.492696622254,67.754367580188));
#10484 = CARTESIAN_POINT('',(77.362953422168,69.130801109249));
#10485 = CARTESIAN_POINT('',(78.203697636988,70.512160466986));
#10486 = CARTESIAN_POINT('',(78.995695212156,71.901089610205));
#10487 = CARTESIAN_POINT('',(79.713946356608,73.301183110514));
#10488 = CARTESIAN_POINT('',(80.462531160755,75.020980672354));
#10489 = CARTESIAN_POINT('',(80.590042630981,75.325436057389));
#10490 = CARTESIAN_POINT('',(80.712535039845,75.630542734963));
#10491 = CARTESIAN_POINT('',(80.829714367502,75.936309077127));
#10492 = CARTESIAN_POINT('',(80.941282874208,76.242736700658));
#10493 = CARTESIAN_POINT('',(81.046943530967,76.549819928196));
#10494 = CARTESIAN_POINT('',(81.146404450182,76.857545249373));
#10495 = CARTESIAN_POINT('',(81.31891952963,77.429656485684));
#10496 = CARTESIAN_POINT('',(81.39371276785,77.693876437611));
#10497 = CARTESIAN_POINT('',(81.463586314356,77.958534791977));
#10498 = CARTESIAN_POINT('',(81.5283693972,78.223611883314));
#10499 = CARTESIAN_POINT('',(81.58790024701,78.489083707214));
#10500 = CARTESIAN_POINT('',(81.6420291549,78.754921401115));
#10501 = CARTESIAN_POINT('',(81.690621530384,79.02109072508));
#10502 = CARTESIAN_POINT('',(81.756566905768,79.430315046006));
#10503 = CARTESIAN_POINT('',(81.777935442612,79.573070730999));
#10504 = CARTESIAN_POINT('',(81.797653192244,79.715818188079));
#10505 = CARTESIAN_POINT('',(81.815708169595,79.858557045022));
#10506 = CARTESIAN_POINT('',(81.832089782105,80.001286966861));
#10507 = CARTESIAN_POINT('',(81.846788829722,80.144007655885));
#10508 = CARTESIAN_POINT('',(81.859797504905,80.286718851641));
#10509 = CARTESIAN_POINT('',(81.882410727931,80.571988689766));
#10510 = CARTESIAN_POINT('',(81.892022016302,80.714600257099));
#10511 = CARTESIAN_POINT('',(81.899935076953,80.857247518694));
#10512 = CARTESIAN_POINT('',(81.906143125491,80.999922895879));
#10513 = CARTESIAN_POINT('',(81.910640773908,81.142618745545));
#10514 = CARTESIAN_POINT('',(81.913424030587,81.285327360147));
#10515 = CARTESIAN_POINT('',(81.914490300297,81.428040967702));
#10516 = CARTESIAN_POINT('',(81.911368908335,82.111343971455));
#10517 = CARTESIAN_POINT('',(81.88422309228,82.651952195178));
#10518 = CARTESIAN_POINT('',(81.832536087384,83.192063766799));
#10519 = CARTESIAN_POINT('',(81.756732071187,83.731270107342));
#10520 = CARTESIAN_POINT('',(81.65763292979,84.269244275482));
#10521 = CARTESIAN_POINT('',(81.536388286076,84.805718383382));
#10522 = CARTESIAN_POINT('',(81.394348201396,85.340466369282));
#10523 = CARTESIAN_POINT('',(81.139898266912,86.180753280732));
#10524 = CARTESIAN_POINT('',(81.040361484328,86.487590639682));
#10525 = CARTESIAN_POINT('',(80.93466950858,86.793788308347));
#10526 = CARTESIAN_POINT('',(80.823112194742,87.09933323247));
#10527 = CARTESIAN_POINT('',(80.705984745238,87.404220158714));
#10528 = CARTESIAN_POINT('',(80.583583180082,87.708451073059));
#10529 = CARTESIAN_POINT('',(80.456199807119,88.01203463919));
#10530 = CARTESIAN_POINT('',(79.707588376696,89.729105092503));
#10531 = CARTESIAN_POINT('',(78.989593808726,91.127405192134));
#10532 = CARTESIAN_POINT('',(78.198257737342,92.514614223524));
#10533 = CARTESIAN_POINT('',(77.358484144541,93.894313752021));
#10534 = CARTESIAN_POINT('',(76.489267806002,95.269090512798));
#10535 = CARTESIAN_POINT('',(75.605482708314,96.641574718005));
#10536 = CARTESIAN_POINT('',(74.718896193061,98.014870656605));
#10537 = CARTESIAN_POINT('',(73.374380964952,100.12146387279));
#10538 = CARTESIAN_POINT('',(72.911768473277,100.85070161564));
#10539 = CARTESIAN_POINT('',(72.452920549597,101.58130340647));
#10540 = CARTESIAN_POINT('',(71.99933714224,102.31358110791));
#10541 = CARTESIAN_POINT('',(71.552459210016,103.04780429149));
#10542 = CARTESIAN_POINT('',(71.113688184432,103.78421331284));
#10543 = CARTESIAN_POINT('',(70.684401906528,104.52302995837));
#10544 = CARTESIAN_POINT('',(69.857063126265,105.98901321806));
#10545 = CARTESIAN_POINT('',(69.458536741064,106.71603550819));
#10546 = CARTESIAN_POINT('',(69.071668012573,107.44572207505));
#10547 = CARTESIAN_POINT('',(68.697745313548,108.1782156766));
#10548 = CARTESIAN_POINT('',(68.338078859059,108.91362114926));
#10549 = CARTESIAN_POINT('',(67.993999863902,109.65200939259));
#10550 = CARTESIAN_POINT('',(67.666845258033,110.3934164772));
#10551 = CARTESIAN_POINT('',(67.090227737012,111.78293536853));
#10552 = CARTESIAN_POINT('',(66.836224824315,112.43029194001));
#10553 = CARTESIAN_POINT('',(66.596779456979,113.07988702565));
#10554 = CARTESIAN_POINT('',(66.372740321101,113.73167167247));
#10555 = CARTESIAN_POINT('',(66.164922500934,114.38556715516));
#10556 = CARTESIAN_POINT('',(65.974091261258,115.04146255839));
#10557 = CARTESIAN_POINT('',(65.800951665028,115.69921132525));
#10558 = CARTESIAN_POINT('',(65.489256701113,117.02690080857));
#10559 = CARTESIAN_POINT('',(65.35118955126,117.69691618543));
#10560 = CARTESIAN_POINT('',(65.232621941996,118.36845328095));
#10561 = CARTESIAN_POINT('',(65.134138404901,119.04128206526));
#10562 = CARTESIAN_POINT('',(65.056261906377,119.71516044552));
#10563 = CARTESIAN_POINT('',(64.99941155761,120.38982552018));
#10564 = CARTESIAN_POINT('',(64.963819675826,121.06498235666));
#10565 = CARTESIAN_POINT('',(64.945963438561,121.90374583373));
#10566 = CARTESIAN_POINT('',(64.943726838367,122.06720735491));
#10567 = CARTESIAN_POINT('',(64.942729782313,122.23067474283));
#10568 = CARTESIAN_POINT('',(64.942974528822,122.39414363448));
#10569 = CARTESIAN_POINT('',(64.944465594038,122.55760989521));
#10570 = CARTESIAN_POINT('',(64.947206227323,122.72106948238));
#10571 = CARTESIAN_POINT('',(64.951194886769,122.8845183091));
#10572 = CARTESIAN_POINT('',(64.976693204305,123.6818062539));
#10573 = CARTESIAN_POINT('',(65.015638432053,124.31544914692));
#10574 = CARTESIAN_POINT('',(65.073146664554,124.94861008864));
#10575 = CARTESIAN_POINT('',(65.149126236546,125.58104022803));
#10576 = CARTESIAN_POINT('',(65.243229396443,126.21252258109));
#10577 = CARTESIAN_POINT('',(65.35504269546,126.84285556086));
#10578 = CARTESIAN_POINT('',(65.484061218429,127.47184989628));
#10579 = CARTESIAN_POINT('',(65.782537622482,128.7576151676));
#10580 = CARTESIAN_POINT('',(65.953675938498,129.41425629237));
#10581 = CARTESIAN_POINT('',(66.142492259231,130.06906137782));
#10582 = CARTESIAN_POINT('',(66.348281069874,130.72188322658));
#10583 = CARTESIAN_POINT('',(66.570283117077,131.37260963468));
#10584 = CARTESIAN_POINT('',(66.80769472554,132.02116009951));
#10585 = CARTESIAN_POINT('',(67.059680000002,132.66748372518));
#10586 = CARTESIAN_POINT('',(67.631983814124,134.05475563957));
#10587 = CARTESIAN_POINT('',(67.956848058678,134.79495188079));
#10588 = CARTESIAN_POINT('',(68.298679516613,135.53213873016));
#10589 = CARTESIAN_POINT('',(68.656149791046,136.2663498281));
#10590 = CARTESIAN_POINT('',(69.027934030271,136.99765370071));
#10591 = CARTESIAN_POINT('',(69.41272822581,137.72615212797));
#10592 = CARTESIAN_POINT('',(69.809250996178,138.45198395334));
#10593 = CARTESIAN_POINT('',(70.633042435307,139.91616283383));
#10594 = CARTESIAN_POINT('',(71.060807225017,140.6543614754));
#10595 = CARTESIAN_POINT('',(71.498162152055,141.39013755445));
#10596 = CARTESIAN_POINT('',(71.943734223516,142.12370876315));
#10597 = CARTESIAN_POINT('',(72.396126399371,142.85531237751));
#10598 = CARTESIAN_POINT('',(72.853902508481,143.58521597539));
#10599 = CARTESIAN_POINT('',(73.315570208267,144.31372968605));
#10600 = CARTESIAN_POINT('',(74.222171375589,145.73518491548));
#10601 = CARTESIAN_POINT('',(74.666867427277,146.42817472928));
#10602 = CARTESIAN_POINT('',(75.112297384545,147.1205239138));
#10603 = CARTESIAN_POINT('',(75.557011257673,147.81256119422));
#10604 = CARTESIAN_POINT('',(75.999435697303,148.50462118426));
#10605 = CARTESIAN_POINT('',(76.437841179389,149.197060793));
#10606 = CARTESIAN_POINT('',(76.870302503553,149.89028037418));
#10607 = CARTESIAN_POINT('',(77.726322271912,151.29119768105));
#10608 = CARTESIAN_POINT('',(78.149531666431,151.99882920478));
#10609 = CARTESIAN_POINT('',(78.562043706478,152.70820036114));
#10610 = CARTESIAN_POINT('',(78.961268588185,153.41978543863));
#10611 = CARTESIAN_POINT('',(79.344234655482,154.1340021721));
#10612 = CARTESIAN_POINT('',(79.707589112815,154.851239738));
#10613 = CARTESIAN_POINT('',(80.047658708283,155.57187215259));
#10614 = CARTESIAN_POINT('',(80.543827449462,156.72035593438));
#10615 = CARTESIAN_POINT('',(80.717739507621,157.14571708981));
#10616 = CARTESIAN_POINT('',(80.881555178194,157.57236176048));
#10617 = CARTESIAN_POINT('',(81.034469022533,158.00030309566));
#10618 = CARTESIAN_POINT('',(81.175666714941,158.42952834484));
#10619 = CARTESIAN_POINT('',(81.304347764395,158.85999585786));
#10620 = CARTESIAN_POINT('',(81.419755917268,159.29162965081));
#10621 = CARTESIAN_POINT('',(81.617174191555,160.13352002135));
#10622 = CARTESIAN_POINT('',(81.700660547754,160.54368261533));
#10623 = CARTESIAN_POINT('',(81.771098053511,160.95467406955));
#10624 = CARTESIAN_POINT('',(81.827986158061,161.36635836453));
#10625 = CARTESIAN_POINT('',(81.870920781236,161.77858701323));
#10626 = CARTESIAN_POINT('',(81.899627214143,162.19119530365));
#10627 = CARTESIAN_POINT('',(81.913979622882,162.60400330143));
#10628 = CARTESIAN_POINT('',(81.91397962288,163.01682843224));
#10629 = ( GEOMETRIC_REPRESENTATION_CONTEXT(2) 
PARAMETRIC_REPRESENTATION_CONTEXT() REPRESENTATION_CONTEXT('2D SPACE',''
  ) );
#10630 = FACE_BOUND('',#10631,.F.);
#10631 = EDGE_LOOP('',(#10632));
#10632 = ORIENTED_EDGE('',*,*,#8847,.F.);
#10633 = ADVANCED_FACE('',(#10634),#9537,.F.);
#10634 = FACE_BOUND('',#10635,.F.);
#10635 = EDGE_LOOP('',(#10636,#10657,#10658,#10659));
#10636 = ORIENTED_EDGE('',*,*,#10637,.T.);
#10637 = EDGE_CURVE('',#10638,#9379,#10640,.T.);
#10638 = VERTEX_POINT('',#10639);
#10639 = CARTESIAN_POINT('',(31.267107126003,0.,69.763439743918));
#10640 = SEAM_CURVE('',#10641,(#10645,#10651),.PCURVE_S1.);
#10641 = ( BOUNDED_CURVE() B_SPLINE_CURVE(2,(#10642,#10643,#10644),
.UNSPECIFIED.,.F.,.F.) B_SPLINE_CURVE_WITH_KNOTS((3,3),(0.,
175.72456237565),.PIECEWISE_BEZIER_KNOTS.) CURVE() 
GEOMETRIC_REPRESENTATION_ITEM() RATIONAL_B_SPLINE_CURVE((1.,
0.592544524644,1.)) REPRESENTATION_ITEM('') );
#10642 = CARTESIAN_POINT('',(31.267107126003,0.,69.763439743918));
#10643 = CARTESIAN_POINT('',(32.5,-7.022160630754E-15,70.148019915741));
#10644 = CARTESIAN_POINT('',(32.5,-5.510910596163E-15,68.856537532078));
#10645 = PCURVE('',#9537,#10646);
#10646 = DEFINITIONAL_REPRESENTATION('',(#10647),#10650);
#10647 = B_SPLINE_CURVE_WITH_KNOTS('',1,(#10648,#10649),.UNSPECIFIED.,
  .F.,.F.,(2,2),(0.,175.72456237565),.PIECEWISE_BEZIER_KNOTS.);
#10648 = CARTESIAN_POINT('',(0.,-4.282801861133E-15));
#10649 = CARTESIAN_POINT('',(175.72456237565,-4.282801861133E-15));
#10650 = ( GEOMETRIC_REPRESENTATION_CONTEXT(2) 
PARAMETRIC_REPRESENTATION_CONTEXT() REPRESENTATION_CONTEXT('2D SPACE',''
  ) );
#10651 = PCURVE('',#9537,#10652);
#10652 = DEFINITIONAL_REPRESENTATION('',(#10653),#10656);
#10653 = B_SPLINE_CURVE_WITH_KNOTS('',1,(#10654,#10655),.UNSPECIFIED.,
  .F.,.F.,(2,2),(0.,175.72456237565),.PIECEWISE_BEZIER_KNOTS.);
#10654 = CARTESIAN_POINT('',(0.,175.72456237565));
#10655 = CARTESIAN_POINT('',(175.72456237565,175.72456237565));
#10656 = ( GEOMETRIC_REPRESENTATION_CONTEXT(2) 
PARAMETRIC_REPRESENTATION_CONTEXT() REPRESENTATION_CONTEXT('2D SPACE',''
  ) );
#10657 = ORIENTED_EDGE('',*,*,#9403,.T.);
#10658 = ORIENTED_EDGE('',*,*,#10637,.F.);
#10659 = ORIENTED_EDGE('',*,*,#10660,.F.);
#10660 = EDGE_CURVE('',#10638,#10638,#10661,.T.);
#10661 = SURFACE_CURVE('',#10662,(#10717,#10724),.PCURVE_S1.);
#10662 = ( BOUNDED_CURVE() B_SPLINE_CURVE(14,(#10663,#10664,#10665,
    #10666,#10667,#10668,#10669,#10670,#10671,#10672,#10673,#10674,
    #10675,#10676,#10677,#10678,#10679,#10680,#10681,#10682,#10683,
    #10684,#10685,#10686,#10687,#10688,#10689,#10690,#10691,#10692,
    #10693,#10694,#10695,#10696,#10697,#10698,#10699,#10700,#10701,
    #10702,#10703,#10704,#10705,#10706,#10707,#10708,#10709,#10710,
    #10711,#10712,#10713,#10714,#10715,#10716),.UNSPECIFIED.,.T.,.F.) 
B_SPLINE_CURVE_WITH_KNOTS((15,13,13,13,15),(-4.282801861133E-15,
    43.860771440737,87.822296123243,131.73505716646,175.72456237565),
.UNSPECIFIED.) CURVE() GEOMETRIC_REPRESENTATION_ITEM() 
RATIONAL_B_SPLINE_CURVE((1.,1.,1.000000000002,0.999999999995,
    1.00000000001,0.999999999985,1.000000000019,0.99999999998,
    1.000000000017,0.999999999988,1.000000000006,0.999999999997,
    1.000000000001,1.,1.,1.000000000001,0.999999999996,1.000000000009,
    0.999999999987,1.000000000015,0.999999999986,1.000000000011,
    0.999999999993,1.000000000004,0.999999999998,1.,1.,1.,1.000000000001
    ,0.999999999997,1.000000000008,0.999999999987,1.000000000018,
    0.99999999998,1.000000000019,0.999999999986,1.000000000008,
    0.999999999996,1.000000000002,1.,1.,0.999999999998,1.000000000006,
    0.999999999987,1.000000000021,0.999999999973,1.000000000029,
    0.999999999974,1.000000000019,0.999999999989,1.000000000005,
0.999999999998,1.,1.)) REPRESENTATION_ITEM('') );
#10663 = CARTESIAN_POINT('',(31.267107126003,0.,69.763439743918));
#10664 = CARTESIAN_POINT('',(31.267107126004,-2.354700556416,
    69.763439743919));
#10665 = CARTESIAN_POINT('',(30.862385320284,-4.710985232982,
    69.637210736263));
#10666 = CARTESIAN_POINT('',(30.053442968141,-7.036642415023,
    69.384721570998));
#10667 = CARTESIAN_POINT('',(28.839053340648,-9.338224032868,
    69.014028049134));
#10668 = CARTESIAN_POINT('',(27.19852938116,-11.53192841979,
    68.529799490806));
#10669 = CARTESIAN_POINT('',(25.197061367805,-13.55339987007,
    67.98428704045));
#10670 = CARTESIAN_POINT('',(22.84506855978,-15.45209392688,
    67.393085225431));
#10671 = CARTESIAN_POINT('',(20.193774741509,-17.0669301651,
    66.81879458139));
#10672 = CARTESIAN_POINT('',(17.276335645383,-18.53510851855,
    66.265050769901));
#10673 = CARTESIAN_POINT('',(14.093901903784,-19.7024541538,
    65.785858923681));
#10674 = CARTESIAN_POINT('',(10.73349913991,-20.61859023109,
    65.401035230232));
#10675 = CARTESIAN_POINT('',(7.227273811395,-21.23256923047,
    65.136502449134));
#10676 = CARTESIAN_POINT('',(3.654038510976,-21.54364246332,
    65.002735140611));
#10677 = CARTESIAN_POINT('',(-3.50333156209,-21.55623221256,
    64.997318776444));
#10678 = CARTESIAN_POINT('',(-7.087156737426,-21.2564562567,
    65.126283272303));
#10679 = CARTESIAN_POINT('',(-10.60505983573,-20.65096208943,
    65.386904625798));
#10680 = CARTESIAN_POINT('',(-13.9866058319,-19.7473256519,
    65.769142689945));
#10681 = CARTESIAN_POINT('',(-17.17046231075,-18.56927651334,
    66.248500094584));
#10682 = CARTESIAN_POINT('',(-20.11474352471,-17.13808178448,
    66.797738947509));
#10683 = CARTESIAN_POINT('',(-22.77935215918,-15.47974636064,
    67.381289508412));
#10684 = CARTESIAN_POINT('',(-25.13575655403,-13.62085233358,
    67.965419930776));
#10685 = CARTESIAN_POINT('',(-27.16059260165,-11.58024415986,
    68.519912551681));
#10686 = CARTESIAN_POINT('',(-28.80848479745,-9.382783295909,
    69.004633462019));
#10687 = CARTESIAN_POINT('',(-30.03359721455,-7.083734904589,
    69.378637483695));
#10688 = CARTESIAN_POINT('',(-30.85100995695,-4.750232271939,
    69.633662544522));
#10689 = CARTESIAN_POINT('',(-31.26227820338,-2.389996818809,
    69.761933444425));
#10690 = CARTESIAN_POINT('',(-31.2718697106,2.327361077669,
    69.764925350394));
#10691 = CARTESIAN_POINT('',(-30.87107057462,4.684653728488,
    69.639946949766));
#10692 = CARTESIAN_POINT('',(-30.06626809052,7.021700403633,
    69.388426032075));
#10693 = CARTESIAN_POINT('',(-28.84430015922,9.309002746845,
    69.016324893273));
#10694 = CARTESIAN_POINT('',(-27.24355251816,11.517030578342,
    68.540921204724));
#10695 = CARTESIAN_POINT('',(-25.15522722139,13.567759571799,
    67.974108016498));
#10696 = CARTESIAN_POINT('',(-22.92803070964,15.398418304066,
    67.413180648025));
#10697 = CARTESIAN_POINT('',(-20.14693631143,17.107943902341,
    66.806028530302));
#10698 = CARTESIAN_POINT('',(-17.31821658381,18.503122642199,
    66.274761922978));
#10699 = CARTESIAN_POINT('',(-14.085625433,19.714629104989,
    65.782639345137));
#10700 = CARTESIAN_POINT('',(-10.73758028947,20.615901090175,
    65.401634282345));
#10701 = CARTESIAN_POINT('',(-7.223240201205,21.234257677413,
    65.135858783453));
#10702 = CARTESIAN_POINT('',(-3.64599324674,21.544627893757,
    65.002311190467));
#10703 = CARTESIAN_POINT('',(3.517891286148,21.555281505009,
    64.997727788092));
#10704 = CARTESIAN_POINT('',(7.1037134128,21.254274830958,
    65.127253137294));
#10705 = CARTESIAN_POINT('',(10.623856991602,20.64633061638,
    65.388740141945));
#10706 = CARTESIAN_POINT('',(14.005461316507,19.742417985129,
    65.771421984118));
#10707 = CARTESIAN_POINT('',(17.191698278778,18.560047320373,
    66.252033028894));
#10708 = CARTESIAN_POINT('',(20.135710706198,17.126787902311,
    66.801845774898));
#10709 = CARTESIAN_POINT('',(22.798796012057,15.467640426001,
    67.385598800643));
#10710 = CARTESIAN_POINT('',(25.155720941736,13.604586550708,
    67.970459274843));
#10711 = CARTESIAN_POINT('',(27.179492041931,11.560085927695,
    68.525145822143));
#10712 = CARTESIAN_POINT('',(28.82312484132,9.362041814555,
    69.008968050714));
#10713 = CARTESIAN_POINT('',(30.046221848904,7.060219173062,
    69.382478789246));
#10714 = CARTESIAN_POINT('',(30.860085483345,4.724161720112,
    69.636496638891));
#10715 = CARTESIAN_POINT('',(31.267107126,2.361617983147,69.763439743917
    ));
#10716 = CARTESIAN_POINT('',(31.267107126003,0.,69.763439743918));
#10717 = PCURVE('',#9537,#10718);
#10718 = DEFINITIONAL_REPRESENTATION('',(#10719),#10723);
#10719 = LINE('',#10720,#10721);
#10720 = CARTESIAN_POINT('',(0.,0.));
#10721 = VECTOR('',#10722,1.);
#10722 = DIRECTION('',(0.,1.));
#10723 = ( GEOMETRIC_REPRESENTATION_CONTEXT(2) 
PARAMETRIC_REPRESENTATION_CONTEXT() REPRESENTATION_CONTEXT('2D SPACE',''
  ) );
#10724 = PCURVE('',#10725,#10730);
#10725 = CYLINDRICAL_SURFACE('',#10726,105.);
#10726 = AXIS2_PLACEMENT_3D('',#10727,#10728,#10729);
#10727 = CARTESIAN_POINT('',(0.,-120.,170.));
#10728 = DIRECTION('',(0.,1.,0.));
#10729 = DIRECTION('',(0.,-0.,1.));
#10730 = DEFINITIONAL_REPRESENTATION('',(#10731),#10824);
#10731 = B_SPLINE_CURVE_WITH_KNOTS('',11,(#10732,#10733,#10734,#10735,
    #10736,#10737,#10738,#10739,#10740,#10741,#10742,#10743,#10744,
    #10745,#10746,#10747,#10748,#10749,#10750,#10751,#10752,#10753,
    #10754,#10755,#10756,#10757,#10758,#10759,#10760,#10761,#10762,
    #10763,#10764,#10765,#10766,#10767,#10768,#10769,#10770,#10771,
    #10772,#10773,#10774,#10775,#10776,#10777,#10778,#10779,#10780,
    #10781,#10782,#10783,#10784,#10785,#10786,#10787,#10788,#10789,
    #10790,#10791,#10792,#10793,#10794,#10795,#10796,#10797,#10798,
    #10799,#10800,#10801,#10802,#10803,#10804,#10805,#10806,#10807,
    #10808,#10809,#10810,#10811,#10812,#10813,#10814,#10815,#10816,
    #10817,#10818,#10819,#10820,#10821,#10822,#10823),.UNSPECIFIED.,.F.,
  .F.,(12,10,10,10,10,10,10,10,10,12),(-4.282801861133E-15,
    21.965570296956,43.931140593913,65.896710890869,87.862281187825,
    109.82785148478,120.81063663326,131.79342178173,153.75899207869,
    175.72456237565),.UNSPECIFIED.);
#10732 = CARTESIAN_POINT('',(2.839224276662,120.));
#10733 = CARTESIAN_POINT('',(2.839224276662,118.49915012142));
#10734 = CARTESIAN_POINT('',(2.840899839326,116.99763652842));
#10735 = CARTESIAN_POINT('',(2.844248949397,115.50444130229));
#10736 = CARTESIAN_POINT('',(2.849272073834,114.02084416604));
#10737 = CARTESIAN_POINT('',(2.855983837899,112.55933795891));
#10738 = CARTESIAN_POINT('',(2.864340105553,111.13335145355));
#10739 = CARTESIAN_POINT('',(2.874261955751,109.75434982249));
#10740 = CARTESIAN_POINT('',(2.885663037844,108.43305774037));
#10741 = CARTESIAN_POINT('',(2.898440987757,107.17873878099));
#10742 = CARTESIAN_POINT('',(2.912498134519,105.99956676304));
#10743 = CARTESIAN_POINT('',(2.942967413947,103.80651235358));
#10744 = CARTESIAN_POINT('',(2.959379655441,102.79264153982));
#10745 = CARTESIAN_POINT('',(2.976867943532,101.86880996217));
#10746 = CARTESIAN_POINT('',(2.995330859801,101.0421599107));
#10747 = CARTESIAN_POINT('',(3.014660304474,100.31828728515));
#10748 = CARTESIAN_POINT('',(3.034749539308,99.704526195771));
#10749 = CARTESIAN_POINT('',(3.055466517742,99.206675059265));
#10750 = CARTESIAN_POINT('',(3.076664311524,98.828942888586));
#10751 = CARTESIAN_POINT('',(3.098202723987,98.576373275397));
#10752 = CARTESIAN_POINT('',(3.119901638636,98.449957397042));
#10753 = CARTESIAN_POINT('',(3.163299489698,98.450042644615));
#10754 = CARTESIAN_POINT('',(3.184997402229,98.576506715986));
#10755 = CARTESIAN_POINT('',(3.206532596945,98.829293895696));
#10756 = CARTESIAN_POINT('',(3.227736539672,99.206769223799));
#10757 = CARTESIAN_POINT('',(3.248451570243,99.705055293247));
#10758 = CARTESIAN_POINT('',(3.26853662972,100.31890807143));
#10759 = CARTESIAN_POINT('',(3.287866583415,101.04244425192));
#10760 = CARTESIAN_POINT('',(3.306328455138,101.86939725323));
#10761 = CARTESIAN_POINT('',(3.323816574494,102.79321391439));
#10762 = CARTESIAN_POINT('',(3.340228265691,103.80716651741));
#10763 = CARTESIAN_POINT('',(3.370696285634,106.00032355578));
#10764 = CARTESIAN_POINT('',(3.384752655848,107.1795327154));
#10765 = CARTESIAN_POINT('',(3.397530084289,108.43388411098));
#10766 = CARTESIAN_POINT('',(3.408929923981,109.75522512665));
#10767 = CARTESIAN_POINT('',(3.418852616953,111.13434992953));
#10768 = CARTESIAN_POINT('',(3.427207433869,112.56062967101));
#10769 = CARTESIAN_POINT('',(3.433915240113,114.0217657698));
#10770 = CARTESIAN_POINT('',(3.438937075501,115.50452895294));
#10771 = CARTESIAN_POINT('',(3.442286085316,116.99828461254));
#10772 = CARTESIAN_POINT('',(3.443961079961,118.49927122639));
#10773 = CARTESIAN_POINT('',(3.443960980937,121.50081333311));
#10774 = CARTESIAN_POINT('',(3.442286018674,123.0014594289));
#10775 = CARTESIAN_POINT('',(3.438938817348,124.49640115201));
#10776 = CARTESIAN_POINT('',(3.433906679296,125.97821215748));
#10777 = CARTESIAN_POINT('',(3.427215207381,127.43924856337));
#10778 = CARTESIAN_POINT('',(3.418848517151,128.86575632659));
#10779 = CARTESIAN_POINT('',(3.408930323734,130.24485361173));
#10780 = CARTESIAN_POINT('',(3.397529119383,131.56616393506));
#10781 = CARTESIAN_POINT('',(3.384752735448,132.82046681354));
#10782 = CARTESIAN_POINT('',(3.37069655503,133.99965761989));
#10783 = CARTESIAN_POINT('',(3.34784549485,135.64452779686));
#10784 = CARTESIAN_POINT('',(3.339933976816,136.17216547533));
#10785 = CARTESIAN_POINT('',(3.331740643968,136.67821451594));
#10786 = CARTESIAN_POINT('',(3.323278268796,137.16177924759));
#10787 = CARTESIAN_POINT('',(3.314559768193,137.62199548988));
#10788 = CARTESIAN_POINT('',(3.305598280183,138.05802446081));
#10789 = CARTESIAN_POINT('',(3.296407261907,138.46904966662));
#10790 = CARTESIAN_POINT('',(3.287000609396,138.85427680135));
#10791 = CARTESIAN_POINT('',(3.277392798562,139.21293662664));
#10792 = CARTESIAN_POINT('',(3.267599047908,139.54429085771));
#10793 = CARTESIAN_POINT('',(3.247671957284,140.15099121574));
#10794 = CARTESIAN_POINT('',(3.237538616454,140.42633713919));
#10795 = CARTESIAN_POINT('',(3.227251395412,140.67298659357));
#10796 = CARTESIAN_POINT('',(3.216827676714,140.89026997761));
#10797 = CARTESIAN_POINT('',(3.206284190086,141.0776169204));
#10798 = CARTESIAN_POINT('',(3.195640338956,141.23447314152));
#10799 = CARTESIAN_POINT('',(3.184914933056,141.36041257247));
#10800 = CARTESIAN_POINT('',(3.174126437105,141.45514518202));
#10801 = CARTESIAN_POINT('',(3.163296765974,141.51839633963));
#10802 = CARTESIAN_POINT('',(3.152447674834,141.5499848819));
#10803 = CARTESIAN_POINT('',(3.119899340968,141.55003025694));
#10804 = CARTESIAN_POINT('',(3.098201633523,141.42367818502));
#10805 = CARTESIAN_POINT('',(3.076665524945,141.17084182481));
#10806 = CARTESIAN_POINT('',(3.055461936544,140.79352040598));
#10807 = CARTESIAN_POINT('',(3.034746991915,140.29536566544));
#10808 = CARTESIAN_POINT('',(3.014661030492,139.68150336972));
#10809 = CARTESIAN_POINT('',(2.995330401865,138.95798860175));
#10810 = CARTESIAN_POINT('',(2.97686847151,138.13115348075));
#10811 = CARTESIAN_POINT('',(2.959379688091,137.20738054509));
#10812 = CARTESIAN_POINT('',(2.942967436774,136.19348912706));
#10813 = CARTESIAN_POINT('',(2.912498026134,134.00042206253));
#10814 = CARTESIAN_POINT('',(2.898440874823,132.82124898669));
#10815 = CARTESIAN_POINT('',(2.885662557985,131.56691593356));
#10816 = CARTESIAN_POINT('',(2.87426204564,130.24563473236));
#10817 = CARTESIAN_POINT('',(2.864338537676,128.86654888073));
#10818 = CARTESIAN_POINT('',(2.855983400733,127.44040200747));
#10819 = CARTESIAN_POINT('',(2.849274196567,125.97928565819));
#10820 = CARTESIAN_POINT('',(2.844249264329,124.49618342294));
#10821 = CARTESIAN_POINT('',(2.840899432608,123.00208862128));
#10822 = CARTESIAN_POINT('',(2.839224276663,121.50085385154));
#10823 = CARTESIAN_POINT('',(2.839224276662,120.));
#10824 = ( GEOMETRIC_REPRESENTATION_CONTEXT(2) 
PARAMETRIC_REPRESENTATION_CONTEXT() REPRESENTATION_CONTEXT('2D SPACE',''
  ) );
#10825 = ADVANCED_FACE('',(#10826),#10200,.T.);
#10826 = FACE_BOUND('',#10827,.T.);
#10827 = EDGE_LOOP('',(#10828,#10977,#10996,#10997));
#10828 = ORIENTED_EDGE('',*,*,#10829,.F.);
#10829 = EDGE_CURVE('',#10830,#10830,#10832,.T.);
#10830 = VERTEX_POINT('',#10831);
#10831 = CARTESIAN_POINT('',(30.5,-5.021051876504E-15,67.416836106121));
#10832 = SURFACE_CURVE('',#10833,(#10896,#10903),.PCURVE_S1.);
#10833 = ( BOUNDED_CURVE() B_SPLINE_CURVE(13,(#10834,#10835,#10836,
    #10837,#10838,#10839,#10840,#10841,#10842,#10843,#10844,#10845,
    #10846,#10847,#10848,#10849,#10850,#10851,#10852,#10853,#10854,
    #10855,#10856,#10857,#10858,#10859,#10860,#10861,#10862,#10863,
    #10864,#10865,#10866,#10867,#10868,#10869,#10870,#10871,#10872,
    #10873,#10874,#10875,#10876,#10877,#10878,#10879,#10880,#10881,
    #10882,#10883,#10884,#10885,#10886,#10887,#10888,#10889,#10890,
    #10891,#10892,#10893,#10894,#10895),.UNSPECIFIED.,.T.,.F.) 
B_SPLINE_CURVE_WITH_KNOTS((14,12,12,12,12,14),(1.790215668518E-15,
    23.341775621795,40.688750785341,81.488213435478,122.2909895625,
163.01682843224),.UNSPECIFIED.) CURVE() GEOMETRIC_REPRESENTATION_ITEM() 
RATIONAL_B_SPLINE_CURVE((1.,1.,1.000000000002,0.999999999996,
    1.000000000009,0.999999999987,1.000000000015,0.999999999985,
    1.000000000011,0.999999999993,1.000000000003,0.999999999999,1.,1.,
    1.000000000002,0.999999999996,1.000000000008,0.999999999988,
    1.000000000014,0.999999999987,1.00000000001,0.999999999994,
    1.000000000003,0.999999999999,1.,1.,1.000000000001,0.999999999998,
    1.000000000005,0.999999999993,1.000000000008,0.999999999992,
    1.000000000006,0.999999999996,1.000000000002,0.999999999999,1.,1.,1.
    ,0.999999999999,1.000000000002,0.999999999996,1.000000000005,
    0.999999999995,1.000000000004,0.999999999997,1.000000000001,1.,1.,1.
    ,0.999999999999,1.000000000004,0.999999999991,1.000000000013,
    0.999999999984,1.000000000016,0.999999999988,1.000000000008,
0.999999999996,1.000000000001,1.,1.)) REPRESENTATION_ITEM('') );
#10834 = CARTESIAN_POINT('',(30.5,-5.021051876504E-15,67.416836106121));
#10835 = CARTESIAN_POINT('',(30.500000000003,-1.514527341505,
    67.416836106122));
#10836 = CARTESIAN_POINT('',(30.319804555979,-3.029345848262,
    67.35576027171));
#10837 = CARTESIAN_POINT('',(29.958099191278,-4.526667937724,
    67.233222540975));
#10838 = CARTESIAN_POINT('',(29.424783192455,-5.984205709171,
    67.054497505705));
#10839 = CARTESIAN_POINT('',(28.725088857826,-7.397102917601,
    66.825898207691));
#10840 = CARTESIAN_POINT('',(27.876369401223,-8.749952984258,
    66.55858918974));
#10841 = CARTESIAN_POINT('',(26.892386081081,-10.03565888188,
    66.262448959589));
#10842 = CARTESIAN_POINT('',(25.778467630761,-11.25794910778,
    65.94443538008));
#10843 = CARTESIAN_POINT('',(24.543058967092,-12.41284438839,
    65.61251812605));
#10844 = CARTESIAN_POINT('',(23.198313307156,-13.4906063835,
    65.275711145179));
#10845 = CARTESIAN_POINT('',(21.748138411348,-14.49550104911,
    64.939904765756));
#10846 = CARTESIAN_POINT('',(20.202343882209,-15.42035836199,
    64.612654290466));
#10847 = CARTESIAN_POINT('',(17.354004417191,-16.88951459924,
    64.067948890344));
#10848 = CARTESIAN_POINT('',(16.090966320121,-17.47045078082,
    63.843904097339));
#10849 = CARTESIAN_POINT('',(14.782604228929,-18.00466547448,
    63.630658482169));
#10850 = CARTESIAN_POINT('',(13.432329019044,-18.49079395901,
    63.430727440616));
#10851 = CARTESIAN_POINT('',(12.043709003919,-18.92745140658,
    63.24649015952));
#10852 = CARTESIAN_POINT('',(10.620557065395,-19.31327224092,
    63.080155066182));
#10853 = CARTESIAN_POINT('',(9.166986618256,-19.64695147368,
    62.933724489095));
#10854 = CARTESIAN_POINT('',(7.687436406986,-19.9272880184,
    62.808958530036));
#10855 = CARTESIAN_POINT('',(6.18666413613,-20.15322998317,
    62.70733814734));
#10856 = CARTESIAN_POINT('',(4.669708933909,-20.32392194036,
    62.630027450673));
#10857 = CARTESIAN_POINT('',(3.141822648392,-20.43875417538,
    62.577835206918));
#10858 = CARTESIAN_POINT('',(1.608369977525,-20.49741391257,
    62.551175557538));
#10859 = CARTESIAN_POINT('',(-3.53244532151,-20.50587630489,
    62.547328808706));
#10860 = CARTESIAN_POINT('',(-7.140747879118,-20.20107041743,
    62.685840811081));
#10861 = CARTESIAN_POINT('',(-10.68019588056,-19.58654953114,
    62.965637976198));
#10862 = CARTESIAN_POINT('',(-14.08325739023,-18.66532743806,
    63.375652235197));
#10863 = CARTESIAN_POINT('',(-17.27989624817,-17.47264523837,
    63.889924961742));
#10864 = CARTESIAN_POINT('',(-20.24226344959,-15.99064236972,
    64.482947307729));
#10865 = CARTESIAN_POINT('',(-22.89261576093,-14.30600008052,
    65.10445701215));
#10866 = CARTESIAN_POINT('',(-25.26463498008,-12.35071051962,
    65.7454312086));
#10867 = CARTESIAN_POINT('',(-27.23104001111,-10.21046674691,
    66.328077191827));
#10868 = CARTESIAN_POINT('',(-28.8380868096,-7.863606158798,
    66.853907543268));
#10869 = CARTESIAN_POINT('',(-29.94231026918,-5.310650255711,
    67.227817873937));
#10870 = CARTESIAN_POINT('',(-30.49662095855,-2.664607908194,
    67.415690971723));
#10871 = CARTESIAN_POINT('',(-30.50335701059,2.629761514848,
    67.417973774499));
#10872 = CARTESIAN_POINT('',(-29.95596613999,5.277010304092,
    67.232436273377));
#10873 = CARTESIAN_POINT('',(-28.85587400114,7.833535567928,
    66.8597617413));
#10874 = CARTESIAN_POINT('',(-27.25955581185,10.179039757514,
    66.336974567123));
#10875 = CARTESIAN_POINT('',(-25.28477177729,12.331020871024,
    65.750169998193));
#10876 = CARTESIAN_POINT('',(-22.93580865648,14.273170601233,
    65.117102529254));
#10877 = CARTESIAN_POINT('',(-20.26789840194,15.980905817494,
    64.486079024763));
#10878 = CARTESIAN_POINT('',(-17.32523283944,17.447574525152,
    63.900275906407));
#10879 = CARTESIAN_POINT('',(-14.12025453061,18.655589603054,
    63.380023505315));
#10880 = CARTESIAN_POINT('',(-10.72480565073,19.574548786801,
    62.97092561604));
#10881 = CARTESIAN_POINT('',(-7.184217289439,20.194383314085,
    62.688899850723));
#10882 = CARTESIAN_POINT('',(-3.576456965909,20.5024578325,
    62.548882741158));
#10883 = CARTESIAN_POINT('',(3.631754993138,20.497525575769,
    62.551124800959));
#10884 = CARTESIAN_POINT('',(7.231895885553,20.185136960548,
    62.6929603069));
#10885 = CARTESIAN_POINT('',(10.761569487796,19.567179405694,
    62.975201048395));
#10886 = CARTESIAN_POINT('',(14.155793250785,18.63021214586,
    63.387404919242));
#10887 = CARTESIAN_POINT('',(17.336157404613,17.466366909714,
    63.900115690735));
#10888 = CARTESIAN_POINT('',(20.302716238529,15.918086027856,
    64.498130529373));
#10889 = CARTESIAN_POINT('',(22.917066641288,14.328070868867,
    65.109568627082));
#10890 = CARTESIAN_POINT('',(25.313002286743,12.269501057279,
    65.760181142052));
#10891 = CARTESIAN_POINT('',(27.241792092577,10.211012894563,
    66.331371408543));
#10892 = CARTESIAN_POINT('',(28.857287423951,7.824550911316,
    66.860226819492));
#10893 = CARTESIAN_POINT('',(29.950245183947,5.287449407567,
    67.230522332933));
#10894 = CARTESIAN_POINT('',(30.500000000004,2.642489477808,
    67.416836106122));
#10895 = CARTESIAN_POINT('',(30.5,0.,67.416836106121));
#10896 = PCURVE('',#10200,#10897);
#10897 = DEFINITIONAL_REPRESENTATION('',(#10898),#10902);
#10898 = LINE('',#10899,#10900);
#10899 = CARTESIAN_POINT('',(0.,0.));
#10900 = VECTOR('',#10901,1.);
#10901 = DIRECTION('',(0.,1.));
#10902 = ( GEOMETRIC_REPRESENTATION_CONTEXT(2) 
PARAMETRIC_REPRESENTATION_CONTEXT() REPRESENTATION_CONTEXT('2D SPACE',''
  ) );
#10903 = PCURVE('',#10904,#10912);
#10904 = SURFACE_OF_LINEAR_EXTRUSION('',#10905,#10910);
#10905 = ELLIPSE('',#10906,30.5,20.5);
#10906 = AXIS2_PLACEMENT_3D('',#10907,#10908,#10909);
#10907 = CARTESIAN_POINT('',(0.,0.,-150.));
#10908 = DIRECTION('',(0.,0.,1.));
#10909 = DIRECTION('',(1.,0.,0.));
#10910 = VECTOR('',#10911,1.);
#10911 = DIRECTION('',(-0.,-0.,-1.));
#10912 = DEFINITIONAL_REPRESENTATION('',(#10913),#10976);
#10913 = B_SPLINE_CURVE_WITH_KNOTS('',11,(#10914,#10915,#10916,#10917,
    #10918,#10919,#10920,#10921,#10922,#10923,#10924,#10925,#10926,
    #10927,#10928,#10929,#10930,#10931,#10932,#10933,#10934,#10935,
    #10936,#10937,#10938,#10939,#10940,#10941,#10942,#10943,#10944,
    #10945,#10946,#10947,#10948,#10949,#10950,#10951,#10952,#10953,
    #10954,#10955,#10956,#10957,#10958,#10959,#10960,#10961,#10962,
    #10963,#10964,#10965,#10966,#10967,#10968,#10969,#10970,#10971,
    #10972,#10973,#10974,#10975),.UNSPECIFIED.,.F.,.F.,(12,10,10,10,10,
    10,12),(1.790215668518E-15,20.37710355403,40.754207108061,
    81.508414216121,122.26262132418,142.63972487821,163.01682843224),
  .UNSPECIFIED.);
#10914 = CARTESIAN_POINT('',(6.28318530718,-217.4168361061));
#10915 = CARTESIAN_POINT('',(6.206962930454,-217.416836106));
#10916 = CARTESIAN_POINT('',(6.130721233482,-217.350804164));
#10917 = CARTESIAN_POINT('',(6.054897502112,-217.2184609326));
#10918 = CARTESIAN_POINT('',(5.980047949954,-217.0258550516));
#10919 = CARTESIAN_POINT('',(5.905988430295,-216.7817464326));
#10920 = CARTESIAN_POINT('',(5.833072869558,-216.4989237193));
#10921 = CARTESIAN_POINT('',(5.761166527622,-216.1876268595));
#10922 = CARTESIAN_POINT('',(5.689740203198,-215.8556825589));
#10923 = CARTESIAN_POINT('',(5.619020531506,-215.513639913));
#10924 = CARTESIAN_POINT('',(5.548692968936,-215.1693139661));
#10925 = CARTESIAN_POINT('',(5.408667653468,-214.4924940505));
#10926 = CARTESIAN_POINT('',(5.338965578749,-214.1599674084));
#10927 = CARTESIAN_POINT('',(5.269451934069,-213.8414075966));
#10928 = CARTESIAN_POINT('',(5.200010461781,-213.5441730971));
#10929 = CARTESIAN_POINT('',(5.130567858116,-213.2753530875));
#10930 = CARTESIAN_POINT('',(5.061065057482,-213.0414603695));
#10931 = CARTESIAN_POINT('',(4.991461234315,-212.8481108258));
#10932 = CARTESIAN_POINT('',(4.921757031144,-212.6998378896));
#10933 = CARTESIAN_POINT('',(4.851987895097,-212.5999029518));
#10934 = CARTESIAN_POINT('',(4.782179139859,-212.5499885072));
#10935 = CARTESIAN_POINT('',(4.572756045134,-212.5500229946));
#10936 = CARTESIAN_POINT('',(4.433154417637,-212.7500854643));
#10937 = CARTESIAN_POINT('',(4.293760398061,-213.1480485921));
#10938 = CARTESIAN_POINT('',(4.155291531809,-213.7276821973));
#10939 = CARTESIAN_POINT('',(4.016269586562,-214.4114109005));
#10940 = CARTESIAN_POINT('',(3.878940767182,-215.1867603482));
#10941 = CARTESIAN_POINT('',(3.736840968311,-215.9189294332));
#10942 = CARTESIAN_POINT('',(3.595829687349,-216.6217853763));
#10943 = CARTESIAN_POINT('',(3.446450455408,-217.1529632222));
#10944 = CARTESIAN_POINT('',(3.294050330462,-217.4167978809));
#10945 = CARTESIAN_POINT('',(2.989183024653,-217.4168743274));
#10946 = CARTESIAN_POINT('',(2.836778412513,-217.1531209772));
#10947 = CARTESIAN_POINT('',(2.687383001596,-216.6219213724));
#10948 = CARTESIAN_POINT('',(2.546422528561,-215.9192019886));
#10949 = CARTESIAN_POINT('',(2.40424825611,-215.1870244576));
#10950 = CARTESIAN_POINT('',(2.267029079093,-214.4117149099));
#10951 = CARTESIAN_POINT('',(2.127865502442,-213.7277546448));
#10952 = CARTESIAN_POINT('',(1.989515062879,-213.1483441105));
#10953 = CARTESIAN_POINT('',(1.850070580333,-212.7501580308));
#10954 = CARTESIAN_POINT('',(1.71046459891,-212.550065483));
#10955 = CARTESIAN_POINT('',(1.501038692092,-212.5499672715));
#10956 = CARTESIAN_POINT('',(1.431230241496,-212.5998397367));
#10957 = CARTESIAN_POINT('',(1.361459419588,-212.6997667303));
#10958 = CARTESIAN_POINT('',(1.291761412279,-212.8480382275));
#10959 = CARTESIAN_POINT('',(1.222157534346,-213.0413836914));
#10960 = CARTESIAN_POINT('',(1.152646859873,-213.2752432991));
#10961 = CARTESIAN_POINT('',(1.083201096621,-213.5440115879));
#10962 = CARTESIAN_POINT('',(1.013762704161,-213.8412534794));
#10963 = CARTESIAN_POINT('',(0.944246255957,-214.1598927267));
#10964 = CARTESIAN_POINT('',(0.874543045224,-214.4923727445));
#10965 = CARTESIAN_POINT('',(0.734514824166,-215.1692069575));
#10966 = CARTESIAN_POINT('',(0.664190885322,-215.5135177453));
#10967 = CARTESIAN_POINT('',(0.593424859956,-215.8557480772));
#10968 = CARTESIAN_POINT('',(0.522112740686,-216.1872299918));
#10969 = CARTESIAN_POINT('',(0.450032109908,-216.4993091315));
#10970 = CARTESIAN_POINT('',(0.377169875388,-216.7818279508));
#10971 = CARTESIAN_POINT('',(0.303284451132,-217.0252015998));
#10972 = CARTESIAN_POINT('',(0.228225062063,-217.2188616443));
#10973 = CARTESIAN_POINT('',(0.152487768339,-217.3506936925));
#10974 = CARTESIAN_POINT('',(7.622237672457E-02,-217.416836106));
#10975 = CARTESIAN_POINT('',(-1.369813646596E-15,-217.4168361061));
#10976 = ( GEOMETRIC_REPRESENTATION_CONTEXT(2) 
PARAMETRIC_REPRESENTATION_CONTEXT() REPRESENTATION_CONTEXT('2D SPACE',''
  ) );
#10977 = ORIENTED_EDGE('',*,*,#10978,.T.);
#10978 = EDGE_CURVE('',#10830,#9711,#10979,.T.);
#10979 = SEAM_CURVE('',#10980,(#10984,#10990),.PCURVE_S1.);
#10980 = ( BOUNDED_CURVE() B_SPLINE_CURVE(2,(#10981,#10982,#10983),
.UNSPECIFIED.,.F.,.F.) B_SPLINE_CURVE_WITH_KNOTS((3,3),(0.,
163.01682843224),.PIECEWISE_BEZIER_KNOTS.) CURVE() 
GEOMETRIC_REPRESENTATION_ITEM() RATIONAL_B_SPLINE_CURVE((1.,
0.590652804297,1.)) REPRESENTATION_ITEM('') );
#10981 = CARTESIAN_POINT('',(30.5,-5.021051876504E-15,67.416836106121));
#10982 = CARTESIAN_POINT('',(30.5,1.262878690511E-15,66.118984787951));
#10983 = CARTESIAN_POINT('',(31.737145603075,0.,66.51127141896));
#10984 = PCURVE('',#10200,#10985);
#10985 = DEFINITIONAL_REPRESENTATION('',(#10986),#10989);
#10986 = B_SPLINE_CURVE_WITH_KNOTS('',1,(#10987,#10988),.UNSPECIFIED.,
  .F.,.F.,(2,2),(0.,163.01682843224),.PIECEWISE_BEZIER_KNOTS.);
#10987 = CARTESIAN_POINT('',(0.,163.01682843224));
#10988 = CARTESIAN_POINT('',(163.01682843224,163.01682843224));
#10989 = ( GEOMETRIC_REPRESENTATION_CONTEXT(2) 
PARAMETRIC_REPRESENTATION_CONTEXT() REPRESENTATION_CONTEXT('2D SPACE',''
  ) );
#10990 = PCURVE('',#10200,#10991);
#10991 = DEFINITIONAL_REPRESENTATION('',(#10992),#10995);
#10992 = B_SPLINE_CURVE_WITH_KNOTS('',1,(#10993,#10994),.UNSPECIFIED.,
  .F.,.F.,(2,2),(0.,163.01682843224),.PIECEWISE_BEZIER_KNOTS.);
#10993 = CARTESIAN_POINT('',(0.,1.790215668518E-15));
#10994 = CARTESIAN_POINT('',(163.01682843224,1.790215668518E-15));
#10995 = ( GEOMETRIC_REPRESENTATION_CONTEXT(2) 
PARAMETRIC_REPRESENTATION_CONTEXT() REPRESENTATION_CONTEXT('2D SPACE',''
  ) );
#10996 = ORIENTED_EDGE('',*,*,#9710,.T.);
#10997 = ORIENTED_EDGE('',*,*,#10978,.F.);
#10998 = ADVANCED_FACE('',(#10999,#11002),#10725,.F.);
#10999 = FACE_BOUND('',#11000,.F.);
#11000 = EDGE_LOOP('',(#11001));
#11001 = ORIENTED_EDGE('',*,*,#10660,.T.);
#11002 = FACE_BOUND('',#11003,.F.);
#11003 = EDGE_LOOP('',(#11004));
#11004 = ORIENTED_EDGE('',*,*,#11005,.F.);
#11005 = EDGE_CURVE('',#11006,#11006,#11008,.T.);
#11006 = VERTEX_POINT('',#11007);
#11007 = CARTESIAN_POINT('',(31.168003775366,0.,69.732579864351));
#11008 = SURFACE_CURVE('',#11009,(#11072,#11138),.PCURVE_S1.);
#11009 = ( BOUNDED_CURVE() B_SPLINE_CURVE(13,(#11010,#11011,#11012,
    #11013,#11014,#11015,#11016,#11017,#11018,#11019,#11020,#11021,
    #11022,#11023,#11024,#11025,#11026,#11027,#11028,#11029,#11030,
    #11031,#11032,#11033,#11034,#11035,#11036,#11037,#11038,#11039,
    #11040,#11041,#11042,#11043,#11044,#11045,#11046,#11047,#11048,
    #11049,#11050,#11051,#11052,#11053,#11054,#11055,#11056,#11057,
    #11058,#11059,#11060,#11061,#11062,#11063,#11064,#11065,#11066,
    #11067,#11068,#11069,#11070,#11071),.UNSPECIFIED.,.T.,.F.) 
B_SPLINE_CURVE_WITH_KNOTS((14,12,12,12,12,14),(1.790215668525E-15,
    23.341775621862,40.688750785429,81.488213434764,122.29098955881,
163.01682843224),.UNSPECIFIED.) CURVE() GEOMETRIC_REPRESENTATION_ITEM() 
RATIONAL_B_SPLINE_CURVE((1.,1.,1.,1.,0.999999999999,1.000000000002,
    0.999999999997,1.000000000003,0.999999999998,1.000000000001,
    0.999999999999,1.,1.,1.,1.000000000002,0.999999999995,1.000000000011
    ,0.999999999983,1.000000000021,0.99999999998,1.000000000016,
    0.99999999999,1.000000000005,0.999999999998,1.,1.,1.000000000002,
    0.999999999996,1.000000000007,0.999999999989,1.000000000012,
    0.999999999989,1.000000000008,0.999999999995,1.000000000002,
    0.999999999999,1.,1.,1.,1.,1.,1.,1.,1.000000000001,0.999999999999,
    1.000000000001,1.,1.,1.,1.,1.,0.999999999999,1.000000000002,
    0.999999999996,1.000000000004,0.999999999996,1.000000000003,
0.999999999998,1.000000000001,1.,1.,1.)) REPRESENTATION_ITEM('') );
#11010 = CARTESIAN_POINT('',(31.168003775366,0.,69.732579864351));
#11011 = CARTESIAN_POINT('',(31.168003775366,-1.550745648422,
    69.732579864351));
#11012 = CARTESIAN_POINT('',(30.992883456755,-3.101767800193,
    69.678139670597));
#11013 = CARTESIAN_POINT('',(30.641180559018,-4.639255039739,
    69.568832630598));
#11014 = CARTESIAN_POINT('',(30.120794730604,-6.144377291742,
    69.408471798076));
#11015 = CARTESIAN_POINT('',(29.431342946941,-7.614542713529,
    69.199877378701));
#11016 = CARTESIAN_POINT('',(28.585850358495,-9.031023671773,
    68.951165295056));
#11017 = CARTESIAN_POINT('',(27.597229141235,-10.38242149754,
    68.671059608502));
#11018 = CARTESIAN_POINT('',(26.471438198515,-11.67049667626,
    68.366468637778));
#11019 = CARTESIAN_POINT('',(25.216917840865,-12.89012198055,
    68.045220597077));
#11020 = CARTESIAN_POINT('',(23.846029549991,-14.02976021285,
    67.716299263322));
#11021 = CARTESIAN_POINT('',(22.364336798003,-15.0927943642,
    67.386334032086));
#11022 = CARTESIAN_POINT('',(20.781535288998,-16.07174387349,
    67.062972839205));
#11023 = CARTESIAN_POINT('',(17.860679594526,-17.62712374876,
    66.522466719919));
#11024 = CARTESIAN_POINT('',(16.564163353905,-18.24227546967,
    66.299386313776));
#11025 = CARTESIAN_POINT('',(15.220010581866,-18.80799383445,
    66.086433447745));
#11026 = CARTESIAN_POINT('',(13.831867094234,-19.3227843549,
    65.886276934749));
#11027 = CARTESIAN_POINT('',(12.403526964846,-19.78516015719,
    65.701443819526));
#11028 = CARTESIAN_POINT('',(10.939024195647,-20.19367345175,
    65.534280683785));
#11029 = CARTESIAN_POINT('',(9.442692367792,-20.54695099312,
    65.386914725683));
#11030 = CARTESIAN_POINT('',(7.919192273553,-20.84373352749,
    65.261214613573));
#11031 = CARTESIAN_POINT('',(6.373507527337,-21.08291923166,
    65.158751113826));
#11032 = CARTESIAN_POINT('',(4.810908159689,-21.26361113846,
    65.080757493203));
#11033 = CARTESIAN_POINT('',(3.236882188909,-21.38516855402,
    65.028089695113));
#11034 = CARTESIAN_POINT('',(1.657035175814,-21.44726246212,
    65.001186290435));
#11035 = CARTESIAN_POINT('',(-3.639327590284,-21.45622044167,
    64.997304420821));
#11036 = CARTESIAN_POINT('',(-7.35670601222,-21.13374857064,
    65.137045478496));
#11037 = CARTESIAN_POINT('',(-11.00293525217,-20.48197131287,
    65.41962519328));
#11038 = CARTESIAN_POINT('',(-14.50370796615,-19.51117094633,
    65.832094453764));
#11039 = CARTESIAN_POINT('',(-17.796006645,-18.23787123481,
    66.350380431227));
#11040 = CARTESIAN_POINT('',(-20.82764245373,-16.68612185857,
    66.93956344275));
#11041 = CARTESIAN_POINT('',(-23.55872619351,-14.87815054633,
    67.561778059718));
#11042 = CARTESIAN_POINT('',(-25.95518505831,-12.82909244881,
    68.179982736726));
#11043 = CARTESIAN_POINT('',(-27.97349685167,-10.55257325902,
    68.752880577651));
#11044 = CARTESIAN_POINT('',(-29.55186362296,-8.072850911735,
    69.230391558968));
#11045 = CARTESIAN_POINT('',(-30.62596917154,-5.43809232163,
    69.564067880907));
#11046 = CARTESIAN_POINT('',(-31.16471956792,-2.728331322177,
    69.731558972912));
#11047 = CARTESIAN_POINT('',(-31.17126657143,2.692653495426,
    69.733594100092));
#11048 = CARTESIAN_POINT('',(-30.63905289196,5.403540457305,
    69.568124022276));
#11049 = CARTESIAN_POINT('',(-29.57058125702,8.040365249212,
    69.23612251476));
#11050 = CARTESIAN_POINT('',(-27.99821685262,10.522325777807,
    68.759934989998));
#11051 = CARTESIAN_POINT('',(-25.98402977345,12.801512444473,
    68.187737087013));
#11052 = CARTESIAN_POINT('',(-23.59157926427,14.853653787837,
    67.56970657877));
#11053 = CARTESIAN_POINT('',(-20.86456476649,16.664800057825,
    66.947268267119));
#11054 = CARTESIAN_POINT('',(-17.83542945124,18.21971641653,
    66.357444973984));
#11055 = CARTESIAN_POINT('',(-14.54527942297,19.4963685727,
    65.838152870713));
#11056 = CARTESIAN_POINT('',(-11.04768437299,20.470822299454,
    65.424409568289));
#11057 = CARTESIAN_POINT('',(-7.401671750538,21.126399688765,
    65.140222707846));
#11058 = CARTESIAN_POINT('',(-3.684672111914,21.452601730041,
    64.998872558185));
#11059 = CARTESIAN_POINT('',(3.741642427033,21.447380707157,
    65.001135052538));
#11060 = CARTESIAN_POINT('',(7.4508168374,21.116800043496,
    65.144266039094));
#11061 = CARTESIAN_POINT('',(11.085392254186,20.461805169075,
    65.429090701257));
#11062 = CARTESIAN_POINT('',(14.581954428291,19.473496156644,
    65.844261625758));
#11063 = CARTESIAN_POINT('',(17.847459737791,18.230982314369,
    66.360230600272));
#11064 = CARTESIAN_POINT('',(20.896872778276,16.611407802006,
    66.954544400593));
#11065 = CARTESIAN_POINT('',(23.578018961472,14.897487946291,
    67.567429776649));
#11066 = CARTESIAN_POINT('',(26.007173599393,12.747422528403,
    68.19343820548));
#11067 = CARTESIAN_POINT('',(27.983321285414,10.550359924266,
    68.756484327602));
#11068 = CARTESIAN_POINT('',(29.570848598491,8.033035492717,
    69.235914018808));
#11069 = CARTESIAN_POINT('',(30.633673539614,5.414093229946,
    69.566513397822));
#11070 = CARTESIAN_POINT('',(31.168003775365,2.705681797066,
    69.732579864351));
#11071 = CARTESIAN_POINT('',(31.168003775366,0.,69.732579864351));
#11072 = PCURVE('',#10725,#11073);
#11073 = DEFINITIONAL_REPRESENTATION('',(#11074),#11137);
#11074 = B_SPLINE_CURVE_WITH_KNOTS('',11,(#11075,#11076,#11077,#11078,
    #11079,#11080,#11081,#11082,#11083,#11084,#11085,#11086,#11087,
    #11088,#11089,#11090,#11091,#11092,#11093,#11094,#11095,#11096,
    #11097,#11098,#11099,#11100,#11101,#11102,#11103,#11104,#11105,
    #11106,#11107,#11108,#11109,#11110,#11111,#11112,#11113,#11114,
    #11115,#11116,#11117,#11118,#11119,#11120,#11121,#11122,#11123,
    #11124,#11125,#11126,#11127,#11128,#11129,#11130,#11131,#11132,
    #11133,#11134,#11135,#11136),.UNSPECIFIED.,.F.,.F.,(12,10,10,10,10,
    10,12),(1.790215668525E-15,20.37710355403,40.754207108061,
    81.508414216121,122.26262132418,142.63972487821,163.01682843224),
  .UNSPECIFIED.);
#11075 = CARTESIAN_POINT('',(2.840212819057,120.));
#11076 = CARTESIAN_POINT('',(2.840212819057,118.40007435094));
#11077 = CARTESIAN_POINT('',(2.842101064027,116.79974598294));
#11078 = CARTESIAN_POINT('',(2.845889698134,115.21578714896));
#11079 = CARTESIAN_POINT('',(2.851490820243,113.66719672634));
#11080 = CARTESIAN_POINT('',(2.858882247818,112.16025100314));
#11081 = CARTESIAN_POINT('',(2.867884235953,110.71523200442));
#11082 = CARTESIAN_POINT('',(2.878354010553,109.34081721704));
#11083 = CARTESIAN_POINT('',(2.89022617455,108.03485199267));
#11084 = CARTESIAN_POINT('',(2.903342356253,106.81061515814));
#11085 = CARTESIAN_POINT('',(2.917613249589,105.66934516418));
#11086 = CARTESIAN_POINT('',(2.948248361589,103.56332306344));
#11087 = CARTESIAN_POINT('',(2.964613226488,102.59843391414));
#11088 = CARTESIAN_POINT('',(2.981920457044,101.72644365604));
#11089 = CARTESIAN_POINT('',(3.000076746545,100.95076386228));
#11090 = CARTESIAN_POINT('',(3.018971998899,100.27626505453));
#11091 = CARTESIAN_POINT('',(3.038511576809,99.706953679457));
#11092 = CARTESIAN_POINT('',(3.058585104593,99.246613567522));
#11093 = CARTESIAN_POINT('',(3.079061338502,98.898936154069));
#11094 = CARTESIAN_POINT('',(3.099815935582,98.666224819537));
#11095 = CARTESIAN_POINT('',(3.120706890303,98.549974117069));
#11096 = CARTESIAN_POINT('',(3.183379920691,98.550051738778));
#11097 = CARTESIAN_POINT('',(3.225159572614,99.01537960417));
#11098 = CARTESIAN_POINT('',(3.265845304203,99.946136835467));
#11099 = CARTESIAN_POINT('',(3.304308897035,101.32165561318));
#11100 = CARTESIAN_POINT('',(3.339686436687,103.10408436678));
#11101 = CARTESIAN_POINT('',(3.371209127217,105.24846605749));
#11102 = CARTESIAN_POINT('',(3.398365371212,107.72835760013));
#11103 = CARTESIAN_POINT('',(3.420299619125,110.5303125133));
#11104 = CARTESIAN_POINT('',(3.435413031151,113.60047372587));
#11105 = CARTESIAN_POINT('',(3.442971402368,116.79987001732));
#11106 = CARTESIAN_POINT('',(3.442973573734,123.19912338025));
#11107 = CARTESIAN_POINT('',(3.435418523842,126.39858003121));
#11108 = CARTESIAN_POINT('',(3.420298634858,129.46940119893));
#11109 = CARTESIAN_POINT('',(3.398388352346,132.26959191893));
#11110 = CARTESIAN_POINT('',(3.371196028844,134.75201079216));
#11111 = CARTESIAN_POINT('',(3.339726529909,136.89421413079));
#11112 = CARTESIAN_POINT('',(3.304295020747,138.67853132643));
#11113 = CARTESIAN_POINT('',(3.265872635375,140.05305638034));
#11114 = CARTESIAN_POINT('',(3.225170587546,140.98447664502));
#11115 = CARTESIAN_POINT('',(3.183390683504,141.44984610078));
#11116 = CARTESIAN_POINT('',(3.120716539192,141.45007691125));
#11117 = CARTESIAN_POINT('',(3.099825123028,141.33377687392));
#11118 = CARTESIAN_POINT('',(3.079072860269,141.10138683861));
#11119 = CARTESIAN_POINT('',(3.058593377334,140.75352587674));
#11120 = CARTESIAN_POINT('',(3.03852184885,140.29324083117));
#11121 = CARTESIAN_POINT('',(3.018981820513,139.7240694106));
#11122 = CARTESIAN_POINT('',(3.000082888034,139.04954371559));
#11123 = CARTESIAN_POINT('',(2.9819283335,138.27390917469));
#11124 = CARTESIAN_POINT('',(2.964619814817,137.40187958009));
#11125 = CARTESIAN_POINT('',(2.948254233243,136.43703840929));
#11126 = CARTESIAN_POINT('',(2.917617705565,134.33102131352));
#11127 = CARTESIAN_POINT('',(2.903346699642,133.18983594777));
#11128 = CARTESIAN_POINT('',(2.890225594863,131.9647268255));
#11129 = CARTESIAN_POINT('',(2.878364670774,130.66116268462));
#11130 = CARTESIAN_POINT('',(2.867872395212,129.2830456531));
#11131 = CARTESIAN_POINT('',(2.858881060071,127.83918323903));
#11132 = CARTESIAN_POINT('',(2.851510305913,126.33589362297));
#11133 = CARTESIAN_POINT('',(2.845876970159,124.78282484488));
#11134 = CARTESIAN_POINT('',(2.842104697611,123.20079059616));
#11135 = CARTESIAN_POINT('',(2.840212819058,121.59992564905));
#11136 = CARTESIAN_POINT('',(2.840212819057,120.));
#11137 = ( GEOMETRIC_REPRESENTATION_CONTEXT(2) 
PARAMETRIC_REPRESENTATION_CONTEXT() REPRESENTATION_CONTEXT('2D SPACE',''
  ) );
#11138 = PCURVE('',#11139,#11326);
#11139 = ( BOUNDED_SURFACE() B_SPLINE_SURFACE(2,13,(
    (#11140,#11141,#11142,#11143,#11144,#11145,#11146,#11147,#11148
      ,#11149,#11150,#11151,#11152,#11153,#11154,#11155,#11156,#11157
      ,#11158,#11159,#11160,#11161,#11162,#11163,#11164,#11165,#11166
      ,#11167,#11168,#11169,#11170,#11171,#11172,#11173,#11174,#11175
      ,#11176,#11177,#11178,#11179,#11180,#11181,#11182,#11183,#11184
      ,#11185,#11186,#11187,#11188,#11189,#11190,#11191,#11192,#11193
      ,#11194,#11195,#11196,#11197,#11198,#11199,#11200,#11201)
    ,(#11202,#11203,#11204,#11205,#11206,#11207,#11208,#11209,#11210
      ,#11211,#11212,#11213,#11214,#11215,#11216,#11217,#11218,#11219
      ,#11220,#11221,#11222,#11223,#11224,#11225,#11226,#11227,#11228
      ,#11229,#11230,#11231,#11232,#11233,#11234,#11235,#11236,#11237
      ,#11238,#11239,#11240,#11241,#11242,#11243,#11244,#11245,#11246
      ,#11247,#11248,#11249,#11250,#11251,#11252,#11253,#11254,#11255
      ,#11256,#11257,#11258,#11259,#11260,#11261,#11262,#11263)
    ,(#11264,#11265,#11266,#11267,#11268,#11269,#11270,#11271,#11272
      ,#11273,#11274,#11275,#11276,#11277,#11278,#11279,#11280,#11281
      ,#11282,#11283,#11284,#11285,#11286,#11287,#11288,#11289,#11290
      ,#11291,#11292,#11293,#11294,#11295,#11296,#11297,#11298,#11299
      ,#11300,#11301,#11302,#11303,#11304,#11305,#11306,#11307,#11308
      ,#11309,#11310,#11311,#11312,#11313,#11314,#11315,#11316,#11317
      ,#11318,#11319,#11320,#11321,#11322,#11323,#11324,#11325
)),.UNSPECIFIED.,.F.,.T.,.F.) B_SPLINE_SURFACE_WITH_KNOTS((3,3),(14,12,
    12,12,12,14),(0.,163.01682843224),(1.790215668525E-15,
    23.341775621862,40.688750785429,81.488213434764,122.29098955881,
163.01682843224),.UNSPECIFIED.) GEOMETRIC_REPRESENTATION_ITEM() 
RATIONAL_B_SPLINE_SURFACE((
    (1.,1.,1.,1.,0.999999999999,1.000000000002,0.999999999997
      ,1.000000000003,0.999999999998,1.000000000001,0.999999999999,1.,1.
      ,1.,1.000000000002,0.999999999995,1.000000000011,0.999999999983
      ,1.000000000021,0.99999999998,1.000000000016,0.99999999999
      ,1.000000000005,0.999999999998,1.,1.,1.000000000002,0.999999999996
      ,1.000000000007,0.999999999989,1.000000000012,0.999999999989
      ,1.000000000008,0.999999999995,1.000000000002,0.999999999999,1.,1.
      ,1.,1.,1.,1.,1.,1.000000000001,0.999999999999,1.000000000001,1.,1.
      ,1.,1.,1.,0.999999999999,1.000000000002,0.999999999996
      ,1.000000000004,0.999999999996,1.000000000003,0.999999999998
      ,1.000000000001,1.,1.,1.)
    ,(0.805244724042,0.805244724042,0.803621513067,0.800364932631
      ,0.795664278877,0.789778416784,0.783146005172,0.776141513084
      ,0.768985296548,0.761869065699,0.754982603746,0.748398950759
      ,0.74222313363,0.732278023804,0.728298607726,0.724607124202
      ,0.721226321871,0.718175240248,0.715469964716,0.713124177644
      ,0.711149506972,0.709555670564,0.708350418155,0.707539269232
      ,0.707125048119,0.707065273675,0.709221807144,0.71354267612
      ,0.720082145036,0.728403206384,0.738647752454,0.750406087714
      ,0.76309955602,0.776737604346,0.790297271462,0.800220002608
      ,0.805214288568,0.80527496107,0.800340799067,0.790461116816
      ,0.776914131551,0.763268307906,0.750561379318,0.738787514554
      ,0.728522960252,0.720179346455,0.713617565157,0.709270681352
      ,0.70708942056,0.707124259005,0.709326953964,0.713724025563
      ,0.720191401801,0.728715896029,0.738776623989,0.750620616248
      ,0.763367259219,0.776847296454,0.790455398408,0.800292496292
      ,0.805244724042,0.805244724042)
    ,(1.,1.,1.,1.,0.999999999999,1.000000000002,0.999999999997
      ,1.000000000003,0.999999999998,1.000000000001,0.999999999999,1.,1.
      ,1.,1.000000000002,0.999999999995,1.000000000011,0.999999999983
      ,1.000000000021,0.99999999998,1.000000000016,0.99999999999
      ,1.000000000005,0.999999999998,1.,1.,1.000000000002,0.999999999996
      ,1.000000000007,0.999999999989,1.000000000012,0.999999999989
      ,1.000000000008,0.999999999995,1.000000000002,0.999999999999,1.,1.
      ,1.,1.,1.,1.,1.,1.000000000001,0.999999999999,1.000000000001,1.,1.
      ,1.,1.,1.,0.999999999999,1.000000000002,0.999999999996
      ,1.000000000004,0.999999999996,1.000000000003,0.999999999998
,1.000000000001,1.,1.,1.))) REPRESENTATION_ITEM('') SURFACE() );
#11140 = CARTESIAN_POINT('',(31.168003775366,0.,69.732579864351));
#11141 = CARTESIAN_POINT('',(31.168003775366,-1.550745648422,
    69.732579864351));
#11142 = CARTESIAN_POINT('',(30.992883456755,-3.101767800193,
    69.678139670597));
#11143 = CARTESIAN_POINT('',(30.641180559018,-4.639255039739,
    69.568832630598));
#11144 = CARTESIAN_POINT('',(30.120794730604,-6.144377291742,
    69.408471798076));
#11145 = CARTESIAN_POINT('',(29.431342946941,-7.614542713529,
    69.199877378701));
#11146 = CARTESIAN_POINT('',(28.585850358495,-9.031023671773,
    68.951165295056));
#11147 = CARTESIAN_POINT('',(27.597229141235,-10.38242149754,
    68.671059608502));
#11148 = CARTESIAN_POINT('',(26.471438198515,-11.67049667626,
    68.366468637778));
#11149 = CARTESIAN_POINT('',(25.216917840865,-12.89012198055,
    68.045220597077));
#11150 = CARTESIAN_POINT('',(23.846029549991,-14.02976021285,
    67.716299263322));
#11151 = CARTESIAN_POINT('',(22.364336798003,-15.0927943642,
    67.386334032086));
#11152 = CARTESIAN_POINT('',(20.781535288998,-16.07174387349,
    67.062972839205));
#11153 = CARTESIAN_POINT('',(17.860679594526,-17.62712374876,
    66.522466719919));
#11154 = CARTESIAN_POINT('',(16.564163353905,-18.24227546967,
    66.299386313776));
#11155 = CARTESIAN_POINT('',(15.220010581866,-18.80799383445,
    66.086433447745));
#11156 = CARTESIAN_POINT('',(13.831867094234,-19.3227843549,
    65.886276934749));
#11157 = CARTESIAN_POINT('',(12.403526964846,-19.78516015719,
    65.701443819526));
#11158 = CARTESIAN_POINT('',(10.939024195647,-20.19367345175,
    65.534280683785));
#11159 = CARTESIAN_POINT('',(9.442692367792,-20.54695099312,
    65.386914725683));
#11160 = CARTESIAN_POINT('',(7.919192273553,-20.84373352749,
    65.261214613573));
#11161 = CARTESIAN_POINT('',(6.373507527337,-21.08291923166,
    65.158751113826));
#11162 = CARTESIAN_POINT('',(4.810908159689,-21.26361113846,
    65.080757493203));
#11163 = CARTESIAN_POINT('',(3.236882188909,-21.38516855402,
    65.028089695113));
#11164 = CARTESIAN_POINT('',(1.657035175814,-21.44726246212,
    65.001186290435));
#11165 = CARTESIAN_POINT('',(-3.639327590284,-21.45622044167,
    64.997304420821));
#11166 = CARTESIAN_POINT('',(-7.35670601222,-21.13374857064,
    65.137045478496));
#11167 = CARTESIAN_POINT('',(-11.00293525217,-20.48197131287,
    65.41962519328));
#11168 = CARTESIAN_POINT('',(-14.50370796615,-19.51117094633,
    65.832094453764));
#11169 = CARTESIAN_POINT('',(-17.796006645,-18.23787123481,
    66.350380431227));
#11170 = CARTESIAN_POINT('',(-20.82764245373,-16.68612185857,
    66.93956344275));
#11171 = CARTESIAN_POINT('',(-23.55872619351,-14.87815054633,
    67.561778059718));
#11172 = CARTESIAN_POINT('',(-25.95518505831,-12.82909244881,
    68.179982736726));
#11173 = CARTESIAN_POINT('',(-27.97349685167,-10.55257325902,
    68.752880577651));
#11174 = CARTESIAN_POINT('',(-29.55186362296,-8.072850911735,
    69.230391558968));
#11175 = CARTESIAN_POINT('',(-30.62596917154,-5.43809232163,
    69.564067880907));
#11176 = CARTESIAN_POINT('',(-31.16471956792,-2.728331322177,
    69.731558972912));
#11177 = CARTESIAN_POINT('',(-31.17126657143,2.692653495426,
    69.733594100092));
#11178 = CARTESIAN_POINT('',(-30.63905289196,5.403540457305,
    69.568124022276));
#11179 = CARTESIAN_POINT('',(-29.57058125702,8.040365249212,
    69.23612251476));
#11180 = CARTESIAN_POINT('',(-27.99821685262,10.522325777807,
    68.759934989998));
#11181 = CARTESIAN_POINT('',(-25.98402977345,12.801512444473,
    68.187737087013));
#11182 = CARTESIAN_POINT('',(-23.59157926427,14.853653787837,
    67.56970657877));
#11183 = CARTESIAN_POINT('',(-20.86456476649,16.664800057825,
    66.947268267119));
#11184 = CARTESIAN_POINT('',(-17.83542945124,18.21971641653,
    66.357444973984));
#11185 = CARTESIAN_POINT('',(-14.54527942297,19.4963685727,
    65.838152870713));
#11186 = CARTESIAN_POINT('',(-11.04768437299,20.470822299454,
    65.424409568289));
#11187 = CARTESIAN_POINT('',(-7.401671750538,21.126399688765,
    65.140222707846));
#11188 = CARTESIAN_POINT('',(-3.684672111914,21.452601730041,
    64.998872558185));
#11189 = CARTESIAN_POINT('',(3.741642427033,21.447380707157,
    65.001135052538));
#11190 = CARTESIAN_POINT('',(7.4508168374,21.116800043496,
    65.144266039094));
#11191 = CARTESIAN_POINT('',(11.085392254186,20.461805169075,
    65.429090701257));
#11192 = CARTESIAN_POINT('',(14.581954428291,19.473496156644,
    65.844261625758));
#11193 = CARTESIAN_POINT('',(17.847459737791,18.230982314369,
    66.360230600272));
#11194 = CARTESIAN_POINT('',(20.896872778276,16.611407802006,
    66.954544400593));
#11195 = CARTESIAN_POINT('',(23.578018961472,14.897487946291,
    67.567429776649));
#11196 = CARTESIAN_POINT('',(26.007173599393,12.747422528403,
    68.19343820548));
#11197 = CARTESIAN_POINT('',(27.983321285414,10.550359924266,
    68.756484327602));
#11198 = CARTESIAN_POINT('',(29.570848598491,8.033035492717,
    69.235914018808));
#11199 = CARTESIAN_POINT('',(30.633673539614,5.414093229946,
    69.566513397822));
#11200 = CARTESIAN_POINT('',(31.168003775365,2.705681797066,
    69.732579864351));
#11201 = CARTESIAN_POINT('',(31.168003775366,0.,69.732579864351));
#11202 = CARTESIAN_POINT('',(30.5,-2.994132719536E-15,69.524931715387));
#11203 = CARTESIAN_POINT('',(30.499999999999,-1.472610794566,
    69.524931715387));
#11204 = CARTESIAN_POINT('',(30.329343214044,-2.951483501854,
    69.473161544302));
#11205 = CARTESIAN_POINT('',(29.984632877675,-4.422307760738,
    69.368617145972));
#11206 = CARTESIAN_POINT('',(29.472138356481,-5.865444986314,
    69.214484925204));
#11207 = CARTESIAN_POINT('',(28.791843777176,-7.27473976781,
    69.01361220353));
#11208 = CARTESIAN_POINT('',(27.958894238444,-8.630013143187,
    68.774532196452));
#11209 = CARTESIAN_POINT('',(26.987740018543,-9.920353667375,
    68.506126421844));
#11210 = CARTESIAN_POINT('',(25.884585871085,-11.14873949892,
    68.215006192799));
#11211 = CARTESIAN_POINT('',(24.65846937256,-12.31051650286,
    67.908700802885));
#11212 = CARTESIAN_POINT('',(23.322526432144,-13.39436254843,
    67.595906684084));
#11213 = CARTESIAN_POINT('',(21.880369705094,-14.40606299617,
    67.282270349304));
#11214 = CARTESIAN_POINT('',(20.341891027734,-15.33778453548,
    66.975085238269));
#11215 = CARTESIAN_POINT('',(17.487433364007,-16.8284437279,
    66.458316981661));
#11216 = CARTESIAN_POINT('',(16.212088056035,-17.42153762154,
    66.243708951054));
#11217 = CARTESIAN_POINT('',(14.891606842775,-17.96603312981,
    66.039194562586));
#11218 = CARTESIAN_POINT('',(13.52972421582,-18.46072000387,
    65.847294050461));
#11219 = CARTESIAN_POINT('',(12.130176400265,-18.90442841759,
    65.670352553092));
#11220 = CARTESIAN_POINT('',(10.696785882366,-19.29603151883,
    65.510521704612));
#11221 = CARTESIAN_POINT('',(9.233528741778,-19.63445342129,
    65.369738629926));
#11222 = CARTESIAN_POINT('',(7.744581811748,-19.91868425609,
    65.249702316428));
#11223 = CARTESIAN_POINT('',(6.234346434224,-20.14780347896,
    65.151847406953));
#11224 = CARTESIAN_POINT('',(4.707445497652,-20.32101213368,
    65.077315587839));
#11225 = CARTESIAN_POINT('',(3.168690570289,-20.43767422304,
    65.026924914345));
#11226 = CARTESIAN_POINT('',(1.623016271675,-20.49736674957,
    65.001137607995));
#11227 = CARTESIAN_POINT('',(-3.56491418073,-20.505983978,
    64.997414822068));
#11228 = CARTESIAN_POINT('',(-7.18394155868,-20.1963371932,
    65.131087679166));
#11229 = CARTESIAN_POINT('',(-10.71650449648,-19.57899299589,
    65.398457364554));
#11230 = CARTESIAN_POINT('',(-14.10692948523,-18.65771872425,
    65.787526112693));
#11231 = CARTESIAN_POINT('',(-17.29492872745,-17.46446835083,
    66.27331125649));
#11232 = CARTESIAN_POINT('',(-20.25015836267,-15.99996513478,
    66.829724270833));
#11233 = CARTESIAN_POINT('',(-22.92863647124,-14.28410379134,
    67.421313800546));
#11234 = CARTESIAN_POINT('',(-25.29046619322,-12.34169217275,
    68.012164103161));
#11235 = CARTESIAN_POINT('',(-27.30419898788,-10.16562909988,
    68.568270014738));
#11236 = CARTESIAN_POINT('',(-28.89931341591,-7.758676664922,
    69.039624288619));
#11237 = CARTESIAN_POINT('',(-29.96954805895,-5.195852055319,
    69.363997451149));
#11238 = CARTESIAN_POINT('',(-30.49680579438,-2.590954445416,
    69.523962796106));
#11239 = CARTESIAN_POINT('',(-30.50317313901,2.556875789504,
    69.525894244375));
#11240 = CARTESIAN_POINT('',(-29.98241880865,5.162561591364,
    69.367894437528));
#11241 = CARTESIAN_POINT('',(-28.91797962985,7.727662371298,
    69.045192423807));
#11242 = CARTESIAN_POINT('',(-27.32868726828,10.136561571196,
    68.575094121628));
#11243 = CARTESIAN_POINT('',(-25.31883611013,12.315548390692,
    68.019578063131));
#11244 = CARTESIAN_POINT('',(-22.9608840383,14.261047252959,
    67.428857926779));
#11245 = CARTESIAN_POINT('',(-20.28634792777,15.979601267412,
    66.837055166356));
#11246 = CARTESIAN_POINT('',(-17.33331749367,17.447212536131,
    66.279989369436));
#11247 = CARTESIAN_POINT('',(-14.14726796311,18.643916378492,
    65.79322656202));
#11248 = CARTESIAN_POINT('',(-10.76020117673,19.568218510853,
    65.403023186089));
#11249 = CARTESIAN_POINT('',(-7.227710389263,20.189357097011,
    65.134107253347));
#11250 = CARTESIAN_POINT('',(-3.609201967587,20.502502764891,
    64.998918761292));
#11251 = CARTESIAN_POINT('',(3.664825390507,20.497480464309,
    65.001088483994));
#11252 = CARTESIAN_POINT('',(7.275323099608,20.180466609131,
    65.137894312735));
#11253 = CARTESIAN_POINT('',(10.798899556994,19.558367605864,
    65.407856240361));
#11254 = CARTESIAN_POINT('',(14.178532795083,18.624181410874,
    65.797988465596));
#11255 = CARTESIAN_POINT('',(17.353553788695,17.457595493462,
    66.284468070165));
#11256 = CARTESIAN_POINT('',(20.310036334249,15.923047909638,
    66.842212547552));
#11257 = CARTESIAN_POINT('',(22.954522493921,14.313260508618,
    67.428196741106));
#11258 = CARTESIAN_POINT('',(25.338655817693,12.252477629005,
    68.024466901174));
#11259 = CARTESIAN_POINT('',(27.315983972004,10.169354078206,
    68.572231068464));
#11260 = CARTESIAN_POINT('',(28.917728053682,7.718055904108,
    69.044882190495));
#11261 = CARTESIAN_POINT('',(29.97721328261,5.173033761178,
    69.366366798554));
#11262 = CARTESIAN_POINT('',(30.500000000001,2.569355087392,
    69.524931715387));
#11263 = CARTESIAN_POINT('',(30.5,-2.726117942498E-14,69.524931715387));
#11264 = CARTESIAN_POINT('',(30.5,-5.021051876504E-15,68.825398444076));
#11265 = CARTESIAN_POINT('',(30.5,-1.449914053684,68.825398444076));
#11266 = CARTESIAN_POINT('',(30.334869207075,-2.900109615387,
    68.770522448325));
#11267 = CARTESIAN_POINT('',(30.003255342605,-4.339887028445,
    68.660355578727));
#11268 = CARTESIAN_POINT('',(29.511679220027,-5.754125040835,
    68.498705254629));
#11269 = CARTESIAN_POINT('',(28.857492325391,-7.142250887041,
    68.288290883154));
#11270 = CARTESIAN_POINT('',(28.0511461709,-8.48622609216,
    68.037393358887));
#11271 = CARTESIAN_POINT('',(27.103057555371,-9.774618960218,
    67.754781340444));
#11272 = CARTESIAN_POINT('',(26.017620330803,-11.00834965186,
    67.44733317783));
#11273 = CARTESIAN_POINT('',(24.802863601667,-12.18084654137,
    67.123082566872));
#11274 = CARTESIAN_POINT('',(23.47073898999,-13.2796080204,
    66.791210397416));
#11275 = CARTESIAN_POINT('',(22.025750324482,-14.30789939643,
    66.458140997664));
#11276 = CARTESIAN_POINT('',(20.47819662777,-15.25681958659,
    66.131812502657));
#11277 = CARTESIAN_POINT('',(17.615784449394,-16.76750440787,
    65.586336398588));
#11278 = CARTESIAN_POINT('',(16.343256214181,-17.36600084094,
    65.361208385298));
#11279 = CARTESIAN_POINT('',(15.022179783326,-17.91720945385,
    65.146305760869));
#11280 = CARTESIAN_POINT('',(13.656243606988,-18.41942256219,
    64.944321527176));
#11281 = CARTESIAN_POINT('',(12.249304854787,-18.87097598744,
    64.757804766642));
#11282 = CARTESIAN_POINT('',(10.805476307085,-19.2702760501,
    64.589122071819));
#11283 = CARTESIAN_POINT('',(9.329181865309,-19.61583115977,
    64.440418628725));
#11284 = CARTESIAN_POINT('',(7.825180681555,-19.90628800113,
    64.313578953925));
#11285 = CARTESIAN_POINT('',(6.298559905209,-20.14047231809,
    64.210187285102));
#11286 = CARTESIAN_POINT('',(4.754696051101,-20.3174342927,
    64.131487625661));
#11287 = CARTESIAN_POINT('',(3.199184983208,-20.4364985228,
    64.078343442647));
#11288 = CARTESIAN_POINT('',(1.637740519925,-20.49731859465,
    64.05119701869));
#11289 = CARTESIAN_POINT('',(-3.596950951093,-20.50609289305,
    64.047280043262));
#11290 = CARTESIAN_POINT('',(-7.271030856426,-20.19028260127,
    64.188278984904));
#11291 = CARTESIAN_POINT('',(-10.87295848251,-19.55158996125,
    64.473448552178));
#11292 = CARTESIAN_POINT('',(-14.32538670434,-18.60198333031,
    64.889569861577));
#11293 = CARTESIAN_POINT('',(-17.56738715906,-17.35696056187,
    65.412669361352));
#11294 = CARTESIAN_POINT('',(-20.54156078103,-15.84387850045,
    66.007254579082));
#11295 = CARTESIAN_POINT('',(-23.20834466549,-14.08822917976,
    66.635096041709));
#11296 = CARTESIAN_POINT('',(-25.53672437245,-12.10658996695,
    67.259137730333));
#11297 = CARTESIAN_POINT('',(-27.4791438649,-9.918295868485,
    67.837558368921));
#11298 = CARTESIAN_POINT('',(-28.97600630082,-7.5599662082,
    68.319261630738));
#11299 = CARTESIAN_POINT('',(-29.98890874655,-5.084710396549,
    68.655540421737));
#11300 = CARTESIAN_POINT('',(-30.49690274244,-2.55092341312,
    68.824369264289));
#11301 = CARTESIAN_POINT('',(-30.50307706125,2.517559415956,
    68.826420912897));
#11302 = CARTESIAN_POINT('',(-30.00125652251,5.052138536477,
    68.659633497296));
#11303 = CARTESIAN_POINT('',(-28.99371792787,7.529532094588,
    68.32502963769));
#11304 = CARTESIAN_POINT('',(-27.50287267712,9.888961335376,
    67.844688848242));
#11305 = CARTESIAN_POINT('',(-25.5645977246,12.080013165364,
    67.266957165873));
#11306 = CARTESIAN_POINT('',(-23.24037039951,14.064773546141,
    66.643093456428));
#11307 = CARTESIAN_POINT('',(-20.57780206161,15.822913540374,
    66.015048848271));
#11308 = CARTESIAN_POINT('',(-17.60606570398,17.339116845982,
    65.419793776849));
#11309 = CARTESIAN_POINT('',(-14.36622410964,18.58783275665,
    64.895659479404));
#11310 = CARTESIAN_POINT('',(-10.91724782929,19.540458332385,
    64.47830049287));
#11311 = CARTESIAN_POINT('',(-7.315415693981,20.183140170925,
    64.191477832079));
#11312 = CARTESIAN_POINT('',(-3.641767388131,20.502548392794,
    64.048862357784));
#11313 = CARTESIAN_POINT('',(3.698074598972,20.497434404361,
    64.051145321834));
#11314 = CARTESIAN_POINT('',(7.364013856795,20.173642562434,
    64.195569553872));
#11315 = CARTESIAN_POINT('',(10.954209706782,19.531979996066,
    64.482980496578));
#11316 = CARTESIAN_POINT('',(14.402539952913,18.565143034463,
    64.901875275969));
#11317 = CARTESIAN_POINT('',(17.618011786851,17.349447819613,
    65.422622652799));
#11318 = CARTESIAN_POINT('',(20.608568405197,15.773572470432,
    66.022261577745));
#11319 = CARTESIAN_POINT('',(23.228216822397,14.103419489926,
    66.641001692208));
#11320 = CARTESIAN_POINT('',(25.585862154832,12.031361582967,
    67.272518368631));
#11321 = CARTESIAN_POINT('',(27.489034711753,9.914147831231,
    67.841321785534));
#11322 = CARTESIAN_POINT('',(28.993785965107,7.523180873814,
    68.324778098255));
#11323 = CARTESIAN_POINT('',(29.996214044022,5.062005875883,
    68.658017158927));
#11324 = CARTESIAN_POINT('',(30.5,2.529754680499,68.825398444076));
#11325 = CARTESIAN_POINT('',(30.5,0.,68.825398444076));
#11326 = DEFINITIONAL_REPRESENTATION('',(#11327),#11331);
#11327 = LINE('',#11328,#11329);
#11328 = CARTESIAN_POINT('',(0.,0.));
#11329 = VECTOR('',#11330,1.);
#11330 = DIRECTION('',(0.,1.));
#11331 = ( GEOMETRIC_REPRESENTATION_CONTEXT(2) 
PARAMETRIC_REPRESENTATION_CONTEXT() REPRESENTATION_CONTEXT('2D SPACE',''
  ) );
#11332 = ADVANCED_FACE('',(#11333),#10904,.T.);
#11333 = FACE_BOUND('',#11334,.T.);
#11334 = EDGE_LOOP('',(#11335,#11358,#11359,#11360));
#11335 = ORIENTED_EDGE('',*,*,#11336,.F.);
#11336 = EDGE_CURVE('',#10830,#11337,#11339,.T.);
#11337 = VERTEX_POINT('',#11338);
#11338 = CARTESIAN_POINT('',(30.5,-5.021051876504E-15,68.825398444076));
#11339 = SEAM_CURVE('',#11340,(#11344,#11351),.PCURVE_S1.);
#11340 = LINE('',#11341,#11342);
#11341 = CARTESIAN_POINT('',(30.5,0.,-150.));
#11342 = VECTOR('',#11343,1.);
#11343 = DIRECTION('',(0.,0.,1.));
#11344 = PCURVE('',#10904,#11345);
#11345 = DEFINITIONAL_REPRESENTATION('',(#11346),#11350);
#11346 = LINE('',#11347,#11348);
#11347 = CARTESIAN_POINT('',(6.28318530718,0.));
#11348 = VECTOR('',#11349,1.);
#11349 = DIRECTION('',(0.,-1.));
#11350 = ( GEOMETRIC_REPRESENTATION_CONTEXT(2) 
PARAMETRIC_REPRESENTATION_CONTEXT() REPRESENTATION_CONTEXT('2D SPACE',''
  ) );
#11351 = PCURVE('',#10904,#11352);
#11352 = DEFINITIONAL_REPRESENTATION('',(#11353),#11357);
#11353 = LINE('',#11354,#11355);
#11354 = CARTESIAN_POINT('',(0.,0.));
#11355 = VECTOR('',#11356,1.);
#11356 = DIRECTION('',(0.,-1.));
#11357 = ( GEOMETRIC_REPRESENTATION_CONTEXT(2) 
PARAMETRIC_REPRESENTATION_CONTEXT() REPRESENTATION_CONTEXT('2D SPACE',''
  ) );
#11358 = ORIENTED_EDGE('',*,*,#10829,.T.);
#11359 = ORIENTED_EDGE('',*,*,#11336,.T.);
#11360 = ORIENTED_EDGE('',*,*,#11361,.F.);
#11361 = EDGE_CURVE('',#11337,#11337,#11362,.T.);
#11362 = SURFACE_CURVE('',#11363,(#11426,#11492),.PCURVE_S1.);
#11363 = ( BOUNDED_CURVE() B_SPLINE_CURVE(13,(#11364,#11365,#11366,
    #11367,#11368,#11369,#11370,#11371,#11372,#11373,#11374,#11375,
    #11376,#11377,#11378,#11379,#11380,#11381,#11382,#11383,#11384,
    #11385,#11386,#11387,#11388,#11389,#11390,#11391,#11392,#11393,
    #11394,#11395,#11396,#11397,#11398,#11399,#11400,#11401,#11402,
    #11403,#11404,#11405,#11406,#11407,#11408,#11409,#11410,#11411,
    #11412,#11413,#11414,#11415,#11416,#11417,#11418,#11419,#11420,
    #11421,#11422,#11423,#11424,#11425),.UNSPECIFIED.,.T.,.F.) 
B_SPLINE_CURVE_WITH_KNOTS((14,12,12,12,12,14),(1.790215668525E-15,
    23.341775621862,40.688750785429,81.488213434764,122.29098955881,
163.01682843224),.UNSPECIFIED.) CURVE() GEOMETRIC_REPRESENTATION_ITEM() 
RATIONAL_B_SPLINE_CURVE((1.,1.,1.,1.,0.999999999999,1.000000000002,
    0.999999999997,1.000000000003,0.999999999998,1.000000000001,
    0.999999999999,1.,1.,1.,1.000000000002,0.999999999995,1.000000000011
    ,0.999999999983,1.000000000021,0.99999999998,1.000000000016,
    0.99999999999,1.000000000005,0.999999999998,1.,1.,1.000000000002,
    0.999999999996,1.000000000007,0.999999999989,1.000000000012,
    0.999999999989,1.000000000008,0.999999999995,1.000000000002,
    0.999999999999,1.,1.,1.,1.,1.,1.,1.,1.000000000001,0.999999999999,
    1.000000000001,1.,1.,1.,1.,1.,0.999999999999,1.000000000002,
    0.999999999996,1.000000000004,0.999999999996,1.000000000003,
0.999999999998,1.000000000001,1.,1.,1.)) REPRESENTATION_ITEM('') );
#11364 = CARTESIAN_POINT('',(30.5,-5.021051876504E-15,68.825398444076));
#11365 = CARTESIAN_POINT('',(30.5,-1.449914053684,68.825398444076));
#11366 = CARTESIAN_POINT('',(30.334869207075,-2.900109615387,
    68.770522448325));
#11367 = CARTESIAN_POINT('',(30.003255342605,-4.339887028445,
    68.660355578727));
#11368 = CARTESIAN_POINT('',(29.511679220027,-5.754125040835,
    68.498705254629));
#11369 = CARTESIAN_POINT('',(28.857492325391,-7.142250887041,
    68.288290883154));
#11370 = CARTESIAN_POINT('',(28.0511461709,-8.48622609216,
    68.037393358887));
#11371 = CARTESIAN_POINT('',(27.103057555371,-9.774618960218,
    67.754781340444));
#11372 = CARTESIAN_POINT('',(26.017620330803,-11.00834965186,
    67.44733317783));
#11373 = CARTESIAN_POINT('',(24.802863601667,-12.18084654137,
    67.123082566872));
#11374 = CARTESIAN_POINT('',(23.47073898999,-13.2796080204,
    66.791210397416));
#11375 = CARTESIAN_POINT('',(22.025750324482,-14.30789939643,
    66.458140997664));
#11376 = CARTESIAN_POINT('',(20.47819662777,-15.25681958659,
    66.131812502657));
#11377 = CARTESIAN_POINT('',(17.615784449394,-16.76750440787,
    65.586336398588));
#11378 = CARTESIAN_POINT('',(16.343256214181,-17.36600084094,
    65.361208385298));
#11379 = CARTESIAN_POINT('',(15.022179783326,-17.91720945385,
    65.146305760869));
#11380 = CARTESIAN_POINT('',(13.656243606988,-18.41942256219,
    64.944321527176));
#11381 = CARTESIAN_POINT('',(12.249304854787,-18.87097598744,
    64.757804766642));
#11382 = CARTESIAN_POINT('',(10.805476307085,-19.2702760501,
    64.589122071819));
#11383 = CARTESIAN_POINT('',(9.329181865309,-19.61583115977,
    64.440418628725));
#11384 = CARTESIAN_POINT('',(7.825180681555,-19.90628800113,
    64.313578953925));
#11385 = CARTESIAN_POINT('',(6.298559905209,-20.14047231809,
    64.210187285102));
#11386 = CARTESIAN_POINT('',(4.754696051101,-20.3174342927,
    64.131487625661));
#11387 = CARTESIAN_POINT('',(3.199184983208,-20.4364985228,
    64.078343442647));
#11388 = CARTESIAN_POINT('',(1.637740519925,-20.49731859465,
    64.05119701869));
#11389 = CARTESIAN_POINT('',(-3.596950951093,-20.50609289305,
    64.047280043262));
#11390 = CARTESIAN_POINT('',(-7.271030856426,-20.19028260127,
    64.188278984904));
#11391 = CARTESIAN_POINT('',(-10.87295848251,-19.55158996125,
    64.473448552178));
#11392 = CARTESIAN_POINT('',(-14.32538670434,-18.60198333031,
    64.889569861577));
#11393 = CARTESIAN_POINT('',(-17.56738715906,-17.35696056187,
    65.412669361352));
#11394 = CARTESIAN_POINT('',(-20.54156078103,-15.84387850045,
    66.007254579082));
#11395 = CARTESIAN_POINT('',(-23.20834466549,-14.08822917976,
    66.635096041709));
#11396 = CARTESIAN_POINT('',(-25.53672437245,-12.10658996695,
    67.259137730333));
#11397 = CARTESIAN_POINT('',(-27.4791438649,-9.918295868485,
    67.837558368921));
#11398 = CARTESIAN_POINT('',(-28.97600630082,-7.5599662082,
    68.319261630738));
#11399 = CARTESIAN_POINT('',(-29.98890874655,-5.084710396549,
    68.655540421737));
#11400 = CARTESIAN_POINT('',(-30.49690274244,-2.55092341312,
    68.824369264289));
#11401 = CARTESIAN_POINT('',(-30.50307706125,2.517559415956,
    68.826420912897));
#11402 = CARTESIAN_POINT('',(-30.00125652251,5.052138536477,
    68.659633497296));
#11403 = CARTESIAN_POINT('',(-28.99371792787,7.529532094588,
    68.32502963769));
#11404 = CARTESIAN_POINT('',(-27.50287267712,9.888961335376,
    67.844688848242));
#11405 = CARTESIAN_POINT('',(-25.5645977246,12.080013165364,
    67.266957165873));
#11406 = CARTESIAN_POINT('',(-23.24037039951,14.064773546141,
    66.643093456428));
#11407 = CARTESIAN_POINT('',(-20.57780206161,15.822913540374,
    66.015048848271));
#11408 = CARTESIAN_POINT('',(-17.60606570398,17.339116845982,
    65.419793776849));
#11409 = CARTESIAN_POINT('',(-14.36622410964,18.58783275665,
    64.895659479404));
#11410 = CARTESIAN_POINT('',(-10.91724782929,19.540458332385,
    64.47830049287));
#11411 = CARTESIAN_POINT('',(-7.315415693981,20.183140170925,
    64.191477832079));
#11412 = CARTESIAN_POINT('',(-3.641767388131,20.502548392794,
    64.048862357784));
#11413 = CARTESIAN_POINT('',(3.698074598972,20.497434404361,
    64.051145321834));
#11414 = CARTESIAN_POINT('',(7.364013856795,20.173642562434,
    64.195569553872));
#11415 = CARTESIAN_POINT('',(10.954209706782,19.531979996066,
    64.482980496578));
#11416 = CARTESIAN_POINT('',(14.402539952913,18.565143034463,
    64.901875275969));
#11417 = CARTESIAN_POINT('',(17.618011786851,17.349447819613,
    65.422622652799));
#11418 = CARTESIAN_POINT('',(20.608568405197,15.773572470432,
    66.022261577745));
#11419 = CARTESIAN_POINT('',(23.228216822397,14.103419489926,
    66.641001692208));
#11420 = CARTESIAN_POINT('',(25.585862154832,12.031361582967,
    67.272518368631));
#11421 = CARTESIAN_POINT('',(27.489034711753,9.914147831231,
    67.841321785534));
#11422 = CARTESIAN_POINT('',(28.993785965107,7.523180873814,
    68.324778098255));
#11423 = CARTESIAN_POINT('',(29.996214044022,5.062005875883,
    68.658017158927));
#11424 = CARTESIAN_POINT('',(30.5,2.529754680499,68.825398444076));
#11425 = CARTESIAN_POINT('',(30.5,0.,68.825398444076));
#11426 = PCURVE('',#10904,#11427);
#11427 = DEFINITIONAL_REPRESENTATION('',(#11428),#11491);
#11428 = B_SPLINE_CURVE_WITH_KNOTS('',11,(#11429,#11430,#11431,#11432,
    #11433,#11434,#11435,#11436,#11437,#11438,#11439,#11440,#11441,
    #11442,#11443,#11444,#11445,#11446,#11447,#11448,#11449,#11450,
    #11451,#11452,#11453,#11454,#11455,#11456,#11457,#11458,#11459,
    #11460,#11461,#11462,#11463,#11464,#11465,#11466,#11467,#11468,
    #11469,#11470,#11471,#11472,#11473,#11474,#11475,#11476,#11477,
    #11478,#11479,#11480,#11481,#11482,#11483,#11484,#11485,#11486,
    #11487,#11488,#11489,#11490),.UNSPECIFIED.,.F.,.F.,(12,10,10,10,10,
    10,12),(1.790215668525E-15,20.37710355403,40.754207108061,
    81.508414216121,122.26262132418,142.63972487821,163.01682843224),
  .UNSPECIFIED.);
#11429 = CARTESIAN_POINT('',(6.28318530718,-218.825398444));
#11430 = CARTESIAN_POINT('',(6.210214755781,-218.825398444));
#11431 = CARTESIAN_POINT('',(6.13722507134,-218.7660678639));
#11432 = CARTESIAN_POINT('',(6.06433119826,-218.6470913571));
#11433 = CARTESIAN_POINT('',(5.991743353908,-218.4726800194));
#11434 = CARTESIAN_POINT('',(5.919144647332,-218.2469623026));
#11435 = CARTESIAN_POINT('',(5.847036961613,-217.9801496328));
#11436 = CARTESIAN_POINT('',(5.775450043,-217.6818935339));
#11437 = CARTESIAN_POINT('',(5.703940486143,-217.3598283553));
#11438 = CARTESIAN_POINT('',(5.632853148012,-217.0246525767));
#11439 = CARTESIAN_POINT('',(5.561937979456,-216.6846209015));
#11440 = CARTESIAN_POINT('',(5.420403701915,-216.0121344195));
#11441 = CARTESIAN_POINT('',(5.349775000596,-215.6796560466));
#11442 = CARTESIAN_POINT('',(5.279260235555,-215.3594606734));
#11443 = CARTESIAN_POINT('',(5.208632475665,-215.0595717251));
#11444 = CARTESIAN_POINT('',(5.138141059694,-214.7873305279));
#11445 = CARTESIAN_POINT('',(5.067320985984,-214.550063338));
#11446 = CARTESIAN_POINT('',(4.996556054943,-214.3534532796));
#11447 = CARTESIAN_POINT('',(4.925568075281,-214.2025764786));
#11448 = CARTESIAN_POINT('',(4.854537626617,-214.1008137115));
#11449 = CARTESIAN_POINT('',(4.783453566077,-214.0499887295));
#11450 = CARTESIAN_POINT('',(4.570206251902,-214.0500225263));
#11451 = CARTESIAN_POINT('',(4.428053089375,-214.2534636479));
#11452 = CARTESIAN_POINT('',(4.286187369412,-214.6606517498));
#11453 = CARTESIAN_POINT('',(4.145208781603,-215.2427069197));
#11454 = CARTESIAN_POINT('',(4.004380877561,-215.9489170238));
#11455 = CARTESIAN_POINT('',(3.864201370173,-216.7027487071));
#11456 = CARTESIAN_POINT('',(3.722358411533,-217.4489179902));
#11457 = CARTESIAN_POINT('',(3.578686201418,-218.1133869201));
#11458 = CARTESIAN_POINT('',(3.433473393124,-218.5878783414));
#11459 = CARTESIAN_POINT('',(3.287545974149,-218.8253643421));
#11460 = CARTESIAN_POINT('',(2.995685542163,-218.8254325402));
#11461 = CARTESIAN_POINT('',(2.849763673347,-218.5880396722));
#11462 = CARTESIAN_POINT('',(2.704485651549,-218.1134367484));
#11463 = CARTESIAN_POINT('',(2.560988937677,-217.4493303694));
#11464 = CARTESIAN_POINT('',(2.418881168479,-216.7028356967));
#11465 = CARTESIAN_POINT('',(2.279009951724,-215.9493581668));
#11466 = CARTESIAN_POINT('',(2.137896119109,-215.2427163357));
#11467 = CARTESIAN_POINT('',(1.99711005957,-214.6609728427));
#11468 = CARTESIAN_POINT('',(1.855167024322,-214.2535313175));
#11469 = CARTESIAN_POINT('',(1.713015798534,-214.0500670955));
#11470 = CARTESIAN_POINT('',(1.499764504333,-214.0499664678));
#11471 = CARTESIAN_POINT('',(1.428678659796,-214.1007978513));
#11472 = CARTESIAN_POINT('',(1.357650064473,-214.2024938819));
#11473 = CARTESIAN_POINT('',(1.286687953785,-214.3533438335));
#11474 = CARTESIAN_POINT('',(1.215846836225,-214.5499233613));
#11475 = CARTESIAN_POINT('',(1.145141326572,-214.7873060331));
#11476 = CARTESIAN_POINT('',(1.074532319352,-215.059407425));
#11477 = CARTESIAN_POINT('',(1.003975801807,-215.3593225357));
#11478 = CARTESIAN_POINT('',(0.933432149226,-215.6795393759));
#11479 = CARTESIAN_POINT('',(0.862807406935,-216.0120128141));
#11480 = CARTESIAN_POINT('',(0.721270278315,-216.6845135602));
#11481 = CARTESIAN_POINT('',(0.650357776861,-217.0245396682));
#11482 = CARTESIAN_POINT('',(0.579222834635,-217.359874864));
#11483 = CARTESIAN_POINT('',(0.507833396066,-217.6815533604));
#11484 = CARTESIAN_POINT('',(0.436064260759,-217.9804847497));
#11485 = CARTESIAN_POINT('',(0.364012410242,-218.2470237176));
#11486 = CARTESIAN_POINT('',(0.291594744692,-218.4721074283));
#11487 = CARTESIAN_POINT('',(0.218786133638,-218.6474389513));
#11488 = CARTESIAN_POINT('',(0.145984798616,-218.7659730064));
#11489 = CARTESIAN_POINT('',(7.297055139853E-02,-218.825398444));
#11490 = CARTESIAN_POINT('',(-1.609823385706E-15,-218.825398444));
#11491 = ( GEOMETRIC_REPRESENTATION_CONTEXT(2) 
PARAMETRIC_REPRESENTATION_CONTEXT() REPRESENTATION_CONTEXT('2D SPACE',''
  ) );
#11492 = PCURVE('',#11139,#11493);
#11493 = DEFINITIONAL_REPRESENTATION('',(#11494),#11498);
#11494 = LINE('',#11495,#11496);
#11495 = CARTESIAN_POINT('',(163.01682843224,0.));
#11496 = VECTOR('',#11497,1.);
#11497 = DIRECTION('',(0.,1.));
#11498 = ( GEOMETRIC_REPRESENTATION_CONTEXT(2) 
PARAMETRIC_REPRESENTATION_CONTEXT() REPRESENTATION_CONTEXT('2D SPACE',''
  ) );
#11499 = ADVANCED_FACE('',(#11500),#11139,.T.);
#11500 = FACE_BOUND('',#11501,.T.);
#11501 = EDGE_LOOP('',(#11502,#11521,#11522,#11523));
#11502 = ORIENTED_EDGE('',*,*,#11503,.T.);
#11503 = EDGE_CURVE('',#11006,#11337,#11504,.T.);
#11504 = SEAM_CURVE('',#11505,(#11509,#11515),.PCURVE_S1.);
#11505 = ( BOUNDED_CURVE() B_SPLINE_CURVE(2,(#11506,#11507,#11508),
.UNSPECIFIED.,.F.,.F.) B_SPLINE_CURVE_WITH_KNOTS((3,3),(0.,
163.01682843224),.PIECEWISE_BEZIER_KNOTS.) CURVE() 
GEOMETRIC_REPRESENTATION_ITEM() RATIONAL_B_SPLINE_CURVE((1.,
0.805244724042,1.)) REPRESENTATION_ITEM('') );
#11506 = CARTESIAN_POINT('',(31.168003775366,0.,69.732579864351));
#11507 = CARTESIAN_POINT('',(30.5,-2.994132719536E-15,69.524931715387));
#11508 = CARTESIAN_POINT('',(30.5,-5.021051876504E-15,68.825398444076));
#11509 = PCURVE('',#11139,#11510);
#11510 = DEFINITIONAL_REPRESENTATION('',(#11511),#11514);
#11511 = B_SPLINE_CURVE_WITH_KNOTS('',1,(#11512,#11513),.UNSPECIFIED.,
  .F.,.F.,(2,2),(0.,163.01682843224),.PIECEWISE_BEZIER_KNOTS.);
#11512 = CARTESIAN_POINT('',(0.,1.790215668525E-15));
#11513 = CARTESIAN_POINT('',(163.01682843224,1.790215668525E-15));
#11514 = ( GEOMETRIC_REPRESENTATION_CONTEXT(2) 
PARAMETRIC_REPRESENTATION_CONTEXT() REPRESENTATION_CONTEXT('2D SPACE',''
  ) );
#11515 = PCURVE('',#11139,#11516);
#11516 = DEFINITIONAL_REPRESENTATION('',(#11517),#11520);
#11517 = B_SPLINE_CURVE_WITH_KNOTS('',1,(#11518,#11519),.UNSPECIFIED.,
  .F.,.F.,(2,2),(0.,163.01682843224),.PIECEWISE_BEZIER_KNOTS.);
#11518 = CARTESIAN_POINT('',(0.,163.01682843224));
#11519 = CARTESIAN_POINT('',(163.01682843224,163.01682843224));
#11520 = ( GEOMETRIC_REPRESENTATION_CONTEXT(2) 
PARAMETRIC_REPRESENTATION_CONTEXT() REPRESENTATION_CONTEXT('2D SPACE',''
  ) );
#11521 = ORIENTED_EDGE('',*,*,#11361,.T.);
#11522 = ORIENTED_EDGE('',*,*,#11503,.F.);
#11523 = ORIENTED_EDGE('',*,*,#11005,.F.);
#11524 = ( GEOMETRIC_REPRESENTATION_CONTEXT(3) 
GLOBAL_UNCERTAINTY_ASSIGNED_CONTEXT((#11528)) 
GLOBAL_UNIT_ASSIGNED_CONTEXT((#11525,#11526,#11527)) 
REPRESENTATION_CONTEXT('Context #1',
  '3D Context with UNIT and UNCERTAINTY') );
#11525 = ( LENGTH_UNIT() NAMED_UNIT(*) SI_UNIT(.MILLI.,.METRE.) );
#11526 = ( NAMED_UNIT(*) PLANE_ANGLE_UNIT() SI_UNIT($,.RADIAN.) );
#11527 = ( NAMED_UNIT(*) SI_UNIT($,.STERADIAN.) SOLID_ANGLE_UNIT() );
#11528 = UNCERTAINTY_MEASURE_WITH_UNIT(LENGTH_MEASURE(1.E-05),#11525,
  'distance_accuracy_value','confusion accuracy');
#11529 = PRODUCT_RELATED_PRODUCT_CATEGORY('part',$,(#7));
ENDSEC;
END-ISO-10303-21;
